ticker,date,prior_date,one_day,two_day,suspect_split,move_ratio_1d,move_ratio_2d,run_end_date,run_end_close,day_volume_raw,prior_close_adj,prior_close_raw,price_bucket,prior_dollar_vol,ret5,ret20,relvol,first_seen,day_open,day_high,day_close,ret_day,gap_open,close_vs_high,high_vs_prior,day_dollar_vol,fwd1,fwd1_note,fwd5,fwd5_note,fwd20,fwd20_note,nextopen,fwd5_from_nextopen,fwd20_from_nextopen,cik,sec_found,name,sic,sic_desc,sector,crypto_name,hq,hq_desc,inc,hq_us,hq_china_hk,offering_prior90,shelf_S3F3_prior90,S1F1_prior90,424B_prior90,files_20F_6K,listing_filing_365d,first_filing_date,8k_dayof,8k_items,6k_dayof,8k_or_6k_dayof,dayof_accessions,dayof_primarydocs,dilution_filing_10d_after,dilution_forms_after,offering_dayof,form4_prior90,shares_out,shares_asof,catalyst,headline,shares_adj,mktcap_prior,young_listing,rs90,rs90_ratio,new_in_sample
ABAT,2024-12-23,2024-12-20,False,True,False,1.6036036036036034,2.3423423423423424,2024-12-24,2.6,38855735.0,1.11,1.11,1-3,7761498.510000001,0.1724939262702018,0.4605263157894739,2.6003031406946784,2024-10-01,1.57,1.83,1.78,0.6036036036036034,0.4144144144144144,0.9726775956284152,0.6486486486486485,69163208.3,0.2076923076923076,,-0.1807692307692308,,-0.4923076923076923,,2.835,-0.2486772486772487,-0.5343915343915344,1576873.0,True,AMERICAN BATTERY TECHNOLOGY Co,1400.0,Mining & Quarrying of  Nonmetallic Minerals (No Fuels),mining/energy,True,NV,NV,NV,True,False,True,False,True,True,False,False,2013-05-22,True,1.01;7.01;9.01,False,True,0001493152-24-051212,form8-k.htm,True,424B5,True,True,74521669.0,2024-11-08,listing compliance / reverse split / financing,"7 ex99-1.htm Exhibit 99.1 American Battery Technology Company Announces Pricing of $5M Registered Direct Offering Reno, Nev., December 20, 2024 — American Battery Technology Company (NASDAQ: ABAT), an integrated critical",74521669.0,82719052.59,False,False,,
ABLV,2025-03-07,2025-03-06,True,False,False,2.385535429314117,1.905686348704956,2025-03-07,1.74,5135235.0,0.729396,0.729396,<1,12932.920476,0.0570956521739132,-0.3246333333333333,0.1627818052705096,2024-10-01,0.68,1.74,1.74,1.385535429314117,-0.0677217862450575,1.0,1.385535429314117,8935308.9,-0.2011494252873563,,-0.4137931034482758,,-0.4939080459770114,,1.38,-0.2608695652173912,-0.3618840579710144,1957489.0,True,Able View Global Inc.,5960.0,Retail-Nonstore Retailers,retail/wholesale,False,,,E9,False,False,True,True,False,False,True,False,2022-12-27,False,,False,False,,,False,,False,False,,,no 8-K/6-K on run day,,,,False,False,,0.0
ABTS,2025-05-09,2025-05-08,True,False,False,3.609442060085837,1.6266094420600858,2025-05-09,0.5606666666666666,5986846.0,0.1553333333333333,2.33,1-3,64245.09,-0.1853146853146853,0.3126760563380282,0.9011446920116676,2024-10-01,0.164,0.6266666666666667,0.5606666666666666,2.609442060085837,0.055793991416309,0.8946808510638297,3.0343347639484985,50349374.86,-0.549346016646849,,-0.549346016646849,,-0.4673008323424494,,0.2806666666666667,-0.0997624703087887,0.0641330166270783,1864055.0,True,Abits Group Inc,6199.0,Finance Services,finance/real estate,False,,,D8,False,False,False,False,False,False,True,False,2021-05-28,False,,False,False,,,False,,False,False,2370139.0,2024-12-31,no 8-K/6-K on run day,,158009.26666666666,368161.59133333334,False,True,1-for-15,0.0
ABTS,2026-06-01,2026-05-29,True,True,False,2.1579106584652616,2.601593223757185,2026-06-01,0.1426666666666666,103412357.025749,0.0661133333333333,0.9917,<1,109091.9585,0.163557432828816,-0.2487121212121213,0.0914038603553497,2024-10-01,0.1053333333333333,0.2153333333333333,0.1426666666666666,1.1579106584652616,0.5932237571846326,0.6625386996904025,2.257033377029344,221302444.03510287,0.205607476635514,,-0.4345794392523364,,-0.4579439252336449,,0.2133333333333333,-0.621875,-0.6375000000000001,1864055.0,True,Abits Group Inc,6199.0,Finance Services,finance/real estate,False,,,D8,False,False,False,False,False,False,True,False,2021-05-28,False,,False,False,,,False,,False,True,2369995.0,2025-12-31,no 8-K/6-K on run day,,2369995.0,2350324.0415000003,False,False,,0.0
ABVE,2025-07-10,2025-07-09,True,True,False,4.2465753424657535,9.945205479452056,2025-07-10,1.55,448636072.0,0.365,0.365,<1,1050829.89,-0.6313131313131313,-0.6313131313131313,2.827373984340259,2024-10-01,0.4141,2.12,1.55,3.246575342465753,0.1345205479452056,0.7311320754716981,4.808219178082192,695385911.6,1.3419354838709676,,1.193548387096774,,0.129032258064516,,3.5,-0.0285714285714285,-0.5,1979484.0,True,Above Food Ingredients Inc.,2000.0,Food and Kindred Products,other manufacturing,False,,,A0,False,False,False,False,False,False,True,False,2023-10-16,False,,False,False,,,False,,False,False,,,no 8-K/6-K on run day,,,,False,False,,0.0
ACCD,2025-01-08,2025-01-07,True,True,True,2.047761194029851,2.038805970149254,2025-01-08,6.86,24748329.0,3.35,3.35,3-10,3317709.35,-0.0261627906976743,-0.092140921409214,1.1001595038600689,2024-10-01,6.88,6.92,6.86,1.0477611940298508,1.053731343283582,0.9913294797687862,1.0656716417910448,169773536.94,-0.0043731778425656,,0.0,,0.0029154518950436,,6.86,0.0,0.0029154518950436,1481646.0,True,"Accolade, Inc.",7389.0,"Services-Business Services, NEC",other services,False,PA,PA,DE,True,False,False,False,False,False,False,False,2010-01-21,True,1.01;2.02;7.01;9.01,False,True,0001140361-25-000544,ny20041213x1_8k.htm,False,,False,True,80537080.0,2024-09-30,AI pivot / AI product,"g platform with more than 1,400 employer and payer clients, with shared focus on consumer empowerment Transcarent’s Generative AI WayFinding and care experiences combined with Accolade’s Advocacy, Expert Medical Opinion,",80537080.0,269799218.0,False,False,,
ACON,2025-01-03,2025-01-02,True,False,False,2.1014084507042257,1.1985915492957746,2025-01-03,0.2984,305789761.0,0.142,0.142,<1,159822.278,0.1093749999999997,-0.2067039106145252,0.8120512785177971,2024-10-01,0.148,0.3869,0.2984,1.1014084507042257,0.0422535211267605,0.7712587231842853,1.724647887323944,91247664.6824,-0.4296246648793566,,-0.6340482573726541,,-0.9317754391580968,,0.225,-0.5146666666666666,-0.909519071310116,1635077.0,True,"Aclarion, Inc.",8071.0,Services-Medical Laboratories,biotech/pharma/medtech,False,CO,CO,DE,True,False,True,True,True,True,False,True,2015-03-03,True,1.02;5.07,False,True,0001683168-25-000059;0001683168-25-000056,acon_8k.htm;acon_8k.htm,True,424B5;S-1/A,False,False,10431159.0,2024-11-14,listing compliance / reverse split / financing,"Aclarion, Inc. 8-K false 0001635077 0001635077 2025-01-03 2025-01-03 0001635077 ACON:CommonStockParValue0.00001PerShareMember 2025-01-03 2025-01-03 0001635077 ACON:WarrantsEachExercisableForOneShareOfCommonStockMember 20",10431159.0,1481224.578,True,False,,
ACON,2025-03-03,2025-02-28,True,False,False,2.2686567164179103,1.7164179104477613,2025-03-03,0.0226865671641791,90515240.0,0.01,3.35,3-10,41677869.25,-0.3444227005870842,-0.6011904761904763,13.565377522991398,2024-10-01,0.0215223880597014,0.0253731343283582,0.0226865671641791,1.2686567164179103,1.1522388059701494,0.8941176470588234,1.5373134328358211,687915824.0,-0.2434210526315788,,-0.843421052631579,,-0.9473684210526316,,0.0191044776119403,-0.8140625,-0.9375,1635077.0,True,"Aclarion, Inc.",8071.0,Services-Medical Laboratories,biotech/pharma/medtech,False,CO,CO,DE,True,False,True,False,True,True,False,True,2015-03-03,True,5.07;7.01;9.01,False,True,0001683168-25-001288,acon_8k.htm,False,,False,False,10431159.0,2024-11-14,FDA / clinical,"2 acon_ex9901.htm PRESS RELEASE DATED FEBRUARY 28, 2025 Exhibit 99.1 Aclarion, Inc. Announces Adjournment of Special Meeting of Stockholders · Meeting adjourned to Wednesday, March 5, 2025 at 9:30 a.m. Mountain Time Frid",31137.788059701492,104311.59,True,True,1-for-335,0.0
ACRS,2024-11-18,2024-11-15,False,True,False,1.531707317073171,2.2390243902439027,2024-11-19,4.59,30649385.0,2.05,2.05,1-3,1508863.5499999998,-0.2234848484848486,0.722689075630252,0.5898018657708359,2024-10-01,2.43,3.54,3.14,0.531707317073171,0.1853658536585367,0.8870056497175142,0.7268292682926831,96239068.9,-0.1372549019607842,,-0.2091503267973856,,-0.3289760348583878,,4.44,-0.1824324324324325,-0.3063063063063064,1557746.0,True,"Aclaris Therapeutics, Inc.",2834.0,Pharmaceutical Preparations,biotech/pharma/medtech,False,PA,PA,DE,True,False,False,False,False,False,False,False,2012-09-10,True,1.01;3.02;5.02;7.01;8.01;9.01,False,True,0001558370-24-015838,acrs-20241116x8k.htm,False,,False,True,71430942.0,2024-10-31,contract / partnership / order,"tm EX-99.1 Exhibit 99.1 Aclaris Therapeutics Announces Exclusive, Global License Agreement with Biosion, Inc., adding Potential Best-in-Class Biologics Assets to Pipeline - Enhances Aclaris’ pipeline with complementary b",71430942.0,146433431.1,False,False,,
ACXP,2025-06-17,2025-06-16,True,True,False,2.6724194073591665,2.344513187886682,2025-06-17,0.8207,344162718.0,0.3071,0.3071,<1,59980.3152,-0.0830098536876678,-0.2064599483204134,0.8061503053937347,2024-10-01,0.9148,1.05,0.8207,1.6724194073591665,1.9788342559426897,0.7816190476190475,2.4190817323347447,282454342.6626,-0.122700134031924,,-0.3099792859753868,,-0.4529060558060193,,0.659,-0.1406676783004552,-0.3186646433990895,1736243.0,True,"Acurx Pharmaceuticals, Inc.",2834.0,Pharmaceutical Preparations,biotech/pharma/medtech,False,NY,NY,DE,True,False,True,False,True,True,False,False,2018-04-03,False,,False,False,,,False,,False,False,23481606.0,2025-05-12,no 8-K/6-K on run day,,23481606.0,7211201.2025999995,False,False,,0.0
ACXP,2026-03-09,2026-03-06,False,True,False,1.4481481481481482,2.148148148148148,2026-03-10,0.145,7552552.15628,0.0675,1.35,1-3,86512.185,-0.1,-0.3446601941747572,1.2109716951954048,2024-10-01,0.0689999999999999,0.102,0.09775,0.4481481481481482,0.0222222222222221,0.9583333333333331,0.5111111111111111,14765239.4655274,1.0793103448275865,,0.6827586206896552,,0.0206896551724138,,0.174,0.4022988505747125,-0.149425287356322,1736243.0,True,"Acurx Pharmaceuticals, Inc.",2834.0,Pharmaceutical Preparations,biotech/pharma/medtech,False,NY,NY,DE,True,False,True,True,True,True,False,False,2018-04-03,True,5.02;8.01;9.01,False,True,0001104659-26-025003,tm268319d1_8k.htm,False,,False,False,2085363.0,2025-11-11,FDA / clinical,cted to enroll in the fourth quarter this year. This open-label trial will enroll up to 20 patients whose CDI has recurred at least twice following standard of care antibiotic treatment within the past 12 months. · Acurx,2085363.0,2815240.0500000003,False,False,,0.0
ADGM,2025-04-16,2025-04-15,False,True,False,1.0387038703870386,2.0027002700270025,2025-04-17,1.78,39508.0,0.8888,0.8888,<1,13068.9152,0.1143430290872618,-0.0232967032967033,0.4126205078341492,2024-10-01,0.8284,0.98,0.9232,0.0387038703870386,-0.0679567956795679,0.9420408163265308,0.1026102610261026,36473.7856,-0.3258426966292135,,-0.2696629213483146,,-0.3370786516853933,,1.31,-0.0076335877862595,-0.0992366412213741,2006986.0,True,"Adagio Medical Holdings, Inc.",3841.0,Surgical & Medical Instruments & Apparatus,biotech/pharma/medtech,False,CA,CA,DE,True,False,True,False,True,True,False,True,2024-02-14,False,,False,False,,,True,424B3,False,True,15381565.0,2025-03-21,no 8-K/6-K on run day,,15381565.0,13671134.972000001,True,False,,0.0
ADGM,2026-08-03,2026-07-31,False,True,False,1.2159661644197726,2.1147237642083003,2026-08-04,0.8,9098737.432262,0.3783,0.3783,<1,24532.56259662,-0.2151452282157675,-0.4060292039566651,0.7755794365687666,2024-10-01,0.4222,0.482,0.46,0.2159661644197725,0.1160454665609305,0.9543568464730292,0.2741210679355008,4185419.21884052,-0.07625,,-0.1011250000000001,,-0.3595,,0.6038,0.1909572706194102,-0.151374627360053,2006986.0,True,"Adagio Medical Holdings, Inc.",3841.0,Surgical & Medical Instruments & Apparatus,biotech/pharma/medtech,False,CA,CA,DE,True,False,False,False,False,False,False,False,2024-02-14,False,,False,False,,,False,,False,False,22210459.0,2026-03-23,no 8-K/6-K on run day,,22210459.0,8402216.639700001,False,False,,0.0
ADIL,2025-06-25,2025-06-24,False,True,False,1.0728303532490189,2.048844308765809,2025-06-26,0.4698,52822505.0,0.2293,0.2293,<1,13312656.9795,-0.2946785604429406,-0.66758480719049,31.830045393238933,2024-10-01,0.2581,0.29,0.246,0.0728303532490186,0.1255996511120802,0.8482758620689655,0.2647187091146967,12994336.23,-0.2867177522349936,,-0.304171988080034,,0.0940825883354619,,0.37,-0.1164864864864864,0.3891891891891892,1513525.0,True,"ADIAL PHARMACEUTICALS, INC.",2834.0,Pharmaceutical Preparations,biotech/pharma/medtech,False,VA,VA,DE,True,False,True,True,True,True,False,False,2011-03-16,False,,False,False,,,False,,False,True,7900695.0,2025-05-13,no 8-K/6-K on run day,,7900695.0,1811629.3635,False,False,,0.0
ADTX,2026-06-18,2026-06-17,True,True,False,2.272727272727273,4.363636363636363,2026-06-18,4.097017371353656e-11,5383006389.308008,1.802687643395608e-11,0.0044,<1,6371338.952766305,-0.7621621621621621,-0.9971052631578948,6.111202441772745,2024-10-01,6.719108489019993e-11,7.169780399868895e-11,4.097017371353656e-11,1.272727272727273,2.7272727272727275,0.5714285714285715,2.9772727272727275,53830063.893080086,0.9199999999999996,,-0.05,stale_last_close,-0.05,stale_last_close,8.194034742707311e-11,,,1726711.0,True,"Aditxt, Inc.",2834.0,Pharmaceutical Preparations,biotech/pharma/medtech,False,VA,VA,DE,True,False,True,True,False,True,False,False,2018-03-29,False,,False,False,,,False,,False,True,815921.0,2026-05-20,no 8-K/6-K on run day,,815921.0,3590.0524,False,True,1-for-27,0.0
ADVB,2026-07-22,2026-07-21,False,True,False,1.7302259887005649,2.370056497175141,2026-07-23,0.8390000000000001,29586640.999619,0.354,7.08,3-10,12947043.303841678,0.3909626719056975,0.3694390715667313,0.6543838087369299,2025-03-06,0.416,0.9365,0.6125,0.7302259887005649,0.1751412429378531,0.6540309663641217,1.6454802259887007,362436352.2453327,0.1311084624553038,,-0.399284862932062,,-0.5119189511323005,,1.1545,-0.5634473798181031,-0.6453009961022088,1941029.0,True,Advanced Biomed Inc.,8071.0,Services-Medical Laboratories,biotech/pharma/medtech,False,NV,NV,NV,True,False,False,False,False,False,False,False,2022-11-30,False,,False,False,,,False,,False,False,1382133.0,2026-03-31,no 8-K/6-K on run day,,1382133.0,9785501.64,False,False,,0.0
AEHL,2025-04-09,2025-04-08,True,False,False,2.041284403669725,1.3944954128440368,2025-04-09,0.11125,41603015.0,0.0545,2.18,1-3,679874.42,-0.4293193717277486,-0.5009157509157509,0.5038450091398435,2024-10-01,0.0564999999999999,0.21025,0.11125,1.0412844036697249,0.0366972477064218,0.5291319857312723,2.8577981651376145,185133416.75,-0.3168539325842696,,-0.3528089887640451,,-0.4157303370786517,,0.0805,-0.1055900621118014,-0.1925465838509318,1470683.0,True,Antelope Enterprise Holdings Ltd,4899.0,"Communications Services, NEC",tech/software/semis/telecom,False,NY,NY,D8,True,False,False,False,False,False,True,True,2009-08-26,False,,False,False,,,False,,False,False,3077981.0,2023-12-31,no 8-K/6-K on run day,,,,True,True,1-for-40,0.0
AEHL,2025-11-24,2025-11-21,True,True,False,2.090909090909091,2.6446280991735542,2025-11-24,0.06325,101730125.0,0.03025,1.21,1-3,32711.14,0.0083333333333333,-0.5884353741496599,0.0790322250579571,2024-10-01,0.03275,0.075,0.06325,1.0909090909090908,0.0826446280991737,0.8433333333333333,1.4793388429752072,257377216.25,0.264822134387352,,0.2332015810276682,,-0.4347826086956522,,0.069875,0.1162790697674418,-0.4883720930232559,1470683.0,True,Antelope Enterprise Holdings Ltd,4899.0,"Communications Services, NEC",tech/software/semis/telecom,False,NY,NY,D8,True,False,False,False,False,False,True,False,2009-08-26,False,,False,False,,,False,,False,False,35809942.0,2024-12-31,no 8-K/6-K on run day,,895248.55,1083250.7455,False,False,,0.0
AEHL,2026-02-26,2026-02-25,True,False,False,2.0889748549323017,1.155899419729207,2026-02-26,0.027,230723258.477494,0.012925,0.517,<1,204251.653348842,-0.1334227287965136,-0.4256193756249306,0.6294188607680599,2024-10-01,0.0184025,0.0435,0.027,1.0889748549323015,0.4237911025145067,0.6206896551724138,2.365570599613153,249181119.15569356,-0.4466666666666666,,-0.646604938271605,,-0.771604938271605,,0.0241975,-0.605675517443262,-0.7451527361642043,1470683.0,True,Antelope Enterprise Holdings Ltd,4899.0,"Communications Services, NEC",tech/software/semis/telecom,False,NY,NY,D8,True,False,False,False,False,False,True,False,2009-08-26,False,,False,False,,,False,,False,False,4580547.0,2025-09-30,no 8-K/6-K on run day,,4580547.0,2368142.799,False,False,,0.0
AEHL,2026-05-08,2026-05-07,True,True,False,2.353402627966268,2.8044714649931355,2026-05-08,0.005,322293055.327166,0.0021245833333333,0.5099,<1,49210.9792251239,0.0037401574803148,-0.5604310344827585,0.3654992005228319,2024-10-01,0.00412375,0.0118333333333333,0.005,1.353402627966268,0.9409688174151792,0.4225352112676057,4.5697195528535,386751666.3925992,0.1916666666666666,,2.0083333333333333,,-0.0833333333333333,,0.004875,2.0854700854700856,-0.0598290598290598,1470683.0,True,Antelope Enterprise Holdings Ltd,4899.0,"Communications Services, NEC",tech/software/semis/telecom,False,NY,NY,D8,True,False,True,True,False,False,True,False,2009-08-26,False,,False,False,,,False,,False,False,4580547.0,2025-09-30,no 8-K/6-K on run day,,763424.5,389270.15255,False,True,1-for-6,0.0
AEHL,2026-09-16,2026-09-15,False,True,False,1.7868217054263564,2.381782945736433,2026-09-17,0.0032005208333333,5615544.505785,0.00134375,5.16,3-10,1037244.39295068,-0.3582089552238804,0.0097847358121332,0.0490700061565696,2024-10-01,0.0013255208333333,0.0028359114583333,0.0024010416666666,0.7868217054263564,-0.0135658914728683,0.8466560758133683,1.1104457364341087,51775320.3433377,-0.3157038242473555,,-0.2709519934906427,,,beyond_data,0.0029348958333333,-0.2049689440993788,,1470683.0,True,Antelope Enterprise Holdings Ltd,4899.0,"Communications Services, NEC",tech/software/semis/telecom,False,NY,NY,D8,True,False,True,False,False,True,True,False,2009-08-26,False,,False,False,,,False,,False,False,4580547.0,2025-09-30,no 8-K/6-K on run day,,47714.03125,246204.40125,False,True,1-for-16,0.0
AEMD,2026-09-17,2026-09-16,True,True,False,4.741258741258742,4.4125874125874125,2026-09-17,0.01695,92602517.742923,0.003575,1.43,1-3,62417.09835646999,-0.1538461538461538,-0.5051903114186851,0.0134762522190177,2024-10-01,0.0212,0.02375,0.01695,3.7412587412587417,4.93006993006993,0.7136842105263158,5.643356643356643,627845070.297018,-0.0693215339233039,,-0.0014749262536873,,,beyond_data,0.01595,0.0611285266457679,,882291.0,True,AETHLON MEDICAL INC,3841.0,Surgical & Medical Instruments & Apparatus,biotech/pharma/medtech,False,CA,CA,NV,True,False,True,False,True,True,False,False,2001-08-14,True,1.01;5.01;7.01;9.01,False,True,0001683168-26-007206,aethlon_8k.htm,False,,False,True,711136.0,2026-08-10,FDA / clinical,"to fund the combined company’s operations into the second half of 2028 Phase 1a study of NOR-101 is expected to begin in the first quarter of 2027, with interim pharmacokinetic and safety data expected by mid-2027 and Ph",711136.0,1016924.48,False,True,1-for-5,0.0
AFJK,2025-12-18,2025-12-17,True,False,False,2.0080738177623987,1.3852364475201846,2025-12-18,52.23,1020088.0,26.01,26.01,>10,287176.41000000003,-0.2508640552995391,1.4724334600760458,0.0268874908614394,2024-10-01,25.77,81.9999,52.23,1.008073817762399,-0.0092272202998847,0.6369519962829223,2.152629757785467,53279196.24,-0.3101665709362434,,-0.1571893547769479,,-0.1035803178250047,,51.4774,-0.1448674563983417,-0.0904746548971004,1979005.0,True,"Aimei Health Technology Co., Ltd.",6770.0,Blank Checks,blank check (SPAC),False,NY,NY,,True,False,False,False,False,False,False,False,2023-05-26,False,,False,False,,,False,,False,False,6121733.0,2025-11-18,no 8-K/6-K on run day,,6121733.0,159226275.33,False,False,,0.0
AFJK,2026-04-09,2026-04-08,True,True,False,2.4235714285714285,2.0,2026-04-09,67.86,529364.121443,28.0,28.0,>10,121020.7936,0.1428571428571428,0.0366530914476119,0.8301666066394898,2024-10-01,29.21,85.0,67.86,1.4235714285714285,0.0432142857142856,0.7983529411764706,2.0357142857142856,35922649.281121984,-0.174771588564692,,-0.2926613616268788,,-0.3318597111700559,gap_last_close,63.3,-0.2417061611374407,,1979005.0,True,"Aimei Health Technology Co., Ltd.",6770.0,Blank Checks,blank check (SPAC),False,NY,NY,,True,False,False,False,False,False,False,False,2023-05-26,False,,False,False,,,False,,False,False,6121733.0,2025-11-18,no 8-K/6-K on run day,,6121733.0,171408524.0,False,False,,0.0
AFMD,2025-05-16,2025-05-15,True,True,False,3.27849588719154,2.132784958871916,2025-05-16,0.279,919289652.0,0.0851,0.0851,<1,507331.2239,-0.8784285714285714,-0.8827823691460055,5.0730185941672525,2024-10-01,0.1838,0.5733,0.279,2.27849588719154,1.1598119858989424,0.4866562009419152,5.736780258519389,256481812.908,-0.349462365591398,,-0.349462365591398,stale_last_close,-0.349462365591398,stale_last_close,0.2175,,,1608390.0,True,Affimed N.V.,2834.0,Pharmaceutical Preparations,biotech/pharma/medtech,False,2M,Germany,2M,False,False,False,False,False,False,True,False,2014-05-23,False,,False,False,,,False,,False,False,15227463.1,2023-12-31,no 8-K/6-K on run day,,,,False,False,,0.0
AGFY,2024-11-12,2024-11-11,False,True,False,1.58592132505176,2.1594202898550723,2024-11-13,0.6953333333333334,1155816.0,0.322,4.83,3-10,990541.23,0.5382165605095541,0.6484641638225257,0.1782623633164478,2024-10-01,0.3553333333333333,0.5333266666666667,0.5106666666666667,0.5859213250517599,0.10351966873706,0.9575119688996112,0.6562939958592133,8853550.56,0.3048897411313518,,2.71620325982742,,2.4074784276126557,,0.6953333333333334,2.71620325982742,2.4074784276126557,1800637.0,True,"RYTHM, Inc.",700.0,Agricultural Services,other,False,IL,IL,NV,True,False,True,False,True,True,False,False,2020-01-24,False,,False,False,,,False,,False,True,14230447.0,2024-08-14,no 8-K/6-K on run day,,948696.4666666667,4582203.934,False,True,1-for-15,
AGH,2025-02-19,2025-02-18,False,True,False,1.4243542435424354,2.018450184501845,2025-02-20,5.47,1021270.0,2.71,2.71,1-3,1794711.05,,,,2025-02-12,2.93,4.4799,3.86,0.4243542435424354,0.081180811808118,0.8616263755887409,0.65309963099631,3942102.2,-0.0146252285191956,,-0.016453382084095,,-0.8080438756855576,,5.18,0.0386100386100387,-0.7972972972972973,2009312.0,True,Aureus Greenway Holdings Inc,7997.0,Services-Membership Sports & Recreation Clubs,other services,False,FL,FL,NV,True,False,True,False,False,True,False,True,2024-01-31,False,,False,False,,,False,,False,False,10880000.0,2024-12-09,no 8-K/6-K on run day,,10880000.0,29484800.0,True,False,,
AGH,2025-07-23,2025-07-22,True,True,False,3.075684380032206,2.9629629629629632,2025-07-23,1.91,30228539.0,0.621,0.621,<1,30706.587,0.0180327868852459,0.0264462809917356,0.8331620290958843,2025-02-12,0.64,2.0999,1.91,2.075684380032206,0.0305958132045089,0.9095671222439164,2.3814814814814813,57736509.49,-0.0366492146596857,,0.0418848167539267,,0.4659685863874345,,1.6,0.2437499999999999,0.7499999999999998,2009312.0,True,Aureus Greenway Holdings Inc,7997.0,Services-Membership Sports & Recreation Clubs,other services,False,FL,FL,NV,True,False,False,False,False,False,False,True,2024-01-31,False,,False,False,,,False,,False,False,13880000.0,2025-05-15,no 8-K/6-K on run day,,13880000.0,8619480.0,True,False,,1.0
AGL,2026-05-07,2026-05-06,True,False,False,2.178096947935368,1.9472172351885095,2026-05-07,2.4264,3892885.331249,1.114,27.85,>10,9544619.6936734,-0.0014342058085335,0.5078505684894425,0.8748737838799558,2024-10-01,1.7436000000000005,2.554856,2.4264,1.178096947935368,0.5651705565529623,0.949720845323572,1.293407540394973,236142424.19356436,-0.1060006594131223,,0.2939333992746453,,0.596604022420046,,2.4556,0.2785469946245316,0.5776185046424498,1831097.0,True,"agilon health, inc.",8090.0,"Services-Misc Health & Allied Services, NEC",biotech/pharma/medtech,False,OH,OH,DE,True,False,False,False,False,False,False,False,2020-12-21,True,2.02;9.01,False,True,0001628280-26-031254,agl-20260506.htm,False,,False,True,16683786.0,2026-04-30,earnings / business update,"2 agl-20260331xexx991.htm EX-99.1 Document Exhibit 99.1 agilon health Reports First Quarter 2026 Results Raises Full-Year 2026 Total Revenues, Medical Margin and Adjusted EBITDA Guidance Westerville, O.H., May 6, 2026 – ",16683786.0,464643440.1,False,True,1-for-25,0.0
AGMH,2025-03-06,2025-03-05,True,False,False,2.101661779081134,1.5347018572825024,2025-03-06,0.215,694705348.0,0.1023,0.1023,<1,1078872.5772,-0.7972249752229931,-0.8796470588235294,3.712534927903189,2024-10-01,0.1935,0.28879,0.215,1.1016617790811338,0.8914956011730206,0.7444856123827003,1.8229716520039096,149361649.82,-0.2697674418604651,,-0.4737209302325581,,-0.7813953488372093,,0.1848,-0.3877164502164502,-0.7456709956709957,1705402.0,True,"AGM GROUP HOLDINGS, INC.",7371.0,Services-Computer Programming Services,tech/software/semis/telecom,False,,,D8,False,False,True,False,True,True,True,True,2017-05-15,False,,True,True,0001213900-25-020739,ea0233116-6k_agmgroup.htm,False,,False,False,,,listing compliance / reverse split / financing,"6 ea023311601ex99-1_agmgroup.htm AGM GROUP HOLDINGS INC. ANNOUNCES PRICING OF $5.4 MILLION PUBLIC OFFERING Exhibit 99.1 AGM Group Holdings Inc. Announces Pricing of $5.4 Million Public Offering Beijing, March 02, 2025 (",,,True,False,,0.0
AGMH,2025-04-22,2025-04-21,False,True,False,1.079136690647482,2.086330935251799,2025-04-23,0.058,36698699.0,0.0278,0.0278,<1,145189.14179999998,-0.1312500000000001,-0.5813253012048193,0.1939508213475707,2024-10-01,0.0345,0.0345,0.03,0.0791366906474819,0.2410071942446046,0.8695652173913042,0.2410071942446046,1100960.97,-0.3275862068965517,,0.8051724137931033,,0.3103448275862068,,0.0397,1.6372795969773302,0.9143576826196472,1705402.0,True,"AGM GROUP HOLDINGS, INC.",7371.0,Services-Computer Programming Services,tech/software/semis/telecom,False,,,D8,False,False,True,False,True,True,True,True,2017-05-15,False,,False,False,,,False,,False,False,,,no 8-K/6-K on run day,,,,True,False,,0.0
AGMH,2025-09-19,2025-09-18,True,True,False,4.636771300448431,4.336322869955157,2025-09-19,0.2068,207569456.0,0.0446,2.23,1-3,28127181.78,0.1206030150753767,0.103960396039604,16.428357681448723,2024-10-01,0.1398,0.362,0.2068,3.636771300448431,2.1345291479820627,0.5712707182320441,7.116591928251122,2146268175.04,-0.064796905222437,,-0.1624758220502902,,-0.5222437137330753,,0.1856,-0.0668103448275861,-0.4676724137931033,1705402.0,True,"AGM GROUP HOLDINGS, INC.",7371.0,Services-Computer Programming Services,tech/software/semis/telecom,False,,,D8,False,False,False,False,False,False,True,True,2017-05-15,False,,True,True,0001185185-25-001227,agmh6k082925.htm,False,,False,False,,,other,"2 agmhex99-1.htm EXHIBIT 99.1 Exhibit 99.1 UNAUDITED PRO FORMA CONDENSED CONSOLIDATED FINANCIAL STATEMENTS On May 7, 2025 (the “Closing Date”), AGM Technology Limited ( “ AGM HK ” or the “Seller”) completed the previousl",,,True,False,,0.0
AGPU,2026-04-01,2026-03-31,True,True,False,2.197530864197531,2.512345679012346,2026-04-01,0.2373333333333333,92116751.677114,0.108,1.62,1-3,46339.9704,0.0588235294117647,-0.0949720670391061,0.7121878626764648,2025-12-12,0.1233333333333333,0.2779999999999999,0.2373333333333333,1.1975308641975309,0.1419753086419752,0.853717026378897,1.574074074074074,327935635.9705258,0.1432584269662922,,0.3595505617977528,,0.6601123595505618,,0.236,0.3672316384180791,0.669491525423729,1446159.0,True,Axe Compute Inc.,6199.0,Finance Services,finance/real estate,False,PA,PA,DE,True,False,False,False,False,False,False,False,2014-10-02,True,2.02;9.01,False,True,0001171843-26-002096,f8k_033126.htm,False,,False,True,5539267.0,2026-03-27,crypto treasury / digital assets,2 exh_991.htm PRESS RELEASE EdgarFiling EXHIBIT 99.1 Axe Compute Inc. Reports Full-Year 2025 Financial Results Completed Strategic Transformation to AI Compute Infrastructure Raised $343.5 Million in Capital to Fund Digi,5539267.0,8973612.540000001,False,False,,1.0
AGRI,2025-09-22,2025-09-19,True,False,False,2.3775933609958506,1.7468879668049793,2025-09-22,0.0063666666666666,121935977.0,0.0026777777777777,2.41,1-3,1609839.03,0.0041666666666668,-0.183050847457627,1.1527035425569392,2024-10-01,0.0080555555555555,0.0099888888888888,0.0063666666666666,1.3775933609958506,2.008298755186721,0.6373748609566185,2.730290456431535,698693148.21,-0.2652705061082024,,-0.4380453752181501,,-0.3595113438045376,,0.0058444444444444,-0.3878326996197717,-0.3022813688212927,1826397.0,True,AVAX ONE TECHNOLOGY LTD.,6199.0,Finance Services,finance/real estate,False,FL,FL,A1,True,False,True,True,False,True,False,True,2020-10-13,True,1.01;3.02;5.02;7.01;8.01;9.01,False,True,0001493152-25-014385,form8-k.htm,False,,False,False,1309598.0,2025-08-14,listing compliance / reverse split / financing,"GRI) to Launch as First Publicly-Traded Avalanche-Focused Company on NASDAQ with a $550 Million Capital Raise Strategy Advised by Leaders from Coinbase and SkyBridge Capital, and Led by a Team from Citi, Mastercard, and ",1309598.0,3156131.18,True,True,1-for-9,0.0
AGRZ,2026-03-12,2026-03-11,True,False,False,2.5355450236966828,1.585781990521327,2026-03-12,1.07,273097961.185386,0.422,0.422,<1,817469.7863148979,0.0848329048843186,0.0414610069101677,7.264847725156587,2025-10-01,0.425,1.2,1.07,1.5355450236966828,0.0071090047393365,0.8916666666666667,1.8436018957345968,292214818.46836305,-0.3745794392523365,,-0.5327102803738317,,-0.6177570093457945,,0.685,-0.2700729927007299,-0.4029197080291972,2009233.0,True,Agroz Inc.,100.0,Agricultural Production-Crops,other,False,,,E9,False,False,False,False,False,False,True,True,2024-08-20,False,,False,False,,,False,,False,False,20423485.0,2024-12-31,no 8-K/6-K on run day,,20423485.0,8618710.67,True,False,,1.0
AHMA,2025-12-01,2025-11-28,True,True,True,2.9812889812889813,2.546777546777547,2025-12-01,14.34,45915322.0,4.81,4.81,3-10,126445.27999999998,-0.0102880658436215,-0.3028985507246378,0.1508630955284541,2025-10-21,10.55,17.34,14.34,1.9812889812889811,1.1933471933471935,0.8269896193771626,2.6049896049896053,658425717.48,-0.1457461645746164,,-0.4951185495118549,,-0.6178521617852162,,12.5,-0.4207999999999999,-0.5616,2010959.0,True,AMBITIONS ENTERPRISE MANAGEMENT CO. L.L.C,7900.0,Services-Amusement & Recreation Services,other services,False,,,C0,False,False,True,False,True,True,True,True,2024-03-12,False,,False,False,,,False,,False,False,,,no 8-K/6-K on run day,,,,True,False,,1.0
AHMA,2026-01-13,2026-01-12,True,True,False,2.337121212121212,2.935606060606061,2026-01-13,12.34,43801938.0,5.28,5.28,3-10,167391.84,0.037328094302554,-0.2223858615611192,0.2414689366661017,2025-10-21,11.37,13.83,12.34,1.337121212121212,1.1534090909090908,0.8922631959508315,1.6193181818181817,540515914.92,0.2560777957860616,,1.1215559157212316,,-0.4254457050243112,,11.43,1.290463692038495,-0.3797025371828522,2010959.0,True,AMBITIONS ENTERPRISE MANAGEMENT CO. L.L.C,7900.0,Services-Amusement & Recreation Services,other services,False,,,C0,False,False,True,False,False,True,True,True,2024-03-12,False,,False,False,,,False,,False,False,,,no 8-K/6-K on run day,,,,True,False,,1.0
AIFF,2025-02-11,2025-02-10,True,True,False,2.709677419354839,4.183870967741935,2025-02-11,8.4,195409794.0,3.1,3.1,3-10,486830.2,-0.1483516483516483,0.3656387665198237,0.0214589773432624,2024-10-01,4.2999,11.51,8.4,1.709677419354839,0.3870645161290322,0.7298001737619462,2.712903225806452,1641442269.6,0.5440476190476191,,0.0119047619047618,,-0.5892857142857143,,10.73,-0.2078285181733458,-0.6784715750232991,803578.0,True,"FIREFLY NEUROSCIENCE, INC.",7372.0,Services-Prepackaged Software,tech/software/semis/telecom,False,NY,NY,DE,True,False,True,False,True,False,False,False,1995-11-15,False,,False,False,,,True,EFFECT,False,False,8503365.0,2024-11-12,no 8-K/6-K on run day,,8503365.0,26360431.5,False,False,,
AIFF,2026-03-04,2026-03-03,True,True,False,2.262773722627737,2.0729927007299267,2026-03-04,1.55,318993066.273345,0.685,0.685,<1,21010.320000000003,0.0429354445797807,-0.1994858010985157,0.44587176423885,2024-10-01,1.215,1.8899,1.55,1.262773722627737,0.7737226277372262,0.82014921424414,1.7589781021897806,494439252.7236847,-0.0838709677419355,,0.1161290322580643,,0.4451612903225808,,1.36,0.2720588235294117,0.6470588235294119,803578.0,True,"FIREFLY NEUROSCIENCE, INC.",7372.0,Services-Prepackaged Software,tech/software/semis/telecom,False,NY,NY,DE,True,False,True,False,False,True,False,False,1995-11-15,False,,False,False,,,False,,False,False,13482511.0,2025-11-06,no 8-K/6-K on run day,,13482511.0,9235520.035,False,False,,0.0
AIIO,2026-05-13,2026-05-12,True,True,False,2.0390625,4.406249999999999,2026-05-13,0.1305,85701892.12172,0.064,1.28,1-3,25960617.02406272,1.1262458471760797,1.0349761526232115,1.315732147542821,2025-08-26,0.07225,0.1395,0.1305,1.0390625,0.1289062500000002,0.935483870967742,1.1796875,223681938.4376892,1.1609195402298846,,0.4482758620689655,,0.1570881226053642,,0.21925,-0.1379703534777651,-0.3112884834663625,1932737.0,True,ROBO.AI INC.,3711.0,Motor Vehicles & Passenger Car Bodies,other manufacturing,False,,,E9,False,False,True,False,False,True,True,False,2022-06-07,False,,False,False,,,False,,False,False,,,no 8-K/6-K on run day,,,,False,True,1-for-20,1.0
AILE,2024-12-27,2024-12-26,True,True,False,3.673065015479876,4.377708978328173,2024-12-27,0.5932,563617833.0,0.1615,0.1615,<1,1543089.7025,-0.8290643522438611,-0.8854609929078014,4.090279400800899,2024-10-01,0.3301,0.86,0.5932,2.673065015479876,1.0439628482972134,0.689767441860465,4.325077399380805,334338098.53559995,0.1918408631153068,,-0.2919757248819959,stale_last_close,-0.2919757248819959,stale_last_close,0.61,,,1835972.0,True,"iLearningEngines, Inc.",7372.0,Services-Prepackaged Software,tech/software/semis/telecom,False,MD,MD,DE,True,False,True,False,False,True,False,False,2021-01-08,True,3.01;5.02;8.01,False,True,0001213900-24-112871,ea0226043-8k_ilearning.htm,False,,False,False,141173275.0,2024-08-08,listing compliance / reverse split / financing,false 0001835972 0001835972 2024-12-23 2024-12-23 0001835972 AILE:CommonStockParValue0.0001Member 2024-12-23 2024-12-23 0001835972 AILE:WarrantsEachWholeWarrantExercisableForOneShareOfCommonStockAtExercisePriceOf11.50Per,141173275.0,22799483.9125,False,False,,
AIM,2026-06-01,2026-05-29,True,True,False,2.203531142717018,2.027219225110348,2026-06-01,0.8994985999999998,359965953.586926,0.4082077999999999,0.4078,<1,4948739.877400441,0.6747433264887064,-0.2136521403779405,0.2179190604034321,2024-10-01,0.5554548999999999,1.2512499999999998,0.8994985999999998,1.203531142717018,0.360716037273173,0.71888,2.0652280529671403,323465405.89321166,-0.0800133541063875,,-0.4225461829512573,,-0.6839528154907635,,0.8036528499999999,-0.3536775238213862,-0.6462601980444667,946644.0,True,AIM ImmunoTech Inc.,2836.0,"Biological Products, (No Diagnostic Substances)",biotech/pharma/medtech,False,FL,FL,DE,True,False,True,False,False,True,False,True,2013-10-18,False,,False,False,,,True,424B5;S-1,False,True,14563515.0,2026-05-13,no 8-K/6-K on run day,,14563515.0,5939001.417,True,False,,0.0
AIMD,2026-05-26,2026-05-22,True,False,False,2.065359477124183,1.6732026143790848,2026-05-26,0.6320000000000001,17183939.649424,0.306,1.53,1-3,509750.5450311001,-0.0999999999999998,-0.135593220338983,17.47394935870275,2024-10-01,0.306,0.7759800000000001,0.6320000000000001,1.0653594771241832,0.0,0.8144539807727004,1.5358823529411765,54301249.292179845,-0.1898734177215191,,-0.2531645569620254,,-0.4303797468354431,,0.474,-0.0042194092827005,-0.240506329113924,1014763.0,True,"Ainos, Inc.",3577.0,"Computer Peripheral Equipment, NEC",tech/software/semis/telecom,False,TX,TX,TX,True,False,False,False,False,False,False,False,1998-11-12,False,,False,False,,,False,,False,True,8524542.0,2026-05-13,no 8-K/6-K on run day,,8524542.0,13042549.26,False,False,,0.0
AIOS,2026-05-01,2026-04-30,True,False,False,2.360515021459228,1.6652360515021458,2026-05-01,1.1,6708443.559429,0.466,9.32,3-10,1268002.7759999998,0.1818412376363176,-0.1784203102961918,28.14753666158534,2026-02-12,0.6070000000000001,1.6934950000000002,1.1,1.3605150214592276,0.3025751072961375,0.6495442856341471,2.634109442060086,147585758.30743802,-0.2945454545454545,,-0.1359090909090908,,-0.2781818181818182,,0.91,0.0445054945054945,-0.1274725274725274,1603993.0,True,AIOS Tech Inc.,3490.0,Miscellaneous Fabricated Metal Products,other manufacturing,False,,,D8,False,False,False,False,False,False,True,False,2014-03-31,False,,False,False,,,False,,False,False,14695347.0,2017-12-31,no 8-K/6-K on run day,,,,False,True,1-for-20,1.0
AIRE,2024-12-26,2024-12-24,True,False,False,2.6131386861313866,1.854014598540146,2024-12-26,3.58,130875821.0,1.37,1.37,1-3,774533.6100000001,0.1810344827586207,0.4123711340206186,3.48445930766654,2024-10-01,1.92,4.49,3.58,1.6131386861313866,0.4014598540145984,0.7973273942093541,2.2773722627737225,468535439.18,-0.2905027932960894,,-0.3659217877094972,,-0.5251396648044693,,3.25,-0.3015384615384615,-0.4769230769230769,1859199.0,True,reAlpha Tech Corp.,6500.0,Real Estate,finance/real estate,False,OH,OH,DE,True,False,True,True,False,True,False,True,2021-05-07,False,,False,False,,,True,424B5,False,False,45864503.0,2024-11-06,no 8-K/6-K on run day,,45864503.0,62834369.11000001,True,False,,
AIRE,2025-07-21,2025-07-18,True,True,False,4.472105263157895,2.3789473684210525,2025-07-21,0.8497,790314017.0,0.19,0.19,<1,13057260.18,-0.265558562040974,-0.4801641586867304,13.79604671069984,2024-10-01,0.2685,0.9842,0.8497,3.4721052631578946,0.4131578947368421,0.863340784393416,4.18,671529820.2449,-0.4680475461927739,,-0.5100623749558668,,-0.541014475697305,,0.5124,-0.1875487900078063,-0.2388758782201404,1859199.0,True,reAlpha Tech Corp.,6500.0,Real Estate,finance/real estate,False,OH,OH,DE,True,False,True,True,True,True,False,True,2021-05-07,True,8.01;9.01,False,True,0001213900-25-065773,ea0249603-8k_realpha.htm,True,424B5,False,True,51248840.0,2025-05-12,listing compliance / reverse split / financing,"2 ea024960301ex99-1_realpha.htm PRESS RELEASE, DATED JULY 18, 2025 Exhibit 99.1 reAlpha Tech Corp. Announces Closing of $2 Million Public Offering DUBLIN, Ohio, July 18, 2025 (",51248840.0,9737279.6,True,False,,0.0
AIRE,2025-09-10,2025-09-09,False,True,False,1.4,2.46,2025-09-11,1.23,78905574.0,0.5,0.5,<1,6737568.5,0.1990407673860912,0.4705882352941175,1.162944936213162,2024-10-01,0.549,0.7897,0.7,0.3999999999999999,0.098,0.8864125617323034,0.5793999999999999,55233901.8,0.1788617886178862,,-0.089430894308943,,-0.5084552845528455,,1.44,-0.2222222222222221,-0.5801388888888889,1859199.0,True,reAlpha Tech Corp.,6500.0,Real Estate,finance/real estate,False,OH,OH,DE,True,False,True,False,True,True,False,True,2021-05-07,False,,False,False,,,True,424B4;EFFECT,False,True,83765039.0,2025-08-14,no 8-K/6-K on run day,,83765039.0,41882519.5,True,False,,0.0
AIXC,2026-08-18,2026-08-17,False,True,False,1.8586313714446636,2.182483807378204,2026-08-19,1.55,65001774.208093,0.7102,0.7102,<1,80028.85972050781,-0.100215380717091,0.0267456990024577,2.779002962290328,2025-11-19,0.8585,3.14,1.32,0.8586313714446634,0.2088144184736693,0.4203821656050955,3.4212897775274573,85802341.95468277,-0.2419354838709677,,-0.4065161290322581,,-0.3290322580645161,,1.46,-0.369931506849315,-0.2876712328767122,1460702.0,True,FF EAI Robotics Ecosystem Inc.,6199.0,Finance Services,finance/real estate,False,CA,CA,DE,True,False,True,False,True,False,False,False,2009-03-17,True,7.01;9.01,False,True,0001493152-26-038912,form8-k.htm,False,,True,False,20234993.0,2026-08-07,crypto treasury / digital assets,d Commercial Order Company plans orderly exit from Digital Asset Treasury strategy and intends to focus resources on robotics operations and commercialization RoboShare’s first paid commercial order marks the start of co,20234993.0,14370892.028600002,False,False,,1.0
AIXI,2026-04-06,2026-04-02,True,True,False,6.149961744452945,14.91966335118592,2026-04-06,0.0893111111111111,1251253676.224666,0.0145222222222222,0.1307,<1,35506856.11684223,0.2435775451950526,-0.409132007233273,15.017354235108622,2024-10-01,0.0300111111111111,0.0958111111111111,0.0893111111111111,5.149961744452945,1.0665646518745215,0.9321581816073292,5.597551644988522,1005757704.9493866,1.4259766110972878,,0.6173177407315251,,-0.0233889027121174,,0.1233333333333333,0.1711711711711709,-0.2927927927927929,1935172.0,True,Xiao-I Corp,7372.0,Services-Prepackaged Software,tech/software/semis/telecom,False,F4,China,E9,False,True,False,False,False,False,True,False,2022-07-08,False,,False,False,,,False,,False,False,31949038.0,2024-12-31,no 8-K/6-K on run day,,31949038.0,4175739.2666,False,False,,0.0
AIXI,2026-08-25,2026-08-24,True,False,False,2.862762237762238,1.7583041958041958,2026-08-25,0.0072777777777777,251250888.66843,0.0025422222222222,0.4576,<1,6387077.397942841,-0.4871679928275244,-0.5985964912280701,8.386831475949059,2024-10-01,0.0081111111111111,0.0096111111111111,0.0072777777777777,1.862762237762238,2.1905594405594404,0.7572254335260116,2.780594405594406,329138664.1556433,-0.3858015267175573,,-0.6312977099236642,,-0.7928026172300982,,0.0061944444444444,-0.5668161434977579,-0.7565663036515055,1935172.0,True,Xiao-I Corp,7372.0,Services-Prepackaged Software,tech/software/semis/telecom,False,F4,China,E9,False,True,True,False,False,True,True,False,2022-07-08,False,,False,False,,,True,424B5,False,False,55235284.0,2025-12-31,no 8-K/6-K on run day,,2761764.2,1263783.29792,False,False,,0.0
AKAN,2026-04-22,2026-04-21,True,True,False,3.141538461538462,2.883076923076923,2026-04-22,0.0726044444444444,45921737.992222,0.0231111111111111,3.25,3-10,100936.12085375,0.0383386581469649,-0.1351667797602415,0.2867657043697468,2024-10-01,0.0231111111111111,0.0876792888888889,0.0726044444444444,2.141538461538462,0.0,0.8280683541634564,2.793815384615385,468860944.9005867,-0.0822722820763958,,1.5455435847208614,,0.4211557296767874,,0.09024,1.0480693459416863,0.1434200157604412,1888014.0,True,AKANDA CORP.,2833.0,Medicinal Chemicals & Botanical Products,other manufacturing,False,X0,United Kingdom,A6,False,False,True,False,True,False,True,False,2021-11-19,False,,False,False,,,False,,False,False,2047332.0,2024-12-31,no 8-K/6-K on run day,,,,False,True,1-for-4.5,0.0
AKTX,2026-05-22,2026-05-21,True,True,False,3.554474708171206,3.4649805447470814,2026-05-22,0.45675,34043144.857588,0.1285,5.14,3-10,32208192.30481854,0.389189189189189,-0.1433333333333334,225.8093840007075,2024-10-01,0.248,0.474725,0.45675,2.554474708171206,0.9299610894941636,0.9621359734583178,2.6943579766536967,621968256.5481328,-0.0251778872468527,,-0.2649151614668856,,-0.354679802955665,,0.34375,-0.0232727272727273,-0.1425454545454545,1541157.0,True,Akari Therapeutics Plc,2834.0,Pharmaceutical Preparations,biotech/pharma/medtech,False,FL,FL,X0,True,False,True,False,True,False,True,False,2012-04-13,False,,False,False,,,False,,False,True,91567009533.0,2026-05-19,no 8-K/6-K on run day,,91567009533.0,470654428999.62,False,True,1-for-40,0.0
ALBT,2026-02-26,2026-02-25,True,True,False,2.1448248720975998,2.9319165682802044,2026-02-26,0.0726666666666666,329573903.8153,0.03388,0.5082,<1,92916.4807032,-0.3103541864567783,-0.3725925925925926,0.8638879978557411,2024-10-01,0.08,0.0846666666666666,0.0726666666666666,1.1448248720975993,1.3612750885478158,0.8582677165354331,1.499016135379772,359235555.15867704,0.36697247706422,,-0.2045871559633028,,-0.4935779816513762,,0.05932,-0.0256237356709374,-0.3796358732299394,1630212.0,True,Change Agents Corporation.,7371.0,Services-Computer Programming Services,tech/software/semis/telecom,False,NJ,NJ,DE,True,False,False,False,False,False,False,False,2015-02-19,True,1.01;2.03;3.02;5.02;7.01;9.01,False,True,0001213900-26-020631;0001213900-26-020426,ea0278237-8k_avalon.htm;ea0278170-8k_avalon.htm,False,,False,True,4252009.0,2025-11-13,AI pivot / AI product,"a027823701ex99-1.htm PRESS RELEASE OF THE REGISTRANT DATED FEBRUARY 26, 2026 Exhibit 99.1 Avalon GloboCare’s Subsidiary Accepted into AMD AI Developer Program to Advance Next-Generation Media Infrastructure Strategic Acc",4252009.0,2160870.9738,False,False,,0.0
ALLK,2024-10-21,2024-10-18,False,True,False,1.2928787878787875,2.0303030303030303,2024-10-22,1.34,1342982.0,0.66,0.66,<1,231029.04,0.0130468150422102,,,2024-10-01,0.666,0.885,0.8533,0.2928787878787877,0.009090909090909,0.964180790960452,0.3409090909090908,1145966.5406,-0.2164179104477611,,-0.0895522388059701,,-0.2462686567164179,,1.24,-0.0161290322580645,-0.1854838709677418,1564824.0,True,Allakos Inc.,2834.0,Pharmaceutical Preparations,biotech/pharma/medtech,False,CA,CA,DE,True,False,False,False,False,False,False,False,2012-12-20,False,,False,False,,,False,,False,True,88850713.0,2024-08-01,no 8-K/6-K on run day,,88850713.0,58641470.580000006,False,False,,
ALLO,2025-02-14,2025-02-13,False,True,False,1.446808510638298,2.0141843971631204,2025-02-18,2.84,42511643.0,1.41,1.41,1-3,2992923.81,-0.1187500000000001,-0.2459893048128343,0.8340204131059931,2024-10-01,1.535,2.105,2.04,0.4468085106382979,0.0886524822695036,0.9691211401425178,0.4929078014184398,86723751.72,-0.084507042253521,,-0.3010563380281689,,-0.4049295774647887,,2.73,-0.2728937728937728,-0.3809523809523809,1737287.0,True,"Allogene Therapeutics, Inc.",2836.0,"Biological Products, (No Diagnostic Substances)",biotech/pharma/medtech,False,CA,CA,,True,False,False,False,False,False,False,False,2018-04-19,False,,False,False,,,False,,False,True,209672091.0,2024-11-01,no 8-K/6-K on run day,,209672091.0,295637648.31,False,False,,
ALMS,2026-01-06,2026-01-05,False,True,True,1.9530685920577615,2.1564380264741274,2026-01-07,17.92,65139559.0,8.31,8.31,3-10,16004686.05,-0.2424794895168641,0.0012048192771083,1.594836022225379,2024-10-01,22.2,22.3,16.23,0.9530685920577616,1.671480144404332,0.7278026905829597,1.6835138387484956,1057215042.57,0.0145089285714283,,0.3582589285714284,,0.4698660714285712,,18.25,0.3336986301369862,0.4432876712328766,1847367.0,True,ALUMIS INC.,2834.0,Pharmaceutical Preparations,biotech/pharma/medtech,False,CA,CA,DE,True,False,False,False,False,False,False,False,2021-02-25,True,8.01;9.01,False,True,0001104659-26-001073,tm262035d1_8k.htm,True,424B5,True,True,,,FDA / clinical,"rofile consistent with the Phase 2 program – – Alumis plans to submit a New Drug Application to the FDA in the second half of 2026 – – Conference call and webcast scheduled for 8:00 a.m. ET today – SOUTH SAN FRANCISCO, C",,,False,False,,0.0
ALUR,2025-01-24,2025-01-23,True,False,False,2.348648648648648,1.8513513513513509,2025-01-24,0.3475999999999999,70612146.0,0.148,3.7,3-10,18838982.9,0.0364145658263306,-0.5747126436781609,46.03755218042002,2024-10-01,0.6716,0.6724,0.3475999999999999,1.348648648648648,3.537837837837837,0.5169541939321832,3.543243243243243,613619548.74,-0.2117376294591484,,-0.3233601841196777,,-0.6110471806674338,,0.2896,-0.1878453038674034,-0.5331491712707184,1964979.0,True,"ALLURION TECHNOLOGIES, INC.",3841.0,Surgical & Medical Instruments & Apparatus,biotech/pharma/medtech,False,MA,MA,DE,True,False,True,True,True,True,False,True,2023-02-09,False,,False,False,,,True,424B3;424B5,False,True,64486517.0,2024-11-08,no 8-K/6-K on run day,,2579460.68,9544004.516,True,True,1-for-25,
AMCI,2025-12-15,2025-12-12,True,True,False,2.682656826568265,5.405904059040591,2025-12-15,7.27,103786361.0,2.71,2.71,1-3,5430758.7,,,,2025-12-10,3.62,9.1499,7.27,1.6826568265682655,0.3357933579335794,0.7945442026688815,2.376346863468635,754526844.4699999,1.015130674002751,,-0.0563961485557082,,-0.0082530949105914,,11.98,-0.4273789649415692,-0.3981636060100167,1937891.0,True,AMC Robotics Corp,5700.0,"Retail-Home Furniture, Furnishings & Equipment Stores",retail/wholesale,False,NY,NY,E9,True,False,False,False,False,False,False,False,2022-07-28,False,,False,False,,,False,,False,True,3220947.0,2025-11-19,no 8-K/6-K on run day,,3220947.0,8728766.37,False,False,,1.0
AMIX,2026-08-04,2026-08-03,True,True,False,5.342465753424658,3.315068493150685,2026-08-04,0.0464285714285714,120033149.065937,0.0086904761904761,3.65,3-10,827612.46335425,0.3082437275985661,-0.4600591715976331,0.0475765084003273,2024-10-01,0.0128095238095238,0.0587619047619047,0.0464285714285714,4.342465753424658,0.4739726027397259,0.7901134521880064,5.761643835616439,2340646406.7857714,-0.3794871794871794,,-0.5323076923076924,,-0.7569230769230769,,0.0324285714285714,-0.3303964757709252,-0.6519823788546255,1617867.0,True,"Autonomix Medical, Inc.",3841.0,Surgical & Medical Instruments & Apparatus,biotech/pharma/medtech,False,TX,TX,DE,True,False,True,True,False,True,False,False,2014-09-03,False,,False,False,,,False,,True,False,11409344.0,2026-06-10,no 8-K/6-K on run day,,543302.0952380953,1983052.6476190477,False,True,1-for-21,0.0
AMOD,2025-01-30,2025-01-29,True,False,False,2.038961038961039,1.87012987012987,2025-01-30,3.14,126590573.0,1.54,1.54,1-3,259517.72,-0.1675675675675676,-0.5179968701095461,1.193725147402225,2024-12-16,2.73,5.5399,3.14,1.0389610389610389,0.7727272727272727,0.5667972346071228,2.5973376623376625,397494399.22,-0.0828025477707007,,-0.2134713375796179,,-0.3503184713375796,,3.1,-0.2033225806451613,-0.3419354838709677,1862463.0,True,"ALPHA MODUS HOLDINGS, INC.",6794.0,Patent Owners & Lessors,other,False,NC,NC,DE,True,False,False,False,False,False,False,False,2021-05-18,False,,False,False,,,False,,False,False,,,no 8-K/6-K on run day,,,,False,False,,
AMPG,2024-12-10,2024-12-09,False,True,False,1.1273863636363637,2.193181818181818,2024-12-11,1.93,1266754.0,0.88,0.88,<1,52480.56,0.0114942528735633,-0.0736842105263158,0.2294642448326585,2024-10-01,0.8832,1.11,0.9921,0.1273863636363637,0.0036363636363636,0.8937837837837836,0.2613636363636364,1256746.6434,0.1398963730569948,,0.150259067357513,,-0.0621761658031086,,2.28,-0.026315789473684,-0.2061403508771928,1518461.0,True,"AmpliTech Group, Inc.",3669.0,"Communications Equipment, NEC",tech/software/semis/telecom,False,NY,NY,NV,True,False,True,False,False,True,False,False,2011-04-19,False,,False,False,,,True,424B5,False,True,11091601.0,2024-11-08,no 8-K/6-K on run day,,11091601.0,9760608.88,False,False,,
AMPG,2024-12-24,2024-12-23,False,True,False,1.6356275303643724,2.072874493927125,2024-12-26,5.12,25011321.0,2.47,2.47,1-3,12841152.090000002,-0.0952380952380951,0.991935483870968,0.2876176373952172,2024-10-01,3.0,4.35,4.04,0.6356275303643724,0.214574898785425,0.928735632183908,0.761133603238866,101045736.84,0.115234375,,-0.1660156250000001,,-0.650390625,,5.68,-0.2482394366197183,-0.6848591549295775,1518461.0,True,"AmpliTech Group, Inc.",3669.0,"Communications Equipment, NEC",tech/software/semis/telecom,False,NY,NY,NV,True,False,True,False,False,True,False,False,2011-04-19,False,,False,False,,,True,424B5,False,True,11091601.0,2024-11-08,no 8-K/6-K on run day,,11091601.0,27396254.470000003,False,False,,
AMST,2026-05-19,2026-05-18,True,True,False,2.2007378196158247,2.582368655387355,2026-05-19,1.73,149220859.696557,0.7861,0.7861,<1,18685643.28889085,-0.041341463414634,-0.5533522727272727,28.024135540184645,2024-10-01,2.42,2.67,1.73,1.2007378196158247,2.0784887418903444,0.6479400749063671,2.39651443836662,258152087.2750436,0.1734104046242772,,0.0982658959537572,,-0.2716763005780347,,1.63,0.165644171779141,-0.2269938650306747,1807166.0,True,Amesite Inc.,7372.0,Services-Prepackaged Software,tech/software/semis/telecom,False,MI,MI,DE,True,False,True,False,True,True,False,False,2020-04-14,True,8.01;9.01,False,True,0001213900-26-058740,ea0291416-8k_amesite.htm,True,EFFECT;S-1/A,False,True,5852985.0,2026-05-18,AI pivot / AI product,"2 ea029141601ex99-1.htm PRESS RELEASE DATED MAY 18, 2026 Exhibit 99.1 Amesite’s NurseMagic™ Wins 2,700-Census Home Care Enterprise Customer Enterprise Deployment Validates AI-Native Infrastructure Strategy and Proves Sca",5852985.0,4601031.5085,False,False,,0.0
ANPA,2025-07-23,2025-07-22,False,True,False,1.592006661115737,2.079933388842631,2025-07-24,24.98,1131703.0,12.01,12.01,>10,7429434.04,1.6222707423580784,,0.2648070987363654,2025-07-08,11.97,21.7,19.12,0.5920066611157371,-0.0033305578684429,0.8811059907834102,0.8068276436303081,21638161.36,0.1140912730184147,,0.1052842273819054,,0.3416733386709367,,24.21,0.1404378356051216,0.3843453118546054,2031688.0,True,Rich Sparkle Holdings Ltd,7380.0,Services-Miscellaneous Business Services,other services,False,,,,False,False,True,False,True,True,True,True,2024-09-13,False,,False,False,,,False,,False,False,,,no 8-K/6-K on run day,,,,True,False,,1.0
ANPA,2026-01-09,2026-01-08,True,True,False,3.588842975206612,3.843801652892562,2026-01-09,86.85,2935120.0,24.2,24.2,>10,882211.0,0.0924521487901768,0.0755555555555556,3.995437214104834,2025-07-08,49.73,108.68,86.85,2.588842975206612,1.0549586776859503,0.7991350754508648,3.490909090909091,254915172.0,0.0710420264824409,,0.147495682210708,,-0.1058146229130685,,80.0,0.2457499999999999,-0.0292499999999999,2031688.0,True,Rich Sparkle Holdings Ltd,7380.0,Services-Miscellaneous Business Services,other services,False,,,,False,False,False,False,False,False,True,True,2024-09-13,False,,True,True,0001213900-26-002714;0001213900-26-002713;0001213900-26-002712,ea0272255-6k_rich.htm;ea0272099-6k_rich.htm;ea0272256-6k_rich.htm,False,,False,False,,,merger / acquisition / buyout,"6-K 1 ea0272255-6k_rich.htm REPORT OF FOREIGN PRIVATE ISSUER U NITED STATES SECURITIES AND EXCHANGE COMMISSION WASHINGTON, D.C. 20549 FORM 6-K REPORT OF FOREIGN PRIVATE ISSUER PURSUANT TO RULE 13a-16 OR 15d-16 UNDER THE ",,,True,False,,1.0
ANTX,2026-03-05,2026-03-04,False,True,False,1.2761194029850744,2.126865671641791,2026-03-06,2.85,1545328.13108,1.34,1.34,1-3,614391.42508062,0.2641509433962263,0.2407407407407407,6.1628775562929095,2024-10-01,1.32,1.79,1.71,0.2761194029850744,-0.0149253731343284,0.9553072625698324,0.335820895522388,2642511.1041468,0.8421052631578947,,0.7333333333333334,,0.1824561403508771,,3.02,0.6357615894039736,0.1158940397350993,1880438.0,True,"AN2 Therapeutics, Inc.",2834.0,Pharmaceutical Preparations,biotech/pharma/medtech,False,CA,CA,DE,True,False,False,False,False,False,False,False,2021-09-24,False,,False,False,,,False,,False,True,27402024.0,2025-11-03,no 8-K/6-K on run day,,27402024.0,36718712.160000004,False,False,,0.0
ANY,2026-06-01,2026-05-29,True,True,False,2.1157894736842104,2.057894736842105,2026-06-01,0.4019999999999999,128250362.77084,0.19,1.9,1-3,355079.6156142,-0.0155440414507772,0.2925170068027212,0.8209012831036515,2024-10-01,0.3165,0.48299,0.4019999999999999,1.1157894736842104,0.6657894736842105,0.8323153688482162,1.5420526315789471,515566458.3387768,-0.0273631840796019,,-0.144278606965174,,-0.3134328358208955,,0.4165,-0.1740696278511404,-0.3373349339735896,1591956.0,True,DarkHorse Technologies Inc.,6199.0,Finance Services,finance/real estate,False,DE,DE,A1,True,False,False,False,False,False,True,False,2013-11-18,False,,False,False,,,False,,False,True,4243822.0,2026-05-08,no 8-K/6-K on run day,,4243822.0,8063261.8,False,False,,0.0
APLM,2024-11-18,2024-11-15,True,False,False,2.020855057351408,1.713242961418144,2024-11-18,0.1938,1678979038.0,0.0959,0.0959,<1,113551.5458,-0.1803418803418803,-0.2513661202185792,1.0069462471509445,2024-10-01,0.1841,0.3598,0.1938,1.0208550573514077,0.9197080291970804,0.5386325736520289,2.7518248175182483,325386137.5644,-0.1522187822497419,,-0.501031991744066,,-0.6130030959752322,,0.1633,-0.4078383343539498,-0.5407225964482547,1944885.0,True,Apollomics Inc.,2834.0,Pharmaceutical Preparations,biotech/pharma/medtech,False,CA,CA,E9,True,False,False,False,False,False,True,False,2022-09-14,False,,False,False,,,False,,False,False,89495790.0,2024-03-28,no 8-K/6-K on run day,,89495790.0,8582646.261,False,False,,
APLS,2026-03-31,2026-03-30,True,True,False,2.3540081919251024,2.36337039204213,2026-03-31,40.23,90709595.197155,17.09,17.09,>10,37006140.893942006,-0.0273192942515652,-0.1743961352657004,0.9375149079960572,2024-10-01,40.4,40.45,40.23,1.3540081919251024,1.363955529549444,0.9945611866501852,1.3668812170860156,3649247014.781545,0.0039771314939101,,0.0114342530449913,,0.0178970917225951,,40.35,0.0084262701363071,0.0148698884758364,1492422.0,True,"Apellis Pharmaceuticals, Inc.",2834.0,Pharmaceutical Preparations,biotech/pharma/medtech,False,MA,MA,DE,True,False,False,False,False,False,False,False,2020-06-16,False,,False,False,,,False,,False,True,127829909.0,2026-02-17,no 8-K/6-K on run day,,127829909.0,2184613144.81,False,False,,0.0
APLT,2025-09-26,2025-09-25,True,False,False,2.2134951802927523,1.0922884684041414,2025-09-26,1.24,114725027.0,0.5602,0.5602,<1,2481507.2962,0.2583108715184188,0.1121699424260471,5.305157127794271,2024-10-01,0.5746,1.32,1.24,1.2134951802927525,0.0257051053195287,0.9393939393939392,1.3563013209568011,142259033.48,-0.5065322580645162,,-0.1935483870967741,,0.1048387096774194,,0.628,0.5923566878980893,1.1815286624203822,1697532.0,True,"Applied Therapeutics, Inc.",2834.0,Pharmaceutical Preparations,biotech/pharma/medtech,False,NY,NY,DE,True,False,True,False,False,True,False,False,2017-02-08,False,,False,False,,,False,,False,True,144012125.0,2025-08-12,no 8-K/6-K on run day,,144012125.0,80675592.42500001,False,False,,0.0
APM,2024-12-31,2024-12-30,True,False,False,2.066420664206642,1.6236162361623618,2024-12-31,2.8,117004678.0,1.355,1.355,1-3,6557953.39,0.8313285579132315,1.0846153846153843,95.11052592792748,2024-10-01,4.82,7.4899,2.8,1.066420664206642,2.55719557195572,0.3738367668460193,4.52760147601476,327613098.4,-0.2142857142857142,,-0.4892857142857143,,-0.5857142857142857,,3.2,-0.5531250000000001,-0.6375000000000001,1734005.0,True,"Niki BioSolutions, Inc.",3829.0,"Measuring & Controlling Devices, NEC",other manufacturing,False,NJ,NJ,E9,True,False,False,False,False,False,True,False,2018-03-28,False,,False,False,,,True,424B5,False,False,,,no 8-K/6-K on run day,,,,False,False,,
APM,2025-07-16,2025-07-15,True,True,False,2.000412456176531,2.0313466694163744,2025-07-16,1.94,196407114.0,0.9698,0.9698,<1,21237.6502,0.1020454545454545,-0.156695652173913,0.7801261795939597,2024-10-01,1.33,4.42,1.94,1.000412456176531,0.3714167869663849,0.4389140271493212,3.5576407506702417,381029801.16,0.0154639175257731,,-0.0051546391752577,,-0.2680412371134021,,1.84,0.0489130434782607,-0.2282608695652175,1734005.0,True,"Niki BioSolutions, Inc.",3829.0,"Measuring & Controlling Devices, NEC",other manufacturing,False,NJ,NJ,E9,True,False,False,False,False,False,True,False,2018-03-28,False,,False,False,,,False,,False,False,,,no 8-K/6-K on run day,,,,False,False,,0.0
APM,2025-08-21,2025-08-20,True,True,False,3.3464566929133857,2.078740157480315,2025-08-21,4.25,397825702.0,1.27,1.27,1-3,66527.68000000001,-0.1056338028169013,-0.3419689119170984,0.3970077390892786,2024-10-01,2.71,4.47,4.25,2.3464566929133857,1.1338582677165352,0.9507829977628636,2.5196850393700787,1690759233.5,-0.3788235294117646,,-0.4788235294117647,,-0.5811764705882353,,2.61,-0.1513409961685824,-0.3180076628352489,1734005.0,True,"Niki BioSolutions, Inc.",3829.0,"Measuring & Controlling Devices, NEC",other manufacturing,False,NJ,NJ,E9,True,False,False,False,False,False,True,False,2018-03-28,False,,False,False,,,False,,False,False,,,no 8-K/6-K on run day,,,,False,False,,0.0
APPS,2025-02-05,2025-02-04,False,True,False,1.0241935483870968,2.0120967741935485,2025-02-06,4.99,7725753.0,2.48,2.48,1-3,4832880.16,-0.0119521912350596,0.2588832487309644,0.6634844138232009,2024-10-01,2.5,2.6275,2.54,0.0241935483870967,0.0080645161290322,0.966698382492864,0.0594758064516129,19623412.62,-0.0180360721442885,,0.3066132264529055,,-0.4108216432865732,,4.64,0.4051724137931034,-0.3663793103448275,317788.0,True,"Digital Turbine, Inc.",6794.0,Patent Owners & Lessors,other,False,TX,TX,DE,True,False,False,False,False,False,False,False,2010-08-20,False,,False,False,,,False,,False,True,103725564.0,2024-11-01,no 8-K/6-K on run day,,103725564.0,257239398.72,False,False,,
APUS,2026-09-24,2026-09-23,True,True,False,2.148471615720524,3.165938864628821,2026-09-24,0.492,87850192.557189,0.229,2.29,1-3,349290.20481880003,0.4312499999999997,-0.5392354124748491,0.9668967051493224,2025-05-09,0.6990000000000001,0.8740000000000001,0.492,1.1484716157205237,2.052401746724891,0.562929061784897,2.8165938864628823,432222947.3813699,0.473577235772358,,,beyond_data,,beyond_data,0.8320000000000001,,,1894525.0,True,"Apimeds Pharmaceuticals US, Inc.",2834.0,Pharmaceutical Preparations,biotech/pharma/medtech,False,NJ,NJ,DE,True,False,False,False,False,False,False,False,2024-01-29,False,,False,False,,,False,,False,False,1509118.0,2026-08-12,no 8-K/6-K on run day,,1509118.0,3455880.22,False,True,1-for-10,0.0
AQMS,2025-10-14,2025-10-13,True,False,False,2.988900100908173,1.4066599394550958,2025-10-14,0.1481,34583496.0,0.04955,9.91,3-10,258791553.53,0.5755166931637521,1.7642956764295676,10.073359418293608,2024-10-01,0.0845,0.197,0.1481,1.9889001009081733,0.7053481331987888,0.751776649746193,2.975782038345106,1024363151.52,-0.5293720459149224,,-0.6019581363943283,,-0.7778528021607023,,0.11555,-0.4898312418866292,-0.7152747728256166,1621832.0,True,"Aqua Metals, Inc.",3341.0,Secondary Smelting & Refining of  Nonferrous Metals,other manufacturing,False,NV,NV,DE,True,False,True,False,True,False,False,False,2014-10-08,False,,False,False,,,True,424B5;S-3,False,True,1406005.0,2025-08-04,no 8-K/6-K on run day,,1406005.0,13933509.55,False,True,1-for-10,0.0
ARAI,2026-04-13,2026-04-10,False,True,False,1.0975308641975308,2.0370370370370368,2026-04-14,1.65,13260739.66579,0.81,0.81,<1,17053784.72487738,0.1232838718624325,-0.1863385233550979,1.1274086609703955,2025-05-15,0.7994,0.999,0.889,0.0975308641975307,-0.0130864197530864,0.8898898898898899,0.2333333333333331,11788797.562887313,-0.3878787878787878,,-0.4666060606060606,,-0.5818181818181818,,1.01,-0.1286138613861386,-0.3168316831683169,1818274.0,True,Arrive AI Inc.,7340.0,Services-To Dwellings & Other Buildings,other services,False,IN,IN,DE,True,False,True,False,True,True,False,True,2020-10-20,False,,False,False,,,False,,False,True,34213387.0,2025-11-14,no 8-K/6-K on run day,,34213387.0,27712843.470000003,True,False,,1.0
ARBB,2024-10-25,2024-10-24,True,True,False,2.074287446937538,2.035476046088539,2024-10-25,0.6841,309478918.0,0.3298,0.3298,<1,60663.0822,0.0546850015989766,,,2024-10-01,0.4102,0.8984,0.6841,1.074287446937538,0.2437841115827774,0.7614648263579697,1.724075197089145,211714527.8038,-0.0187107148077766,,-0.2979082005554744,,-0.2366613068264874,,0.58,-0.1718948275862069,-0.099655172413793,1930179.0,True,ARB IOT Group Ltd,7373.0,Services-Computer Integrated Systems Design,tech/software/semis/telecom,False,,,E9,False,False,False,False,False,False,True,False,2022-06-24,False,,False,False,,,False,,False,False,26437500.0,2023-06-30,no 8-K/6-K on run day,,,,False,False,,
ARBB,2025-09-19,2025-09-18,False,True,False,1.3157894736842106,2.1452631578947368,2025-09-22,0.6793333333333333,5719392.0,0.3166666666666666,4.75,3-10,107962.75,0.0237510237510236,0.1363636363636364,3.008809727103645,2024-10-01,0.3410066666666667,0.4173333333333333,0.4166666666666667,0.3157894736842106,0.0768631578947369,0.9984025559105432,0.3178947368421052,35746200.0,0.1776251226692837,,-0.3267909715407261,,-0.3719332679097153,,0.6586666666666667,-0.305668016194332,-0.3522267206477733,1930179.0,True,ARB IOT Group Ltd,7373.0,Services-Computer Integrated Systems Design,tech/software/semis/telecom,False,,,E9,False,False,False,False,False,False,True,False,2022-06-24,False,,False,False,,,False,,False,False,26437500.0,2024-06-30,no 8-K/6-K on run day,,1762500.0,8371875.0,False,False,,0.0
ARBK,2025-10-03,2025-10-02,False,True,False,1.2363206152026027,2.412008281573499,2025-10-06,0.8155,12383235.0,0.3381,0.3381,<1,3177718.3893,0.2954022988505747,0.3727161997563948,3.020505865917735,2024-10-01,0.3481,0.4432,0.418,0.2363206152026027,0.0295770482105885,0.9431407942238268,0.3108547766932859,5176192.23,-0.1531575720416922,,-0.2367872470876763,,-0.5708154506437768,,0.7501,-0.1702439674710039,-0.5333955472603653,1841675.0,True,Argo Blockchain Plc,6199.0,Finance Services,finance/real estate,True,,,X0,False,False,False,False,False,False,True,False,2021-02-03,False,,False,False,,,False,,False,False,637975353.0,2024-12-31,no 8-K/6-K on run day,,637975353.0,215699466.8493,False,False,,0.0
ARBKL,2025-12-12,2025-12-11,True,False,False,3.011363636363636,,2025-12-12,5.3,5136914.0,1.76,1.76,1-3,133276.0,0.4367346938775509,,5.11391707689847,2024-10-01,1.69,6.57,5.3,2.011363636363636,-0.0397727272727272,0.806697108066971,2.7329545454545454,27225644.2,,no_trades_after,,no_trades_after,,no_trades_after,,,,1841675.0,True,Argo Blockchain Plc,6199.0,Finance Services,finance/real estate,True,,,X0,False,False,False,False,False,False,True,False,2021-02-03,False,,True,True,0001654954-25-013902,a4666l.htm,False,,False,False,637975353.0,2024-12-31,crypto treasury / digital assets,"6-K 1 a4666l.htm BOND EXCHANGE a4666l UNITED STATES SECURITIES AND EXCHANGE COMMISSION Washington, D.C. 20549 _____________________ FORM 6-K _____________________ REPORT OF FOREIGN PRIVATE ISSUER PURSUANT TO RULE 13a-16 ",637975353.0,1122836621.28,False,False,,0.0
AREB,2025-04-04,2025-04-03,True,True,False,4.924242424242424,2.679292929292929,2025-04-04,0.0866666666666666,83206151.0,0.0176,3.96,3-10,22362456.6,0.6000000000000001,-0.6002019182231195,1.2875309274090456,2024-10-01,0.0355555555555555,0.0928444444444444,0.0866666666666666,3.924242424242424,1.02020202020202,0.9334609861177596,4.275252525252525,1622519944.5,-0.4558974358974359,,-0.6815384615384615,,-0.8497435897435898,,0.0726222222222222,-0.6199510403916769,-0.8206854345165239,1648087.0,True,AMERICAN REBEL HOLDINGS INC,3490.0,Miscellaneous Fabricated Metal Products,other manufacturing,False,TN,TN,NV,True,False,False,False,False,False,False,False,2015-08-04,False,,False,False,,,False,,False,True,2460406.0,2025-02-05,no 8-K/6-K on run day,,98416.24,389728.3104,False,True,1-for-25,0.0
AREB,2025-10-22,2025-10-21,False,True,False,1.7199999999999998,3.016,2025-10-23,0.0008377777777777,69639546.0,0.0002777777777777,1.25,1-3,10307401.25,-0.6843434343434343,-0.9491869918699188,6.854533772533937,2024-10-01,0.0003666666666666,0.0005133333333333,0.0004777777777777,0.7199999999999998,0.3199999999999998,0.9307359307359306,0.8479999999999999,149725023.9,-0.416445623342175,,-0.6074270557029178,,-0.753289124668435,,0.00062,-0.4695340501792114,-0.6666308243727599,1648087.0,True,AMERICAN REBEL HOLDINGS INC,3490.0,Miscellaneous Fabricated Metal Products,other manufacturing,False,TN,TN,NV,True,False,True,False,True,True,False,False,2015-08-04,False,,False,False,,,False,,False,True,7450765.0,2025-08-08,no 8-K/6-K on run day,,372538.25,465672.8125,False,True,1-for-20,0.0
AREBW,2025-01-07,2025-01-06,True,False,False,3.058252427184466,1.6990291262135924,2025-01-07,0.0315,476385.0,0.0103,0.0103,<1,957.2923,0.03,,6.111322987901104,2024-10-02,0.0179,0.0588,0.0315,2.058252427184466,0.7378640776699028,0.5357142857142857,4.70873786407767,15006.1275,-0.4444444444444444,,-0.4444444444444444,,-0.3682539682539683,,0.03,-0.4166666666666666,-0.3366666666666665,1648087.0,True,AMERICAN REBEL HOLDINGS INC,3490.0,Miscellaneous Fabricated Metal Products,other manufacturing,False,TN,TN,NV,True,False,False,False,False,False,False,False,2015-08-04,False,,False,False,,,False,,False,False,8406729.0,2024-08-14,no 8-K/6-K on run day,,8406729.0,86589.3087,False,False,,
AREBW,2025-04-02,2025-04-01,True,False,False,2.4,1.4782608695652175,2025-04-02,0.0276,1402416.0,0.0115,0.0115,<1,122.2795,-0.2532467532467533,-0.3390804597701149,,2024-10-02,0.0114,0.038,0.0276,1.4,-0.0086956521739129,0.7263157894736842,2.3043478260869565,38706.6816,-0.3840579710144927,,-0.1304347826086955,,-0.1992753623188404,,0.026,-0.0769230769230768,-0.1499999999999999,1648087.0,True,AMERICAN REBEL HOLDINGS INC,3490.0,Miscellaneous Fabricated Metal Products,other manufacturing,False,TN,TN,NV,True,False,False,False,False,False,False,False,2015-08-04,False,,False,False,,,False,,False,True,2460406.0,2025-02-05,no 8-K/6-K on run day,,2460406.0,28294.668999999998,False,False,,0.0
AREC,2025-04-16,2025-04-15,False,True,False,1.8344075359444725,2.131879028259792,2025-04-17,1.29,69399099.0,0.6051,0.6051,<1,4170421.2069,0.500371931564592,0.2690855704697985,1.0074089247420426,2024-10-01,0.6098,1.25,1.11,0.8344075359444723,0.0077673111882334,0.8880000000000001,1.0657742521897209,77032999.89,-0.0465116279069768,,-0.1937984496124031,,-0.2782945736434108,,1.38,-0.2463768115942027,-0.3253623188405796,1590715.0,True,American Resources Corp,1220.0,Silver Ores,mining/energy,False,IN,IN,FL,True,False,False,False,False,False,False,False,2013-11-06,False,,False,False,,,False,,False,False,77421255.0,2024-11-14,no 8-K/6-K on run day,,77421255.0,46847601.4005,False,False,,0.0
AREN,2024-11-15,2024-11-14,True,True,True,3.0701754385964914,3.0877192982456143,2024-11-15,1.75,93857207.0,0.57,0.57,<1,4851321.869999999,-0.0657269300114735,-0.2400000000000001,706.4380280459569,2024-10-01,1.91,2.18,1.75,2.0701754385964914,2.3508771929824563,0.8027522935779816,2.8245614035087727,164250112.25,0.0057142857142857,,-0.1142857142857142,,-0.1085714285714285,,1.6,-0.03125,-0.025,894871.0,True,"Paradium.AI, Inc.",4841.0,Cable & Other Pay Television Services,other,False,NY,NY,DE,True,False,False,False,False,False,False,False,1996-07-30,True,2.02;9.01,False,True,0001493152-24-046015,form8-k.htm,False,,False,True,47465749.0,2024-11-14,earnings / business update,"s $13.6 million positive swing in quarterly income from continuing operations, demonstrating transformation plan’s rapid effectiveness NEW YORK – November 14, 2024 – The Arena Group Holdings, Inc. (NYSE American: AREN) (",47465749.0,27055476.929999996,False,False,,
ARMP,2025-10-22,2025-10-21,True,True,False,2.031700288184438,2.0461095100864557,2025-10-22,7.05,13062640.0,3.47,3.47,3-10,41688.58,0.0579268292682928,0.1377049180327869,1.272002498689776,2024-10-01,3.5,16.34,7.05,1.031700288184438,0.0086455331412103,0.4314565483476132,3.7089337175792494,92091612.0,0.0070921985815601,,-0.225531914893617,,0.0354609929078013,,5.97,-0.0854271356783918,0.2227805695142379,921114.0,True,"Armata Pharmaceuticals, Inc.",2836.0,"Biological Products, (No Diagnostic Substances)",biotech/pharma/medtech,False,CA,CA,WA,True,False,True,True,False,False,False,False,2004-01-27,True,7.01;9.01,False,True,0001104659-25-101447,tm2529060d1_8k.htm,False,,False,False,36229842.0,2025-08-06,FDA / clinical,"2 tm2529060d1_ex99-1.htm EXHIBIT 99.1 Exhibit 99.1 Armata Pharmaceuticals Highlights Positive Results from Phase 2a diSArm Study of its Staphylococcus aureus Bacteriophage Cocktail, AP-SA02, in Late-Breaking Oral Present",36229842.0,125717551.74000001,False,False,,0.0
ARTL,2026-03-27,2026-03-26,True,True,False,3.304075235109718,2.736677115987461,2026-03-27,0.5855555555555555,82507239.210629,0.1772222222222222,3.19,3-10,6972630.6755205095,-0.5544692737430168,-0.14247311827957,0.566988121392998,2024-10-01,0.4438888888888889,1.1061055555555557,0.5855555555555555,2.304075235109718,1.504702194357367,0.5293848788793515,5.241347962382445,869626301.2800297,-0.1717267552182162,,-0.3728652751423149,,-0.642314990512334,,0.4244444444444444,-0.1348167539267014,-0.506544502617801,1621221.0,True,"ARTELO BIOSCIENCES, INC.",2834.0,Pharmaceutical Preparations,biotech/pharma/medtech,False,CA,CA,NV,True,False,True,False,True,False,False,False,2014-10-08,True,1.01;3.02;7.01;9.01,False,True,0001640334-26-000554,artl_8k.htm,True,EFFECT,False,True,2124772.0,2026-02-20,crypto treasury / digital assets,4 artl_ex991.htm PRESS RELEASE artl_ex991.htm EXHIBIT 99.1 Artelo Biosciences Expands ART27.13 Development as a Potential Companion Therapy to GLP-1 Treatments Evaluating Potential to Preserve Muscle Mass Associated with,708257.3333333334,2259340.8933333335,False,True,1-for-3,0.0
ARTV,2025-10-17,2025-10-16,True,False,False,2.1696750902527078,1.772563176895307,2025-10-17,6.01,100332975.0,2.77,2.77,1-3,61522855.09,-0.0766666666666666,0.1638655462184874,265.058330235475,2024-10-01,5.59,7.36,6.01,1.169675090252707,1.0180505415162453,0.8165760869565217,1.6570397111913358,603001179.75,-0.1830282861896838,,-0.0998336106489183,,-0.459234608985025,,5.66,-0.0441696113074204,-0.4257950530035336,1817241.0,True,"Artiva Biotherapeutics, Inc.",2836.0,"Biological Products, (No Diagnostic Substances)",biotech/pharma/medtech,False,CA,CA,DE,True,False,True,True,False,False,False,False,2020-07-10,False,,False,False,,,False,,False,True,24425762.0,2025-07-31,no 8-K/6-K on run day,,24425762.0,67659360.74,False,False,,0.0
ARTV,2025-12-12,2025-12-11,False,True,False,1.0509554140127388,2.006369426751592,2025-12-15,6.3,80777.0,3.14,3.14,3-10,395275.76,-0.1682119205298012,-0.2110552763819094,0.8137542595818168,2024-10-01,3.18,3.3,3.3,0.0509554140127388,0.0127388535031847,1.0,0.0509554140127388,266564.1,-0.2777777777777778,,-0.292063492063492,,-0.2412698412698412,,6.17,-0.2771474878444084,-0.2252836304700162,1817241.0,True,"Artiva Biotherapeutics, Inc.",2836.0,"Biological Products, (No Diagnostic Substances)",biotech/pharma/medtech,False,CA,CA,DE,True,False,False,False,False,False,False,False,2020-07-10,False,,False,False,,,False,,False,True,24544904.0,2025-10-31,no 8-K/6-K on run day,,24544904.0,77070998.56,False,False,,0.0
ASBP,2025-05-28,2025-05-27,True,True,False,2.9743157894736845,2.53642105263158,2025-05-28,0.7064,703164608.0,0.2375,0.2375,<1,222553.65,-0.0498099619923985,-0.4757174392935982,1.1001529712159466,2025-02-20,0.3913,0.73,0.7064,1.9743157894736845,0.647578947368421,0.9676712328767124,2.073684210526316,496715479.0912,-0.1472253680634201,,-0.4479048697621743,,-0.5668176670441676,,0.5789,-0.3263085161513214,-0.4714112972879599,1847345.0,True,"Aspire-Lakewood Holdings, Inc.",2834.0,Pharmaceutical Preparations,biotech/pharma/medtech,False,FL,FL,E9,True,False,True,False,True,False,False,False,2021-03-16,False,,False,False,,,True,EFFECT,False,False,49525970.0,2025-05-14,no 8-K/6-K on run day,,49525970.0,11762417.875,False,False,,1.0
ASBP,2025-10-01,2025-09-30,False,True,False,1.041747572815534,2.0388349514563107,2025-10-02,0.42,114848978.0,0.206,0.206,<1,1404438.784,-0.5242494226327945,-0.6419881821341675,4.393483906396653,2025-02-20,0.22,0.36,0.2146,0.041747572815534,0.0679611650485436,0.5961111111111111,0.7475728155339807,24646590.6788,-0.0861904761904762,,-0.1985714285714285,,-0.1038095238095238,,0.4,-0.1584999999999999,-0.059,1847345.0,True,"Aspire-Lakewood Holdings, Inc.",2834.0,Pharmaceutical Preparations,biotech/pharma/medtech,False,FL,FL,E9,True,False,True,False,True,False,False,False,2021-03-16,False,,False,False,,,False,,False,False,49525970.0,2025-08-12,no 8-K/6-K on run day,,49525970.0,10202349.82,False,False,,1.0
ASNS,2026-03-04,2026-03-03,True,True,False,2.865568544102019,2.093517534537725,2026-03-04,0.05393,1069328188.106388,0.01882,0.1882,<1,4379127.988556167,-0.0542713567839194,-0.5995744680851063,28.97786431310877,2024-10-01,0.04135,0.073309,0.05393,1.865568544102019,1.197130712008501,0.7356531940143776,2.8952709883103074,576688691.845775,-0.2694233265343964,,0.0291118116076396,,-0.3350639718153163,,0.039,0.4230769230769231,-0.0805128205128208,1141284.0,True,ACTELIS NETWORKS INC,3669.0,"Communications Equipment, NEC",tech/software/semis/telecom,False,CA,CA,DE,True,False,True,False,True,True,False,True,2002-04-29,False,,False,False,,,False,,False,False,17477860.0,2025-11-12,no 8-K/6-K on run day,,1747786.0,328933.3252,True,False,,0.0
ASPC,2025-12-26,2025-12-24,False,True,False,1.7891207153502238,2.0551415797317434,2025-12-29,27.58,7435835.0,13.42,13.42,>10,3848520.5,0.282982791586998,0.260093896713615,0.9139908890409272,2025-01-03,22.16,56.0,24.01,0.7891207153502238,0.6512667660208644,0.42875,3.172876304023845,178534398.35000002,0.0,,-0.4202320522117476,,-0.435097897026831,,30.2,-0.4705298013245033,-0.4841059602649006,1890361.0,True,ASPAC III Acquisition Corp.,6770.0,Blank Checks,blank check (SPAC),False,K3,Hong Kong,D8,False,True,False,False,False,False,False,False,2021-11-10,False,,False,False,,,False,,False,False,,,no 8-K/6-K on run day,,,,False,False,,1.0
ASST,2025-01-21,2025-01-17,False,True,False,1.9375672766415504,2.927879440258342,2025-01-22,0.272,266358416.0,0.0929,0.4645,<1,110547.7485,-0.1382189239332095,0.105952380952381,0.1843339138215155,2024-10-01,0.2279999999999999,0.29,0.18,0.9375672766415502,1.4542518837459628,0.6206896551724139,2.121636167922497,239722574.4,-0.2205882352941176,,-0.3933823529411765,,-0.5624264705882354,,0.272,-0.3933823529411765,-0.5624264705882354,1920406.0,True,"Strive, Inc.",6199.0,Finance Services,finance/real estate,False,TX,TX,NV,True,False,True,False,True,True,False,False,2022-05-02,False,,False,False,,,True,424B5,False,True,,,no 8-K/6-K on run day,,,,False,False,,
ASST,2025-05-07,2025-05-06,True,True,False,5.557377049180328,12.606557377049183,2025-05-07,0.678,315839429.0,0.122,0.61,<1,119919.29,0.0517241379310344,0.2579913384202927,0.7395768751542439,2024-10-01,0.346,0.682,0.678,4.557377049180328,1.836065573770492,0.9941348973607038,4.59016393442623,1070695664.31,1.2684365781710918,,0.3864306784660767,,1.0383480825958702,,1.11,-0.1531531531531531,0.2450450450450449,1920406.0,True,"Strive, Inc.",6199.0,Finance Services,finance/real estate,False,TX,TX,NV,True,False,False,False,False,False,False,False,2022-05-02,True,1.01;7.01;9.01,False,True,0001213900-25-040419,ea0241184-8k425_asset.htm,False,,False,False,,,listing compliance / reverse split / financing,for common equity shareholders. More information provided about Strive Asset Management’s business at Strive.com. Strive CEO Matt Cole to present transaction and company strategy at Strategy World conference today at 2:1,,,False,False,,0.0
ASTC,2026-03-27,2026-03-26,False,True,False,1.0921658986175116,2.1428571428571432,2026-03-30,4.65,193257.511689,2.17,2.17,1-3,33517.54120057,-0.0905280804694049,-0.2345679012345679,2.719679381816866,2024-10-01,2.11,2.37,2.37,0.0921658986175115,-0.0276497695852534,1.0,0.0921658986175115,458020.30270293006,0.1247311827956989,,-0.1505376344086021,,-0.2731182795698925,,4.19,-0.0572792362768497,-0.1933174224343676,1001907.0,True,ASTROTECH Corp,3826.0,Laboratory Analytical Instruments,other manufacturing,False,TX,TX,DE,True,False,True,True,False,False,False,False,2003-05-09,False,,False,False,,,False,,False,False,1758953.0,2026-02-12,no 8-K/6-K on run day,,1758953.0,3816928.01,False,False,,0.0
ASTC,2026-05-27,2026-05-26,True,True,False,5.5910931174089065,11.91497975708502,2026-05-27,13.81,146331010.619186,2.47,2.47,1-3,182558.2037812,0.0206611570247934,-0.2902298850574711,2.117839597954108,2024-10-01,7.42,19.75,13.81,4.5910931174089065,2.004048582995951,0.6992405063291139,6.995951417004048,2020831256.650959,1.131064446053584,,1.918175235336712,,-0.275887038377987,,21.69,0.8579990779160902,-0.5389580451821117,1001907.0,True,ASTROTECH Corp,3826.0,Laboratory Analytical Instruments,other manufacturing,False,TX,TX,DE,True,False,False,False,False,False,False,False,2003-05-09,False,,False,False,,,True,424B5,False,True,1758953.0,2026-05-12,no 8-K/6-K on run day,,1758953.0,4344613.91,False,False,,0.0
ASTI,2025-06-26,2025-06-25,True,True,False,2.437768240343347,2.7811158798283264,2025-06-26,0.0283999999999999,112814148.0,0.01165,1.165,1-3,288158.09,-0.2626582278481013,-0.2672955974842768,4.514082669182743,2024-10-01,0.0287,0.0371,0.0283999999999999,1.4377682403433472,1.463519313304721,0.765498652291105,2.184549356223176,320392180.32,0.1408450704225354,,-0.1056338028169012,,-0.4049295774647887,,0.0285,-0.1087719298245613,-0.4070175438596491,1350102.0,True,"Ascent Solar Technologies, Inc.",3674.0,Semiconductors & Related Devices,tech/software/semis/telecom,False,CO,CO,DE,True,False,True,False,True,False,False,False,2008-03-05,False,,False,False,,,True,424B4;EFFECT,False,True,1813775.0,2025-05-14,no 8-K/6-K on run day,,1813775.0,2113047.875,False,False,,0.0
ATCH,2025-02-24,2025-02-21,True,False,False,2.3659574468085105,1.625531914893617,2025-02-24,0.0926666666666666,146448389.0,0.0391666666666666,2.35,1-3,2438327.1,-0.2878787878787877,-0.6016949152542372,5.200524369892788,2024-10-01,0.0669999999999999,0.2198333333333333,0.0926666666666666,1.3659574468085105,0.71063829787234,0.4215314632297194,4.612765957446808,814253042.8399999,-0.3129496402877698,,-0.5953237410071943,,-0.8201438848920863,,0.0765,-0.5098039215686274,-0.7821350762527233,1963088.0,True,"AtlasClear Holdings, Inc.",6199.0,Finance Services,finance/real estate,False,FL,FL,DE,True,False,True,False,True,True,False,False,2023-02-14,False,,False,False,,,True,EFFECT;S-1/A,False,False,1200711.0,2025-02-18,no 8-K/6-K on run day,,1200711.0,2821670.85,False,True,1-for-60,
ATCH,2025-09-15,2025-09-12,True,True,False,2.5384615384615388,2.216923076923077,2025-09-15,0.0165,498117709.0,0.0065,0.39,<1,109618002.39,0.8867924528301887,0.8181818181818181,33.9895345385761,2024-10-01,0.015,0.0196666666666666,0.0165,1.5384615384615388,1.307692307692308,0.8389830508474577,2.025641025641025,493136531.91,-0.1266666666666667,,-0.4202020202020202,,-0.5885858585858587,,0.0165,-0.4202020202020202,-0.5885858585858587,1963088.0,True,"AtlasClear Holdings, Inc.",6199.0,Finance Services,finance/real estate,False,FL,FL,DE,True,False,False,False,False,False,False,False,2023-02-14,False,,False,False,,,False,,False,False,15596957.0,2025-05-15,no 8-K/6-K on run day,,15596957.0,6082813.23,False,False,,0.0
ATGL,2025-11-17,2025-11-14,True,True,False,2.398446170921199,2.2197558268590454,2025-11-17,21.61,865629.0,9.01,9.01,3-10,73314.37,,-0.582483781278962,6.981885785108209,2024-10-01,11.82,31.67,21.61,1.3984461709211988,0.3118756936736959,0.6823492263972213,2.5149833518312987,18706242.69,-0.0745025451180009,,0.0127255900046276,,0.1962054604349838,,15.81,0.3842504743833017,0.6350411132194813,1967621.0,True,Alpha Technology Group Ltd,7371.0,Services-Computer Programming Services,tech/software/semis/telecom,False,,,K3,False,False,False,False,False,False,True,False,2023-03-24,False,,False,False,,,False,,False,False,15262500.0,2024-09-30,no 8-K/6-K on run day,,15262500.0,137515125.0,False,False,,0.0
ATLN,2025-03-03,2025-02-28,False,True,False,1.5592417061611374,2.1848341232227493,2025-03-04,4.61,615565.0,2.11,2.11,1-3,9712.33,-0.156,-0.4909529553679131,0.2940274672628553,2024-12-11,2.13,3.9,3.29,0.5592417061611374,0.009478672985782,0.8435897435897436,0.8483412322274881,2025208.85,-0.1258134490238611,,0.0824295010845985,,-0.123644251626898,,4.45,0.1213483146067415,-0.0921348314606741,1605888.0,True,CIRCLE8 GROUP INC,7363.0,Services-Help Supply Services,other services,False,NJ,NJ,DE,True,False,True,False,False,True,False,True,2014-06-10,True,1.02;9.01,False,True,0001213900-25-018768,ea0232636-8k_atlantic.htm,False,,False,True,50146738.0,2024-11-08,other,"false 0001605888 0001605888 2025-02-26 2025-02-26 iso4217:USD xbrli:shares iso4217:USD xbrli:shares UNITED STATES SECURITIES AND EXCHANGE COMMISSION Washington, D.C. 20549 FORM 8-K CURRENT REPORT Pursuant to Section 13 o",50146738.0,105809617.17999999,True,False,,1.0
ATLN,2026-06-23,2026-06-22,True,False,True,3.0241018644838564,1.7737608003638017,2026-06-23,1.33,423864612.923402,0.4398,0.4398,<1,887097.8225705503,-0.2669999999999999,-0.6742222222222223,5.108912207570694,2024-12-11,1.18,1.82,1.33,2.0241018644838564,1.683037744429286,0.7307692307692308,3.1382446566621187,563739935.1881247,-0.4134586466165414,,-0.3082706766917293,,-0.323233082706767,stale_last_close,1.42,-0.352112676056338,,1605888.0,True,CIRCLE8 GROUP INC,7363.0,Services-Help Supply Services,other services,False,NJ,NJ,DE,True,False,True,False,False,True,False,False,2014-06-10,False,,False,False,,,True,424B3,False,False,81293032.0,2026-06-12,no 8-K/6-K on run day,,81293032.0,35752675.4736,False,False,,0.0
ATNF,2024-10-16,2024-10-15,True,True,False,4.256578947368421,2.848684210526316,2024-10-16,6.47,89560793.0,1.52,1.52,1-3,105643.04,0.2881355932203391,,,2024-10-01,14.25,17.75,6.47,3.256578947368421,8.375,0.3645070422535211,10.677631578947368,579458330.7099999,-0.3307573415765069,,-0.3431221020092735,,-0.5533230293663061,,4.56,-0.0679824561403508,-0.3662280701754385,1690080.0,True,FORUM MARKETS Inc,6199.0,Finance Services,finance/real estate,False,FL,FL,,True,False,True,False,True,False,False,False,2016-11-16,True,1.01;3.02;8.01;9.01,False,True,0001213900-24-088119;0001213900-24-087976,ea0217785-8k_180life.htm;ea0217703-8k_180life.htm,False,,False,False,969602.0,2024-08-12,listing compliance / reverse split / financing,false 0001690080 0001690080 2024-10-16 2024-10-16 0001690080 ATNF:CommonStockParValue0.0001PerShareMember 2024-10-16 2024-10-16 0001690080 ATNF:WarrantsToPurchaseSharesOfCommonStockMember 2024-10-16 2024-10-16 iso4217:US,969602.0,1473795.04,False,False,,
ATNF,2025-07-17,2025-07-16,True,True,False,2.078836760195388,2.135635578779961,2025-07-17,1.83,64023996.0,0.8803,0.8803,<1,73536.7408,0.0471036041394075,-0.0830208333333333,1.054187105086816,2024-10-01,0.8996,2.39,1.83,1.078836760195388,0.0219243439736454,0.7656903765690376,1.7149835283426107,117163912.68,0.0273224043715845,,0.1639344262295081,,3.158469945355192,,1.8,0.1833333333333333,3.227777777777778,1690080.0,True,FORUM MARKETS Inc,6199.0,Finance Services,finance/real estate,False,FL,FL,,True,False,True,True,False,True,False,False,2016-11-16,False,,False,False,,,False,,False,True,5695487.0,2025-05-15,no 8-K/6-K on run day,,5695487.0,5013737.2061,False,False,,0.0
ATNF,2025-08-12,2025-08-11,True,True,False,3.065868263473054,3.203592814371257,2025-08-12,10.24,225466046.0,3.34,3.34,3-10,21341484.44,0.050314465408805,2.711111111111111,0.8525649426090728,2024-10-01,5.98,12.74,10.24,2.065868263473054,0.7904191616766469,0.8037676609105181,2.81437125748503,2308772311.04,0.044921875,,-0.3125,stale_last_close,-0.3125,stale_last_close,14.355,,,1690080.0,True,FORUM MARKETS Inc,6199.0,Finance Services,finance/real estate,False,FL,FL,,True,False,True,True,False,True,False,False,2016-11-16,True,7.01;8.01;9.01,False,True,0001213900-25-074637,ea0252766-8k_180life.htm,True,424B5,False,True,6039208.0,2025-07-22,crypto treasury / digital assets,"2 ea025276601ex99-1_180life.htm PRESS RELEASE, DATED AUGUST 12, 2025 Exhibit 99.1 180 Life Sciences (ETHZilla) Holds 82,186 ETH Company Initiates Institutional ETH Accumulation Strategy Palo Alto, Calif. – August 12, 202",6039208.0,20170954.72,False,False,,0.0
ATOM,2026-02-13,2026-02-12,False,True,False,1.6401673640167362,2.397489539748954,2026-02-17,5.73,28260518.0,2.39,2.39,1-3,1084816.22,0.0301724137931036,0.0084388185654007,0.7438560724750736,2024-10-01,2.78,4.02,3.92,0.6401673640167362,0.1631799163179914,0.9751243781094528,0.6820083682008367,110781230.56,-0.043630017452007,,-0.0741710296684119,,-0.1762652705061083,,5.49,-0.0336976320582879,-0.1402550091074682,1420520.0,True,Atomera Inc,3674.0,Semiconductors & Related Devices,tech/software/semis/telecom,False,CA,CA,DE,True,False,False,False,False,False,False,False,2007-12-03,True,2.02;9.01,False,True,0001683168-26-000962,atomera_8k.htm,False,,False,True,31681033.0,2025-10-23,contract / partnership / order,"2 atomera_ex9901.htm PRESS RELEASE DATED FEBRUARY 12, 2026 ATOMERA INCORPORATED Exhibit 99.1 Atomera Provides Fourth Quarter and Fiscal 2025 Results LOS GATOS, Calif. Feb. 12, 2026 Atomera Incorporated (NASDAQ: ATOM), a ",31681033.0,75717668.87,False,False,,0.0
ATPC,2025-12-11,2025-12-10,True,False,False,2.645588235294118,1.9823529411764709,2025-12-11,0.008995,774116817.0,0.0034,0.068,<1,11397922.204,,-0.9476923076923076,931.2447276865684,2024-10-01,0.00596,0.009185,0.008995,1.645588235294118,0.7529411764705882,0.9793140990745782,1.7014705882352938,139263615.3783,-0.2506948304613675,,-0.2401334074485827,,-0.6050528071150639,,0.0074,-0.0763513513513514,-0.5199256756756756,1713210.0,True,Agape ATP Corp,8000.0,Services-Health Services,biotech/pharma/medtech,False,N8,Malaysia,NV,False,False,False,False,False,False,False,False,2017-08-24,False,,False,False,,,False,,False,False,50027000.0,2025-11-10,no 8-K/6-K on run day,,50027000.0,3401836.0000000005,False,False,,0.0
ATPC,2026-03-10,2026-03-09,False,True,False,1.8712871287128712,2.0643564356435644,2026-03-11,0.00417,62274277.309009,0.00202,2.02,1-3,168314.29139664,0.0687830687830688,-0.1755102040816327,0.7950621740863432,2024-10-01,0.0040999999999999,0.0050999999999999,0.00378,0.8712871287128712,1.0297029702970293,0.7411764705882353,1.5247524752475243,235396768.228054,0.354916067146283,,-0.3333333333333333,,-0.3501199040767385,,0.0052,-0.4653846153846155,-0.4788461538461539,1713210.0,True,Agape ATP Corp,8000.0,Services-Health Services,biotech/pharma/medtech,False,N8,Malaysia,NV,False,False,True,True,False,False,False,False,2017-08-24,True,1.01;9.01,False,True,0001493152-26-009469,form8-k.htm,False,,False,False,50027000.0,2025-11-10,contract / partnership / order,"2 ex99-1.htm EX-99.1 Exhibit 99.1 PRESS RELEASE For Immediate Distribution AGAPE ATP Corporation Forges Strategic Collaboration with UAE-Based Citadel Investment Partnership Strengthens Global Oil, Gas and Petrochemical ",1000540.0,2021090.8,False,True,1-for-50,0.0
ATPC,2026-05-28,2026-05-27,True,False,False,2.129824561403509,1.7087719298245614,2026-05-28,0.00607,54076078.161971,0.00285,2.85,1-3,39466459.93657215,0.3194444444444444,0.2571680635200706,5.588059819859721,2024-10-01,0.00577,0.0085,0.00607,1.1298245614035092,1.024561403508772,0.7141176470588235,1.9824561403508767,328241794.443164,-0.1976935749588139,,-0.4069192751235585,,-0.4843492586490939,,0.00563,-0.3605683836589697,-0.4440497335701598,1713210.0,True,Agape ATP Corp,8000.0,Services-Health Services,biotech/pharma/medtech,False,N8,Malaysia,NV,False,False,False,False,False,False,False,False,2017-08-24,False,,False,False,,,False,,False,False,1000626.0,2026-05-12,no 8-K/6-K on run day,,1000626.0,2851784.1,False,False,,0.0
ATRA,2026-05-06,2026-05-05,False,True,False,1.081932773109244,2.0861344537815127,2026-05-07,0.3972,185369.988214,0.1903999999999999,4.76,3-10,222153.94373508,0.0063424947145875,0.0106157112526537,0.6960785562455499,2024-10-01,0.1908,0.2104,0.206,0.0819327731092438,0.0021008403361344,0.979087452471483,0.1050420168067227,954655.4393021,-0.1601208459214501,,-0.0342396777442094,,-0.0010070493454179,,0.386,-0.0062176165803109,0.0279792746113989,1604464.0,True,"Atara Biotherapeutics, Inc.",2836.0,"Biological Products, (No Diagnostic Substances)",biotech/pharma/medtech,False,CA,CA,DE,True,False,True,True,False,True,False,False,2015-07-09,False,,False,False,,,True,424B5,False,True,8178114.0,2026-03-10,no 8-K/6-K on run day,,8178114.0,38927822.64,False,False,,0.0
AVAT,2026-09-18,2026-09-17,False,True,False,1.2258796821793416,2.1225879682179345,2026-09-21,1.87,2200506.455474,0.881,0.881,<1,733046.011022095,-0.0736067297581493,1.0729411764705885,0.995470409896648,2026-06-11,0.86,1.1199,1.08,0.2258796821793416,-0.0238365493757094,0.9643718189124032,0.2711691259931894,2376546.97191192,0.20855614973262,,-0.1069518716577541,,,beyond_data,1.83,-0.0874316939890711,,2092446.0,True,Avalanche Treasury Corp,6199.0,Finance Services,finance/real estate,False,DE,DE,DE,True,False,True,False,True,True,False,True,2025-12-10,False,,False,False,,,False,,False,True,,,no 8-K/6-K on run day,,,,True,False,,1.0
AVGR,2024-12-24,2024-12-23,True,False,False,2.2571606475716064,1.9925280199252804,2024-12-24,1.45,107528365.0,0.6424,0.6424,<1,891590.8143999999,0.3467505241090147,-0.2250904704463209,4.585509436530582,2024-10-01,1.64,1.93,1.45,1.2571606475716064,1.5529265255292652,0.7512953367875648,2.004358655043587,155916129.25,-0.1172413793103447,,-0.4289655172413793,,-0.6058620689655172,,1.26,-0.3428571428571428,-0.5464285714285715,1506928.0,True,Avinger Inc,3841.0,Surgical & Medical Instruments & Apparatus,biotech/pharma/medtech,False,CA,CA,DE,True,False,True,False,False,True,False,True,2010-12-03,False,,False,False,,,False,,False,False,3196791.0,2024-11-04,no 8-K/6-K on run day,,3196791.0,2053618.5384,True,False,,
AXTU,2026-07-30,2026-07-29,False,True,False,1.5415384615384615,2.4184615384615387,2026-07-31,3.93,1585730.952837,1.625,1.625,1-3,758828.875805,-0.5448179271708684,-0.7953400503778337,1.1533387998326712,2026-05-05,2.0,2.65,2.505,0.5415384615384615,0.2307692307692308,0.9452830188679244,0.6307692307692307,3972256.036856685,0.2773536895674298,,1.0508905852417303,,-0.2366412213740458,,3.51,1.2962962962962967,-0.1452991452991452,,False,,,,,,,,,,,,,,,,,,,,,,,,,,,,,,no 8-K/6-K on run day,,,,,False,,1.0
AXTX,2026-07-30,2026-07-29,False,True,False,1.5614617940199338,2.4385382059800667,2026-07-31,7.34,17943803.977105,3.01,3.01,3-10,19509272.968561668,-0.5418569254185692,-0.7934111187371311,1.4812721501733028,2026-04-24,3.75,4.95,4.7,0.5614617940199338,0.2458471760797342,0.9494949494949496,0.6445182724252494,84335878.6923935,0.2615803814713897,,1.02724795640327,,-0.2384196185286103,,6.35,1.3433070866141734,-0.1196850393700786,,False,,,,,,,,,,,,,,,,,,,,,,,,,,,,,,no 8-K/6-K on run day,,,,,False,,1.0
AZI,2025-12-19,2025-12-18,False,True,False,1.6447368421052633,2.1842105263157894,2025-12-22,0.0664,86200902.0,0.0304,1.52,1-3,951912.16,-0.1849865951742627,-0.6423529411764706,0.1840353651969266,2024-10-01,0.044,0.065,0.05,0.6447368421052633,0.4473684210526316,0.7692307692307693,1.138157894736842,215502255.0,-0.0210843373493975,,-0.0271084337349396,,-0.1174698795180722,,0.0602,0.0730897009966777,-0.0265780730897008,1959726.0,True,Autozi Internet Technology (Global) Ltd.,7500.0,"Services-Automotive Repair, Services & Parking",other services,False,,,E9,False,False,False,False,False,False,True,False,2023-01-18,False,,False,False,,,False,,False,False,,,no 8-K/6-K on run day,,,,False,True,1-for-50,0.0
AZI,2026-03-09,2026-03-06,True,True,False,2.463987869598181,2.1993934799090225,2026-03-09,0.013,532781845.301269,0.0052759999999999,0.2638,<1,112881.0307715954,-0.1468305304010349,-0.8542541436464088,0.13024595788753,2024-10-01,0.010998,0.0178,0.013,1.463987869598181,1.084533737680061,0.7303370786516855,2.3737680060652013,346308199.44582486,-0.1073846153846153,,-0.2159999999999999,,-0.736923076923077,,0.0118,-0.1362711864406778,-0.7101694915254237,1959726.0,True,Autozi Internet Technology (Global) Ltd.,7500.0,"Services-Automotive Repair, Services & Parking",other services,False,,,E9,False,False,True,True,False,False,True,False,2023-01-18,False,,False,False,,,True,EFFECT;F-3/A,False,False,,,no 8-K/6-K on run day,,,,False,True,1-for-50,0.0
AZI,2026-06-09,2026-06-08,False,True,False,1.6371681415929205,2.0796460176991154,2026-06-10,0.0047,190648431.361556,0.00226,1.13,1-3,222649.13940546,0.0917874396135265,-0.110236220472441,5.84253554829381,2024-10-01,0.00586,0.014,0.0037,0.6371681415929205,1.5929203539823011,0.2642857142857143,5.194690265486726,352699598.0188786,-0.3404255319148935,,-0.3021276595744681,,-0.3446808510638297,,0.00438,-0.2511415525114155,-0.2968036529680364,1959726.0,True,Autozi Internet Technology (Global) Ltd.,7500.0,"Services-Automotive Repair, Services & Parking",other services,False,,,E9,False,False,True,True,False,False,True,False,2023-01-18,False,,False,False,,,False,,False,False,,,no 8-K/6-K on run day,,,,False,True,1-for-10,0.0
AZTR,2026-03-19,2026-03-18,False,True,False,1.2882223847841991,2.0687637161667887,2026-03-20,0.0014154154154154,120279057.491627,0.0006841841841841,0.1367,<1,258648.83309739,-0.2865344467640919,-0.1765060240963857,1.263856532817086,2024-10-01,0.0006956956956956,0.0011761761761761,0.0008813813813813,0.2882223847841991,0.0168251645940018,0.7493617021276597,0.7190929041697147,21181142.024275515,0.0509193776520511,,-0.1513437057991513,,-0.2503536067892503,,0.0013013013013013,-0.0769230769230769,-0.1846153846153846,1701478.0,True,"Azitra, Inc.",2834.0,Pharmaceutical Preparations,biotech/pharma/medtech,False,CT,CT,DE,True,False,False,False,False,False,False,False,2017-03-20,False,,False,False,,,False,,False,True,16192438.0,2026-02-26,no 8-K/6-K on run day,,16192438.0,2213506.2745999997,False,False,,0.0
BAOS,2024-12-24,2024-12-23,True,True,False,4.104046242774566,2.554913294797688,2024-12-24,7.1,58744815.0,1.73,1.73,1-3,139818.6,0.1161290322580643,-0.0633459664320519,2.0919830612012467,2024-10-01,2.98,13.66,7.1,3.104046242774566,0.722543352601156,0.5197657393850659,6.895953757225434,417088186.5,-0.3774647887323943,,-0.6211267605633803,,-0.5070422535211268,,5.01,-0.4630738522954092,-0.3013972055888223,1811216.0,True,Baosheng Media Group Holdings Ltd,7389.0,"Services-Business Services, NEC",other services,False,,,E9,False,False,False,False,False,False,True,False,2020-05-06,False,,False,False,,,False,,False,False,1534487.0,2023-12-31,no 8-K/6-K on run day,,1534487.0,2654662.51,False,False,,
BATL,2026-01-26,2026-01-23,True,True,False,3.1171875,2.609375,2026-01-26,3.99,216262812.0,1.28,1.28,1-3,19160089.6,0.032258064516129,0.1034482758620691,107.25377871880026,2024-10-01,6.53,6.89,3.99,2.1171875,4.1015625,0.579100145137881,4.3828125,862888619.88,-0.1629072681704261,,-0.2581453634085213,,0.0225563909774435,,3.16,-0.0632911392405063,0.2911392405063291,1282648.0,True,BATTALION OIL CORP,1311.0,Crude Petroleum & Natural Gas,mining/energy,False,TX,TX,DE,True,False,False,False,False,False,False,False,2013-05-24,True,7.01;8.01;9.01,False,True,0001104659-26-006252,batl-20260119x8k.htm,False,,False,False,16456563.0,2025-11-06,contract / partnership / order,"2 batl-20260119xex99d1.htm EX-99.1 Exhibit 99.1 Battalion Oil Corporation Announces Operational Update HOUSTON, Texas, Jan. 23, 2026 (",16456563.0,21064400.64,False,False,,0.0
BATL,2026-03-02,2026-02-27,True,True,False,2.13768115942029,5.0144927536231885,2026-03-02,11.8,90764725.637759,5.52,5.52,3-10,309587486.8264454,0.2432432432432429,0.1062124248496991,8.824817293296865,2024-10-01,10.7,13.61,11.8,1.13768115942029,0.9384057971014492,0.867009551800147,1.4655797101449275,1071023762.5255562,1.3457627118644069,,0.5881355932203387,,-0.535593220338983,,24.76,-0.2431340872374798,-0.778675282714055,1282648.0,True,BATTALION OIL CORP,1311.0,Crude Petroleum & Natural Gas,mining/energy,False,TX,TX,DE,True,False,False,False,False,False,False,False,2013-05-24,False,,False,False,,,False,,False,False,16456563.0,2025-11-06,no 8-K/6-K on run day,,16456563.0,90840227.75999999,False,False,,0.0
BBGI,2025-12-10,2025-12-09,True,True,False,4.120987654320988,2.182716049382716,2025-12-10,0.8345000000000001,45846411.0,0.2025,4.05,3-10,43808.85,0.0,-0.1039823008849556,0.6502848039436704,2024-10-01,0.3025,1.3185000000000002,0.8345000000000001,3.120987654320988,0.4938271604938269,0.6329161926431551,5.511111111111112,765176599.59,-0.4703415218693829,,-0.6914319952067107,,-0.6980227681246256,,0.445,-0.4213483146067416,-0.4337078651685394,1099160.0,True,BEASLEY BROADCAST GROUP INC,4832.0,Radio Broadcasting Stations,other,False,FL,FL,DE,True,False,False,False,False,False,False,False,2007-03-12,False,,False,False,,,False,,False,False,,,no 8-K/6-K on run day,,,,False,False,,0.0
BBGI,2026-04-08,2026-04-07,False,True,False,1.805732484076433,3.509554140127388,2026-04-09,0.551,52491957.445455,0.157,3.14,3-10,24350.703768,-0.0368098159509201,-0.2110552763819094,0.3922491937260744,2024-10-01,0.2625,0.3275,0.2835,0.805732484076433,0.6719745222929934,0.8656488549618321,1.085987261146497,297629398.71572983,0.0671506352087112,,0.2704174228675136,,0.5843920145190564,,0.4745,0.4752370916754478,0.8398314014752373,1099160.0,True,BEASLEY BROADCAST GROUP INC,4832.0,Radio Broadcasting Stations,other,False,FL,FL,DE,True,False,False,False,False,False,False,False,2007-03-12,True,2.02;9.01,False,True,0001193125-26-146436,bbgi-20260408.htm,False,,False,False,,,earnings / business update,"in Chief Communications Officer Director, IR & Corp. Dev. Beasley Broadcast Group, Inc. Beasley Broadcast Group, Inc. 239/263-5000 or Heidi.raphael@bbgi.com 212/835-8500 or ilana@bbgi.com BEASLEY BROADCAST GROUP REPORTS ",,,False,False,,0.0
BDMD,2024-12-31,2024-12-30,True,True,False,7.238095238095237,4.876190476190476,2024-12-31,7.6,89739005.0,1.05,1.05,1-3,161218.05000000002,-0.4262295081967213,-0.5714285714285714,1.6849686608185883,2024-10-02,1.52,9.35,7.6,6.238095238095237,0.4476190476190476,0.8128342245989305,7.904761904761903,682016438.0,-0.3263157894736841,,0.0065789473684212,,-0.0671052631578946,,4.3,0.7790697674418605,0.6488372093023256,1982444.0,True,Baird Medical Investment Holdings Ltd,3841.0,Surgical & Medical Instruments & Apparatus,biotech/pharma/medtech,False,,,E9,False,False,True,False,True,False,True,True,2023-06-26,False,,False,False,,,False,,False,False,,,no 8-K/6-K on run day,,,,True,False,,
BEAT,2025-12-10,2025-12-09,False,True,False,1.9242706393544384,2.631905648665425,2025-12-11,2.12,270415671.0,0.8055,0.8055,<1,1110759.5295,0.1396434634974532,-0.5233727810650888,0.2011670665565917,2024-10-01,1.45,1.79,1.55,0.9242706393544382,0.8001241464928615,0.8659217877094972,1.2222222222222223,419144290.05,0.0849056603773583,,0.2783018867924527,,0.2075471698113207,,2.505,0.0818363273453093,0.0219560878243514,1779372.0,True,"HeartBeam, Inc.",3841.0,Surgical & Medical Instruments & Apparatus,biotech/pharma/medtech,False,CA,CA,DE,True,False,False,False,False,False,False,False,2019-08-16,False,,False,False,,,False,,False,True,34443563.0,2025-11-11,no 8-K/6-K on run day,,34443563.0,27744289.9965,False,False,,0.0
BENF,2025-09-30,2025-09-29,True,True,False,2.5996173817983057,2.3555616288603445,2025-09-30,0.9512,602433346.0,0.3659,0.3659,<1,11593883.2506,0.013573407202216,-0.0965432098765433,40.10622869280965,2024-10-01,0.6367,1.08,0.9512,1.5996173817983057,0.7400929215632688,0.8807407407407407,1.9516261273572015,573034598.7152001,-0.0938814129520606,,-0.2353868797308663,,-0.3060344827586206,,0.7299,-0.0035621317988766,-0.0956295382929167,1775734.0,True,Beneficient,6199.0,Finance Services,finance/real estate,False,TX,TX,NV,True,False,False,False,False,False,False,False,2021-12-22,True,2.02;9.01,False,True,0001775734-25-000020,ben-20250929.htm,False,,False,True,,,listing compliance / reverse split / financing,ben-20250929 0001775734 FALSE 0001775734 2025-09-29 2025-09-29 0001775734 us-gaap:CommonClassAMember 2025-09-29 2025-09-29 0001775734 us-gaap:WarrantMember 2025-09-29 2025-09-29 UNITED STATES SECURITIES AND EXCHANGE COMM,,,False,False,,0.0
BENF,2025-10-22,2025-10-21,True,True,False,3.059548254620123,2.0051334702258727,2025-10-22,1.49,339438992.0,0.487,0.487,<1,7061240.916,-0.0582092438599883,0.405077899596076,0.4145489869755023,2024-10-01,0.8456,1.56,1.49,2.059548254620123,0.7363449691991788,0.9551282051282052,2.203285420944559,505764098.08,-0.3446308724832214,,-0.582214765100671,,-0.6198657718120806,,1.045,-0.4043062200956937,-0.4579904306220095,1775734.0,True,Beneficient,6199.0,Finance Services,finance/real estate,False,TX,TX,NV,True,False,False,False,False,False,False,False,2021-12-22,True,3.02;7.01;9.01,False,True,0001493152-25-018825,form8-k.htm,False,,False,False,,,listing compliance / reverse split / financing,"2 ex99-1.htm EX-99.1 Exhibit 99.1 Beneficient Chairman and Interim CEO Participate in Limited Conversion of Subsidiary Securities into Class A Common Stock DALLAS, October 21, 2025 (",,,False,False,,0.0
BENF,2026-09-23,2026-09-22,True,True,False,5.387330484859744,2.693665242429872,2026-09-23,0.3625,295021125.731385,0.0672875,0.5383,<1,1088364.9566221572,-0.1059624647068593,-0.7611059335197266,0.1611583432021889,2024-10-01,0.365,0.39375,0.3625,4.387330484859744,4.424484488203603,0.9206349206349206,4.851755526657997,855561264.6210165,-0.5,,-0.5310344827586206,,,beyond_data,0.24125,-0.2953367875647668,,1775734.0,True,Beneficient,6199.0,Finance Services,finance/real estate,False,TX,TX,NV,True,False,True,False,True,True,False,False,2021-12-22,True,7.01;9.01,False,True,0001493152-26-043806,form8-k.htm,False,,False,True,,,listing compliance / reverse split / financing,"2 ex99-1.htm EX-99.1 Exhibit 99.1 Beneficient Announces Strategy to Eliminate HCLP Debt and Heppner Equity Interests DALLAS, September 23, 2026 (",,,False,False,,0.0
BFRG,2026-03-30,2026-03-27,True,True,False,2.0657092268345467,3.3051347629352743,2026-03-30,1.05,417575859.809363,0.5083,0.5083,<1,113219.9227809,-0.0939393939393941,-0.123015873015873,1.5318674874362534,2024-10-01,1.05,1.55,1.05,1.0657092268345467,1.0657092268345467,0.6774193548387097,2.04938028723195,438454652.7998312,0.5999999999999999,,0.0952380952380951,,-0.3205714285714286,,1.19,-0.0336134453781512,-0.4005042016806722,1829247.0,True,"BullFrog AI Holdings, Inc.",2834.0,Pharmaceutical Preparations,biotech/pharma/medtech,False,MD,MD,NV,True,False,False,False,False,False,False,False,2020-10-22,False,,False,False,,,True,424B5,False,False,12664387.0,2026-03-18,no 8-K/6-K on run day,,12664387.0,6437307.912099999,False,False,,0.0
BGL,2025-06-27,2025-06-26,True,True,False,3.1079065141720537,2.060169070114371,2025-06-27,62.5,391614.0,20.11,20.11,>10,650276.96,,,,2025-06-26,77.65,114.99,62.5,2.1079065141720537,2.86126305320736,0.5435255239586051,4.718050721034311,24475875.0,-0.33712,,0.19472,,-0.764,,44.1,0.6931972789115646,-0.6655328798185941,2019435.0,True,Blue Gold Ltd,1000.0,Metal Mining,mining/energy,True,,,E9,False,False,True,False,False,True,True,True,2024-06-14,False,,False,False,,,False,,False,False,,,no 8-K/6-K on run day,,,,True,False,,1.0
BGL,2026-01-22,2026-01-21,True,False,False,2.0382775119617227,1.9760765550239237,2026-01-22,4.26,29059523.0,2.09,2.09,1-3,401553.79,-0.1572580645161291,-0.2915254237288136,0.6671889416604246,2025-06-26,2.12,4.5,4.26,1.038277511961723,0.0143540669856461,0.9466666666666668,1.1531100478468903,123793567.98,-0.0305164319248826,,-0.2816901408450704,,-0.4553990610328638,,5.34,-0.4269662921348314,-0.5655430711610487,2019435.0,True,Blue Gold Ltd,1000.0,Metal Mining,mining/energy,True,,,E9,False,False,True,False,True,True,True,True,2024-06-14,False,,False,False,,,True,424B3,False,False,,,no 8-K/6-K on run day,,,,True,False,,1.0
BGLC,2025-07-01,2025-06-30,True,True,False,3.628664495114007,2.221498371335505,2025-07-01,1.114,51022796.0,0.307,3.07,3-10,397211.95,0.1204379562043793,-0.2843822843822845,1.8515762404065357,2024-10-01,1.0145,1.56,1.114,2.628664495114007,2.304560260586319,0.7141025641025641,4.081433224755701,568393947.44,-0.3877917414721723,,-0.4775583482944344,,-0.355475763016158,,0.602,-0.0332225913621261,0.1926910299003321,1737523.0,True,BioNexus Gene Lab Corp,8071.0,Services-Medical Laboratories,biotech/pharma/medtech,False,,,WY,False,False,False,False,False,False,False,False,2019-01-29,False,,False,False,,,False,,False,False,1796597.0,2025-05-15,no 8-K/6-K on run day,,1796597.0,5515552.79,False,True,1-for-10,0.0
BHIL,2025-01-30,2025-01-29,True,False,False,2.1944444444444446,1.45,2025-01-30,0.1128571428571428,13519659.0,0.0514285714285714,1.8,1-3,22618.8,0.0465116279069768,-0.2105263157894736,0.517100189704908,2024-10-01,0.0514285714285714,0.12,0.1128571428571428,1.1944444444444446,0.0,0.9404761904761906,1.3333333333333337,53402653.05,-0.3392405063291139,,-0.5518987341772152,,-0.7885822784810127,,0.0842857142857142,-0.4,-0.7169152542372881,1830210.0,True,"Benson Hill, Inc.",2000.0,Food and Kindred Products,other manufacturing,False,MO,MO,DE,True,False,False,False,False,False,False,True,2020-11-03,False,,False,False,,,False,,False,False,6114020.0,2024-11-07,no 8-K/6-K on run day,,6114020.0,11005236.0,True,False,,
BIAF,2025-04-01,2025-03-31,True,True,False,4.1923076923076925,3.423076923076923,2025-04-01,1.09,497516880.0,0.26,0.26,<1,10881328.38,-0.0978487161693268,-0.3658536585365853,102.57143357817796,2024-10-01,0.6899,1.551,1.09,3.1923076923076925,1.653461538461538,0.7027724049000645,4.965384615384615,542293399.2,-0.1834862385321101,,-0.4655963302752294,,-0.5688073394495413,,0.9042,-0.3557841185578412,-0.4802034948020349,1712762.0,True,"bioAffinity Technologies, Inc.",8731.0,Services-Commercial Physical & Biological Research,biotech/pharma/medtech,False,TX,TX,DE,True,False,True,False,False,True,False,False,2017-07-26,False,,False,False,,,True,S-1,False,True,18255824.0,2025-03-31,no 8-K/6-K on run day,,18255824.0,4746514.24,False,False,,0.0
BIAF,2026-09-01,2026-08-31,False,True,False,1.4451754385964912,2.1381578947368425,2026-09-02,0.0216666666666666,46392729.426984,0.0101333333333333,4.56,3-10,164840.63858687997,-0.2164948453608247,-0.4911282222966188,0.0573789225389077,2024-10-01,0.0171555555555555,0.0191111111111111,0.0146444444444444,0.4451754385964912,0.692982456140351,0.7662790697674419,0.8859649122807018,305728086.92382455,0.3107692307692307,,-0.0369230769230768,,,beyond_data,0.0293333333333333,-0.2886363636363636,,1712762.0,True,"bioAffinity Technologies, Inc.",8731.0,Services-Commercial Physical & Biological Research,biotech/pharma/medtech,False,TX,TX,DE,True,False,True,True,True,True,False,True,2017-07-26,False,,False,False,,,True,424B3;EFFECT;S-3/A,False,False,8101725.0,2026-08-03,no 8-K/6-K on run day,,540115.0,2462924.4,True,True,1-for-15,0.0
BIRD,2026-04-15,2026-04-14,True,True,False,6.823293172690762,4.38152610441767,2026-04-15,0.8494999999999999,288160832.804545,0.1245,2.49,1-3,157551.55167966,-0.0119047619047617,-0.1993569131832796,0.3035185764054935,2024-10-01,0.341,1.2155,0.8494999999999999,5.823293172690762,1.7389558232931726,0.6988893459481694,8.76305220883534,4895852549.349219,-0.3578575632725131,,-0.503825779870512,,-0.7274867569158328,,0.71975,-0.4143799930531434,-0.6783605418548107,1653909.0,True,"Smartbird, Inc.",7374.0,Services-Computer Processing & Data Preparation,tech/software/semis/telecom,False,CA,CA,,True,False,False,False,False,False,False,False,2016-03-11,True,1.01,False,True,0001193125-26-155150,d119005d8k.htm,False,,False,True,,,other,"8-K false 0001653909 0001653909 2026-04-08 2026-04-08 UNITED STATES SECURITIES AND EXCHANGE COMMISSION WASHINGTON, D.C. 20549 FORM 8-K CURRENT REPORT Pursuant to Section 13 or 15(d) of the Securities Exchange Act of 1934",,,False,False,,0.0
BIVI,2024-10-18,2024-10-17,True,True,False,2.0982142857142856,2.3482142857142856,2024-10-18,0.235,52300659.0,0.112,1.12,1-3,94834.88,-0.0427350427350425,,,2024-10-01,0.1129999999999999,0.288,0.235,1.0982142857142856,0.0089285714285711,0.8159722222222223,1.5714285714285707,122906548.65,0.1191489361702127,,0.2170212765957444,,0.3574468085106381,,0.41,-0.3024390243902439,-0.2219512195121951,1580149.0,True,BIOVIE INC.,2834.0,Pharmaceutical Preparations,biotech/pharma/medtech,False,NV,NV,NV,True,False,True,False,False,True,False,False,2013-07-02,False,,False,False,,,True,424B5,False,False,7956660.0,2024-09-25,no 8-K/6-K on run day,,7956660.0,8911459.200000001,False,True,1-for-10,
BIYA,2026-04-28,2026-04-27,False,True,False,1.96405648267009,2.4390243902439024,2026-04-29,0.076,201984165.359391,0.03116,0.779,<1,228223.616834121,-0.1047006091253879,-0.4590277777777778,0.1318781166089609,2025-03-21,0.0536,0.0876,0.0612,0.96405648267009,0.7201540436456997,0.6986301369863014,1.811296534017972,309035772.9998682,0.0421052631578948,,-0.3789473684210526,,-0.4736842105263158,,0.091,-0.4813186813186813,-0.5604395604395604,1944712.0,True,Baiya International Group Inc.,7361.0,Services-Employment Agencies,other services,False,NY,NY,,True,False,True,False,True,True,True,False,2022-11-14,False,,False,False,,,False,,False,False,10000000.0,2024-12-31,no 8-K/6-K on run day,,,,False,False,,0.0
BIYA,2026-05-22,2026-05-21,True,True,False,2.1052631578947367,2.672064777327935,2026-05-22,0.052,101542215.89342,0.0247,0.6175,<1,936416.2911612926,-0.2008541477934514,-0.4228971962616822,0.0917151661099876,2025-03-21,0.045,0.0584,0.052,1.1052631578947367,0.8218623481781373,0.8904109589041097,1.3643724696356272,132004880.661446,0.2692307692307691,,-0.2922307692307692,,-0.6848461538461539,,0.066,-0.4423636363636363,-0.7516969696969698,1944712.0,True,Baiya International Group Inc.,7361.0,Services-Employment Agencies,other services,False,NY,NY,,True,False,True,False,True,True,True,False,2022-11-14,False,,False,False,,,False,,False,False,1185835.0,2025-12-31,no 8-K/6-K on run day,,1185835.0,732253.1125,False,False,,0.0
BIYA,2026-07-27,2026-07-24,True,True,False,2.160621761658031,3.3367875647668392,2026-07-27,0.01668,90445424.025132,0.00772,1.93,1-3,6679221.15447517,-0.5338164251207729,-0.517017017017017,0.4054139087157832,2025-03-21,0.01174,0.0196,0.01668,1.1606217616580312,0.5207253886010363,0.8510204081632652,1.5388601036269431,377157418.1848005,0.5443645083932855,,-0.2565947242206234,,-0.4244604316546763,,0.022,-0.4363636363636363,-0.5636363636363637,1944712.0,True,Baiya International Group Inc.,7361.0,Services-Employment Agencies,other services,False,NY,NY,,True,False,True,True,False,False,True,False,2022-11-14,False,,False,False,,,False,,False,False,1185835.0,2025-12-31,no 8-K/6-K on run day,,118583.5,228866.155,False,True,1-for-10,0.0
BJDX,2025-04-07,2025-04-04,True,False,False,2.1246458923512748,0.8356940509915015,2025-04-07,0.01875,59504294.0,0.008825,3.53,3-10,5348666.59,-0.073490813648294,-0.1575178997613366,44.1442551691387,2024-10-01,0.020625,0.0255,0.01875,1.1246458923512748,1.3371104815864023,0.7352941176470589,1.8895184135977336,446282205.0,-0.6066666666666667,,-0.688,,-0.7653333333333333,,0.0096,-0.3906249999999999,-0.5416666666666665,1704287.0,True,"Bluejay Diagnostics, Inc.",3841.0,Surgical & Medical Instruments & Apparatus,biotech/pharma/medtech,False,MA,MA,DE,True,False,False,False,False,False,False,False,2017-04-19,False,,False,False,,,False,,False,False,554012.0,2025-03-21,no 8-K/6-K on run day,,554012.0,1955662.3599999999,False,False,,0.0
BJDX,2026-06-02,2026-06-01,True,True,False,2.0,2.078341013824885,2026-06-02,0.0027125,74418659.348687,0.00135625,2.17,1-3,161074.55414728998,0.1302083333333334,0.1302083333333334,0.9909572105356812,2024-10-01,0.003825,0.004375,0.0027125,1.0,1.8202764976958528,0.62,2.2258064516129035,322976981.57330155,0.0391705069124423,,0.0368663594470044,,-0.7235023041474654,,0.002409375,0.1673151750972761,-0.688715953307393,1704287.0,True,"Bluejay Diagnostics, Inc.",3841.0,Surgical & Medical Instruments & Apparatus,biotech/pharma/medtech,False,MA,MA,DE,True,False,False,False,False,False,False,False,2017-04-19,True,1.01;7.01;9.01,False,True,0001213900-26-063767,ea0293118-8k_bluejay.htm,False,,False,True,1034715.0,2026-05-04,contract / partnership / order,"3 ea029311801ex99-1.htm PRESS RELEASE, DATED JUNE 2, 2026 Exhibit 99.1 Bluejay Diagnostics and Argonaut Manufacturing Services Announce Strategic Partnership ACTON, MA/CARLSBAD, CA., June 2, 2026 — Bluejay Diagnostics, I",1034715.0,2245331.55,False,False,,0.0
BKKT,2024-11-18,2024-11-15,True,True,False,2.624558303886926,2.606007067137809,2024-11-18,29.71,9712036.0,11.32,11.32,>10,3091209.0,0.1527494908350306,0.0026572187776794,1.6091708151835715,2024-10-01,11.31,29.71,29.71,1.6245583038869258,-0.0008833922261484,1.0,1.6245583038869258,288544589.56,-0.0070683271625715,,-0.0572197913160551,,0.0299562436889935,,32.77,-0.145254806225206,-0.0662191028379616,1820302.0,True,"Bakkt, Inc.",6199.0,Finance Services,finance/real estate,False,GA,GA,,True,False,False,False,False,False,False,False,2020-08-07,False,,False,False,,,False,,False,True,57164266.0,2021-11-30,no 8-K/6-K on run day,,,,False,False,,
BKYI,2024-12-27,2024-12-26,False,True,False,1.293577981651376,2.18348623853211,2024-12-30,2.38,4172582.0,1.09,1.09,1-3,78036.37000000001,0.1847826086956521,0.174062903920724,0.5534665390579944,2024-10-01,1.28,1.43,1.41,0.2935779816513759,0.1743119266055044,0.986013986013986,0.311926605504587,5883340.62,-0.2815126050420168,,-0.2899159663865546,,-0.4285714285714285,,2.27,-0.2555066079295154,-0.4008810572687225,1019034.0,True,BIO KEY INTERNATIONAL INC,7372.0,Services-Prepackaged Software,tech/software/semis/telecom,False,NJ,NJ,DE,True,False,True,False,True,True,False,False,2006-10-10,False,,False,False,,,False,,False,True,3127049.0,2024-11-13,no 8-K/6-K on run day,,3127049.0,3408483.41,False,False,,
BLBX,2025-01-22,2025-01-21,True,True,False,3.266272189349112,2.337278106508876,2025-01-22,5.52,237548077.0,1.69,1.69,1-3,85394.01,-0.0913978494623656,-0.1796116504854369,0.2514882170735161,2024-10-01,3.33,5.9999,5.52,2.266272189349112,0.970414201183432,0.9200153335888932,2.550236686390533,1311265385.04,-0.2844202898550724,,-0.2608695652173912,,-0.3804347826086955,,5.23,-0.2198852772466539,-0.3460803059273423,1567900.0,True,REALLOYS INC.,1000.0,Metal Mining,mining/energy,True,FL,FL,NV,True,False,False,False,False,False,False,False,2013-11-27,True,1.01;2.03;3.02;7.01;9.01,False,True,0001437749-25-001510,blkbx20250118_8k.htm,True,S-3,False,False,3528028.0,2024-11-14,other,"false 0001567900 0001567900 2025-01-17 2025-01-17 UNITED STATES SECURITIES AND EXCHANGE COMMISSION Washington, DC 20549 FORM 8-K CURRENT REPORT Pursuant to Section 13 OR 15(d) of The Securities Exchange Act of 1934 Date ",3528028.0,5962367.319999999,False,False,,
BLIV,2025-04-09,2025-04-08,True,False,False,2.064516129032258,1.2903225806451613,2025-04-09,6.4,3493521.0,3.1,3.1,3-10,410542.3,,,,2025-04-04,3.115,6.4,6.4,1.064516129032258,0.0048387096774193,1.0,1.064516129032258,22358534.4,-0.375,,-0.4875,,-0.3375,,5.48,-0.4014598540145986,-0.2262773722627737,1982448.0,True,BeLive Holdings,7373.0,Services-Computer Integrated Systems Design,tech/software/semis/telecom,False,U0,Singapore,E9,False,False,True,False,True,True,True,True,2023-08-04,False,,True,True,0001641172-25-003311,form6-k.htm,False,,False,False,,,listing compliance / reverse split / financing,"3 ex99-1.htm Exhibit 99.1 BeLive Holdings Announces Pricing of Approximately $10,000,000 Initial Public Offering Singapore, April 4, 2025 – BeLive Holdings (the “Company” or “BeLive”), a provider of live commerce and sho",,,True,False,,1.0
BLMZ,2024-10-10,2024-10-09,False,True,False,1.8736017897091728,2.083333333333333,2024-10-11,1.49,81267123.0,0.7152,0.7152,<1,4198764.691199999,0.0188034188034187,,,2024-10-01,1.4,1.55,1.34,0.8736017897091726,0.9574944071588368,0.864516129032258,1.1672259507829978,108897944.82,-0.1208053691275167,,-0.3489932885906041,,-0.4140939597315436,,1.34,-0.2761194029850746,-0.3485074626865672,1984014.0,True,Harrison Global Holdings Inc.,7819.0,Services-Allied To Motion Picture Production,other services,False,NY,NY,E9,True,False,True,False,True,True,True,True,2023-09-19,False,,False,False,,,False,,False,False,,,no 8-K/6-K on run day,,,,True,False,,
BLUE,2024-12-04,2024-12-03,True,False,False,2.0538354253835425,1.2379358437935843,2024-12-04,0.7363,79229614.0,0.3585,0.3585,<1,3387462.5565,-0.0088471108653581,-0.2257019438444925,1.494889458380542,2024-10-01,0.36,0.77,0.7363,1.0538354253835425,0.0041841004184099,0.956233766233766,1.1478382147838215,58336764.7882,-0.3972565530354475,,-0.4681515686540811,,-0.3766127936982207,,0.5,-0.2168,-0.0819999999999999,1293971.0,True,"bluebird bio, Inc.",2836.0,"Biological Products, (No Diagnostic Substances)",biotech/pharma/medtech,False,MA,MA,DE,True,False,False,False,False,False,False,False,2016-12-02,True,5.07;8.01,False,True,0001293971-24-000086,blue-20241204.htm,False,,False,True,194444345.0,2024-11-12,other,"blue-20241204 0001293971 FALSE 0001293971 2024-12-04 2024-12-04 UNITED STATES SECURITIES AND EXCHANGE COMMISSION WASHINGTON, D.C. 20549 __________________________ FORM 8-K __________________________ CURRENT REPORT Pursua",194444345.0,69708297.68249999,False,False,,
BMGL,2025-05-30,2025-05-29,True,True,False,5.846153846153846,3.769230769230769,2025-05-30,6.08,177398361.0,1.04,1.04,1-3,1251203.2,-0.4438502673796791,-0.745721271393643,0.4575360435895229,2025-02-25,1.28,7.18,6.08,4.846153846153846,0.2307692307692308,0.8467966573816157,5.903846153846153,1078582034.88,-0.3552631578947368,,-0.3536184210526315,,-0.7072368421052632,,8.315,-0.5273601924233313,-0.7859290438965725,2004489.0,True,Basel Medical Group Ltd,8011.0,Services-Offices & Clinics of  Doctors of  Medicine,other services,False,U0,Singapore,D8,False,False,False,False,False,False,True,True,2024-02-09,False,,False,False,,,False,,False,False,,,no 8-K/6-K on run day,,,,True,False,,1.0
BMNR,2025-06-30,2025-06-27,True,True,True,7.94841735052755,10.78546307151231,2025-06-30,1.695,110196702.0,0.21325,4.265,3-10,115129.41,-0.0748373101952279,,0.1883462638912986,2025-06-05,0.75,1.718,1.695,6.94841735052755,2.5169988276670576,0.9866123399301514,7.0562719812426735,3735668197.8,0.3569321533923304,,2.2890855457227137,,-0.056047197640118,,2.6,1.1442307692307692,-0.3846153846153846,1829311.0,True,"BITMINE IMMERSION TECHNOLOGIES, INC.",6199.0,Finance Services,finance/real estate,False,CT,CT,DE,True,False,True,False,True,True,False,True,2020-10-27,True,5.02;7.01;9.01,False,True,0001683168-25-004802,bitmine_8k.htm,False,,False,False,39667607.0,2025-04-11,crypto treasury / digital assets,", Kraken, Galaxy Digital, DCG, Diametric Capital, Occam Crest Management, and Thomas Lee. Upon the closing of the Private Placement, BitMine will advance its treasury strategy on Ethereum. BitMine Immersion continues to ",1983380.35,8459117.19275,True,True,1-for-20,1.0
BMRA,2025-01-16,2025-01-15,True,False,False,2.0171428571428573,1.8285714285714287,2025-01-16,0.706,395608601.0,0.35,0.35,<1,129116.05,-0.0277777777777777,0.1153601019757806,1.561963595408567,2024-10-01,1.1,1.27,0.706,1.0171428571428571,2.1428571428571432,0.5559055118110235,2.628571428571429,279299672.306,-0.093484419263456,,-0.1487252124645892,,0.1756373937677053,,0.71,-0.1535211267605634,0.1690140845070422,73290.0,True,BIOMERICA INC,2835.0,In Vitro & In Vivo Diagnostic Substances,biotech/pharma/medtech,False,CA,CA,DE,True,False,False,False,False,False,False,False,1995-09-28,False,,False,False,,,False,,False,True,18336994.0,2025-01-14,no 8-K/6-K on run day,,18336994.0,6417947.899999999,False,False,,
BNAI,2025-12-29,2025-12-26,True,False,False,2.0875,1.775,2025-12-29,0.2505,150430012.0,0.12,1.2,1-3,180577.2,-0.3023255813953489,-0.6825396825396826,0.8203603493933378,2024-10-01,0.178,0.291,0.2505,1.0875,0.4833333333333336,0.8608247422680412,1.4250000000000005,376827180.06,-0.1497005988023952,,0.8642714570858285,,24.1497005988024,,0.254,0.8385826771653544,23.80314960629921,1838163.0,True,Brand Engagement Network Inc.,7373.0,Services-Computer Integrated Systems Design,tech/software/semis/telecom,False,DE,DE,DE,True,False,True,False,False,True,False,False,2021-01-15,True,1.01;9.01,False,True,0001493152-25-029157,form8-k.htm,False,,False,True,44880795.0,2025-11-25,AI pivot / AI product,"2 ex99-1.htm EX-99.1 Exhibit 99.1 Brand Engagement Network Finalizes Agreement for a Proprietary AI Engagement Solution with a Leading Global Ad Agency for One of the World’s Top Pharmaceutical Companies WILMINGTON, Del.",4488079.5,5385695.399999999,False,True,1-for-10,0.0
BNAI,2026-01-26,2026-01-23,True,True,False,3.766990291262136,3.155339805825242,2026-01-26,6.208,33526085.0,1.648,16.48,>10,719583099.04,1.8861646234676008,10.856115107913672,2.246963728436452,2024-10-01,5.5155,6.763,6.208,2.766990291262136,2.3467839805825244,0.9179358272955788,3.10376213592233,2081299356.8,-0.1623711340206185,,-0.6243556701030928,,-0.5457474226804123,,3.974,-0.4131857070961248,-0.2903875188726723,1838163.0,True,Brand Engagement Network Inc.,7373.0,Services-Computer Integrated Systems Design,tech/software/semis/telecom,False,DE,DE,DE,True,False,True,False,False,True,False,False,2021-01-15,False,,False,False,,,True,424B3,False,True,44880795.0,2025-11-25,no 8-K/6-K on run day,,4488079.5,73963550.16,False,True,1-for-10,0.0
BNZI,2026-05-08,2026-05-07,True,True,False,19.12087912087912,20.47095761381476,2026-05-08,0.01218,308061.257846,0.000637,0.3185,<1,6696224.647084654,-0.0178846746839345,-0.4619932432432432,13.163818544988825,2024-10-01,0.01364,0.0138,0.01218,18.12087912087912,20.412872841444276,0.8826086956521738,20.66405023547881,1876093.06028214,0.070607553366174,,0.257799671592775,,-0.4367816091954022,,0.01218,0.257799671592775,-0.4367816091954022,1826011.0,True,"Banzai International, Inc.",7372.0,Services-Prepackaged Software,tech/software/semis/telecom,False,WA,WA,DE,True,False,True,False,False,True,False,False,2020-10-23,False,,False,False,,,True,424B3,False,True,,,no 8-K/6-K on run day,,,,False,False,,0.0
BOXL,2025-01-06,2025-01-03,True,True,False,3.652173913043478,2.478260869565217,2025-01-06,1.68,240403760.0,0.46,0.46,<1,88345.3,0.2637362637362639,0.1360829834527044,2.411500063409312,2024-10-01,0.4774,2.13,1.68,2.652173913043478,0.0378260869565216,0.7887323943661972,3.6304347826086953,403878316.8,-0.3214285714285715,,-0.5238095238095237,,-0.5595238095238095,,1.28,-0.375,-0.421875,1624512.0,True,Boxlight Corp,8200.0,Services-Educational Services,other services,False,GA,GA,NV,True,False,False,False,False,False,False,False,2014-11-12,False,,False,False,,,False,,False,False,9830431.0,2024-11-11,no 8-K/6-K on run day,,9830431.0,4521998.26,False,False,,
BOXL,2025-09-22,2025-09-19,True,False,True,3.057692307692307,1.8333333333333328,2025-09-22,0.954,218747574.0,0.312,1.56,1-3,821205.8400000001,-0.1428100445079398,-0.1085714285714285,0.2256770624830178,2024-10-01,1.212,2.03,0.954,2.057692307692307,2.884615384615384,0.4699507389162561,5.506410256410256,1043425927.98,-0.40041928721174,,-0.4863731656184485,,-0.6415094339622641,,0.7000000000000001,-0.3,-0.5114285714285715,1624512.0,True,Boxlight Corp,8200.0,Services-Educational Services,other services,False,GA,GA,NV,True,False,False,False,False,False,False,False,2014-11-12,True,4.01;9.01,False,True,0001628280-25-042158,boxl-20250917.htm,True,424B5,False,True,2656617.0,2025-08-06,other,"boxl-20250917 0001624512 false 0001624512 2025-09-17 2025-09-17 UNITED STATES SECURITIES AND EXCHANGE COMMISSION Washington, D.C. 20549 FORM 8-K CURRENT REPORT Pursuant to Section 13 or 15(d) of The Securities Exchange A",2656617.0,4144322.52,False,False,,0.0
BOXL,2026-08-12,2026-08-11,True,True,False,2.6860068259385663,2.3208191126279862,2026-08-12,0.0437222222222222,66171145.778764,0.0162777777777777,2.93,1-3,15850489.20668769,-0.1253731343283581,-0.2506393861892582,213.58075909778657,2024-10-01,0.0253611111111111,0.0549444444444444,0.0437222222222222,1.6860068259385663,0.5580204778156996,0.7957532861476239,2.3754266211604094,520766917.2788727,-0.1359593392630241,,-0.337992376111817,,-0.2795425667090216,,0.0388888888888888,-0.2557142857142856,-0.19,1624512.0,True,Boxlight Corp,8200.0,Services-Educational Services,other services,False,GA,GA,NV,True,False,False,False,False,False,False,False,2014-11-12,True,1.01;3.02;5.03;8.01;9.01,False,True,0001213900-26-087806,ea0301003-8k_boxlight.htm,False,,False,True,4001707.0,2026-05-11,other,"false --12-31 0001624512 0001624512 2026-08-11 2026-08-11 iso4217:USD xbrli:shares iso4217:USD xbrli:shares UNITED STATES SECURITIES AND EXCHANGE COMMISSION Washington, D.C. 20549 FORM 8-K CURRENT REPORT Pursuant to Sect",666951.1666666666,1954166.9183333332,False,True,1-for-6,0.0
BPTH,2024-12-19,2024-12-18,True,False,False,2.227204783258595,1.8834080717488788,2024-12-19,1.49,113705659.0,0.669,0.669,<1,56788.065,-0.0643356643356642,-0.16270337922403,0.8001817459393499,2024-10-01,3.25,3.39,1.49,1.2272047832585948,3.857997010463378,0.43952802359882,4.067264573991031,169421431.91,-0.1543624161073825,,-0.2348993288590605,,-0.4161073825503355,,1.39,-0.1798561151079136,-0.3741007194244604,1133818.0,True,"BIO-PATH HOLDINGS, INC.",2834.0,Pharmaceutical Preparations,biotech/pharma/medtech,False,TX,TX,WY,True,False,True,True,False,True,False,False,2003-05-08,False,,False,False,,,False,,False,False,4306892.0,2024-11-08,no 8-K/6-K on run day,,4306892.0,2881310.748,False,False,,
BQ,2025-07-10,2025-07-09,False,True,False,1.1290322580645162,2.0046082949308754,2025-07-11,0.435,14705.0,0.217,2.17,1-3,116717.79,0.0333333333333332,0.0046296296296295,1.7846075237065104,2024-10-01,0.22977,0.245,0.245,0.1290322580645162,0.0588479262672811,1.0,0.1290322580645162,36027.25,-0.2183908045977011,,-0.3586206896551723,,-0.4183908045977011,,0.423,-0.3404255319148936,-0.4018912529550827,1815021.0,True,Boqii Holding Ltd,5990.0,"Retail-Retail Stores, NEC",retail/wholesale,False,,,E9,False,False,True,False,True,False,True,False,2020-06-22,False,,False,False,,,False,,False,False,,,no 8-K/6-K on run day,,,,False,False,,0.0
BQ,2025-09-29,2025-09-26,True,True,False,3.332194121667806,3.3014354066985647,2025-09-29,0.975,49414827.0,0.2926,2.926,1-3,116413.836,-0.0827586206896551,0.0230769230769232,0.8580995465353902,2024-10-01,0.299,1.8,0.975,2.332194121667806,0.0218728639781271,0.5416666666666667,5.151742993848257,481794563.25,-0.0092307692307692,,0.641025641025641,,-0.158974358974359,,0.8890000000000001,0.7997750281214846,-0.0776152980877392,1815021.0,True,Boqii Holding Ltd,5990.0,"Retail-Retail Stores, NEC",retail/wholesale,False,,,E9,False,False,True,False,True,True,True,True,2020-06-22,False,,False,False,,,False,,False,False,,,no 8-K/6-K on run day,,,,True,False,,0.0
BQ,2025-10-30,2025-10-29,True,False,False,2.13727959697733,0.5037783375314862,2025-10-30,1.697,2960474.0,0.794,7.94,3-10,445187.86,0.0715249662618082,-0.1703239289446186,0.0577877849779895,2024-10-01,0.778,5.61,1.697,1.1372795969773302,-0.0201511335012594,0.3024955436720142,6.065491183879093,50239243.78,-0.7642899233942251,,-0.8314672952268709,,-0.869180907483795,,1.975,-0.8551898734177216,-0.8875949367088607,1815021.0,True,Boqii Holding Ltd,5990.0,"Retail-Retail Stores, NEC",retail/wholesale,False,,,E9,False,False,True,False,False,True,True,True,2020-06-22,False,,False,False,,,True,424B5,False,False,,,no 8-K/6-K on run day,,,,True,False,,0.0
BREA,2025-06-26,2025-06-25,True,True,True,10.092388059701491,10.44776119402985,2025-06-26,6.7619,57854.0,0.67,0.67,<1,192360.35,0.0922725790674927,0.021341463414634,1.921673908794701,2024-10-01,6.48,7.89,6.7619,9.092388059701491,8.671641791044776,0.85702154626109,10.776119402985074,391202.9626,0.0352119966281667,,0.1372543220100859,,-0.0668303287537527,,6.82,0.1275659824046922,-0.0747800586510264,1939965.0,True,Brera Holdings PLC,6199.0,Finance Services,finance/real estate,False,L2,Ireland,L2,False,False,True,False,False,True,True,False,2022-07-28,False,,False,False,,,False,,False,False,,,no 8-K/6-K on run day,,,,False,False,,0.0
BREA,2025-09-18,2025-09-17,True,True,False,3.2549019607843133,2.169934640522876,2025-09-18,24.9,16597492.0,7.65,7.65,3-10,845455.05,0.2338709677419355,0.1769230769230769,0.4772396043622922,2024-10-01,7.84,52.95,24.9,2.2549019607843133,0.0248366013071894,0.4702549575070821,5.921568627450981,413277550.8,-0.3333333333333332,,0.0301204819277107,,0.0120481927710842,stale_last_close,34.29,-0.2519685039370078,,1939965.0,True,Brera Holdings PLC,6199.0,Finance Services,finance/real estate,False,L2,Ireland,L2,False,False,False,False,False,False,True,False,2022-07-28,False,,True,True,0001213900-25-088821,ea0257850-6k_brera.htm,False,,False,False,,,crypto treasury / digital assets,"6 ea025785001ex99-1_brera.htm PRESS RELEASE, DATED SEPTEMBER 18, 2025 Exhibit 99.1 Wall Street Finds Its Solmate: Brera Holdings PLC (NASDAQ: BREA) Announces Oversubscribed $300 Million Private Placement to Fund Establis",,,False,False,,0.0
BRLS,2026-02-09,2026-02-06,True,True,False,2.343032159264931,2.909647779479326,2026-02-09,1.53,79191938.0,0.653,0.653,<1,63617.872,-0.3137151865475565,-0.5893081761006289,0.924874807167438,2024-10-01,0.8,1.87,1.53,1.343032159264931,0.2251148545176111,0.8181818181818181,1.863705972434916,121163665.14,0.2418300653594771,,-0.130718954248366,,0.0980392156862743,,1.37,-0.0291970802919708,0.2262773722627735,1852973.0,True,Borealis Foods Inc.,2000.0,Food and Kindred Products,other manufacturing,False,A6,"Ontario, Canada",E9,False,False,False,False,False,False,False,False,2021-04-02,True,2.04;8.01;9.01,False,True,0001213900-26-013285,ea0275816-8k_borealis.htm,False,,False,False,21463306.0,2025-11-19,listing compliance / reverse split / financing,false 0001852973 A6 0001852973 2026-02-02 2026-02-02 0001852973 BRLS:CommonSharesMember 2026-02-02 2026-02-02 0001852973 BRLS:WarrantsMember 2026-02-02 2026-02-02 iso4217:USD xbrli:shares iso4217:USD xbrli:shares UNITED ,21463306.0,14015538.818,False,False,,0.0
BRLS,2026-08-20,2026-08-19,False,True,False,1.918859649122807,2.0285087719298245,2026-08-21,1.85,47004660.674608,0.912,0.912,<1,3861.902111568,0.084423305588585,0.0629370629370629,0.1867885543018943,2024-10-01,0.83,2.42,1.75,0.9188596491228068,-0.0899122807017545,0.7231404958677686,1.6535087719298245,82258156.180564,-0.0486486486486487,,-0.427027027027027,,-0.2972972972972972,,1.84,-0.4239130434782608,-0.2934782608695652,1852973.0,True,Borealis Foods Inc.,2000.0,Food and Kindred Products,other manufacturing,False,A6,"Ontario, Canada",E9,False,False,False,False,False,False,False,False,2021-04-02,False,,False,False,,,False,,False,True,21463306.0,2026-07-28,no 8-K/6-K on run day,,21463306.0,19574535.072,False,False,,0.0
BRTX,2026-05-26,2026-05-22,False,True,False,1.2009615384615384,2.0812500000000003,2026-05-27,0.4329,10708801.034805,0.208,0.208,<1,332556.888469936,0.0822060353798126,-0.0952588081774684,0.914332142714683,2024-10-01,0.2087,0.2899,0.2498,0.2009615384615384,0.0033653846153847,0.8616764401517765,0.39375,2675058.498494289,0.1064911064911064,,-0.215985215985216,,-0.0898590898590898,,0.3951,-0.140976967856239,-0.0027841052897999,1505497.0,True,"BioRestorative Therapies, Inc.",8090.0,"Services-Misc Health & Allied Services, NEC",biotech/pharma/medtech,False,NY,NY,NV,True,False,True,False,False,True,False,True,2010-11-16,False,,False,False,,,False,,False,False,25478170.0,2026-05-14,no 8-K/6-K on run day,,25478170.0,5299459.359999999,True,False,,0.0
BSLK,2024-11-29,2024-11-27,True,True,False,2.3986486486486487,2.381756756756757,2024-11-29,0.71,80841715.0,0.296,0.296,<1,47587.328,0.0732414793328499,-0.2210526315789474,0.2693014775164724,2024-10-01,0.95,0.9838,0.71,1.398648648648649,2.20945945945946,0.7216914006911973,2.323648648648649,57397617.65,-0.0070422535211267,,-0.2676056338028169,,-0.264507042253521,,0.638,-0.1849529780564263,-0.1815047021943574,1841125.0,True,"Bolt Projects Holdings, Inc.",2860.0,Industrial Organic Chemicals,other manufacturing,False,CA,CA,DE,True,False,True,False,True,True,False,False,2021-01-22,False,,False,False,,,False,,False,True,32337550.0,2024-11-13,no 8-K/6-K on run day,,32337550.0,9571914.799999999,False,False,,
BSLK,2025-02-13,2025-02-12,True,True,False,4.032786885245901,2.164262295081967,2025-02-13,1.23,273099441.0,0.305,0.305,<1,47671.195,0.0338983050847458,-0.1470917225950783,0.1398893059490433,2024-10-01,0.315,1.25,1.23,3.032786885245901,0.0327868852459016,0.984,3.0983606557377046,335912312.43,-0.4633333333333332,,-0.6179674796747967,,-0.7314634146341463,,0.7328,-0.3587609170305676,-0.5492631004366813,1841125.0,True,"Bolt Projects Holdings, Inc.",2860.0,Industrial Organic Chemicals,other manufacturing,False,CA,CA,DE,True,False,True,False,False,True,False,False,2021-01-22,False,,False,False,,,True,424B3;S-1,False,True,32337550.0,2024-11-13,no 8-K/6-K on run day,,32337550.0,9862952.75,False,False,,
BSLK,2025-08-13,2025-08-12,True,True,False,6.568807339449541,3.8990825688073394,2025-08-13,0.7160000000000001,264180058.0,0.109,2.18,1-3,2682069.26,-0.164750957854406,-0.0396475770925108,0.3054973365541437,2024-10-01,0.1745,0.8775000000000001,0.7160000000000001,5.568807339449541,0.6009174311926604,0.815954415954416,7.05045871559633,3783058430.56,-0.4064245810055866,,-0.3896648044692737,,-0.7311452513966481,,0.4195,0.0417163289630513,-0.5411203814064363,1841125.0,True,"Bolt Projects Holdings, Inc.",2860.0,Industrial Organic Chemicals,other manufacturing,False,CA,CA,DE,True,False,True,False,False,True,False,False,2021-01-22,True,2.02;9.01,False,True,0001841125-25-000110,bslk-20250812.htm,True,424B3;S-1,True,True,2061779.0,2025-08-06,earnings / business update,2 bolt-ex991x2025x08x12xbolt.htm EX-99.1 Document BOLT PROJECTS HOLDINGS REPORTS Q2 2025 FINANCIAL RESULTS ● Bolt’s second quarter 2025 Vegan Silk Technology Platform revenues grew twenty-three-fold year-over-year to $1.,2061779.0,4494678.220000001,False,False,,0.0
BTAI,2025-02-28,2025-02-27,False,True,False,1.2485549132947975,2.167630057803468,2025-03-03,0.234375,102551264.0,0.108125,1.73,1-3,140742.42,-0.2478260869565216,-0.672447743108149,0.4332587566447869,2024-10-01,0.121875,0.17625,0.135,0.2485549132947977,0.1271676300578035,0.7659574468085107,0.630057803468208,221510730.24,-0.2799999999999999,,-0.2079999999999999,,-0.4586666666666666,,0.21875,-0.1514285714285713,-0.42,1720893.0,True,"BioXcel Therapeutics, Inc.",2834.0,Pharmaceutical Preparations,biotech/pharma/medtech,False,CT,CT,DE,True,False,True,True,False,False,False,False,2017-11-13,False,,False,False,,,True,424B5,False,True,42748364.0,2024-10-31,no 8-K/6-K on run day,,2671772.75,4622166.8575,False,True,1-for-16,
BTAI,2025-08-04,2025-08-01,False,True,False,1.854014598540146,2.167883211678832,2025-08-05,0.185625,82682940.0,0.085625,1.37,1-3,149976881.12,-0.2430939226519336,-0.2901554404145077,318.1414191434968,2024-10-01,0.1075,0.171875,0.15875,0.8540145985401459,0.2554744525547443,0.9236363636363636,1.0072992700729926,210014667.6,0.1178451178451176,,1.2895622895622894,,0.2188552188552188,,0.1975,1.1518987341772151,0.1455696202531644,1720893.0,True,"BioXcel Therapeutics, Inc.",2834.0,Pharmaceutical Preparations,biotech/pharma/medtech,False,CT,CT,DE,True,False,False,False,False,False,False,False,2017-11-13,False,,False,False,,,True,424B5,False,True,6056046.0,2025-05-09,no 8-K/6-K on run day,,6056046.0,8296783.0200000005,False,False,,0.0
BTCS,2024-11-11,2024-11-08,False,True,False,1.3333333333333333,2.042553191489361,2024-11-12,2.88,1051296.0,1.41,1.41,1-3,226856.31,0.1279999999999999,0.1848739495798319,1.132770366365047,2024-10-01,1.5,1.91,1.88,0.3333333333333332,0.0638297872340425,0.9842931937172776,0.3546099290780142,1976436.48,0.4479166666666667,,0.3993055555555558,,0.2569444444444444,,3.589,0.1228754527723601,0.0086375034828642,1436229.0,True,BTCS Inc.,6199.0,Finance Services,finance/real estate,True,PA,PA,NV,True,False,True,True,False,True,False,False,2008-05-29,False,,False,False,,,True,424B5,False,True,16174923.0,2024-08-16,no 8-K/6-K on run day,,16174923.0,22806641.43,False,False,,
BTCS,2025-07-08,2025-07-07,True,False,False,2.1107142857142858,1.4892857142857143,2025-07-08,5.91,134376185.0,2.8,2.8,1-3,11368190.4,0.3023255813953487,0.1067193675889328,3.7575485201522474,2024-10-01,3.015,6.19,5.91,1.1107142857142858,0.0767857142857144,0.9547657512116317,1.210714285714286,794163253.35,-0.2944162436548223,,-0.1962774957698816,,-0.3028764805414551,,5.06,-0.0612648221343873,-0.1857707509881422,1436229.0,True,BTCS Inc.,6199.0,Finance Services,finance/real estate,True,PA,PA,NV,True,False,False,False,False,False,False,False,2008-05-29,False,,False,False,,,False,,True,True,21095390.0,2025-05-13,no 8-K/6-K on run day,,21095390.0,59067091.99999999,False,False,,0.0
BTCT,2024-11-12,2024-11-11,True,True,False,4.166666666666667,7.003968253968253,2024-11-12,10.5,128436910.0,2.52,2.52,1-3,5377866.48,0.5180722891566265,0.4399999999999999,37.28385851842857,2024-10-01,4.72,17.0,10.5,3.166666666666667,0.8730158730158728,0.6176470588235294,5.746031746031746,1348587555.0,0.6809523809523808,,0.5542857142857143,,-0.2114285714285715,,22.53,-0.2756324900133156,-0.6324900133155793,1796514.0,True,BTC Digital Ltd.,6199.0,Finance Services,finance/real estate,True,,,E9,False,False,False,False,False,False,True,False,2019-12-17,False,,False,False,,,True,S-3,False,False,2610785.0,2024-06-30,no 8-K/6-K on run day,,2610785.0,6579178.2,False,False,,
BTCT,2026-08-19,2026-08-18,False,True,False,1.799741879974188,3.161970316197032,2026-08-20,1.47,147556380.996612,0.4649,0.4649,<1,108699.0577200513,-0.0696417850710425,-0.3925258068731216,0.9489472022400818,2024-10-01,0.48,1.32,0.8367,0.799741879974188,0.0324801032480104,0.6338636363636363,1.8393202839320288,123460423.97986528,-0.2244897959183673,,0.4285714285714286,,-0.1224489795918366,,1.455,0.4432989690721649,-0.1134020618556701,1796514.0,True,BTC Digital Ltd.,6199.0,Finance Services,finance/real estate,True,,,E9,False,False,True,False,True,False,True,False,2019-12-17,False,,False,False,,,True,F-1/A,False,False,9516975.0,2025-12-31,no 8-K/6-K on run day,,9516975.0,4424441.6775,False,False,,0.0
BTOG,2025-03-07,2025-03-06,True,False,False,2.214285714285714,1.696785714285714,2025-03-07,0.62,622668656.0,0.28,0.28,<1,4817828.960000001,0.462140992167102,-0.4509803921568627,0.6700536390833046,2024-10-01,0.44,0.8478,0.62,1.214285714285714,0.5714285714285714,0.7313045529606039,2.0278571428571426,386054566.72,-0.2337096774193547,,-0.5,,-0.7741935483870968,,0.526,-0.4106463878326997,-0.7338403041825095,1735556.0,True,SANGRIX INC.,6199.0,Finance Services,finance/real estate,False,,,E9,False,False,False,False,False,False,True,False,2018-03-26,False,,False,False,,,False,,False,False,3381092.0,2024-06-30,no 8-K/6-K on run day,,3381092.0,946705.7600000001,False,False,,0.0
BTOG,2025-07-10,2025-07-09,False,True,False,1.4879425346331452,2.258081067213956,2025-07-11,0.4401,267029885.0,0.1949,0.1949,<1,3626613.2491,0.2501603592046182,0.2590439276485787,0.8785344442282549,2024-10-01,0.1971,0.3681,0.29,0.4879425346331452,0.0112878399179066,0.7878293941863623,0.8886608517188301,77438666.64999999,-0.1992728925244262,,0.772324471710975,,0.1102022267666438,,0.4298,0.814797580269893,0.1368078175895763,1735556.0,True,SANGRIX INC.,6199.0,Finance Services,finance/real estate,False,,,E9,False,False,False,False,False,False,True,False,2018-03-26,False,,False,False,,,False,,False,False,3381092.0,2024-06-30,no 8-K/6-K on run day,,3381092.0,658974.8308,False,False,,0.0
BTTC,2026-09-21,2026-09-18,True,False,False,2.1775342465753424,1.55013698630137,2026-09-21,0.0056771428571428,423166634.622859,0.0026071428571428,0.365,<1,17624714.4193,0.0041265474552958,-0.4023252005894875,30.028507638672117,2025-10-02,0.0046,0.0069999999999999,0.0056771428571428,1.1775342465753424,0.7643835616438357,0.8110204081632653,1.6849315068493151,336332841.1982483,-0.2881227981882235,,-0.4542023150478107,,,beyond_data,0.0044357142857142,-0.3014492753623189,,2034400.0,True,Black Titan Corp,7371.0,Services-Computer Programming Services,tech/software/semis/telecom,False,NY,NY,,True,False,False,False,False,False,True,True,2024-10-02,False,,False,False,,,False,,False,False,7723620.0,2025-11-28,no 8-K/6-K on run day,,7723620.0,2819121.3,True,False,,1.0
BULL,2025-04-14,2025-04-11,True,True,False,4.747169811320755,3.0867924528301884,2025-04-14,62.9,36885308.0,13.25,13.25,>10,52095979.0,,,,2025-04-11,27.64,79.56,62.9,3.747169811320755,1.0860377358490565,0.7905982905982906,5.0045283018867925,2320085873.2,-0.3497615262321144,,-0.6267090620031797,,-0.7775834658187599,,49.8,-0.5285140562248996,-0.7190763052208835,1866364.0,True,Webull Corp,6211.0,"Security Brokers, Dealers & Flotation Companies",finance/real estate,False,FL,FL,E9,True,False,True,False,False,True,True,True,2024-02-28,False,,True,True,0001213900-25-031269,ea0238132-6k_webull.htm,True,424B3,False,False,,,merger / acquisition / buyout,"6-K 1 ea0238132-6k_webull.htm REPORT OF FOREIGN PRIVATE ISSUER UNITED STATES SECURITIES AND EXCHANGE COMMISSION Washington, D.C. 20549 FORM 6-K REPORT OF FOREIGN PRIVATE ISSUER PURSUANT TO RULE 13a-16 OR 15d-16 UNDER THE",,,True,False,,1.0
BURU,2024-10-08,2024-10-07,True,True,False,2.259002460299709,2.6392305971818386,2024-10-08,0.02525,118260254.0,0.0111775,0.4471,<1,2376870.7845,,,,2024-10-01,0.01492,0.03,0.02525,1.2590024602997092,0.3348244240662046,0.8416666666666668,1.6839633191679717,119442856.54,0.1683168316831682,,-0.2772277227722773,,-0.4752475247524752,,0.0292499999999999,-0.376068376068376,-0.547008547008547,1814215.0,True,"Nuburu, Inc.",3690.0,"Miscellaneous Electrical Machinery, Equipment & Supplies",other manufacturing,False,CO,CO,DE,True,False,True,False,True,True,False,False,2020-06-17,True,1.01;3.02;9.01,False,True,0000950170-24-113319,buru-20241007.htm,False,,False,True,4222322.0,2024-09-05,other,"8-K 0001814215 false 0001814215 2024-10-07 2024-10-07 UNITED STATES SECURITIES AND EXCHANGE COMMISSION WASHINGTON, D.C. 20549 FORM 8-K CURRENT REPORT Pursuant to Section 13 or 15(d) of the Securities Exchange Act of 1934",4222322.0,1887800.1662,False,True,1-for-40,
BURU,2024-12-12,2024-12-11,True,False,False,2.0169354838709674,1.3459677419354836,2024-12-12,0.012505,155554593.0,0.0062,0.248,<1,8635044.048,-0.4298850574712644,-0.4192037470725994,15.492525495080386,2024-10-01,0.0112475,0.0132,0.012505,1.0169354838709674,0.8141129032258063,0.9473484848484848,1.129032258064516,77808407.4186,-0.3326669332267093,,-0.1249500199920031,,-0.0597760895641743,,0.00925,0.1829729729729732,0.2710810810810813,1814215.0,True,"Nuburu, Inc.",3690.0,"Miscellaneous Electrical Machinery, Equipment & Supplies",other manufacturing,False,CO,CO,DE,True,False,False,False,False,False,False,False,2020-06-17,True,3.01;8.01;9.01,False,True,0000950170-24-135448,buru-20241205.htm,False,,False,True,18686931.0,2024-11-08,FDA / clinical,"y Frouge Chief Regulatory Officer - NYSE cc: Amy Bowler, Holland & Hart LLP Tanya Hoos, NYSE Regulation EX-99.2 3 buru-ex99_2.htm EX-99.2 EX-99.2 Exhibit 99.2 Resolution of Non-Compliance with the NYSE Rules CENTENNIAL, ",18686931.0,4634358.888,False,False,,
BURU,2025-05-29,2025-05-28,False,True,False,1.3395225464190983,2.440318302387268,2025-05-30,0.0092,139299649.0,0.00377,0.1508,<1,430495.8476,-0.0258397932816538,0.0120805369127516,0.4927367871794784,2024-10-01,0.003845,0.00512,0.00505,0.3395225464190983,0.0198938992042441,0.986328125,0.3580901856763927,28138529.098,-0.0277173913043478,,-0.0103260869565217,,-0.0499999999999998,,0.007495,0.2148098732488323,0.1661107404936626,1814215.0,True,"Nuburu, Inc.",3690.0,"Miscellaneous Electrical Machinery, Equipment & Supplies",other manufacturing,False,CO,CO,DE,True,False,True,True,False,False,False,False,2020-06-17,False,,False,False,,,False,,False,False,52443348.0,2025-05-15,no 8-K/6-K on run day,,52443348.0,7908456.8784,False,False,,0.0
BURU,2025-10-06,2025-10-03,False,True,False,1.1429852084267145,2.129090094128194,2025-10-07,0.011875,363205740.0,0.0055775,0.2231,<1,178283987.0172,0.7991935483870967,0.578910120311394,11.60775903384739,2024-10-01,0.0067,0.006875,0.006375,0.1429852084267144,0.201255042581802,0.9272727272727272,0.2326311071268492,92617463.7,0.3770526315789475,,-0.1368421052631578,,-0.3894736842105264,,0.017545,-0.4157879737817042,-0.5867768595041323,1814215.0,True,"Nuburu, Inc.",3690.0,"Miscellaneous Electrical Machinery, Equipment & Supplies",other manufacturing,False,CO,CO,DE,True,False,True,False,True,True,False,True,2020-06-17,False,,False,False,,,False,,False,False,79952919.0,2025-08-13,no 8-K/6-K on run day,,79952919.0,17837496.2289,True,False,,0.0
BWEN,2026-05-12,2026-05-11,True,False,False,2.1724137931034484,1.8965517241379315,2026-05-12,4.41,21662611.866992,2.03,2.03,1-3,927250.40965648,-0.2007874015748032,-0.0287081339712919,2.0756328406870383,2024-10-01,2.38,4.6,4.41,1.1724137931034484,0.1724137931034484,0.9586956521739132,1.2660098522167489,95532118.33343472,-0.1269841269841269,,-0.1859410430839002,,-0.1020408163265306,,4.05,-0.1135802469135802,-0.0222222222222221,1120370.0,True,"BROADWIND, INC.",3360.0,Nonferrous Foundries (Castings),other manufacturing,False,IL,IL,DE,True,False,False,False,False,False,False,False,2009-07-23,True,2.02;7.01;9.01,False,True,0001171843-26-003268,f8k_051226.htm,False,,False,False,23310715.0,2026-03-04,earnings / business update,"2 exh_991.htm PRESS RELEASE EdgarFiling EXHIBIT 99.1 Broadwind Announces First Quarter 2026 Results CICERO, Illinois, May 12, 2026 (",23310715.0,47320751.449999996,False,False,,0.0
BYAH,2026-06-08,2026-06-05,True,False,False,2.5,1.4716981132075473,2026-06-08,0.053,21198817.017378,0.0212,1.06,1-3,8696.7886295,-0.1311475409836066,-0.1382113821138211,0.342946514622354,2025-10-28,0.024,0.1298,0.053,1.5,0.1320754716981131,0.4083204930662558,5.122641509433962,56176865.09605169,-0.411320754716981,,-0.4415094339622641,,-0.7249811320754717,,0.0302,-0.0198675496688741,-0.5173509933774835,1986247.0,True,"Park Ha Biological Technology Co., Ltd.",2840.0,"Soap, Detergents, Cleang Preparations, Perfumes, Cosmetics",other manufacturing,False,F4,China,F4,False,True,True,True,False,False,True,True,2023-12-29,False,,False,False,,,True,424B5,True,False,25000000.0,2024-10-31,no 8-K/6-K on run day,,,,True,False,,1.0
BYND,2025-10-20,2025-10-17,True,True,False,2.2769516728624537,5.607187112763322,2025-10-20,1.47,1202713294.0,0.6456,0.6456,<1,282916504.7496,-0.6788059701492537,-0.7718727915194347,12.30051893738982,2024-10-01,1.02,1.53,1.47,1.2769516728624537,0.5799256505576209,0.96078431372549,1.3698884758364316,1767988542.18,1.4625850340136055,,0.2312925170068027,,-0.2925170068027211,,2.31,-0.2164502164502164,-0.5497835497835497,1655210.0,True,"BEYOND MEAT, INC.",2000.0,Food and Kindred Products,other manufacturing,False,CA,CA,DE,True,False,True,True,False,False,False,False,2015-10-15,False,,False,False,,,False,,False,True,76646121.0,2025-08-06,no 8-K/6-K on run day,,76646121.0,49482735.717599995,False,False,,0.0
CADL,2024-12-11,2024-12-10,False,True,False,1.6811279826464207,2.125813449023861,2024-12-12,9.8,100772786.0,4.61,4.61,3-10,3368669.91,0.0221729490022173,-0.0086021505376344,1.1571093729958883,2024-10-01,12.548,14.6,7.75,0.6811279826464207,1.7219088937093274,0.5308219178082192,2.16702819956616,780989091.5,-0.3112244897959184,,0.0163265306122448,,-0.2,,6.85,0.4540145985401462,0.1445255474452556,1841387.0,True,"Candel Therapeutics, Inc.",2836.0,"Biological Products, (No Diagnostic Substances)",biotech/pharma/medtech,False,MA,MA,DE,True,False,False,False,False,False,False,False,2021-02-16,True,7.01;8.01;9.01,False,True,0001193125-24-274870,d901922d8k.htm,True,424B5,False,True,32475537.0,2024-11-04,FDA / clinical,"onsistent with previous studies, with no new safety signals identified • The phase 3 clinical trial was conducted under a Special Protocol Assessment (SPA) with the FDA NEEDHAM, Mass., Dec 11, 2024 – Candel Therapeutics,",32475537.0,149712225.57000002,False,False,,
CAMP,2024-12-04,2024-12-03,False,True,False,1.218556701030928,2.0226804123711344,2024-12-05,9.81,89882.0,4.85,4.85,3-10,160156.69999999998,0.0874439461883407,-0.4099756690997568,0.4404595333972685,2024-10-11,4.92,5.99,5.91,0.2185567010309279,0.0144329896907215,0.986644407345576,0.2350515463917526,531202.62,-0.2038735983690113,,-0.0948012232415901,,-0.5412844036697249,,7.61,0.1668856767411302,-0.4086727989487516,1736730.0,True,Camp4 Therapeutics Corp,2834.0,Pharmaceutical Preparations,biotech/pharma/medtech,False,MA,MA,DE,True,False,True,False,True,True,False,True,2018-09-25,False,,False,False,,,False,,False,True,20161073.0,2024-11-18,no 8-K/6-K on run day,,20161073.0,97781204.05,True,False,,
CAPR,2025-12-03,2025-12-02,True,True,False,4.710691823899371,3.993710691823899,2025-12-03,29.96,56956689.0,6.36,6.36,3-10,17445333.720000003,0.3706896551724139,0.0477759472817134,1.2108193420101796,2024-10-01,30.0,40.37,29.96,3.7106918238993702,3.716981132075471,0.7421352489472381,5.347484276729559,1706422402.44,-0.1522029372496662,,-0.0430574098798397,,-0.0550734312416556,,28.25,0.0148672566371681,0.0021238938053096,1133869.0,True,"CAPRICOR THERAPEUTICS, INC.",2834.0,Pharmaceutical Preparations,biotech/pharma/medtech,False,CA,CA,DE,True,False,True,True,False,False,False,False,2001-02-07,True,7.01;8.01;9.01,False,True,0001104659-25-117981;0001104659-25-117947,capr-20251203x8k.htm;capr-20251203x8k.htm,True,424B3;424B5,False,False,45718475.0,2025-11-07,FDA / clinical,"ed to treat Duchenne cardiomyopathy, the leading cause of mortality in Duchenne ● Deramiocel maintained a favorable safety and tolerability profile consistent with prior clinical experience ● Company plans to submit its ",45718475.0,290769501.0,False,False,,0.0
CAPT,2025-02-04,2025-02-03,True,False,False,2.3917995444191344,1.5535307517084282,2025-02-04,1.05,245999906.0,0.439,0.439,<1,133149.139,0.0257009345794392,-0.3805559475095245,1.414013418863847,2024-10-01,0.45,1.94,1.05,1.3917995444191344,0.0250569476082005,0.5412371134020619,3.4191343963553527,258299901.3,-0.3504761904761905,,-0.5628571428571428,,-0.5104761904761905,,0.9749,-0.529182480254385,-0.4727664375833419,1967478.0,True,Captivision Inc.,3690.0,"Miscellaneous Electrical Machinery, Equipment & Supplies",other manufacturing,False,M5,"Korea, Republic of",M5,False,False,True,False,False,True,True,False,2023-03-06,False,,False,False,,,True,424B3,False,False,,,no 8-K/6-K on run day,,,,False,False,,
CARM,2025-06-10,2025-06-09,True,True,True,4.894179894179895,2.659611992945326,2025-06-10,1.11,722704906.0,0.2268,0.2268,<1,8310320.55,0.1339999999999999,0.1905511811023621,40.2037981029345,2024-10-01,0.7524,1.27,1.11,3.894179894179895,2.317460317460317,0.8740157480314962,4.599647266313933,802202445.6600001,-0.4565765765765767,,-0.5945945945945946,,-0.6414414414414414,,0.75,-0.4,-0.4693333333333332,1485003.0,True,Carisma Therapeutics Inc.,2834.0,Pharmaceutical Preparations,biotech/pharma/medtech,False,PA,PA,DE,True,False,False,False,False,False,False,False,2010-02-24,False,,False,False,,,False,,False,False,41788096.0,2025-05-09,no 8-K/6-K on run day,,41788096.0,9477540.1728,False,False,,0.0
CARM,2025-09-02,2025-08-29,True,False,True,2.046511627906977,1.7204651162790698,2025-09-02,0.44,375339580.0,0.215,0.215,<1,19700539.225,-0.0889830508474576,-0.3097913322632424,198.11668918523017,2024-10-01,0.5423,0.556,0.44,1.0465116279069768,1.522325581395349,0.7913669064748201,1.5860465116279072,165149415.2,-0.1593181818181818,,-0.0593181818181818,,-0.3772727272727272,,0.4069,0.0172032440403047,-0.3266158761366428,1485003.0,True,Carisma Therapeutics Inc.,2834.0,Pharmaceutical Preparations,biotech/pharma/medtech,False,PA,PA,DE,True,False,False,False,False,False,False,False,2010-02-24,True,1.01;3.02;5.01;5.02;8.01;9.01,False,True,0001104659-25-085705,tm2524685d1_8k.htm,False,,False,False,41788096.0,2025-08-05,merger / acquisition / buyout,"XML 8 R1.htm IDEA: XBRL DOCUMENT v3.25.2 Cover Aug. 29, 2025 Cover [Abstract] Document Type 8-K Amendment Flag false Document Period End Date Aug. 29, 2025 Entity File Number 001-36296 Entity Registrant Name Carisma Ther",41788096.0,8984440.64,False,False,,0.0
CAST,2026-06-12,2026-06-11,True,True,False,2.406832298136646,5.822981366459628,2026-06-12,1.55,211058678.63615,0.644,0.644,<1,7863421.90511262,-0.1165980795610425,-0.5464788732394366,44.74771114290737,2026-03-10,0.5979,2.0,1.55,1.406832298136646,-0.071583850931677,0.775,2.1055900621118013,327140951.8860325,1.4193548387096775,,5.348387096774193,,0.8,,4.84,1.033057851239669,-0.4235537190082644,1633369.0,True,"FreeCast, Inc.",7374.0,Services-Computer Processing & Data Preparation,tech/software/semis/telecom,False,FL,FL,FL,True,False,True,False,True,False,False,True,2015-05-13,False,,False,False,,,False,,False,True,,,no 8-K/6-K on run day,,,,True,False,,1.0
CAST,2026-08-18,2026-08-17,True,False,False,2.442428471737613,1.9772040009304488,2026-08-18,2.1,154052780.228354,0.8598,0.8598,<1,1432354.1946412548,-0.3009756097560975,-0.6628235294117647,2.1735110747406283,2026-03-10,0.8598,2.3,2.1,1.4424284717376137,0.0,0.9130434782608696,1.6750407071411957,323510838.47954345,-0.1904761904761905,,-0.25,,-0.3428571428571429,,2.22,-0.2905405405405405,-0.3783783783783785,1633369.0,True,"FreeCast, Inc.",7374.0,Services-Computer Processing & Data Preparation,tech/software/semis/telecom,False,FL,FL,FL,True,False,True,False,True,True,False,True,2015-05-13,False,,False,False,,,False,,False,False,,,no 8-K/6-K on run day,,,,True,False,,1.0
CCHH,2026-02-09,2026-02-06,True,True,False,2.3519163763066206,2.073170731707317,2026-02-09,1.35,177250877.0,0.574,0.574,<1,70437973.18599999,0.2478260869565216,0.134387351778656,23.86289419741782,2025-10-03,0.7353,1.45,1.35,1.3519163763066206,0.2810104529616726,0.9310344827586208,1.526132404181185,239288683.95,-0.1185185185185185,,-0.5931111111111111,,-0.5180740740740741,,0.9715,-0.4345856922285126,-0.3303139475038601,2074123.0,True,CCH Holdings Ltd,5812.0,Retail-Eating  Places,retail/wholesale,False,,,E9,False,False,False,False,False,False,True,True,2025-06-26,False,,False,False,,,False,,False,False,,,no 8-K/6-K on run day,,,,True,False,,1.0
CCHH,2026-03-03,2026-03-02,False,True,False,1.6942038640906063,2.531645569620253,2026-03-04,1.14,25806379.699259,0.4503,0.4503,<1,166109.10383122048,-0.1848298334540188,-0.0210869565217391,0.0198871953849435,2025-10-03,0.44,0.8346,0.7629,0.6942038640906063,-0.0228736397956916,0.9140905823148814,0.8534310459693539,19687687.07256469,-0.0964912280701753,,-0.3603508771929824,,-0.4385964912280701,,1.04,-0.2988461538461539,-0.3846153846153846,2074123.0,True,CCH Holdings Ltd,5812.0,Retail-Eating  Places,retail/wholesale,False,,,E9,False,False,False,False,False,False,True,True,2025-06-26,False,,False,False,,,False,,False,False,,,no 8-K/6-K on run day,,,,True,False,,1.0
CCTG,2026-06-09,2026-06-08,True,False,False,3.7145242070116864,1.8568447412353923,2026-06-09,0.178,119339840.767623,0.04792,0.4792,<1,15423232.168609202,-0.1092936802973978,-0.1486942618582341,59.35465699884836,2024-10-01,0.472,0.56401,0.178,2.7145242070116864,8.849749582637727,0.315597241183667,10.76982470784641,212424916.56636897,-0.5001123595505619,,-0.1685393258426967,,-0.4720224719101124,,0.1129999999999999,0.3097345132743363,-0.1683185840707963,1931717.0,True,CCSC Technology International Holdings Ltd,3640.0,Electric Lighting & Wiring Equipment,other manufacturing,False,,,E9,False,False,False,False,False,False,True,True,2022-06-15,False,,False,False,,,False,,False,False,11581250.0,2024-03-31,no 8-K/6-K on run day,,,,True,False,,0.0
CDT,2026-06-18,2026-06-17,False,True,False,1.471861471861472,2.1645021645021645,2026-06-22,5e-06,249471140.561933,2.31e-06,0.693,<1,30588.460847406,-0.0379008746355685,-0.4225,0.0161754049049395,2024-10-01,4.4666666666666665e-06,6e-06,3.4e-06,0.471861471861472,0.9336219336219336,0.5666666666666667,1.5974025974025974,254460563.3731717,-0.2333333333333334,,-0.6113333333333333,,-0.7446666666666666,,5.166666666666667e-06,-0.6238709677419355,-0.7529032258064516,1896212.0,True,CDT Equity Inc.,2834.0,Pharmaceutical Preparations,biotech/pharma/medtech,False,FL,FL,DE,True,False,True,True,False,True,False,False,2021-12-09,False,,False,False,,,False,,False,True,4858417.0,2026-04-15,no 8-K/6-K on run day,,4858417.0,3366882.9809999997,False,True,1-for-25,0.0
CDTX,2025-06-23,2025-06-20,True,True,False,2.1384395813510944,2.2283539486203616,2025-06-23,44.95,6741757.0,21.02,21.02,>10,8345024.08,-0.1335531739488871,-0.1992380952380952,2.0314180971944453,2024-10-01,40.63,45.39,44.95,1.1384395813510944,0.9329210275927688,0.990306234853492,1.159372026641294,303041977.15000004,0.0420467185761956,,0.0836484983314793,,0.3688542825361511,,49.71,-0.020116676725005,0.2377791188895595,1610618.0,True,"Cidara Therapeutics, Inc.",2836.0,"Biological Products, (No Diagnostic Substances)",biotech/pharma/medtech,False,CA,CA,DE,True,False,True,True,False,False,False,False,2014-06-17,True,8.01;9.01,False,True,0001610618-25-000074,cdtx-20250623.htm,True,424B5,True,True,12969823.0,2025-05-05,listing compliance / reverse split / financing,"2 ex9912025-06x23.htm PRESENTATION MATERIALS ex9912025-06x23 NASDAQ: CDTX NAVIGATE Ph 2B June 23, 2025 JUNE 2025 2 Forward-looking Statements These slides contain forward-looking statements within the meaning of the Priv",12969823.0,272625679.46,False,False,,0.0
CDTX,2025-11-14,2025-11-13,True,True,True,2.0540617039343334,2.0559486744032456,2025-11-14,217.71,17289018.0,105.99,105.99,>10,69378404.25,0.0745133819951338,0.0389139384434424,0.8022190918768354,2024-10-01,217.2,218.85,217.71,1.0540617039343334,1.0492499292386075,0.994790952707334,1.0648174356071327,3763992108.78,0.000918653254329,,0.0075329566854989,,0.0109779063892332,,217.41,0.0089232326019961,0.0123729359275102,1610618.0,True,"Cidara Therapeutics, Inc.",2836.0,"Biological Products, (No Diagnostic Substances)",biotech/pharma/medtech,False,CA,CA,DE,True,False,False,False,False,False,False,False,2014-06-17,True,1.01;7.01;9.01,False,True,0001193125-25-281676,d59851d8k.htm,False,,False,True,31439371.0,2025-11-03,listing compliance / reverse split / financing,"enza complications Acquisition aligns with Merck’s science-led business development strategy, diversifying and expanding the company’s pipeline RAHWAY, N.J., and SAN DIEGO, Calif., Nov. 14, 2025 – Merck (NYSE: MRK), know",31439371.0,3332258932.29,False,False,,0.0
CELC,2025-07-28,2025-07-25,True,True,False,2.671750181554103,2.795933188090051,2025-07-28,36.79,27636771.0,13.77,13.77,>10,19585470.33,0.0132450331125828,0.1465445462114905,5.784790496266583,2024-10-01,45.96,46.42,36.79,1.6717501815541032,2.337690631808279,0.7925463162429986,2.371096586782861,1016756805.09,0.0464800217450394,,0.1723294373471053,,0.3386789888556674,,35.0,0.2322857142857144,0.4071428571428572,1603454.0,True,Celcuity Inc.,8071.0,Services-Medical Laboratories,biotech/pharma/medtech,False,MN,MN,DE,True,False,False,False,False,False,False,False,2014-03-24,True,7.01;8.01;9.01,False,True,0001641172-25-021095,form8-k.htm,True,424B5,True,True,37866358.0,2025-05-07,FDA / clinical,"o the U.S. Food and Drug Administration in the fourth quarter of 2025. Topline data for the VIKTORIA-1 PIK3CA mutation cohort is expected by the end of 2025. - Management to host webcast and conference call today, July 2",37866358.0,521419749.65999997,False,False,,0.0
CELU,2024-11-07,2024-11-06,True,True,False,2.1310344827586207,2.4482758620689653,2024-11-07,3.09,46674597.0,1.45,1.45,1-3,62986.55,-0.0822784810126583,-0.4057377049180327,0.9411853922237752,2024-10-01,1.47,5.22,3.09,1.1310344827586207,0.0137931034482758,0.5919540229885057,2.6,144224504.73,0.1488673139158576,,-0.2718446601941747,,-0.2362459546925566,,3.0,-0.25,-0.2133333333333333,1752828.0,True,Celularity Inc,2834.0,Pharmaceutical Preparations,biotech/pharma/medtech,False,NJ,NJ,DE,True,False,False,False,False,False,False,False,2018-11-05,True,2.02;8.01;9.01,False,True,0001493152-24-043924,form8-k.htm,False,,False,True,21984614.0,2024-10-15,earnings / business update,"arity Raises Full Year 2024 Expected Net Sales Guidance to $54 Million to $60 Million, Compared to Previous Guidance of $50 Million to $56 Million ● October Expected Net Sales of $8.3 Million to $8.9 Million Marks the Hi",21984614.0,31877690.3,False,False,,
CELU,2026-08-27,2026-08-26,True,False,False,2.385279418446161,1.794638800545207,2026-08-27,2.1,221052920.585861,0.8804,0.8804,<1,156195.918440324,0.1316195372750641,0.3138337561557975,1.7504189254642928,2024-10-01,1.11,2.55,2.1,1.385279418446161,0.2607905497501137,0.823529411764706,1.8964107223989093,464211133.2303081,-0.2476190476190476,,-0.1285714285714285,,-0.3428571428571429,,2.145,-0.1468531468531468,-0.3566433566433566,1752828.0,True,Celularity Inc,2834.0,Pharmaceutical Preparations,biotech/pharma/medtech,False,NJ,NJ,DE,True,False,False,False,False,False,False,False,2018-11-05,False,,False,False,,,False,,False,True,28945961.0,2026-04-28,no 8-K/6-K on run day,,28945961.0,25484024.0644,False,False,,0.0
CELZ,2026-08-06,2026-08-05,False,True,False,1.7194976076555024,2.123205741626794,2026-08-07,1.42,272903220.293834,0.6688,0.6688,<1,28942610.914078254,-0.0335260115606936,-0.3312,188.39726325916047,2024-10-01,1.14,1.75,1.15,0.7194976076555024,0.7045454545454546,0.6571428571428571,1.6166267942583734,313838703.33790904,-0.1549295774647887,,-0.1408450704225351,,-0.2183098591549295,,1.28,-0.046875,-0.1328124999999999,1187953.0,True,"CREATIVE MEDICAL TECHNOLOGY HOLDINGS, INC.",2836.0,"Biological Products, (No Diagnostic Substances)",biotech/pharma/medtech,False,AZ,AZ,NV,True,False,True,True,True,True,False,False,2002-09-13,False,,False,False,,,False,,False,False,3696668.0,2026-05-01,no 8-K/6-K on run day,,3696668.0,2472331.5584,False,False,,0.0
CEP,2025-04-23,2025-04-22,False,True,False,1.5536723163841808,2.3352165725047085,2025-04-24,24.8,18028822.0,10.62,10.62,>10,46579.32,-0.0028169014084508,0.0114285714285713,0.1180678701818732,2024-10-03,12.52,17.83,16.5,0.5536723163841808,0.1789077212806027,0.9254066180594503,0.6789077212806025,297475563.0,0.2701612903225805,,1.0161290322580645,,1.0141129032258065,,29.435,0.6986580601324954,0.6969594020723631,1865602.0,True,"Cantor Equity Partners, Inc.",6770.0,Blank Checks,blank check (SPAC),False,NY,NY,E9,True,False,False,False,False,False,False,True,2021-06-29,True,7.01;9.01,False,True,0001213900-25-034374,ea0239222-8k425_cantor.htm,False,,False,False,,,crypto treasury / digital assets,"Per Share Co-founder Jack Mallers will lead Twenty One as CEO Twenty One is expected to offer investors a singular vehicle for Bitcoin exposure, pro-Bitcoin advocacy, and Bitcoin-focused content and media with plans to e",,,True,False,,0.0
CERO,2024-11-11,2024-11-08,True,True,False,2.8,3.8228571428571434,2024-11-11,0.196,1446774908.0,0.07,0.07,<1,176759.59000000003,-0.1576413959085437,-0.2639327024185067,0.7515963002097317,2024-10-01,0.1928,0.2382,0.196,1.7999999999999998,1.754285714285714,0.8228379513014275,2.4028571428571426,283567881.968,0.3653061224489795,,0.2229591836734692,,-0.5428571428571429,,0.2961,-0.1904761904761904,-0.6973995271867612,1870404.0,True,"CERO THERAPEUTICS HOLDINGS, INC.",2836.0,"Biological Products, (No Diagnostic Substances)",biotech/pharma/medtech,False,CA,CA,DE,True,False,True,False,True,True,False,False,2021-07-08,False,,False,False,,,True,424B3,False,True,50739552.0,2024-08-13,no 8-K/6-K on run day,,50739552.0,3551768.64,False,False,,
CETX,2025-12-08,2025-12-05,True,False,False,2.2964169381107493,1.4625407166123778,2025-12-08,0.0002238095238095,132542965.0,9.746031746031744e-05,3.07,3-10,12133634.68,-0.058282208588957,-0.2990867579908676,24.102218692019083,2024-10-01,0.0002580952380952,0.0003079365079365,0.0002238095238095,1.296416938110749,1.6482084690553749,0.7268041237113403,2.1596091205211723,934427903.25,-0.3631205673758866,,-0.6595744680851063,,-0.6255319148936169,,0.0001926984126984,-0.6046128500823724,-0.5650741350906096,1435064.0,True,CEMTREX INC,1700.0,Construction - Special Trade Contractors,other,False,NY,NY,DE,True,False,False,False,False,False,False,False,2008-05-14,False,,False,False,,,True,424B5,False,False,5678183.0,2025-08-12,no 8-K/6-K on run day,,378545.5333333333,1162134.7873333332,False,True,1-for-15,0.0
CETY,2025-11-25,2025-11-24,True,False,False,2.1682242990654204,1.925233644859813,2025-11-25,0.1546666666666666,326146158.0,0.0713333333333333,1.07,1-3,33534.87,-0.0530973451327432,-0.5650406504065041,0.2495061186358166,2024-10-01,0.1146666666666666,0.19866,0.1546666666666666,1.1682242990654204,0.6074766355140186,0.778549615758918,1.7849532710280376,756659086.56,-0.1120689655172412,,-0.5172413793103448,,-0.6210775862068965,,0.154,-0.5151515151515151,-0.6194372294372295,1329606.0,True,"Clean Energy Technologies, Inc.",4924.0,Natural Gas Distribution,other,False,CA,CA,NV,True,False,False,False,False,False,False,False,2005-06-09,False,,False,False,,,True,424B3,False,False,5183021.0,2025-11-18,no 8-K/6-K on run day,,5183021.0,5545832.470000001,False,True,1-for-15,0.0
CGBS,2024-12-31,2024-12-30,False,True,False,1.18023598820059,2.000294985250737,2025-01-02,0.6781,81975268.0,0.339,0.339,<1,1344951.3120000002,0.2021276595744683,0.0809948979591836,4.03950508678901,2024-10-01,0.3885,0.8164,0.4001,0.1802359882005899,0.1460176991150441,0.490078392944635,1.408259587020649,32798304.7268,0.0352455390060462,,0.4110013272378705,,-0.3378557734847368,,0.6571,0.4560949627149595,-0.3166945670369806,1991946.0,True,Crown LNG Holdings Ltd,4924.0,Natural Gas Distribution,other,False,,,X0,False,False,True,False,True,False,True,True,2023-10-02,False,,False,False,,,False,,False,False,,,no 8-K/6-K on run day,,,,True,False,,
CGTL,2026-01-08,2026-01-07,True,True,False,2.181034482758621,2.25,2026-01-08,2.53,26323176.0,1.16,1.16,1-3,49190.96,0.0175438596491228,0.8110850897736144,0.0255620727944009,2024-11-26,1.37,2.77,2.53,1.1810344827586206,0.1810344827586207,0.9133574007220217,1.387931034482759,66597635.28,0.0316205533596838,,0.5059288537549409,,0.8142292490118579,,2.47,0.5425101214574897,0.8582995951417003,1967822.0,True,Creative Global Technology Holdings Ltd,5045.0,Wholesale-Computers & Peripheral Equipment & Software,retail/wholesale,False,K3,Hong Kong,E9,False,True,False,False,False,False,True,False,2023-04-21,False,,False,False,,,False,,False,False,21437500.0,2024-09-30,no 8-K/6-K on run day,,,,False,False,,0.0
CGTL,2026-05-28,2026-05-27,True,False,False,2.514933429291112,1.7992083483267365,2026-05-28,0.6989,119655539.094103,0.2779,0.2779,<1,346461.5427,-0.2914329423763386,-0.7644915254237288,0.8902944756275294,2024-11-26,0.2832,0.7946,0.6989,1.514933429291112,0.0190716084922635,0.8795620437956204,1.8593019071608492,83627256.27286857,-0.2845900701101731,,-0.4866218343110602,,-0.4239519244527113,,0.4928,-0.2719155844155844,-0.1830357142857143,1967822.0,True,Creative Global Technology Holdings Ltd,5045.0,Wholesale-Computers & Peripheral Equipment & Software,retail/wholesale,False,K3,Hong Kong,E9,False,True,False,False,False,False,True,False,2023-04-21,False,,False,False,,,False,,False,False,21437500.0,2024-09-30,no 8-K/6-K on run day,,,,False,False,,0.0
CHAI,2026-06-09,2026-06-08,True,False,False,2.268292682926829,1.670731707317073,2026-06-09,1.86,167873870.495634,0.82,0.82,<1,49079312.35370444,-0.1881188118811881,-0.3109243697478991,414.0819113474919,2025-10-07,3.57,4.05,1.86,1.2682926829268295,3.3536585365853657,0.4592592592592593,3.939024390243903,312245399.1218792,-0.2634408602150537,,-0.4193548387096774,,-0.7091397849462365,,1.36,-0.2058823529411765,-0.6022058823529413,1649009.0,True,"Core AI Holdings, Inc.",4812.0,Radiotelephone Communications,other,False,,,A1,False,False,False,False,False,False,True,False,2015-08-04,False,,False,False,,,True,424B5,False,False,19922402.0,2025-12-31,no 8-K/6-K on run day,,19922402.0,16336369.639999999,False,False,,1.0
CHEK,2024-12-23,2024-12-20,True,True,False,3.8135593220338975,2.6271186440677967,2024-12-23,2.25,40093341.0,0.59,0.59,<1,18943.72,-0.058410469198851,-0.2716948524873473,2.187588358934004,2024-10-01,0.5988,3.04,2.25,2.8135593220338984,0.0149152542372881,0.7401315789473684,4.152542372881356,90210017.25,-0.3111111111111111,,-0.5600444444444445,,-0.4222222222222221,,1.6,-0.3813125,-0.1875,1610590.0,True,MBody AI Ltd.,7373.0,Services-Computer Integrated Systems Design,tech/software/semis/telecom,False,,,L3,False,False,False,False,False,False,True,False,2014-02-18,False,,False,False,,,False,,False,False,5850770.0,2023-12-31,no 8-K/6-K on run day,,5850770.0,3451954.3,False,False,,
CHEK,2025-09-15,2025-09-12,True,True,False,2.8422040488001072,3.378468963668052,2025-09-15,2.12,129608368.0,0.7459,0.7459,<1,15248625.3963,0.1132835820895521,0.1025868440502586,41.23456257230404,2024-10-01,3.05,3.13,2.12,1.8422040488001072,3.0890199758680783,0.6773162939297125,3.196272958841668,274769740.16,0.1886792452830188,,0.1556603773584906,,-0.0990566037735849,,2.595,-0.0558766859344893,-0.2639691714836224,1610590.0,True,MBody AI Ltd.,7373.0,Services-Computer Integrated Systems Design,tech/software/semis/telecom,False,,,L3,False,False,False,False,False,False,True,False,2014-02-18,False,,True,True,0001213900-25-087248,ea0257177-6k_check.htm,False,,False,False,5850906.0,2025-08-25,merger / acquisition / buyout,"2 ea025717701ex99-1_check.htm NOTICE FOR THE ANNUAL GENERAL MEETING OF SHAREHOLDERS Exhibit 99.1 Check-Cap Ltd. Check-Cap Building 29 Abba Hushi Avenue P.O. Box 1271 Isfiya, 3009000 Israel NOTICE OF ANNUAL GENERAL MEETIN",5850906.0,4364190.7854,False,False,,0.0
CHOW,2026-06-10,2026-06-09,True,False,False,2.0924441900400685,1.5337721808815112,2026-06-10,0.7311,254081590.614868,0.3494,0.3494,<1,12383898.442691876,-0.0294444444444444,-0.1724301279014686,31.99709137980551,2025-09-16,0.9158,1.1,0.7311,1.0924441900400683,1.621064682312536,0.6646363636363636,2.14825414997138,185759050.89853,-0.2669949391328134,,-0.3809328409246341,,-0.4720284502803994,,0.575,-0.2128695652173912,-0.3286956521739129,2041829.0,True,ChowChow Cloud International Holdings Ltd,7372.0,Services-Prepackaged Software,tech/software/semis/telecom,False,K3,Hong Kong,E9,False,True,False,False,False,False,True,True,2024-10-25,False,,False,False,,,False,,False,False,35490000.0,2025-12-31,no 8-K/6-K on run day,,35490000.0,12400206.0,True,False,,1.0
CHRO,2025-01-17,2025-01-16,False,True,False,1.9791666666666667,2.770833333333333,2025-01-21,2.66,14274353.0,0.96,0.96,<1,593520.0,-0.0495049504950495,0.6240906783962106,5.457007256297073,2024-10-01,1.09,2.45,1.9,0.9791666666666669,0.1354166666666667,0.7755102040816325,1.5520833333333337,27121270.7,0.0150375939849625,,-0.0751879699248121,,-0.3571428571428572,,2.48,-0.0080645161290322,-0.310483870967742,1919246.0,True,Pelthos Therapeutics Inc.,2836.0,"Biological Products, (No Diagnostic Substances)",biotech/pharma/medtech,False,NC,NC,NV,True,False,True,False,False,True,False,True,2022-09-06,False,,False,False,,,False,,False,True,6028011.0,2024-11-11,no 8-K/6-K on run day,,6028011.0,5786890.56,True,False,,
CHSN,2024-10-04,2024-10-03,True,True,False,4.871710526315789,4.026315789473684,2024-10-04,14.81,14873473.0,3.04,3.04,3-10,1238033.92,,,,2024-10-01,2.8,15.55,14.81,3.871710526315789,-0.0789473684210526,0.952411575562701,4.115131578947369,220276135.13,-0.1735313977042538,,-0.1735313977042538,gap_last_close,-0.2646860229574611,,14.77,,-0.2626946513202437,1825349.0,True,Chanson International Holding,2000.0,Food and Kindred Products,other manufacturing,False,F4,China,E9,False,True,True,False,True,True,True,True,2020-09-30,False,,False,False,,,False,,False,False,,,no 8-K/6-K on run day,,,,True,False,,
CIGL,2025-09-03,2025-09-02,False,True,False,1.013723191504034,2.006758154610027,2025-09-04,2.91,19178.0,1.4501,1.4501,1-3,96130.0292,-0.1569186046511628,-0.3127488151658767,1.5880206156178995,2025-04-22,1.45,1.47,1.47,0.0137231915040341,-6.896076132678619e-05,1.0,0.0137231915040341,28191.66,0.4570446735395188,,0.2920962199312713,,0.5463917525773194,,3.25,0.1569230769230769,0.3846153846153846,2001794.0,True,Concorde International Group Ltd.,7381.0,"Services-Detective, Guard & Armored Car Services",other services,False,U0,Singapore,D8,False,False,False,False,False,False,True,True,2024-03-20,False,,False,False,,,False,,False,False,,,no 8-K/6-K on run day,,,,True,False,,1.0
CJET,2025-09-19,2025-09-18,True,False,False,2.8716683119447186,1.8756169792694968,2025-09-19,0.0096966666666666,1700329756.0,0.0033766666666666,0.1013,<1,5740594.8224,-0.1764227642276421,-0.9430898876404494,5.736481008989439,2024-10-01,0.0061033333333333,0.01136,0.0096966666666666,1.8716683119447184,0.8075024679170781,0.8535798122065726,2.36426456071076,494625926.0204,-0.3468545892059126,,-0.3850120316259883,,-0.6459264352011,,0.0075466666666666,-0.2098056537102473,-0.5450530035335689,1957413.0,True,Digital Currency X Technology Inc.,3711.0,Motor Vehicles & Passenger Car Bodies,other manufacturing,False,,,E9,False,False,True,False,False,True,True,False,2022-12-16,False,,False,False,,,False,,False,False,4830811.0,2024-12-31,no 8-K/6-K on run day,,4830811.0,489361.1543,False,False,,0.0
CJMB,2026-01-15,2026-01-14,True,True,False,3.75,3.4821428571428568,2026-01-15,4.2,195893758.0,1.12,1.12,1-3,24080.000000000004,-0.0427350427350425,-0.3450292397660818,0.330933424660697,2025-02-05,2.63,5.61,4.2,2.75,1.3482142857142856,0.7486631016042781,4.008928571428571,822753783.6,-0.0714285714285715,,-0.2928571428571428,,-0.65,,3.08,-0.0357142857142857,-0.5227272727272727,2032545.0,True,CALLAN JMB INC.,7389.0,"Services-Business Services, NEC",other services,False,TX,TX,NV,True,False,False,False,False,False,False,True,2024-08-05,False,,False,False,,,False,,False,True,4623027.0,2025-11-14,no 8-K/6-K on run day,,4623027.0,5177790.24,True,False,,1.0
CLDI,2024-11-12,2024-11-11,False,True,False,1.2634730538922154,2.0239520958083834,2024-11-13,0.338,3054354.0,0.167,1.67,1-3,2056426.31,0.2651515151515151,0.602687140115163,0.8704099644341426,2024-10-01,0.165,0.223,0.211,0.2634730538922154,-0.0119760479041916,0.9461883408071748,0.3353293413173652,6444686.94,-0.4053254437869823,,-0.3224852071005917,,-0.4467455621301774,,0.2779999999999999,-0.1762589928057553,-0.3273381294964027,1855485.0,True,"Calidi Biotherapeutics, Inc.",2836.0,"Biological Products, (No Diagnostic Substances)",biotech/pharma/medtech,False,CA,CA,DE,True,False,True,True,False,True,False,True,2021-05-17,False,,False,False,,,True,424B5,False,True,8084153.0,2024-08-09,no 8-K/6-K on run day,,8084153.0,13500535.51,True,False,,
CLDI,2025-07-09,2025-07-08,True,True,False,2.08955223880597,2.97910447761194,2025-07-09,0.0699999999999999,620767265.0,0.0335,0.335,<1,15586444.5,0.4565217391304346,-0.0589887640449438,27.362014989249225,2024-10-01,0.08943,0.16,0.0699999999999999,1.08955223880597,1.6695522388059705,0.4374999999999999,3.776119402985075,434537085.5,0.4257142857142859,,-0.0968571428571427,,-0.2642857142857142,,0.073,-0.133972602739726,-0.2945205479452054,1855485.0,True,"Calidi Biotherapeutics, Inc.",2836.0,"Biological Products, (No Diagnostic Substances)",biotech/pharma/medtech,False,CA,CA,DE,True,False,True,False,True,False,False,False,2021-05-17,False,,False,False,,,True,424B3;EFFECT;S-3,False,True,31792580.0,2025-05-09,no 8-K/6-K on run day,,31792580.0,10650514.3,False,False,,0.0
CLGN,2025-05-28,2025-05-27,False,True,False,1.761658031088083,2.3523316062176165,2025-05-29,4.54,1218122.0,1.93,1.93,1-3,3676.65,0.1091954022988506,-0.1266968325791855,0.1928635427159843,2024-10-01,2.0,3.5,3.4,0.7616580310880829,0.0362694300518136,0.9714285714285714,0.8134715025906736,4141614.8,-0.2995594713656387,,-0.5484581497797357,,-0.696035242290749,,3.6,-0.4305555555555556,-0.6166666666666667,1631487.0,True,CollPlant Biotechnologies Ltd,3842.0,"Orthopedic, Prosthetic & Surgical Appliances & Supplies",biotech/pharma/medtech,False,L3,Israel,L3,False,False,False,False,False,False,True,False,2015-02-20,False,,True,True,0001213900-25-048011,ea0243529-6k_collplant.htm,True,424B5,False,False,11454512.0,2024-12-31,listing compliance / reverse split / financing,"llion payment from AbbVie – - Advancement of regenerative breast implant program continues; encouraging findings continue to be observed - REHOVOT, Israel, May 28, 2025 – CollPlant Biotechnologies (Nasdaq: CLGN), a regen",11454512.0,22107208.16,False,False,,0.0
CLIK,2025-05-15,2025-05-14,True,False,False,2.535,1.709642857142857,2025-05-15,0.7098,485748271.0,0.28,0.28,<1,717645.8800000001,0.1673962893475089,-0.8945386064030132,0.4388501224476839,2024-10-09,0.97,1.14,0.7098,1.5349999999999997,2.464285714285714,0.6226315789473684,3.0714285714285703,344784122.7558,-0.3255846717385179,,-0.070160608622147,,-0.5001408847562694,,0.59,0.1186440677966103,-0.3986440677966101,2020027.0,True,Click Holdings Ltd.,7361.0,Services-Employment Agencies,other services,False,K3,Hong Kong,D8,False,True,True,False,True,True,True,True,2024-04-18,False,,True,True,0001213900-25-043666,ea0242116-6k_clickhold.htm,False,,False,False,,,listing compliance / reverse split / financing,"ntly promote 24-hour instant device services for senior citizens in Hong Kong - Tencent SSV is an initiative launched by Tencent, a world leading internet and technology company, aiming to leverage its unique digital pla",,,True,False,,1.0
CLIK,2026-04-08,2026-04-07,False,True,False,1.5328467153284673,2.5182481751824817,2026-04-09,0.115,7565933.589943,0.0456666666666666,1.37,1-3,25315.056485400004,-0.2126436781609194,-0.6173184357541899,0.0562010919121183,2024-10-09,0.048,0.0866666666666666,0.07,0.5328467153284673,0.0510948905109489,0.8076923076923077,0.8978102189781021,15888460.538880302,-0.2057971014492753,,-0.2115942028985507,,-0.3594202898550725,,0.1033333333333333,-0.1225806451612903,-0.2870967741935485,2020027.0,True,Click Holdings Ltd.,7361.0,Services-Employment Agencies,other services,False,K3,Hong Kong,D8,False,True,False,False,False,False,True,False,2024-04-18,False,,False,False,,,False,,False,False,,,no 8-K/6-K on run day,,,,False,False,,0.0
CLRO,2026-07-02,2026-07-01,True,True,False,2.012422360248447,2.1739130434782608,2026-07-02,0.432,88538476.641572,0.2146666666666666,3.22,3-10,20445.17340026,0.1751824817518248,-0.0001863006893125,0.2770773798124699,2024-10-01,0.24,0.6413333333333333,0.432,1.012422360248447,0.1180124223602483,0.6735966735966736,1.9875776397515523,573729328.6373866,0.080246913580247,,0.2947530864197532,,-0.3703703703703703,,0.4293333333333333,0.3027950310559006,-0.3664596273291925,840715.0,True,CLEARONE INC,3661.0,Telephone & Telegraph Apparatus,tech/software/semis/telecom,False,UT,UT,DE,True,False,True,True,False,False,False,False,2005-09-20,True,1.01;2.03;9.01,False,True,0001753926-26-001118,clro-20260701.htm,False,,False,False,2675412.0,2026-05-15,other,"false 0000840715 CLEARONE INC 0000840715 2026-07-01 2026-07-01 UNITED STATES SECURITIES AND EXCHANGE COMMISSION Washington, D.C. 20549 FORM 8-K CURRENT REPORT Pursuant to Section 13 OR 15(d) of the Securities Exchange Ac",2675412.0,8614826.64,False,False,,0.0
CLRO,2026-08-06,2026-08-05,True,True,False,2.663043478260869,2.763586956521739,2026-08-06,0.6533333333333333,69447606.865608,0.2453333333333333,3.68,3-10,31456440.823433444,-0.1822222222222221,-0.6377952755905512,11.44863091610591,2024-10-01,0.779,0.8326666666666667,0.6533333333333333,1.6630434782608692,2.1752717391304346,0.7846277021617294,2.3940217391304346,680586547.2829585,0.0377551020408162,,-0.4214285714285714,,-0.476530612244898,,0.7113333333333334,-0.4686035613870666,-0.5192127460168698,840715.0,True,CLEARONE INC,3661.0,Telephone & Telegraph Apparatus,tech/software/semis/telecom,False,UT,UT,DE,True,False,True,True,False,False,False,False,2005-09-20,True,1.01;5.02;5.07;9.01,False,True,0001753926-26-001341,clro-20260731.htm,True,S-1,False,False,2675412.0,2026-05-15,other,"false 0000840715 CLEARONE INC 0000840715 2026-07-31 2026-07-31 UNITED STATES SECURITIES AND EXCHANGE COMMISSION Washington, D.C. 20549 FORM 8-K CURRENT REPORT Pursuant to Section 13 OR 15(d) of the Securities Exchange Ac",2675412.0,9845516.16,False,False,,0.0
CMBM,2025-07-18,2025-07-17,False,True,False,1.4173333333333331,2.0148148148148146,2025-07-21,1.36,2490538.0,0.675,0.675,<1,283313.025,0.5313067150635209,0.921981776765376,0.3155340389722197,2024-10-01,0.675,1.0,0.9567,0.4173333333333333,0.0,0.9567,0.4814814814814814,2382697.7046,-0.1838235294117647,,-0.3234558823529412,,-0.4941176470588236,,1.38,-0.3332608695652173,-0.5014492753623189,1738177.0,True,Cambium Networks Corp,3663.0,Radio & Tv Broadcasting & Communications Equipment,tech/software/semis/telecom,False,E9,Cayman Islands,E9,False,False,False,False,False,False,False,False,2018-05-07,False,,False,False,,,False,,False,True,28243808.0,2024-11-08,no 8-K/6-K on run day,,28243808.0,19064570.400000002,False,False,,0.0
CMBM,2025-10-29,2025-10-28,True,True,False,4.773462783171522,6.067961165048544,2025-10-29,2.95,560231332.0,0.618,0.618,<1,56440.704,-0.012148337595908,-0.3089567259308956,0.4688719309342117,2024-10-01,2.26,4.18,2.95,3.7734627831715217,2.656957928802589,0.7057416267942584,5.763754045307443,1652682429.4,0.271186440677966,,-0.0745762711864407,,-0.288135593220339,,5.56,-0.5089928057553956,-0.6223021582733812,1738177.0,True,Cambium Networks Corp,3663.0,Radio & Tv Broadcasting & Communications Equipment,tech/software/semis/telecom,False,E9,Cayman Islands,E9,False,False,False,False,False,False,False,False,2018-05-07,False,,False,False,,,False,,False,True,28243808.0,2024-11-08,no 8-K/6-K on run day,,28243808.0,17454673.344,False,False,,0.0
CMRX,2024-12-10,2024-12-09,True,True,False,3.190751445086705,3.445086705202312,2024-12-10,2.76,182027077.0,0.865,0.865,<1,17396545.245,-0.027871431782423,-0.1262626262626263,80.1809727990623,2024-10-01,2.18,3.39,2.76,2.190751445086705,1.5202312138728329,0.8141592920353982,2.9190751445086707,502394732.52,0.0797101449275363,,0.0181159420289855,,0.1775362318840581,,2.69,0.0446096654275094,0.20817843866171,1117480.0,True,CHIMERIX INC,2834.0,Pharmaceutical Preparations,biotech/pharma/medtech,False,NC,NC,DE,True,False,False,False,False,False,False,False,2002-08-05,True,7.01;8.01;9.01,False,True,0001117480-24-000039,cmrx-20241209.htm,False,,False,True,89936053.0,2024-11-01,other,"cmrx-20241209 FALSE 0001117480 0001117480 2024-12-09 2024-12-09 UNITED STATES SECURITIES AND EXCHANGE COMMISSION Washington, DC 20549 FORM 8-K CURRENT REPORT Pursuant to Section 13 or 15(d) of The Securities Exchange Act",89936053.0,77794685.845,False,False,,
CNCK,2025-12-01,2025-11-28,True,False,False,2.4320987654320985,1.9753086419753083,2025-12-01,7.88,27353781.0,3.24,3.24,3-10,31761.72,0.0728476821192054,-0.0847457627118644,0.3150919835238038,2024-12-11,3.64,9.31,7.88,1.4320987654320985,0.1234567901234566,0.8464017185821696,1.873456790123457,215547794.28,-0.1878172588832486,,-0.4581218274111676,,-0.6725888324873096,,6.13,-0.303425774877651,-0.5791190864600326,1913847.0,True,Coincheck Group N.V.,6199.0,Finance Services,finance/real estate,False,,,P7,False,False,True,False,False,True,True,True,2022-03-22,False,,True,True,0001913847-25-000036,cnck6-knovember2025coinche.htm,False,,False,False,130814526.0,2025-03-31,listing compliance / reverse split / financing,2 a202511coincheckinvestor.htm EX-99.1 a202511coincheckinvestor Investor Presentation NASDAQ: CNCK November 2025 @2025 Coincheck Group N.V. No Offer or Solicitation This presentation is for informational purposes only an,130814526.0,423839064.24,True,False,,1.0
CNEY,2026-04-20,2026-04-17,False,True,False,1.415884194053208,2.014866979655712,2026-04-21,0.0412,6610117.982061,0.020448,0.5112,<1,37632.317281812,0.0739495798319329,0.0193419740777669,0.1125342881151075,2024-10-01,0.02112,0.034664,0.028952,0.4158841940532081,0.0328638497652582,0.8352180936995154,0.6952269170579028,4784403.395415751,-0.2292718446601942,,-0.3400009708737863,,0.5631067961165048,,0.0384,-0.2918760416666666,0.6770833333333335,1780785.0,True,CN ENERGY GROUP. INC.,2860.0,Industrial Organic Chemicals,other manufacturing,False,F4,China,D8,False,True,True,True,False,False,True,False,2019-09-30,False,,False,False,,,False,,False,False,4988337.0,2025-09-30,no 8-K/6-K on run day,,4988337.0,2550037.8744,False,False,,0.0
CNEY,2026-05-19,2026-05-18,True,True,False,2.197652197652197,2.0065520065520066,2026-05-19,0.0644,31814442.075025,0.029304,0.7326,<1,25513.826852448,0.004524886877828,0.012158054711246,0.0507346110381011,2024-10-01,0.0279999999999999,0.0668,0.0644,1.1976521976521974,-0.0444990444990446,0.9640718562874252,1.2795522795522791,51221251.740790255,-0.0869565217391304,,0.1863354037267079,,-0.5191304347826087,,0.0536,0.425373134328358,-0.4222388059701493,1780785.0,True,CN ENERGY GROUP. INC.,2860.0,Industrial Organic Chemicals,other manufacturing,False,F4,China,D8,False,True,True,True,False,False,True,False,2019-09-30,False,,False,False,,,False,,False,False,4988337.0,2025-09-30,no 8-K/6-K on run day,,4988337.0,3654455.6862000003,False,False,,0.0
CNEY,2026-07-14,2026-07-13,False,True,False,1.5634771732332706,2.0846362309776945,2026-07-15,0.04,55577566.118217,0.019188,0.4797,<1,34253.9835348204,-0.0862857142857143,-0.3698936030474189,0.0860329868760836,2024-10-01,0.019692,0.031716,0.03,0.5634771732332706,0.026266416510319,0.9458948164964056,0.6529080675422139,41683174.58866275,-0.3312,,-0.3527,,-0.377,,0.028248,-0.083404134806004,-0.1178136505239308,1780785.0,True,CN ENERGY GROUP. INC.,2860.0,Industrial Organic Chemicals,other manufacturing,False,F4,China,D8,False,True,False,False,False,False,True,False,2019-09-30,False,,False,False,,,False,,False,False,4988337.0,2025-09-30,no 8-K/6-K on run day,,4988337.0,2392905.2589000002,False,False,,0.0
CNSP,2026-05-04,2026-05-01,True,True,False,3.3923240015577,3.0937648738695853,2026-05-04,0.0002613333333333,83544491.564248,7.703666666666668e-05,2.3111,1-3,28604.94692,-0.0165531914893616,0.0226106194690267,0.4982962208298729,2024-10-01,0.0003063333333333,0.0003513333333333,0.0002613333333333,2.3923240015577,2.9764614252953128,0.7438330170777989,3.5605988490329272,654988813.8637043,-0.0880102040816327,,-0.1377551020408164,,-0.3724489795918367,,0.0001903333333333,0.1838879159369526,-0.138353765323993,1729427.0,True,"CNS Pharmaceuticals, Inc.",2834.0,Pharmaceutical Preparations,biotech/pharma/medtech,False,TX,TX,NV,True,False,False,False,False,False,False,True,2018-03-13,True,1.01;3.02;5.02;9.01,False,True,0001683168-26-003432,cns_8k.htm,False,,False,True,811449.0,2026-04-27,other,"8-K false 0001729427 0001729427 2026-05-04 2026-05-04 iso4217:USD xbrli:shares iso4217:USD xbrli:shares UNITED STATES SECURITIES AND EXCHANGE COMMISSION Washington, D.C. 20549 ___________________________ FORM 8-K CURRENT",811449.0,1875339.7839000002,True,False,,0.0
CODX,2025-10-27,2025-10-24,True,False,False,3.592814371257485,1.6253207869974335,2025-10-27,1.26,1115789031.0,0.3507,0.3507,<1,190750.9905,0.0817396668723011,-0.0850508739890424,0.4799358550197797,2024-10-01,0.5941,1.55,1.26,2.592814371257485,0.694040490447676,0.8129032258064516,3.4197319646421445,1405894179.06,-0.5476190476190477,,-0.6792857142857143,,-0.7351587301587301,,0.90005,-0.551024943058719,-0.6292428198433421,1692415.0,True,"Co-Diagnostics, Inc.",3841.0,Surgical & Medical Instruments & Apparatus,biotech/pharma/medtech,False,UT,UT,UT,True,False,True,False,False,True,False,False,2016-12-29,False,,False,False,,,True,424B5,False,True,38523582.0,2025-08-12,no 8-K/6-K on run day,,38523582.0,13510220.2074,False,False,,0.0
CODX,2026-05-21,2026-05-20,False,True,False,1.5523012552301254,2.1213389121338917,2026-05-22,0.169,91536507.983972,0.0796666666666666,2.39,1-3,33950625.049704246,0.4937499999999999,0.4142011834319525,2.098078273268872,2024-10-01,0.105,0.1509966666666666,0.1236666666666666,0.5523012552301254,0.3179916317991631,0.8190026269895584,0.8953556485355647,339600444.6205361,0.7968441814595657,,0.2228796844181457,,-0.3629191321499014,,0.229,-0.0975254730713246,-0.529839883551674,1692415.0,True,"Co-Diagnostics, Inc.",3841.0,Surgical & Medical Instruments & Apparatus,biotech/pharma/medtech,False,UT,UT,UT,True,False,True,True,False,False,False,False,2016-12-29,True,1.01;3.02;8.01;9.01,False,True,0001493152-26-024738,form8-k.htm,True,EFFECT;S-3,False,False,3602465.0,2026-05-12,listing compliance / reverse split / financing,"7 ex99-1.htm EX-99.1 Exhibit 99.1 Co-Diagnostics Announces $3.0 Million Private Placement Priced At-The-Market Under Nasdaq Rules SALT LAKE CITY, May 19, 2026 (",3602465.0,8609891.35,False,False,,0.0
COGT,2025-11-10,2025-11-07,True,True,False,2.1902834008097165,2.25506072874494,2025-11-10,32.46,23291127.0,14.82,14.82,>10,47364408.78,-0.0907975460122699,-0.0891210817455439,1.253821267074747,2024-10-01,32.76,36.15,32.46,1.1902834008097165,1.2105263157894737,0.8979253112033195,1.4392712550607287,756029982.4200001,0.0295748613678372,,0.0397412199630313,,0.1869993838570549,,31.11,0.0848601735776277,0.2385085181613628,1622229.0,True,"Cogent Biosciences, Inc.",2834.0,Pharmaceutical Preparations,biotech/pharma/medtech,False,MA,MA,DE,True,False,False,False,False,False,False,False,2014-10-20,True,7.01;8.01;9.01,False,True,0001193125-25-273315,d54064d8k.htm,True,424B5,False,True,142376529.0,2025-11-05,FDA / clinical,"2 d54064dex991.htm EX-99.1 EX-99.1 Exhibit 99.1 Peak Trial: Bezuclastinib + Sunitinib in Gastrointestinal Stromal Tumors (GIST) Top-Line Results Investor Webcast November 10, 2025 Forward-Looking Statements and Risk Fact",142376529.0,2110020159.78,False,False,,0.0
COOT,2025-10-15,2025-10-14,True,True,False,2.735751295336788,2.2797927461139897,2025-10-15,2.64,185489021.0,0.965,0.965,<1,82973130.835,0.355527461722152,0.7031415460642427,140.6409164585862,2024-10-01,3.89,4.5,2.64,1.735751295336788,3.0310880829015545,0.5866666666666667,3.663212435233161,489691015.44,-0.1666666666666666,,-0.3484848484848485,,-0.5037878787878788,,2.55,-0.3254901960784313,-0.4862745098039215,1959994.0,True,Australian Oilseeds Holdings Ltd,2070.0,Fats & Oils,other manufacturing,False,C3,Australia,E9,False,False,False,False,False,False,True,False,2023-01-10,False,,False,False,,,False,,False,False,27898538.0,2025-05-29,no 8-K/6-K on run day,,27898538.0,26922089.169999998,False,False,,0.0
CORT,2025-03-31,2025-03-28,True,False,False,2.0907926047959,1.6827750320336812,2025-03-31,114.22,14339351.0,54.63,54.63,>10,35707916.160000004,-0.0687009887487213,-0.0982172334103663,0.5813232113102028,2024-10-01,94.93,117.33,114.22,1.0907926047958996,0.737689913966685,0.973493565158101,1.1477210323997804,1637840671.22,-0.1951497110838731,,-0.3464367011031343,,-0.3588688495885134,,114.68,-0.3490582490408092,-0.3614405301709104,1088856.0,True,CORCEPT THERAPEUTICS INC,2834.0,Pharmaceutical Preparations,biotech/pharma/medtech,False,CA,CA,DE,True,False,False,False,False,False,False,False,2015-11-16,True,8.01;9.01,False,True,0001193125-25-067871,d924664d8k.htm,False,,False,True,105503432.0,2025-02-18,FDA / clinical,"potential to become a new standard of care for patients with platinum-resistant ovarian cancer REDWOOD CITY , Calif., (March 31, 2025) — Corcept Therapeutics Incorporated (NASDAQ: CORT), a commercial-stage company engage",105503432.0,5763652490.16,False,False,,0.0
CPHI,2026-07-15,2026-07-14,False,True,False,1.7891997397527653,2.0006506180871826,2026-07-16,0.123,81641644.76928,0.06148,0.6148,<1,183231.5052527904,-0.0719999999999999,-0.1396585502378953,0.1614271844157789,2024-10-01,0.05964,0.16,0.11,0.7891997397527653,-0.0299284320104099,0.6875,1.602472348731295,89805809.24620801,-0.105691056910569,,0.5040650406504068,,-0.1138211382113819,,0.118,0.5677966101694918,-0.0762711864406777,1106644.0,True,"CHINA PHARMA HOLDINGS, INC.",2834.0,Pharmaceutical Preparations,biotech/pharma/medtech,False,F4,China,DE,False,True,False,False,False,False,False,False,2000-02-15,False,,False,False,,,True,424B5,False,False,40522002.0,2026-05-11,no 8-K/6-K on run day,,40522002.0,24912926.8296,False,False,,0.0
CPIX,2025-02-04,2025-02-03,False,True,False,1.7652582159624413,2.3849765258215965,2025-02-05,5.08,18486901.0,2.13,2.13,1-3,126745.65,-0.097457627118644,-0.0448430493273542,0.1352818189351578,2024-10-01,2.35,3.7899,3.76,0.7652582159624413,0.1032863849765259,0.992110609778622,0.7792957746478872,69510747.75999999,0.0511811023622046,,0.0236220472440944,,0.3011811023622048,,5.14,0.0116731517509729,0.2859922178988328,1087294.0,True,CUMBERLAND PHARMACEUTICALS INC,2834.0,Pharmaceutical Preparations,biotech/pharma/medtech,False,TN,TN,TN,True,False,False,False,False,False,False,False,2009-02-18,False,,False,False,,,True,424B5,False,True,14042304.0,2024-11-04,no 8-K/6-K on run day,,14042304.0,29910107.52,False,False,,
CPOP,2025-07-31,2025-07-30,True,False,False,2.295081967213114,1.8246614397719172,2025-07-31,1.61,21411043.0,0.7015,0.7015,<1,78409.461,-0.1548192771084336,0.2040851355990387,0.0362716387288447,2024-10-01,0.72,1.95,1.61,1.2950819672131146,0.0263720598717034,0.8256410256410257,1.7797576621525302,34471779.230000004,-0.2049689440993789,,-0.4242236024844721,,-0.2236024844720497,,1.13,-0.1796460176991149,0.1061946902654868,1807389.0,True,"Pop Culture Group Co., Ltd",7900.0,Services-Amusement & Recreation Services,other services,False,F4,China,E9,False,True,False,False,False,False,True,False,2020-05-08,False,,False,False,,,False,,False,False,,,no 8-K/6-K on run day,,,,False,False,,0.0
CPOP,2026-06-10,2026-06-09,True,True,False,4.222222222222222,2.916666666666667,2026-06-10,1.52,287964948.173991,0.36,0.36,<1,44224500.69689184,0.1960132890365449,0.1999999999999999,770.2091728463953,2024-10-01,0.51,2.55,1.52,3.2222222222222223,0.4166666666666667,0.5960784313725491,6.083333333333333,437706721.2244664,-0.3092105263157895,,-0.9078947368421052,,-0.9617105263157896,,1.44,-0.9027777777777778,-0.9595833333333332,1807389.0,True,"Pop Culture Group Co., Ltd",7900.0,Services-Amusement & Recreation Services,other services,False,F4,China,E9,False,True,False,False,False,False,True,False,2020-05-08,False,,True,True,0001213900-26-067098,ea0294088-6k_popculture.htm,True,424B5,False,False,,,other,"Management’s discussion and analysis of the financial condition and results of operations of Pop Culture Group Co., Ltd (the “Company,” “we,” “our,” or “us”) for six months ended December 31, 2025 is set forth below: MAN",,,False,False,,0.0
CPSH,2026-05-22,2026-05-21,False,True,False,1.284796573875803,2.381156316916488,2026-05-26,11.12,3406899.652276,4.67,4.67,3-10,2064473.63007243,-0.0488798370672097,-0.0807086614173229,0.8333872119060465,2024-10-01,4.77,6.6624,6.0,0.2847965738758029,0.0214132762312633,0.9005763688760807,0.4266381156316916,20441397.913656,0.0422661870503597,,-0.1690647482014388,,-0.5152877697841727,,13.0,-0.2892307692307692,-0.5853846153846154,814676.0,True,CPS TECHNOLOGIES CORP/DE/,3260.0,Pottery & Related Products,other manufacturing,False,MA,MA,MA,True,False,False,False,False,False,False,False,1995-08-17,False,,False,False,,,True,424B5,False,True,18006963.0,2026-04-28,no 8-K/6-K on run day,,18006963.0,84092517.21,False,False,,0.0
CRE,2026-08-26,2026-08-25,True,True,False,2.649805447470817,2.295719844357977,2026-08-26,0.5674999999999999,65248721.730884,0.2141666666666666,2.57,1-3,10910.314345,0.028,0.0489795918367346,0.062211325881355,2025-07-23,0.5075,0.7166666666666666,0.5674999999999999,1.649805447470817,1.3696498054474708,0.791860465116279,2.346303501945525,444343794.98732,-0.1336270190895739,,-0.566813509544787,,-0.5580029368575624,,0.4591666666666666,-0.4646098003629763,-0.4537205081669692,2003977.0,True,Cre8 Enterprise Ltd,2750.0,Commercial Printing,other manufacturing,False,K3,Hong Kong,,False,True,False,False,False,False,True,False,2023-12-22,False,,True,True,0001213900-26-093735,ea0303454-6k_cre8.htm,False,,False,False,,,listing compliance / reverse split / financing,"2 ea030345401ex99-1.htm PRESS RELEASE - CRE8 ENTERPRISE LIMITED REPORTS RECORD NUMBER OF CUSTOMERS SERVED FOR THE FIRST HALF OF 2026, DATED AUGUST 26, 2026 Exhibit 99.1 Cre8 Enterprise Limited Reports Record Number of Cu",,,False,False,,0.0
CREG,2026-04-10,2026-04-09,False,True,False,1.8540810334703464,2.084556664709336,2026-04-13,0.071,441513833.895862,0.03406,0.3406,<1,162246.2531521728,0.3145503666538014,-0.7185123966942148,0.0625474676680236,2024-10-01,0.04756,0.0999,0.06315,0.8540810334703464,0.3963593658250148,0.632132132132132,1.9330593071051083,278815986.1052368,-0.1516901408450703,,-0.1873225352112675,,-0.747887323943662,,0.0598,-0.0351153846153845,-0.7006688963210703,721693.0,True,Smart Powerr Corp.,7389.0,"Services-Business Services, NEC",other services,False,F4,China,NV,False,True,False,False,False,False,False,False,2000-12-06,False,,False,False,,,False,,False,False,22959128.0,2026-03-31,no 8-K/6-K on run day,,22959128.0,7819878.996800001,False,False,,0.0
CREG,2026-05-14,2026-05-13,True,True,False,3.5714999999999995,2.383,2026-05-14,0.07143,520675109.726538,0.02,0.2,<1,1160738.0217524,-0.6186844613918017,-0.6908809891808345,0.426237092358627,2024-10-01,0.021,0.09099,0.07143,2.5714999999999995,0.0499999999999998,0.7850313221233102,3.5495,371918230.8776661,-0.3327733445331092,,-0.4646507069858603,,-0.7326053478930421,,0.0489,-0.2179959100204498,-0.6094069529652351,721693.0,True,Smart Powerr Corp.,7389.0,"Services-Business Services, NEC",other services,False,F4,China,NV,False,True,False,False,False,False,False,False,2000-12-06,False,,False,False,,,True,424B5,False,False,22959128.0,2026-03-31,no 8-K/6-K on run day,,22959128.0,4591825.600000001,False,False,,0.0
CREV,2024-12-24,2024-12-23,True,True,False,2.354755784061697,2.074550128534705,2024-12-24,9.16,26951273.0,3.89,3.89,3-10,10207476.7,0.6767241379310347,0.3892857142857144,39.982111866354,2024-10-01,11.23,12.75,9.16,1.3547557840616968,1.8868894601542416,0.7184313725490196,2.2776349614395888,246873660.68,-0.1189956331877729,,-0.2106986899563319,,-0.4858078602620087,,6.33,0.14218009478673,-0.2559241706161137,1960208.0,True,Carbon Revolution Public Ltd Co,3714.0,Motor Vehicle Parts & Accessories,other manufacturing,False,L2,Ireland,L2,False,False,False,False,False,False,True,False,2023-02-27,False,,True,True,0001140361-24-050262,ef20040552_6k.htm,False,,False,False,1875184.0,2023-11-03,other,2 ef20040552_ex99-1.htm EXHIBIT 99.1 Exhibit 99.1 CERTAIN IDENTIFIED INFORMATION HAS BEEN EXCLUDED FROM THIS EXHIBIT BECAUSE IT IS BOTH NOT MATERIAL AND IS THE TYPE THAT THE REGISTRANT TREATS AS PRIVATE OR CONFIDENTIAL. ,1875184.0,7294465.76,False,False,,
CRIS,2026-06-26,2026-06-25,False,True,False,1.5597667638483963,2.1477162293488825,2026-06-29,0.442,109832392.28542,0.2058,0.2058,<1,968429.1967174608,-0.493103448275862,-0.6102272727272727,8.66347255544873,2024-10-01,0.212,0.38,0.321,0.5597667638483965,0.0301263362487851,0.8447368421052631,0.84645286686103,35256197.92361982,0.1812217194570136,,-0.4015837104072398,,-0.4536199095022624,,0.446,-0.4069506726457399,-0.4585201793721972,1108205.0,True,CURIS INC,2836.0,"Biological Products, (No Diagnostic Substances)",biotech/pharma/medtech,False,MA,MA,DE,True,False,False,False,False,False,False,False,2005-06-03,True,5.07,False,True,0001108205-26-000071,cris-20260625.htm,False,,False,True,38978693.0,2026-05-08,other,"cris-20260625 0001108205 false 0001108205 2026-06-25 2026-06-25 UNITED STATES SECURITIES AND EXCHANGE COMMISSION Washington, D.C. 20549 _____________________ FORM 8-K _____________________ CURRENT REPORT Pursuant to Sect",38978693.0,8021815.019400001,False,False,,0.0
CRML,2025-10-13,2025-10-10,False,True,False,1.5540720961281709,2.000667556742323,2025-10-14,29.97,68028410.0,14.98,14.98,>10,867583537.52,0.8771929824561404,1.4083601286173637,3.471213887988005,2024-10-01,17.21,23.67,23.28,0.5540720961281709,0.1488651535380507,0.9835234474017744,0.5801068090787718,1583701384.8000002,-0.2419085752419085,,-0.4571237904571238,,-0.6740073406740074,,26.535,-0.3868475598266441,-0.6318070472960242,1951089.0,True,Critical Metals Corp.,1000.0,Metal Mining,mining/energy,True,C3,Australia,D8,False,False,False,False,False,False,True,False,2022-10-26,False,,False,False,,,True,F-3,False,False,104912853.0,2025-06-30,no 8-K/6-K on run day,,104912853.0,1571594537.94,False,False,,0.0
CRNC,2024-11-21,2024-11-20,True,True,False,2.067375886524822,2.5531914893617023,2024-11-21,5.83,77555939.0,2.82,2.82,1-3,2659683.0,-0.1132075471698114,-0.0105263157894737,1.0576281465110184,2024-10-01,3.4,6.41,5.83,1.0673758865248226,0.2056737588652482,0.9095163806552262,1.273049645390071,452151124.37,0.2349914236706689,,0.2632933104631219,,0.3156089193825042,,5.87,0.2546848381601363,0.3066439522998296,1768267.0,True,Cerence Inc.,7372.0,Services-Prepackaged Software,tech/software/semis/telecom,False,MA,MA,DE,True,False,False,False,False,False,False,False,2019-05-21,True,2.02;9.01,False,True,0000950170-24-129486,crnc-20241121.htm,False,,False,True,41804112.0,2024-08-01,earnings / business update,2 crnc-ex99_1.htm EX-99.1 EX-99.1 Exhibit 99.1 Cerence Announces Fourth Quarter and Fiscal Year 2024 Results Headlines • Q4 Revenue exceeds high end of guidance; positive cash flow from operations of $6.1 million • Trans,41804112.0,117887595.83999999,False,False,,
CRNC,2025-01-03,2025-01-02,True,True,False,2.437578814627994,2.544766708701135,2025-01-03,19.33,161799588.0,7.93,7.93,3-10,13067965.95,-0.0269938650306749,0.1044568245125348,0.778450398968141,2024-10-01,10.79,19.89,19.33,1.4375788146279946,0.360655737704918,0.9718451483157364,1.5081967213114758,3127586036.04,0.0439730988101396,,-0.2881531298499741,,-0.3755819968960164,,23.632,-0.4177386594448206,-0.4892518618821936,1768267.0,True,Cerence Inc.,7372.0,Services-Prepackaged Software,tech/software/semis/telecom,False,MA,MA,DE,True,False,False,False,False,False,False,False,2019-05-21,False,,False,False,,,False,,False,True,42827789.0,2024-11-13,no 8-K/6-K on run day,,42827789.0,339624366.77,False,False,,
CRVO,2025-03-12,2025-03-11,True,True,False,2.614406779661017,2.453389830508475,2025-03-12,6.17,158888717.0,2.36,2.36,1-3,1468738.92,0.1132075471698113,0.0776255707762556,6.178941458380184,2024-10-01,2.4,6.84,6.17,1.6144067796610169,0.0169491525423728,0.902046783625731,1.898305084745763,980343383.89,-0.0615883306320907,,0.5186385737439221,,0.4327390599675851,,7.79,0.2028241335044929,0.134788189987163,1053691.0,True,CervoMed Inc.,2834.0,Pharmaceutical Preparations,biotech/pharma/medtech,False,MA,MA,DE,True,False,False,False,False,False,False,False,1998-06-16,True,7.01,False,True,0001437749-25-007027,crvo20250310c_8k.htm,False,,False,True,8253741.0,2024-11-07,other,"false 0001053691 0001053691 2025-03-11 2025-03-11 UNITED STATES SECURITIES AND EXCHANGE COMMISSION Washington, D.C. 20549 FORM 8-K CURRENT REPORT Pursuant to Section 13 or 15(d) of The Securities Exchange Act of 1934 Mar",8253741.0,19478828.759999998,False,False,,0.0
CRVS,2026-01-20,2026-01-16,True,True,False,2.6596273291925465,2.7515527950310554,2026-01-20,21.41,83969882.0,8.05,8.05,3-10,25333398.3,0.1855670103092783,0.0267857142857144,1.926171522584578,2024-10-01,13.51,22.1,21.41,1.6596273291925463,0.6782608695652173,0.9687782805429864,1.7453416149068324,1797795173.62,0.0345632881830919,,0.0312937879495562,,-0.1550677253619804,,21.76,0.0147058823529411,-0.1686580882352941,1626971.0,True,"Corvus Pharmaceuticals, Inc.",2834.0,Pharmaceutical Preparations,biotech/pharma/medtech,False,CA,CA,DE,True,False,False,False,False,False,False,False,2014-12-08,True,7.01;8.01;9.01,False,True,0001104659-26-004795,tm263501d4_8k.htm,True,424B5;S-3MEF,True,True,74681872.0,2025-11-04,FDA / clinical,2 tm263501d4_ex99-1.htm EXHIBIT 99.1 Exhibit 99.1 Corvus Pharmaceuticals Announces Positive Data from Cohort 4 Confirming Results for Placebo-Controlled Phase 1 Clinical Trial of Soquelitinib for Atopic Dermatitis Cohort,74681872.0,601189069.6,False,False,,0.0
CSAI,2025-02-10,2025-02-07,True,True,False,2.2894248608534324,2.3933209647495364,2025-02-10,12.34,10246539.0,5.39,5.39,3-10,1394118.11,-0.7878787878787878,,,2025-01-30,5.78,14.9,12.34,1.2894248608534324,0.0723562152133581,0.8281879194630872,1.7643784786641934,126442291.26,0.0453808752025932,,-0.1491085899513776,,-0.5907617504051864,,10.09,0.0406342913776016,-0.4995044598612488,1709628.0,True,"CLOUDASTRUCTURE, INC.",7370.0,"Services-Computer Programming, Data Processing, Etc.",tech/software/semis/telecom,False,CA,CA,DE,True,False,True,False,True,True,False,True,2017-09-07,False,,False,False,,,True,424B4;EFFECT;S-1/A,False,False,,,no 8-K/6-K on run day,,,,True,False,,
CTCX,2025-01-02,2024-12-31,True,True,False,2.479756359727696,2.210677176639197,2025-01-02,0.6921,314152689.0,0.2791,0.2791,<1,133572.7944,0.2371453900709221,-0.191014492753623,0.1277506053975527,2024-10-01,0.9451,1.2,0.6921,1.479756359727696,2.386241490505195,0.5767500000000001,3.299534217126477,217425076.0569,-0.1085103308770409,,-0.2886461494003757,,-0.533304435775177,,0.589,-0.1641290322580645,-0.4516129032258064,1842939.0,True,"Longevity Health Holdings, Inc.",2840.0,"Soap, Detergents, Cleang Preparations, Perfumes, Cosmetics",other manufacturing,False,PA,PA,DE,True,False,True,False,False,True,False,False,2021-02-02,True,1.01;3.02;8.01;9.01,False,True,0000950170-24-141623,ctcx-20241223.htm,True,424B3,False,True,20905407.0,2024-11-13,listing compliance / reverse split / financing,"6 ctcx-ex99_1.htm EX-99.1 EX-99.1 EXHIBIT 99.1 Carmell Announces PIPE Investment From Existing and New Investors To Support Commercial Build-out PITTSBURGH, December 24, 2024 (",20905407.0,5834699.0937,False,False,,
CTM,2024-12-26,2024-12-24,True,True,False,2.3793103448275863,2.4482758620689657,2024-12-26,1.38,104508297.0,0.58,0.58,<1,9323321.94,0.9863013698630136,2.622735790131168,4.290766638375983,2024-10-01,0.81,1.71,1.38,1.3793103448275863,0.3965517241379312,0.8070175438596491,1.9482758620689655,144221449.85999998,0.0289855072463769,,0.2101449275362319,,-0.4422463768115942,,1.23,0.3577235772357723,-0.3742276422764227,1877939.0,True,"Castellum, Inc.",8742.0,Services-Management Consulting Services,other services,False,VA,VA,NV,True,False,True,False,False,True,False,False,2021-10-19,True,1.01;8.01;9.01,False,True,0001628280-24-052385,ctm-20241222.htm,True,424B5,False,False,56109928.0,2024-11-11,listing compliance / reverse split / financing,"5 exhibit991-8xk.htm EX-99.1 Document Exhibit 99.1 Castellum, Inc. Announces Pricing of $3.6 Million Registered Direct Offering VIENNA, Va., Dec. 23, 2024 (",56109928.0,32543758.24,False,False,,
CTMX,2025-05-12,2025-05-09,True,True,False,2.294269711331322,2.692804825506247,2025-05-12,2.13,114154461.0,0.9284,0.9284,<1,14338435.2012,0.1576059850374065,0.8770723817226043,8.677803924217173,2024-10-01,1.9,2.18,2.13,1.2942697113313226,1.0465316673847478,0.9770642201834862,1.348125807841448,243149001.93,0.1737089201877935,,0.0,,0.267605633802817,,2.17,-0.0184331797235023,0.2442396313364057,1501989.0,True,"CytomX Therapeutics, Inc.",2834.0,Pharmaceutical Preparations,biotech/pharma/medtech,False,CA,CA,DE,True,False,False,False,False,False,False,False,2010-09-28,True,2.02;8.01;9.01,False,True,0001193125-25-117245,d23036d8k.htm,False,,True,True,80099889.0,2025-02-28,FDA / clinical,2026 - - Planning CX-2051 Phase 2 study initiation in 1H 2026 - - CX-801 (PROBODY ® Interferon alpha-2b) Phase 1a translational data in advanced melanoma expected in 2H 2025 - - Company to host conference call today at 8,80099889.0,74364736.9476,False,False,,0.0
CTNT,2024-12-03,2024-12-02,True,False,False,2.6149732620320854,1.9037433155080208,2024-12-03,0.305625,113266010.0,0.116875,1.87,1-3,99785.07,0.0053763440860215,-0.2751937984496123,0.5237462861921434,2024-10-01,0.48875,0.53125,0.305625,1.6149732620320854,3.1818181818181817,0.5752941176470587,3.545454545454545,553870788.9,-0.2719836400817995,,-0.1840490797546011,,-0.3803680981595092,,0.26,-0.0408653846153845,-0.2716346153846154,1951667.0,True,CHEETAH NET SUPPLY CHAIN SERVICE INC.,5010.0,Wholesale-Motor Vehicles & Motor Vehicle Parts & Supplies,retail/wholesale,False,CA,CA,DE,True,False,False,False,False,False,False,True,2022-12-16,True,1.01;3.02;8.01;9.01,False,True,0001104659-24-124817,tm2429988d1_8k.htm,False,,False,True,1960218.0,2024-11-13,merger / acquisition / buyout,"3 tm2429988d1_ex99-1.htm EXHIBIT 99.1 Exhibit 99.1 Cheetah Net Supply Chain Service Inc. Signs Definitive Agreements to Acquire TW & EW IRVINE, December 2, 2024 (",1960218.0,3665607.66,True,True,1-for-16,
CUE,2026-05-01,2026-04-30,True,True,False,2.063772048846676,2.025101763907734,2026-05-01,1.014,18924593.406874,0.4913333333333333,14.74,>10,27965913.91386364,-0.1134367857572477,1.4251398486344191,1.982809830858237,2024-10-01,1.125,1.2666666666666666,1.014,1.0637720488466758,1.289687924016282,0.8005263157894738,1.5780189959294435,575686131.4371071,-0.0187376725838264,,0.1505588428665352,,-0.2089086127547665,,1.0066666666666666,0.1589403973509935,-0.2031456953642383,1645460.0,True,"Cue Biopharma, Inc.",2834.0,Pharmaceutical Preparations,biotech/pharma/medtech,False,MA,MA,DE,True,False,True,True,False,False,False,False,2015-06-19,True,1.01;3.02;5.02;8.01;9.01,False,True,0001193125-26-198588,d128047d8k.htm,False,,False,True,97660791.0,2026-03-13,FDA / clinical,"as a clinical-stage company with a robust portfolio of therapies targeting functional cures for immunological disorders BOSTON, Mass., April 30, 2026 — Cue Biopharma, Inc. (Nasdaq: CUE), a clinical-stage biopharmaceutica",3255359.7,47984001.978,False,True,1-for-30,0.0
CUPR,2025-09-10,2025-09-09,True,False,False,2.307692307692308,1.8660968660968664,2025-09-10,1.62,58160528.0,0.702,0.702,<1,10994985.144,-0.2096374690385049,-0.915217391304348,5.486343979782486,2025-04-10,1.83,2.45,1.62,1.307692307692308,1.606837606837607,0.6612244897959184,2.4900284900284904,94220055.36,-0.1913580246913581,,-0.1358024691358026,,-0.3086419753086419,,1.0,0.3999999999999999,0.1200000000000001,1995704.0,True,Cuprina Holdings (Cayman) LTD,3842.0,"Orthopedic, Prosthetic & Surgical Appliances & Supplies",biotech/pharma/medtech,False,U0,Singapore,E9,False,False,False,False,False,False,True,True,2023-10-13,False,,False,False,,,False,,False,False,7365000.0,2025-05-14,no 8-K/6-K on run day,,7365000.0,5170230.0,True,False,,1.0
CUPR,2026-06-15,2026-06-12,True,False,False,2.118387909319899,1.3274559193954658,2026-06-15,1.05125,48556179.968418,0.49625,3.97,3-10,331020853.05297875,0.6337448559670782,0.851679104477612,280.1933801755591,2025-04-10,1.36875,1.85,1.05125,1.1183879093198992,1.7581863979848862,0.5682432432432433,2.7279596977329974,408357473.5343954,-0.3733650416171226,,-0.5315101070154578,,-0.4994054696789536,,0.745,-0.3389261744966443,-0.2936241610738255,1995704.0,True,Cuprina Holdings (Cayman) LTD,3842.0,"Orthopedic, Prosthetic & Surgical Appliances & Supplies",biotech/pharma/medtech,False,U0,Singapore,E9,False,False,False,False,False,False,True,False,2023-10-13,False,,True,True,0001493152-26-028628,form6-k.htm,False,,False,False,7365000.0,2026-04-27,FDA / clinical,"ibit 99.1 Cuprina Receives U.S. FDA 510(k) Clearance for MEDIFLY Maggots — the First U.S. Clearance for a Lucilia cuprina Maggot Debridement Product SINGAPORE, June 15, 2026 – Cuprina Holdings (Cayman) Limited (Nasdaq: C",920625.0,3654881.25,False,True,1-for-8,0.0
CURR,2025-01-08,2025-01-07,True,True,False,2.8201438848920866,2.0575539568345325,2025-01-08,3.92,293274474.0,1.39,1.39,1-3,189322.17,-0.1202531645569621,-0.0733333333333333,0.0925399244586465,2024-10-01,2.71,7.0799,3.92,1.8201438848920863,0.9496402877697844,0.553680136725095,4.093453237410072,1149635938.08,-0.2704081632653061,,-0.4285714285714285,,-0.6556122448979591,,3.09,-0.2750809061488672,-0.5631067961165048,1862935.0,True,Currenc Group Inc.,7389.0,"Services-Business Services, NEC",other services,False,,,E9,False,False,True,False,False,True,True,True,2021-05-20,False,,False,False,,,False,,False,False,46527999.0,2024-11-19,no 8-K/6-K on run day,,46527999.0,64673918.60999999,True,False,,
CURR,2025-07-03,2025-07-02,False,True,False,1.1537608165076547,2.207676946971378,2025-07-07,1.99,797630.0,0.9014,0.9014,<1,2267990.9064,0.5088717777033811,0.7853040205981381,0.2956230018696121,2024-10-01,0.9201,1.08,1.04,0.1537608165076547,0.020745506989128,0.9629629629629628,0.19813623252718,829535.2000000001,0.0603015075376884,,-0.2512562814070351,,-0.1306532663316583,,1.85,-0.1945945945945946,-0.0648648648648648,1862935.0,True,Currenc Group Inc.,7389.0,"Services-Business Services, NEC",other services,False,,,E9,False,False,True,False,True,False,True,True,2021-05-20,False,,False,False,,,False,,False,False,46527999.0,2025-05-19,no 8-K/6-K on run day,,46527999.0,41940338.298599996,True,False,,0.0
CWD,2025-08-28,2025-08-27,True,True,False,2.623529411764706,2.041176470588235,2025-08-28,0.223,182872525.0,0.085,1.7,1-3,83111.3,-0.0229885057471264,-0.380466472303207,0.0101240381565801,2024-10-01,0.15725,0.236,0.223,1.623529411764706,0.8499999999999999,0.9449152542372882,1.7764705882352936,815611461.5,-0.2219730941704035,,-0.5336322869955157,,0.1905829596412556,,0.1615,-0.3560371517027864,0.6439628482972137,1627282.0,True,CaliberCos Inc.,6500.0,Real Estate,finance/real estate,False,AZ,AZ,DE,True,False,False,False,False,False,False,False,2014-12-05,True,3.01;7.01;8.01;9.01,False,True,0001104659-25-084217;0001104659-25-084125,tm2524335d2_8k.htm;tm2524335d3_8k.htm,False,,True,True,,,crypto treasury / digital assets,"aliber Establishes LINK Token Digital Asset Treasury Strategy Merges Digital and Real World Assets, Investing in the Infrastructure Layer of Blockchain Technology Positions Caliber as a first-mover among U.S. public comp",,,False,False,,0.0
CYCC,2025-07-15,2025-07-14,True,True,False,3.725075528700906,2.4773413897280965,2025-07-15,0.051375,63786644.0,0.0137916666666666,3.31,3-10,452662.36,-0.072829131652661,-0.3853296193129062,0.2914425646854764,2024-10-01,0.0190833333333333,0.0802083333333333,0.051375,2.725075528700906,0.3836858006042296,0.6405194805194805,4.815709969788519,786489320.52,-0.3349553933495539,,-0.1273317112733171,,-0.2473641524736416,,0.0397083333333333,0.1290661070304302,-0.0262329485834208,1130166.0,True,"Bio Green Med Solution, Inc.",5099.0,"Wholesale-Durable Goods, NEC",retail/wholesale,False,NJ,NJ,DE,True,False,True,False,True,True,False,False,2010-01-27,False,,False,False,,,True,424B3;EFFECT;S-1,False,False,356357531.0,2025-05-11,no 8-K/6-K on run day,,1484823.0458333334,4914764.281708334,False,True,1-for-15;1-for-16,0.0
CYCN,2024-12-04,2024-12-03,True,True,True,3.944099378881987,3.3043478260869565,2024-12-04,6.35,141930505.0,1.61,1.61,1-3,606309.9,0.1103448275862069,-0.3892956036869854,0.1659253763188107,2024-10-01,5.16,9.4699,6.35,2.944099378881987,2.2049689440993787,0.670545623501832,4.88192546583851,901258706.75,-0.1622047244094487,,-0.4173228346456692,,-0.4929133858267716,,4.662,-0.2063492063492062,-0.3093093093093092,1755237.0,True,"Korsana Biosciences, Inc.",2834.0,Pharmaceutical Preparations,biotech/pharma/medtech,False,MA,MA,MA,True,False,False,False,False,False,False,False,2018-10-09,False,,False,False,,,False,,False,True,2710096.0,2024-11-09,no 8-K/6-K on run day,,2710096.0,4363254.5600000005,False,False,,
CYCN,2025-01-31,2025-01-30,False,True,False,1.5433070866141732,2.0944881889763782,2025-02-03,5.32,82574079.0,2.54,2.54,1-3,1538744.7,-0.1286449399656947,-0.263768115942029,10.81531019671098,2024-10-01,3.34,4.47,3.92,0.5433070866141732,0.3149606299212597,0.8769574944071589,0.7598425196850394,323690389.68,-0.2124060150375939,,-0.2819548872180452,,-0.505639097744361,,5.51,-0.3067150635208712,-0.5226860254083485,1755237.0,True,"Korsana Biosciences, Inc.",2834.0,Pharmaceutical Preparations,biotech/pharma/medtech,False,MA,MA,MA,True,False,False,False,False,False,False,False,2018-10-09,False,,False,False,,,True,S-3,False,True,2710096.0,2024-11-09,no 8-K/6-K on run day,,2710096.0,6883643.84,False,False,,
CYCN,2026-04-01,2026-03-31,True,True,True,4.116129032258065,3.967741935483871,2026-04-01,6.38,264674348.408696,1.55,1.55,1-3,42728.1817671,-0.0548780487804877,0.1481481481481481,0.7404570491345118,2024-10-01,5.42,8.48,6.38,3.1161290322580646,2.496774193548387,0.7523584905660377,4.470967741935484,1688622342.8474803,-0.0360501567398118,,-0.5047021943573667,,-0.4811912225705329,,4.94,-0.3603238866396762,-0.3299595141700405,1755237.0,True,"Korsana Biosciences, Inc.",2834.0,Pharmaceutical Preparations,biotech/pharma/medtech,False,MA,MA,MA,True,False,False,False,False,False,False,False,2018-10-09,False,,False,False,,,False,,False,False,4330314.0,2026-03-26,no 8-K/6-K on run day,,4330314.0,6711986.7,False,False,,0.0
CYCU,2026-07-30,2026-07-29,True,True,False,5.958549222797928,3.2868245743893416,2026-07-30,0.054096,645493054.370208,0.0090787199999999,0.2702,<1,212345.99681764,-0.1283870967741937,-0.5329299913569577,0.5471033616199366,2025-02-18,0.0108628799999999,0.061824,0.054096,4.958549222797928,0.196521095484826,0.875,5.809770540340489,1039243817.536035,-0.4483850931677019,,-0.584223602484472,,-0.6993788819875777,,0.049392,-0.544625850340136,-0.6707482993197279,1868419.0,True,"Cycurion, Inc.",7371.0,Services-Computer Programming Services,tech/software/semis/telecom,False,VA,VA,DE,True,False,True,False,True,False,False,False,2021-07-13,False,,False,False,,,False,,False,False,10709032.0,2026-06-05,no 8-K/6-K on run day,,10709032.0,2893580.4464,False,False,,0.0
CYN,2025-02-10,2025-02-07,True,True,False,3.068106312292359,2.7076411960132893,2025-02-10,0.001847,2086240076.0,0.000602,0.0602,<1,8188276.676999999,-0.7770370370370371,-0.89988358556461,2.85611566062416,2024-10-01,0.0008849999999999,0.00197,0.001847,2.068106312292359,0.4700996677740863,0.9375634517766498,2.272425249169435,385328542.0372,-0.1174878180833783,,-0.6794802382241473,,-0.8617578054502797,,0.002549,-0.767752059631228,-0.8998299986922976,1874097.0,True,Cyngn Inc.,7371.0,Services-Computer Programming Services,tech/software/semis/telecom,False,CA,CA,DE,True,False,True,True,True,True,False,True,2021-07-28,False,,False,False,,,False,,False,False,2026659.0,2024-11-07,no 8-K/6-K on run day,,2026659.0,122004.8718,True,False,,
CYN,2025-06-26,2025-06-25,True,True,False,2.7145708582834334,3.2594810379241514,2025-06-26,0.0009066666666666,140839275.0,0.000334,5.01,3-10,844149.9299999999,0.1900237529691208,0.0751072961373391,7.020819574108142,2024-10-01,0.0010933333333333,0.0027693333333333,0.0009066666666666,1.7145708582834334,2.273453093812375,0.327395281656235,7.291417165668664,1915414140.0,0.200735294117647,,-0.0551470588235294,,-0.3463235294117647,,0.0014593333333333,-0.4129739607126542,-0.5938784833257196,1874097.0,True,Cyngn Inc.,7371.0,Services-Computer Programming Services,tech/software/semis/telecom,False,CA,CA,DE,True,False,False,False,False,False,False,True,2021-07-28,False,,False,False,,,True,424B5,False,False,1751906.0,2025-05-07,no 8-K/6-K on run day,,1751906.0,8777049.06,True,False,,0.0
DAIC,2026-08-24,2026-08-21,True,True,True,4.061032863849765,9.107981220657278,2026-08-24,0.0692,102227996.371224,0.01704,0.426,<1,68185.054194864,-0.1309669522643819,-0.6748091603053435,0.2418620439623987,2025-06-23,0.043212,0.1252,0.0692,3.061032863849765,1.5359154929577468,0.5527156549520766,6.347417840375587,176854433.72221753,1.2427745664739884,,1.0115606936416186,,1.0028901734104043,,0.1454,-0.0426409903713893,-0.0467675378266849,2033770.0,True,"CID Holdco, Inc.",7373.0,Services-Computer Integrated Systems Design,tech/software/semis/telecom,False,MD,MD,DE,True,False,False,False,False,False,False,False,2024-09-11,False,,False,False,,,False,,False,False,30259579.0,2026-05-11,no 8-K/6-K on run day,,1210383.16,515623.22615999996,False,True,1-for-25,0.0
DAIC,2026-09-17,2026-09-16,True,False,False,2.6368159203980097,1.7661691542288556,2026-09-17,0.212,112166234.024524,0.0804,2.01,1-3,22392480.8185869,-0.3092783505154639,2.1455399061032865,0.6406173758615449,2025-06-23,0.1648,0.28598,0.212,1.6368159203980095,1.0497512437810943,0.7413105811595216,2.556965174129353,594481040.3299772,-0.330188679245283,,-0.3566037735849056,,,beyond_data,0.1644,-0.170316301703163,,2033770.0,True,"CID Holdco, Inc.",7373.0,Services-Computer Integrated Systems Design,tech/software/semis/telecom,False,MD,MD,DE,True,False,False,False,False,False,False,False,2024-09-11,True,1.01;3.02;8.01;9.01,False,True,0001213900-26-100595,ea0305699-8k_cidhold.htm,False,,False,False,30259579.0,2026-05-11,listing compliance / reverse split / financing,false 0002033770 0002033770 2026-09-10 2026-09-10 0002033770 DAIC:CommonStockParValueOf0.0001PerShareMember 2026-09-10 2026-09-10 0002033770 DAIC:WarrantsEachExercisableForOneShareOfCommonStockAtExercisePriceOf287.50PerS,1210383.16,2432870.1515999995,False,False,,0.0
DALN,2025-07-10,2025-07-09,True,True,True,3.088838268792711,3.104783599088839,2025-07-10,13.56,4528829.0,4.39,4.39,3-10,116225.25,-0.0414847161572052,0.0527577937649879,0.670734565187926,2024-10-01,13.5,13.58,13.56,2.088838268792711,2.0751708428246016,0.9985272459499264,2.0933940774487474,61410921.24,0.0051622418879055,,0.0176991150442478,,0.096607669616519,,13.55,0.0184501845018449,0.0974169741697414,1413898.0,True,DallasNews Corp,2711.0,Newspapers: Publishing or  Publishing & Printing,other manufacturing,False,TX,TX,TX,True,False,False,False,False,False,False,False,2008-01-04,True,1.01;5.02;5.03;8.01;9.01,False,True,0001193125-25-157392,d92838d8k.htm,False,,False,False,21872537.0,2014-10-24,merger / acquisition / buyout,"10 d92838dex991.htm EX-99.1 EX-99.1 Exhibit 99.1 DALLASNEWS CORPORATION TO JOIN HEARST The Dallas Morning News’ 140-year legacy of exceptional, independent journalism strengthened by Hearst’s resources, scale and industr",,,False,False,,0.0
DATS,2025-01-07,2025-01-06,True,False,False,4.556122448979592,1.6377551020408163,2025-01-07,8.93,204884010.0,1.96,1.96,1-3,692060.32,0.0652173913043476,0.1329479768786128,0.8580712837423643,2024-10-01,2.38,9.34,8.93,3.5561224489795915,0.2142857142857142,0.95610278372591,3.76530612244898,1829614209.3,-0.6405375139977604,,-0.522956326987682,,-0.6539753639417694,,3.78,0.1269841269841269,-0.1825396825396825,1648960.0,True,"Myseum.AI, Inc.",4822.0,Telegraph & Other Message Communications,other,False,NJ,NJ,NV,True,False,False,False,False,False,False,False,2015-07-28,False,,False,False,,,True,424B5,False,False,3009329.0,2024-11-14,no 8-K/6-K on run day,,3009329.0,5898284.84,False,False,,
DEVS,2025-05-07,2025-05-06,True,False,False,2.0777202072538863,1.689119170984456,2025-05-07,0.401,271455046.0,0.193,0.193,<1,421526.668,-0.0853080568720379,0.0131233595800523,3.383621379126308,2024-11-07,0.203,0.445,0.401,1.0777202072538865,0.0518134715025906,0.901123595505618,1.3056994818652852,108853473.446,-0.1870324189526184,,0.9451371571072318,,0.1221945137157107,,0.3456,1.2569444444444442,0.3020833333333332,1854480.0,True,DevvStream Corp.,6799.0,"Investors, NEC",other,False,CA,CA,A0,True,False,True,False,True,True,False,False,2021-04-23,False,,False,False,,,False,,False,True,30115734.0,2025-04-15,no 8-K/6-K on run day,,30115734.0,5812336.6620000005,False,False,,1.0
DEVS,2026-05-29,2026-05-28,True,True,False,2.4,3.064,2026-05-29,0.03,579673209.772205,0.0125,0.125,<1,129412.733879125,-0.1982039769082745,-0.5658214657867315,0.1031096817121365,2024-11-07,0.02812,0.04265,0.03,1.4,1.2496,0.7033997655334114,2.412,173901962.9316615,0.2766666666666668,,0.9336666666666666,,-0.49,stale_last_close,0.03331,0.7415190633443411,,1854480.0,True,DevvStream Corp.,6799.0,"Investors, NEC",other,False,CA,CA,A0,True,False,True,False,False,True,False,False,2021-04-23,False,,False,False,,,False,,False,True,5335682.0,2026-03-12,no 8-K/6-K on run day,,5335682.0,666960.25,False,False,,0.0
DFLI,2025-07-21,2025-07-18,False,True,False,1.5676470588235294,3.0588235294117645,2025-07-22,0.0577777777777777,94690584.0,0.0188888888888888,0.17,<1,860237.91,0.0378510378510379,-0.2201834862385321,0.2348550427051034,2024-10-01,0.0199999999999999,0.0329666666666666,0.0296111111111111,0.5676470588235294,0.0588235294117645,0.8982136838557466,0.7452941176470587,25235040.636,-0.218076923076923,,-0.2626923076923076,,-0.4151923076923077,,0.0478555555555555,-0.1098212212677037,-0.2939400975156723,1847986.0,True,Dragonfly Energy Holdings Corp.,3690.0,"Miscellaneous Electrical Machinery, Equipment & Supplies",other manufacturing,False,NV,NV,NV,True,False,False,False,False,False,False,False,2021-03-08,True,1.01;3.02;7.01;9.01,False,True,0001641172-25-020360,form8-k.htm,True,424B5,False,False,9363145.0,2025-05-12,listing compliance / reverse split / financing,"ragonfly Energy Announces Exchange of Remaining Outstanding Shares of Series A Convertible Preferred Stock Strategic Move Eliminates Associated Common Stock Issuance and Dividend Obligations, Enhancing Financial Flexibil",9363145.0,1591734.6500000001,False,False,,0.0
DFLI,2025-10-02,2025-10-01,False,True,False,1.786012351861125,3.1547320981472207,2025-10-03,0.2099999999999999,391521979.0,0.0665666666666666,0.5991,<1,11559889.7166,0.7656940760389037,1.0615966964900203,0.8145850558186782,2024-10-01,0.0799111111111111,0.1255555555555555,0.1188888888888888,0.7860123518611251,0.200467367718244,0.9469026548672568,0.8861625771991317,418928517.53,-0.2486772486772486,,-0.4232804232804231,,-0.3439153439153438,,0.1461111111111111,-0.1711026615969582,-0.0570342205323194,1847986.0,True,Dragonfly Energy Holdings Corp.,3690.0,"Miscellaneous Electrical Machinery, Equipment & Supplies",other manufacturing,False,NV,NV,NV,True,False,True,False,False,True,False,False,2021-03-08,False,,False,False,,,True,424B5,False,False,61724593.0,2025-08-11,no 8-K/6-K on run day,,61724593.0,36979203.6663,False,False,,0.0
DFNS,2026-07-27,2026-07-24,True,True,False,3.011494252873564,5.517241379310345,2026-07-27,0.1048,78865711.299108,0.0348,4.35,3-10,15869543.464637848,-0.1714285714285714,-0.8044943820224719,2.592792283103704,2026-02-09,0.05568,0.12792,0.1048,2.011494252873564,0.6000000000000001,0.8192620387742339,2.6758620689655177,1033140818.0183148,0.83206106870229,,3.694656488549618,,-0.1595419847328244,,0.16376,2.004396678065462,-0.4621397166585246,1787518.0,True,T3 Defense Inc.,8742.0,Services-Management Consulting Services,other services,False,NY,NY,DE,True,False,True,False,True,True,False,False,2019-11-26,False,,False,False,,,False,,False,True,60270525.0,2026-05-20,no 8-K/6-K on run day,,482164.2,2097414.27,False,True,1-for-125,1.0
DFSC,2026-08-13,2026-08-12,False,True,False,1.862903225806452,2.419354838709677,2026-08-14,3.0,114044848.515531,1.24,1.24,1-3,139374.6638814,0.0081300813008129,-0.38,2.0977564814386307,2025-06-30,2.58,3.57,2.31,0.8629032258064517,1.0806451612903225,0.6470588235294118,1.879032258064516,263443600.07087663,-0.2799999999999999,,-0.4833333333333333,,-0.5616666666666668,,2.7,-0.4259259259259259,-0.5129629629629631,1889823.0,True,DEFSEC Technologies Inc.,7372.0,Services-Prepackaged Software,tech/software/semis/telecom,False,,,A1,False,False,True,False,True,True,True,False,2022-07-05,False,,True,True,0001279569-26-000783;0001062993-26-004229,defsec6k.htm;form6k.htm,False,,False,False,1579174.0,2024-09-30,earnings / business update,"29.7 6,733.9 Trade and other receivables 2,309.1 1,494.2 Current assets 6,835.2 8,946.0 Total assets 10,451.7 12,921.5 Current liabilities 3,160.6 2,918.2 Total liabilities 5,341.3 5,119.8 Working capital 3,674.6 6,027.8",,,False,False,,0.0
DGNX,2025-01-29,2025-01-28,True,True,False,3.345563709139426,2.33555703802535,2025-01-29,50.15,3341918.0,14.99,14.99,>10,26056232.59,,,,2025-01-22,15.69,50.15,50.15,2.345563709139426,0.0466977985323548,1.0,2.345563709139426,167597187.7,-0.3018943170488535,,-0.2711864406779661,,0.3533399800598207,,43.49,-0.1595769142331571,0.5605886410669119,2010499.0,True,Diginex Ltd,7374.0,Services-Computer Processing & Data Preparation,tech/software/semis/telecom,False,,,E9,False,False,True,False,True,True,True,True,2024-02-12,False,,False,False,,,False,,False,False,,,no 8-K/6-K on run day,,,,True,False,,
DHAI,2025-01-03,2025-01-02,False,True,False,1.097902097902098,2.041958041958042,2025-01-06,2.92,239840.0,1.43,1.43,1-3,63018.67,0.288288288288288,-0.0774193548387097,0.5697099287167727,2024-10-01,1.42,1.64,1.57,0.0979020979020979,-0.0069930069930069,0.9573170731707318,0.1468531468531468,376548.8,-0.386986301369863,,-0.5650684931506849,,-0.7089041095890412,,2.49,-0.4899598393574297,-0.6586345381526104,1883788.0,True,"DIH HOLDING US, INC.",3841.0,Surgical & Medical Instruments & Apparatus,biotech/pharma/medtech,False,MA,MA,DE,True,False,True,False,True,True,False,False,2021-12-02,False,,False,False,,,True,S-1/A,False,True,40544935.0,2024-11-08,no 8-K/6-K on run day,,40544935.0,57979257.05,False,False,,
DIST,2025-06-11,2025-06-10,False,True,False,1.6416666666666666,2.333333333333333,2025-06-12,28.0,209712.0,12.0,12.0,>10,123696.0,,,,2024-10-04,11.51,33.94,19.7,0.6416666666666666,-0.0408333333333333,0.5804360636417207,1.8283333333333327,4131326.4,,no_trades_after,,no_trades_after,,no_trades_after,,,,1818605.0,True,Distoken Acquisition Corp,6770.0,Blank Checks,blank check (SPAC),False,F4,China,E9,False,True,False,False,False,False,False,False,2020-07-31,False,,False,False,,,False,,False,False,3200170.0,2025-05-16,no 8-K/6-K on run day,,3200170.0,38402040.0,False,False,,0.0
DJTU,2025-12-18,2025-12-17,False,True,False,1.8362989323843415,2.131672597864769,2025-12-19,5.99,11808095.0,2.81,2.81,1-3,667394.67,-0.1484848484848484,-0.0846905537459282,0.4002113053412733,2025-03-04,4.41,5.33,5.16,0.8362989323843417,0.5693950177935942,0.9681050656660412,0.896797153024911,60929770.2,-0.2070116861435726,,-0.3489148580968281,,-0.2687813021702838,,6.27,-0.3779904306220095,-0.3014354066985646,,False,,,,,,,,,,,,,,,,,,,,,,,,,,,,,,no 8-K/6-K on run day,,,,,False,,1.0
DKI,2026-02-02,2026-01-30,True,True,False,2.8528528528528527,2.0417417417417414,2026-02-02,0.95,212589780.0,0.333,0.333,<1,19311934.734,-0.135289535185666,0.0537974683544304,495.4994271243178,2025-08-08,1.18,1.19,0.95,1.8528528528528527,2.543543543543543,0.7983193277310925,2.573573573573573,201960291.0,-0.2843157894736842,,-0.3457894736842104,,-0.5570526315789474,,0.7311,-0.1499110928737518,-0.4244289426890986,2058584.0,True,DarkIris Inc.,7372.0,Services-Prepackaged Software,tech/software/semis/telecom,False,,,,False,False,False,False,False,False,True,True,2025-03-17,False,,False,False,,,False,,False,False,,,no 8-K/6-K on run day,,,,True,False,,1.0
DKI,2026-04-09,2026-04-08,True,False,False,2.426700251889169,1.6138539042821158,2026-04-09,0.9634,214995283.495542,0.397,0.397,<1,9649695.189,0.3521798365122615,-0.0896583352442099,456.0690325707894,2025-08-08,0.4575,1.21,0.9634,1.426700251889169,0.1523929471032745,0.7961983471074381,2.047858942065491,207126456.11960515,-0.334959518372431,,-0.5703757525430766,,-0.6149055428690056,,0.6768,-0.3884456264775413,-0.4518321513002363,2058584.0,True,DarkIris Inc.,7372.0,Services-Prepackaged Software,tech/software/semis/telecom,False,,,,False,False,False,False,False,False,True,True,2025-03-17,False,,True,True,0001493152-26-015821;0001493152-26-015713,form6-k.htm;form6-k.htm,False,,False,False,,,earnings / business update,"2 ex99-1.htm EX-99.1 Exhibit 99.1 DarkIris Establishes Global R&D Headquarter in Singapore to Accelerate AIGC Development and AGI Transformation Across the Gaming and Film Industries HONG KONG, April 9, 2026 (",,,True,False,,1.0
DLXY,2026-09-16,2026-09-15,True,True,False,5.518072289156627,2.0356626506024096,2026-09-16,2.29,246531793.847246,0.415,0.415,<1,18563.365,-0.0221489161168709,-0.0591702561777375,0.1532144276846756,2025-07-09,1.02,4.45,2.29,4.518072289156627,1.4578313253012052,0.5146067415730337,9.72289156626506,564557807.9101933,-0.6310917030567686,,-0.780349344978166,,,beyond_data,1.15,-0.5626086956521739,,2025218.0,True,Delixy Holdings Ltd,5172.0,Wholesale-Petroleum & Petroleum Products (No Bulk Stations),retail/wholesale,False,U0,Singapore,E9,False,False,False,False,False,False,True,False,2024-06-05,False,,False,False,,,False,,False,False,16350000.0,2025-12-31,no 8-K/6-K on run day,,16350000.0,6785250.0,False,False,,0.0
DM,2025-03-24,2025-03-21,False,True,False,1.0179372197309418,2.026905829596412,2025-03-25,0.4519999999999999,168039.0,0.223,2.23,1-3,573018.57,-0.104417670682731,0.0,0.9343630663343634,2024-10-01,0.22,0.2296,0.227,0.0179372197309417,-0.0134529147982062,0.9886759581881532,0.0295964125560537,381448.53,0.0022123893805312,,0.0973451327433629,,0.0973451327433629,stale_last_close,0.454,0.092511013215859,,1754820.0,True,"Desktop Metal, Inc.",3559.0,"Special Industry Machinery, NEC",other manufacturing,False,MA,MA,DE,True,False,False,False,False,False,False,False,2018-12-13,False,,False,False,,,False,,False,True,33341419.0,2024-10-29,no 8-K/6-K on run day,,33341419.0,74351364.37,False,False,,0.0
DMN,2025-04-28,2025-04-25,False,True,False,1.0857142857142856,2.142857142857143,2025-04-29,0.0075,648919274.0,0.0035,0.0035,<1,753871.6745,0.0294117647058824,-0.92152466367713,0.3445602894739598,2024-11-18,0.0036,0.0042,0.0038,0.0857142857142856,0.0285714285714284,0.9047619047619048,0.1999999999999999,2465893.2412,,gap,,gap,-0.7733333333333333,stale_last_close,,,,2000640.0,True,Damon Inc.,3751.0,"Motorcycles, Bicycles & Parts",other manufacturing,False,A1,"British Columbia, Canada",A1,False,False,True,False,True,True,True,True,2023-11-13,False,,False,False,,,True,424B3,False,False,22030884.0,2025-02-13,no 8-K/6-K on run day,,22030884.0,77108.094,True,False,,1.0
DOMH,2025-02-07,2025-02-06,False,True,False,1.1459074733096086,2.192170818505338,2025-02-10,6.16,921983.0,2.81,2.81,1-3,735908.09,-0.2150837988826816,1.4224137931034484,0.6330923460416832,2024-10-01,2.82,3.28,3.22,0.1459074733096086,0.0035587188612098,0.9817073170731708,0.1672597864768683,2968785.26,0.2110389610389609,,0.6623376623376622,,-0.0957792207792207,,10.43,-0.0182166826462127,-0.4659635666347075,12239.0,True,Dominari Holdings Inc.,6211.0,"Security Brokers, Dealers & Flotation Companies",finance/real estate,False,NY,NY,DE,True,False,True,True,False,False,False,False,2008-05-15,False,,False,False,,,True,424B5,False,True,6276138.0,2024-11-07,no 8-K/6-K on run day,,6276138.0,17635947.78,False,False,,
DPRO,2025-07-16,2025-07-15,False,True,False,1.4349030470914128,2.0,2025-07-17,0.2888,36972754.0,0.1444,3.61,3-10,3636280.8,0.0403458213256484,0.4917355371900826,0.5232767175783688,2024-10-01,0.1726,0.212,0.2072,0.4349030470914128,0.195290858725762,0.9773584905660376,0.4681440443213296,191518865.72,-0.2451523545706371,,-0.1440443213296398,,-0.3891966759002769,,0.2154,0.1476323119777158,-0.181058495821727,1786286.0,True,Draganfly Inc.,3721.0,Aircraft,other manufacturing,False,A9,"Saskatchewan, Canada",A1,False,False,False,False,False,False,True,False,2019-08-29,False,,False,False,,,False,,False,False,5427795.0,2024-12-31,no 8-K/6-K on run day,,5427795.0,19594339.95,False,False,,0.0
DRCT,2024-12-23,2024-12-20,True,True,False,10.0,6.745454545454545,2024-12-23,5.5,68542173.0,0.55,0.55,<1,98401.6,-0.1729323308270676,-0.53781512605042,0.8960108655941132,2024-10-01,0.6,5.5,5.5,9.0,0.0909090909090908,1.0,9.0,376981951.5,-0.3254545454545454,,-0.7109090909090909,,-0.7527272727272727,,6.465,-0.7540603248259861,-0.7896365042536736,1880613.0,True,"Direct Digital Holdings, Inc.",7310.0,Services-Advertising,other services,False,TX,TX,DE,True,False,True,False,True,True,False,True,2021-09-09,False,,False,False,,,False,,False,True,,,no 8-K/6-K on run day,,,,True,False,,
DRCT,2026-01-22,2026-01-21,False,True,False,1.2977528089887638,2.308988764044944,2026-01-23,0.0747272727272727,18330756.0,0.0323636363636363,1.78,1-3,1522825.6,-0.0631578947368418,-0.5096418732782368,0.9187359147741034,2024-10-01,0.0332727272727272,0.0461818181818181,0.0419999999999999,0.2977528089887638,0.0280898876404493,0.9094488188976376,0.4269662921348311,42344046.36,-0.1727493917274939,,-0.4452554744525547,,-0.7493917274939172,,0.0723636363636363,-0.4271356783919598,-0.7412060301507537,1880613.0,True,"Direct Digital Holdings, Inc.",7310.0,Services-Advertising,other services,False,TX,TX,DE,True,False,True,False,True,True,False,True,2021-09-09,False,,False,False,,,False,,False,True,,,no 8-K/6-K on run day,,,,True,True,1-for-55,0.0
DRRX,2025-07-29,2025-07-28,True,True,False,3.4014836258368013,3.455762619866112,2025-07-29,1.88,50403101.0,0.5527,0.5527,<1,23386.3951,-0.0217699115044247,-0.1173746406898754,0.7754753825556985,2024-10-01,1.99,2.64,1.88,2.4014836258368013,2.600506603944274,0.712121212121212,3.776551474579338,94757829.88,0.0159574468085106,,-0.0159574468085105,,0.0265957446808511,,1.85,0.0,0.0432432432432432,1082038.0,True,DURECT CORP,2834.0,Pharmaceutical Preparations,biotech/pharma/medtech,False,CA,CA,DE,True,False,False,False,False,False,False,False,2007-06-27,True,1.01;5.02;7.01;9.01,False,True,0001193125-25-167173,d50216d8k.htm,False,,False,True,31042581.0,2025-05-09,FDA / clinical,"ic option for the treatment of patients with alcoholic hepatitis • Proposed acquisition strengthens Bausch Health’s commitment to hepatology and patients suffering with liver disease complications globally LAVAL, Quebec ",31042581.0,17157234.5187,False,False,,0.0
DRUG,2024-10-14,2024-10-11,True,True,False,2.305769052690064,35.64218909158255,2024-10-14,2.49,21504441.0,1.0799,1.0799,1-3,13487.951,-0.0690517241379309,,,2024-10-01,1.11,2.66,2.49,1.305769052690064,0.027872951199185,0.9360902255639098,1.4631910362070562,53546058.09,14.457831325301203,,18.285140562248998,,16.714859437751002,,2.62,17.328244274809162,15.835877862595416,1827401.0,True,BRIGHT MINDS BIOSCIENCES INC.,2834.0,Pharmaceutical Preparations,biotech/pharma/medtech,False,IL,IL,A1,True,False,False,False,False,False,True,False,2020-10-06,False,,False,False,,,False,,False,False,4463837.0,2023-09-30,no 8-K/6-K on run day,,4463837.0,4820497.576300001,False,False,,
DSY,2025-09-09,2025-09-08,True,False,False,2.6960784313725488,1.5784313725490198,2025-09-09,2.75,68184134.0,1.02,1.02,1-3,1768811.58,-0.0465507571508694,-0.135593220338983,166.11306151186125,2024-10-01,7.28,7.33,2.75,1.6960784313725488,6.137254901960785,0.3751705320600272,6.186274509803922,187506368.5,-0.4145454545454545,,-0.4363636363636364,,-0.6818909090909091,,1.89,-0.1798941798941797,-0.5371428571428571,1999297.0,True,Big Tree Cloud Holdings Ltd,2670.0,Converted Paper & Paperboard Prods (No Contaners/Boxes),other manufacturing,False,F4,China,E9,False,True,True,True,False,False,True,False,2023-11-22,False,,False,False,,,False,,True,False,57080546.0,2024-06-30,no 8-K/6-K on run day,,57080546.0,58222156.92,False,False,,0.0
DSY,2026-06-10,2026-06-09,True,True,True,3.9130434782608696,2.1086956521739126,2026-06-10,0.36,113587734.700919,0.092,1.84,1-3,144657.02726952,-0.0315789473684209,-0.1361502347417839,2.9158533275369325,2024-10-01,0.479,0.995,0.36,2.9130434782608696,4.206521739130435,0.3618090452261307,9.815217391304346,817831689.8466169,-0.4611111111111111,,-0.3583333333333334,,-0.4527777777777778,,0.2095,0.1026252983293556,-0.0596658711217183,1999297.0,True,Big Tree Cloud Holdings Ltd,2670.0,Converted Paper & Paperboard Prods (No Contaners/Boxes),other manufacturing,False,F4,China,E9,False,True,False,False,False,False,True,False,2023-11-22,False,,False,False,,,False,,False,False,86972928.0,2025-06-30,no 8-K/6-K on run day,,4348646.4,8001509.376000001,False,False,,0.0
DTCK,2025-11-03,2025-10-31,False,True,False,1.6684491978609626,2.727272727272727,2025-11-04,5.1,7101187.0,1.87,1.87,1-3,2473391.0300000003,0.6260869565217393,1.291947542591004,1.1088185415370502,2024-10-01,1.93,3.2,3.12,0.6684491978609626,0.0320855614973261,0.975,0.7112299465240641,22155703.44,0.2431372549019608,,-0.7352941176470588,,-0.9360392156862744,,4.94,-0.7267206477732794,-0.9339676113360325,1949478.0,True,DAVIS COMMODITIES Ltd,5150.0,Wholesale-Farm Product Raw Materials,retail/wholesale,False,U0,Singapore,E9,False,False,False,False,False,False,True,False,2022-10-21,False,,False,False,,,False,,False,False,24500625.0,2024-12-31,no 8-K/6-K on run day,,24500625.0,45816168.75,False,False,,0.0
DTSS,2026-09-17,2026-09-16,True,False,False,2.063599458728011,1.4922192151556155,2026-09-17,1.22,150190803.541853,0.5912,0.5912,<1,19286609.696983013,-0.146034955943955,-0.2189192759941869,1939.5374234226372,2024-10-01,0.9698,2.29,1.22,1.063599458728011,0.6403924221921518,0.5327510917030568,2.873477672530447,183232780.32106063,-0.2768852459016393,,-0.2765573770491802,,,beyond_data,0.97,-0.090103092783505,,1631282.0,True,DATASEA INC.,7372.0,Services-Prepackaged Software,tech/software/semis/telecom,False,,,NV,False,False,False,False,False,False,False,False,2015-02-13,False,,False,False,,,False,,False,False,10447153.0,2026-02-12,no 8-K/6-K on run day,,10447153.0,6176356.853599999,False,False,,0.0
DVLT,2026-01-02,2025-12-31,False,True,False,1.5488422021162398,2.208250268363748,2026-01-05,1.44,324276213.0,0.6521,0.6521,<1,144014828.2086,-0.2080398348311877,-0.6531382978723403,4.575015883011395,2025-02-14,0.79,1.12,1.01,0.5488422021162398,0.211470633338445,0.9017857142857142,0.7175279865051374,327518975.13,-0.0277777777777777,,-0.3755266203703704,,-0.5206840277777778,,1.35,-0.3338950617283951,-0.4887296296296297,1682149.0,True,Datavault AI Inc.,7389.0,"Services-Business Services, NEC",other services,False,OR,OR,DE,True,False,True,True,False,True,False,False,2016-08-17,False,,False,False,,,True,424B5,False,True,285217148.0,2025-11-11,no 8-K/6-K on run day,,285217148.0,185990102.2108,False,False,,1.0
DWSN,2025-06-16,2025-06-13,True,False,False,2.116788321167883,1.678832116788321,2025-06-16,2.9,53406690.0,1.37,1.37,1-3,63577.59,0.1048387096774194,0.0887818120985117,10.591514612788142,2024-10-01,5.5,5.54,2.9,1.116788321167883,3.014598540145985,0.5234657039711191,3.0437956204379555,154879401.0,-0.206896551724138,,-0.396551724137931,,-0.5103448275862069,,2.41,-0.2738589211618257,-0.4107883817427387,799165.0,True,DAWSON GEOPHYSICAL CO,1382.0,Oil & Gas Field Exploration Services,mining/energy,False,TX,TX,TX,True,False,False,False,False,False,False,False,2004-11-10,False,,False,False,,,False,,False,True,30984162.0,2025-05-12,no 8-K/6-K on run day,,30984162.0,42448301.940000005,False,False,,0.0
DWTX,2025-01-23,2025-01-22,True,True,False,4.767857142857143,4.071428571428572,2025-01-23,13.35,103459252.0,2.8,2.8,1-3,1832936.0,0.2556053811659191,0.2068965517241379,0.5242143431424993,2024-10-09,2.72,29.28,13.35,3.7678571428571432,-0.0285714285714284,0.4559426229508196,9.45714285714286,1381181014.2,-0.146067415730337,,-0.0441947565543071,,-0.598501872659176,,17.49,-0.270440251572327,-0.6935391652372784,1818844.0,True,"Dogwood Therapeutics, Inc.",2834.0,Pharmaceutical Preparations,biotech/pharma/medtech,False,GA,GA,DE,True,False,False,False,False,False,False,True,2020-07-24,False,,False,False,,,False,,False,False,1332178.0,2024-11-06,no 8-K/6-K on run day,,1332178.0,3730098.4,True,False,,
DXST,2026-03-04,2026-03-03,True,False,False,2.523399014778325,1.8780788177339904,2026-03-04,0.2049,1000339097.126832,0.0812,0.0812,<1,294402.52659436915,-0.5027556644213105,-0.95463687150838,0.1632248426752735,2025-01-22,0.1171,0.2949,0.2049,1.5233990147783252,0.4421182266009853,0.6948118006103764,2.6317733990147785,204969481.00128788,-0.255734504636408,,1.1576378721327476,,-0.4143484626647145,,0.1522,1.90473061760841,-0.2115637319316688,1958133.0,True,Decent Holding Inc.,4950.0,Sanitary Services,other,False,F4,China,,False,True,False,False,False,False,True,True,2023-12-07,False,,False,False,,,False,,False,False,15000000.0,2024-10-31,no 8-K/6-K on run day,,,,True,False,,0.0
DXST,2026-06-02,2026-06-01,True,True,False,3.09375,3.0,2026-06-02,0.198,76446570.652802,0.064,1.6,1-3,16431290.5408368,-0.125730834380635,-0.1878172588832486,264.74002734415825,2025-01-22,0.1188,0.2188,0.198,2.09375,0.8562500000000002,0.9049360146252284,2.41875,378410524.7313699,-0.0303030303030302,,-0.3131313131313131,,-0.5858585858585859,,0.1864,-0.2703862660944206,-0.5600858369098713,1958133.0,True,Decent Holding Inc.,4950.0,Sanitary Services,other,False,F4,China,,False,True,True,True,False,False,True,True,2023-12-07,False,,True,True,0001185185-26-002276,dxst6k060126.htm,False,,False,False,15000000.0,2024-10-31,other,"6-K 1 dxst6k060126.htm FORM 6-K UNITED STATES SECURITIES AND EXCHANGE COMMISSION Washington, D.C. 20549 FORM 6-K REPORT OF FOREIGN PRIVATE ISSUER PURSUANT TO RULE 13a-16 OR 15d-16 UNDER THE SECURITIES EXCHANGE ACT OF 193",,,True,True,1-for-25,0.0
DXYZ,2024-11-07,2024-11-06,False,True,False,1.3908118313404658,2.278162366268093,2024-11-08,36.2,12205806.0,15.89,15.89,>10,85229637.92,0.398767605633803,0.5985915492957747,14.069484850797927,2024-10-01,21.67,27.88,22.1,0.3908118313404658,0.3637507866582756,0.7926829268292683,0.7545626179987412,269748312.6,0.172099447513812,,-0.1107734806629835,,0.658563535911602,,47.49,-0.3221730890713835,0.2642661612971151,1843974.0,True,Destiny Tech100 Inc.,,,unknown,False,TX,TX,MD,True,False,True,False,False,True,False,False,2021-02-09,False,,False,False,,,False,,False,False,,,no 8-K/6-K on run day,,,,False,False,,
EDBL,2024-12-20,2024-12-19,False,True,False,1.6348005502063274,2.4903713892709765,2024-12-23,0.3621,354327020.0,0.1454,0.1454,<1,333534.514,-0.0878293601003763,-0.0655526992287917,1.8732359890190091,2024-10-01,0.15,0.4666,0.2377,0.6348005502063274,0.0316368638239339,0.5094299185597942,2.2090784044016507,84223532.654,-0.0140845070422535,,-0.112123722728528,,-0.1742612537972935,,0.3356,-0.0420143027413587,-0.1090584028605483,1809750.0,True,Edible Garden AG Inc,100.0,Agricultural Production-Crops,other,False,NJ,NJ,DE,True,False,True,False,True,True,False,True,2020-10-29,False,,False,False,,,False,,False,True,18905058.0,2024-11-10,no 8-K/6-K on run day,,18905058.0,2748795.4332,True,False,,
EDBL,2025-05-20,2025-05-19,False,True,False,1.8000000000000005,2.495,2025-05-21,0.1996,90905891.0,0.08,2.0,1-3,82570.0,-0.1561181434599157,0.075268817204301,0.6222118398842537,2024-10-01,0.098764,0.1552,0.144,0.8000000000000003,0.23455,0.9278350515463918,0.94,327261207.6,-0.2164328657314629,,-0.2685370741482966,,-0.4529058116232465,,0.1716,-0.1491841491841492,-0.3636363636363636,1809750.0,True,Edible Garden AG Inc,100.0,Agricultural Production-Crops,other,False,NJ,NJ,DE,True,False,False,False,False,False,False,True,2020-10-29,False,,False,False,,,False,,False,False,1655264.0,2025-05-05,no 8-K/6-K on run day,,1655264.0,3310528.0,True,True,1-for-25,0.0
EDHL,2025-09-09,2025-09-08,False,True,False,1.0816020025031288,2.0540675844806007,2025-09-10,0.8206,1041790.0,0.3995,0.3995,<1,237632.987,-0.107462019660411,-0.3109692997585374,1.045020898625984,2025-04-17,0.39,0.4602,0.4321,0.0816020025031287,-0.0237797246558197,0.9389395914819644,0.1519399249061326,450157.459,0.1880331464781865,,0.0601998537655374,,-0.3793565683646113,,0.77,0.1298701298701299,-0.3385714285714286,2024876.0,True,Everbright Digital Holding Ltd.,7310.0,Services-Advertising,other services,False,K3,Hong Kong,E9,False,True,True,False,False,True,True,True,2024-06-28,False,,False,False,,,False,,False,False,1000.0,2024-12-31,no 8-K/6-K on run day,,1000.0,399.5,True,False,,1.0
EDHL,2025-10-14,2025-10-13,True,True,False,2.1442885771543088,2.18436873747495,2025-10-14,1.07,86917497.0,0.499,0.499,<1,185986.781,-0.0759259259259259,-0.4833298819631394,0.8968368921650121,2025-04-17,0.8221,1.21,1.07,1.1442885771543088,0.64749498997996,0.8842975206611571,1.4248496993987976,93001721.79,0.0186915887850467,,-0.0560747663551401,,0.0,,1.04,-0.0288461538461538,0.0288461538461539,2024876.0,True,Everbright Digital Holding Ltd.,7310.0,Services-Advertising,other services,False,K3,Hong Kong,E9,False,True,False,False,False,False,True,True,2024-06-28,False,,False,False,,,False,,False,False,1000.0,2024-12-31,no 8-K/6-K on run day,,1000.0,499.0,True,False,,1.0
EDHL,2026-06-11,2026-06-10,False,True,False,1.7085714285714286,2.468571428571429,2026-06-12,0.54,65396225.929161,0.21875,3.5,3-10,7281735.504806,0.3404312358775994,0.4707736269277638,0.5844521093160508,2025-04-17,1.033125,1.093125,0.37375,0.7085714285714286,3.7228571428571433,0.3419096626643797,3.997142857142856,391069431.0563828,-0.1458333333333333,,-0.4247685185185186,,-0.5787037037037037,,0.446875,-0.3048951048951049,-0.4909090909090909,2024876.0,True,Everbright Digital Holding Ltd.,7310.0,Services-Advertising,other services,False,K3,Hong Kong,E9,False,True,False,False,False,False,True,False,2024-06-28,False,,False,False,,,False,,False,False,26660000.0,2025-12-31,no 8-K/6-K on run day,,1666250.0,5831875.0,False,False,,0.0
EDIT,2025-02-18,2025-02-14,False,True,False,1.2608695652173914,2.318840579710145,2025-02-19,3.2,9878885.0,1.38,1.38,1-3,12350108.52,0.1039999999999998,0.1129032258064515,4.99911168589839,2024-10-01,1.41,1.76,1.74,0.2608695652173913,0.0217391304347827,0.9886363636363636,0.2753623188405798,17189259.9,-0.35625,,-0.425,,-0.565625,,2.81,-0.3451957295373665,-0.505338078291815,1650664.0,True,"Editas Medicine, Inc.",2836.0,"Biological Products, (No Diagnostic Substances)",biotech/pharma/medtech,False,MA,MA,DE,True,False,False,False,False,False,False,False,2015-08-18,False,,False,False,,,False,,False,True,82548099.0,2024-10-30,no 8-K/6-K on run day,,82548099.0,113916376.61999999,False,False,,
EEIQ,2025-08-22,2025-08-21,True,False,False,2.2844509948415626,1.363301400147384,2025-08-22,1.24,205934861.0,0.5428,0.5428,<1,7077965.443999999,-0.0307142857142859,-0.1584496124031008,570.8101601059348,2024-10-01,1.38,1.7399,1.24,1.2844509948415626,1.542372881355932,0.7126846370481063,2.205416359616802,255359227.64,-0.4032258064516129,,-0.5760483870967743,,-0.6068548387096775,,0.94,-0.4407446808510639,-0.4813829787234042,1781397.0,True,EpicQuest Education Group International Ltd,8200.0,Services-Educational Services,other services,False,OH,OH,D8,True,False,True,True,False,False,True,False,2019-11-15,False,,True,True,0001213900-25-079418,ea0253254-6k_epicquest.htm,True,424B5,False,False,13113173.0,2024-09-30,earnings / business update,"ePICQUEST EDUCATION GROUP international LIMITED CONDENSED CONSOLIDATED BALANCE SHEETS AS OF MARCH 31, 2025 AND SEPTEMBER 30, 2024 (US$, except share data and per share data, or otherwise noted) March 31, 2025 September 3",13113173.0,7117830.3044,False,False,,0.0
EEIQ,2026-03-26,2026-03-25,True,True,False,3.0914618512142407,2.556682905388081,2026-03-26,0.5275,112647002.641593,0.17063125,2.7301,1-3,724744.3993915,0.1974122807017546,0.0833730158730159,3.4033385445996718,2024-10-01,0.299375,0.79375,0.5275,2.0914618512142407,0.7545144866488407,0.6645669291338583,3.651844254789201,950740702.2950448,-0.1729857819905212,,-0.1409952606635071,,-0.518957345971564,,0.390625,0.1599999999999999,-0.3504,1781397.0,True,EpicQuest Education Group International Ltd,8200.0,Services-Educational Services,other services,False,OH,OH,D8,True,False,False,False,False,False,True,False,2019-11-15,False,,False,False,,,False,,False,False,23396667.0,2025-09-30,no 8-K/6-K on run day,,1462291.6875,3992202.53604375,False,True,1-for-16,0.0
EFOI,2025-02-18,2025-02-14,True,True,False,2.108527131782946,2.0232558139534884,2025-02-18,2.72,74699513.0,1.29,1.29,1-3,57238.59,0.032,-0.0227272727272727,4.7745920382217015,2024-10-01,1.95,2.89,2.72,1.108527131782946,0.5116279069767442,0.9411764705882352,1.2403100775193798,203182675.36,-0.0404411764705883,,-0.2720588235294118,,-0.1948529411764706,,2.45,-0.1918367346938776,-0.1061224489795918,924168.0,True,"ENERGY FOCUS, INC/DE",3640.0,Electric Lighting & Wiring Equipment,other manufacturing,False,OH,OH,OH,True,False,False,False,False,False,False,False,2006-08-11,False,,False,False,,,False,,False,False,5260741.0,2024-11-08,no 8-K/6-K on run day,,5260741.0,6786355.890000001,False,False,,
EFOI,2026-04-17,2026-04-16,True,True,False,3.105263157894737,2.602870813397129,2026-04-17,6.49,167170015.35112,2.09,2.09,1-3,14749.13,0.0449999999999999,0.1546961325966849,0.6626126137085271,2024-10-01,5.38,9.84,6.49,2.105263157894737,1.5741626794258377,0.6595528455284553,3.7081339712918666,1084933399.628769,-0.1617873651771956,,-0.2896764252696455,,-0.3805855161787366,,6.0,-0.2316666666666665,-0.33,924168.0,True,"ENERGY FOCUS, INC/DE",3640.0,Electric Lighting & Wiring Equipment,other manufacturing,False,OH,OH,OH,True,False,False,False,False,False,False,False,2006-08-11,False,,False,False,,,False,,False,False,6306433.0,2026-03-24,no 8-K/6-K on run day,,6306433.0,13180444.969999999,False,False,,0.0
EFSH,2024-10-18,2024-10-17,True,False,False,2.9876178575485626,1.5903669203680564,2024-10-18,0.4046153846153846,26661696.0,0.1354307692307692,1.7606,1-3,1407988.7926,0.4198387096774194,,,2024-10-01,0.1276923076923077,0.7723076923076923,0.4046153846153846,1.9876178575485624,-0.057139611496081,0.5239043824701195,4.702601385891173,140240520.96,-0.467680608365019,,-0.6463878326996197,,-0.9934093789607098,,0.2946153846153846,-0.5143603133159268,-0.9909486510008704,1599407.0,True,1847 Holdings LLC,8742.0,Services-Management Consulting Services,other services,False,NY,NY,DE,True,False,True,False,True,False,False,True,2014-02-07,False,,False,False,,,True,EFFECT;S-1/A,False,False,684813.0,2024-08-15,no 8-K/6-K on run day,,684813.0,1205681.7678,True,False,,
EHGO,2026-06-17,2026-06-16,True,False,False,2.1893939393939394,1.3636363636363635,2026-06-17,0.180625,113068763.975203,0.0825,1.32,1-3,60292.58954136,-0.1592356687898088,-0.2189349112426034,0.4087885927988708,2024-10-01,0.300625,0.42125,0.180625,1.1893939393939394,2.6439393939393936,0.4287833827893175,4.106060606060606,326768727.88833666,-0.3771626297577855,,0.5813148788927336,,-0.3460207612456748,,0.171875,0.6618181818181819,-0.3127272727272727,1879754.0,True,EShallGo Inc.,7359.0,"Services-Equipment Rental & Leasing, NEC",other services,False,F4,China,E9,False,True,True,False,True,False,True,False,2021-12-27,False,,False,False,,,True,424B5,True,False,,,no 8-K/6-K on run day,,,,False,True,1-for-16,0.0
ELAB,2026-03-30,2026-03-27,True,True,False,2.131736526946108,3.5868263473053896,2026-03-30,3.0272108843537408e-05,121411896.211171,1.420068027210884e-05,1.67,1-3,27949146.53073556,-0.5255681818181819,-0.7661064425770309,15.124969229035337,2024-10-01,3.452380952380951e-05,4.149659863945577e-05,3.0272108843537408e-05,1.1317365269461075,1.431137724550898,0.7295081967213115,1.9221556886227549,432226350.5117688,0.6825842696629214,,-0.0308988764044944,,-0.2865168539325843,,3.358843537414965e-05,-0.1265822784810126,-0.3569620253164557,1840563.0,True,PMGC Holdings Inc.,2834.0,Pharmaceutical Preparations,biotech/pharma/medtech,False,CA,CA,DE,True,False,True,False,False,True,False,False,2021-10-01,False,,False,False,,,True,424B5,False,False,744121.0,2025-11-10,no 8-K/6-K on run day,,31005.041666666668,51778.419583333336,False,True,1-for-6;1-for-4,0.0
ELBM,2025-10-13,2025-10-10,True,True,False,4.254545454545455,2.8545454545454545,2025-10-13,1.755,197012257.0,0.4125,1.65,1-3,5179246.05,0.3865546218487394,0.8539325842696628,0.8257793113243778,2024-10-01,0.825,2.175,1.755,3.254545454545455,1.0,0.806896551724138,4.2727272727272725,1383026044.14,-0.329059829059829,,-0.7037037037037037,,-0.8433048433048433,,1.555,-0.6655948553054662,-0.8231511254019293,1907184.0,True,Electra Battery Materials Corp,1400.0,Mining & Quarrying of  Nonmetallic Minerals (No Fuels),mining/energy,True,,,A6,False,False,True,True,False,False,True,False,2022-04-14,False,,False,False,,,False,,False,False,14836072.0,2024-12-31,no 8-K/6-K on run day,,3709018.0,6119879.699999999,False,False,,0.0
ELPW,2025-04-14,2025-04-11,False,True,False,1.5,2.147058823529412,2025-04-15,2.19,5296647.0,1.02,1.02,1-3,160414.38,0.1415780637940682,0.4034122179416621,1.1908896025370266,2024-11-22,0.98,1.78,1.53,0.5,-0.0392156862745098,0.8595505617977528,0.7450980392156863,8103869.91,0.4840182648401827,,0.2283105022831051,,1.3721461187214614,,2.12,0.2688679245283019,1.4504716981132075,2015691.0,True,Elong Power Holding Ltd.,3690.0,"Miscellaneous Electrical Machinery, Equipment & Supplies",other manufacturing,False,,,E9,False,False,False,False,False,False,True,True,2024-03-18,False,,False,False,,,False,,False,False,,,no 8-K/6-K on run day,,,,True,False,,1.0
ELPW,2026-01-30,2026-01-29,True,True,False,32.41106719367589,3.115554522204139,2026-01-30,0.87125,25923394.0,0.02688125,0.4301,<1,811320.8554,-0.6415833333333334,-0.7687634408602151,5.009218578429615,2024-11-22,0.0256625,0.954375,0.87125,31.41106719367589,-0.0453382934201347,0.9129011132940406,34.503371308997906,361372112.36,-0.9038737446197992,,-0.921090387374462,,-0.9935437589670014,,0.118125,-0.4179894179894179,-0.9523809523809524,2015691.0,True,Elong Power Holding Ltd.,3690.0,"Miscellaneous Electrical Machinery, Equipment & Supplies",other manufacturing,False,,,E9,False,False,True,False,True,False,True,False,2024-03-18,False,,False,False,,,True,424B4,False,False,58056099.0,2025-09-19,no 8-K/6-K on run day,,3628506.1875,1560620.5112437499,False,True,1-for-16,0.0
ENSC,2024-10-22,2024-10-21,True,False,False,2.6165048543689324,1.9475728155339809,2024-10-22,0.539,738374680.0,0.206,0.206,<1,2889783.038,0.2117647058823528,,,2024-10-01,0.5232,0.8216,0.539,1.6165048543689324,1.5398058252427185,0.6560370009737099,2.988349514563107,397983952.52,-0.2556586270871985,,-0.2300556586270873,,0.2575139146567715,,0.46,-0.0978260869565218,0.4734782608695651,1716947.0,True,"Ensysce Biosciences, Inc.",2834.0,Pharmaceutical Preparations,biotech/pharma/medtech,False,CA,CA,DE,True,False,True,True,False,True,False,False,2017-10-03,False,,False,False,,,False,,False,False,8471172.0,2024-08-12,no 8-K/6-K on run day,,8471172.0,1745061.4319999998,False,False,,
ENSC,2025-04-22,2025-04-21,False,True,False,1.1265060240963856,2.210843373493976,2025-04-23,0.2446666666666666,81761.0,0.1106666666666666,1.66,1-3,137081.13999999998,-0.1822660098522166,-0.518840579710145,0.4615702353460994,2024-10-01,0.1126666666666666,0.1266666666666666,0.1246666666666666,0.1265060240963855,0.0180722891566265,0.9842105263157896,0.1445783132530118,152893.07,-0.0980926430517711,,-0.1771117166212533,,-0.391008174386921,,0.214,-0.0591900311526479,-0.3037383177570093,1716947.0,True,"Ensysce Biosciences, Inc.",2834.0,Pharmaceutical Preparations,biotech/pharma/medtech,False,CA,CA,DE,True,False,True,True,False,True,False,False,2017-10-03,False,,False,False,,,True,EFFECT;S-3,False,False,1405134.0,2025-03-07,no 8-K/6-K on run day,,1405134.0,2332522.44,False,False,,0.0
ENTO,2025-08-18,2025-08-15,True,True,False,3.540983606557377,3.1639344262295084,2025-08-18,2.16,409043.0,0.61,0.61,<1,205856.7,0.6716908742121128,0.2901861252115059,0.0216969729279873,2024-10-01,1.81,2.3,2.16,2.540983606557377,1.9672131147540983,0.9391304347826088,2.7704918032786883,883532.88,-0.1064814814814816,,-0.050925925925926,,0.8796296296296293,,1.95,0.0512820512820513,1.0820512820512818,1604191.0,True,GridAI Technologies Corp.,4931.0,Electric & Other Services Combined,other,False,FL,FL,DE,True,False,True,False,True,False,False,False,2014-04-02,True,3.03;5.03;8.01;9.01,False,True,0001104659-25-079322,tm2523661d1_8k.htm,True,S-1,False,False,4765729.0,2025-08-14,FDA / clinical,"3 tm2523661d1_ex99-1.htm EXHIBIT 99.1 Exhibit 99.1 Entero Therapeutics, Inc. Announces Reverse Stock Split BOCA RATON, FL, August 14, 2025 – Entero Therapeutics, Inc. (the “Company”) (NASDAQ: ENTO), a clinical-stage biop",4765729.0,2907094.69,False,False,,0.0
ENVB,2026-04-20,2026-04-17,True,False,True,2.005494505494505,1.8516483516483515,2026-04-20,0.0202777777777777,158703612.518457,0.0101111111111111,1.82,1-3,2119976.07772496,-0.0728476821192053,-0.0714285714285712,1.9548668308300088,2024-10-01,0.0233333333333333,0.0301666666666666,0.0202777777777777,1.0054945054945057,1.3076923076923077,0.6721915285451198,1.9835164835164831,579268185.692368,-0.0767123287671233,,0.3972602739726025,,-0.410958904109589,,0.0190555555555555,0.486880466472303,-0.3731778425655977,890821.0,True,"Enveric Biosciences, Inc.",2834.0,Pharmaceutical Preparations,biotech/pharma/medtech,False,MA,MA,DE,True,False,True,False,True,True,False,False,2001-05-11,True,1.01;3.02;8.01;9.01,False,True,0001493152-26-017960,form8-k.htm,True,424B3;EFFECT;S-3,False,False,1887535.0,2026-03-24,listing compliance / reverse split / financing,"-The-Market Under Nasdaq Rules $5 million upfront with up to approximately $8.9 million of potential aggregate proceeds upon the exercise in full of warrants CAMBRIDGE, Mass., April 16, 2026 – Enveric Biosciences, Inc. (",1887535.0,3435313.7,False,False,,0.0
EPSM,2025-09-09,2025-09-08,True,False,False,5.114899925871016,1.4977761304670123,2025-09-09,138.0,665308.0,26.98,26.98,>10,24565883.56,0.0852775543041031,0.4374001065530102,2.035758047785387,2025-03-26,26.81,155.0,138.0,4.114899925871016,-0.0063009636767976,0.8903225806451613,4.744996293550778,91812504.0,-0.7071739130434782,,-0.7007971014492753,,-0.7807971014492754,,51.15,-0.1927663734115346,-0.4086021505376344,1883437.0,True,Epsium Enterprise Ltd,5180.0,"Wholesale-Beer, Wine & Distilled Alcoholic Beverages",retail/wholesale,False,F4,China,D8,False,True,False,False,False,False,True,True,2021-09-27,False,,True,True,0001213900-25-085573,ea0256411-6k_epsium.htm,False,,False,False,12000534.0,2024-12-31,other,"6-K 1 ea0256411-6k_epsium.htm REPORT OF FOREIGN PRIVATE ISSUER UNITED STATES SECURITIES AND EXCHANGE COMMISSION Washington, D.C. 20549 FORM 6-K REPORT OF FOREIGN PRIVATE ISSUER PURSUANT TO RULE 13a-16 OR 15d-16 UNDER THE",12000534.0,323774407.32,True,False,,1.0
EPSM,2025-10-02,2025-10-01,False,True,False,1.302245250431779,2.325561312607945,2025-10-03,26.93,1364013.0,11.58,11.58,>10,44899330.86,-0.6692373607540703,-0.5448113207547169,6.972239287756863,2025-03-26,11.1,17.98,15.08,0.3022452504317789,-0.0414507772020725,0.8387096774193549,0.5526770293609673,20569316.04,0.1102859264760489,,0.2387671741552173,,-0.50724099517267,,25.5,0.3082352941176469,-0.4796078431372549,1883437.0,True,Epsium Enterprise Ltd,5180.0,"Wholesale-Beer, Wine & Distilled Alcoholic Beverages",retail/wholesale,False,F4,China,D8,False,True,False,False,False,False,True,True,2021-09-27,False,,False,False,,,False,,False,False,12000534.0,2024-12-31,no 8-K/6-K on run day,,12000534.0,138966183.72,True,False,,1.0
EPSM,2026-03-06,2026-03-05,False,True,False,1.641509433962264,2.0754716981132075,2026-03-09,2.2,1944983.959712,1.06,1.06,1-3,25894.41223528,-0.2148148148148148,-0.427027027027027,1.0282630101798225,2025-03-26,1.1,1.97,1.74,0.641509433962264,0.0377358490566037,0.883248730964467,0.8584905660377358,3384272.08989888,-0.1318181818181819,,-0.2136363636363637,,-0.3590909090909091,,2.08,-0.1682692307692308,-0.3221153846153847,1883437.0,True,Epsium Enterprise Ltd,5180.0,"Wholesale-Beer, Wine & Distilled Alcoholic Beverages",retail/wholesale,False,F4,China,D8,False,True,False,False,False,False,True,True,2021-09-27,False,,False,False,,,False,,False,False,12000534.0,2024-12-31,no 8-K/6-K on run day,,12000534.0,12720566.040000001,True,False,,1.0
EPWK,2025-04-23,2025-04-22,False,True,False,1.5064935064935063,2.02226345083488,2025-04-24,10.9,13218798.0,5.39,5.39,3-10,22552897.29,0.134736842105263,0.0425531914893617,3.391722215746427,2025-02-06,5.22,9.9899,8.12,0.5064935064935063,-0.0315398886827458,0.8128209491586501,0.853413729128015,107336639.76,0.1660550458715597,,1.1541284403669725,,-0.1784403669724771,,10.53,1.2298195631528968,-0.1495726495726494,,False,,,,,,,,,,,,,,,,,,,,,,,,,,,,,,no 8-K/6-K on run day,,,,,False,,1.0
EUDA,2025-12-23,2025-12-22,False,True,False,1.4117647058823528,2.036764705882353,2025-12-24,2.77,5127365.0,1.36,1.36,1-3,2042050.88,-0.3982300884955752,-0.5194346289752649,30.53375319138552,2024-10-01,1.39,2.19,1.92,0.4117647058823528,0.0220588235294116,0.8767123287671232,0.6102941176470587,9844540.8,-0.1155234657039711,,-0.111913357400722,,-0.4945848375451264,,2.9,-0.1517241379310344,-0.5172413793103449,1847846.0,True,EUDA Health Holdings Ltd,8000.0,Services-Health Services,biotech/pharma/medtech,False,,,D8,False,False,True,False,False,True,True,False,2021-04-19,False,,True,True,0001493152-25-028782,form6-k.htm,False,,False,False,37153049.0,2024-12-31,crypto treasury / digital assets,"2 ex99-1.htm EX-99.1 Exhibit 99.1 EUDA Integrates QB Utility Token to Create a Digital Health and Rewards Platform Across Its Healthcare Ecosystem SINGAPORE, Dec. 22, 2025 (",37153049.0,50528146.64,False,False,,0.0
EUDA,2026-04-22,2026-04-21,False,True,False,1.0559440559440565,2.003496503496504,2026-04-23,0.5730000000000001,1141.503315,0.286,5.72,3-10,18018.0,-0.1686046511627909,-0.1943661971830986,0.2656731623450236,2024-10-01,0.3025,0.3025,0.302,0.0559440559440562,0.0576923076923077,0.9983471074380168,0.0576923076923077,6894.6800226,-0.0732984293193718,,0.2678883071553228,,0.5279232111692846,,0.4745,0.5310853530031612,0.8451001053740781,1847846.0,True,EUDA Health Holdings Ltd,8000.0,Services-Health Services,biotech/pharma/medtech,False,,,D8,False,False,True,False,False,True,True,False,2021-04-19,False,,False,False,,,False,,False,False,37153049.0,2024-12-31,no 8-K/6-K on run day,,,,False,True,1-for-20,0.0
EVAX,2025-01-23,2025-01-22,False,True,False,1.5294117647058827,2.533613445378152,2025-01-24,1.2060000000000002,4135334.0,0.476,2.38,1-3,474978.98,-0.3702204228520018,-0.465228625997079,0.8240741589526493,2024-10-01,0.48,0.8380000000000001,0.7280000000000001,0.5294117647058827,0.0084033613445377,0.8687350835322196,0.7605042016806725,15052615.76,-0.0049751243781094,,-0.5928689883913765,,-0.5953565505804312,,1.144,-0.5708041958041957,-0.5734265734265733,1828253.0,True,Evaxion A/S,2836.0,"Biological Products, (No Diagnostic Substances)",biotech/pharma/medtech,False,,,G7,False,False,True,False,True,False,True,True,2020-10-22,False,,False,False,,,True,424B4;EFFECT;F-1/A,False,False,37897780.0,2023-12-31,no 8-K/6-K on run day,,7579556.0,18039343.279999997,True,True,1-for-5,
EVC,2026-05-05,2026-05-04,False,True,False,1.0418848167539267,2.013089005235602,2026-05-06,7.69,5873814.434928,3.82,3.82,3-10,3667407.32023184,-0.0077922077922079,0.2649006622516556,3.113521419557856,2024-10-01,3.84,4.01,3.98,0.0418848167539267,0.0052356020942407,0.9925187032418952,0.049738219895288,23377781.45101344,-0.0962288686605982,,0.1599479843953184,,0.1794538361508453,,7.81,0.1421254801536491,0.1613316261203585,1109116.0,True,ENTRAVISION COMMUNICATIONS CORP,4833.0,Television Broadcasting Stations,other,False,CA,CA,DE,True,False,False,False,False,False,False,False,2007-08-29,False,,False,False,,,False,,False,False,,,no 8-K/6-K on run day,,,,False,False,,0.0
EVGN,2025-06-10,2025-06-09,True,False,False,2.0,1.601769911504425,2025-06-10,0.2259999999999999,102596516.0,0.1129999999999999,1.13,1-3,32479.59,0.0366972477064218,-0.002207505518764,0.7048264785036874,2024-10-01,0.208,0.242,0.2259999999999999,1.0,0.8407079646017703,0.933884297520661,1.1415929203539823,231868126.16,-0.1991150442477874,,-0.3053097345132741,,-0.3584070796460177,,0.202,-0.2227722772277226,-0.2821782178217823,1574565.0,True,Evogene Ltd.,2870.0,Agricultural Chemicals,other manufacturing,False,L3,Israel,L3,False,False,False,False,False,False,True,False,2013-04-26,False,,False,False,,,False,,False,False,6514589.0,2024-12-31,no 8-K/6-K on run day,,6514589.0,7361485.569999999,False,False,,0.0
EVOK,2025-07-09,2025-07-08,True,True,False,2.6278195488721803,2.296992481203007,2025-07-09,0.5825,140156033.0,0.2216666666666666,2.66,1-3,61895.54,0.0230769230769229,-0.0983050847457627,1.237186303700553,2024-10-01,0.7083333333333333,0.8233333333333334,0.5825,1.6278195488721805,2.195488721804511,0.7074898785425101,2.7142857142857144,979690670.67,-0.1258941344778255,,-0.3018597997138771,,-0.184549356223176,,0.5441666666666667,-0.2526799387442574,-0.1271056661562022,1403708.0,True,Evoke Pharma Inc,2834.0,Pharmaceutical Preparations,biotech/pharma/medtech,False,CA,CA,DE,True,False,False,False,False,False,False,False,2007-06-11,True,8.01;9.01,False,True,0000950170-25-094707,evok-20250709.htm,False,,False,True,1492858.0,2025-05-01,crypto treasury / digital assets,2 evok-ex99_1.htm EX-99.1 EX-99.1 Evoke Pharma Receives Notice of Allowance for U.S. Patent Application for GIMOTI® Extending Orange Book listings to 2036 Extends patent exclusivity period an additional 6 years once gran,1492858.0,3971002.2800000003,False,False,,0.0
EVOK,2025-11-04,2025-11-03,True,True,False,2.32244008714597,2.328976034858388,2025-11-04,0.8883333333333333,3948740.0,0.3824999999999999,4.59,3-10,246841.02,-0.1206896551724138,-0.0192307692307692,2.069897232593049,2024-10-01,0.8916666666666666,0.8991666666666666,0.8883333333333333,1.3224400871459698,1.3311546840958606,0.9879518072289156,1.3507625272331154,42093568.4,0.0028142589118198,,0.0037523452157597,,0.0253283302063789,,0.8933333333333333,-0.001865671641791,0.0195895522388058,1403708.0,True,Evoke Pharma Inc,2834.0,Pharmaceutical Preparations,biotech/pharma/medtech,False,CA,CA,DE,True,False,False,False,False,False,False,False,2007-06-11,True,1.01;5.02;8.01;9.01,False,True,0001193125-25-263544,d48107d8k.htm,False,,False,False,1558465.0,2025-08-01,crypto treasury / digital assets,12 d48107dex991.htm EX-99.1 EX-99.1 Exhibit 99.1 Evoke Pharma Enters into Definitive Agreement to Be Acquired by QOL Medical QOL Medical to Acquire All Outstanding Shares of Evoke for $11.00 Per Share in Cash Represents ,1558465.0,7153354.35,False,False,,0.0
EVTV,2026-01-12,2026-01-09,True,True,False,5.419995681278341,7.600950118764846,2026-01-12,0.251,760991766.0,0.04631,0.4631,<1,1243902.8085,0.1434567901234567,-0.6007758620689654,0.1194731096355568,2024-10-01,0.1149999999999999,0.262,0.251,4.419995681278341,1.483264953573742,0.9580152671755724,4.657525372489743,1910089332.66,0.402390438247012,,0.4661354581673309,,-0.1633466135458167,,0.333,0.1051051051051052,-0.3693693693693693,1563568.0,True,"AZIO AI HOLDINGS, INC.",3714.0,Motor Vehicle Parts & Accessories,other manufacturing,False,TX,TX,DE,True,False,False,False,False,False,False,False,2012-12-03,False,,False,False,,,False,,False,False,4829515.0,2025-11-17,no 8-K/6-K on run day,,4829515.0,2236548.3965000003,False,False,,0.0
EYEN,2025-06-05,2025-06-04,False,True,False,1.5096153846153848,2.346153846153846,2025-06-06,0.061,14808658.0,0.026,2.08,1-3,2735720.0,0.2455089820359282,1.019417475728155,0.3051970645437435,2024-10-01,0.02725,0.04125,0.03925,0.5096153846153848,0.0480769230769231,0.9515151515151516,0.5865384615384615,46499186.120000005,-0.1147540983606556,,-0.5,,2.2418032786885247,stale_last_close,0.0525,-0.4190476190476191,,1682639.0,True,"HYPERION DEFI, INC.",6199.0,Finance Services,finance/real estate,False,TX,TX,DE,True,False,True,True,False,True,False,False,2016-08-24,True,1.01;9.01,False,True,0001104659-25-056679,tm2517193d1_8k.htm,False,,False,True,2882808.0,2025-05-15,merger / acquisition / buyout,"XML 7 R1.htm IDEA: XBRL DOCUMENT v3.25.1 Cover May 30, 2025 Cover [Abstract] Document Type 8-K Amendment Flag false Document Period End Date May 30, 2025 Entity File Number 001-38365 Entity Registrant Name EYENOVIA, INC.",2882808.0,5996240.640000001,False,False,,0.0
EYEN,2025-06-23,2025-06-20,False,True,False,1.3016627078384797,2.142517814726841,2025-06-24,0.11275,13023661.0,0.052625,4.21,3-10,9806323.53,0.5767790262172285,2.0071428571428576,0.3475374855546325,2024-10-01,0.061125,0.083,0.0685,0.3016627078384797,0.1615201900237528,0.8253012048192772,0.5771971496437054,71369662.28,0.0587583148558759,,0.1707317073170731,,0.753880266075388,stale_last_close,0.1119375,0.1792294807370182,,1682639.0,True,"HYPERION DEFI, INC.",6199.0,Finance Services,finance/real estate,False,TX,TX,DE,True,False,True,True,False,True,False,False,2016-08-24,False,,False,False,,,True,424B5,False,True,2882808.0,2025-05-15,no 8-K/6-K on run day,,2882808.0,12136621.68,False,False,,0.0
FATBB,2026-01-30,2026-01-29,True,True,False,4.84375,2.3925,2026-01-30,1.55,56630284.0,0.32,0.32,<1,4416043.84,-0.71954425942156,-0.746031746031746,940.7944180085352,2024-10-01,1.74,2.3,1.55,3.84375,4.4375,0.673913043478261,6.187499999999999,87776940.2,-0.5060645161290322,,-0.4276774193548387,stale_last_close,-0.4276774193548387,stale_last_close,0.95,,,1705012.0,True,"Fat Brands, Inc",5812.0,Retail-Eating  Places,retail/wholesale,False,CA,CA,DE,True,False,False,False,False,False,False,False,2017-06-01,True,3.01,False,True,0001493152-26-004289,form8-k.htm,False,,False,True,14653961.0,2021-08-02,other,false 0001705012 0001705012 2026-01-28 2026-01-28 0001705012 FAT:ClassCommonStockMember 2026-01-28 2026-01-28 0001705012 FAT:ClassBCommonStockMember 2026-01-28 2026-01-28 0001705012 FAT:SeriesBCumulativePreferredStockMem,,,False,False,,0.0
FBRX,2024-11-20,2024-11-19,True,True,False,2.286881234071999,2.639617896744359,2024-11-20,0.542,29599374.0,0.237004,5.9251,3-10,15577.0879,0.043776204065814,0.2473894736842103,0.188421637311641,2024-10-01,0.4184,0.7524,0.542,1.2868812340719988,0.7653710485898975,0.7203615098351941,2.17462996405124,401071517.7000001,0.1542435424354242,,0.4605166051660514,,0.3771217712177122,,0.49,0.6155102040816327,0.523265306122449,1419041.0,True,"Forte Biosciences, Inc.",2834.0,Pharmaceutical Preparations,biotech/pharma/medtech,False,TX,TX,DE,True,False,False,False,False,False,False,False,2007-11-16,False,,False,False,,,False,,False,True,1461934.0,2024-11-08,no 8-K/6-K on run day,,1461934.0,8662105.143399999,False,True,1-for-25,
FBRX,2026-07-09,2026-07-08,False,True,False,1.7832847424684164,2.134110787172012,2026-07-10,1.7568,4866491.339817,0.8231999999999999,20.58,>10,12143818.08338118,-0.0315294117647059,0.3133375877472877,1.3962975747860091,2024-10-01,0.85,1.503,1.4680000000000002,0.7832847424684164,0.0325558794946549,0.976713240186294,0.8258017492711374,178600232.1712839,0.0045537340619306,,0.1124772313296902,,0.7484061930783241,,1.744,0.1206422018348623,0.7612385321100918,1419041.0,True,"Forte Biosciences, Inc.",2834.0,Pharmaceutical Preparations,biotech/pharma/medtech,False,TX,TX,DE,True,False,True,True,False,False,False,False,2007-11-16,True,7.01;8.01;9.01,False,True,0001193125-26-299177,d170175d8k.htm,False,,False,True,13885668.0,2026-03-27,FDA / clinical,"upporting FB102 Mechanistic Modulation of Both IL-2– and IL-15–Dependent Pathogenic T-cell Biology while Preserving Regulatory T Cells Forte will be Hosting a Conference Call to Discuss the Results at 8:30 am ET DALLAS, ",13885668.0,285767047.44,False,False,,0.0
FCHL,2026-03-26,2026-03-25,True,False,False,2.076023391812865,1.1111111111111112,2026-03-26,0.2366666666666666,46816450.069158,0.1139999999999999,1.71,1-3,34006978.621809185,-0.3750000000000001,-0.4995610184372256,399.3300428117653,2025-09-04,0.2023333333333333,0.29,0.2366666666666666,1.0760233918128654,0.7748538011695909,0.8160919540229885,1.543859649122807,166198397.7455109,-0.4647887323943662,,-0.447887323943662,,-0.948169014084507,,0.2213333333333333,-0.4096385542168675,-0.944578313253012,2023796.0,True,Fitness Champs Holdings Ltd,7990.0,Services-Miscellaneous Amusement & Recreation,other services,False,U0,Singapore,U0,False,False,True,False,True,False,True,True,2024-05-17,False,,False,False,,,True,EFFECT,False,False,15000000.0,2024-12-31,no 8-K/6-K on run day,,1000000.0,1710000.0,True,True,1-for-15,1.0
FCHL,2026-05-13,2026-05-12,False,True,False,1.5263157894736838,2.0150375939849625,2026-05-14,0.0059555555555555,56238536.270364,0.0029555555555555,1.33,1-3,5714522.348101211,-0.5018726591760299,-0.969634703196347,2.807125483491816,2025-09-04,0.0041333333333333,0.0051555555555555,0.0045111111111111,0.5263157894736838,0.3984962406015035,0.8749999999999999,0.744360902255639,114164228.62883893,-0.3432835820895523,,-0.4365671641791044,,-0.455223880597015,,0.0054666666666666,-0.3861788617886178,-0.4065040650406504,2023796.0,True,Fitness Champs Holdings Ltd,7990.0,Services-Miscellaneous Amusement & Recreation,other services,False,U0,Singapore,U0,False,False,True,False,True,True,True,True,2024-05-17,False,,False,False,,,False,,False,True,15000000.0,2024-12-31,no 8-K/6-K on run day,,,,True,True,1-for-30;1-for-15,1.0
FCUV,2025-01-03,2025-01-02,True,True,False,2.775687409551375,2.807525325615051,2025-01-03,0.959,260925835.0,0.3455,0.3455,<1,537077.3315,0.308216584627035,0.2383512544802866,0.882722604748115,2024-10-01,0.4544,1.08,0.959,1.775687409551375,0.3151953690303908,0.8879629629629628,2.1259044862518093,250227875.765,0.0114702815432743,,-0.3795620437956204,,-0.5140771637122001,,1.0,-0.405,-0.534,1590418.0,True,FOCUS UNIVERSAL INC.,3823.0,"Industrial Instruments For Measurement, Display, and Control",other manufacturing,False,CA,CA,NV,True,False,True,True,False,True,False,False,2013-12-26,False,,False,False,,,True,EFFECT;S-3/A,False,False,72917760.0,2024-11-01,no 8-K/6-K on run day,,72917760.0,25193086.08,False,False,,
FCUV,2026-07-31,2026-07-30,True,True,True,6.170212765957446,6.117021276595744,2026-07-31,0.029,103149462.286866,0.0047,1.88,1-3,34318.44626472,-0.1861471861471861,-0.5403422982885084,0.4323764661012267,2024-10-01,0.02555,0.043975,0.029,5.170212765957446,4.4361702127659575,0.6594656054576464,8.356382978723405,1196533762.5276456,-0.0086206896551723,,-0.5517241379310345,,-0.0999999999999999,,0.038775,-0.6647324306898774,-0.3268858800773694,1590418.0,True,FOCUS UNIVERSAL INC.,3823.0,"Industrial Instruments For Measurement, Display, and Control",other manufacturing,False,CA,CA,NV,True,False,True,False,False,True,False,True,2013-12-26,False,,False,False,,,False,,False,False,2069781.0,2026-05-12,no 8-K/6-K on run day,,517445.25,972797.07,True,True,1-for-4,0.0
FEAM,2024-12-27,2024-12-26,False,True,False,1.3469387755102042,2.0408163265306123,2024-12-30,1.0,744230.0,0.49,0.49,<1,233666.79,0.0105176325015468,0.062215477996965,6.487202334392153,2024-10-01,0.49,0.72,0.66,0.3469387755102042,0.0,0.9166666666666669,0.4693877551020409,491191.8000000001,-0.36,,-0.3141,,-0.6,,0.88,-0.2205681818181818,-0.5454545454545454,1888654.0,True,"5E Advanced Materials, Inc.",1400.0,Mining & Quarrying of  Nonmetallic Minerals (No Fuels),mining/energy,True,CA,CA,,True,False,True,False,False,True,False,False,2021-12-08,False,,False,False,,,False,,False,True,68883030.0,2024-11-12,no 8-K/6-K on run day,,68883030.0,33752684.7,False,False,,
FEED,2026-01-28,2026-01-27,True,True,False,2.1904761904761902,3.657142857142857,2026-01-28,0.2299999999999999,273465872.0,0.105,1.05,1-3,206528.7,-0.146341463414634,-0.58984375,0.0975818872570365,2025-12-12,0.1795,0.305,0.2299999999999999,1.1904761904761902,0.7095238095238092,0.7540983606557377,1.904761904761904,628971505.5999999,0.6695652173913045,,0.3565217391304351,,-0.017391304347826,,0.224,0.3928571428571428,0.0089285714285711,1326706.0,True,"ENvue Medical, Inc.",3842.0,"Orthopedic, Prosthetic & Surgical Appliances & Supplies",biotech/pharma/medtech,False,TX,TX,DE,True,False,True,True,False,True,False,True,2005-05-05,False,,False,False,,,False,,False,False,1088176.0,2025-11-14,no 8-K/6-K on run day,,1088176.0,1142584.8,True,False,,1.0
FEMY,2025-10-03,2025-10-02,False,True,False,1.5186791998071825,2.022656061701615,2025-10-06,0.8392,26508939.0,0.4149,0.4149,<1,824592.5901,0.202608695652174,0.1268332428028245,1.0532063563999217,2024-10-01,0.44,0.6475,0.6301,0.5186791998071825,0.0604965051819716,0.9731274131274132,0.5606170161484694,16703282.4639,-0.1096282173498569,,-0.3653479504289799,,-0.2169923736892277,,0.78,-0.3171794871794873,-0.1575641025641025,1339005.0,True,FEMASYS INC,3841.0,Surgical & Medical Instruments & Apparatus,biotech/pharma/medtech,False,GA,GA,DE,True,False,True,False,True,True,False,False,2005-09-15,False,,False,False,,,False,,False,True,32575407.0,2025-08-07,no 8-K/6-K on run day,,32575407.0,13515536.3643,False,False,,0.0
FFIE,2024-12-27,2024-12-26,False,True,False,1.3333333333333337,2.378787878787879,2024-12-30,0.0785,32822020.0,0.033,1.32,1-3,15261218.28,0.2110091743119264,-0.0149253731343284,1.792598994951656,2024-10-01,0.03525,0.04425,0.044,0.3333333333333335,0.0681818181818181,0.9943502824858756,0.340909090909091,57766755.2,-0.2261146496815287,,-0.3152866242038218,,-0.6019108280254778,,0.1055,-0.490521327014218,-0.7037914691943128,1805521.0,True,FARADAY FUTURE INTELLIGENT ELECTRIC INC.,3711.0,Motor Vehicles & Passenger Car Bodies,other manufacturing,False,NY,NY,DE,True,False,True,False,True,True,False,False,2020-03-11,False,,False,False,,,False,,False,True,29516511.0,2021-08-13,no 8-K/6-K on run day,,,,False,False,,
FGF,2025-07-31,2025-07-30,False,True,False,1.1201508620689655,2.063577586206897,2025-08-01,1.532,375334.0,0.7424,18.56,>10,43167590.4,-0.1191267204556241,0.1248484848484847,116.93808290806707,2024-10-01,0.68,0.8316,0.8316,0.1201508620689655,-0.0840517241379309,1.0,0.1201508620689655,7803193.859999999,-0.0125326370757179,,-0.5096605744125327,,-0.5096605744125327,stale_last_close,1.2819999999999998,-0.4140405616224647,,1591890.0,True,FG Nexus Inc.,6199.0,Finance Services,finance/real estate,False,NC,NC,,True,False,False,False,False,False,False,False,2013-12-06,False,,False,False,,,True,S-3,False,True,1272320.0,2025-05-05,no 8-K/6-K on run day,,1272320.0,23614259.2,False,False,,0.0
FGI,2025-09-16,2025-09-15,True,True,False,2.392947103274559,2.1561712846347607,2025-09-16,1.9,41389142.0,0.794,3.97,3-10,73603.8,0.0179487179487178,0.09366391184573,0.677263985008137,2024-10-01,2.152,2.52398,1.9,1.392947103274559,1.7103274559193955,0.7527793405652977,2.178816120906801,393196849.0,-0.0989473684210525,,-0.2105263157894737,,-0.3989473684210526,,1.4800000000000002,0.0135135135135133,-0.2283783783783783,1864943.0,True,FGI Industries Ltd.,3430.0,"Heating Equip, Except Elec & Warm Air; & Plumbing Fixtures",other manufacturing,False,NJ,NJ,E9,True,False,False,False,False,False,False,False,2021-06-07,False,,False,False,,,False,,False,False,1918311.0,2025-08-08,no 8-K/6-K on run day,,1918311.0,7615694.67,False,True,1-for-5,0.0
FGI,2026-04-17,2026-04-16,False,True,False,1.3429752066115703,2.022727272727273,2026-04-20,1.958,466673.75595,0.968,4.84,3-10,664530.5067873999,0.141509433962264,0.2906666666666666,0.5229620789738892,2024-10-01,1.0,1.396,1.3,0.3429752066115703,0.0330578512396695,0.9312320916905444,0.4421487603305787,3033379.413675,0.1562819203268644,,-0.3013278855975484,,-0.5219611848825332,,2.0460000000000003,-0.3313782991202346,-0.5425219941348974,1864943.0,True,FGI Industries Ltd.,3430.0,"Heating Equip, Except Elec & Warm Air; & Plumbing Fixtures",other manufacturing,False,NJ,NJ,E9,True,False,False,False,False,False,False,False,2021-06-07,False,,False,False,,,False,,False,False,1927326.0,2026-04-06,no 8-K/6-K on run day,,1927326.0,9328257.84,False,False,,0.0
FGI,2026-08-13,2026-08-12,True,True,False,2.477801268498943,2.1120507399577164,2026-08-13,2.3440000000000003,102312161.702704,0.9460000000000002,4.73,3-10,5634310.241297981,0.0558035714285714,-0.0267489711934155,47.43787984129299,2024-10-01,1.6940000000000002,3.986,2.3440000000000003,1.477801268498943,0.7906976744186045,0.5880582037129956,3.21353065539112,1199098535.155691,-0.1476109215017065,,-0.2465870307167236,,-0.2909556313993174,,2.002,-0.117882117882118,-0.1698301698301698,1864943.0,True,FGI Industries Ltd.,3430.0,"Heating Equip, Except Elec & Warm Air; & Plumbing Fixtures",other manufacturing,False,NJ,NJ,E9,True,False,False,False,False,False,False,False,2021-06-07,True,2.02;9.01,False,True,0001628280-26-056242,fgi-20260812.htm,False,,False,False,1931271.0,2026-05-13,earnings / business update,"2 fgi-202608xex99x1.htm EX-99.1 Document EXHIBIT 99.1 FGI INDUSTRIES ANNOUNCES SECOND QUARTER 2026 RESULTS EAST HANOVER, N.J., August 12, 2026 – FGI Industries Ltd. (Nasdaq: FGI) (“FGI” or the “Company”), a leading globa",1931271.0,9134911.83,False,False,,0.0
FJET,2025-12-22,2025-12-19,True,False,False,4.708520179372197,1.9342301943198803,2025-12-22,31.5,49859975.0,6.69,6.69,3-10,15579745.590000002,,,,2025-12-18,7.73,31.5,31.5,3.708520179372197,0.155455904334828,1.0,3.708520179372197,1570589212.5,-0.5892063492063493,,-0.5825396825396825,,-0.6777777777777778,,22.66,-0.4196822594880847,-0.5520741394527802,1947016.0,True,"Starfighters Space, Inc.",4512.0,"Air Transportation, Scheduled",other,False,FL,FL,DE,True,False,False,False,False,False,False,True,2022-09-21,False,,False,False,,,False,,False,False,,,no 8-K/6-K on run day,,,,True,False,,1.0
FLYE,2025-12-01,2025-11-28,True,True,False,3.5245535714285707,2.386160714285714,2025-12-01,0.1579,18712277.0,0.0448,4.48,3-10,9107.84,0.157622739018088,-0.7906542056074766,0.04501748302558,2024-10-01,0.0448,0.218,0.1579,2.5245535714285707,0.0,0.7243119266055045,3.866071428571428,295466853.83,-0.3229892336922102,,-0.4642178594046864,,-0.5490816972767574,,0.1327,-0.3624717407686509,-0.4634513941220798,1975940.0,True,"Fly-E Group, Inc.",3711.0,Motor Vehicles & Passenger Car Bodies,other manufacturing,False,NY,NY,DE,True,False,False,False,False,False,False,True,2023-08-14,False,,False,False,,,False,,False,False,18897030.0,2025-08-19,no 8-K/6-K on run day,,944851.5,4232934.720000001,True,True,1-for-20,0.0
FLYX,2026-01-08,2026-01-07,True,True,False,2.302547770700637,2.035031847133758,2026-01-08,7.23,115470732.0,3.14,3.14,3-10,181561.08,-0.2285012285012285,-0.1054131054131053,3.3088127998901293,2024-10-01,6.08,8.88,7.23,1.3025477707006372,0.9363057324840764,0.8141891891891891,1.8280254777070064,834853392.36,-0.116182572614108,,-0.4827109266943291,,-0.5809128630705395,,6.91,-0.4587554269175108,-0.5615050651230102,1843973.0,True,FLYEXCLUSIVE INC.,4522.0,"Air Transportation, Nonscheduled",other,False,NC,NC,DE,True,False,True,True,False,True,False,False,2021-02-22,False,,False,False,,,True,424B5,False,False,,,no 8-K/6-K on run day,,,,False,False,,0.0
FMFC,2026-07-31,2026-07-30,True,False,False,2.41409488714878,1.5660985720865963,2026-07-31,0.5241,193300560.381051,0.2171,0.2171,<1,7966.1074415884,-0.1545950155763239,-0.2246428571428572,0.2888550085878845,2025-06-25,0.2254,1.17,0.5241,1.4140948871487795,0.0382312298479963,0.447948717948718,4.389221556886228,101308823.69570884,-0.3512688418240793,,-0.4541118107231444,,-0.5647777141766839,,0.2978,-0.0392881128274008,-0.2340496977837475,2024656.0,True,Kandal M Venture Ltd,3100.0,Leather & Leather Products,other manufacturing,False,,,,False,False,True,True,False,False,True,False,2024-06-28,False,,False,False,,,True,F-3/A,False,False,,,no 8-K/6-K on run day,,,,False,False,,0.0
FMTO,2025-04-08,2025-04-07,True,False,False,5.095194922937443,0.0971894832275612,2025-04-08,2.81,9398578.0,0.5515,0.5515,<1,58079.0165,-0.5479508196721312,-0.8318597560975609,1.3104177282368012,2025-01-28,0.55,4.44,2.81,4.095194922937443,-0.0027198549410697,0.6328828828828829,7.050770625566637,26410004.18,-0.9809252669039146,,-0.987153024911032,,-0.995373665480427,,0.2134,-0.830834114339269,-0.9390815370196812,,False,,,,,,,,,,,,,,,,,,,,,,,,,,,,,,no 8-K/6-K on run day,,,,,False,,1.0
FNGR,2026-08-28,2026-08-27,True,False,False,2.2952710495963093,1.2860438292964245,2026-08-28,0.398,1246831212.790223,0.1734,0.1734,<1,1625558.7991022924,-0.2441150828247602,-0.2683544303797468,0.8768742206555588,2024-10-01,0.3022,0.71,0.398,1.2952710495963091,0.7427912341407152,0.5605633802816902,3.0945790080738176,496238822.6905087,-0.4396984924623116,,-0.5040201005025127,,-0.6444723618090453,,0.267,-0.2606741573033708,-0.4700374531835206,1602409.0,True,"FingerMotion, Inc.",7372.0,Services-Prepackaged Software,tech/software/semis/telecom,False,U0,Singapore,DE,False,False,True,False,True,True,False,False,2014-03-14,True,8.01;9.01,False,True,0001493152-26-040492,form8-k.htm,True,424B5;S-1,False,False,61310361.0,2026-07-10,merger / acquisition / buyout,"ingerMotion believes that its BlueFlare alliance positions the Company to become a successful owner-operator of rapidly deployable, behind-the-meter data center capacity serving enterprise compute customers in Canada and",61310361.0,10631216.5974,False,False,,0.0
FOFO,2025-09-25,2025-09-24,False,True,False,1.5454545454545454,2.3376623376623376,2025-09-26,45.0,925966.0,19.25,19.25,>10,4155882.5,0.7701149425287357,,,2025-09-12,18.19,31.9899,29.75,0.5454545454545454,-0.055064935064935,0.929981025261098,0.661812987012987,27547488.5,-0.1039999999999999,,-0.6473333333333333,,-0.6844444444444444,,67.5,-0.764888888888889,-0.7896296296296297,2060083.0,True,"Hang Feng Technology Innovation Co., Ltd.",8742.0,Services-Management Consulting Services,other services,False,,,,False,False,True,False,True,True,True,True,2025-03-12,False,,False,False,,,False,,False,False,,,no 8-K/6-K on run day,,,,True,False,,1.0
FOFO,2026-06-02,2026-06-01,False,True,False,1.35016835016835,2.218855218855219,2026-06-03,6.59,917758.045623,2.97,2.97,1-3,11312214.693752613,0.4850000000000001,-0.0099999999999998,39.68104034162322,2025-09-12,3.01,4.49,4.01,0.3501683501683499,0.0134680134680134,0.8930957683741647,0.5117845117845117,3680209.76294823,-0.0622154779969651,,-0.5402124430955995,,-0.5553869499241274,,7.54,-0.5981432360742707,-0.6114058355437666,2060083.0,True,"Hang Feng Technology Innovation Co., Ltd.",8742.0,Services-Management Consulting Services,other services,False,,,,False,False,False,False,False,False,True,True,2025-03-12,False,,False,False,,,False,,False,False,7571078.0,2025-12-31,no 8-K/6-K on run day,,7571078.0,22486101.66,True,False,,1.0
FOXO,2024-11-06,2024-11-05,True,True,False,5.7501836884643645,2.7090374724467305,2024-11-06,0.7826,939501308.0,0.1361,0.1361,<1,349513.7826,-0.0741496598639455,-0.2253841775754126,9.646051953247149,2024-10-01,0.272,1.06,0.7826,4.7501836884643645,0.9985304922850846,0.7383018867924528,6.788390889052168,735253723.6408,-0.5288780986455405,,0.1755686174290827,,-0.3650651673907488,,0.47,0.9574468085106383,0.0572340425531916,1812360.0,True,FOXO TECHNOLOGIES INC.,8731.0,Services-Commercial Physical & Biological Research,biotech/pharma/medtech,False,FL,FL,DE,True,False,False,False,False,False,False,False,2020-06-09,False,,False,False,,,False,,False,False,13631554.0,2024-08-19,no 8-K/6-K on run day,,13631554.0,1855254.4994,False,False,,
FOXO,2025-05-06,2025-05-05,True,False,False,2.531048577267726,1.1925797830529792,2025-05-06,0.161,199460650.0,0.06361,0.6361,<1,271081.0121,,-0.4832656376929326,0.2539141199758936,2024-10-01,0.2029999999999999,0.238,0.161,1.5310485772677258,2.191322119163653,0.6764705882352943,2.741550070743594,321131646.5,-0.5288198757763976,,-0.5558385093167703,,-0.7571428571428571,,0.08723,-0.1802132293935572,-0.5517597156941418,1812360.0,True,FOXO TECHNOLOGIES INC.,8731.0,Services-Commercial Physical & Biological Research,biotech/pharma/medtech,False,FL,FL,DE,True,False,True,False,True,False,False,False,2020-06-09,False,,False,False,,,False,,True,False,35843767.0,2025-04-08,no 8-K/6-K on run day,,3584376.7,2280022.0188700003,False,True,1-for-10,0.0
FOXX,2025-01-30,2025-01-29,True,True,False,2.211072664359861,2.15916955017301,2025-01-30,6.39,33524144.0,2.89,2.89,1-3,81047.16,-0.2720403022670025,-0.4911971830985915,0.6158407035920747,2024-10-01,2.92,11.0,6.39,1.2110726643598615,0.0103806228373701,0.5809090909090909,2.806228373702422,214219280.16,-0.0234741784037557,,-0.2644757433489827,,-0.1940532081377151,,5.79,-0.1882556131260794,-0.1105354058721933,2013807.0,True,Foxx Development Holdings Inc.,3576.0,Computer Communications Equipment,tech/software/semis/telecom,False,TX,TX,DE,True,False,True,False,True,True,False,True,2024-04-08,False,,False,False,,,False,,False,True,7280597.0,2024-11-13,no 8-K/6-K on run day,,7280597.0,21040925.330000002,True,False,,
FOXX,2025-11-20,2025-11-19,False,True,False,1.1818713450292395,2.0701754385964914,2025-11-21,3.54,38645.0,1.71,1.71,1-3,37402.83,-0.495575221238938,-0.62,1.8382912203587836,2024-10-01,1.9108,2.135,2.021,0.1818713450292397,0.1174269005847954,0.9466042154566744,0.2485380116959064,78101.545,0.3022598870056499,,0.2598870056497175,,0.1963276836158192,,3.4,0.3117647058823529,0.2455882352941176,2013807.0,True,Foxx Development Holdings Inc.,3576.0,Computer Communications Equipment,tech/software/semis/telecom,False,TX,TX,DE,True,False,False,False,False,False,False,False,2024-04-08,False,,False,False,,,False,,False,False,6780597.0,2025-11-17,no 8-K/6-K on run day,,6780597.0,11594820.87,False,False,,0.0
FOXX,2026-06-03,2026-06-02,False,True,False,1.207617278216442,2.2167799687539587,2026-06-04,5.25,14780758.548652,2.3683,2.3683,1-3,87595.36478,-0.25990625,-0.4950319829424308,2.116650646394696,2024-10-01,2.31,3.3,2.86,0.207617278216442,-0.0246168137482583,0.8666666666666667,0.3934045517882023,42272969.44914472,-0.0361904761904762,,-0.2838095238095238,,-0.3657142857142856,,5.48,-0.3138686131386862,-0.3923357664233576,2013807.0,True,Foxx Development Holdings Inc.,3576.0,Computer Communications Equipment,tech/software/semis/telecom,False,TX,TX,DE,True,False,False,False,False,False,False,False,2024-04-08,False,,False,False,,,False,,False,True,7041192.0,2026-05-11,no 8-K/6-K on run day,,7041192.0,16675655.013600001,False,False,,0.0
FREY,2024-11-06,2024-11-05,False,True,False,1.6666666666666663,2.238095238095238,2024-11-07,2.35,44832935.0,1.05,1.05,1-3,1136611.35,0.0294117647058824,0.0879701585327945,0.7370889071315382,2024-10-01,1.3,1.8,1.75,0.6666666666666665,0.2380952380952381,0.9722222222222222,0.7142857142857142,78457636.25,-0.1276595744680851,,-0.0212765957446809,,-0.2765957446808511,,2.23,0.0313901345291478,-0.2376681614349776,1992243.0,True,T1 Energy Inc.,3674.0,Semiconductors & Related Devices,tech/software/semis/telecom,False,TX,TX,DE,True,False,False,False,False,False,False,False,2023-09-08,True,1.01;1.02;2.02;5.02;7.01;9.01,False,True,0001992243-24-000153;0001213900-24-094752;0001213900-24-094750,freyr-20241106.htm;ea0220022-8k_freyr.htm;ea022002201-8k_freyr.htm,False,,False,True,140490406.0,2024-08-02,earnings / business update,"2 ex991-2024q3pressreleasefr.htm EX-99.1 Document News Release FREYR Battery Reports Third Quarter 2024 Results New York, Oslo, and Newnan, GA, November 6, 2024, FREYR Battery, Inc. (NYSE: FREY) (“FREYR” or the “Company”",140490406.0,147514926.3,False,False,,
FRGT,2025-05-02,2025-05-01,True,False,False,2.1121039805036554,1.4723801787164903,2025-05-02,0.0832,163965267.0,0.039392,0.9848,<1,1384009.3608,0.0305567182921724,-0.0709433962264149,0.8928941686689271,2024-10-01,0.1252,0.139596,0.0832,1.1121039805036554,2.178310316815597,0.5960056162067682,2.5437652315190897,341047755.36,-0.3028846153846155,,-0.3990384615384615,,-0.7235576923076923,,0.0676,-0.2603550295857987,-0.6597633136094674,1687542.0,True,"Freight Technologies, Inc.",4731.0,Arrangement of  Transportation of  Freight & Cargo,other,False,TX,TX,D8,True,False,False,False,False,False,True,False,2016-11-04,False,,False,False,,,False,,False,False,2265074.0,2025-03-31,no 8-K/6-K on run day,,2265074.0,2230644.8752,False,False,,0.0
FRMM,2026-04-16,2026-04-15,False,True,False,1.1126760563380282,2.014084507042253,2026-04-17,4.29,726254.782068,2.13,2.13,1-3,2478772.33244466,0.0441176470588233,-0.285234899328859,2.6847471588010703,2026-03-02,2.17,2.385,2.37,0.1126760563380282,0.0187793427230047,0.9937106918238996,0.1197183098591549,1721223.83350116,-0.1351981351981351,,0.1351981351981352,,-0.1375291375291375,,3.72,0.3091397849462365,-0.0053763440860215,1690080.0,True,FORUM MARKETS Inc,6199.0,Finance Services,finance/real estate,False,FL,FL,,True,False,True,False,False,True,False,False,2016-11-16,False,,False,False,,,False,,False,True,20313111.0,2026-03-31,no 8-K/6-K on run day,,20313111.0,43266926.43,False,False,,1.0
FTEL,2026-01-08,2026-01-07,True,True,True,7.78642936596218,7.897664071190211,2026-01-08,0.21875,377342.0,0.02809375,0.4495,<1,793393.571,-0.341295427901524,-0.48094688221709,0.7196908782566064,2024-10-01,0.206875,0.225,0.21875,6.78642936596218,6.363737486095662,0.9722222222222222,7.008898776418242,1320697.0,0.0142857142857142,,-0.0657142857142857,,-0.4,,0.219375,-0.0683760683760683,-0.4017094017094016,1928581.0,True,GMEX Robotics Corp,3949.0,"Sporting & Athletic Goods, NEC",other manufacturing,False,,,E9,False,False,True,False,False,True,True,False,2022-06-17,False,,False,False,,,False,,False,False,21020597.0,2025-06-30,no 8-K/6-K on run day,,1313787.3125,590547.39696875,False,False,,0.0
FTFT,2025-07-11,2025-07-10,True,False,False,2.6092715231788075,1.7218543046357613,2025-07-11,0.394,96588146.0,0.151,1.51,1-3,239685.32,0.2177419354838712,0.2583333333333335,3.3067409960512517,2024-10-01,0.233,0.403,0.394,1.6092715231788075,0.5430463576158939,0.977667493796526,1.66887417218543,380557295.24,-0.3401015228426396,,-0.3401015228426396,,-0.5203045685279188,,0.3,-0.1333333333333334,-0.3700000000000001,1066923.0,True,Future FinTech Group Inc.,7389.0,"Services-Business Services, NEC",other services,False,NY,NY,FL,True,False,False,False,False,False,False,False,2001-01-23,False,,False,False,,,False,,False,True,5002213.0,2025-05-16,no 8-K/6-K on run day,,5002213.0,7553341.63,False,False,,0.0
FTFT,2026-09-14,2026-09-11,True,False,False,2.7916666666666665,1.993055555555556,2026-09-14,0.0125624999999999,126774424.348614,0.0045,2.88,1-3,153448686.29451454,0.7454545454545451,-0.1146089522872603,9.365874383099758,2024-10-01,0.00515625,0.0148125,0.0125624999999999,1.7916666666666663,0.1458333333333334,0.8481012658227847,2.291666666666667,1019266371.7628564,-0.2860696517412934,,-0.4390547263681591,,,beyond_data,0.00990625,-0.2886435331230284,,1066923.0,True,Future FinTech Group Inc.,7389.0,"Services-Business Services, NEC",other services,False,NY,NY,FL,True,False,False,False,False,False,False,False,2001-01-23,False,,False,False,,,False,,False,True,32246443.0,2026-08-13,no 8-K/6-K on run day,,8061610.75,23217438.96,False,True,1-for-4;1-for-4,0.0
FTHM,2026-06-16,2026-06-15,False,True,False,1.4379827351204,2.5215810995002275,2026-06-17,1.11,13092564.782758,0.4402,0.4402,<1,718137.5132401553,-0.1360157016683022,-0.32793893129771,9.99940076270405,2024-10-01,0.479,0.7745,0.633,0.4379827351204,0.0881417537482962,0.817301484828922,0.759427532939573,8287593.507485813,-0.0360360360360361,,-0.0360360360360361,,-0.2206306306306307,,1.13,-0.0530973451327432,-0.2344247787610619,1753162.0,True,Fathom Holdings Inc.,6531.0,Real Estate Agents & Managers (For Others),finance/real estate,False,NC,NC,NC,True,False,False,False,False,False,False,False,2018-10-26,False,,False,False,,,False,,False,True,32782364.0,2026-03-27,no 8-K/6-K on run day,,32782364.0,14430796.6328,False,False,,0.0
FUBO,2025-01-06,2025-01-03,True,True,False,3.513888888888889,3.791666666666667,2025-01-06,5.06,682150133.0,1.44,1.44,1-3,20314618.56,0.0666666666666666,-0.1627906976744186,1.108507967951006,2024-10-01,3.98,5.3,5.06,2.513888888888889,1.7638888888888888,0.9547169811320756,2.680555555555556,3451679672.9799995,0.0790513833992094,,-0.2470355731225295,,-0.1185770750988142,,5.43,-0.298342541436464,-0.1786372007366482,1484769.0,True,FuboTV Inc.,7812.0,Services-Motion Picture & Video Tape Production,other services,False,NY,NY,DE,True,False,False,False,False,False,False,False,2010-02-25,True,2.02;7.01;8.01;9.01,False,True,0001493152-25-000390,form8-k.htm,False,,False,True,334092630.0,2024-10-31,listing compliance / reverse split / financing,"u + Live TV, the new vMVPD company is expected to enhance consumer choice through more flexible programming offerings ● Fubo to create a new Sports & Broadcasting service, featuring Disney’s premier sports and broadcast ",334092630.0,481093387.2,False,False,,
FUSE,2026-04-10,2026-04-09,True,True,False,2.1529411764705886,2.164705882352941,2026-04-10,1.83,126887292.948779,0.85,0.85,<1,27655.6,-0.0892531876138433,-0.3928571428571428,0.3569935239524502,2025-10-23,1.0,2.01,1.83,1.1529411764705886,0.1764705882352941,0.91044776119403,1.3647058823529408,232203746.0962656,0.0054644808743169,,0.0,,-0.174863387978142,,1.76,0.0397727272727272,-0.1420454545454545,2033383.0,True,Fusemachines Inc.,7373.0,Services-Computer Integrated Systems Design,tech/software/semis/telecom,False,FL,FL,,True,False,True,False,True,True,False,True,2024-11-27,False,,False,False,,,False,,False,False,28938266.0,2026-03-26,no 8-K/6-K on run day,,28938266.0,24597526.099999998,True,False,,1.0
FXHO,2026-07-06,2026-07-02,True,True,False,2.7152777777777777,2.097222222222222,2026-07-06,3.91,8139412.352796,1.4400000000000002,7.2,3-10,10432320.5849112,,,,2026-07-02,2.613,5.0,3.91,1.7152777777777777,0.8145833333333332,0.782,2.472222222222222,159125511.4971618,-0.2276214833759591,,-0.2020460358056266,,-0.4051150895140665,,2.822,0.1055988660524451,-0.1757618710134656,1789299.0,True,UTime Ltd,3600.0,Electronic & Other Electrical Equipment (No Computer Equip),other manufacturing,False,,,E9,False,False,True,False,False,True,True,False,2019-10-01,False,,False,False,,,False,,False,True,3604015.0,2025-03-31,no 8-K/6-K on run day,,720803.0,5189781.600000001,False,False,,1.0
GALT,2025-06-17,2025-06-16,False,True,False,1.604026845637584,2.208053691275168,2025-06-18,3.29,11578281.0,1.49,1.49,1-3,935310.25,0.1287878787878786,0.1640625,3.7671482587160217,2024-10-01,1.65,2.79,2.39,0.6040268456375839,0.1073825503355703,0.8566308243727598,0.8724832214765101,27672091.59,-0.2644376899696049,,-0.2857142857142857,,-0.148936170212766,,3.88,-0.3943298969072164,-0.2783505154639175,1133416.0,True,GALECTIN THERAPEUTICS INC,2834.0,Pharmaceutical Preparations,biotech/pharma/medtech,False,GA,GA,NV,True,False,False,False,False,False,False,False,2011-10-06,False,,False,False,,,False,,False,True,63291585.0,2025-05-07,no 8-K/6-K on run day,,63291585.0,94304461.65,False,False,,0.0
GAME,2025-07-08,2025-07-07,False,True,False,1.5876288659793816,2.2268041237113403,2025-07-09,2.16,29106715.0,0.97,0.97,<1,1218720.61,0.285449244632918,0.1213872832369942,2.5915497664091887,2024-10-01,0.99,1.69,1.54,0.5876288659793816,0.0206185567010308,0.911242603550296,0.7422680412371134,44824341.1,-0.1388888888888889,,0.0694444444444444,,-0.542175925925926,,2.0,0.155,-0.5055499999999999,1714562.0,True,"GameSquare Holdings, Inc.",7900.0,Services-Amusement & Recreation Services,other services,False,TX,TX,A6,True,False,True,True,False,True,True,False,2017-08-14,True,8.01,False,True,0001641172-25-018028,form8-k.htm,True,424B5,False,False,38913565.0,2025-05-14,other,"false 0001714562 0001714562 2025-07-07 2025-07-07 iso4217:USD xbrli:shares iso4217:USD xbrli:shares UNITED STATES SECURITIES AND EXCHANGE COMMISSION WASHINGTON, D.C. 20549 FORM 8-K CURRENT REPORT Pursuant to Section 13 O",38913565.0,37746158.05,False,False,,0.0
GATE,2025-03-27,2025-03-26,True,True,False,3.0750307503075027,2.460024600246002,2025-03-27,50.0,77145.0,16.26,16.26,>10,392353.8000000001,0.5574712643678164,,0.8359141707024728,2024-10-16,16.5,57.96,50.0,2.0750307503075027,0.0147601476014758,0.862663906142167,2.564575645756457,3857250.0,-0.1999999999999999,,-0.279,stale_last_close,-0.279,stale_last_close,61.07,,,1838513.0,True,Marblegate Acquisition Corp.,6770.0,Blank Checks,blank check (SPAC),False,NY,NY,DE,True,False,False,False,False,False,False,False,2021-07-01,False,,False,False,,,False,,False,False,,,no 8-K/6-K on run day,,,,False,False,,1.0
GCDT,2026-09-08,2026-09-04,True,False,False,2.432504677893612,1.706228281208233,2026-09-08,0.91,410143062.332471,0.3741,0.3741,<1,4378.9584252984,-0.0830882352941175,-0.1495794498749716,0.0136278135062161,2026-01-13,0.363,1.17,0.91,1.4325046778936117,-0.0296712109061748,0.7777777777777779,2.127506014434643,373230186.7225487,-0.2985714285714286,,-0.5713186813186814,,,beyond_data,0.6067,-0.3570133509147849,,1926293.0,True,Green Circle Decarbonize Technology Ltd,3585.0,Air-Cond & Warm Air Heatg Equip & Comm & Indl Refrig Equip,other manufacturing,False,K3,Hong Kong,E9,False,True,False,False,False,False,True,True,2022-05-26,False,,True,True,0001493152-26-041728,form6-k.htm,False,,False,False,12875000.0,2026-03-31,contract / partnership / order,2 ex99-1.htm EX-99.1 Exhibit 99.1 PRESS RELEASE Green Circle Decarbonize Technology Limited Entering into Strategic Partnership Agreement for Mass Production of BocaPCM-TES Panels in the People’s Republic of China Hong K,12875000.0,4816537.5,True,False,,1.0
GCL,2025-02-18,2025-02-14,True,True,False,2.4596615505706416,2.016922471467926,2025-02-18,7.5,58161835.0,3.0492,3.0492,3-10,3971662.2792,,,,2025-02-14,4.33,9.89,7.5,1.4596615505706416,0.4200446018627837,0.7583417593528816,2.243473698019153,436213762.5,-0.1799999999999999,,-0.552,,-0.7066666666666667,,6.5,-0.483076923076923,-0.6615384615384615,2002045.0,True,GCL Global Holdings Ltd,7372.0,Services-Prepackaged Software,tech/software/semis/telecom,False,,,,False,False,True,False,False,True,True,True,2024-03-27,False,,True,True,0001213900-25-014576,ea0231361-6k_gclglobal.htm,False,,False,False,,,merger / acquisition / buyout,"daq Under Ticker “GCL” and Announces Bell Ringing to Commemorate Listing ● GCL and RF Acquisition Corp. Have Closed the Business Combination on February 13, 2025 ● GCL’s Ordinary Shares and Warrants Will Begin Trading on",,,True,False,,
GCTK,2025-09-12,2025-09-11,True,False,False,2.1745379876796718,1.5975359342915811,2025-09-12,0.008825,70670301.0,0.0040583333333333,4.87,3-10,201223.53,0.0,-0.1603448275862068,0.0848396482601034,2024-10-01,0.0093666666666666,0.0117833333333333,0.008825,1.174537987679671,1.3080082135523612,0.748939179632249,1.9034907597535933,748398487.59,-0.2653446647780926,,-0.3739376770538244,,-0.2530689329556185,,0.0072416666666666,-0.2370540851553509,-0.0897583429228998,1506983.0,True,"Glucotrack, Inc.",3841.0,Surgical & Medical Instruments & Apparatus,biotech/pharma/medtech,False,NJ,NJ,DE,True,False,False,False,False,False,False,True,2010-12-27,True,1.01;3.02;9.01,False,True,0001493152-25-013094,form8-k.htm,False,,False,False,899410.0,2025-08-14,contract / partnership / order,"EX-10.1 2 ex10-1.htm EX-10.1 Exhibit 10.1 PURCHASE AGREEMENT PURCHASE AGREEMENT (the “ Agreement ”), dated as of September 11, 2025 (the “ Effective Date ”), by and between GLUCOTRACK, INC. , a Delaware corporation (the ",899410.0,4380126.7,True,True,1-for-60,0.0
GCTK,2026-07-30,2026-07-29,True,False,False,2.7368421052631584,1.673684210526316,2026-07-30,0.00065,367894871.212445,0.0002375,0.285,<1,6895264.757814765,-0.0683229813664597,-0.1065830721003135,2.7657341226817,2024-10-01,0.00034,0.00075,0.00065,1.7368421052631584,0.431578947368421,0.8666666666666668,2.1578947368421053,286957999.5457071,-0.3884615384615385,,-0.3955128205128205,,-0.6330769230769231,,0.0004669583333333,-0.1585616132774159,-0.4892477915588471,1506983.0,True,"Glucotrack, Inc.",3841.0,Surgical & Medical Instruments & Apparatus,biotech/pharma/medtech,False,NJ,NJ,DE,True,False,False,False,False,False,False,False,2010-12-27,True,1.01;2.03;3.02;9.01,False,True,0001493152-26-035242,form8-ka.htm,False,,False,False,6259279.0,2026-05-14,other,"EX-10.1 2 ex10-1.htm EX-10.1 Exhibit 10.1 THE EXCHANGE CONTEMPLATED HEREIN IS INTENDED TO COMPORT WITH THE REQUIREMENTS OF SECTION 3(a)(9) OF THE SECURITIES ACT OF 1933, AS AMENDED. EXCHANGE AGREEMENT This Exchange Agree",6259279.0,1783894.515,False,False,,0.0
GDHG,2025-03-24,2025-03-21,False,True,False,1.395017793594306,2.711743772241993,2025-03-25,0.0762,6958369.0,0.0281,1.405,1-3,4196624.005,0.2324561403508773,0.4336734693877551,5.5683424925078455,2024-10-01,0.0292,0.042,0.0392,0.395017793594306,0.0391459074733095,0.9333333333333332,0.4946619217081851,13638403.24,0.1207349081364828,,-0.8576377952755906,,-0.920498687664042,,0.0666,-0.8371171171171171,-0.909039039039039,1928340.0,True,GOLDEN HEAVEN GROUP HOLDINGS LTD.,7990.0,Services-Miscellaneous Amusement & Recreation,other services,False,,,E9,False,False,True,False,True,False,True,False,2022-06-22,False,,False,False,,,True,F-1/A,False,False,,,no 8-K/6-K on run day,,,,False,False,,0.0
GELS,2024-11-29,2024-11-27,False,True,False,1.075268817204301,2.054032258064516,2024-12-02,3.8205,22091.0,1.86,1.86,1-3,27403.38,0.2317880794701987,-0.2150573936529372,0.3828006048732832,2024-10-29,1.96,2.03,2.0,0.075268817204301,0.053763440860215,0.9852216748768474,0.0913978494623655,44182.0,-0.2566418008114122,,-0.0681847925664179,,-0.3927496400994634,,2.9,0.2275862068965517,-0.2,1920092.0,True,Gelteq Ltd,2834.0,Pharmaceutical Preparations,biotech/pharma/medtech,False,,,C3,False,False,True,False,True,True,True,True,2022-03-31,False,,False,False,,,False,,False,False,9438075.0,2024-11-15,no 8-K/6-K on run day,,9438075.0,17554819.5,True,False,,
GELS,2025-04-22,2025-04-21,True,True,False,3.2,2.955555555555556,2025-04-22,2.88,89799656.0,0.9,0.9,<1,1009744.2,0.0975609756097561,-0.150943396226415,25.904825675363657,2024-10-29,3.84,4.11,2.88,2.2,3.2666666666666666,0.7007299270072992,3.5666666666666678,258623009.28,-0.0763888888888888,,-0.28125,,-0.40625,,2.7,-0.2333333333333334,-0.3666666666666667,1920092.0,True,Gelteq Ltd,2834.0,Pharmaceutical Preparations,biotech/pharma/medtech,False,,,C3,False,False,False,False,False,False,True,True,2022-03-31,False,,False,False,,,False,,False,False,9438075.0,2024-11-15,no 8-K/6-K on run day,,9438075.0,8494267.5,True,False,,1.0
GELS,2026-06-11,2026-06-10,True,False,False,2.973760932944607,1.924198250728863,2026-06-11,1.53,153367422.456014,0.5145,0.5145,<1,6956.554499999999,0.058859847705289,0.1967899511514304,0.0720756953466307,2024-10-29,0.5219,2.01,1.53,1.9737609329446069,0.0143828960155492,0.7611940298507464,2.9067055393586005,234652156.35770145,-0.3529411764705882,,-0.3202614379084967,,-0.6471895424836602,,0.94005,0.1063241316951226,-0.4257752247220893,1920092.0,True,Gelteq Ltd,2834.0,Pharmaceutical Preparations,biotech/pharma/medtech,False,,,C3,False,False,False,False,False,False,True,False,2022-03-31,False,,False,False,,,False,,False,False,10711059.0,2024-11-13,no 8-K/6-K on run day,,,,False,False,,0.0
GEOS,2025-06-20,2025-06-18,False,True,False,1.3501762632197416,2.162162162162162,2025-06-23,18.4,535563.0,8.51,8.51,3-10,1323713.48,0.272047832585949,0.3317683881064164,2.0352253561853724,2024-10-01,8.68,11.96,11.49,0.3501762632197416,0.0199764982373678,0.9607023411371236,0.4054054054054055,6153618.87,-0.0842391304347824,,-0.2249999999999999,,-0.3929347826086956,,18.55,-0.231266846361186,-0.3978436657681941,1001115.0,True,GEOSPACE TECHNOLOGIES CORP,3829.0,"Measuring & Controlling Devices, NEC",other manufacturing,False,TX,TX,TX,True,False,False,False,False,False,False,False,1997-12-15,False,,False,False,,,False,,False,False,12806952.0,2025-04-30,no 8-K/6-K on run day,,12806952.0,108987161.52,False,False,,0.0
GFAI,2025-01-03,2025-01-02,False,True,False,1.3496503496503496,2.0909090909090917,2025-01-06,2.99,6772670.0,1.43,1.43,1-3,1643317.39,0.2654867256637168,0.1171875,0.4595119090735241,2024-10-01,1.44,1.93,1.93,0.3496503496503496,0.006993006993007,1.0,0.3496503496503496,13071253.1,-0.0334448160535116,,-0.3277591973244148,,-0.4749163879598662,,2.46,-0.1829268292682927,-0.3617886178861788,1804469.0,True,"Guardforce AI Co., Ltd.",7381.0,"Services-Detective, Guard & Armored Car Services",other services,False,U0,Singapore,E9,False,False,False,False,False,False,True,False,2020-03-20,False,,False,False,,,False,,False,False,9830373.0,2023-12-31,no 8-K/6-K on run day,,9830373.0,14057433.389999999,False,False,,
GIPR,2026-08-24,2026-08-21,True,False,False,2.5066622251832107,1.7721518987341771,2026-08-24,0.07525,285771143.432533,0.03002,0.3002,<1,54343.7193594666,-0.3977933801404212,-0.538863287250384,0.0873262819617578,2024-10-01,0.03017,0.08652,0.07525,1.5066622251832107,0.0049966688874083,0.8697411003236246,1.8820786142571613,215042785.43298107,-0.2930232558139534,,-0.5057807308970099,,-0.2427906976744185,,0.05449,-0.3174894476050652,0.0456964580656999,1651721.0,True,"GENERATION INCOME PROPERTIES, INC.",6798.0,Real Estate Investment Trusts,finance/real estate,False,FL,FL,MD,True,False,True,False,False,True,False,True,2015-09-16,False,,False,False,,,False,,False,True,1861303.0,2026-08-14,no 8-K/6-K on run day,,1861303.0,558763.1606000001,True,True,1-for-10,0.0
GITS,2025-05-30,2025-05-29,True,True,False,2.5368421052631582,2.4421052631578943,2025-05-30,0.1205,55931287.0,0.0475,0.95,<1,21169.8,-0.258160237388724,-0.2635658914728682,1.5053451100265145,2024-12-18,0.151,0.155995,0.1205,1.5368421052631582,2.178947368421053,0.7724606557902498,2.2841052631578944,134794401.67000002,-0.0373443983402491,,-0.1618257261410788,,-0.4356846473029045,,0.102,-0.0098039215686274,-0.3333333333333333,1911545.0,True,"Global Interactive Technologies, Inc.",7370.0,"Services-Computer Programming, Data Processing, Etc.",tech/software/semis/telecom,False,M5,"Korea, Republic of",X1,False,False,False,False,False,False,False,False,2022-02-16,False,,False,False,,,False,,False,False,2940402.0,2025-03-31,no 8-K/6-K on run day,,2940402.0,2793381.9,False,False,,1.0
GITS,2025-07-03,2025-07-02,True,True,False,2.355828220858896,2.4539877300613497,2025-07-03,0.192,46215077.0,0.0815,1.63,1-3,760381.96,0.13986013986014,-0.1930693069306931,8.441391939734848,2024-12-18,0.206,0.245,0.192,1.355828220858896,1.5276073619631902,0.7836734693877551,2.0061349693251533,177465895.68,0.0416666666666667,,-0.3125,,-0.3828125,,0.176,-0.25,-0.3267045454545455,1911545.0,True,"Global Interactive Technologies, Inc.",7370.0,"Services-Computer Programming, Data Processing, Etc.",tech/software/semis/telecom,False,M5,"Korea, Republic of",X1,False,False,False,False,False,False,False,False,2022-02-16,False,,False,False,,,False,,False,True,2940402.0,2025-03-31,no 8-K/6-K on run day,,2940402.0,4792855.26,False,False,,1.0
GITS,2026-01-20,2026-01-16,False,True,False,1.0601234567901232,2.098765432098765,2026-01-21,0.085,16674.0,0.0405,0.81,<1,35514.450000000004,0.0165662650602411,0.0798560191974404,0.8768517731524766,2024-12-18,0.04245,0.04349995,0.042935,0.0601234567901232,0.048148148148148,0.987012628750148,0.0740728395061727,14317.9638,0.1529411764705881,,0.8676470588235292,,0.3352941176470587,,0.0815,0.9478527607361962,0.3926380368098159,1911545.0,True,"Global Interactive Technologies, Inc.",7370.0,"Services-Computer Programming, Data Processing, Etc.",tech/software/semis/telecom,False,M5,"Korea, Republic of",X1,False,False,True,False,True,False,False,False,2022-02-16,False,,False,False,,,False,,False,False,3674208.0,2025-11-12,no 8-K/6-K on run day,,3674208.0,2976108.48,False,False,,0.0
GLND,2026-09-21,2026-09-18,True,True,False,2.4,2.091666666666667,2026-09-21,2.88,185835725.449501,1.2,1.2,1-3,39841893.7292136,-0.0163934426229508,-0.1891891891891892,62.03642230748864,2026-03-26,3.015,3.39,2.88,1.4,1.5125000000000002,0.8495575221238938,1.825,535206889.2945629,-0.1284722222222222,,0.5590277777777779,,,beyond_data,2.94,0.5272108843537415,,2093507.0,True,Greenland Energy Co,1381.0,Drilling Oil & Gas Wells,mining/energy,False,TX,TX,TX,True,False,False,False,False,False,False,True,2025-10-30,False,,False,False,,,False,,False,True,43730194.0,2026-08-13,no 8-K/6-K on run day,,43730194.0,52476232.8,True,False,,1.0
GLTO,2025-10-07,2025-10-06,True,True,False,4.830188679245284,2.8706199460916446,2025-10-07,0.7168000000000001,77432222.0,0.1484,3.71,3-10,577992.03,-0.0236842105263157,0.2006472491909385,0.0487773378070862,2024-10-01,0.9956,1.268,0.7168000000000001,3.830188679245284,5.708894878706199,0.5652996845425868,7.544474393530997,1387585418.2400002,-0.4056919642857143,,-0.3666294642857143,,-0.6674107142857144,,0.42,0.0809523809523811,-0.4323809523809523,1800315.0,True,"Damora Therapeutics, Inc.",2834.0,Pharmaceutical Preparations,biotech/pharma/medtech,False,MA,MA,DE,True,False,False,False,False,False,False,False,2020-01-16,False,,False,False,,,False,,False,False,1324560.0,2025-08-01,no 8-K/6-K on run day,,1324560.0,4914117.6,False,False,,0.0
GLTO,2025-11-10,2025-11-07,True,True,False,3.484848484848485,4.763636363636363,2025-11-10,0.6900000000000001,43783860.0,0.198,4.95,3-10,203781.6,-0.3237704918032786,-0.6090047393364928,0.3236521242815352,2024-10-01,0.8576,1.0352,0.6900000000000001,2.484848484848485,3.331313131313132,0.6665378670788255,4.228282828282827,755271585.0,0.3669565217391302,,0.3246376811594202,,0.611014492753623,,0.728,0.2554945054945055,0.5269230769230768,1800315.0,True,"Damora Therapeutics, Inc.",2834.0,Pharmaceutical Preparations,biotech/pharma/medtech,False,MA,MA,DE,True,False,False,False,False,False,False,False,2020-01-16,True,1.01;2.01;3.02;5.02;5.03;7.01;9.01,False,True,0001193125-25-273342,d53983d8k.htm,False,,False,False,1327212.0,2025-11-03,FDA / clinical,"of anti-mutant calreticulin (mutCALR) targeted therapies, led by DMR-001, a potentially best-in-class monoclonal antibody targeting mutCALR Combined company with complementary assets expected to have financial runway int",1327212.0,6569699.4,False,False,,0.0
GLXG,2026-06-11,2026-06-10,True,False,False,2.1309292080729434,1.495748386435816,2026-06-11,0.208,113890314.405824,0.09761,0.9761,<1,214491.1423,-0.2128225806451612,0.0062886597938143,0.2365705325153855,2024-10-01,0.255,0.479,0.208,1.1309292080729434,1.6124372502817337,0.4342379958246347,3.907284089744904,236891853.96411395,-0.2980769230769231,,-0.1923076923076923,,-0.375,,0.174,-0.0344827586206897,-0.2528735632183908,1905920.0,True,Galaxy Payroll Group Ltd,8700.0,"Services-Engineering, Accounting, Research, Management",other services,False,,,D8,False,False,True,True,False,True,True,False,2022-04-13,False,,False,False,,,False,,False,False,16000000.0,2024-06-30,no 8-K/6-K on run day,,,,False,False,,0.0
GLYC,2024-10-29,2024-10-28,True,True,True,2.9131985731272296,2.714030915576694,2024-10-29,0.49,1122141807.0,0.1682,0.1682,<1,163274.0948,0.0512499999999997,,,2024-10-01,0.3821,0.63,0.49,1.9131985731272296,1.2717003567181928,0.7777777777777778,2.7455410225921524,549849485.43,-0.0683673469387754,,-0.2040816326530612,,-0.3448979591836735,,0.436,-0.1055045871559632,-0.2637614678899083,1253689.0,True,"CRESCENT BIOPHARMA, INC.",2834.0,Pharmaceutical Preparations,biotech/pharma/medtech,False,MA,MA,E9,True,False,False,False,False,False,False,False,2003-07-10,True,1.01;3.02;5.01;5.02;7.01;8.01;9.01,False,True,0001104659-24-112054,tm2427013d1_8k.htm,False,,False,True,64483958.0,2024-08-07,FDA / clinical,"9 tm2427013d1_ex99-1.htm EXHIBIT 99.1 Exhibit 99.1 GlycoMimetics Announces National Cancer Institute Phase 2/3 Study of Uproleselan Did Not Meet Primary Endpoint ROCKVILLE, Md.--(",64483958.0,10846201.735599998,False,False,,
GMM,2026-07-10,2026-07-09,True,False,False,2.4702702702702704,1.864864864864865,2026-07-10,0.0060933333333333,138578369.895977,0.0024666666666666,1.85,1-3,11808628.4448174,-0.1777777777777778,-0.6570898980537534,1.7130918109042674,2024-10-01,0.0075850666666666,0.0077198666666666,0.0060933333333333,1.4702702702702704,2.075027027027027,0.7893055147757302,2.129675675675676,633303150.4246149,-0.2450765864332604,,-0.4398249452954048,,-0.3588621444201313,,0.00392,-0.129251700680272,-0.0034013605442175,1913749.0,True,Global Mofy AI Ltd,7370.0,"Services-Computer Programming, Data Processing, Etc.",tech/software/semis/telecom,False,F4,China,E9,False,True,True,False,False,True,True,False,2022-03-04,False,,False,False,,,False,,False,False,25926155.0,2023-09-30,no 8-K/6-K on run day,,,,False,True,1-for-50,0.0
GNLN,2025-06-12,2025-06-11,True,False,False,2.0,1.3116883116883118,2025-06-12,0.0014,4104350491.0,0.0007,0.0077,<1,6479923.4654,0.0547945205479452,0.4528301886792452,3.1117427258153643,2024-10-01,0.0013727272727272,0.0015363636363636,0.0014,1.0,0.9610389610389612,0.9112426035502958,1.1948051948051948,63206997.5614,-0.3441558441558441,,-0.435064935064935,,-0.7359307359307359,,0.0011363636363636,-0.304,-0.6746666666666667,1743745.0,True,"Greenlane Holdings, Inc.",5099.0,"Wholesale-Durable Goods, NEC",retail/wholesale,False,FL,FL,DE,True,False,True,False,True,True,False,False,2018-08-14,False,,False,False,,,False,,False,False,1020626650.0,2025-05-14,no 8-K/6-K on run day,,1020626650.0,7858825.205,False,False,,0.0
GNPX,2024-10-21,2024-10-18,True,True,False,3.656174334140436,8.692493946731235,2024-10-21,1.51,289917867.0,0.413,0.413,<1,2516347.463,0.2190082644628099,,,2024-10-01,0.55,2.04,1.51,2.656174334140436,0.3317191283292979,0.7401960784313726,3.939467312348668,437775979.17,1.3774834437086092,,0.8145695364238412,,-0.0993377483443708,,3.39,-0.1917404129793509,-0.5988200589970502,1595248.0,True,"Genprex, Inc.",2834.0,Pharmaceutical Preparations,biotech/pharma/medtech,False,TX,TX,TX,True,False,True,False,False,True,False,False,2013-12-26,False,,False,False,,,False,,False,False,2588546.0,2024-08-05,no 8-K/6-K on run day,,2588546.0,1069069.498,False,False,,
GNPX,2025-10-15,2025-10-14,True,False,False,3.3267326732673266,1.883168316831683,2025-10-15,0.84,930939484.0,0.2525,0.2525,<1,12828882.135,0.2481463173504696,-0.0710080941869021,14.898702513394255,2024-10-01,0.4796,1.1,0.84,2.3267326732673266,0.8994059405940595,0.7636363636363636,3.3564356435643568,781989166.56,-0.4339285714285714,,-0.739047619047619,,-0.8904761904761904,,0.6668,-0.6712657468506298,-0.8620275944811038,1595248.0,True,"Genprex, Inc.",2834.0,Pharmaceutical Preparations,biotech/pharma/medtech,False,TX,TX,TX,True,False,True,False,True,True,False,False,2013-12-26,False,,False,False,,,True,424B5,False,False,33466784.0,2025-08-01,no 8-K/6-K on run day,,33466784.0,8450362.96,False,False,,0.0
GPRO,2026-08-31,2026-08-28,False,True,False,1.4605767627937989,2.0503417236206034,2026-09-01,1.23,220002853.168556,0.5999,0.5999,<1,5377344.844695028,-0.0477777777777778,-0.1990654205607477,1.325913732863471,2024-10-01,0.61,0.88,0.8762,0.4605767627937989,0.0168361393565594,0.995681818181818,0.466911151858643,192766499.9462888,0.3739837398373984,,0.1504065040650406,,0.048780487804878,,1.22,0.1598360655737705,0.0573770491803278,1500435.0,True,"GoPro, Inc.",3861.0,Photographic Equipment & Supplies,other manufacturing,False,CA,CA,DE,True,False,True,False,False,True,False,False,2010-09-22,False,,False,False,,,True,424B3,False,True,,,no 8-K/6-K on run day,,,,False,False,,0.0
GPUS,2025-05-05,2025-05-02,True,True,False,5.656934306569343,3.430656934306569,2025-05-05,0.2522071428571428,298219477.0,0.0445837142857142,1.37,1-3,101915.67,-0.198830409356725,-0.5071942446043165,0.5920184821244893,2024-10-01,0.1031608571428571,0.2954891428571429,0.2522071428571428,4.656934306569343,1.3138686131386863,0.8535242290748898,5.627737226277373,2311200946.75,-0.3935483870967742,,-0.1380645161290321,,-0.3561290322580643,,0.1949317142857143,0.1151919866444073,-0.1669449081803004,896493.0,True,"Hyperscale Data, Inc.",3533.0,Oil & Gas Field Machinery & Equipment,other manufacturing,False,NV,NV,DE,True,False,True,False,True,False,False,False,2021-06-10,True,5.02;9.01,False,True,0001214659-25-006887,y522508k.htm,True,S-1/A,False,False,1529995.0,2025-04-14,merger / acquisition / buyout,"XML 7 R1.htm IDEA: XBRL DOCUMENT v3.25.1 Cover May 02, 2025 Document Type 8-K Amendment Flag false Document Period End Date May 02, 2025 Entity File Number 001-12711 Entity Registrant Name HYPERSCALE DATA, INC. Entity Ce",1529995.0,2096093.1500000001,False,False,,0.0
GRI,2024-10-21,2024-10-18,True,False,False,2.275862068965518,1.6724137931034484,2024-10-21,0.1015384615384615,117169330.0,0.0446153846153846,0.58,<1,12971576.46,0.4374225526641881,,,2024-10-01,0.1284615384615384,0.1376923076923077,0.1015384615384615,1.2758620689655178,1.8793103448275863,0.7374301675977655,2.0862068965517246,154663515.6,-0.2651515151515152,,-0.4877272727272727,,-0.4787878787878789,,0.0776923076923077,-0.3304950495049504,-0.3188118811881189,1824293.0,True,"GRI Bio, Inc.",2834.0,Pharmaceutical Preparations,biotech/pharma/medtech,False,CA,CA,DE,True,False,True,False,False,True,False,True,2020-09-11,False,,False,False,,,False,,False,False,2927707.0,2024-08-06,no 8-K/6-K on run day,,2927707.0,1698070.0599999998,True,False,,
GRML,2026-09-21,2026-09-18,True,True,False,3.305263157894737,4.964912280701755,2026-09-21,0.1884,218339049.541199,0.057,2.85,1-3,14169088.997088453,-0.0952380952380952,-0.6566265060240963,5.917861208435033,2026-03-12,0.1466,0.2336,0.1884,2.305263157894737,1.5719298245614035,0.8065068493150686,3.098245614035088,2056753846.6780944,0.5021231422505308,,0.2579617834394903,,,beyond_data,0.2739999999999999,-0.1350364963503648,,1907223.0,True,Greenland Mines Ltd,2836.0,"Biological Products, (No Diagnostic Substances)",biotech/pharma/medtech,False,NE,NE,,True,False,True,False,False,True,False,True,2022-01-31,False,,False,False,,,True,424B5,False,True,158850637.0,2026-08-17,no 8-K/6-K on run day,,3177012.74,9054486.309,True,True,1-for-50,1.0
GRYP,2025-05-12,2025-05-09,True,True,False,2.7307692307692304,2.4615384615384617,2025-05-12,1.42,270770751.0,0.52,0.52,<1,2281856.2,0.857142857142857,2.46435709526982,3.299065001095006,2024-10-01,2.21,2.93,1.42,1.7307692307692304,3.25,0.4846416382252559,4.634615384615385,384494466.42,-0.0985915492957746,,-0.0633802816901407,,-0.1971830985915493,,1.6,-0.1687499999999999,-0.2875000000000001,1755953.0,True,American Bitcoin Corp.,6199.0,Finance Services,finance/real estate,True,FL,FL,DE,True,False,False,False,False,False,False,False,2018-11-07,True,1.01;7.01;9.01,False,True,0001213900-25-041698,ea0241679-8k425_gryphon.htm,False,,False,False,69982876.0,2025-03-31,crypto treasury / digital assets,"n expected to provide Gryphon stockholders equity in a public vehicle with the goal of building the world’s largest, most efficient pure-play Bitcoin miner alongside a robust strategic Bitcoin reserve LAS VEGAS, NEVADA /",69982876.0,36391095.52,False,False,,0.0
GSIT,2025-10-20,2025-10-17,True,True,False,2.5531496062992125,2.137795275590551,2025-10-20,12.97,115840659.0,5.08,5.08,3-10,2140259.88,0.1140350877192983,0.3879781420765027,1.475828121830932,2024-10-01,7.5,18.15,12.97,1.5531496062992125,0.4763779527559055,0.7146005509641874,2.572834645669291,1502453347.23,-0.1626831148804935,,-0.0709329221279876,,-0.4294525828835774,,15.68,-0.2315051020408163,-0.5280612244897959,1126741.0,True,GSI TECHNOLOGY INC,3674.0,Semiconductors & Related Devices,tech/software/semis/telecom,False,CA,CA,DE,True,False,False,False,False,False,False,False,2004-04-13,False,,False,False,,,True,424B5,False,True,29090626.0,2025-07-31,no 8-K/6-K on run day,,29090626.0,147780380.08,False,False,,0.0
GTI,2024-12-24,2024-12-23,True,False,False,2.687224669603524,1.4911894273127757,2024-12-24,0.61,265479889.0,0.227,0.227,<1,775413.159,-0.704465564379638,-0.9233108108108108,1.7008030514821098,2024-10-01,0.2185,0.84,0.61,1.6872246696035242,-0.0374449339207049,0.7261904761904762,2.700440528634361,161942732.29,-0.4450819672131146,,0.639344262295082,,-0.4672131147540983,,0.5525,0.8099547511312217,-0.4117647058823529,1879373.0,True,GRAPHJET TECHNOLOGY,3620.0,Electrical Industrial Apparatus,other manufacturing,False,N8,Malaysia,N8,False,False,True,False,True,True,False,False,2021-09-10,False,,False,False,,,False,,False,True,146741306.0,2024-08-12,no 8-K/6-K on run day,,146741306.0,33310276.462,False,False,,
GV,2025-03-05,2025-03-04,True,True,False,2.8643410852713176,3.790697674418604,2025-03-05,3.695,188044772.0,1.29,1.29,1-3,150908.07,-0.0785714285714285,-0.1041666666666666,0.4589741104907303,2024-10-01,2.28,3.98,3.695,1.8643410852713176,0.7674418604651161,0.9283919597989948,2.085271317829457,694825432.54,0.3234100135317996,,0.6833558863328824,,-0.1623815967523679,,6.09,0.0213464696223317,-0.4917898193760263,1892274.0,True,Visionary Holdings Inc.,8200.0,Services-Educational Services,other services,False,A6,"Ontario, Canada",A6,False,False,False,False,False,False,True,False,2021-11-23,False,,False,False,,,False,,False,False,3774262.0,2024-08-12,no 8-K/6-K on run day,,3774262.0,4868797.98,False,False,,0.0
GV,2025-08-05,2025-08-04,False,True,False,1.898148148148148,2.0185185185185186,2025-08-06,2.18,37966675.0,1.08,1.08,1-3,79923.24,-0.2751677852348992,-0.4,0.7977366756426371,2024-10-01,1.08,2.24,2.05,0.8981481481481479,0.0,0.9151785714285712,1.074074074074074,77831683.75,-0.1330275229357799,,-0.1743119266055046,,-0.3211009174311927,,1.99,-0.0954773869346733,-0.2562814070351759,1892274.0,True,Visionary Holdings Inc.,8200.0,Services-Educational Services,other services,False,A6,"Ontario, Canada",A6,False,False,False,False,False,False,True,False,2021-11-23,False,,False,False,,,False,,False,False,3774262.0,2024-08-12,no 8-K/6-K on run day,,3774262.0,4076202.9600000004,False,False,,0.0
GV,2026-04-02,2026-04-01,True,False,False,2.1678048780487806,1.6780487804878048,2026-04-02,0.4444,579390187.572475,0.205,0.205,<1,3724667.15124794,-0.127659574468085,-0.7302986449151427,1.1089821855223485,2024-10-01,0.26815,0.5891,0.4444,1.1678048780487806,0.3080487804878049,0.754371074520455,1.8736585365853655,257480999.3572079,-0.225922592259226,,-0.3766876687668766,,-0.5477047704770477,,0.3446,-0.1961694718514218,-0.4167150319210678,1892274.0,True,Visionary Holdings Inc.,8200.0,Services-Educational Services,other services,False,A6,"Ontario, Canada",A6,False,False,False,False,False,False,True,False,2021-11-23,False,,False,False,,,False,,False,False,5607348.0,2025-03-31,no 8-K/6-K on run day,,5607348.0,1149506.3399999999,False,False,,0.0
GWAV,2024-12-03,2024-12-02,False,True,False,1.6849315068493151,2.032876712328767,2024-12-04,0.0049466666666666,512291140.0,0.0024333333333333,0.365,<1,1154159.565,0.1709977542508822,-0.0698267074413864,1.350913355525568,2024-10-01,0.0024666666666666,0.005838,0.0041,0.6849315068493151,0.0136986301369863,0.7022953066118534,1.399178082191781,315059051.1,0.1789757412398922,,-0.0566037735849056,,0.0528301886792452,,0.0054593333333333,-0.1451947734766149,-0.0460373671999023,1589149.0,True,"Greenwave Technology Solutions, Inc.",5051.0,Wholesale-Metals Service Centers & of fices,retail/wholesale,False,VA,VA,DE,True,False,False,False,False,False,False,True,2013-10-18,True,1.01;3.02;7.01;9.01,False,True,0001493152-24-048321,form8-k.htm,False,,False,True,22378762.0,2024-11-14,listing compliance / reverse split / financing,"4 ex99-1.htm Exhibit 99.1 Greenwave Technology Solutions (Nasdaq:GWAV) Secures Ownership of Key Real Estate, Saving $1.7M Annually and Boosting Strategic Opportunities December 2, 2024 – Chesapeake, VA – Greenwave Techno",22378762.0,8168248.13,True,False,,
GWAV,2025-10-14,2025-10-13,True,False,False,2.062279670975323,1.4336075205640422,2025-10-14,0.0010636363636363,25973819.0,0.0005157575757575,8.51,3-10,15590907.19,0.235123367198839,0.2874432677760967,19.53408900683774,2024-10-01,0.00104,0.0014545454545454,0.0010636363636363,1.062279670975323,1.0164512338425378,0.7312500000000001,1.8202115158636896,455840523.4500001,-0.3048433048433049,,-0.4883190883190882,,-0.6136752136752137,,0.000830909090909,-0.3450036469730123,-0.5054704595185996,1589149.0,True,"Greenwave Technology Solutions, Inc.",5051.0,Wholesale-Metals Service Centers & of fices,retail/wholesale,False,VA,VA,DE,True,False,False,False,False,False,False,False,2013-10-18,False,,False,False,,,False,,False,False,61169509.0,2025-04-27,no 8-K/6-K on run day,,556086.4454545454,4732295.650818181,False,True,1-for-110,0.0
GWH,2025-05-30,2025-05-29,True,False,False,2.073170731707317,1.7195121951219514,2025-05-30,0.1133333333333333,37690765.0,0.0546666666666666,0.82,<1,936212.86,-0.5543478260869565,-0.6339285714285715,6.514488124864308,2024-10-01,0.0607133333333333,0.1373333333333333,0.1133333333333333,1.0731707317073171,0.1106097560975609,0.8252427184466019,1.51219512195122,64074300.5,-0.1705882352941176,,-0.2823529411764706,,-0.2176470588235293,,0.1046666666666666,-0.2229299363057325,-0.1528662420382165,1819438.0,True,"ESS Tech, Inc.",3690.0,"Miscellaneous Electrical Machinery, Equipment & Supplies",other manufacturing,False,OR,OR,DE,True,False,True,False,False,True,False,False,2020-07-31,False,,False,False,,,False,,False,True,12103750.0,2025-05-12,no 8-K/6-K on run day,,12103750.0,9925075.0,False,False,,0.0
GWH,2025-10-10,2025-10-09,True,True,False,2.4186046511627906,5.261627906976745,2025-10-10,0.2773333333333333,280689218.0,0.1146666666666666,1.72,1-3,14721256.4,0.1241830065359477,0.2027972027972029,19.887356709639253,2024-10-01,0.242,0.3553333333333333,0.2773333333333333,1.4186046511627906,1.1104651162790695,0.7804878048780487,2.0988372093023258,1167667146.88,1.1754807692307696,,0.2692307692307694,,0.0673076923076925,,0.3866666666666666,-0.0896551724137929,-0.2344827586206895,1819438.0,True,"ESS Tech, Inc.",3690.0,"Miscellaneous Electrical Machinery, Equipment & Supplies",other manufacturing,False,OR,OR,DE,True,False,True,False,False,True,False,False,2020-07-31,False,,False,False,,,True,424B2,True,True,14189663.0,2025-08-11,no 8-K/6-K on run day,,14189663.0,24406220.36,False,False,,0.0
GXAI,2024-12-05,2024-12-04,False,True,False,1.109375,2.03125,2024-12-06,2.6,3247787.0,1.28,1.28,1-3,721116.16,0.024,-0.0791366906474819,0.1464093632011844,2024-10-01,1.27,1.48,1.42,0.109375,-0.0078125,0.9594594594594594,0.15625,4611857.54,0.5692307692307692,,0.3423076923076924,,0.05,,3.64,-0.0412087912087911,-0.25,1895618.0,True,GAXOS.AI INC.,7372.0,Services-Prepackaged Software,tech/software/semis/telecom,False,NJ,NJ,DE,True,False,True,True,False,True,False,False,2022-01-14,False,,False,False,,,True,S-3,False,False,2870773.0,2024-11-14,no 8-K/6-K on run day,,2870773.0,3674589.44,False,False,,
HBIO,2025-05-29,2025-05-28,True,False,False,2.357368976433345,1.642631023566655,2025-05-29,0.6702,633823883.0,0.2843,0.2843,<1,403230.3661,-0.1548751486325802,-0.2314138956474722,1.2277354377880303,2024-10-01,0.3101,0.9458,0.6702,1.357368976433345,0.0907492085824832,0.7086064707126243,2.3267674991206477,424788766.3866,-0.3031930766935243,,-0.3837660399880633,,-0.3082661891972545,,0.5701,-0.2755656902297844,-0.1868093316961937,1123494.0,True,HARVARD BIOSCIENCE INC,3826.0,Laboratory Analytical Instruments,other manufacturing,False,MA,MA,DE,True,False,False,False,False,False,False,False,2007-11-20,False,,False,False,,,False,,False,True,44213746.0,2025-05-05,no 8-K/6-K on run day,,44213746.0,12569967.9878,False,False,,0.0
HCAI,2026-04-07,2026-04-06,True,True,False,2.4233128834355826,2.630538513974097,2026-04-07,0.3555,492927533.76565,0.1467,0.1467,<1,988800.1548246116,0.0419034090909089,-0.2383177570093457,8.124658815666436,2025-02-05,0.4473,0.5441,0.3555,1.4233128834355826,2.0490797546012267,0.6533725418121669,2.70892978868439,175235738.25368854,0.0855133614627285,,-0.4008438818565401,,0.4805438349742148,,0.3864,-0.4487577639751553,0.3621463077984816,1958399.0,True,"Huachen AI Parking Management Technology Holding Co., Ltd",3990.0,Miscellaneous Manufacturing Industries,other manufacturing,False,,,,False,False,False,False,False,False,True,False,2023-12-19,False,,False,False,,,False,,False,False,30000000.0,2024-12-31,no 8-K/6-K on run day,,,,False,False,,0.0
HCAI,2026-04-30,2026-04-29,True,True,False,2.0018281535649,2.197440585009141,2026-04-30,0.365,45481825.265612,0.1823333333333333,5.47,3-10,59531.59004778999,-0.4383983572895277,0.2574712643678161,0.0086740555453315,2025-02-05,0.369,0.4816666666666666,0.365,1.0018281535648996,1.023765996343693,0.7577854671280277,1.6416819012797077,498025986.6584514,0.0977168949771689,,0.3242009132420091,,-0.2602739726027397,,0.3566666666666666,0.3551401869158879,-0.2429906542056075,1958399.0,True,"Huachen AI Parking Management Technology Holding Co., Ltd",3990.0,Miscellaneous Manufacturing Industries,other manufacturing,False,,,,False,False,False,False,False,False,True,False,2023-12-19,False,,False,False,,,False,,False,False,30000000.0,2024-12-31,no 8-K/6-K on run day,,,,False,True,1-for-30,0.0
HCTI,2024-10-28,2024-10-25,True,True,False,2.245250431778929,2.0898100172711573,2024-10-28,1.3,146378165.0,0.579,0.579,<1,3818086.383,0.2385026737967912,,,2024-10-01,1.04,1.9,1.3,1.2452504317789297,0.7962003454231434,0.6842105263157895,2.281519861830742,190291614.5,-0.0692307692307693,,-0.0153846153846154,,-0.3153846153846154,,1.14,0.1228070175438598,-0.219298245614035,1839285.0,True,"Healthcare Triangle, Inc.",7373.0,Services-Computer Integrated Systems Design,tech/software/semis/telecom,False,CA,CA,DE,True,False,False,False,False,False,False,False,2021-01-13,True,1.01;2.03;2.04;3.02;5.03;9.01,False,True,0001213900-24-090797,ea0218708-8k_health.htm,False,,False,False,5666781.0,2024-08-19,other,"false --12-31 0001839285 0001839285 2024-10-21 2024-10-21 iso4217:USD xbrli:shares iso4217:USD xbrli:shares UNITED STATES SECURITIES AND EXCHANGE COMMISSION Washington, D.C. 20549 Form 8-K CURRENT REPORT Pursuant to Sect",5666781.0,3281066.1989999996,False,False,,
HCTI,2025-06-12,2025-06-11,True,True,False,3.260869565217391,2.2065217391304346,2025-06-12,0.03,5747790606.0,0.0092,0.0092,<1,19635755.454,0.2957746478873237,-0.9568075117370892,4.443878710194606,2024-10-01,0.0332,0.0434,0.03,2.260869565217391,2.608695652173913,0.6912442396313364,3.717391304347826,172433718.18,-0.3233333333333333,,0.0,,-0.3033333333333333,,0.0265,0.1320754716981131,-0.2113207547169812,1839285.0,True,"Healthcare Triangle, Inc.",7373.0,Services-Computer Integrated Systems Design,tech/software/semis/telecom,False,CA,CA,DE,True,False,True,False,True,True,False,True,2021-01-13,False,,False,False,,,False,,False,True,408445597.0,2025-05-19,no 8-K/6-K on run day,,408445597.0,3757699.4924,True,False,,0.0
HCTI,2025-07-24,2025-07-23,True,True,False,2.1547619047619047,2.7182539682539684,2025-07-24,0.0543,3198861198.0,0.0252,0.0252,<1,23702954.4864,0.2115384615384616,-0.2363636363636364,4.763846003515409,2024-10-01,0.0344,0.06,0.0543,1.1547619047619049,0.3650793650793651,0.905,1.380952380952381,173698163.0514,0.2615101289134438,,-0.425414364640884,,-0.7966081637785026,,0.0739,-0.577807848443843,-0.8505524126275059,1839285.0,True,"Healthcare Triangle, Inc.",7373.0,Services-Computer Integrated Systems Design,tech/software/semis/telecom,False,CA,CA,DE,True,False,True,False,True,True,False,True,2021-01-13,False,,False,False,,,False,,False,False,408445597.0,2025-05-19,no 8-K/6-K on run day,,408445597.0,10292829.044400001,True,False,,0.0
HCWB,2024-11-18,2024-11-15,True,True,False,4.209097080787509,3.733876442634081,2024-11-18,1.24,512538781.0,0.2946,0.2946,<1,7640.745599999999,-0.2039989192110241,-0.4335704672178427,0.2660798465239626,2024-10-01,0.9105,2.52,1.24,3.209097080787509,2.0906313645621184,0.492063492063492,7.553971486761712,635548088.4399999,-0.1129032258064515,,-0.5098387096774193,,-0.7329032258064516,,1.41,-0.568936170212766,-0.7651063829787234,1828673.0,True,HCW Biologics Inc.,2834.0,Pharmaceutical Preparations,biotech/pharma/medtech,False,FL,FL,DE,True,False,False,False,False,False,False,False,2020-10-19,True,1.01;2.03,False,True,0000950170-24-127767,hcwb-20241118.htm,True,424B2,False,False,37823394.0,2024-11-11,other,"8-K false 0001828673 0001828673 2024-11-18 2024-11-18 UNITED STATES SECURITIES AND EXCHANGE COMMISSION WASHINGTON, D.C. 20549 FORM 8-K CURRENT REPORT Pursuant to Section 13 or 15(d) of the Securities Exchange Act of 1934",37823394.0,11142771.872399999,False,False,,
HCWB,2025-02-03,2025-01-31,True,False,False,2.285765636232926,1.9554277498202728,2025-02-03,0.6359,344645888.0,0.2782,0.2782,<1,27450.5504,-0.1879743140688849,-0.3763730105357543,0.3673304751355217,2024-10-01,0.9786,1.03,0.6359,1.285765636232926,2.5176132278936016,0.617378640776699,2.7023723939611792,219160320.1792,-0.1445195785500864,,-0.3333857524768046,,-0.439062745714735,,0.5186,-0.1826070188970303,-0.3121866563825684,1828673.0,True,HCW Biologics Inc.,2834.0,Pharmaceutical Preparations,biotech/pharma/medtech,False,FL,FL,DE,True,False,True,False,False,True,False,False,2020-10-19,True,7.01;9.01,False,True,0000950170-25-012021,hcwb-20250203.htm,False,,False,False,37823394.0,2024-11-11,FDA / clinical,"1 Clinical Trial This study will evaluate HCW9302 in patients with moderate to severe alopecia areata Miramar, FL – February 3, 2025 – HCW Biologics Inc. (“HCWB” or the “Company”) (NASDAQ: HCWB), a U.S.-based clinical-st",37823394.0,10522468.2108,False,False,,
HCWB,2026-05-15,2026-05-14,True,True,False,3.6201780415430265,3.9762611275964392,2026-05-15,0.0305,394923436.367322,0.008425,0.337,<1,11845596.564454,0.0521386200437092,-0.1957040572792362,16.996458929385916,2024-10-01,0.02775,0.0355,0.0305,2.6201780415430265,2.293768545994065,0.8591549295774649,3.213649851632047,481806592.3681329,0.098360655737705,,1.3688524590163935,,0.0,,0.0287499999999999,1.5130434782608702,0.0608695652173914,1828673.0,True,HCW Biologics Inc.,2834.0,Pharmaceutical Preparations,biotech/pharma/medtech,False,FL,FL,DE,True,False,True,False,True,True,False,True,2020-10-19,True,2.02;9.01,False,True,0001493152-26-023122,form8-k.htm,False,,False,False,6734104.0,2026-05-14,FDA / clinical,"2 ex99-1.htm EX-99.1 EXHIBIT 99.1 HCW Biologics Reports First Quarter 2026 Business Highlights and Financial Results Miramar, FL – May 14, 2026 – HCW Biologics Inc. (the “Company” or “HCW Biologics”) (NASDAQ: HCWB), a cl",6734104.0,2269393.048,True,False,,0.0
HEES,2025-01-14,2025-01-13,True,True,True,2.054847519344561,2.0254893035958124,2025-01-14,90.29,13288156.0,43.94,43.94,>10,13664329.38,-0.1005117707267144,-0.2251124239485054,1.3171770258018485,2024-10-01,90.47,90.66,90.29,1.0548475193445612,1.0589440145653164,0.9959188175601148,1.0632680928538916,1199787605.24,-0.0142872964890907,,-0.0116291948167018,,-0.0307896777051722,,90.3,-0.0117386489479512,-0.0308970099667773,1339605.0,True,"H&E Equipment Services, Inc.",7350.0,Services-Miscellaneous Equipment Rental & Leasing,other services,False,LA,LA,,True,False,False,False,False,False,False,False,2009-11-10,True,1.01;5.02;5.03;8.01;9.01,False,True,0001193125-25-005785,d866014d8k.htm,False,,False,False,36610928.0,2024-10-22,merger / acquisition / buyout,"03 622-6080 unitedrentals.com United Rentals to Acquire H&E Equipment Services, Inc. $4.8 billion transaction will expand capacity in strategic U.S. markets and provides attractive risk-adjusted returns STAMFORD, Conn. &",36610928.0,1608684176.32,False,False,,
HIMZ,2026-03-09,2026-03-06,False,True,False,1.8125,2.026785714285714,2026-03-10,2.27,178503716.612637,1.12,1.12,1-3,54210552.05121024,0.1522633744855968,-0.6049382716049383,1.2464460699894333,2025-03-13,2.18,2.205,2.03,0.8124999999999996,0.9464285714285714,0.9206349206349204,0.9687499999999998,362362544.7236531,0.198237885462555,,0.1013215859030836,,-0.3769666456891126,,2.18,0.146788990825688,-0.3512450851900393,,False,,,,,,,,,,,,,,,,,,,,,,,,,,,,,,no 8-K/6-K on run day,,,,,False,,1.0
HKIT,2026-06-10,2026-06-09,False,True,False,1.597069597069597,2.0476190476190474,2026-06-11,0.0037266666666666,244418156.083414,0.00182,0.273,<1,7719238.0400556335,-0.5596774193548386,-0.8621212121212122,1.8049610873223063,2024-10-01,0.0027066666666666,0.0043333333333333,0.0029066666666666,0.597069597069597,0.4871794871794872,0.6707692307692307,1.380952380952381,106566316.05236848,-0.101073345259392,,-0.4243291592128803,,-0.7194991055456171,,0.0038726666666666,-0.446032019280427,-0.7300740230676536,1742341.0,True,"Biddance AI Systems, Inc.",7372.0,Services-Prepackaged Software,tech/software/semis/telecom,False,,,E9,False,False,True,False,False,True,True,False,2018-07-13,False,,False,False,,,False,,False,True,10987679.0,2022-12-31,no 8-K/6-K on run day,,,,False,True,1-for-3;1-for-50,0.0
HOLO,2024-12-30,2024-12-27,True,True,False,2.6708333333333334,2.0541666666666667,2024-12-30,0.3205,221846155.0,0.12,2.4,1-3,135953532.0,0.7391304347826089,0.1650485436893203,11.80986505258194,2024-10-01,0.2255,0.3905,0.3205,1.6708333333333334,0.8791666666666669,0.8207426376440461,2.254166666666667,1422033853.55,-0.2308892355694227,,-0.5288611544461778,,-0.7519500780031201,,0.3445,-0.5616835994194485,-0.7692307692307692,1841209.0,True,MicroCloud Hologram Inc.,7370.0,"Services-Computer Programming, Data Processing, Etc.",tech/software/semis/telecom,False,NY,NY,E9,True,False,True,False,False,True,True,False,2021-02-02,False,,False,False,,,True,424B5,False,False,5941204.0,2023-12-31,no 8-K/6-K on run day,,297060.2,712944.48,False,True,1-for-20,
HOTH,2025-01-07,2025-01-06,True,True,False,2.781844802342606,2.318204001952172,2025-01-07,2.28,417872674.0,0.8196,0.8196,<1,72187.9092,0.0589147286821705,-0.0166766646670666,0.1588830759858757,2024-10-01,1.67,3.8,2.28,1.781844802342606,1.0375793069790142,0.6,3.636408003904344,952749696.72,-0.1666666666666666,,-0.337719298245614,,-0.4736842105263158,,1.8,-0.1611111111111111,-0.3333333333333333,1711786.0,True,Rocket One Inc.,2834.0,Pharmaceutical Preparations,biotech/pharma/medtech,False,NJ,NJ,NV,True,False,True,False,False,True,False,False,2017-07-14,False,,False,False,,,False,,False,False,6903804.0,2024-11-08,no 8-K/6-K on run day,,6903804.0,5658357.7584,False,False,,
HOUR,2024-12-24,2024-12-23,True,True,False,3.076923076923077,2.503496503496504,2024-12-24,4.4,97521350.0,1.43,1.43,1-3,42588.26,-0.0592105263157894,-0.0402684563758389,1.464925073966862,2024-10-01,2.1,6.9,4.4,2.076923076923077,0.4685314685314687,0.6376811594202899,3.825174825174826,429093940.00000006,-0.1863636363636364,,-0.415909090909091,,-0.5454545454545454,,3.8,-0.3236842105263158,-0.4736842105263158,1874875.0,True,"Hour Loop, Inc",5961.0,Retail-Catalog & Mail-Order Houses,retail/wholesale,False,WA,WA,DE,True,False,False,False,False,False,False,False,2021-07-29,False,,False,False,,,False,,False,True,35143460.0,2024-11-12,no 8-K/6-K on run day,,35143460.0,50255147.8,False,False,,
HOUR,2025-09-04,2025-09-03,False,True,False,1.4881889763779526,2.874015748031496,2025-09-05,3.65,9143936.0,1.27,1.27,1-3,48624.49,-0.1644736842105263,-0.2701149425287356,1.478051398062825,2024-10-01,1.24,1.9,1.89,0.4881889763779525,-0.0236220472440945,0.9947368421052633,0.4960629921259842,17282039.04,0.5616438356164384,,-0.0164383561643836,,-0.221917808219178,,5.33,-0.3264540337711069,-0.4671669793621014,1874875.0,True,"Hour Loop, Inc",5961.0,Retail-Catalog & Mail-Order Houses,retail/wholesale,False,WA,WA,DE,True,False,False,False,False,False,False,False,2021-07-29,False,,False,False,,,False,,False,True,35171565.0,2025-08-12,no 8-K/6-K on run day,,35171565.0,44667887.55,False,False,,0.0
HOWL,2026-08-21,2026-08-20,True,True,True,2.025742115027829,2.0484693877551017,2026-08-21,0.8735,296734530.912567,0.4312,0.4312,<1,28468414.936798148,0.117098445595855,0.1971127151582454,110.4988137085386,2024-10-01,0.98,1.05,0.8735,1.0257421150278292,1.2727272727272725,0.8319047619047619,1.435064935064935,259197612.7521273,0.0112192329708069,,0.0799084144247281,,0.1219232970807095,,0.85,0.1097647058823529,0.1529411764705881,1785530.0,True,"Werewolf Therapeutics, Inc.",2834.0,Pharmaceutical Preparations,biotech/pharma/medtech,False,MA,MA,DE,True,False,False,False,False,False,False,False,2019-08-15,True,1.01;3.02;7.01;9.01,False,True,0001193125-26-360059;0001193125-26-359185,d102535d8k.htm;d141219d8k.htm,False,,False,True,48599066.0,2026-07-27,FDA / clinical,ding CRPS-1 • Concurrent oversubscribed private placement of $150 million from a syndicate of leading healthcare-dedicated investors expected to fund company operations through CRPS-RISE Phase 3 topline results and plann,48599066.0,20955917.259200003,False,False,,0.0
HRYU,2024-10-28,2024-10-25,True,False,False,2.2508849557522126,1.1181415929203538,2024-10-28,0.5087,93047040.0,0.226,0.226,<1,127117.09,0.1029178521406855,,,2024-10-01,0.24,0.75,0.5087,1.2508849557522126,0.0619469026548671,0.6782666666666667,2.31858407079646,47333029.248,-0.5032435620208375,,-0.4367996854727738,,-0.5712600747002163,,0.29,-0.0120689655172413,-0.2479310344827586,1911545.0,True,"Global Interactive Technologies, Inc.",7370.0,"Services-Computer Programming, Data Processing, Etc.",tech/software/semis/telecom,False,M5,"Korea, Republic of",X1,False,False,False,False,False,False,False,False,2022-02-16,False,,False,False,,,False,,False,False,52808589.0,2024-10-15,no 8-K/6-K on run day,,52808589.0,11934741.114,False,False,,
HSDT,2024-12-20,2024-12-19,False,True,False,1.8958333333333333,2.0,2024-12-23,0.96,122251520.0,0.48,0.48,<1,19001.28,-0.1013760179724797,0.0614772224679345,0.1662238760908625,2024-10-01,1.03,1.45,0.91,0.8958333333333335,1.1458333333333337,0.6275862068965518,2.020833333333333,111248883.2,0.0625,,-0.3017708333333333,,-0.2864583333333332,,0.9138,-0.26646968702123,-0.2503830159772378,1610853.0,True,Solana Co,6199.0,Finance Services,finance/real estate,False,PA,PA,DE,True,False,False,False,False,False,False,True,2014-06-16,False,,False,False,,,False,,False,False,3728172.0,2024-11-07,no 8-K/6-K on run day,,3728172.0,1789522.5599999998,True,False,,
HSDT,2025-09-15,2025-09-12,True,True,False,2.416666666666667,2.953703703703704,2025-09-15,0.02436,20034258.0,0.0100799999999999,7.56,3-10,1417628.52,0.2727272727272725,0.2558139534883719,5.97713276638064,2024-10-01,0.0324,0.0326533333333333,0.02436,1.416666666666667,2.2142857142857144,0.7460187831768068,2.2394179894179898,366025893.66,0.2222222222222221,,-0.1231527093596059,,-0.120415982484948,,0.0249066666666666,-0.1423982869379014,-0.1397216274089935,1610853.0,True,Solana Co,6199.0,Finance Services,finance/real estate,False,PA,PA,DE,True,False,True,False,False,True,False,True,2014-06-16,True,1.01;3.02;7.01;8.01;9.01,False,True,0001104659-25-089778;0001104659-25-089774,tm2526081d1_8k.htm;tm2526070d1_8k.htm,False,,True,True,1077257.0,2025-08-08,listing compliance / reverse split / financing,"by incoming Director and Executive Chairman Joseph Chee (Founder and Chairman of Summer Capital and Former Head of Investment Banking, Asia at UBS), Board Observer Cosmo Jiang (General Partner at Pantera Capital) and adv",1077257.0,8144062.92,True,True,1-for-50,0.0
HTCO,2026-04-27,2026-04-24,True,False,False,3.397333333333333,0.7191111111111111,2026-04-27,1.5288,14367193.210491,0.45,11.25,>10,8050758.318326251,0.0349586016559337,0.5845070422535212,1.9229881747289683,2024-10-01,0.52,2.2636000000000003,1.5288,2.397333333333333,0.1555555555555556,0.6753843435235907,4.030222222222223,549114124.504966,-0.7883307169021454,,-0.8074306645735218,,-0.8513867085295657,,1.238,-0.7621970920840064,-0.8164781906300485,1928948.0,True,High-Trend International Group,4412.0,Deep Sea Foreign Transportation of  Freight,shipping/water transport,False,,,E9,False,False,False,False,False,False,True,False,2022-05-13,False,,False,False,,,False,,False,False,6632441.0,2025-10-31,no 8-K/6-K on run day,,6632441.0,74614961.25,False,False,,0.0
HTCR,2025-08-22,2025-08-21,False,True,False,1.17124394184168,2.0678513731825525,2025-08-25,1.28,10699720.0,0.619,0.619,<1,480680.736,0.238,0.1933680354732985,8.583029333728287,2024-10-01,0.68,0.917,0.725,0.17124394184168,0.0985460420032311,0.7906215921483096,0.4814216478190631,7757297.0,0.0078125,,-0.203125,,-0.2996875,,1.18,-0.135593220338983,-0.2403389830508474,1892322.0,True,"HeartCore Enterprises, Inc.",7374.0,Services-Computer Processing & Data Preparation,tech/software/semis/telecom,False,,,DE,False,False,True,False,True,False,False,False,2021-11-12,False,,False,False,,,True,S-1/A,False,True,23310770.0,2025-08-13,no 8-K/6-K on run day,,23310770.0,14429366.629999999,False,False,,0.0
HTZ,2025-04-16,2025-04-15,False,True,False,1.5643835616438355,2.2575342465753425,2025-04-17,8.24,91393884.0,3.65,3.65,3-10,23849446.75,0.0,0.0488505747126437,0.5622559400790166,2024-10-01,4.355,5.77,5.71,0.5643835616438357,0.193150684931507,0.9896013864818024,0.580821917808219,521859077.64,-0.049757281553398,,0.0072815533980583,,-0.191747572815534,,7.33,0.1323328785811732,-0.0914051841746248,1657853.0,True,"HERTZ GLOBAL HOLDINGS, INC",7510.0,Services-Auto Rental & Leasing (No Drivers),other services,False,FL,FL,DE,True,False,False,False,False,False,False,False,2015-12-21,False,,False,False,,,False,,False,True,306833824.0,2025-02-06,no 8-K/6-K on run day,,306833824.0,1119943457.6,False,False,,0.0
HUBC,2024-12-27,2024-12-26,False,True,False,1.6666666666666663,2.215686274509804,2024-12-30,1.13,25421945.0,0.51,0.51,<1,397871.91,0.02,-0.0116279069767442,0.7157911928178748,2024-10-01,0.56,1.08,0.85,0.6666666666666665,0.0980392156862746,0.787037037037037,1.1176470588235294,21608653.25,-0.3893805309734512,,-0.397787610619469,,-0.3993805309734513,,1.01,-0.3262376237623762,-0.3280198019801981,1905660.0,True,Hub Cyber Security Ltd.,3576.0,Computer Communications Equipment,tech/software/semis/telecom,False,L3,Israel,L3,False,False,False,False,False,False,True,False,2022-03-23,False,,False,False,,,True,F-1/A,False,False,30459736.0,2024-08-13,no 8-K/6-K on run day,,30459736.0,15534465.36,False,False,,
HUBC,2026-04-07,2026-04-06,False,True,False,1.5540540540540542,2.672972972972973,2026-04-08,0.0013186666666666,274392376.699515,0.0004933333333333,0.074,<1,894258.8067859199,-0.4359756097560976,-0.9281553398058252,0.6514615235118884,2024-10-01,0.0005453333333333,0.00095,0.0007666666666666,0.5540540540540542,0.1054054054054052,0.8070175438596493,0.9256756756756755,31555123.320444223,-0.4271991911021234,,0.314459049544995,,-0.966835187057634,,0.0008406666666666,1.061855670103093,-0.9479777954004758,1905660.0,True,Hub Cyber Security Ltd.,3576.0,Computer Communications Equipment,tech/software/semis/telecom,False,L3,Israel,L3,False,False,False,False,False,False,True,False,2022-03-23,False,,True,True,0001213900-26-040993,ea0285404-01.htm,False,,False,False,10047296.0,2025-04-28,other,"2 ea028540401ex99-1.htm PROXY STATEMENT FOR THE MEETING TO BE HELD ON APRIL 20, 2026. Exhibit 99.1 HUB Cyber Security Ltd. April 7, 2026 Dear Shareholder, You are cordially invited to attend a Special General Meeting of ",669819.7333333333,49566.66026666666,False,True,1-for-15,0.0
HUBC,2026-05-29,2026-05-28,True,True,False,2.3736363636363635,4.681818181818183,2026-05-29,3.4813333333333334e-05,1368718008.020387,1.4666666666666668e-05,0.11,<1,15695844.70330206,-0.1406249999999999,-0.89,3.976239643348603,2024-10-01,5.1733333333333335e-05,8.4092e-05,3.4813333333333334e-05,1.3736363636363635,2.527272727272727,0.4139910257020089,4.733545454545453,357372271.894123,0.97242435848334,,-0.268479509766373,,-0.7184986595174263,,7.048e-05,-0.6386681800983731,-0.8609534619750283,1905660.0,True,Hub Cyber Security Ltd.,3576.0,Computer Communications Equipment,tech/software/semis/telecom,False,L3,Israel,L3,False,False,False,False,False,False,True,False,2022-03-23,False,,False,False,,,False,,False,True,10047296.0,2025-04-28,no 8-K/6-K on run day,,13396.394666666667,1473.6034133333335,False,True,1-for-50,0.0
HURA,2026-02-09,2026-02-06,False,True,False,1.2879173290937995,2.066772655007949,2026-02-10,2.6,4667248.0,1.258,0.629,<1,1449880.853,0.1754812184638385,-0.1663353214049038,1.579281030392015,2024-10-18,1.3004,1.6994,1.6202,0.2879173290937997,0.0337042925278219,0.9533953159938804,0.3508744038155802,3780937.6048,-0.0076923076923076,,-0.1346153846153847,,0.5384615384615383,,2.96,-0.2398648648648648,0.3513513513513513,1498382.0,True,"TuHURA Biosciences, Inc./NV",2834.0,Pharmaceutical Preparations,biotech/pharma/medtech,False,FL,FL,NV,True,False,True,False,False,True,False,False,2010-08-17,False,,False,False,,,False,,False,True,51258085.0,2025-11-11,no 8-K/6-K on run day,,51258085.0,32241335.465,False,False,,0.0
HUSA,2025-06-13,2025-06-12,True,False,False,2.1918767507002803,1.484593837535014,2025-06-13,1.5650000000000002,28872957.0,0.714,7.14,3-10,45647883.54,0.4875,0.0576210931713818,77.73681417434575,2024-10-01,1.286,1.974,1.5650000000000002,1.1918767507002803,0.8011204481792717,0.7928064842958461,1.7647058823529411,451861777.05,-0.3226837060702876,,0.184664536741214,,-0.3130990415335464,,1.388,0.3357348703170029,-0.2255043227665707,1156041.0,True,"ABUNDIA GLOBAL IMPACT GROUP, INC.",1311.0,Crude Petroleum & Natural Gas,mining/energy,False,TX,TX,DE,True,False,False,False,False,False,False,False,2001-08-03,False,,False,False,,,True,424B3,False,True,15686533.0,2025-05-09,no 8-K/6-K on run day,,1568653.3,11200184.561999999,False,True,1-for-10,0.0
HWH,2025-09-02,2025-08-29,True,True,False,3.2777777777777777,3.0763888888888893,2025-09-02,0.944,323395860.0,0.288,1.44,1-3,11249330.4,0.0510948905109487,0.0510948905109487,72.25223983714648,2024-10-01,0.486,1.554,0.944,2.2777777777777777,0.6875000000000002,0.6074646074646074,4.395833333333334,1526428459.1999998,-0.0614406779661016,,-0.069915254237288,,-0.4194915254237287,,0.914,-0.039387308533917,-0.400437636761488,1897245.0,True,HWH International Inc.,5122.0,"Wholesale-Drugs, Proprietaries & Druggists' Sundries",biotech/pharma/medtech,False,MD,MD,NV,True,False,False,False,False,False,False,True,2021-12-20,False,,False,False,,,False,,False,False,6476400.0,2025-08-13,no 8-K/6-K on run day,,6476400.0,9326016.0,True,False,,0.0
HXHX,2025-12-22,2025-12-19,True,True,False,3.739130434782609,2.5217391304347827,2025-12-22,1.29,323488310.0,0.345,0.345,<1,19903.395,-0.2241960872498314,-0.3642896627971255,0.4958399244349272,2025-04-15,0.5199,1.47,1.29,2.739130434782609,0.5069565217391305,0.8775510204081634,3.260869565217392,417299919.9,-0.3255813953488372,,-0.4642635658914729,,-0.622015503875969,,0.65,0.0632307692307692,-0.2498461538461539,1936817.0,True,Haoxin Holdings Ltd,4210.0,Trucking & Courier Services (No Air),other,False,F4,China,F4,False,True,False,False,False,False,True,True,2022-09-09,False,,False,False,,,False,,False,False,,,no 8-K/6-K on run day,,,,True,False,,1.0
HXHX,2026-06-09,2026-06-08,False,True,False,1.278700906344411,2.215508559919436,2026-06-10,0.88,30403680.435991,0.3972,0.3972,<1,2784038.7351855924,-0.1163515016685206,-0.1365217391304348,9.160672343095715,2025-04-15,0.4669,0.6467,0.5079,0.278700906344411,0.1754783484390734,0.7853718880470079,0.6281470292044311,15442029.29343983,-0.3188636363636363,,-0.4946590909090909,,-0.3465909090909091,,0.5889,-0.2448633044659535,-0.0236033282390898,1936817.0,True,Haoxin Holdings Ltd,4210.0,Trucking & Courier Services (No Air),other,False,F4,China,F4,False,True,False,False,False,False,True,False,2022-09-09,False,,False,False,,,False,,False,False,,,no 8-K/6-K on run day,,,,False,False,,0.0
HYFM,2026-08-03,2026-07-31,True,True,True,3.981481481481481,3.555555555555556,2026-08-03,0.215,146252545.102716,0.054,0.54,<1,117687.20445,-0.1767037658179601,-0.314720812182741,7.295011306724587,2024-10-01,0.311,0.32,0.215,2.981481481481481,4.759259259259259,0.6718749999999999,4.925925925925927,314442971.9708394,-0.1069767441860465,,-0.0930232558139534,,-0.5749302325581395,,0.163,0.1963190184049079,-0.439325153374233,1695295.0,True,"HYDROFARM HOLDINGS GROUP, INC.",5190.0,Wholesale-Miscellaneous Nondurable Goods,retail/wholesale,False,PA,PA,DE,True,False,False,False,False,False,False,False,2017-04-25,False,,False,False,,,False,,False,True,4764612.0,2026-05-11,no 8-K/6-K on run day,,4764612.0,2572890.48,False,False,,0.0
IBG,2025-04-02,2025-04-01,True,True,False,2.536525974025974,2.150974025974026,2025-04-02,1.25,219088166.0,0.4928,0.4928,<1,5295409.9968,-0.080768513337064,0.0098360655737705,63.777182541684496,2024-10-01,1.51,1.97,1.25,1.5365259740259738,2.0641233766233764,0.6345177664974619,2.997564935064935,273860207.5,-0.1519999999999999,,-0.504,,-0.44,,0.78,-0.2051282051282051,-0.1025641025641026,1924482.0,True,Innovation Beverage Group Ltd,2080.0,Beverages,other manufacturing,False,,,C3,False,False,False,False,False,False,True,True,2022-05-05,False,,False,False,,,False,,False,False,,,no 8-K/6-K on run day,,,,True,False,,0.0
IBG,2025-07-14,2025-07-11,False,True,False,1.745762711864407,2.389830508474576,2025-07-15,1.41,83198506.0,0.59,0.59,<1,1635821.02,0.0535714285714283,-0.0923062958558398,43.77812339636048,2024-10-01,0.58,1.41,1.03,0.745762711864407,-0.0169491525423729,0.7304964539007093,1.389830508474576,85694461.18,-0.2482269503546098,,-0.5460992907801419,,-0.5314184397163121,,1.265,-0.4940711462450592,-0.4777075098814229,1924482.0,True,Innovation Beverage Group Ltd,2080.0,Beverages,other manufacturing,False,,,C3,False,False,False,False,False,False,True,True,2022-05-05,False,,False,False,,,False,,False,False,8673857.0,2024-12-31,no 8-K/6-K on run day,,8673857.0,5117575.63,True,False,,0.0
IBG,2025-09-23,2025-09-22,True,False,False,2.0506637767542677,1.9425629910593336,2025-09-23,0.7569,220520984.0,0.3691,0.3691,<1,72621.9014,-0.053832350679313,-0.3514320857494289,0.3166968266979252,2024-10-01,1.05,1.3,0.7569,1.0506637767542673,1.844757518287727,0.5822307692307692,2.5220807369276623,166912332.7896,-0.0527150217994452,,0.159994715286035,,0.062227506936187,,0.739,0.1880920162381596,0.0879566982408659,1924482.0,True,Innovation Beverage Group Ltd,2080.0,Beverages,other manufacturing,False,,,C3,False,False,False,False,False,False,True,True,2022-05-05,False,,True,True,0001731122-25-001283,e6866_6k.htm,False,,False,False,8673857.0,2024-12-31,merger / acquisition / buyout,"ex99-1.htm EXHIBIT 99.1 EXHIBIT 99.1 Innovation Beverage Group Enters into Letter of Intent for Potential Merger with BlockFuel Energy, Inc. Sydney, Australia, September 23, 2025 —Innovation Beverage Group Ltd, (“IBG” or",8673857.0,3201520.6187,True,False,,0.0
IBO,2025-03-20,2025-03-19,True,True,False,3.924528301886793,9.358490566037736,2025-03-20,2.08,30679574.0,0.53,0.53,<1,12948.43,-0.2020475760313158,-0.735,0.7791739754425131,2024-10-01,0.53,2.48,2.08,2.9245283018867925,0.0,0.8387096774193549,3.679245283018868,63813513.92,1.3846153846153846,,0.096153846153846,,-0.8064423076923077,,3.16,-0.2784810126582279,-0.8725949367088608,1834105.0,True,IMPACT BIOMEDICAL INC.,2834.0,Pharmaceutical Preparations,biotech/pharma/medtech,False,TX,TX,NV,True,False,False,False,False,False,False,True,2021-02-12,False,,False,False,,,False,,False,False,11503955.0,2024-10-25,no 8-K/6-K on run day,,11503955.0,6097096.15,True,False,,0.0
IBO,2025-04-04,2025-04-03,True,False,False,2.0747844827586204,1.871336206896552,2025-04-04,0.9627,116442391.0,0.464,0.464,<1,5284534.512,-0.7964912280701755,-0.6165289256198347,0.9847629003669915,2024-10-01,1.03,1.07,0.9627,1.0747844827586204,1.2198275862068964,0.8997196261682242,1.3060344827586206,112099089.8157,-0.0980575464838475,,-0.4857172535577023,,-0.3767528825179184,,0.8127,-0.3907961117263443,-0.2617201919527501,1834105.0,True,IMPACT BIOMEDICAL INC.,2834.0,Pharmaceutical Preparations,biotech/pharma/medtech,False,TX,TX,NV,True,False,False,False,False,False,False,True,2021-02-12,True,1.01,False,True,0001641172-25-002577,form8-k.htm,False,,False,True,12085412.0,2025-02-26,other,"false 0001834105 0001834105 2025-04-03 2025-04-03 iso4217:USD xbrli:shares iso4217:USD xbrli:shares UNITED STATES SECURITIES AND EXCHANGE COMMISSION Washington, D.C. 20549 FORM 8-K CURRENT REPORT Pursuant to Section 13 o",12085412.0,5607631.1680000005,True,False,,0.0
IBO,2025-06-23,2025-06-20,True,True,False,4.446285556476112,2.31980115990058,2025-06-23,1.61,427611609.0,0.3621,0.3621,<1,122100.4821,-0.2336507936507936,-0.3702608695652174,1.0736696978959703,2024-10-01,1.08,1.95,1.61,3.446285556476112,1.982601491300746,0.8256410256410257,4.385252692626347,688454690.49,-0.4782608695652174,,-0.5980124223602485,,-0.5563354037267081,,1.13,-0.4272566371681415,-0.3678761061946901,1834105.0,True,IMPACT BIOMEDICAL INC.,2834.0,Pharmaceutical Preparations,biotech/pharma/medtech,False,TX,TX,NV,True,False,False,False,False,False,False,True,2021-02-12,True,1.01;7.01;9.01,False,True,0001641172-25-016002,form8-k.htm,False,,False,True,12085412.0,2025-05-12,merger / acquisition / buyout,"5 ex99-1.htm EX-99.1 Exhibit 99.1 Dr Ashleys Limited and Impact BioMedical Inc. Announce Strategic Merger ● A Strategic Move to Accelerate Market Reach for Innovative Pharmaceutical Patents on June 21, 2025 [(",12085412.0,4376127.6852,True,False,,0.0
ICCM,2026-06-17,2026-06-16,True,True,False,3.0046948356807515,2.5352112676056344,2026-06-17,0.2133333333333333,152922485.270498,0.071,2.13,1-3,205412.02529493,-0.2419928825622775,-0.6772727272727272,0.9205998270276816,2024-10-01,0.141,0.3179999999999999,0.2133333333333333,2.0046948356807515,0.9859154929577468,0.6708595387840672,3.478873239436619,978703905.7311872,-0.15625,,0.0968749999999998,,-0.4296875000000001,,0.217,0.0783410138248847,-0.4393241167434716,1584371.0,True,IceCure Medical Ltd.,3841.0,Surgical & Medical Instruments & Apparatus,biotech/pharma/medtech,False,,,L3,False,False,True,True,True,True,True,False,2013-09-12,False,,False,False,,,True,F-3,False,True,73122293.0,2025-12-31,no 8-K/6-K on run day,,2437409.7666666666,5191682.802999999,False,True,1-for-30,0.0
ICCT,2025-03-31,2025-03-28,True,True,False,7.540614964081089,15.889152960028008,2025-03-31,0.112,406224475.0,0.0148529,0.297058,<1,1227318.89164,-0.3538003045464434,-0.619741423451101,5.248357530272267,2024-10-01,0.03658,0.1185,0.112,6.540614964081089,1.4628187088043414,0.9451476793248946,6.97823993967508,909942824.0,1.1071428571428568,,1.2812499999999996,,-0.0089285714285713,,0.158,0.6170886075949364,-0.2974683544303798,1906133.0,True,iCoreConnect Inc.,7372.0,Services-Prepackaged Software,tech/software/semis/telecom,False,FL,FL,DE,True,False,True,False,True,True,False,False,2022-01-21,False,,False,False,,,False,,False,True,24323510.0,2024-11-18,no 8-K/6-K on run day,,1216175.5,361274.661679,False,False,,0.0
IDAI,2024-11-26,2024-11-25,True,True,False,2.0277777777777777,4.666666666666667,2024-11-26,0.365,560179258.0,0.18,0.18,<1,765079.38,-0.0575916230366492,-0.1978609625668449,1.543177978542757,2024-10-01,0.3609,0.4859,0.365,1.0277777777777777,1.005,0.7511833710640049,1.6994444444444443,204465429.17,1.3013698630136985,,0.479178082191781,,0.4794520547945207,,0.6974,-0.2258388299397762,-0.2256954402064811,1718939.0,True,T Stamp Inc,7372.0,Services-Prepackaged Software,tech/software/semis/telecom,False,GA,GA,DE,True,False,True,True,False,True,False,False,2019-12-30,False,,False,False,,,True,424B5;EFFECT;S-3/A,False,True,23145179.0,2024-11-14,no 8-K/6-K on run day,,23145179.0,4166132.2199999997,False,False,,
IDAI,2024-12-27,2024-12-26,False,True,False,1.3148148148148149,2.222222222222222,2024-12-30,1.2,46887868.0,0.54,0.54,<1,4603853.16,0.4396161023727007,0.4794520547945207,0.1630311889323229,2024-10-01,0.8109,0.86,0.71,0.3148148148148146,0.5016666666666665,0.8255813953488372,0.5925925925925926,33290386.28,-0.264,,-0.6016666666666667,,-0.7944444444444444,,0.98,-0.5122448979591837,-0.7482993197278911,1718939.0,True,T Stamp Inc,7372.0,Services-Prepackaged Software,tech/software/semis/telecom,False,GA,GA,DE,True,False,True,True,False,True,False,False,2019-12-30,False,,False,False,,,False,,False,True,23145179.0,2024-11-14,no 8-K/6-K on run day,,23145179.0,12498396.66,False,False,,
IMCC,2025-05-28,2025-05-27,False,True,False,1.4491978609625669,2.6684491978609626,2025-05-29,0.8316666666666667,3155979.0,0.3116666666666666,1.87,1-3,31161.68,0.2110614597500162,0.2986111111111111,1.1189825477937967,2024-10-01,0.3627666666666667,0.6216666666666666,0.4516666666666666,0.4491978609625668,0.163957219251337,0.7265415549597856,0.9946524064171124,8552703.09,0.2424849699398796,,-0.4288577154308617,,-0.4699398797595191,,0.7383333333333333,-0.3566591422121896,-0.4029345372460496,1792030.0,True,IM Cannabis Corp.,2833.0,Medicinal Chemicals & Botanical Products,other manufacturing,False,L3,Israel,A1,False,False,False,False,False,False,True,False,2019-10-24,False,,True,True,0001178913-25-001983,zk2533287.htm,False,,False,False,3085452.0,2024-12-31,listing compliance / reverse split / financing,"2 exhibit_99-1.htm EXHIBIT 99.1 Exhibit 99.1 IM Cannabis Announces Plans to Voluntarily Delist from the Canadian Securities Exchange TORONTO and GLIL YAM, Israel, May 28, 2025 /CNW/ -- IM Cannabis Corp. (the “ Company ” ",3085452.0,5769795.24,False,False,,0.0
IMCC,2026-09-18,2026-09-17,True,False,False,2.431034482758621,1.7729885057471266,2026-09-18,0.0235,104981193.882941,0.0096666666666666,1.74,1-3,765603.4914666,-0.0057142857142856,-0.4528301886792453,6.286069557946357,2024-10-01,0.018,0.0480555555555555,0.0235,1.431034482758621,0.8620689655172415,0.4890173410404624,3.971264367816092,444070450.1248405,-0.2706855791962176,,-0.3286052009456265,,,beyond_data,0.0176666666666666,-0.1069182389937106,,1792030.0,True,IM Cannabis Corp.,2833.0,Medicinal Chemicals & Botanical Products,other manufacturing,False,L3,Israel,A1,False,False,False,False,False,False,True,False,2019-10-24,False,,False,False,,,True,424B5,False,False,5894812.0,2025-12-31,no 8-K/6-K on run day,,196493.73333333334,341899.096,False,True,1-for-30,0.0
IMG,2024-11-26,2024-11-25,True,False,False,2.53968253968254,1.4442857142857144,2024-11-26,1.6,114511336.0,0.63,0.63,<1,132431.67,0.1431682090364725,,0.2880409291747401,2024-10-31,0.7,1.91,1.6,1.53968253968254,0.1111111111111109,0.8376963350785341,2.031746031746032,183218137.6,-0.4313125,,-0.466875,,-0.575,,1.21,-0.2950413223140495,-0.4380165289256198,1527613.0,True,CIMG Inc.,5900.0,Retail-Miscellaneous Retail,retail/wholesale,False,,,NV,False,False,False,False,False,False,False,False,2011-09-06,False,,False,False,,,True,S-1,False,True,5005170.0,2024-08-09,no 8-K/6-K on run day,,5005170.0,3153257.1,False,False,,
IMG,2025-08-07,2025-08-06,True,False,False,2.135,1.7499999999999998,2025-08-07,0.427,708101744.0,0.2,0.2,<1,3277418.2,-0.1189427312775329,-0.2907801418439715,8.54144429146632,2024-10-31,0.4867,0.6923,0.427,1.1349999999999998,1.4335,0.6167846309403437,2.4615,302359444.688,-0.1803278688524591,,-0.4426229508196722,,-0.4693208430913349,,0.33,-0.2787878787878788,-0.3133333333333333,1527613.0,True,CIMG Inc.,5900.0,Retail-Miscellaneous Retail,retail/wholesale,False,,,NV,False,False,False,False,False,False,False,False,2011-09-06,True,7.01;9.01,False,True,0001641172-25-022443,form8-k.htm,False,,False,False,36397418.0,2025-07-02,listing compliance / reverse split / financing,"2 ex99-1.htm EX-99.1 Exhibit 99.1 CIMG Inc.’s Huomao Baijiu Launches on Major E-Commerce Platforms, Initiates Global Expansion Beijing, China, August 1, 2025–CIMG Inc. (“CIMG” or the “Company”) (NASDAQ: IMG), a company w",36397418.0,7279483.600000001,False,False,,1.0
IMNN,2025-05-23,2025-05-22,True,True,False,2.7918170878459687,5.4632972322503015,2025-05-23,1.16,413579632.0,0.4155,0.4155,<1,8549216.2305,-0.2601495726495726,-0.5363758089712118,48.68836201368384,2024-10-01,1.27,1.39,1.16,1.7918170878459687,2.0565583634175693,0.8345323741007195,2.3453670276774967,479752373.12,0.956896551724138,,1.1637931034482758,,-0.2348275862068966,,0.8552,1.9349859681945745,0.0378858746492047,749647.0,True,"Imunon, Inc.",2834.0,Pharmaceutical Preparations,biotech/pharma/medtech,False,NJ,NJ,DE,True,False,True,False,True,False,False,False,2011-05-31,False,,False,False,,,True,S-1,False,True,14620732.0,2025-05-09,no 8-K/6-K on run day,,14620732.0,6074914.146,False,False,,0.0
IMTE,2025-03-24,2025-03-21,True,True,True,3.88960918688646,3.5006482681978137,2025-03-24,2.1,108144342.0,0.5399,0.5399,<1,757715.0964,-0.4808653846153846,-0.5726948951325683,213.69409973353635,2024-10-01,1.26,2.23,2.1,2.88960918688646,1.333765512131876,0.9417040358744396,3.130394517503241,227103118.2,-0.1,,-0.2238095238095239,,-0.4160980952380952,,1.55,0.0516129032258063,-0.2089070967741936,1668438.0,True,Integrated Media Technology Ltd,3651.0,Household Audio & Video Equipment,other manufacturing,False,,,C3,False,False,False,False,False,False,True,False,2016-12-01,False,,False,False,,,False,,False,False,3431434.0,2024-09-30,no 8-K/6-K on run day,,3431434.0,1852631.2166000002,False,False,,0.0
INAB,2024-10-18,2024-10-17,False,True,False,1.177748804867449,2.06431986093003,2024-10-21,0.475,1457211.0,0.2301,0.2301,<1,67676.0916,0.0008699434536756,,,2024-10-01,0.23,0.273,0.271,0.1777488048674489,-0.0004345936549325,0.9926739926739928,0.1864406779661018,394904.181,-0.3094736842105262,,-0.3665263157894737,,-0.3018947368421052,,0.41,-0.2660975609756096,-0.1912195121951219,1740279.0,True,"IN8BIO, INC.",2836.0,"Biological Products, (No Diagnostic Substances)",biotech/pharma/medtech,False,NY,NY,DE,True,False,True,False,False,True,False,False,2018-05-22,False,,False,False,,,False,,False,True,46786948.0,2024-08-07,no 8-K/6-K on run day,,46786948.0,10765676.7348,False,False,,
INBS,2025-12-31,2025-12-30,True,False,False,2.324390243902439,1.9243902439024392,2025-12-31,0.953,108426848.0,0.41,4.1,3-10,178587.8,-0.2869565217391305,-0.3666975594686438,0.9729680708414036,2024-10-01,0.5750000000000001,1.294,0.953,1.3243902439024389,0.402439024390244,0.7364760432766615,2.15609756097561,1033307861.44,-0.1720881427072402,,0.5015739769150054,,-0.0881427072402938,,0.78,0.8346153846153845,0.1141025641025641,1725430.0,True,INTELLIGENT BIO SOLUTIONS INC.,3841.0,Surgical & Medical Instruments & Apparatus,biotech/pharma/medtech,False,NY,NY,DE,True,False,False,False,False,False,False,False,2017-12-29,False,,False,False,,,True,S-3,False,False,9452553.0,2025-11-10,no 8-K/6-K on run day,,945255.3,3875546.73,False,True,1-for-10,0.0
INBX,2025-10-24,2025-10-23,True,True,False,2.020098730606488,2.075105782792666,2025-10-24,57.29,6079575.0,28.36,28.36,>10,45256774.56,-0.2250307419046318,-0.1094363322342596,10.160438941230964,2024-10-01,49.13,60.2,57.29,1.020098730606488,0.7323695345557124,0.9516611295681062,1.1227080394922426,348298851.75,0.0272298830511432,,0.4253796474079245,,0.4650026182579858,,56.25,0.4517333333333333,0.492088888888889,2007919.0,True,"Inhibrx Biosciences, Inc.",2836.0,"Biological Products, (No Diagnostic Substances)",biotech/pharma/medtech,False,CA,CA,DE,True,False,False,False,False,False,False,False,2024-01-29,True,7.01;8.01;9.01,False,True,0002007919-25-000089,inhibrx-20251023.htm,False,,False,True,14485421.0,2025-08-08,FDA / clinical,ality of life – Inhibrx plans to file a BLA in Q2 of 2026 – Interim data from expansion cohorts in patients with colorectal cancer and Ewing sarcoma demonstrate high response and disease control rates in difficult-to-tre,14485421.0,410806539.56,False,False,,0.0
INDP,2026-06-04,2026-06-03,True,False,False,2.1493212669683257,1.656108597285068,2026-06-04,0.1696428571428571,44275489.479753,0.0789285714285714,2.21,1-3,216455.22637908,0.7401574803149606,0.0574162679425835,0.9026085507600278,2024-10-01,0.0764285714285714,0.2128535714285714,0.1696428571428571,1.1493212669683257,-0.0316742081447962,0.7969932381415795,1.6967873303167424,210308575.0288268,-0.2294736842105262,,-0.248421052631579,,-0.3999999999999999,,0.115,0.1086956521739128,-0.1149068322981367,1857044.0,True,"Indaptus Therapeutics, Inc.",2834.0,Pharmaceutical Preparations,biotech/pharma/medtech,False,NY,NY,DE,True,False,False,False,False,False,False,False,2021-04-20,False,,False,False,,,False,,False,True,113242324.0,2026-05-15,no 8-K/6-K on run day,,113242324.0,250265536.04,False,False,,0.0
INHD,2025-08-25,2025-08-22,True,True,False,3.6259541984732815,3.0229007633587788,2025-08-25,0.475,193827270.0,0.131,1.31,1-3,66884.67,0.0314960629921259,-0.0709219858156027,1.1214318974530184,2024-10-01,0.133,0.6240000000000001,0.475,2.6259541984732824,0.0152671755725191,0.7612179487179487,3.763358778625955,920679532.5,-0.1663157894736842,,0.0736842105263158,,-0.5242105263157896,,0.327,0.5596330275229358,-0.3088685015290521,1961847.0,True,INNO HOLDINGS INC.,5990.0,"Retail-Retail Stores, NEC",retail/wholesale,False,,,TX,False,False,True,False,False,True,False,False,2023-02-07,False,,False,False,,,True,424B5,False,False,7748482.0,2025-06-30,no 8-K/6-K on run day,,7748482.0,10150511.42,False,False,,0.0
INHD,2026-06-08,2026-06-05,True,False,False,37.60952380952381,,2026-06-08,0.0082270833333333,278900075.494923,0.00021875,1.05,1-3,151540.79831520002,-0.1732283464566928,-0.3749999999999999,0.8976280869274673,2024-10-01,0.00023125,0.0090354166666666,0.0082270833333333,36.60952380952381,0.0571428571428571,0.9105372377219276,40.304761904761904,11013763981.29451,,gap,,gap,,gap,,,,1961847.0,True,INNO HOLDINGS INC.,5990.0,"Retail-Retail Stores, NEC",retail/wholesale,False,,,TX,False,False,True,False,False,True,False,False,2023-02-07,False,,False,False,,,False,,False,False,50413224.0,2026-04-30,no 8-K/6-K on run day,,2520661.2,2646694.2600000002,False,True,1-for-20,0.0
INKT,2025-07-11,2025-07-10,True,True,False,8.301423027166882,5.253557567917205,2025-07-11,6.417000000000001,47857735.0,0.7730000000000001,7.73,3-10,20608.18,0.0781032078103207,0.0200311419598322,0.1804435961474683,2024-10-01,2.107,7.6,6.417000000000001,7.301423027166882,1.725743855109961,0.8443421052631579,8.83182406209573,3071030854.9500003,-0.3671497584541063,,-0.6834969611968209,,-0.812061711079944,,4.201,-0.5165436800761722,-0.7129254939300166,1840229.0,True,"MiNK Therapeutics, Inc.",2836.0,"Biological Products, (No Diagnostic Substances)",biotech/pharma/medtech,False,NY,NY,DE,True,False,False,False,False,False,False,False,2021-01-22,False,,False,False,,,True,424B5,False,True,3985657.0,2025-05-12,no 8-K/6-K on run day,,3985657.0,30809128.610000003,False,False,,0.0
INLF,2025-02-13,2025-02-12,False,True,False,1.5041736227045075,2.726210350584307,2025-02-14,16.33,1255930.0,5.99,5.99,3-10,4636421.73,0.274468085106383,0.2427385892116182,3.789450957574072,2025-01-02,5.8,10.0,9.01,0.5041736227045075,-0.0317195325542571,0.901,0.669449081803005,11315929.3,-0.7924066135946111,,-0.865278628291488,,-0.893447642375995,,12.5,-0.824,-0.8608,1991592.0,True,INLIF Ltd,3569.0,"General Industrial Machinery & Equipment, NEC",other manufacturing,False,,,E9,False,False,True,False,True,True,True,True,2023-11-06,False,,False,False,,,False,,False,False,,,no 8-K/6-K on run day,,,,True,False,,
INLF,2026-01-30,2026-01-29,True,False,False,3.862894450489663,1.1564200217627856,2026-01-30,1.42,27015313.0,0.3676,0.3676,<1,38779.5944,-0.1618787049703602,-0.2875968992248062,1.3109347496376085,2025-01-02,0.371,1.42,1.42,2.8628944504896627,0.0092491838955386,1.0,2.8628944504896627,38361744.46,-0.7006338028169015,,-0.6577464788732394,,-0.702781690140845,,0.6135,-0.2078239608801957,-0.3120619396903016,1991592.0,True,INLIF Ltd,3569.0,"General Industrial Machinery & Equipment, NEC",other manufacturing,False,,,E9,False,False,True,True,False,False,True,False,2023-11-06,False,,False,False,,,False,,False,False,12500000.0,2024-12-31,no 8-K/6-K on run day,,12500000.0,4595000.0,False,False,,0.0
INLF,2026-06-26,2026-06-25,False,True,False,1.5566666666666666,2.2,2026-06-29,0.004125,2270991005.413927,0.001875,0.03,<1,7032572.3523453,-0.9314128943758572,-0.9927184466019418,4.754854539750066,2025-01-02,0.0039375,0.00430625,0.00291875,0.5566666666666666,1.1,0.6777939042089985,1.2966666666666669,106055279.9528304,-0.1287878787878787,,-0.5946969696969697,,-0.5984848484848485,,0.003875,-0.5685483870967742,-0.5725806451612903,1991592.0,True,INLIF Ltd,3569.0,"General Industrial Machinery & Equipment, NEC",other manufacturing,False,,,E9,False,False,False,False,False,False,True,False,2023-11-06,False,,False,False,,,False,,False,False,6400000.0,2025-12-31,no 8-K/6-K on run day,,400000.0,12000.0,False,True,1-for-16,0.0
INM,2026-05-19,2026-05-18,True,True,False,2.3505215219626856,2.3652122814749523,2026-05-19,0.08,93066606.053343,0.034035,0.6807,<1,7074.105999299999,0.096135265700483,-0.0586364264970266,0.4363950091694368,2024-10-01,0.0895,0.09,0.08,1.3505215219626856,1.6296459526957543,0.888888888888889,1.6443367122080217,148906569.6853488,0.00625,,0.0374999999999998,,-0.0687500000000002,,0.0745,0.1140939597315437,0.0,1728328.0,True,InMed Pharmaceuticals Inc.,2834.0,Pharmaceutical Preparations,biotech/pharma/medtech,False,,,A1,False,False,True,True,False,True,False,False,2018-01-17,True,1.01;3.03;5.01;5.02;7.01;8.01;9.01,False,True,0001213900-26-058795;0001062993-26-002787,ea0291482-8k425_inmed.htm;form8k.htm,False,,False,False,3314063.0,2026-05-04,merger / acquisition / buyout,"ou place on them will be at your sole risk. The Company, its affiliates and advisors do not accept any liability whatsoever for any loss howsoever arising, directly or indirectly, from the use of this document or its con",3314063.0,2255882.6840999997,False,False,,0.0
INOD,2026-05-08,2026-05-07,False,True,False,1.859991235758107,2.274978089395267,2026-05-11,103.83,19182368.75324,45.64,45.64,>10,119940822.60518624,0.0807482832109875,0.2646162371848155,2.5148759947335986,2024-10-01,72.92,91.88,84.89,0.859991235758107,0.5977212971078001,0.923922507618633,1.0131463628396142,1628391283.4625435,-0.1130694404314744,,-0.087739574304151,,-0.0487335066936338,,102.52,-0.076082715567694,-0.0365782286383145,903651.0,True,INNODATA INC,7374.0,Services-Computer Processing & Data Preparation,tech/software/semis/telecom,False,NJ,NJ,DE,True,False,False,False,False,False,False,False,1999-09-09,True,2.02;9.01,False,True,0001104659-26-057150,tm2612771d1_8k.htm,False,,False,False,32655358.0,2026-04-30,earnings / business update,"2 tm2612771d1_ex99-1.htm EXHIBIT 99.1 Exhibit 99.1 Innodata Reports Record First Quarter 2026 Results · Revenue Up 54% Year-Over-Year, Beats Consensus by 18% · Adjusted EBITDA of $25.0 Million Beats Consensus by 139%; Ad",32655358.0,1490390539.1200001,False,False,,0.0
INTS,2025-10-30,2025-10-29,True,True,True,4.945672536530536,2.735856125889846,2025-10-30,1.32,1433665255.0,0.2669,0.2669,<1,1048423.235,0.1544117647058824,0.035298681148177,0.6721915461930257,2024-10-01,0.7731,1.74,1.32,3.945672536530536,1.8965904833270884,0.7586206896551725,5.519295616335706,1892438136.6,-0.4468181818181819,,-0.6323484848484848,,-0.6975,,0.9856,-0.507609577922078,-0.5948660714285714,1567264.0,True,"INTENSITY THERAPEUTICS, INC.",2836.0,"Biological Products, (No Diagnostic Substances)",biotech/pharma/medtech,False,CT,CT,DE,True,False,False,False,False,False,False,True,2013-01-18,False,,False,False,,,True,424B5,False,False,47057727.0,2025-08-06,no 8-K/6-K on run day,,47057727.0,12559707.3363,True,False,,0.0
INTZ,2024-12-27,2024-12-26,True,True,False,4.8,12.622222222222222,2024-12-27,2.16,189591807.0,0.45,0.45,<1,3263949.9,0.0392609699769053,-0.2276004119464469,24.75772780644985,2024-10-01,2.02,2.35,2.16,3.8,3.488888888888889,0.9191489361702128,4.222222222222222,409518303.12,1.629629629629629,,0.4675925925925925,,-0.1712962962962962,,4.42,-0.2828054298642534,-0.5950226244343891,736012.0,True,INTRUSION INC,3576.0,Computer Communications Equipment,tech/software/semis/telecom,False,TX,TX,DE,True,False,True,True,False,False,False,False,1996-06-28,False,,False,False,,,False,,False,False,8056021.0,2024-11-13,no 8-K/6-K on run day,,8056021.0,3625209.45,False,False,,
INZY,2025-05-16,2025-05-15,True,True,False,2.7816901408450705,2.809859154929578,2025-05-16,3.95,49878783.0,1.42,1.42,1-3,5158330.34,0.1451612903225805,0.4763984196298605,2.8403592137112814,2024-10-01,3.95,3.96,3.95,1.7816901408450705,1.7816901408450705,0.9974747474747476,1.7887323943661977,197021192.85,0.010126582278481,,0.0025316455696202,,0.0050632911392405,,3.94,0.0050761421319796,0.0076142131979695,1693011.0,True,"Inozyme Pharma, Inc.",2834.0,Pharmaceutical Preparations,biotech/pharma/medtech,False,MA,MA,DE,True,False,False,False,False,False,False,False,2017-01-05,True,1.01;7.01;9.01,False,True,0001193125-25-121310,d916136d8k.htm,False,,False,True,64561824.0,2025-04-30,FDA / clinical,3 Enzyme Replacement Therapy Being Developed for Treatment of ENPP1 Deficiency First Pivotal Data Readout in Children Expected in Early 2026 with Potential Launch in 2027; Additional Clinical Programs to Expand to Patien,64561824.0,91677790.08,False,False,,0.0
IOBT,2026-01-22,2026-01-21,True,False,False,2.3126204238921004,1.7678227360308283,2026-01-22,0.4801,473914684.0,0.2076,0.2076,<1,7594632.6684,-0.5984526112185686,-0.6875846501128668,54.31005148415841,2024-10-01,0.2464,0.5792,0.4801,1.3126204238921004,0.1868978805394989,0.8289019337016574,1.789980732177264,227526439.7884,-0.2355759216829828,,-0.3411789210581128,,-0.2918142053738805,,0.432,-0.267824074074074,-0.2129629629629629,1865494.0,True,"IO Biotech, Inc.",2834.0,Pharmaceutical Preparations,biotech/pharma/medtech,False,G7,Denmark,DE,False,False,False,False,False,False,False,False,2021-06-03,False,,False,False,,,False,,False,False,71948842.0,2025-11-10,no 8-K/6-K on run day,,71948842.0,14936579.599200001,False,False,,0.0
IPDN,2024-10-02,2024-10-01,False,True,False,1.626559714795009,2.219251336898396,2024-10-03,0.996,2037599.0,0.4488,0.4488,<1,5447.9832,,,,2024-10-01,0.45,0.8397,0.73,0.626559714795009,0.0026737967914438,0.8693581040847922,0.8709893048128343,1487447.27,-0.0060240963855421,,-0.1666666666666667,,-0.176706827309237,,0.9503,-0.1265916026517942,-0.1371145953909293,1546296.0,True,"Professional Diversity Network, Inc.",7370.0,"Services-Computer Programming, Data Processing, Etc.",tech/software/semis/telecom,False,IL,IL,DE,True,False,False,False,False,False,False,False,2012-05-15,False,,False,False,,,False,,False,True,12741285.0,2024-08-15,no 8-K/6-K on run day,,12741285.0,5718288.708,False,False,,
IPDN,2025-06-27,2025-06-26,False,True,False,1.1217948717948718,2.1666666666666665,2025-06-30,0.338,7906.0,0.156,1.56,1-3,25598.04,-0.0930232558139534,-0.0063694267515923,0.6292687229399877,2024-10-01,0.156,0.175,0.175,0.1217948717948718,0.0,1.0,0.1217948717948718,13835.5,-0.2011834319526627,,-0.3106508875739645,,-0.3372781065088757,,0.2799999999999999,-0.1678571428571427,-0.1999999999999998,1546296.0,True,"Professional Diversity Network, Inc.",7370.0,"Services-Computer Programming, Data Processing, Etc.",tech/software/semis/telecom,False,IL,IL,DE,True,False,False,False,False,False,False,False,2012-05-15,False,,False,False,,,False,,False,False,2083233.0,2025-05-14,no 8-K/6-K on run day,,2083233.0,3249843.48,False,False,,0.0
IPDN,2025-08-29,2025-08-28,True,True,False,3.4663212435233164,3.601036269430052,2025-08-29,0.669,306028558.0,0.193,1.93,1-3,19523.88,-0.0721153846153846,0.0,0.0056826030276544,2024-10-01,0.303,1.084,0.669,2.4663212435233164,0.5699481865284974,0.6171586715867159,4.616580310880829,2047331053.02,0.038863976083707,,-0.3602391629297459,,-0.4409566517189834,,0.5245000000000001,-0.1839847473784557,-0.2869399428026692,1546296.0,True,"Professional Diversity Network, Inc.",7370.0,"Services-Computer Programming, Data Processing, Etc.",tech/software/semis/telecom,False,IL,IL,DE,True,False,False,False,False,False,False,False,2012-05-15,False,,False,False,,,True,424B5,False,False,2499683.0,2025-08-14,no 8-K/6-K on run day,,2499683.0,4824388.1899999995,False,False,,0.0
IPST,2026-08-17,2026-08-14,True,True,False,3.358938230080451,7.163310758601882,2026-08-17,0.018475,103915751.009778,0.00550025,2.2001,1-3,2066456.32828376,0.0427014218009478,-0.1269444444444444,43.50871130350864,2025-09-22,0.0198,0.02415,0.018475,2.358938230080451,2.5998363710740424,0.7650103519668736,3.3907095132039453,767937399.9622593,1.1326116373477673,,0.1610284167794318,,-0.5872801082543979,,0.01865,0.1501340482573727,-0.5911528150134049,1788230.0,True,"IP STRATEGY HOLDINGS, INC.",2080.0,Beverages,other manufacturing,False,WA,WA,DE,True,False,True,True,False,False,False,False,2019-09-13,False,,False,False,,,False,,False,True,686080.0,2026-05-19,no 8-K/6-K on run day,,686080.0,1509444.608,False,False,,1.0
IRBT,2025-12-02,2025-12-01,False,True,False,1.153846153846154,2.005917159763314,2025-12-03,3.39,14686867.0,1.69,1.69,1-3,67733602.95,0.1266666666666667,-0.4685534591194968,17.919237327116416,2024-10-01,1.59,2.1,1.95,0.1538461538461539,-0.059171597633136,0.9285714285714284,0.2426035502958581,28639390.65,-0.1061946902654867,,0.5457227138643068,,-0.8624188790560472,stale_last_close,3.02,0.7350993377483444,,1159167.0,True,IROBOT CORP,3630.0,Household Appliances,other manufacturing,False,MA,MA,DE,True,False,False,False,False,False,False,False,2014-06-10,False,,False,False,,,False,,False,True,31826203.0,2025-10-24,no 8-K/6-K on run day,,31826203.0,53786283.07,False,False,,0.0
ISPC,2025-09-09,2025-09-08,True,False,False,2.596707268103333,1.7534466604202918,2025-09-09,0.097,131317897.0,0.037355,0.7471,<1,6343153.9328,0.0503303809925486,-0.416328125,0.9958696425371186,2024-10-01,0.034,0.159,0.097,1.5967072681033332,-0.0898139472627491,0.6100628930817609,3.2564583054477323,254756720.18,-0.324742268041237,,-0.1288659793814432,,-0.5018041237113402,,0.0755,0.1192052980132449,-0.3599337748344371,1558569.0,True,iSpecimen Inc.,8731.0,Services-Commercial Physical & Biological Research,biotech/pharma/medtech,False,MA,MA,DE,True,False,True,False,True,True,False,True,2012-09-25,False,,False,False,,,False,,False,False,5539345.0,2025-08-14,no 8-K/6-K on run day,,5539345.0,4138444.6495,True,False,,0.0
ITP,2024-12-31,2024-12-30,True,True,False,2.073793103448276,2.3103448275862077,2024-12-31,0.6014,141820655.0,0.29,0.29,<1,4386312.93,0.4016433059449007,0.2340425531914893,46.88546131377223,2024-10-01,0.9871,1.07,0.6014,1.073793103448276,2.403793103448276,0.5620560747663551,2.6896551724137936,85290941.91700001,0.1140671765879615,,-0.2517459261722647,,-0.4105420685068175,,0.4572,-0.0157480314960629,-0.2246281714785651,1358190.0,True,"IT TECH PACKAGING, INC.",2670.0,Converted Paper & Paperboard Prods (No Contaners/Boxes),other manufacturing,False,F4,China,NV,False,True,False,False,False,False,False,False,2006-08-04,False,,False,False,,,False,,False,False,10065920.0,2024-11-14,no 8-K/6-K on run day,,10065920.0,2919116.8,False,False,,
IVF,2026-01-20,2026-01-16,True,True,True,2.91728212703102,2.4741506646971936,2026-01-20,0.09875,265796189.0,0.03385,0.8124,<1,49970770.3068,-0.0467026519596338,-0.2371830985915493,397.9103547809684,2025-04-28,0.139375,0.1908333333333333,0.09875,1.91728212703102,3.117429837518464,0.517467248908297,4.637616937469227,629936967.9300001,-0.1518987341772153,,-0.2763713080168777,,-0.5780590717299579,,0.0870833333333333,-0.179425837320574,-0.5215311004784688,1417926.0,True,"INVO Fertility, Inc.",3841.0,Surgical & Medical Instruments & Apparatus,biotech/pharma/medtech,False,FL,FL,NV,True,False,True,False,True,True,False,True,2007-11-13,False,,False,False,,,False,,False,True,15130282.0,2025-11-17,no 8-K/6-K on run day,,1891285.25,1536480.1371,True,True,1-for-8,1.0
IVP,2026-01-14,2026-01-13,True,True,False,3.565217391304348,2.1739130434782608,2026-01-14,0.00328,2606558803.0,0.00092,0.023,<1,3201820.593,-0.4626168224299065,-0.5053763440860215,2.228727875037908,2024-10-01,0.001768,0.0041199999999999,0.00328,2.565217391304348,0.9217391304347828,0.7961165048543691,3.478260869565217,213737821.846,-0.3902439024390244,,-0.5853658536585367,stale_last_close,-0.5853658536585367,stale_last_close,0.002132,,,1939365.0,True,"INSPIRE VETERINARY PARTNERS, INC.",700.0,Agricultural Services,other,False,VA,VA,NV,True,False,True,False,True,True,False,False,2022-10-25,True,5.03;9.01,False,True,0001213900-26-003919,ea0272554-8k_inspire.htm,True,S-1,False,False,3761179.0,2025-11-12,other,"false --12-31 0001939365 0001939365 2026-01-09 2026-01-09 iso4217:USD xbrli:shares iso4217:USD xbrli:shares UNITED STATES SECURITIES AND EXCHANGE COMMISSION Washington, D.C. 20549 FORM 8-K CURRENT REPORT Pursuant to Sect",3761179.0,86507.117,False,False,,0.0
IVVD,2025-02-03,2025-01-31,True,True,False,2.963377131674588,3.49454850433324,2025-02-03,1.06,448532824.0,0.3577,0.3577,<1,590162.7914,-0.2437632135306553,-0.1927330173775671,0.964073312910268,2024-10-01,0.4442,1.11,1.06,1.963377131674588,0.24182275649986,0.954954954954955,2.103159071847917,475444793.44,0.1792452830188677,,0.4811320754716981,,-0.0094339622641509,,1.26,0.246031746031746,-0.1666666666666666,1832038.0,True,"Invivyd, Inc.",2836.0,"Biological Products, (No Diagnostic Substances)",biotech/pharma/medtech,False,CT,CT,DE,True,False,False,False,False,False,False,False,2020-11-12,True,2.02;8.01;9.01,False,True,0000950170-25-012018,ivvd-20250203.htm,False,,False,True,119616035.0,2024-11-01,earnings / business update,"million and $10.9 million of accounts receivable • Continues to target near-term (by end of 1H 2025) profitability with existing cash and cash equivalents, anticipated growth of net product revenue, and continued reducti",119616035.0,42786655.719500005,False,False,,
IXHL,2025-05-14,2025-05-13,True,True,True,8.2063305978898,3.1477139507620167,2025-05-14,0.7,1525152320.0,0.0853,0.0853,<1,113422.6423,-0.3387596899224806,-0.8687692307692307,0.440669215265618,2024-10-01,0.3566,0.943,0.7,7.206330597889799,3.180539273153575,0.7423117709437964,10.055099648300116,1067606624.0,-0.6164285714285713,,-0.677142857142857,,-0.6662857142857143,,0.7445,-0.6964405641370047,-0.6862323707186031,1873875.0,True,Incannex Healthcare Inc.,2834.0,Pharmaceutical Preparations,biotech/pharma/medtech,False,,,DE,False,False,True,True,True,True,True,False,2021-08-17,True,8.01;9.01,False,True,0001213900-25-042962,ea0242110-8k_incannex.htm,True,424B5,False,False,17859708.0,2025-02-14,FDA / clinical,"are Inc. Provides Clinical Program Update on IHL-42X, an Oral Once-Daily Treatment for Obstructive Sleep Apnea (OSA) ● Patient dosing completed in Phase 2 portion of Phase 2/3 RePOSA study evaluating IHL-42X oral treatme",17859708.0,1523433.0924,False,False,,0.0
IXHL,2025-07-18,2025-07-17,False,True,False,1.648203188327479,2.215617400702513,2025-07-21,0.82,491412916.0,0.3701,0.3701,<1,40852517.3576,0.6448888888888888,0.685336976320583,1.5834469371925612,2024-10-01,0.4228,0.6587,0.61,0.648203188327479,0.1423939475817348,0.9260664946105966,0.7797892461496891,299761878.76,0.024390243902439,,0.4512195121951219,,-0.5123170731707317,,0.7599,0.5659955257270692,-0.473746545598105,1873875.0,True,Incannex Healthcare Inc.,2834.0,Pharmaceutical Preparations,biotech/pharma/medtech,False,,,DE,False,False,True,False,False,True,True,False,2021-08-17,False,,False,False,,,True,424B5;S-3MEF,False,False,29433798.0,2025-05-13,no 8-K/6-K on run day,,29433798.0,10893448.6398,False,False,,0.0
IZM,2026-03-26,2026-03-25,False,True,False,1.0764285714285715,2.094047619047619,2026-03-27,0.8795,390404.0,0.42,0.42,<1,23282.28,-0.1428571428571429,-0.5483870967741936,1.2069610953949543,2024-10-01,0.44,0.54,0.4521,0.0764285714285715,0.0476190476190476,0.8372222222222222,0.2857142857142858,176501.6484,-0.1699829448550313,,-0.3552018192154632,,-0.6098919840818646,,0.6899,-0.177996811132048,-0.5026815480504421,1854572.0,True,ICZOOM Group Inc.,5731.0,"Retail-Radio, Tv & Consumer Electronics Stores",retail/wholesale,False,,,E9,False,False,False,False,False,False,True,False,2021-04-01,False,,False,False,,,False,,False,False,,,no 8-K/6-K on run day,,,,False,False,,0.0
JAGX,2026-09-22,2026-09-21,True,True,False,12.906367041198502,3.3370786516853936,2026-09-22,0.0028880761904761,27949319.595551,0.0002237714285714,2.67,1-3,197689.11162993,-0.4418312950768266,-0.7948126801152737,1.0435285552449276,2024-10-01,0.0002371809523809,0.0034806095238095,0.0028880761904761,11.906367041198502,0.0599250936329589,0.8297616181073922,14.554307116104871,963133553.2626874,-0.7414393499709808,,-0.8456181079512478,,,beyond_data,0.0012931809523809,-0.6552171095268956,,1585608.0,True,"Jaguar Health, Inc.",2834.0,Pharmaceutical Preparations,biotech/pharma/medtech,False,CA,CA,DE,True,False,True,False,True,True,False,False,2016-05-10,True,3.03;5.03;8.01;9.01,False,True,0001193125-26-396752,d79729d8k.htm,True,424B5,False,False,171350166.0,2018-05-15,other,"8-K false 0001585608 --12-13 0001585608 2026-09-15 2026-09-15 UNITED STATES SECURITIES AND EXCHANGE COMMISSION WASHINGTON, D.C. 20549 FORM 8-K CURRENT REPORT Pursuant to Section 13 or 15(d) of the Securities Exchange Act",,,False,True,1-for-15,0.0
JBDI,2025-09-10,2025-09-09,True,False,False,2.204651162790698,1.7674418604651163,2025-09-10,2.37,70325954.0,1.075,1.075,1-3,5689712.7,0.0643564356435644,0.0968816928914924,278.1605764227941,2024-10-01,2.04,3.0,2.37,1.204651162790698,0.8976744186046512,0.79,1.7906976744186047,166672510.98000002,-0.1983122362869198,,-0.2827004219409283,,-0.139240506329114,,1.8,-0.0555555555555555,0.1333333333333333,1964314.0,True,JBDI Holdings Ltd,3412.0,"Metal Shipping Barrels, Drums, Kegs & Pails",other manufacturing,False,U0,Singapore,E9,False,False,False,False,False,False,True,False,2023-02-02,False,,False,False,,,False,,False,False,18037500.0,2024-05-31,no 8-K/6-K on run day,,,,False,False,,0.0
JCSE,2026-01-05,2026-01-02,False,True,False,1.8598130841121492,2.177570093457944,2026-01-06,2.33,49475763.0,1.07,1.07,1-3,1061.44,-0.0238116960131374,-0.0932203389830507,0.1665267752224274,2024-10-01,1.26,1.99,1.99,0.8598130841121494,0.1775700934579438,1.0,0.8598130841121494,98456768.37,-0.0128755364806868,,-0.1330472103004292,,-0.5407725321888412,,2.35,-0.1404255319148936,-0.5446808510638298,1905511.0,True,JE Cleantech Holdings Ltd,3990.0,Miscellaneous Manufacturing Industries,other manufacturing,False,U0,Singapore,E9,False,False,False,False,False,False,True,False,2022-01-21,False,,True,True,0001493152-26-000268,form6-k.htm,False,,False,False,5306666.0,2024-12-31,FDA / clinical,"2 ex99-1.htm EX-99.1 EXHIBIT 99.1 JE Cleantech Holdings Limited Announces Declaration of Cash Dividend SINGAPORE, January 5, 2026 (",5306666.0,5678132.62,False,False,,0.0
JDZG,2024-10-17,2024-10-16,True,True,False,2.361111111111111,2.9027777777777777,2024-10-17,1.7,35981433.0,0.72,0.72,<1,2228613.84,0.1459493872353972,,,2024-10-01,0.73,2.17,1.7,1.3611111111111112,0.0138888888888888,0.783410138248848,2.013888888888889,61168436.1,0.2294117647058822,,-0.0999999999999999,,-0.5011764705882353,,2.6,-0.4115384615384615,-0.6738461538461539,1976908.0,True,JIADE Ltd,8200.0,Services-Educational Services,other services,False,,,E9,False,False,False,False,False,False,True,True,2023-08-03,False,,False,False,,,False,,False,False,,,no 8-K/6-K on run day,,,,True,False,,
JDZG,2026-02-13,2026-02-12,True,False,False,2.2544378698224854,0.4260355029585799,2026-02-13,0.47625,54029256.0,0.21125,1.69,1-3,112550907.3,0.1266666666666667,0.3203125,393.24050594792607,2024-10-01,0.265,0.5074875,0.47625,1.2544378698224854,0.2544378698224854,0.9384467597724082,1.4023076923076925,205851465.36,-0.8110236220472441,,-0.9561417322834646,,-0.9763779527559056,,0.24,-0.91296875,-0.953125,1976908.0,True,JIADE Ltd,8200.0,Services-Educational Services,other services,False,,,E9,False,False,True,True,False,False,True,False,2023-08-03,False,,False,False,,,True,424B5,False,False,24535471.0,2024-12-31,no 8-K/6-K on run day,,3066933.875,5183118.24875,False,False,,0.0
JEM,2025-09-09,2025-09-08,True,False,False,2.305076931942604,1.8982986498350851,2025-09-09,0.68,256414059.0,0.295001,0.295001,<1,1059302.865845,-0.868303125,-0.9528752396166134,1.2293650926519446,2025-06-09,0.703,0.9601,0.68,1.3050769319426037,1.3830427693465444,0.7082595562962193,2.254565238761902,174361560.12,-0.176470588235294,,-0.3629411764705883,,-0.4864705882352941,,0.5538,-0.2177681473456121,-0.3694474539544962,2018222.0,True,707 Cayman Holdings Ltd.,5600.0,Retail-Apparel & Accessory Stores,retail/wholesale,False,F4,China,K3,False,True,False,False,False,False,True,True,2024-04-09,False,,False,False,,,False,,False,False,,,no 8-K/6-K on run day,,,,True,False,,1.0
JEM,2026-04-07,2026-04-06,False,True,False,1.0794438927507448,2.0436941410129097,2026-04-08,0.2058,19631146.450529,0.1007,0.1007,<1,33420.106889401,-0.0088582677165354,0.265075376884422,0.0422801635013264,2025-06-09,0.1,0.1174,0.1087,0.0794438927507448,-0.0069513406156901,0.9258943781942078,0.1658391261171798,2133905.619172503,-0.3338192419825073,,-0.6331389698736637,,-0.6622934888241011,,0.151,-0.4999999999999999,-0.5397350993377483,2018222.0,True,707 Cayman Holdings Ltd.,5600.0,Retail-Apparel & Accessory Stores,retail/wholesale,False,F4,China,K3,False,True,True,False,True,False,True,True,2024-04-09,False,,False,False,,,True,F-1/A,False,False,26340000.0,2025-09-30,no 8-K/6-K on run day,,26340000.0,2652438.0,True,False,,1.0
JEM,2026-06-30,2026-06-29,True,True,False,3.6759259259259256,2.972222222222222,2026-06-30,0.1985,122243162.592342,0.054,1.08,1-3,14077251.17395488,-0.5970149253731343,-0.28,18.87354362404973,2025-06-09,0.246995,0.247,0.1985,2.6759259259259256,3.573981481481481,0.8036437246963563,3.5740740740740744,485305355.4915978,-0.1914357682619647,,-0.7052896725440807,,-0.8864399664147775,,0.4297500000000001,-0.8638743455497382,-0.9475470234632538,2018222.0,True,707 Cayman Holdings Ltd.,5600.0,Retail-Apparel & Accessory Stores,retail/wholesale,False,F4,China,K3,False,True,True,False,True,False,True,False,2024-04-09,False,,True,True,0001493152-26-031181,form6-k.htm,False,,False,False,26340000.0,2025-09-30,crypto treasury / digital assets,"2 ex99-1.htm EX-99.1 Exhibit 99.1 707 Cayman Holdings Appoints New Executive Director HONG KONG, June 30, 2026 (",1317000.0,1422360.0,False,True,1-for-20,0.0
JFB,2025-09-26,2025-09-25,False,True,False,1.2875939849624058,2.387218045112782,2025-09-29,12.7,9858154.0,5.32,5.32,3-10,107602.32,0.0211132437619963,-0.2559440559440559,0.7487506015622107,2025-03-06,5.36,7.16,6.85,0.2875939849624058,0.0075187969924812,0.9567039106145252,0.3458646616541352,67528354.89999999,0.0173228346456693,,0.1543307086614174,,0.1960629921259842,,11.33,0.2939099735216239,0.3406884377758163,,False,,,,,,,,,,,,,,,,,,,,,,,,,,,,,,no 8-K/6-K on run day,,,,,False,,1.0
JFBR,2026-01-16,2026-01-15,True,True,False,2.3118279569892475,2.0788530465949817,2026-01-16,0.0058371040723981,235118742.0,0.002524886877828,0.558,<1,61131.69,-0.2340425531914893,-0.5463414634146342,0.1080660870656271,2024-10-01,0.0055656108597285,0.0088687782805429,0.0058371040723981,1.3118279569892477,1.204301075268817,0.6581632653061225,2.512544802867384,303303177.18,-0.1007751937984497,,-0.4887596899224806,,-0.7447397563676634,,0.004524886877828,-0.3405,-0.6707142857142858,1885408.0,True,Nexera Technologies Ltd,5900.0,Retail-Miscellaneous Retail,retail/wholesale,False,,,L3,False,False,True,False,False,True,True,False,2021-09-30,False,,False,False,,,True,424B5,False,False,1715817.0,2024-12-31,no 8-K/6-K on run day,,100930.41176470589,56319.16976470589,False,False,,0.0
JLHL,2026-07-09,2026-07-08,True,True,False,4.179738562091503,3.8333333333333335,2026-07-09,12.79,80846874.255248,3.06,3.06,3-10,2535642.43488846,-0.8113440197287299,-0.92901878914405,1.6454754456978844,2025-06-26,3.73,14.8999,12.79,3.179738562091502,0.2189542483660129,0.8583950227853877,3.869248366013072,1034031521.7246218,-0.0828772478498826,,-0.3401094605160282,,-0.3275996872556684,,14.06,-0.3997155049786629,-0.3883357041251778,2007846.0,True,Julong Holding Ltd,8711.0,Services-Engineering Services,other services,False,F4,China,,False,True,False,False,False,False,True,False,2024-04-18,False,,False,False,,,False,,False,False,21448632.0,2025-09-30,no 8-K/6-K on run day,,21448632.0,65632813.92,False,False,,0.0
JNVR,2025-04-07,2025-04-04,True,True,False,9.425,8.205,2025-04-07,4.7125,25056306.0,0.5,4.0,3-10,71636.0,-0.2727272727272727,-0.0255785627283801,0.9942926303867464,2024-10-01,1.78375,6.05875,4.7125,8.425,2.5675,0.7778007014648237,11.1175,944622736.2,-0.1294429708222811,,0.7490716180371351,,1.103713527851459,stale_last_close,4.09375,1.0134351145038163,,1805526.0,True,DeFi Development Corp.,6199.0,Finance Services,finance/real estate,False,FL,FL,NV,True,False,False,False,False,False,False,False,2020-05-26,True,1.01;2.03;3.02;5.01;5.02;7.01;8.01;9.01,False,True,0001213900-25-029172,ea0237322-8k_janover.htm,True,424B5,False,False,1428464.0,2025-03-27,crypto treasury / digital assets,"de and price reflexivity $59B Sоlana market сap $235B Stableсоin market сap $1.6T Bitсоin market сap $125B DeFi Tоtal Val EX-99.2 7 ea023732201ex99-2_janover.htm PRESS RELEASE, DATED AS OF APRIL 7, 2025 Exhibit 99.2 New ",1428464.0,5713856.0,False,False,,0.0
JTAI,2025-02-14,2025-02-13,True,False,False,2.3372093023255816,1.573643410852713,2025-02-14,0.0268,104476130.0,0.0114666666666666,2.58,1-3,242241.36,0.0117647058823531,-0.2970027247956402,0.6474189640276062,2024-10-01,0.0259111111111111,0.0364444444444444,0.0268,1.3372093023255816,1.2596899224806202,0.7353658536585367,2.1782945736434103,629991063.9,-0.3266998341625208,,-0.0248756218905473,,-0.218905472636816,,0.0214222222222222,0.2199170124481326,-0.0228215767634856,1861622.0,True,Jet.AI Inc.,4522.0,"Air Transportation, Nonscheduled",other,False,NV,NV,DE,True,False,True,True,False,True,False,False,2021-05-18,False,,False,False,,,True,S-3/A,False,False,780700.0,2024-11-12,no 8-K/6-K on run day,,780700.0,2014206.0,False,False,,
JUNS,2025-06-11,2025-06-10,True,False,False,2.0579110651499484,1.158221302998966,2025-06-11,1.99,9062447.0,0.967,0.967,<1,182261.127,0.1381826741996232,0.520440251572327,1.4938494357078689,2024-12-03,0.9674,2.29,1.99,1.0579110651499484,0.0004136504653569,0.868995633187773,1.3681489141675285,18034269.53,-0.4371859296482411,,-0.3768844221105527,,0.1507537688442211,,1.5,-0.1733333333333333,0.5266666666666666,1679628.0,True,"JUPITER NEUROSCIENCES, INC.",2834.0,Pharmaceutical Preparations,biotech/pharma/medtech,False,FL,FL,DE,True,False,False,False,False,False,False,True,2016-07-15,False,,False,False,,,False,,False,False,33103860.0,2025-05-14,no 8-K/6-K on run day,,33103860.0,32011432.619999997,True,False,,1.0
JWEL,2026-08-10,2026-08-07,True,True,False,2.5806451612903225,2.52258064516129,2026-08-10,4.0,85249997.529298,1.55,1.55,1-3,65299.95,,-0.226932668329177,21.472295521156777,2024-10-01,3.97,5.17,4.0,1.5806451612903225,1.5612903225806454,0.7736943907156674,2.335483870967742,340999990.117192,-0.0224999999999999,,-0.3199999999999999,,-0.4599999999999999,,3.24,-0.1604938271604938,-0.3333333333333333,1805594.0,True,Jowell Global Ltd.,5960.0,Retail-Nonstore Retailers,retail/wholesale,False,F4,China,E9,False,True,False,False,False,False,True,False,2020-07-13,False,,False,False,,,False,,False,False,2376131.0,2025-12-31,no 8-K/6-K on run day,,2376131.0,3683003.0500000003,False,False,,0.0
JYD,2025-04-23,2025-04-22,True,True,False,2.601960784313726,2.2058823529411766,2025-04-23,0.2654,418375452.0,0.102,0.102,<1,2842219.086,-0.743073047858942,-0.9790983606557376,2.616425575324405,2024-10-01,0.1982,0.32,0.2654,1.601960784313726,0.9431372549019608,0.8293750000000001,2.1372549019607847,111036844.9608,-0.1522230595327808,,-0.186887716654107,,-0.0184626978146195,,0.2087,0.0340201245807378,0.2482031624341161,1938186.0,True,Jayud Global Logistics Ltd,4731.0,Arrangement of  Transportation of  Freight & Cargo,other,False,,,E9,False,False,False,False,False,False,True,False,2022-09-21,False,,False,False,,,False,,False,False,,,no 8-K/6-K on run day,,,,False,False,,0.0
JZ,2026-06-01,2026-05-29,True,False,False,4.258241758241759,0.9615384615384612,2026-06-01,0.31,48563003.39605,0.0728,0.728,<1,16706.563314168,0.0382201939532231,-0.1865921787709498,0.1562091959082299,2024-10-01,0.09681,0.328,0.31,3.258241758241759,0.3298076923076922,0.9451219512195124,3.505494505494505,150545310.527755,-0.7741935483870969,,-0.9209354838709678,,-0.9520322580645162,,0.06901,-0.6448340820170989,-0.7845239820315896,1852440.0,True,Jianzhi Education Technology Group Co Ltd,8200.0,Services-Educational Services,other services,False,F4,China,E9,False,True,False,False,False,False,True,True,2021-03-26,False,,False,False,,,True,424B5,False,False,517110000.0,2025-12-31,no 8-K/6-K on run day,,517110000.0,376456080.0,True,False,,0.0
KAPA,2025-01-13,2025-01-10,True,False,False,2.1958762886597936,1.556701030927835,2025-01-13,2.13,113544339.0,0.97,0.97,<1,154403.63,-0.3660130718954248,-0.4156626506024096,1.4522948967270244,2024-10-01,1.3,3.25,2.13,1.1958762886597936,0.3402061855670104,0.6553846153846153,2.350515463917526,241849442.07,-0.2910798122065727,,-0.2535211267605632,,-0.3661971830985915,,1.86,-0.1451612903225806,-0.2741935483870967,1962011.0,True,"Kairos Pharma, LTD.",2834.0,Pharmaceutical Preparations,biotech/pharma/medtech,False,CA,CA,DE,True,False,False,False,False,False,False,True,2023-03-29,False,,False,False,,,False,,False,True,12846785.0,2024-11-14,no 8-K/6-K on run day,,12846785.0,12461381.45,True,False,,
KBSX,2025-03-18,2025-03-17,True,True,False,4.097014925373134,3.022388059701492,2025-03-18,5.49,53731278.0,1.34,1.34,1-3,199237.9,-0.7471698113207548,,4.962973029678798,2025-01-16,1.31,5.88,5.49,3.0970149253731343,-0.0223880597014926,0.9336734693877552,3.388059701492537,294984716.22,-0.2622950819672132,,-0.4790528233151184,,-0.6302367941712205,,3.5,-0.1828571428571429,-0.42,2014254.0,True,FST Corp.,3949.0,"Sporting & Athletic Goods, NEC",other manufacturing,False,,,,False,False,True,False,True,False,True,True,2024-04-17,False,,False,False,,,False,,False,False,,,no 8-K/6-K on run day,,,,True,False,,1.0
KDLY,2025-02-12,2025-02-11,True,False,False,2.3072594259988746,1.758581879572313,2025-02-12,3.28,219476289.0,1.4216,1.4216,1-3,888043.6664,0.1748760330578511,-0.0140786462306679,13.97118667380868,2024-10-01,1.81,5.2499,3.28,1.3072594259988746,0.2732132808103547,0.6247738052153373,2.6929516038266743,719882227.92,-0.2378048780487804,,-0.0884146341463413,,-0.5579268292682926,,2.83,0.0565371024734981,-0.4876325088339223,1946573.0,True,Nakamoto Inc.,6199.0,Finance Services,finance/real estate,False,TN,TN,DE,True,False,False,False,False,False,False,True,2022-09-15,False,,False,False,,,False,,False,False,5977476.0,2024-11-08,no 8-K/6-K on run day,,5977476.0,8497579.8816,True,False,,
KDLY,2025-05-12,2025-05-09,True,True,False,3.51025641025641,2.6538461538461537,2025-05-12,13.69,65933973.0,3.9,3.9,3-10,1314428.7,0.7972350230414746,1.2674418604651163,1.82824332241196,2024-10-01,28.515,31.45,13.69,2.51025641025641,6.311538461538462,0.4352941176470588,7.064102564102564,902636090.37,-0.2439737034331629,,0.0197224251278307,,0.8217677136596058,stale_last_close,13.135,0.0628092881614008,,1946573.0,True,Nakamoto Inc.,6199.0,Finance Services,finance/real estate,False,TN,TN,DE,True,False,True,False,False,True,False,True,2022-09-15,True,1.01;2.03;3.02;7.01;9.01,False,True,0001213900-25-041722,ea0241620-8k_kindly.htm,True,424B3,True,False,6022148.0,2025-05-08,crypto treasury / digital assets,"the Largest PIPE for Any Public Crypto-Related Transaction David Bailey, Founder of BTC Inc and UTXO, to Lead Combined Company as CEO Transaction Reflects Shared Belief in Bitcoin’s Long-Term Value and Positions Combined",6022148.0,23486377.2,True,False,,0.0
KELYB,2026-02-05,2026-02-04,True,True,False,3.511563367252544,2.023126734505088,2026-02-05,37.96,2035645.0,10.81,10.81,>10,49942.2,,0.2200902934537247,1.1714292958746415,2024-10-04,60.0,125.0,37.96,2.511563367252544,4.550416281221091,0.30368,10.56336725254394,77273084.2,-0.4238672286617492,,-0.5919388830347734,,-0.6064278187565859,,31.74,-0.5119722747321991,-0.5293005671077504,55135.0,True,KELLY SERVICES INC,7363.0,Services-Help Supply Services,other services,False,MI,MI,DE,True,False,False,False,False,False,False,True,2014-12-24,False,,False,False,,,False,,False,True,,,no 8-K/6-K on run day,,,,True,False,,0.0
KIDZ,2025-05-01,2025-04-30,True,True,False,4.660869565217392,6.243478260869566,2025-05-01,5.36,262873244.0,1.15,1.15,1-3,244271.5,0.0267857142857141,,0.1192204826469293,2025-04-07,2.41,5.43,5.36,3.660869565217392,1.0956521739130438,0.987108655616943,3.7217391304347824,1409000587.8400002,0.3395522388059699,,-0.044776119402985,,-0.5037313432835822,,8.155,-0.3721643163703249,-0.6738197424892703,2022308.0,True,KIDZ AI Inc.,8200.0,Services-Educational Services,other services,False,NY,NY,DE,True,False,False,False,False,False,False,True,2024-05-13,True,1.01;3.02;5.02;9.01,False,True,0001929980-25-000353;0001929980-25-000350,class_8k.htm;class_8k.htm,True,S-1,False,True,6535014.0,2025-04-29,crypto treasury / digital assets,"4 class_ex991.htm PRESS RELEASE class_ex991.htm EXHIBIT 99.1 FOR IMMEDIATE RELEASE Classover Holdings Enters into $400 Million Equity Purchase Facility Agreement to Launch SOL-Based Treasury Strategy New York, NY – May 1",6535014.0,7515266.1,True,False,,1.0
KIDZ,2025-06-02,2025-05-30,False,True,False,1.3984962406015038,2.045112781954887,2025-06-03,5.44,14269865.0,2.66,2.66,1-3,1271785.9,-0.2153392330383481,-0.5037313432835822,0.020852097478888,2025-04-07,3.025,4.82,3.72,0.3984962406015038,0.1372180451127818,0.7717842323651453,0.8120300751879699,53083897.8,-0.161764705882353,,-0.286764705882353,,-0.4485294117647059,,5.46,-0.2893772893772893,-0.4505494505494505,2022308.0,True,KIDZ AI Inc.,8200.0,Services-Educational Services,other services,False,NY,NY,DE,True,False,True,False,True,False,False,True,2024-05-13,True,1.01;2.03;3.02;7.01;9.01,False,True,0001477932-25-004289,class_8k.htm,True,S-1/A,False,True,6535014.0,2025-05-16,crypto treasury / digital assets,class_ex991.htm PRESS RELEASE class_ex991.htm EXHIBIT 99.1 FOR IMMEDIATE RELEASE Classover Completes Initial SOL Purchase and Enters into New Purchase Agreement to Sell up to $500 Million of Notes to Accelerate SOL Treas,6535014.0,17383137.240000002,True,False,,1.0
KITT,2025-01-03,2025-01-02,True,True,False,2.3899371069182385,3.056603773584906,2025-01-03,0.1055555555555555,104799163.0,0.0441666666666666,1.59,1-3,2984048.4000000004,0.3947368421052633,0.3826086956521739,0.6444320730322469,2024-10-01,0.045,0.1097222222222222,0.1055555555555555,1.3899371069182385,0.0188679245283018,0.962025316455696,1.4842767295597483,398236819.4,0.2789473684210528,,-0.4552631578947368,,-0.5763157894736841,,0.1675,-0.6567164179104479,-0.7330016583747927,1849820.0,True,"Nauticus Robotics, Inc.",3569.0,"General Industrial Machinery & Equipment, NEC",other manufacturing,False,TX,TX,DE,True,False,False,False,False,False,False,False,2021-03-08,False,,False,False,,,True,424B3,False,True,6407475.0,2024-11-11,no 8-K/6-K on run day,,6407475.0,10187885.25,False,False,,
KITT,2025-12-03,2025-12-02,True,False,False,2.1588707445336284,1.6191530584002212,2025-12-03,0.0048148148148148,165100958.0,0.0022302469135802,0.7226,<1,359162.5492,-0.2015469613259667,-0.5117567567567567,0.8535070379617983,2024-10-01,0.0023456790123456,0.0052469135802469,0.0048148148148148,1.1588707445336284,0.0517575422086908,0.9176470588235296,1.3526155549404923,257557494.48,-0.25,,-0.2692307692307693,,-0.4284615384615384,,0.0042592592592592,-0.1739130434782608,-0.3539130434782608,1849820.0,True,"Nauticus Robotics, Inc.",3569.0,"General Industrial Machinery & Equipment, NEC",other manufacturing,False,TX,TX,DE,True,False,True,False,False,True,False,False,2021-03-08,True,5.07,False,True,0001849820-25-000289,kitt-20251121.htm,False,,False,True,13710615.0,2025-11-13,listing compliance / reverse split / financing,kitt-20251121 FALSE 0001849820 0001849820 2025-11-21 2025-11-21 0001849820 us-gaap:CommonStockMember 2025-11-21 2025-11-21 0001849820 us-gaap:WarrantMember 2025-11-21 2025-11-21 UNITED STATES SECURITIES AND EXCHANGE COMM,13710615.0,9907290.399,False,True,1-for-9,0.0
KLTO,2025-05-14,2025-05-13,True,False,False,2.2246153846153844,1.515384615384615,2025-05-14,0.2892,529962633.0,0.13,0.13,<1,308504.56,-0.2777777777777777,-0.2528735632183907,1.9132627434780007,2024-10-01,0.1261,0.5675,0.2892,1.2246153846153844,-0.0300000000000001,0.509603524229075,3.365384615384615,153265193.4636,-0.3188105117565698,,-0.3775933609958507,,5.915629322268326,,0.1841,-0.022270505160239,9.863661053775122,1907223.0,True,Greenland Mines Ltd,2836.0,"Biological Products, (No Diagnostic Substances)",biotech/pharma/medtech,False,NE,NE,,True,False,True,False,False,True,False,False,2022-01-31,False,,False,False,,,False,,False,False,28510632.0,2025-03-31,no 8-K/6-K on run day,,28510632.0,3706382.16,False,False,,0.0
KLTO,2025-06-09,2025-06-06,True,True,False,8.878048780487806,9.804878048780488,2025-06-09,1.82,1108690857.0,0.205,0.205,<1,5723546.085,0.1263736263736263,0.28125,0.8116465988522084,2024-10-01,0.7184,1.84,1.82,7.878048780487806,2.5043902439024395,0.9891304347826086,7.975609756097562,2017817359.74,0.1043956043956042,,-0.0879120879120879,,-0.2472527472527472,,2.97,-0.4410774410774412,-0.5387205387205387,1907223.0,True,Greenland Mines Ltd,2836.0,"Biological Products, (No Diagnostic Substances)",biotech/pharma/medtech,False,NE,NE,,True,False,False,False,False,False,False,False,2022-01-31,False,,False,False,,,False,,False,False,32494389.0,2025-05-14,no 8-K/6-K on run day,,32494389.0,6661349.744999999,False,False,,0.0
KNRX,2026-02-19,2026-02-18,True,False,False,2.653197158081705,1.809502664298401,2026-02-19,2.39,93528214.0,0.9008,0.9008,<1,141087.80000000002,-0.012280701754386,-0.3872108843537414,2.300336991107811,2025-09-29,1.25,3.4496,2.39,1.653197158081705,0.3876554174067494,0.6928339517625232,2.8294849023090585,223532431.46,-0.3179916317991632,,-0.497907949790795,,-0.4811715481171548,,1.64,-0.2682926829268293,-0.2439024390243902,1982960.0,True,KNOREX LTD.,7370.0,"Services-Computer Programming, Data Processing, Etc.",tech/software/semis/telecom,False,U0,Singapore,E9,False,False,False,False,False,False,True,True,2023-12-15,False,,False,False,,,False,,False,False,,,no 8-K/6-K on run day,,,,True,False,,1.0
KNRX,2026-09-28,2026-09-25,True,False,False,4.046052631578948,1.2171052631578947,2026-09-28,1.23,291221147.535391,0.304,0.304,<1,4214.8261184,-0.0391908975979773,-0.2760180995475113,0.2485845167131222,2025-09-29,0.319,1.6,1.23,3.046052631578948,0.0493421052631579,0.7687499999999999,4.2631578947368425,358202011.4685309,-0.6991869918699187,,,beyond_data,,beyond_data,0.6943,,,1982960.0,True,KNOREX LTD.,7370.0,"Services-Computer Programming, Data Processing, Etc.",tech/software/semis/telecom,False,U0,Singapore,E9,False,False,True,False,True,False,True,True,2023-12-15,False,,True,True,0001493152-26-044495,form6-k.htm,False,,False,False,,,AI pivot / AI product,"While Allowing KNOREX to Retain an Equity Interest in AscendX AscendX Has Moved from Product Development into Commercial Deployment, with Live Publishers, Global Demand Integrations and a Growing Pipeline ALLEN, Texas an",,,True,False,,1.0
KNW,2025-06-06,2025-06-05,True,True,False,3.058823529411765,5.96078431372549,2025-06-06,0.039,109001890.0,0.01275,0.51,<1,158958.33000000002,-0.0192307692307692,0.1999999999999999,0.3530309164687484,2024-10-01,0.02575,0.04175,0.039,2.058823529411765,1.0196078431372548,0.9341317365269464,2.2745098039215685,170042948.4,0.9487179487179488,,1.1025641025641022,,1.365384615384615,,0.0855,-0.0409356725146199,0.0789473684210524,1074828.0,True,"USBC, Inc.",6199.0,Finance Services,finance/real estate,False,NV,NV,NV,True,False,False,False,False,False,False,False,2007-05-23,True,1.01;3.02;5.02;7.01;9.01,False,True,0001654954-25-006660,knwn_8k.htm,False,,False,True,7500000.0,2025-05-14,crypto treasury / digital assets,"7 knwn_ex991.htm PRESS RELEASE knwn_ex991.htm EXHIBIT 99.1 Greg Kidd to Acquire Controlling Interest in Know Labs and Introduce Bitcoin Treasury Strategy SEATTLE, WA, June 6, 2025, Know Labs, Inc. (NYSE American: KNW (“ ",7500000.0,3825000.0,False,False,,0.0
KOD,2026-09-28,2026-09-25,True,True,False,2.779598145285935,2.816692426584235,2026-09-28,89.92,38551965.985292,32.35,32.35,>10,73671811.5912399,-0.0110058086212166,-0.1730572597137013,2.965601007391127,2024-10-01,61.705,95.77,89.92,1.7795981452859349,0.90741885625966,0.9389161532839094,1.9604327666151464,3466592781.397457,0.0133451957295374,,,beyond_data,,beyond_data,87.2,,,1468748.0,True,Kodiak Sciences Inc.,2836.0,"Biological Products, (No Diagnostic Substances)",biotech/pharma/medtech,False,CA,CA,DE,True,False,False,False,False,False,False,False,2009-07-28,True,8.01;9.01,False,True,0001193125-26-403481,d185059d8k.htm,False,,False,True,62849457.0,2026-08-06,FDA / clinical,• Post-hoc analyses to identify which treatment naïve wAMD patient sub-groups can benefit from IL-6 inhibition are planned. Tabirafusp-ted development program is accelerating in diabetic macular edema and actively enroll,62849457.0,2033179933.95,False,False,,0.0
KRKR,2025-01-29,2025-01-28,True,False,False,2.21652274171157,1.6259206098967034,2025-01-29,0.471,23687690.0,0.212495,4.2499,3-10,135678.0575,0.2536578171091446,0.3709354838709675,1.5575678035976523,2024-10-01,0.2225,0.6495000000000001,0.471,1.2165227417115698,0.0470834607873127,0.7251732101616628,2.056542506882515,223138039.8,-0.2664543524416135,,-0.3630573248407642,,-0.5509554140127388,,0.398,-0.2462311557788944,-0.4685929648241206,1779476.0,True,36Kr Holdings Inc.,7389.0,"Services-Business Services, NEC",other services,False,,,E9,False,False,False,False,False,False,True,False,2019-06-28,False,,False,False,,,False,,False,False,,,no 8-K/6-K on run day,,,,False,False,,
KRRO,2024-10-16,2024-10-15,False,True,False,1.9366197183098592,2.012323943661972,2024-10-17,80.01,1510353.0,39.76,39.76,>10,1806058.24,0.1356755212796343,,,2024-10-01,47.67,98.0,77.0,0.9366197183098592,0.198943661971831,0.7857142857142857,1.4647887323943665,116297181.0,0.0003749531308585,,-0.1484814398200226,,-0.378827646544182,,80.0,-0.148375,-0.3787499999999999,1703647.0,True,"Korro Bio, Inc.",2834.0,Pharmaceutical Preparations,biotech/pharma/medtech,False,MA,MA,DE,True,False,True,False,False,True,False,False,2017-04-14,False,,False,False,,,False,,False,True,9298815.0,2024-08-08,no 8-K/6-K on run day,,9298815.0,369720884.4,False,False,,
KTTA,2025-11-26,2025-11-25,True,True,False,2.173913043478261,3.014766201804758,2025-11-26,1.06,159521876.0,0.4876,0.4876,<1,4081404.602,-0.2612121212121212,-0.3246537396121883,2.125849264640709,2024-10-01,0.51,1.34,1.06,1.1739130434782612,0.0459392945036916,0.7910447761194029,1.7481542247744055,169093188.56,0.3867924528301885,,0.0943396226415094,,0.0566037735849056,,1.425,-0.1859649122807019,-0.2140350877192982,1841330.0,True,Pasithea Therapeutics Corp.,2834.0,Pharmaceutical Preparations,biotech/pharma/medtech,False,FL,FL,DE,True,False,True,False,True,False,False,True,2021-01-29,True,7.01;8.01;9.01,False,True,0001213900-25-114763,ea0266606-8k_pasithea.htm,True,424B4;EFFECT,True,True,7443577.0,2025-11-12,FDA / clinical,"e -- -- Favorable Pharmacokinetic (PK) Profile: PAS-004 demonstrates dose-proportional PK with Cmax/Cmin ratio <2. AUC >5,400 ng·h/mL at the 30mg capsule dose (Cohort 6) -- -- Potential Best-in-Class MEK Inhibitor Profil",7443577.0,3629488.1451999997,True,False,,0.0
KUKE,2025-10-20,2025-10-17,False,True,False,1.490597014925373,2.0746268656716413,2025-10-21,0.1389999999999999,1386408.0,0.067,0.67,<1,548705.2100000001,0.1827007943512797,-0.5472361129882417,0.8137274369840727,2024-10-01,0.0699999999999999,0.1,0.09987,0.4905970149253733,0.0447761194029849,0.9987,0.4925373134328359,1384605.6696,,no_trades_after,,no_trades_after,,no_trades_after,,,,,False,,,,,,,,,,,,,,,,,,,,,,,,,,,,,,no 8-K/6-K on run day,,,,,False,,0.0
KWE,2025-06-18,2025-06-17,False,True,False,1.946180555555556,2.126736111111111,2025-06-20,0.0583333333333333,37359935.0,0.0274285714285714,5.76,3-10,470453.76,-0.04,-0.0120068610634649,0.6862840244193965,2024-10-01,0.0461428571428571,0.0731904761904762,0.0533809523809523,0.9461805555555558,0.6822916666666665,0.7293428757319455,1.6684027777777777,418804871.35,-0.2408163265306121,,-0.1142857142857144,,-0.1142857142857144,stale_last_close,0.0576190476190476,-0.103305785123967,,1889823.0,True,DEFSEC Technologies Inc.,7372.0,Services-Prepackaged Software,tech/software/semis/telecom,False,,,A1,False,False,False,False,False,False,True,True,2022-07-05,False,,True,True,0001062993-25-011873,form6k.htm,False,,False,False,1579174.0,2024-09-30,listing compliance / reverse split / financing,2 exhibit99-1.htm EXHIBIT 99.1 KWESST Micro Systems Inc.: Exhibit 99.1 - Filed by,7519.8761904761905,43314.48685714285,True,True,1-for-21,0.0
KWM,2025-06-04,2025-06-03,True,False,False,2.333333333333333,1.859375,2025-06-04,4.48,116715175.0,1.92,1.92,1-3,836680.32,0.2151898734177213,,1.170825785343966,2025-05-14,4.76,6.4699,4.48,1.3333333333333337,1.4791666666666663,0.6924372865113836,2.369739583333333,522883984.00000006,-0.2031250000000001,,0.4419642857142856,,-0.0401785714285715,,4.83,0.3374741200828157,-0.1097308488612837,,False,,,,,,,,,,,,,,,,,,,,,,,,,,,,,,no 8-K/6-K on run day,,,,,False,,1.0
KXIN,2024-10-02,2024-10-01,True,True,False,2.715079365079365,3.492063492063492,2024-10-02,0.3421,663961957.0,0.126,0.126,<1,4469398.29,,,,2024-10-01,0.205,0.3653,0.3421,1.7150793650793652,0.626984126984127,0.9364905557076376,1.899206349206349,227141385.4897,0.2861736334405145,,-0.2779888921368021,,-0.7978174023190101,,0.2649,-0.0675726689316724,-0.7388951805712848,1713539.0,True,Kaixin Holdings,5500.0,Retail-Auto Dealers & Gasoline Stations,retail/wholesale,False,,,E9,False,False,False,False,False,False,True,False,2017-08-11,False,,False,False,,,False,,False,False,49806556.0,2023-12-31,no 8-K/6-K on run day,,49806556.0,6275626.056,False,False,,
LAC,2025-09-24,2025-09-23,False,True,False,1.957654723127036,2.400651465798046,2025-09-25,7.37,289496390.0,3.07,3.07,3-10,190326406.04,-0.0465838509316771,0.0848056537102472,9.654470025097654,2024-10-01,5.055,6.3,6.01,0.9576547231270358,0.6465798045602607,0.953968253968254,1.0521172638436482,1739873303.9,-0.141112618724559,,-0.0691994572591587,,-0.1207598371777476,,7.14,-0.0392156862745096,-0.0924369747899158,1966983.0,True,LITHIUM AMERICAS CORP.,1000.0,Metal Mining,mining/energy,True,,,A1,False,False,False,False,False,False,True,False,2023-03-08,False,,False,False,,,False,,False,True,241662806.0,2025-08-14,no 8-K/6-K on run day,,241662806.0,741904814.42,False,False,,0.0
LAES,2024-12-11,2024-12-10,True,True,False,2.0140105078809105,3.239929947460596,2024-12-11,1.15,225464882.0,0.571,0.571,<1,25202671.238,0.3872691933916421,0.6695906432748535,12.434758217351332,2024-10-01,1.045,1.45,1.15,1.0140105078809103,0.8301225919439581,0.793103448275862,1.5394045534150615,259284614.3,0.6086956521739133,,1.0347826086956524,,1.91304347826087,,1.71,0.368421052631579,0.9590643274853804,1951222.0,True,SEALSQ Corp,3674.0,Semiconductors & Related Devices,tech/software/semis/telecom,False,V8,Switzerland,D8,False,False,True,True,True,True,True,False,2022-12-09,False,,False,False,,,True,424B3;424B5,False,False,15446807.0,2023-12-31,no 8-K/6-K on run day,,15446807.0,8820126.796999998,False,False,,
LASE,2024-10-08,2024-10-07,False,True,False,1.835648148148148,2.025462962962963,2024-10-09,8.75,68968829.0,4.32,4.32,3-10,68913840.96000001,,,,2024-10-01,4.16,9.42,7.93,0.8356481481481479,-0.037037037037037,0.8418259023354564,1.1805555555555554,546922813.97,-0.0514285714285713,,-0.0822857142857144,,-0.384,,8.11,-0.0098643649815043,-0.3353884093711468,1807887.0,True,Laser Photonics Corp,3690.0,"Miscellaneous Electrical Machinery, Equipment & Supplies",other manufacturing,False,FL,FL,WY,True,False,True,False,True,False,False,False,2020-04-30,False,,False,False,,,False,,False,True,12270427.0,2024-08-22,no 8-K/6-K on run day,,12270427.0,53008244.64,False,False,,
LASE,2026-06-02,2026-06-01,True,True,False,2.609164420485175,3.37466307277628,2026-06-02,2.42,287024604.760733,0.9275,0.9275,<1,818460.3289676099,0.033080864335041,0.291602840829968,0.6878476862585828,2024-10-01,1.205,2.47,2.42,1.609164420485175,0.2991913746630728,0.9797570850202428,1.6630727762803237,694599543.5209738,0.2933884297520661,,0.037190082644628,,-0.3760330578512396,,3.515,-0.2859174964438123,-0.5704125177809388,1807887.0,True,Laser Photonics Corp,3690.0,"Miscellaneous Electrical Machinery, Equipment & Supplies",other manufacturing,False,FL,FL,WY,True,False,True,False,True,True,False,True,2020-04-30,False,,False,False,,,False,,False,True,32604703.0,2026-04-09,no 8-K/6-K on run day,,32604703.0,30240862.0325,True,False,,0.0
LAZR,2025-12-19,2025-12-18,True,False,False,2.7472727272727275,0.9895454545454544,2025-12-19,0.0402933333333333,895763104.0,0.0146666666666666,0.22,<1,6563977.64,-0.7723038708341958,-0.7569866342648846,2.684697581317117,2024-10-01,0.0144233333333333,0.046,0.0402933333333333,1.7472727272727275,-0.0165909090909092,0.8759420289855073,2.136363636363636,541399220.0576,-0.6398080741230974,,-0.6882859033752482,gap_last_close,-0.6882859033752482,gap_last_close,0.0183599999999999,,,1758057.0,True,"Luminar Technologies, Inc./DE",3714.0,Motor Vehicle Parts & Accessories,other manufacturing,False,FL,FL,,True,False,False,False,False,False,False,False,2018-11-06,False,,False,False,,,False,,False,True,,,no 8-K/6-K on run day,,,,False,False,,0.0
LCFY,2025-06-27,2025-06-26,True,True,False,3.254901960784314,2.4705882352941178,2025-06-27,8.3,96031330.0,2.55,2.55,1-3,48013.95,-0.0973451327433629,-0.3661761781666336,1.4483400510753517,2024-10-01,9.81,13.98,8.3,2.254901960784314,2.8470588235294123,0.5937052932761088,4.482352941176472,797060039.0000001,-0.2409638554216868,,-0.4843373493975903,,-0.191566265060241,,7.1,-0.3971830985915492,-0.0549295774647886,1875547.0,True,Locafy Ltd,7370.0,"Services-Computer Programming, Data Processing, Etc.",tech/software/semis/telecom,False,C3,Australia,C3,False,False,True,False,False,True,True,False,2021-09-27,False,,False,False,,,False,,False,False,1382185.0,2024-06-30,no 8-K/6-K on run day,,1382185.0,3524571.7499999995,False,False,,0.0
LDTC,2024-12-09,2024-12-06,True,True,False,4.803352675693102,3.900709219858156,2024-12-09,1.49,296945291.0,0.3102,0.3102,<1,124665.0372,0.0551989468420568,0.0350350350350348,1.663652338777614,2024-10-01,1.66,1.87,1.49,3.8033526756931018,4.3513862024500325,0.7967914438502673,5.028368794326242,442448483.59,-0.1879194630872483,,0.1006711409395972,,-0.0805369127516777,,1.58,0.0379746835443037,-0.1329113924050632,1981462.0,True,LeddarTech Holdings Inc.,7372.0,Services-Prepackaged Software,tech/software/semis/telecom,False,Z4,Canada (Federal Level),,False,False,True,False,False,True,True,True,2023-06-14,False,,True,True,0001213900-24-106648,ea0224029-6k_leddar.htm,True,424B3;F-1/A,True,False,28770982.0,2023-12-21,AI pivot / AI product,"Instruments for Advanced Driver Assistance Systems and Autonomous Driving Solutions TI to make advanced royalty payments to license LeddarTech software QUEBEC CITY, Canada, December 9, 2024 — LeddarTech ® Holdings Inc. (",28770982.0,8924758.6164,True,False,,
LESL,2026-05-14,2026-05-13,True,True,False,2.447552447552448,2.118881118881119,2026-05-14,0.175,41604093.473743,0.0715,1.43,1-3,1475893.09153,-0.0592105263157897,-0.0402684563758389,7.208244183327792,2024-10-01,0.092,0.2375,0.175,1.447552447552448,0.2867132867132869,0.736842105263158,2.321678321678322,145614327.1581005,-0.1342857142857143,,-0.1171428571428572,,1.2771428571428571,,0.194,-0.2036082474226804,1.0541237113402064,1821806.0,True,"Leslie's, Inc.",5990.0,"Retail-Retail Stores, NEC",retail/wholesale,False,AZ,AZ,DE,True,False,False,False,False,False,False,False,2020-08-27,True,2.02,False,True,0001193125-26-221746,lesl-20260513.htm,False,,False,True,9359448.0,2026-05-04,earnings / business update,"Second Quarter 2026 Financial Results Sales increase of 4.3% and Comparable sales increase of 6.6% Achieved 8% customer count growth year-over-year Company reiterates full year guidance PHOENIX – May 13, 2026 – Leslie’s,",9359448.0,13384010.639999999,False,False,,0.0
LGCL,2026-06-30,2026-06-29,True,True,False,2.172126335564166,2.172126335564166,2026-06-30,0.04625,76120571.573747,0.0212925,0.8517,<1,34990736.32199857,-0.4709937888198758,-0.5215168539325843,129.300821404414,2024-10-01,0.02374,0.06125,0.04625,1.1721263355641658,0.1149465774333684,0.7551020408163266,1.8765997416930844,140823057.41143194,0.0,,-0.3351351351351352,,-0.2432432432432434,,0.0400175,-0.2315861810457925,-0.125382645092772,1954694.0,True,Lucas GC Ltd,7370.0,"Services-Computer Programming, Data Processing, Etc.",tech/software/semis/telecom,False,F4,China,E9,False,True,True,False,False,True,True,False,2022-11-21,False,,False,False,,,False,,False,True,2790404.0,2025-12-31,no 8-K/6-K on run day,,2790404.0,2376587.0868,False,False,,0.0
LGHL,2025-12-08,2025-12-05,False,True,False,1.0852130325814535,2.017543859649123,2025-12-09,0.0123846153846153,1051070.0,0.0061384615384615,3.99,3-10,13805088.78,-0.4838292367399741,-0.6257035647279549,53.94354880637013,2024-10-01,0.0061230769230769,0.0075230769230769,0.0066615384615384,0.0852130325814535,-0.0025062656641604,0.8854805725971371,0.2255639097744359,4551133.1,-0.4422360248447206,,-0.5565217391304349,,-0.7267080745341615,,0.0074307692307692,-0.2608695652173913,-0.5445134575569358,1806524.0,True,Lion Group Holding Ltd,6211.0,"Security Brokers, Dealers & Flotation Companies",finance/real estate,False,,,E9,False,False,True,True,False,False,True,False,2020-03-23,False,,False,False,,,True,424B3,False,False,,,no 8-K/6-K on run day,,,,False,True,1-for-13,0.0
LGPS,2025-07-07,2025-07-03,True,True,False,2.023809523809524,2.011904761904762,2025-07-07,1.7,71917000.0,0.84,0.84,<1,40054.56,0.0279001468428781,-0.1539081385979049,0.6159418417802947,2025-03-25,2.02,2.17,1.7,1.0238095238095235,1.4047619047619049,0.783410138248848,1.5833333333333337,122258900.0,-0.0058823529411764,,-0.3,,-0.4537058823529412,,1.45,-0.1793103448275862,-0.3595172413793103,2040290.0,True,LOGPROSTYLE INC.,1531.0,Operative Builders,other,False,M0,Japan,M0,False,False,False,False,False,False,True,True,2024-10-15,False,,True,True,0001641172-25-017954;0001641172-25-017945;0001641172-25-017944;0001641172-25-017919,form6-k.htm;form6-k.htm;form6-k.htm;form6-k.htm,False,,False,False,,,FDA / clinical,"99-1.htm EX-99.1 Exhibit 99.1 LogProstyle Inc. Aoyama Building 13th floor, 1-2-3 Kita-Aoyama, Minato-ku, Tokyo, 107-0061, Japan https://www.logprostyle.co.jp/ LogProstyle Inc. Announces Approval of Performance Share Plan",,,True,False,,1.0
LHAI,2026-07-01,2026-06-30,True,True,False,4.151515151515151,2.6666666666666665,2026-07-01,2.74,338394039.41859,0.66,0.66,<1,87137.92819974,-0.1020408163265305,-0.3195876288659793,1.2984089689506018,2025-07-24,1.82,2.84,2.74,3.1515151515151514,1.7575757575757571,0.9647887323943664,3.3030303030303028,927199668.0069368,-0.3576642335766423,,-0.5182481751824818,,-0.7035036496350365,,1.77,-0.2542372881355932,-0.5410169491525424,2017758.0,True,Linkhome Holdings Inc.,6531.0,Real Estate Agents & Managers (For Others),finance/real estate,False,CA,CA,NV,True,False,False,False,False,False,False,True,2024-04-11,False,,False,False,,,False,,False,True,16230000.0,2026-05-13,no 8-K/6-K on run day,,16230000.0,10711800.0,True,False,,1.0
LHSW,2026-07-06,2026-07-02,True,True,False,3.7777777777777777,2.216666666666667,2026-07-06,0.425,101794134.47894,0.1125,1.8,1-3,25332411.14658,0.0975609756097561,-0.392220421393841,24.90152892915722,2025-04-03,0.425,0.48375,0.425,2.7777777777777777,2.7777777777777777,0.8785529715762274,3.3,692200114.456792,-0.413235294117647,,-0.6279411764705882,,-0.6088235294117647,,0.265625,-0.4047058823529412,-0.3741176470588234,2004024.0,True,Lianhe Sowell International Group Ltd,7372.0,Services-Prepackaged Software,tech/software/semis/telecom,False,,,E9,False,False,False,False,False,False,True,False,2023-12-29,False,,True,True,0001213900-26-075052,ea0296911-6k_lianhe.htm,False,,False,True,52000000.0,2025-03-31,merger / acquisition / buyout,"6-K 1 ea0296911-6k_lianhe.htm REPORT OF FOREIGN PRIVATE ISSUER UNITED STATES SECURITIES AND EXCHANGE COMMISSION WASHINGTON, D.C. 20549 FORM 6-K REPORT OF FOREIGN PRIVATE ISSUER PURSUANT TO RULE 13a-16 OR 15d-16 OF THE SE",3250000.0,5850000.0,False,True,1-for-16,0.0
LHSW,2026-09-22,2026-09-21,True,False,False,2.053343987658227,1.7688180858704714,2026-09-22,0.05556875,346029852.840502,0.0270625625,0.433001,<1,196130.0964043137,-0.3047511239563262,-0.8267996,0.0551670096159164,2025-04-03,0.079375,0.08375,0.05556875,1.0533439876582271,1.9330186304419616,0.6635074626865671,2.0946810746395506,307655142.16049033,-0.1385670903160498,,-0.4052974918456866,,,beyond_data,0.04556875,-0.274790838019476,,2004024.0,True,Lianhe Sowell International Group Ltd,7372.0,Services-Prepackaged Software,tech/software/semis/telecom,False,,,E9,False,False,True,False,True,True,True,True,2023-12-29,False,,False,False,,,False,,False,True,52000000.0,2025-03-31,no 8-K/6-K on run day,,,,True,False,,0.0
LIDR,2025-07-24,2025-07-23,True,True,False,2.584070796460177,3.924778761061947,2025-07-24,2.92,362801555.0,1.13,1.13,1-3,1130167.24,0.0660377358490564,0.4407752135662373,0.4383205323964946,2024-10-01,4.03,4.8,2.92,1.584070796460177,2.5663716814159296,0.6083333333333334,3.2477876106194694,1059380540.6,0.5188356164383561,,0.2363013698630136,,-0.0684931506849314,,3.46,0.0433526011560694,-0.2138728323699421,1818644.0,True,"AEye, Inc.",3714.0,Motor Vehicle Parts & Accessories,other manufacturing,False,CA,CA,DE,True,False,False,False,False,False,False,False,2020-07-20,False,,False,False,,,True,424B5,False,True,19232680.0,2025-05-07,no 8-K/6-K on run day,,19232680.0,21732928.4,False,False,,0.0
LIFW,2024-12-06,2024-12-05,True,False,False,2.037735849056604,,2024-12-06,0.1296,29084514.0,0.0636,1.59,1-3,314161.74,-0.0479041916167664,-0.47,0.1006198474092726,2024-10-01,0.0668,0.1648,0.1296,1.0377358490566038,0.050314465408805,0.7864077669902914,1.591194968553459,94233825.36,,no_trades_after,,no_trades_after,,no_trades_after,,,,1802450.0,True,"MSP Recovery, Inc.",7374.0,Services-Computer Processing & Data Preparation,tech/software/semis/telecom,False,FL,FL,,True,False,True,False,True,True,False,False,2020-02-13,True,8.01;9.01,False,True,0000950170-24-133866,lifw-20241206.htm,True,424B3,True,True,66142649.0,2022-07-31,listing compliance / reverse split / financing,8-K 0001802450 False 0001802450 us-gaap:CommonStockMember 2024-12-06 2024-12-06 0001802450 2024-12-06 2024-12-06 0001802450 lifw:RedeemableWarrantsEachWholeWarrantExercisableForOneShareOfClassACommonStockAtAnExercisePric,,,False,True,1-for-25,
LIMN,2025-06-04,2025-06-03,True,True,False,2.39811320754717,4.6415094339622645,2025-06-04,12.71,1435921.0,5.3,5.3,3-10,57112.8,0.0453648915187376,-0.2638888888888889,0.4896579301319568,2025-05-01,5.78,12.71,12.71,1.39811320754717,0.090566037735849,1.0,1.39811320754717,18250555.91,0.935483870967742,,-0.1258851298190402,,-0.2903225806451613,,21.29,-0.4781587599812118,-0.5763269140441523,1971387.0,True,"Liminatus Pharma, Inc.",2836.0,"Biological Products, (No Diagnostic Substances)",biotech/pharma/medtech,False,CA,CA,DE,True,False,False,False,False,False,False,False,2023-05-02,False,,False,False,,,False,,False,False,26014633.0,2025-05-30,no 8-K/6-K on run day,,26014633.0,137877554.9,False,False,,1.0
LIMN,2026-02-03,2026-02-02,False,True,False,1.8735773069514967,2.503939765365085,2026-02-04,1.43,87519456.0,0.5711,0.5711,<1,2807568.7192,-0.1868147515306848,-0.108631184641798,39.03669085513796,2025-05-01,0.6782,1.22,1.07,0.8735773069514972,0.1875328313780422,0.8770491803278689,1.136228331290492,93645817.92,0.4335664335664335,,-0.5823776223776225,,-0.8174825174825174,,1.71,-0.6507602339181286,-0.8473684210526315,1971387.0,True,"Liminatus Pharma, Inc.",2836.0,"Biological Products, (No Diagnostic Substances)",biotech/pharma/medtech,False,CA,CA,DE,True,False,False,False,False,False,False,False,2023-05-02,False,,False,False,,,True,EFFECT;S-1,False,False,27064633.0,2025-11-13,no 8-K/6-K on run day,,27064633.0,15456611.9063,False,False,,1.0
LITM,2024-12-18,2024-12-17,True,False,False,4.478142076502732,1.6508196721311474,2024-12-18,0.8195,1202875615.0,0.183,0.183,<1,789449.739,0.0433295324971494,-0.1681818181818182,1.832288659857744,2024-10-01,0.5702,1.0,0.8195,3.478142076502732,2.11584699453552,0.8195,4.46448087431694,985756566.4925,-0.6313605857230018,,0.0738255033557047,,0.4032946918852957,,0.43,1.0465116279069768,1.6744186046511629,1769697.0,True,Frontier Nuclear & Minerals Inc.,1090.0,Miscellaneous Metal Ores,mining/energy,False,,,A2,False,False,True,False,False,True,True,False,2019-03-19,False,,False,False,,,True,424B5,False,False,25766065.0,2024-06-30,no 8-K/6-K on run day,,25766065.0,4715189.895,False,False,,
LIVE,2025-06-26,2025-06-25,False,True,False,1.857988165680473,2.162130177514793,2025-06-27,18.27,2602130.0,8.45,8.45,3-10,2613500.5,-0.2013232514177694,-0.6464435146443515,8.519857584584978,2024-10-01,9.9,24.35,15.7,0.8579881656804735,0.1715976331360948,0.6447638603696098,1.881656804733728,40853441.0,-0.0487137383689108,,-0.0131362889983578,,-0.0815544608648055,,17.07,0.0562390158172232,-0.0169888693614528,1045742.0,True,LIVE VENTURES Inc,5900.0,Retail-Miscellaneous Retail,retail/wholesale,False,NV,NV,NV,True,False,False,False,False,False,False,False,1998-08-13,False,,False,False,,,False,,False,True,3076802.0,2025-05-03,no 8-K/6-K on run day,,3076802.0,25998976.9,False,False,,0.0
LIXT,2025-07-01,2025-06-30,False,True,False,1.3038674033149171,2.232044198895028,2025-07-02,2.02,12688253.0,0.905,0.905,<1,213700.365,0.1490604367699339,-0.2264957264957264,2.874087291396105,2024-10-01,1.03,1.54,1.18,0.3038674033149171,0.1381215469613259,0.7662337662337662,0.701657458563536,14972138.54,0.4009900990099009,,1.0891089108910892,,0.9653465346534652,,3.02,0.3973509933774832,0.3145695364238412,1335105.0,True,"NOMAD POWER SOLUTIONS, INC.",2834.0,Pharmaceutical Preparations,biotech/pharma/medtech,False,FL,FL,DE,True,False,True,False,True,True,False,True,2005-08-03,False,,False,False,,,True,424B5;S-1/A,False,True,2684074.0,2025-04-30,no 8-K/6-K on run day,,2684074.0,2429086.97,True,False,,0.0
LMFA,2025-07-18,2025-07-17,False,True,False,1.4549549549549547,2.135135135135135,2025-07-21,4.74,17088476.0,2.22,2.22,1-3,520328.04,-0.0826446280991735,0.3058823529411767,0.08510531374991,2024-10-01,2.16,3.5,3.23,0.4549549549549547,-0.027027027027027,0.9228571428571428,0.5765765765765765,55195777.48,0.0400843881856538,,-0.5738396624472575,,-0.4789029535864979,,4.66,-0.5665236051502146,-0.4699570815450643,1640384.0,True,"POWERCOMPUTE, INC.",6199.0,Finance Services,finance/real estate,False,FL,FL,DE,True,False,False,False,False,False,False,False,2015-05-04,False,,False,False,,,False,,False,False,5133412.0,2025-05-09,no 8-K/6-K on run day,,5133412.0,11396174.64,False,False,,0.0
LNAI,2026-03-17,2026-03-16,True,False,False,2.627654554034922,1.896649362907032,2026-03-17,0.05568,554032865.127636,0.02119,0.2119,<1,1159351.7442551656,-0.0368181818181818,-0.7114651416122004,2.9918896081162507,2025-10-01,0.05575,0.073929,0.05568,1.627654554034922,1.630957999056159,0.753155054173599,2.4888626710712605,308485499.3030677,-0.2781968390804596,,-0.3444683908045978,,-0.4200790229885056,,0.04724,-0.2273497036409822,-0.3164690939881456,1527728.0,True,Lunai Bioworks Inc.,2834.0,Pharmaceutical Preparations,biotech/pharma/medtech,False,CA,CA,DE,True,False,False,False,False,False,False,False,2011-08-12,False,,False,False,,,False,,False,False,24187356.0,2026-02-11,no 8-K/6-K on run day,,24187356.0,5125300.7364,False,False,,1.0
LNKS,2026-01-27,2026-01-26,False,True,False,1.3840830449826989,2.219434832756632,2026-01-28,0.7697,11769124.0,0.3468,0.3468,<1,92697.2124,0.0919395465994963,-0.133,0.7096639216582729,2024-12-05,0.36,0.54,0.48,0.3840830449826988,0.0380622837370241,0.8888888888888888,0.5570934256055364,5649179.52,0.7149538781343381,,0.403144082109913,,0.5460569052877744,,0.68945,0.5664660236420336,0.7260134890129812,1972074.0,True,Linkers Industries Ltd,3670.0,Electronic Components & Accessories,other manufacturing,False,N8,Malaysia,,False,False,False,False,False,False,True,False,2023-09-22,False,,False,False,,,False,,False,False,,,no 8-K/6-K on run day,,,,False,False,,0.0
LOBO,2025-08-01,2025-07-31,True,True,False,2.1868743047830925,2.040044493882092,2025-08-01,0.7864,427071429.0,0.3596,0.3596,<1,197737.5672,-0.1570557899671824,-0.306994232018177,0.6170634225955621,2024-10-01,0.4904,1.27,0.7864,1.1868743047830923,0.3637374860956619,0.6192125984251968,2.5317018909899893,335848971.7656,-0.0671414038657171,,-0.0576042726347915,,-0.3508392675483215,,0.7,0.0587142857142857,-0.2707142857142857,1932072.0,True,LOBO TECHNOLOGIES LTD.,3751.0,"Motorcycles, Bicycles & Parts",other manufacturing,False,,,,False,False,False,False,False,False,True,False,2022-09-19,False,,False,False,,,False,,False,False,7780000.0,2024-12-31,no 8-K/6-K on run day,,7780000.0,2797688.0,False,False,,0.0
LOCL,2025-04-03,2025-04-02,False,True,False,1.3428571428571427,2.261904761904762,2025-04-04,4.75,214320.0,2.1,2.1,1-3,40979.4,0.0,-0.1428571428571429,2.028503414796412,2024-10-01,2.15,2.99,2.82,0.3428571428571427,0.0238095238095237,0.94314381270903,0.4238095238095238,604382.4,-0.2673684210526316,,-0.2905263157894736,,-0.4736842105263158,,4.82,-0.3008298755186722,-0.4813278008298756,1840780.0,True,Local Bounti Corporation/DE,100.0,Agricultural Production-Crops,other,False,MT,MT,DE,True,False,False,False,False,False,False,False,2021-01-21,False,,False,False,,,False,,False,True,10633947.0,2025-03-31,no 8-K/6-K on run day,,10633947.0,22331288.7,False,False,,0.0
LPTX,2025-11-12,2025-11-11,True,False,False,4.685714285714285,,2025-11-12,2.05,785997614.0,0.4375,0.4375,<1,297643.5,0.0481552467656924,-0.2953776775648252,0.4805632594028878,2024-10-01,0.605,2.54,2.05,3.685714285714285,0.3828571428571428,0.8070866141732282,4.805714285714286,1611295108.6999998,,no_trades_after,,no_trades_after,,no_trades_after,,,,1509745.0,True,CYPHERPUNK TECHNOLOGIES INC.,2834.0,Pharmaceutical Preparations,biotech/pharma/medtech,False,MA,MA,DE,True,False,False,False,False,False,False,False,2011-01-07,True,1.01;2.02;5.02;5.03;7.01;8.01;9.01,False,True,0001104659-25-109820,tm2530735d1_8k.htm,False,,True,False,41439529.0,2025-08-11,merger / acquisition / buyout,99-1.htm EXHIBIT 99.1 Exhibit 99.1 Leap Therapeutics Rebrands as Cypherpunk; Expands Leadership Team to Drive New Zcash Treasury Strategy Khing Oei appointed Chairman of the Board; Will McEvoy appointed Chief Investment ,41439529.0,18129793.9375,False,False,,0.0
LRHC,2024-10-23,2024-10-22,True,True,False,2.3061224489795915,2.122448979591837,2024-10-23,1.13,182508548.0,0.49,0.49,<1,22499.33,-0.0679094540612516,,,2024-10-01,0.82,1.78,1.13,1.3061224489795915,0.6734693877551019,0.6348314606741572,2.63265306122449,206234659.24,-0.0796460176991149,,-0.3234513274336282,,-0.3265486725663716,,1.04,-0.2649038461538462,-0.2682692307692308,1879403.0,True,La Rosa Holdings Corp.,6531.0,Real Estate Agents & Managers (For Others),finance/real estate,False,FL,FL,NV,True,False,True,False,True,True,False,False,2021-12-17,False,,False,False,,,False,,False,True,16026006.0,2024-08-15,no 8-K/6-K on run day,,16026006.0,7852742.9399999995,False,False,,
LRMR,2026-02-24,2026-02-23,False,True,False,1.3131672597864767,2.117437722419929,2026-02-25,5.95,70424355.910839,2.81,2.81,1-3,2552386.3690968,-0.1079365079365078,-0.2384823848238482,0.816111976875934,2024-10-01,3.59,4.01,3.69,0.3131672597864767,0.2775800711743772,0.9201995012468828,0.4270462633451957,259865873.31099597,-0.0722689075630252,,-0.0840336134453781,,-0.2134453781512605,,5.4,0.0092592592592593,-0.1333333333333334,1374690.0,True,"Larimar Therapeutics, Inc.",2834.0,Pharmaceutical Preparations,biotech/pharma/medtech,False,PA,PA,DE,True,False,False,False,False,False,False,False,2006-08-28,True,8.01;9.01,False,True,0001193125-26-065186,lrmr-20260224.htm,True,424B5,False,True,85590392.0,2025-11-03,FDA / clinical,"• Topline open label study data to support BLA submission expected in Q2 2026 • Planned BLA submission seeking accelerated approval on track for June 2026; U.S. launch targeted for first-half 2027, if approved Bala Cynwy",85590392.0,240509001.52,False,False,,0.0
LSE,2025-03-18,2025-03-17,False,True,False,1.3924731182795698,2.240143369175627,2025-03-19,12.5,575381.0,5.58,5.58,3-10,56949.48,0.0834951456310679,0.0410447761194028,0.9497399056401856,2024-12-19,5.57,7.9393,7.77,0.3924731182795697,-0.0017921146953404,0.9786757018880756,0.4228136200716845,4470710.37,-0.3384,,-0.5592,,-0.5696,,10.47,-0.4737344794651386,-0.4861509073543457,1985139.0,True,"Leishen Energy Holding Co., Ltd.",3533.0,Oil & Gas Field Machinery & Equipment,other manufacturing,False,F4,China,E9,False,True,True,False,False,True,True,True,2023-08-24,False,,False,False,,,False,,False,False,15500000.0,2024-09-30,no 8-K/6-K on run day,,15500000.0,86490000.0,True,False,,1.0
LTRY,2025-02-06,2025-02-05,True,True,False,2.8781383955909368,3.2659726474790776,2025-02-06,1.41,272770059.0,0.4899,0.4899,<1,2694981.5415,0.5405708822983721,-0.0052791878172588,0.8261866389707432,2024-10-01,0.49,1.58,1.41,1.8781383955909368,0.0002041232904674,0.8924050632911391,2.225147989385589,384605783.19,0.1347517730496454,,0.0,,-0.127659574468085,,1.7,-0.1705882352941177,-0.2764705882352941,1673481.0,True,Sports Entertainment Gaming Global Corp,7372.0,Services-Prepackaged Software,tech/software/semis/telecom,False,TX,TX,DE,True,False,False,False,False,False,False,False,2016-05-03,False,,False,False,,,False,,False,True,10636344.0,2024-11-22,no 8-K/6-K on run day,,10636344.0,5210744.9256,False,False,,
LTRY,2025-05-21,2025-05-20,True,True,False,2.312589320514486,2.078731973496167,2025-05-21,1.78,163530664.0,0.7697,0.7697,<1,189399.3093,-0.0281565656565656,-0.0366708385481852,0.5399793022088177,2024-10-01,0.7466,1.89,1.78,1.312589320514486,-0.0300116928673509,0.941798941798942,1.4555021436923474,291084581.92,-0.1011235955056178,,-0.0168539325842697,,-0.2528089887640449,,1.619,0.0809141445336627,-0.1785052501544162,1673481.0,True,Sports Entertainment Gaming Global Corp,7372.0,Services-Prepackaged Software,tech/software/semis/telecom,False,TX,TX,DE,True,False,True,False,True,False,False,False,2016-05-03,False,,False,False,,,False,,False,True,4780380.0,2024-05-17,no 8-K/6-K on run day,,4780380.0,3679458.486,False,False,,0.0
LUCY,2025-04-10,2025-04-09,True,False,False,2.020408163265306,0.9591836734693876,2025-04-10,0.2475,14537364.0,0.1225,2.45,1-3,1130118.85,-0.0429687499999998,-0.3552631578947368,25.467881702411944,2024-10-01,0.121,0.2779999999999999,0.2475,1.020408163265306,-0.0122448979591838,0.8902877697841729,1.2693877551020405,71959951.8,-0.5252525252525253,,-0.6484848484848484,,-0.6303030303030304,,0.1391,-0.3745506829618978,-0.3421998562185477,1808377.0,True,Innovative Eyewear Inc,3851.0,Ophthalmic Goods,other manufacturing,False,FL,FL,FL,True,False,False,False,False,False,False,False,2020-06-29,False,,False,False,,,False,,False,False,2452632.0,2025-03-24,no 8-K/6-K on run day,,2452632.0,6008948.4,False,False,,0.0
LVRO,2026-01-02,2025-12-31,True,True,False,2.4444444444444446,2.6888888888888887,2026-01-02,1.1,116185094.0,0.45,0.45,<1,21916.8,-0.2857142857142857,-0.4827586206896551,3.0119975262832406,2024-10-01,0.5837,1.49,1.1,1.4444444444444446,0.2971111111111111,0.738255033557047,2.311111111111111,127803603.4,0.0999999999999998,,0.0181818181818183,,-0.0272727272727273,,0.9692,0.1555922410235246,0.1040033016921173,1945711.0,True,Lavoro Ltd,5900.0,Retail-Miscellaneous Retail,retail/wholesale,False,,,E9,False,False,False,False,False,False,True,False,2022-09-15,False,,False,False,,,False,,False,False,116608329.0,2024-06-30,no 8-K/6-K on run day,,,,False,False,,0.0
LVWR,2025-05-27,2025-05-23,True,True,False,2.5346534653465347,3.93069306930693,2025-05-27,2.56,82033378.0,1.01,1.01,1-3,54494.55,-0.1293103448275862,-0.5190476190476191,0.8684678797263332,2024-10-01,1.02,2.6,2.56,1.534653465346535,0.0099009900990099,0.9846153846153846,1.5742574257425743,210005447.68,0.55078125,,0.5625,,1.0,,3.7,0.0810810810810809,0.3837837837837836,1898795.0,True,"LiveWire Group, Inc.",3751.0,"Motorcycles, Bicycles & Parts",other manufacturing,False,WI,WI,DE,True,False,True,False,False,True,False,False,2021-12-13,False,,False,False,,,False,,False,True,203566228.0,2025-05-02,no 8-K/6-K on run day,,203566228.0,205601890.28,False,False,,0.0
LVWR,2026-07-24,2026-07-23,False,True,False,1.896103896103896,3.155844155844156,2026-07-27,2.43,104994917.409727,0.77,0.77,<1,1599724.71139019,0.0549390327442116,-0.2376237623762376,2.427934880153284,2024-10-01,1.265,1.77,1.46,0.8961038961038961,0.6428571428571428,0.8248587570621468,1.2987012987012987,153292579.41820142,-0.1975308641975309,,-0.308641975308642,,-0.4773662551440329,,2.97,-0.4343434343434343,-0.5723905723905724,1898795.0,True,"LiveWire Group, Inc.",3751.0,"Motorcycles, Bicycles & Parts",other manufacturing,False,WI,WI,DE,True,False,False,False,False,False,False,False,2021-12-13,False,,False,False,,,False,,False,True,204761830.0,2026-05-04,no 8-K/6-K on run day,,204761830.0,157666609.1,False,False,,0.0
LXEH,2025-07-31,2025-07-30,False,True,False,1.514285714285715,2.0571428571428574,2025-08-01,0.288,5807488.0,0.1399999999999999,1.4,1-3,90273.4,0.0,0.1570247933884296,0.5467584417456485,2024-10-01,0.159,0.225,0.212,0.5142857142857147,0.1357142857142861,0.9422222222222224,0.6071428571428574,12311874.56,-0.2708333333333332,,-0.3888888888888887,,-0.298611111111111,,0.27,-0.3481481481481481,-0.2518518518518519,1814067.0,True,Lixiang Education Holding Co. Ltd.,8200.0,Services-Educational Services,other services,False,F4,China,,False,True,False,False,False,False,True,False,2020-06-18,False,,False,False,,,False,,False,False,116667000.0,2023-12-31,no 8-K/6-K on run day,,,,False,False,,0.0
LYRA,2025-06-02,2025-05-30,True,True,False,4.107505070993915,5.594320486815416,2025-06-02,0.405,26856817.0,0.0986,4.93,3-10,297441.69,0.0670995670995671,-0.115695067264574,0.4009627412286036,2024-10-01,0.5802,0.75,0.405,3.107505070993916,4.884381338742394,0.54,6.606490872210954,543850544.25,0.3619753086419752,,-0.0906172839506173,,-0.5607407407407408,,0.454,-0.1887665198237885,-0.6081497797356828,1327273.0,True,"Lyra Therapeutics, Inc.",3841.0,Surgical & Medical Instruments & Apparatus,biotech/pharma/medtech,False,MA,MA,DE,True,False,False,False,False,False,False,False,2005-05-09,True,5.03;7.01;8.01;9.01,False,True,0001193125-25-132774,d948302d8k.htm,False,,False,True,66267225.0,2025-05-02,FDA / clinical,"tients, as well as to continue development of LYR-210 in patients with nasal polyps • Conference call to discuss trial results today at 8:30 a.m. ET WATERTOWN, Mass., June 2, 2025 – Lyra Therapeutics, Inc . (Nasdaq: LYRA",1325344.5,6533948.385,False,True,1-for-50,0.0
LYT,2025-03-26,2025-03-25,False,True,False,1.2312252964426875,2.33201581027668,2025-03-27,0.118,319830305.0,0.0506,0.0506,<1,921715.179,-0.3096862210095499,-0.7450881612090681,0.7265935669101081,2024-10-01,0.0632,0.0964,0.0623,0.2312252964426877,0.24901185770751,0.6462655601659751,0.9051383399209488,19925428.0015,-0.1677966101694915,,-0.1677966101694915,stale_last_close,-0.1677966101694915,stale_last_close,0.11,,,1816319.0,True,Lytus Technologies Holdings PTV. Ltd.,7374.0,Services-Computer Processing & Data Preparation,tech/software/semis/telecom,False,,,D8,False,False,True,True,True,True,True,False,2020-07-08,False,,False,False,,,False,,False,False,1863238.0,2024-08-09,no 8-K/6-K on run day,,1863238.0,94279.8428,False,False,,0.0
MAAS,2025-06-23,2025-06-20,True,True,False,3.6777777777777776,2.5148148148148146,2025-06-23,9.93,1507835.0,2.7,2.7,1-3,56521.8,0.0,-0.2058823529411764,0.8899942605701167,2025-05-05,4.36,13.33,9.93,2.6777777777777776,0.6148148148148149,0.7449362340585146,3.9370370370370367,14972801.55,-0.3162134944612286,,-0.6626384692849949,,-0.6304128902316213,,5.2,-0.3557692307692307,-0.2942307692307693,1750264.0,True,Maase Inc.,6282.0,Investment Advice,finance/real estate,False,,,E9,False,False,True,False,False,True,True,False,2018-10-01,False,,False,False,,,False,,False,False,372547538.0,2024-06-30,no 8-K/6-K on run day,,372547538.0,1005878352.6,False,False,,1.0
MASK,2026-05-28,2026-05-27,True,True,False,2.9927536231884058,2.5942028985507246,2026-05-28,0.1651999999999999,149868013.338186,0.0552,1.38,1-3,832869.43195026,-0.1929824561403509,-0.1736526946107784,0.1226775397409706,2025-01-08,0.0746,0.2692,0.1651999999999999,1.9927536231884055,0.3514492753623188,0.6136701337295689,3.8768115942028993,618954895.0867082,-0.1331719128329297,,-0.1259079903147698,,-0.523002421307506,,0.196,-0.263265306122449,-0.5979591836734695,1993097.0,True,3 E Network Technology Group Ltd,7371.0,Services-Computer Programming Services,tech/software/semis/telecom,False,,,D8,False,False,False,False,False,False,True,False,2023-09-27,False,,True,True,0001185185-26-002136,mask6k052626.htm,True,F-1,False,False,,,other,"3 E NETWORK TECHNOLOGY GROUP LIMITED INDEX TO CONSOLIDATED FINANCIAL STATEMENTS Pages Consolidated Balance Sheets as of December 31, 2025 (Unaudited) and June 30, 2025 F-2 Consolidated Statements of Income and Comprehens",,,False,True,1-for-25,0.0
MAXN,2026-04-06,2026-04-02,False,True,False,1.5499342009065653,2.0909489691475365,2026-04-07,0.0143,79184424.341027,0.006839,0.6839,<1,1337568.630967177,-0.5410067114093959,-0.703939393939394,11.880787618948482,2024-10-01,0.007592,0.0135,0.0106,0.5499342009065653,0.1101038163474192,0.7851851851851851,0.9739728030413806,83935489.80148864,-0.027972027972028,,0.0769230769230768,,-0.469020979020979,stale_last_close,0.0157,-0.0191082802547771,,1796898.0,True,"Maxeon Solar Technologies, Ltd.",3674.0,Semiconductors & Related Devices,tech/software/semis/telecom,False,,,U0,False,False,False,False,False,False,True,False,2019-12-20,False,,False,False,,,False,,False,False,16711109.0,2024-12-31,no 8-K/6-K on run day,,16711109.0,11428727.4451,False,False,,0.0
MB,2026-08-07,2026-08-06,True,False,False,2.3786666666666667,1.8133333333333328,2026-08-07,8.92,32001985.384782,3.75,3.75,3-10,1582.5,-0.013157894736842,-0.0694789081885857,0.1076264089952311,2025-04-10,14.3,19.75,8.92,1.3786666666666667,2.813333333333333,0.4516455696202531,4.266666666666667,285457709.63225543,-0.2376681614349776,,-0.4058295964125561,,-0.5224215246636772,,6.25,-0.152,-0.3184,2027265.0,True,MASTERBEEF GROUP,5812.0,Retail-Eating  Places,retail/wholesale,False,K3,Hong Kong,K3,False,True,False,False,False,False,True,False,2024-07-03,False,,False,False,,,False,,False,False,17155000.0,2025-12-31,no 8-K/6-K on run day,,17155000.0,64331250.0,False,False,,0.0
MBAI,2026-01-26,2026-01-23,True,False,False,2.120805369127517,1.5436241610738255,2026-01-26,3.16,142747897.0,1.49,1.49,1-3,24284.02,-0.1485714285714285,-0.1675977653631285,0.6521338999191735,2025-11-28,1.63,3.92,3.16,1.1208053691275168,0.093959731543624,0.8061224489795918,1.6308724832214765,451083354.52,-0.2721518987341773,,-0.5411392405063291,,-0.5063291139240507,,2.555,-0.4324853228962818,-0.3894324853228963,1610590.0,True,MBody AI Ltd.,7373.0,Services-Computer Integrated Systems Design,tech/software/semis/telecom,False,,,L3,False,False,False,False,False,False,True,False,2014-02-18,False,,True,True,0001213900-26-007478,ea0274052-6k_checkcap.htm,True,F-1;F-1/A,False,False,5850906.0,2025-08-25,merger / acquisition / buyout,"2 ea027405201ex99-1_checkcap.htm PRESS RELEASE Exhibit 99.1 Check-Cap Clears Key Nasdaq Requirement, Advancing MBody AI Merger Toward Completion Milestone achieved as shareholder-approved merger with MBody AI remains on ",5850906.0,8717849.94,False,False,,1.0
MBIO,2025-07-01,2025-06-30,True,False,False,2.146372107632708,1.2982933724217358,2025-07-01,0.0409999999999999,28953918.0,0.019102,0.9551,<1,162668.8116,-0.0727184466019417,-0.2709160305343511,1.942613316543796,2024-10-01,0.019,0.0426,0.0409999999999999,1.146372107632708,-0.0053397549994765,0.9624413145539904,1.230132970369595,59355531.9,-0.3951219512195121,,0.5170731707317076,,-0.2536585365853657,,0.0268,1.3208955223880596,0.1417910447761194,1680048.0,True,"MUSTANG BIO, INC.",2834.0,Pharmaceutical Preparations,biotech/pharma/medtech,False,MA,MA,DE,True,False,False,False,False,False,False,True,2016-07-28,False,,False,False,,,False,,False,True,24976289.0,2017-03-30,no 8-K/6-K on run day,,,,True,False,,0.0
MBOT,2025-01-03,2025-01-02,False,True,False,1.8771929824561409,2.491228070175439,2025-01-06,2.84,25650150.0,1.14,1.14,1-3,992057.64,0.1434302908726177,0.1287128712871286,1.3784204758544838,2024-10-01,1.18,2.25,2.14,0.8771929824561406,0.0350877192982457,0.9511111111111112,0.973684210526316,54891321.0,-0.0035211267605632,,-0.4577464788732394,,-0.2816901408450704,,2.75,-0.4399999999999999,-0.2581818181818182,883975.0,True,Microbot Medical Inc.,3841.0,Surgical & Medical Instruments & Apparatus,biotech/pharma/medtech,False,MA,MA,DE,True,False,True,False,False,True,False,False,2011-05-04,False,,False,False,,,True,424B3;424B5,False,False,16932341.0,2024-11-11,no 8-K/6-K on run day,,16932341.0,19302868.74,False,False,,
MBRX,2025-02-13,2025-02-12,True,True,False,3.023809523809524,5.190476190476191,2025-02-13,1.27,107265930.0,0.42,0.42,<1,529046.7,-0.5765275257108289,-0.7754010695187166,4.417130950477328,2024-10-01,0.6901,3.6499,1.27,2.023809523809524,0.6430952380952382,0.3479547384859859,7.690238095238095,136227731.1,0.7165354330708662,,0.0078740157480314,,-0.110236220472441,,2.02,-0.3663366336633663,-0.4405940594059406,1659617.0,True,"Moleculin Biotech, Inc.",2834.0,Pharmaceutical Preparations,biotech/pharma/medtech,False,TX,TX,DE,True,False,True,False,True,False,False,True,2015-12-04,True,7.01;9.01,False,True,0001437749-25-003681,mbrx20250213_8k.htm,False,,False,False,3001895.0,2024-11-01,FDA / clinical,2 ex_777814.htm EXHIBIT 99.1 ex_777814.htm Exhibit 99.1 Moleculin Receives Positive FDA Guidance for Acceleration of its Registration-Enabling MIRACLE Trial for R/R Acute Myeloid Leukemia (AML) Company remains on track f,3001895.0,1260795.9,True,False,,
MBX,2025-09-22,2025-09-19,True,False,False,2.0,1.896,2025-09-22,20.0,28303510.0,10.0,10.0,>10,16493640.0,-0.0766389658356417,-0.293286219081272,4.616841903723281,2024-10-01,22.4,26.47,20.0,1.0,1.2399999999999998,0.7555723460521345,1.6469999999999998,566070200.0,-0.0519999999999999,,-0.1029999999999999,,-0.2885,,19.99,-0.1025512756378187,-0.2881440720360179,1776111.0,True,"MBX Biosciences, Inc.",2834.0,Pharmaceutical Preparations,biotech/pharma/medtech,False,IN,IN,DE,True,False,False,False,False,False,False,False,2019-05-10,True,7.01;8.01;9.01,False,True,0001193125-25-210049,mbx-20250922.htm,True,424B4;EFFECT;S-1MEF,True,False,33593866.0,2025-08-04,FDA / clinical,"ings in bone and kidney biomarkers All patients completed the 12-week Avail TM trial and 94% entered the OLE Once-weekly canvuparatide was generally well tolerated, with no treatment-related serious adverse events or dis",33593866.0,335938660.0,False,False,,0.0
MCTR,2025-06-03,2025-06-02,True,True,False,6.714422743321292,3.1429212841078398,2025-06-03,32.9,44195677.0,4.8999,4.8999,3-10,308355.6069,-0.1771788413098237,,5.970116687221326,2025-01-22,7.12,33.69,32.9,5.714422743321292,0.4530908794057022,0.9765509053131494,5.875650523480071,1454037773.3,-0.5319148936170213,,-0.8623100303951368,,-0.9203647416413374,,38.52,-0.882398753894081,-0.9319833852544132,1969928.0,True,TJGC GROUP Ltd,7311.0,Services-Advertising Agencies,other services,False,,,,False,False,False,False,False,False,True,True,2023-03-29,False,,False,False,,,False,,False,False,,,no 8-K/6-K on run day,,,,True,False,,1.0
MCVT,2025-07-25,2025-07-24,True,True,False,3.189189189189189,3.210810810810811,2025-07-25,5.9,116360640.0,1.85,1.85,1-3,1495083.05,0.0511363636363637,0.0164835164835164,29.487639793479648,2024-10-01,2.82,6.64,5.9,2.189189189189189,0.5243243243243241,0.8885542168674699,2.589189189189189,686527776.0,0.0067796610169492,,-0.1677966101694915,,0.089830508474576,,7.74,-0.3656330749354005,-0.169250645994832,1425355.0,True,SUI Group Holdings Ltd.,6199.0,Finance Services,finance/real estate,False,MN,MN,MN,True,False,False,False,False,False,False,False,2008-01-29,False,,False,False,,,True,S-1,False,True,6062773.0,2025-05-15,no 8-K/6-K on run day,,6062773.0,11216130.05,False,False,,0.0
MEDS,2026-09-16,2026-09-15,True,True,False,3.746913580246913,2.864197530864197,2026-09-16,6.07,188778942.645634,1.62,1.62,1-3,105399181.91023074,0.8597175984387557,0.0872483221476509,97.50504948539624,2026-07-22,4.035,12.31,6.07,2.7469135802469133,1.4907407407407405,0.4930950446791227,6.598765432098765,1145888181.8589983,-0.2355848434925865,,-0.3690280065897858,,,beyond_data,6.73,-0.4309063893016345,,2030763.0,True,"DataMeds AI, Inc.",5122.0,"Wholesale-Drugs, Proprietaries & Druggists' Sundries",biotech/pharma/medtech,False,FL,FL,DE,True,False,True,False,True,False,False,True,2024-07-22,False,,False,False,,,False,,False,True,3061919.0,2026-08-17,no 8-K/6-K on run day,,3061919.0,4960308.78,True,False,,1.0
MFH,2024-11-11,2024-11-08,False,True,False,1.813953488372093,2.6201550387596897,2024-11-12,3.38,14080064.0,1.29,1.29,1-3,1600.89,0.0661157024793388,-0.2793296089385475,0.0392210156378392,2024-10-01,1.5,2.64,2.34,0.8139534883720929,0.1627906976744186,0.8863636363636362,1.0465116279069768,32947349.76,0.6124260355029587,,0.1449704142011834,,0.8579881656804735,,3.34,0.158682634730539,0.880239520958084,1527762.0,True,Chaince Digital Holdings Inc.,6199.0,Finance Services,finance/real estate,False,NY,NY,,True,False,True,False,True,False,True,False,2014-08-08,False,,False,False,,,False,,False,False,60819897.0,2023-12-31,no 8-K/6-K on run day,,60819897.0,78457667.13,False,False,,
MFI,2025-06-04,2025-06-03,False,True,False,1.6083333333333334,2.0500000000000003,2025-06-05,2.46,14350281.0,1.2,1.2,1-3,1095036.0,0.6201919117319445,1.0127744082443235,1.042093899223297,2024-10-01,1.13,2.95,1.93,0.6083333333333334,-0.0583333333333333,0.6542372881355931,1.4583333333333337,27696042.33,-0.1178861788617886,,0.4349593495934958,,1.1463414634146345,,2.46,0.4349593495934958,1.1463414634146345,1940941.0,True,mF International Ltd,7371.0,Services-Computer Programming Services,tech/software/semis/telecom,False,K3,Hong Kong,D8,False,True,False,False,False,False,True,False,2022-12-30,False,,True,True,0001641172-25-013511,form6-k.htm,False,,False,False,4204775.0,2024-12-31,other,"6-K 1 form6-k.htm 6-K UNITED STATES SECURITIES AND EXCHANGE COMMISSION Washington, D.C. 20549 FORM 6-K REPORT OF FOREIGN PRIVATE ISSUER PURSUANT TO RULE 13a-16 OR 15d-16 UNDER THE SECURITIES EXCHANGE ACT OF 1934 For the ",4204775.0,5045730.0,False,False,,0.0
MGIH,2024-12-24,2024-12-23,False,True,False,1.1007194244604317,2.136690647482015,2024-12-26,2.97,210635.0,1.39,1.39,1-3,50607.12,-0.0202297878339325,-0.1032258064516129,1.6591852638390765,2024-10-01,1.38,1.81,1.53,0.1007194244604317,-0.0071942446043165,0.8453038674033149,0.3021582733812951,322271.55,-0.1885521885521885,,-0.4444444444444445,,-0.3872053872053872,,2.72,-0.3933823529411765,-0.3308823529411765,1903995.0,True,Millennium Group International Holdings Ltd,2750.0,Commercial Printing,other manufacturing,False,K3,Hong Kong,E9,False,True,False,False,False,False,True,False,2022-02-01,False,,False,False,,,False,,False,False,11250000.0,2024-06-30,no 8-K/6-K on run day,,11250000.0,15637499.999999998,False,False,,
MGLD,2026-09-24,2026-09-23,False,True,False,1.0415625,2.0104166666666665,2026-09-25,1.93,57715.0,0.96,0.96,<1,13394.88,0.0258602265441334,-0.0634146341463414,1.2960136961599424,2024-10-01,0.9628,1.08,0.9999,0.0415624999999999,0.0029166666666666,0.9258333333333332,0.1250000000000002,57709.2285,0.0207253886010363,,,beyond_data,,beyond_data,2.1,,,1005101.0,True,"Marygold Companies, Inc.",6199.0,Finance Services,finance/real estate,False,CA,CA,NV,True,False,False,False,False,False,False,False,2000-03-10,True,1.01;7.01;9.01,False,True,0001493152-26-044118,form8-k.htm,False,,False,False,42712250.0,2026-06-30,merger / acquisition / buyout,"1 Exhibit 99.1 The Marygold Companies’ Subsidiary, Gourmet Foods, Signs Definitive Agreement to Sell Printstock Business Unit -Transaction is in Keeping with Corporate Strategy of Focusing on Financial Services Sector- S",42712250.0,41003760.0,False,False,,0.0
MGN,2026-07-31,2026-07-30,False,True,False,1.0713245997088792,2.005822416302766,2026-08-03,0.1378,51019011.534444,0.0687,0.0687,<1,146987.5471897611,-0.2324022346368714,-0.4715384615384616,0.6564870759818695,2025-09-26,0.0663,0.0785,0.0736,0.0713245997088791,-0.0349344978165938,0.9375796178343948,0.1426491994177583,3754999.2489350783,0.1146589259796806,,-0.0783744557329463,,-0.1393323657474601,,0.12425,0.0221327967806841,-0.0454728370221327,1995075.0,True,Megan Holdings Ltd.,200.0,Agricultural Prod-Livestock & Animal Specialties,other,False,N8,Malaysia,,False,False,False,False,False,False,True,True,2023-11-14,False,,False,False,,,False,,False,False,16250000.0,2025-12-31,no 8-K/6-K on run day,,16250000.0,1116375.0,True,False,,1.0
MGOL,2025-02-07,2025-02-06,True,True,False,2.2432432432432434,3.781621621621622,2025-02-07,0.0415,816598897.0,0.0185,0.185,<1,72473788.11,0.5677966101694916,-0.6927420694236838,15.067978461552515,2024-10-01,0.03919,0.04384,0.0415,1.2432432432432434,1.1183783783783787,0.9466240875912408,1.36972972972973,338888542.255,0.6857831325301207,,0.7291566265060241,,-0.1084337349397591,stale_last_close,0.06638,0.0810485085869239,,1902794.0,True,MGO Global Inc.,2300.0,Apparel & Other Finishd Prods of  Fabrics & Similar Matl,other manufacturing,False,FL,FL,DE,True,False,True,False,True,True,False,True,2022-01-05,False,,False,False,,,False,,False,True,2904001.0,2024-11-14,no 8-K/6-K on run day,,2904001.0,537240.1849999999,True,False,,
MGRT,2025-12-17,2025-12-16,True,False,False,2.4392523364485985,1.6411214953271027,2025-12-17,13.05,3760560.0,5.35,5.35,3-10,1846563.2,0.0870448634590377,-0.1954887218045113,19.796330975070475,2025-07-16,4.61,14.5,13.05,1.4392523364485983,-0.1383177570093456,0.9,1.7102803738317758,49075308.0,-0.3272030651340997,,-0.2796934865900383,,-0.5386973180076629,,5.99,0.5692821368948247,0.0050083472454089,2033377.0,True,Mega Fortune Co Ltd,7371.0,Services-Computer Programming Services,tech/software/semis/telecom,False,F4,China,K3,False,True,False,False,False,False,True,True,2024-08-09,False,,False,False,,,False,,False,False,,,no 8-K/6-K on run day,,,,True,False,,1.0
MGRT,2026-02-12,2026-02-11,True,False,False,2.123924268502582,1.2857142857142858,2026-02-12,12.34,1893664.0,5.81,5.81,3-10,35865.13,0.0278455931783603,-0.0316666666666667,0.6762634064043995,2025-07-16,5.95,17.51,12.34,1.123924268502582,0.0240963855421687,0.7047401484865791,2.013769363166954,23367813.76,-0.3946515397082658,,-0.4740680713128038,,-0.3200972447325769,,7.21,-0.0998613037447988,0.1636615811373094,2033377.0,True,Mega Fortune Co Ltd,7371.0,Services-Computer Programming Services,tech/software/semis/telecom,False,F4,China,K3,False,True,False,False,False,False,True,True,2024-08-09,False,,False,False,,,False,,False,False,13750000.0,2025-09-30,no 8-K/6-K on run day,,13750000.0,79887500.0,True,False,,1.0
MGRT,2026-04-01,2026-03-31,False,True,False,1.8978328173374608,2.320433436532508,2026-04-02,14.99,2039161.483742,6.46,6.46,3-10,30617.083371400004,-0.1770700636942674,-0.1258457374830852,0.2000334660966309,2025-07-16,7.07,16.91,12.26,0.8978328173374612,0.0944272445820433,0.7250147841513896,1.6176470588235294,25000119.79067692,0.2728485657104735,,2.288859239492995,,8.006004002668446,,15.13,2.2584269662921344,7.922670191672173,2033377.0,True,Mega Fortune Co Ltd,7371.0,Services-Computer Programming Services,tech/software/semis/telecom,False,F4,China,K3,False,True,False,False,False,False,True,True,2024-08-09,False,,False,False,,,False,,False,False,13750000.0,2025-09-30,no 8-K/6-K on run day,,13750000.0,88825000.0,True,False,,1.0
MGX,2024-12-09,2024-12-06,True,True,False,2.254054054054054,2.264864864864865,2024-12-09,4.17,63824571.0,1.85,1.85,1-3,1147751.1,-0.1062801932367148,-0.0931372549019607,1.2346872106229836,2024-10-01,2.48,4.47,4.17,1.254054054054054,0.3405405405405404,0.9328859060402684,1.416216216216216,266148461.07,0.0047961630695445,,-0.2553956834532374,,-0.2589928057553957,,4.22,-0.2642180094786729,-0.2677725118483413,1785279.0,True,"Metagenomi Therapeutics, Inc.",2836.0,"Biological Products, (No Diagnostic Substances)",biotech/pharma/medtech,False,CA,CA,,True,False,False,False,False,False,False,True,2019-08-16,False,,False,False,,,False,,False,True,37423917.0,2024-11-07,no 8-K/6-K on run day,,37423917.0,69234246.45,True,False,,
MIMI,2026-04-14,2026-04-13,True,False,False,2.041205646699733,1.309423884013735,2026-04-14,0.535,391462057.902961,0.2621,0.2621,<1,15259.4972469459,0.0513437625350983,-0.2098281579740729,0.2551210673161266,2025-01-10,0.2575,0.7342,0.535,1.041205646699733,-0.0175505532239602,0.7286842822119314,1.8012209080503625,209432200.97808412,-0.3585046728971963,,-0.4149532710280373,,-0.5065420560747664,,0.3256,-0.0386977886977887,-0.1891891891891891,1998560.0,True,Mint Inc Ltd,7389.0,"Services-Business Services, NEC",other services,False,K3,Hong Kong,,False,True,False,False,False,False,True,False,2023-12-22,False,,True,True,0001213900-26-043276,ea0286260-6k_mintinc.htm,False,,False,False,18012500.0,2025-03-31,AI pivot / AI product,"2 ea028626001ex99-1.htm PRESS RELEASE, DATED APRIL 14, 2026 Exhibit 99.1 Axonex Intelligence’s AI Robotics Series Makes a Splash at InnoEX Featuring NEX’s Debut in Hong Kong As AXONEX Showcases Its Latest Robotics Portfo",18012500.0,4721076.25,False,False,,0.0
MKDW,2025-04-07,2025-04-04,True,True,False,3.0588235294117645,2.3823529411764706,2025-04-07,0.52,223772126.0,0.17,0.17,<1,60317.02,-0.4728682170542635,-0.679245283018868,2.903424313394314,2024-10-01,0.18,1.2,0.52,2.0588235294117645,0.0588235294117645,0.4333333333333333,6.058823529411764,116361505.52,-0.2211538461538461,,-0.4976923076923077,,-0.3548076923076922,,0.45,-0.4195555555555555,-0.2544444444444443,1991332.0,True,MKDWELL Tech Inc.,3600.0,Electronic & Other Electrical Equipment (No Computer Equip),other manufacturing,False,F5,Taiwan,D8,False,False,True,False,True,True,True,True,2023-09-18,False,,False,False,,,True,424B3;EFFECT,False,False,18588342.0,2024-12-31,no 8-K/6-K on run day,,18588342.0,3160018.14,True,False,,0.0
MKDW,2026-03-24,2026-03-23,False,True,False,1.3774846322968548,2.346659487593665,2026-03-25,0.1743333333333333,4407277.624086,0.07429,2.2287,1-3,5714.2302449685,-0.0181938325991188,-0.0516170212765958,0.0608853687531401,2024-10-01,0.0746666666666666,0.1193333333333333,0.1023333333333333,0.3774846322968548,0.0050702203078027,0.8575418994413407,0.6063175842419348,13530342.30594402,0.491395793499044,,0.3403441682600381,,0.3575525812619502,,0.175,0.3352380952380953,0.3523809523809524,1991332.0,True,MKDWELL Tech Inc.,3600.0,Electronic & Other Electrical Equipment (No Computer Equip),other manufacturing,False,F5,Taiwan,D8,False,False,False,False,False,False,True,False,2023-09-18,False,,False,False,,,False,,False,False,18588342.0,2024-12-31,no 8-K/6-K on run day,,619611.4,1380927.9271799999,False,True,1-for-30,0.0
MLEC,2026-01-15,2026-01-14,True,False,False,2.181303116147309,1.4305949008498582,2026-01-15,0.0513333333333333,9893406.0,0.0235333333333333,3.53,3-10,391833.53,-0.1152882205513785,-0.360854608002897,1.1920918840395012,2024-10-01,0.0241333333333333,0.0864,0.0513333333333333,1.1813031161473089,0.0254957507082154,0.5941358024691358,2.6713881019830032,76179226.2,-0.3441558441558442,,-0.0259740259740259,,0.1207792207792208,,0.0448,0.1160714285714286,0.2842261904761907,1937737.0,True,Moolec Science SA,2000.0,Food and Kindred Products,other manufacturing,False,,,E9,False,False,False,False,False,False,True,False,2022-08-12,False,,False,False,,,False,,False,False,38440602.0,2024-06-30,no 8-K/6-K on run day,,,,False,True,1-for-15,0.0
MLGO,2025-02-21,2025-02-20,True,True,False,5.5304347826086975,3.965217391304348,2025-02-21,0.318,531535455.0,0.0574999999999999,1.15,1-3,32245143.25,-0.0573770491803279,-0.2812500000000002,5.31144813330172,2024-10-01,0.156505,0.5855,0.318,4.5304347826086975,1.721826086956522,0.5431255337318532,9.182608695652174,3380565493.8,-0.2830188679245284,,-0.3443396226415095,,-0.6037735849056605,,0.37475,-0.4436290860573716,-0.6637758505670448,1800392.0,True,MicroAlgo Inc.,7371.0,Services-Computer Programming Services,tech/software/semis/telecom,False,NY,NY,E9,True,False,True,True,False,False,True,False,2020-01-22,False,,False,False,,,False,,False,False,51606706.0,2023-12-31,no 8-K/6-K on run day,,2580335.3,2967385.5949999997,False,True,1-for-20,
MLGO,2025-03-24,2025-03-21,True,True,False,5.551587301587301,4.734126984126984,2025-03-24,0.6995,304722008.0,0.126,2.52,1-3,11899802.88,-0.3793103448275862,-0.6037735849056605,0.1339484120004342,2024-10-01,0.2009999999999999,0.76697,0.6995,4.551587301587301,0.5952380952380951,0.9120304575146356,5.087063492063493,4263060891.92,-0.1472480343102216,,0.7333809864188707,,-0.2973552537526804,,0.5675,1.1365638766519828,-0.1339207048458148,1800392.0,True,MicroAlgo Inc.,7371.0,Services-Computer Programming Services,tech/software/semis/telecom,False,NY,NY,E9,True,False,False,False,False,False,True,False,2020-01-22,False,,False,False,,,False,,False,False,51606706.0,2023-12-31,no 8-K/6-K on run day,,2580335.3,6502444.955999999,False,False,,0.0
MNDR,2025-02-20,2025-02-19,True,False,False,2.8542362587306407,1.5332523534770728,2025-02-20,0.9399,452197818.0,0.3293,0.3293,<1,5120684.153,0.174812700677845,0.0510692626875197,27.185677065441077,2024-10-01,0.4235,1.0,0.9399,1.854236258730641,0.2860613422411175,0.9399,2.0367446097783177,425020729.1382,-0.4628151931056494,,-0.5122885413341844,,-0.6981061815086711,,0.6953,-0.3407162375952827,-0.5919027757802388,1976695.0,True,Mobile-health Network Solutions,7372.0,Services-Prepackaged Software,tech/software/semis/telecom,False,E9,Cayman Islands,E9,False,False,False,False,False,False,True,True,2023-07-14,False,,True,True,0001493152-25-007566,form6-k.htm,False,,False,False,,,AI pivot / AI product,ng the Commitment Amount or any part thereof. (b) Date of Delivery of Adva EX-99.2 3 ex99-2.htm Exhibit 99.2 Mobile-health Network Solutions Secures $10 Million Funding to Expand AI-Powered Telehealth Solutions SINGAPORE,,,True,False,,
MNDR,2025-11-20,2025-11-19,False,True,False,1.8313253012048196,2.86144578313253,2025-11-21,0.11875,78039019.0,0.0415,1.66,1-3,44097.9,-0.1122994652406418,-0.4466666666666667,0.5436551059375364,2024-10-01,0.06425,0.07925,0.076,0.8313253012048194,0.5481927710843373,0.9589905362776028,0.9096385542168676,237238617.76,-0.385263157894737,,-0.6105263157894736,,-0.7621052631578948,,0.09875,-0.5316455696202531,-0.7139240506329114,1976695.0,True,Mobile-health Network Solutions,7372.0,Services-Prepackaged Software,tech/software/semis/telecom,False,E9,Cayman Islands,E9,False,False,True,True,False,True,True,False,2023-07-14,False,,True,True,0001493152-25-024357,form6-k.htm,True,424B5,False,False,885796.0,2025-06-30,other,EX-10.1 2 ex10-1.htm EX-10.1 Exhibit 10.1,177159.2,294084.272,False,True,1-for-5,0.0
MNPR,2024-10-24,2024-10-23,True,True,False,7.053995680345572,3.65658747300216,2024-10-24,6.532,19963354.0,0.926,4.63,3-10,344967.41,-0.1197718631178706,,,2024-10-01,1.024,7.7,6.532,6.053995680345572,0.1058315334773218,0.8483116883116883,7.315334773218142,652003141.64,-0.4816289038579302,,-0.5538885486834048,,-0.3965094917330067,,4.478000000000001,-0.3492630638677981,-0.1196962929879411,1645469.0,True,Monopar Therapeutics,2834.0,Pharmaceutical Preparations,biotech/pharma/medtech,False,IL,IL,DE,True,False,False,False,False,False,False,False,2015-06-18,True,1.01;2.01;2.03;3.02;7.01;8.01;9.01,False,True,0001437749-24-031957,mnpr20241021_8k.htm,True,424B5,False,True,17601827.0,2024-07-31,FDA / clinical,"4 ex_735003.htm EXHIBIT 99.1 ex_735003.htm Exhibit 99.1 Monopar Announces Agreement with Alexion, AstraZeneca Rare Disease For Late-Stage Wilson Disease Drug Candidate WILMETTE, Ill., October 24, 2024 — Monopar Therapeut",3520365.4,16299291.802,False,True,1-for-5,
MNTS,2024-10-09,2024-10-08,True,False,False,2.55421686746988,1.5267469879518074,2024-10-09,1.06,487345423.0,0.415,0.415,<1,228119.275,0.0,,,2024-10-01,0.667,1.06,1.06,1.5542168674698795,0.6072289156626507,1.0,1.5542168674698795,516586148.38000005,-0.4022641509433962,,-0.3962264150943396,,-0.464622641509434,,0.8999,-0.2888098677630848,-0.3693743749305478,1781162.0,True,Momentus Inc.,3760.0,Guided Missiles & Space Vehicles & Parts,other manufacturing,False,CA,CA,DE,True,False,False,False,False,False,False,False,2019-08-09,False,,False,False,,,True,S-1,False,False,16625904.0,2024-05-30,no 8-K/6-K on run day,,16625904.0,6899750.159999999,False,False,,
MNTS,2026-05-26,2026-05-22,True,True,False,2.097560975609756,2.6422764227642275,2026-05-26,0.0619447779111644,85588815.301315,0.02953181272509,7.38,3-10,20630161.97718804,0.3541284403669724,0.3038869257950529,1.194604611292576,2024-10-01,0.051860744297719,0.0651460584233693,0.0619447779111644,1.0975609756097562,0.7560975609756098,0.9508599508599508,1.2059620596205964,1324914860.864356,0.2596899224806199,,-0.090439276485788,,-0.4961240310077519,,0.0778511404561824,-0.276278591621691,-0.5990747879722436,1781162.0,True,Momentus Inc.,3760.0,Guided Missiles & Space Vehicles & Parts,other manufacturing,False,CA,CA,DE,True,False,True,True,False,False,False,False,2019-08-09,False,,False,False,,,True,EFFECT;S-3/A,True,True,9992398.0,2026-05-13,no 8-K/6-K on run day,,9992398.0,73743897.24,False,False,,0.0
MOBX,2026-03-03,2026-03-02,True,True,False,6.32768361581921,4.632203389830509,2026-03-03,1.12,1386331312.692209,0.177,0.177,<1,649178.998776807,0.109717868338558,-0.1096579476861168,0.1414255125489039,2024-10-01,0.4578,1.2395,1.12,5.32768361581921,1.5864406779661016,0.9035901573215006,6.002824858757063,1552691070.2152743,-0.2679464285714287,,-0.3258035714285715,,-0.7016964285714287,,1.22,-0.3810655737704918,-0.7261475409836066,1855467.0,True,"MOBIX LABS, INC",3674.0,Semiconductors & Related Devices,tech/software/semis/telecom,False,CA,CA,DE,True,False,True,False,True,True,False,False,2021-04-09,True,5.03;9.01,False,True,0001493152-26-008592,form8-k.htm,True,424B3;EFFECT,False,True,2778912.0,2023-11-14,other,"EX-3.1 2 ex3-1.htm EX-3.1 Exhibit 3.1 AMENDED AND RESTATED BYLAWS OF MOBIX LABS, INC. ARTICLE I Meetings of Stockholders Section 1.1 Annual Meetings. If required by applicable law, an annual meeting of stockholders shall",,,False,False,,0.0
MODV,2025-06-04,2025-06-03,False,True,False,1.203125,2.166666666666667,2025-06-05,4.16,33841632.0,1.92,1.92,1-3,24755921.28,1.064516129032258,0.3617021276595744,1.897894308364121,2024-10-01,2.05,2.9,2.31,0.203125,0.0677083333333332,0.7965517241379311,0.5104166666666667,78174169.92,-0.0504807692307692,,-0.1971153846153847,,-0.2091346153846154,,4.02,-0.1691542288557213,-0.1815920398009949,1220754.0,True,ModivCare Inc,4700.0,Transportation Services,other,False,CO,CO,DE,True,False,False,False,False,False,False,False,2013-04-01,False,,False,False,,,False,,False,False,14353820.0,2025-05-02,no 8-K/6-K on run day,,14353820.0,27559334.4,False,False,,0.0
MOGO,2025-07-02,2025-07-01,True,False,False,2.12396694214876,1.8181818181818183,2025-07-02,2.57,267085045.0,1.21,1.21,1-3,337598.47,-0.032,-0.1231884057971014,1.83984395349466,2024-10-01,3.48,3.83,2.57,1.12396694214876,1.87603305785124,0.671018276762402,2.1652892561983474,686408565.65,-0.1439688715953306,,-0.2101167315175097,,-0.3735408560311283,,2.43,-0.1646090534979425,-0.3374485596707819,1602842.0,True,Orion Digital Corp.,6199.0,Finance Services,finance/real estate,False,,,A1,False,False,False,False,False,False,True,False,2014-03-18,False,,False,False,,,False,,False,False,24472377.0,2024-12-31,no 8-K/6-K on run day,,24472377.0,29611576.169999998,False,False,,0.0
MOVE,2025-11-10,2025-11-07,True,True,False,2.49685534591195,2.788259958071279,2025-11-10,0.0794,46787240.0,0.0318,4.77,3-10,26168.22,-0.1631578947368421,-0.2739726027397261,0.1854224054889899,2024-10-01,0.0902,0.1415333333333333,0.0794,1.4968553459119498,1.836477987421384,0.5609985869053227,3.450733752620545,557236028.4,0.1167086481947941,,-0.1481947942905123,,-0.3560033585222503,,0.0783333333333333,-0.1365957446808511,-0.3472340425531914,1734750.0,True,"Corvex, Inc.",7374.0,Services-Computer Processing & Data Preparation,tech/software/semis/telecom,False,VA,VA,DE,True,False,False,False,False,False,False,False,2018-03-20,True,1.01;2.03;3.02;5.01;5.03;7.01;9.01,False,True,0001213900-25-107857;0001213900-25-107646,ea0264486-8k425_movano.htm;ea0264566-8k_movano.htm,False,,False,True,8349080.0,2025-09-22,FDA / clinical,"ss to market its medical device operations, including FDA-cleared EvieMED Ring and proprietary mmWave RF technology for cuffless blood pressure and noninvasive glucose monitoring PLEASANTON, C.A. and ARLINGTON, V.A., Nov",834908.0,3982511.1599999997,False,True,1-for-10,0.0
MOVE,2026-01-23,2026-01-22,True,True,False,2.401721664275466,2.8034433285509324,2026-01-23,0.1115999999999999,42592079.0,0.0464666666666666,6.97,3-10,47566318.92,0.0072254335260115,-0.155151515151515,122.61672235033907,2024-10-01,0.1342666666666666,0.1593333333333333,0.1115999999999999,1.401721664275466,1.8895265423242469,0.700418410041841,2.4289813486370155,712991402.4599999,0.1672640382317802,,0.0232974910394265,,-0.3984468339307048,,0.1037333333333333,0.1008997429305911,-0.352827763496144,1734750.0,True,"Corvex, Inc.",7374.0,Services-Computer Processing & Data Preparation,tech/software/semis/telecom,False,VA,VA,DE,True,False,True,False,True,False,False,False,2018-03-20,False,,False,False,,,False,,False,True,834857.0,2025-11-12,no 8-K/6-K on run day,,834857.0,5818953.29,False,False,,0.0
MPLN,2024-12-23,2024-12-20,False,True,False,1.0431893687707643,2.0332225913621267,2024-12-24,0.306,65262.0,0.1505,6.02,3-10,823686.4999999999,-0.1650485436893205,-0.1424501424501424,2.0800142290759616,2024-10-01,0.154,0.16325,0.157,0.0431893687707642,0.0232558139534886,0.9617151607963248,0.0847176079734219,409845.36,0.0261437908496733,,0.0580065359477122,,0.3006535947712416,,0.28625,0.1310043668122269,0.3903930131004367,1793229.0,True,Claritev Corp,7389.0,"Services-Business Services, NEC",other services,False,VA,VA,DE,True,False,False,False,False,False,False,False,2019-12-23,False,,False,False,,,False,,False,True,16171197.0,2024-10-28,no 8-K/6-K on run day,,16171197.0,97350605.94,False,False,,
MPU,2026-06-09,2026-06-08,False,True,False,1.518695652173913,2.075652173913044,2026-06-10,0.4774,169484315.93469,0.23,0.23,<1,232958.7818953,-0.4219653179190751,-0.5944992947813823,2.2605559591257194,2024-10-01,0.245,0.78,0.3493,0.518695652173913,0.0652173913043476,0.4478205128205128,2.391304347826087,59200871.55598722,-0.0506912442396313,,-0.2857142857142857,,-0.4763301214914118,,0.4563,-0.2526846373000219,-0.4521148367302213,1036848.0,True,Mega Matrix Corp.,7812.0,Services-Motion Picture & Video Tape Production,other services,False,CA,CA,DE,True,False,False,False,False,False,False,False,1997-04-08,False,,False,False,,,False,,False,False,35978581.0,2024-05-06,no 8-K/6-K on run day,,,,False,False,,0.0
MRIN,2025-05-06,2025-05-05,True,True,False,2.1636133922931147,2.179406190777005,2025-05-06,1.37,71196187.0,0.6332,0.6332,<1,11050432.27,0.1276936776491539,-0.4445614035087719,37.09820976847053,2024-10-01,1.47,1.62,1.37,1.163613392293115,1.3215413771320277,0.845679012345679,1.5584333543903983,97538776.19,0.0072992700729925,,-0.2116788321167882,,-0.4525547445255474,,1.2,-0.0999999999999998,-0.375,1389002.0,True,MARIN SOFTWARE INC,7374.0,Services-Computer Processing & Data Preparation,tech/software/semis/telecom,False,CA,CA,DE,True,False,False,False,False,False,False,False,2007-02-01,True,5.02;9.01,False,True,0000950170-25-064527,mrin-20250501.htm,False,,False,True,3143449.0,2024-10-24,other,"2 mrin-ex99_1.htm EX-99.1 EX-99.1 Waiver Under Change in Control and Severance Agreement This Waiver under Change in Control and Severance Agreement (this “ Waiver ”) is made as of May 1, 2025 by and between Marin Softwa",3143449.0,1990431.9068,False,False,,0.0
MRIN,2025-06-10,2025-06-09,True,False,False,2.0,1.5882352941176472,2025-06-10,1.7,56717574.0,0.85,0.85,<1,12089181.1,0.0851525596833908,-0.3884892086330935,155.97997411769867,2024-10-01,1.19,1.76,1.7,1.0,0.3999999999999999,0.9659090909090908,1.0705882352941178,96419875.8,-0.2058823529411764,,-0.5,,-0.4717058823529412,stale_last_close,1.55,-0.4516129032258065,,1389002.0,True,MARIN SOFTWARE INC,7374.0,Services-Computer Processing & Data Preparation,tech/software/semis/telecom,False,CA,CA,DE,True,False,False,False,False,False,False,False,2007-02-01,False,,False,False,,,False,,False,False,3143449.0,2024-10-24,no 8-K/6-K on run day,,3143449.0,2671931.65,False,False,,0.0
MRNA,2026-08-19,2026-08-18,True,True,False,2.769695044472681,2.1175349428208383,2026-08-19,174.38,199252328.564801,62.96,62.96,>10,271042572.72862893,0.0394584777942876,0.0553134428427757,0.8013927009343046,2024-10-01,116.02,176.66,174.38,1.7696950444726811,0.8427573062261753,0.9870938525982113,1.805908513341804,34745621055.13,-0.2354627824291777,,-0.141759376075238,,-0.0935313682761784,,150.14,-0.0031970161182894,0.0528173704542427,1682852.0,True,"Moderna, Inc.",2836.0,"Biological Products, (No Diagnostic Substances)",biotech/pharma/medtech,False,MA,MA,DE,True,False,False,False,False,False,False,False,2021-03-25,False,,False,False,,,False,,False,True,399235889.0,2026-07-24,no 8-K/6-K on run day,,399235889.0,25135891571.44,False,False,,0.0
MRNO,2026-01-27,2026-01-26,False,True,False,1.5630387311803242,2.0687277324445468,2026-01-28,1.8,46038854.0,0.8701,0.8701,<1,54581.373,-0.4561875000000001,0.2519424460431656,0.0287215562788776,2024-10-01,0.854,1.7,1.36,0.5630387311803242,-0.0185036202735318,0.8,0.9537984139754052,62612841.440000005,-0.1611111111111111,,-0.25,,-0.6208333333333333,,1.75,-0.2285714285714285,-0.61,1988776.0,True,Murano Global Investments Plc,7011.0,Hotels & Motels,other services,False,X0,United Kingdom,Y9,False,False,False,False,False,False,True,False,2023-08-09,False,,False,False,,,False,,False,False,79305736.0,2024-12-31,no 8-K/6-K on run day,,79305736.0,69003920.8936,False,False,,0.0
MRNY,2026-08-19,2026-08-18,True,True,False,2.6923076923076925,2.0512820512820515,2026-08-19,4.2,4564434.323097,1.56,15.6,>10,1124746.6162296,0.0123296560674885,-0.0231684408265498,0.5286109522805387,2024-10-01,2.7870000000000004,4.239,4.2,1.6923076923076923,0.7865384615384616,0.9907997169143666,1.717307692307692,191706241.570074,-0.2380952380952381,,-0.1566666666666666,,-0.184047619047619,,3.5630000000000006,-0.0058939096267192,-0.0381700813920853,,False,,,,,,,,,,,,,,,,,,,,,,,,,,,,,,no 8-K/6-K on run day,,,,,False,,0.0
MRSN,2025-11-13,2025-11-12,True,True,False,3.092446448703495,3.1476888387824133,2025-11-13,1.0972,3159976.0,0.3547999999999999,8.87,3-10,192487.87,0.0484633569739949,-0.157644824311491,0.4656357351448661,2024-10-01,1.1072,1.1228,1.0972,2.092446448703495,2.120631341600902,0.9771998574991092,2.164599774520857,86678141.67999999,0.0178636529347431,,0.0029165147648559,,0.0335399197958441,,1.0884,0.0110253583241455,0.0418963616317531,1442836.0,True,"Mersana Therapeutics, Inc.",2834.0,Pharmaceutical Preparations,biotech/pharma/medtech,False,MA,MA,DE,True,False,False,False,False,False,False,False,2008-08-12,True,1.01;8.01;9.01,False,True,0001104659-25-110764,tm2531148d1_8k.htm,False,,False,True,4990692.0,2025-08-08,FDA / clinical,"f up to an aggregate of $30.25 per share, for aggregate deal value of up to approximately $285 million Closing is expected to occur by the end of January 2026 CAMBRIDGE, Mass., November 13, 2025 – Mersana Therapeutics, I",4990692.0,44267438.04,False,False,,0.0
MSAI,2025-10-23,2025-10-22,True,False,False,2.017334130304841,1.4369396294082486,2025-10-23,1.35,96141024.0,0.6692,0.6692,<1,851307.3884,0.2891543055287999,-0.1022269922189427,0.7277824673996589,2024-10-01,0.67,1.4,1.35,1.0173341303048415,0.0011954572624028,0.9642857142857144,1.0920502092050208,129790382.4,-0.2877037037037038,,-0.0222222222222222,,-0.4921481481481482,,0.8115,0.6266173752310538,-0.1551447935921134,1863990.0,True,"MultiSensor AI Holdings, Inc.",3827.0,Optical Instruments & Lenses,other manufacturing,False,TX,TX,DE,True,False,False,False,False,False,False,False,2021-07-22,False,,False,False,,,False,,False,True,34574485.0,2025-08-08,no 8-K/6-K on run day,,34574485.0,23137245.362,False,False,,0.0
MSGM,2025-04-17,2025-04-16,True,True,False,2.455357142857143,2.0446428571428568,2025-04-17,2.75,37004421.0,1.12,1.12,1-3,1294369.4400000002,0.3575757575757579,-0.1039999999999998,5.718199486608071,2024-10-01,1.18,3.1,2.75,1.4553571428571428,0.0535714285714283,0.8870967741935484,1.7678571428571428,101762157.75,-0.1672727272727272,,-0.1272727272727273,,0.0109090909090907,,2.91,-0.1752577319587629,-0.0446735395189004,1821175.0,True,Motorsport Games Inc.,7372.0,Services-Prepackaged Software,tech/software/semis/telecom,False,FL,FL,FL,True,False,False,False,False,False,False,False,2020-09-04,False,,False,False,,,False,,False,False,,,no 8-K/6-K on run day,,,,False,False,,0.0
MSGY,2026-09-25,2026-09-24,True,False,False,4.096446700507615,1.5888324873096449,2026-09-25,1.00875,56134191.747758,0.24625,1.97,1-3,35881.479530000004,-0.0483091787439613,-0.0436893203883496,0.3397073615561151,2025-07-08,0.26625,1.4275,1.00875,3.096446700507615,0.0812182741116751,0.7066549912434326,4.7969543147208125,453002927.4044071,-0.6121437422552665,,,beyond_data,,beyond_data,1.05,,,2020228.0,True,Masonglory Ltd,1700.0,Construction - Special Trade Contractors,other,False,K3,Hong Kong,E9,False,True,False,False,False,False,True,False,2024-06-26,False,,False,False,,,False,,False,False,16957000.0,2026-03-31,no 8-K/6-K on run day,,2119625.0,4175661.25,False,True,1-for-8,0.0
MSOX,2025-12-12,2025-12-11,True,False,False,2.0785340314136125,1.8089005235602096,2025-12-12,0.397,12064980.0,0.191,3.82,3-10,7860364.34,-0.1032863849765257,-0.3309982486865149,1.833273187539811,2024-10-01,0.325,0.4125,0.397,1.0785340314136125,0.7015706806282722,0.9624242424242424,1.1596858638743457,95795941.2,-0.1297229219143576,,-0.3690176322418136,,-0.4294710327455918,,0.414,-0.394927536231884,-0.4528985507246376,,False,,,,,,,,,,,,,,,,,,,,,,,,,,,,,,no 8-K/6-K on run day,,,,,False,,0.0
MSPR,2025-04-11,2025-04-10,False,True,False,1.953125,2.2109375,2025-04-14,2.83,87380388.0,1.28,1.28,1-3,909131.52,-0.0954063604240282,-0.2558139534883721,15.196574101215068,2024-12-09,3.23,3.53,2.5,0.953125,1.5234375,0.708215297450425,1.7578125,218450970.0,-0.1837455830388692,,-0.2826855123674913,,-0.3250883392226149,,2.83,-0.2826855123674913,-0.3250883392226149,1802450.0,True,"MSP Recovery, Inc.",7374.0,Services-Computer Processing & Data Preparation,tech/software/semis/telecom,False,FL,FL,,True,False,True,False,False,True,False,False,2020-02-13,True,1.01;9.01,False,True,0000950170-25-052906,mspr-20250404.htm,False,,False,False,66142649.0,2022-07-31,listing compliance / reverse split / financing,8-K False 0001802450 0001802450 mspr:RedeemableWarrantsEachWholeWarrantExercisableForOneShareOfClassACommonStockAtAnExercisePriceOf00025PerShareMember 2025-04-04 2025-04-04 0001802450 us-gaap:CommonStockMember 2025-04-04,,,False,False,,1.0
MSPR,2025-11-03,2025-10-31,True,True,False,2.3659090909090907,3.018181818181819,2025-11-03,0.0743571428571428,871662310.0,0.0314285714285714,0.22,<1,20735844.36,-0.7070572569906791,-0.777822662088467,60.017001471486914,2024-12-09,0.0807857142857142,0.1557142857142857,0.0743571428571428,1.3659090909090907,1.5704545454545458,0.4775229357798164,3.954545454545456,453700232.355,0.2756964457252644,,-0.3917387127761766,,-0.4618635926993274,,0.1061857142857142,-0.574061617112875,-0.6231669581595587,1802450.0,True,"MSP Recovery, Inc.",7374.0,Services-Computer Processing & Data Preparation,tech/software/semis/telecom,False,FL,FL,,True,False,True,False,False,True,False,False,2020-02-13,False,,False,False,,,False,,False,False,66142649.0,2022-07-31,no 8-K/6-K on run day,,,,False,True,1-for-7,1.0
MTC,2025-11-05,2025-11-04,True,True,False,7.269736842105263,9.111842105263158,2025-11-05,0.27625,337977913.0,0.038,0.304,<1,416086.928,-0.6200000000000001,-0.6426052198448154,6.795689944942631,2024-10-01,0.03875,0.27625,0.27625,6.269736842105263,0.0197368421052632,1.0,6.269736842105263,746931187.73,0.253393665158371,,0.1131221719457014,,0.2036199095022626,,0.195,0.5769230769230769,0.7051282051282051,1742518.0,True,"MMTEC, INC.",6211.0,"Security Brokers, Dealers & Flotation Companies",finance/real estate,False,,,D8,False,False,False,False,False,False,True,False,2018-06-01,False,,False,False,,,False,,False,False,25186864.0,2024-12-31,no 8-K/6-K on run day,,25186864.0,7656806.6559999995,False,False,,0.0
MTEM,2024-10-17,2024-10-16,True,True,False,2.860667058342228,2.306989563179216,2024-10-17,0.93,231807612.0,0.325099,0.325099,<1,4955327.359282,-0.7773294520547945,,,2024-10-01,0.5599,1.34,0.93,1.860667058342228,0.7222446085653906,0.6940298507462687,3.1218213528801995,215581079.16,-0.1935483870967742,,-0.3262365591397849,,-0.3440860215053763,,0.685,-0.0852554744525547,-0.1094890510948906,1183765.0,True,"Molecular Templates, Inc.",2834.0,Pharmaceutical Preparations,biotech/pharma/medtech,False,TX,TX,DE,True,False,False,False,False,False,False,False,2008-07-17,False,,False,False,,,False,,False,True,6583880.0,2024-08-09,no 8-K/6-K on run day,,6583880.0,2140412.80412,False,False,,
MTVA,2025-09-15,2025-09-12,True,False,False,2.1554821094984917,1.9111941370886625,2025-09-15,1.5,90297226.0,0.6959,0.6959,<1,20202.6729,0.0086969125960283,0.0873437499999998,0.6600677324851046,2024-11-29,0.687,1.7299,1.5,1.1554821094984913,-0.0127891938496909,0.8671021446326377,1.48584566748096,135445839.0,-0.1133333333333332,,-0.3133333333333333,,-0.3394,,1.29,-0.2015503875968992,-0.2318604651162791,1638287.0,True,MetaVia Inc.,2834.0,Pharmaceutical Preparations,biotech/pharma/medtech,False,MA,MA,DE,True,False,True,True,False,True,False,False,2015-04-08,False,,False,False,,,False,,False,True,24197809.0,2025-08-07,no 8-K/6-K on run day,,24197809.0,16839255.283099998,False,False,,1.0
MTVA,2026-05-19,2026-05-18,False,True,False,1.6936936936936935,2.603603603603604,2026-05-20,0.2627272727272727,85161365.753867,0.1009090909090909,1.11,1-3,58471.65356070001,0.0673076923076922,-0.2649006622516555,0.3512303067094968,2024-11-29,0.1631818181818181,0.1909090909090909,0.1709090909090909,0.6936936936936935,0.6171171171171168,0.8952380952380952,0.8918918918918917,160103367.61726996,-0.0069204152249134,,0.0726643598615917,,-0.4463667820069203,,0.2363636363636364,0.1923076923076923,-0.3846153846153846,1638287.0,True,MetaVia Inc.,2834.0,Pharmaceutical Preparations,biotech/pharma/medtech,False,MA,MA,DE,True,False,True,False,False,True,False,True,2015-04-08,False,,False,False,,,False,,False,False,5164370.0,2026-05-11,no 8-K/6-K on run day,,5164370.0,5732450.7,True,False,,0.0
MULN,2025-05-19,2025-05-16,True,False,False,2.001177163037081,1.1742201294879342,2025-05-19,5.666666666666667e-07,557427932.0,2.8316666666666664e-07,0.1699,<1,5279297.2632,-0.1475163070747617,-0.8483035714285715,2.424177345017766,2024-10-01,2.8316666666666664e-07,8.146666666666667e-07,5.666666666666667e-07,1.001177163037081,0.0,0.6955810147299509,1.8769864626250736,189525496.88000005,-0.4132352941176471,,-0.5297058823529412,,-0.951470588235294,,4.803333333333334e-07,-0.4451769604441361,-0.9427480916030534,1499961.0,True,"BOLLINGER INNOVATIONS, INC.",3711.0,Motor Vehicles & Passenger Car Bodies,other manufacturing,False,CA,CA,DE,True,False,True,False,True,True,False,False,2014-04-15,False,,False,False,,,False,,False,True,1083175.0,2025-02-17,no 8-K/6-K on run day,,180.52916666666667,30.671905416666664,False,True,1-for-100;1-for-60,0.0
MURA,2025-04-15,2025-04-14,True,True,False,2.3398058252427187,2.349514563106796,2025-04-15,2.41,259771623.0,1.03,1.03,1-3,222810.63,-0.1120689655172413,-0.7469287469287469,0.3840444063494859,2024-10-01,2.3,3.2099,2.41,1.3398058252427187,1.233009708737864,0.7508022056761893,2.1164077669902914,626049611.4300001,0.0041493775933609,,0.1493775933609957,,0.0622406639004149,,2.395,0.1565762004175366,0.0688935281837161,1971543.0,True,Mural Oncology plc,2834.0,Pharmaceutical Preparations,biotech/pharma/medtech,False,L2,Ireland,L2,False,False,True,False,False,True,False,False,2023-04-14,True,2.05;8.01,False,True,0001193125-25-080765,d940480d8k.htm,False,,False,True,17228291.0,2025-02-28,other,"8-K false 0001971543 0001971543 2025-04-14 2025-04-14 UNITED STATES SECURITIES AND EXCHANGE COMMISSION Washington, D.C. 20549 FORM 8-K Current Report Pursuant to Section 13 or 15(d) of the Securities Exchange Act of 1934",17228291.0,17745139.73,False,False,,0.0
MVST,2024-11-13,2024-11-12,True,True,False,4.40011068068622,4.3065855008301055,2024-11-13,0.7951,1087945875.0,0.1807,0.1807,<1,2832009.5466,-0.058363731109953,-0.1575757575757576,7.857116769900824,2024-10-01,0.4816,1.05,0.7951,3.40011068068622,1.66519092418373,0.7572380952380953,4.810736026563365,865025765.2125,-0.0212551880266633,,-0.2705320085523834,,0.5847063262482706,,0.93,-0.3763440860215055,0.3548387096774192,1760689.0,True,"Microvast Holdings, Inc.",3690.0,"Miscellaneous Electrical Machinery, Equipment & Supplies",other manufacturing,False,TX,TX,DE,True,False,False,False,False,False,False,False,2018-12-07,True,2.02;9.01,False,True,0001760689-24-000049,mvst-20241112.htm,False,,False,False,323815298.0,2024-11-08,earnings / business update,"inancial Results • Record company Q3 revenue, increased 26.6% year over year to $101.4 million • Gross margin increased from 22.3% to 33.2%, a 10.9 percentage point improvement year over year STAFFORD, Texas, USA, Novemb",323815298.0,58513424.3486,False,False,,
MYSE,2026-04-16,2026-04-15,True,True,False,2.2916666666666665,2.645833333333333,2026-04-16,3.3,210118862.469868,1.44,1.44,1-3,54379961.28,-0.0588235294117647,-0.1111111111111111,631.7743033606647,2025-08-11,5.52,5.7699,3.3,1.2916666666666663,2.833333333333333,0.5719336556959392,3.006875,693392246.1505644,0.1545454545454545,,-0.0939393939393938,,-0.4606060606060606,,3.795,-0.212121212121212,-0.530961791831357,1648960.0,True,"Myseum.AI, Inc.",4822.0,Telegraph & Other Message Communications,other,False,NJ,NJ,NV,True,False,True,False,False,True,False,False,2015-07-28,True,5.03;8.01;9.01,False,True,0001213900-26-044128,ea0286538-8k_myseum.htm,True,424B5,False,False,4324329.0,2026-03-29,AI pivot / AI product,"3 ea028653801ex99-1.htm PRESS RELEASE DATED APRIL 15, 2026 Exhibit 99.1 Myseum Rebrands as Myseum.AI to Align with Full Suite of Technology and Social Media Platforms Company developing privacy-first agentic platform for",4324329.0,6227033.76,False,False,,1.0
MYSZ,2024-12-20,2024-12-19,True,True,False,3.148148148148148,3.5407407407407407,2024-12-20,4.25,121038819.0,1.35,1.35,1-3,622391.8500000001,0.0714285714285714,0.2053571428571428,1.537117644773993,2024-10-01,5.55,7.94,4.25,2.148148148148148,3.1111111111111107,0.535264483627204,4.881481481481481,514414980.75,0.1247058823529412,,0.0376470588235293,,-0.5341176470588236,,4.27,0.0327868852459016,-0.5362997658079625,1211805.0,True,"My Size, Inc.",7372.0,Services-Prepackaged Software,tech/software/semis/telecom,False,L3,Israel,DE,False,False,False,False,False,False,False,False,2002-12-23,False,,False,False,,,False,,False,False,1260131.0,2024-11-10,no 8-K/6-K on run day,,1260131.0,1701176.85,False,False,,
NA,2024-11-12,2024-11-11,True,False,False,2.3404255319148937,1.723404255319149,2024-11-12,0.77,1492768.0,0.329,3.29,3-10,248220.63,-0.2847826086956521,-0.5835495753218314,1.7383194172009224,2024-10-01,0.33,0.968,0.77,1.3404255319148937,0.0030395136778116,0.7954545454545455,1.9422492401215803,11494313.6,-0.2636363636363635,,-0.3519480519480519,,0.0077922077922079,,0.5900000000000001,-0.1542372881355932,0.3152542372881355,1872302.0,True,Nano Labs Ltd,3674.0,Semiconductors & Related Devices,tech/software/semis/telecom,False,F4,China,E9,False,True,True,False,False,True,True,False,2021-09-09,False,,True,True,0001213900-24-096092,ea0220639-6k_nanolabs.htm,False,,False,False,,,crypto treasury / digital assets,"2 ea022063901ex99-1_nanolabs.htm PRESS RELEASE Exhibit 99.1 Nano Labs Starts Accepting Payments in Bitcoin HANGZHOU, China, November 11, 2024 /",,,False,True,1-for-10,
NAMM,2026-01-21,2026-01-20,True,True,False,2.3061224489795915,4.234693877551021,2026-01-21,2.26,166736279.0,0.98,0.98,<1,259217.84,-0.0122959080830478,-0.0576923076923077,1.45497270702274,2025-06-06,1.0,2.83,2.26,1.3061224489795915,0.0204081632653061,0.7985865724381624,1.8877551020408163,376823990.54,0.8362831858407083,,1.8318584070796464,,0.601769911504425,,2.14,1.9906542056074763,0.6915887850467288,2026514.0,True,Namib Minerals,1040.0,Gold and Silver Ores,mining/energy,False,,,E9,False,False,True,False,False,True,True,True,2024-06-18,False,,False,False,,,False,,False,False,,,no 8-K/6-K on run day,,,,True,False,,1.0
NAOV,2025-04-08,2025-04-07,True,True,False,2.4489795918367347,2.275510204081633,2025-04-08,0.6545454545454545,91681816.0,0.2672727272727273,2.94,1-3,286170.78,-0.1378299120234604,-0.2378878606423516,0.0424758309311838,2024-10-01,0.7481818181818183,1.4772727272727273,0.6545454545454545,1.4489795918367347,1.7993197278911568,0.4430769230769231,4.5272108843537415,660109075.2,-0.0708333333333331,,0.0555555555555555,,-0.3902777777777778,,0.55,0.2561983471074378,-0.2743801652892563,1326706.0,True,"ENvue Medical, Inc.",3842.0,"Orthopedic, Prosthetic & Surgical Appliances & Supplies",biotech/pharma/medtech,False,TX,TX,DE,True,False,True,False,True,False,False,False,2005-05-05,False,,False,False,,,False,,False,False,759297.0,2025-03-31,no 8-K/6-K on run day,,759297.0,2232333.18,False,True,1-for-11,0.0
NAPA,2024-10-07,2024-10-04,True,True,True,2.0277777777777777,2.0296296296296297,2024-10-07,10.95,46907106.0,5.4,5.4,3-10,8340073.2,,,,2024-10-01,10.89,11.0,10.95,1.0277777777777777,1.0166666666666666,0.9954545454545454,1.0370370370370368,513632810.7,0.0009132420091324,,0.0018264840182649,,0.0027397260273973,,10.94,0.0027422303473492,0.003656307129799,1835256.0,True,"Duckhorn Portfolio, Inc.",2080.0,Beverages,other manufacturing,False,CA,CA,DE,True,False,False,False,False,False,False,False,2020-12-18,True,1.01;2.02;8.01;9.01,False,True,0001193125-24-233356;0001835256-24-000036,d856603d8k.htm;napa-20241007.htm,False,,False,True,147052392.0,2024-05-30,earnings / business update,"ders to Receive $11.10 Per Share in Cash The Duckhorn Portfolio Announces Fiscal Fourth Quarter and Full Year 2024 Financial Results ST. HELENA & LOS ANGELES, Calif.—The Duckhorn Portfolio (NYSE: NAPA) (“Duckhorn” or the",147052392.0,794082916.8000001,False,False,,
NBY,2026-01-09,2026-01-08,True,False,False,2.025369978858351,1.4217758985200843,2026-01-09,19.16,10705256.0,9.46,9.46,3-10,12523942.64,0.6773049645390072,4.226519337016575,0.5009931052918666,2024-10-01,9.87,19.95,19.16,1.0253699788583508,0.0433403805496825,0.9604010025062656,1.1088794926004226,205112704.96,-0.2980167014613779,,-0.2291231732776618,,-0.96151878914405,,17.32,-0.1472286374133949,-0.9574307159353348,1389545.0,True,Stablecoin Development Corp,6199.0,Finance Services,finance/real estate,False,FL,FL,DE,True,False,True,True,False,False,False,False,2010-11-17,False,,False,False,,,False,,False,True,126010749.0,2025-11-04,no 8-K/6-K on run day,,126010749.0,1192061685.5400002,False,False,,0.0
NCI,2026-02-11,2026-02-10,True,True,False,3.384615384615384,2.7948717948717947,2026-02-11,0.528,88915673.0,0.156,0.78,<1,280563.66000000003,-0.3775933609958506,-0.3658536585365852,11.088668470093175,2024-10-01,0.1537,0.682,0.528,2.384615384615384,-0.0147435897435899,0.7741935483870968,3.371794871794872,234737376.72,-0.1742424242424242,,0.7007575757575759,,3.3143939393939394,,0.274,2.277372262773723,7.313868613138686,1916331.0,True,Neo-Concept International Group Holdings Ltd,2300.0,Apparel & Other Finishd Prods of  Fabrics & Similar Matl,other manufacturing,False,,,K3,False,False,False,False,False,False,True,False,2022-08-30,False,,False,False,,,False,,True,False,20320000.0,2024-12-31,no 8-K/6-K on run day,,4064000.0,3169920.0,False,False,,0.0
NCNA,2025-05-05,2025-05-02,True,False,False,2.390265102129509,0.8778791829639288,2025-05-05,1.1,140496526.0,0.4602,0.4602,<1,252917.6364,-0.1634248318487547,-0.4585882352941176,3.666480757016977,2024-10-01,0.8831,1.25,1.1,1.3902651021295092,0.9189482833550632,0.8800000000000001,1.7162103433289873,154546178.60000002,-0.6327272727272728,,-0.9636363636363636,,-0.9456363636363636,,0.3805,-0.8948751642575559,-0.842838370565046,1709626.0,True,NuCana plc,2834.0,Pharmaceutical Preparations,biotech/pharma/medtech,False,X0,United Kingdom,X0,False,False,True,False,True,False,True,False,2017-06-26,False,,False,False,,,True,424B4,True,False,142037199.0,2024-12-31,no 8-K/6-K on run day,,142037199.0,65365518.9798,False,False,,0.0
NCNA,2025-06-09,2025-06-06,False,True,False,1.5270541082164328,2.875751503006012,2025-06-10,0.1435,1195322468.0,0.0499,0.0499,<1,15041292.0302,0.4135977337110481,-0.5150631681243927,1.9968433488675352,2024-10-01,0.0494,0.0955,0.0762,0.5270541082164328,-0.0100200400801603,0.7979057591623037,0.9138276553106212,91083572.0616,0.1498257839721255,,-0.1386759581881532,,-0.58397212543554,,0.18,-0.3133333333333333,-0.6683333333333332,1709626.0,True,NuCana plc,2834.0,Pharmaceutical Preparations,biotech/pharma/medtech,False,X0,United Kingdom,X0,False,False,True,False,True,True,True,True,2017-06-26,False,,False,False,,,True,F-3/A,False,False,142037199.0,2024-12-31,no 8-K/6-K on run day,,142037199.0,7087656.2301,True,False,,0.0
NCPL,2025-12-09,2025-12-08,True,False,False,2.124753376840188,1.7605099408104414,2025-12-09,0.0199999999999999,283772090.0,0.0094128571428571,0.6589,<1,8933204.7695,-0.4463025210084033,-0.6532105263157895,33.805495948403674,2024-10-01,0.0148571428571428,0.0277142857142857,0.0199999999999999,1.124753376840188,0.5783882227955683,0.7216494845360825,1.9443011079071175,397280926.0,-0.1714285714285713,,-0.2214285714285712,,-0.4357142857142856,,0.0168571428571428,-0.0762711864406777,-0.3305084745762711,1414767.0,True,Netcapital Inc.,6199.0,Finance Services,finance/real estate,False,MA,MA,UT,True,False,True,True,True,False,False,False,2007-10-05,True,1.01;3.02;5.02;8.01;9.01,False,True,0001493152-25-026745,form8-k.htm,False,,False,False,4917889.0,2025-09-22,crypto treasury / digital assets,"5 ex99-1.htm EX-99.1 Exhibit 99.1 Netcapital Inc. Announces Appointment of Rich Wheeless as CEO ● NCPL to Expand Beyond Traditional Securities into Crypto and Blockchain-Enabled Investments BOSTON, MA – December 8, 2025 ",4917889.0,3240397.0621,False,False,,0.0
NCPL,2026-05-20,2026-05-19,False,True,False,1.2401639344262296,2.2404371584699456,2026-05-21,0.0117142857142857,13926521.026567,0.0052285714285714,0.366,<1,71649.350232,-0.1007371007371007,-0.1049156272927367,0.6588088344150951,2024-10-01,0.0054285714285714,0.0066314285714285,0.0064842857142857,0.2401639344262296,0.0382513661202186,0.9778112882378286,0.2683060109289619,6321247.893958762,-0.0012195121951219,,0.3414634146341464,,-0.2378048780487804,,0.0111428571428571,0.4102564102564103,-0.1987179487179488,1414767.0,True,Netcapital Inc.,6199.0,Finance Services,finance/real estate,False,MA,MA,UT,True,False,True,False,True,True,False,False,2007-10-05,False,,False,False,,,False,,False,False,7847899.0,2026-03-19,no 8-K/6-K on run day,,7847899.0,2872331.034,False,False,,0.0
NCPL,2026-08-25,2026-08-24,True,False,False,2.2682831443097378,1.958545170121236,2026-08-25,0.0082857142857142,498189304.257913,0.0036528571428571,0.2557,<1,292149.262358981,-0.1994364433312461,-0.3285189075630252,1.0575551819114677,2024-10-01,0.0037914285714285,0.0115927142857142,0.0082857142857142,1.2682831443097378,0.0379350801720768,0.7147346239633267,2.173601877199844,288949796.46958953,-0.1365517241379309,,0.3655172413793104,,0.7931034482758621,,0.0060971428571428,0.8556701030927834,1.4367385192127458,1414767.0,True,Netcapital Inc.,6199.0,Finance Services,finance/real estate,False,MA,MA,UT,True,False,False,False,False,False,False,False,2007-10-05,True,5.02;8.01;9.01,False,True,0001493152-26-040042,form8-k.htm,False,,False,False,7847899.0,2026-03-19,other,"EX-17.1 2 ex17-1.htm EX-17.1 Exhibit 17.1 NETCAPITAL, INC. RESIGNATION OF DIRECTOR August 19, 2026 To the Board of Directors of Netcapital, Inc.: I, CECILIA LENK, am a Director of Netcapital, Inc., a corporation organize",7847899.0,2006707.7743,False,False,,0.0
NCRA,2026-07-29,2026-07-28,True,False,False,2.181818181818182,1.6643356643356644,2026-07-29,0.104,127673091.417311,0.0476666666666666,1.43,1-3,89139.70718080999,-0.0466666666666667,-0.5498898331759522,0.0564653471532944,2024-10-01,0.1159999999999999,0.1326666666666666,0.104,1.181818181818182,1.4335664335664338,0.7839195979899498,1.7832167832167831,398340045.2220103,-0.2371794871794872,,-0.4134615384615384,,-0.4326923076923077,,0.0803333333333333,-0.2406639004149378,-0.2655601659751038,1756180.0,True,"NOCERA, INC.",200.0,Agricultural Prod-Livestock & Animal Specialties,other,False,AL,AL,NV,True,False,True,True,False,False,False,False,2018-10-19,False,,False,False,,,False,,False,True,15300113.0,2026-05-14,no 8-K/6-K on run day,,510003.76666666666,729305.3863333333,False,True,1-for-30,0.0
NDRA,2024-10-21,2024-10-18,False,True,False,1.087063453025086,2.056566650270536,2024-10-22,0.008362,2106238.0,0.004066,0.2033,<1,92678.7776,-0.0319047619047617,,,2024-10-01,0.0042,0.004738,0.00442,0.087063453025086,0.0329562223315296,0.9328830730265936,0.1652729955730447,465478.598,-0.2107151399186797,,-0.2183688112891654,,-0.6781357843304746,,0.00814,-0.197051597051597,-0.6693576693576693,1681682.0,True,ENDRA Life Sciences Inc.,3845.0,Electromedical & Electrotherapeutic Apparatus,biotech/pharma/medtech,False,MI,MI,DE,True,False,False,False,False,False,False,False,2016-08-09,False,,False,False,,,False,,False,True,72439526.0,2024-08-14,no 8-K/6-K on run day,,1448790.52,294539.112716,False,True,1-for-50,
NDRA,2025-07-08,2025-07-07,True,True,False,2.401203494763641,2.5574263727362148,2025-07-08,0.0047428571428571,90809585.0,0.0019752,3.4566,3-10,16703590.8816,-0.034469273743017,0.0226627218934909,193.77832313790591,2024-10-01,0.0060571428571428,0.0068342857142857,0.0047428571428571,1.401203494763641,2.0665972342764567,0.6939799331103679,2.4600474454666443,753719555.5000001,0.0650602409638552,,-0.0277108433734939,,-0.3819277108433735,,0.0044,0.0480519480519481,-0.3337662337662338,1681682.0,True,ENDRA Life Sciences Inc.,3845.0,Electromedical & Electrotherapeutic Apparatus,biotech/pharma/medtech,False,MI,MI,DE,True,False,False,False,False,False,False,False,2016-08-09,False,,False,False,,,True,S-1;S-1/A,False,True,738370.0,2025-05-15,no 8-K/6-K on run day,,738370.0,2552249.742,False,False,,0.0
NEGG,2025-07-10,2025-07-09,False,True,False,1.322744014732965,2.2670349907918967,2025-07-11,2.462,1151140.0,1.086,21.72,>10,12937409.4,0.38343949044586,0.5865595325054787,0.8472092601681077,2024-10-01,1.0815,1.441,1.4365,0.322744014732965,-0.0041436464088399,0.996877168632894,0.3268876611418048,33072252.2,-0.2644191714053615,,-0.3998781478472787,,0.620430544272949,,2.3760000000000003,-0.3781565656565657,0.6790824915824916,1474627.0,True,"Newegg Commerce, Inc.",5990.0,"Retail-Retail Stores, NEC",retail/wholesale,False,CA,CA,D8,True,False,False,False,False,False,True,False,2009-11-12,False,,False,False,,,True,424B5,False,False,19478394.0,2024-12-31,no 8-K/6-K on run day,,973919.7,21153535.884,False,False,,0.0
NERV,2025-10-21,2025-10-20,True,True,False,2.4097744360902253,2.022556390977444,2025-10-21,6.41,166728510.0,2.66,2.66,1-3,350625.24,0.0513833992094863,0.2788461538461539,0.191943398146909,2024-10-01,6.74,12.46,6.41,1.4097744360902251,1.5338345864661656,0.514446227929374,3.684210526315789,1068729749.1,-0.1606864274570982,,-0.2823712948517941,,-0.3291731669266771,,5.25,-0.1238095238095239,-0.1809523809523809,1598646.0,True,"Minerva Neurosciences, Inc.",2834.0,Pharmaceutical Preparations,biotech/pharma/medtech,False,MA,MA,MA,True,False,False,False,False,False,False,False,2014-02-14,False,,False,False,,,False,,False,False,6993406.0,2025-08-08,no 8-K/6-K on run day,,6993406.0,18602459.96,False,False,,0.0
NITO,2025-01-02,2024-12-31,True,True,False,4.314516129032258,10.645161290322582,2025-01-02,1.07,604100528.0,0.248,0.248,<1,331980.736,0.1518810961449141,0.1329374143444495,0.6403166971048199,2024-10-01,0.4398,1.35,1.07,3.314516129032258,0.7733870967741936,0.7925925925925926,4.443548387096775,646387564.96,1.467289719626168,,0.4018691588785046,,0.1682242990654205,,2.2,-0.3181818181818182,-0.4318181818181819,1789192.0,True,Nexentis Technologies Inc.,2834.0,Pharmaceutical Preparations,biotech/pharma/medtech,False,NY,NY,NV,True,False,False,False,False,False,False,False,2019-09-26,False,,False,False,,,False,,False,True,11408237.0,2024-11-14,no 8-K/6-K on run day,,11408237.0,2829242.776,False,False,,
NITO,2025-05-05,2025-05-02,True,False,False,2.402826855123675,1.3773851590106008,2025-05-05,0.68,601214610.0,0.283,0.283,<1,26047166.614,0.1319999999999999,0.2863636363636361,146.2802581915798,2024-10-01,0.6216,0.84,0.68,1.402826855123675,1.1964664310954063,0.8095238095238096,1.9681978798586572,408825934.8,-0.426764705882353,,-0.4085294117647059,,-0.5910294117647059,,0.5049,-0.203406615171321,-0.4491978609625668,1789192.0,True,Nexentis Technologies Inc.,2834.0,Pharmaceutical Preparations,biotech/pharma/medtech,False,NY,NY,NV,True,False,True,False,True,True,False,False,2019-09-26,False,,False,False,,,False,,False,False,17812404.0,2025-03-31,no 8-K/6-K on run day,,17812404.0,5040910.3319999995,False,False,,0.0
NIVF,2024-10-15,2024-10-14,True,False,False,2.5977468522200136,1.6169648774022531,2024-10-15,1.96,141966895.0,0.7545,0.7545,<1,1752907.215,0.203541234646674,,,2024-10-01,0.7937,3.28,1.96,1.5977468522200136,0.0519549370444003,0.5975609756097561,3.3472498343273696,278255114.2,-0.3775510204081632,,-0.3928571428571429,,-0.654795918367347,,1.8,-0.3388888888888889,-0.6241111111111111,1981662.0,True,NewGenIvf Group Ltd,8090.0,"Services-Misc Health & Allied Services, NEC",biotech/pharma/medtech,False,W1,Thailand,D8,False,False,True,False,True,False,True,False,2023-06-16,False,,False,False,,,True,F-1/A,False,False,,,no 8-K/6-K on run day,,,,False,False,,
NIVF,2025-06-03,2025-06-02,True,False,False,2.1511627906976747,1.7732558139534882,2025-06-03,0.0185,93628685.0,0.0086,1.72,1-3,84314334.64,-0.3484848484848485,-0.4285714285714285,74.14328629224035,2024-10-01,0.0263,0.03065,0.0185,1.151162790697675,2.0581395348837206,0.6035889070146819,2.563953488372093,346426134.5,-0.1756756756756758,,-0.4756756756756757,,-0.7324324324324325,,0.0144,-0.3263888888888888,-0.65625,1981662.0,True,NewGenIvf Group Ltd,8090.0,"Services-Misc Health & Allied Services, NEC",biotech/pharma/medtech,False,W1,Thailand,D8,False,False,True,False,True,False,True,False,2023-06-16,False,,False,False,,,False,,True,False,,,no 8-K/6-K on run day,,,,False,True,1-for-10,0.0
NKGN,2024-10-17,2024-10-16,True,False,False,2.5408348457350267,1.451179673321234,2024-10-17,0.7,23795783.0,0.2755,0.2755,<1,289261.776,-0.0597269624573377,,,2024-10-01,0.2847,0.8697,0.7,1.5408348457350267,0.0333938294010889,0.8048752443371276,2.1568058076225043,16657048.1,-0.4288571428571428,,-0.4469999999999999,,-0.6041428571428571,,0.45,-0.1397777777777777,-0.3842222222222222,1845459.0,True,"NKGen Biotech, Inc.",2836.0,"Biological Products, (No Diagnostic Substances)",biotech/pharma/medtech,False,CA,CA,DE,True,False,True,False,False,True,False,False,2021-02-23,False,,False,False,,,False,,False,False,35362376.0,2024-09-12,no 8-K/6-K on run day,,35362376.0,9742334.588000001,False,False,,
NKGN,2025-02-12,2025-02-11,True,True,False,2.216429699842022,2.0244865718799367,2025-02-12,0.8418,79480260.0,0.3798,0.3798,<1,48555.531,-0.2061020194440205,-0.2248979591836734,0.8011071188216466,2024-10-01,0.5135,0.91,0.8418,1.216429699842022,0.3520273828330698,0.925054945054945,1.3959978936282251,66906482.868,-0.0866001425516749,,-0.467807080066524,,-0.7727488714659064,stale_last_close,0.72,-0.3777777777777777,,1845459.0,True,"NKGen Biotech, Inc.",2836.0,"Biological Products, (No Diagnostic Substances)",biotech/pharma/medtech,False,CA,CA,DE,True,False,False,False,False,False,False,False,2021-02-23,False,,False,False,,,False,,False,True,35362376.0,2024-09-12,no 8-K/6-K on run day,,35362376.0,13430630.404800002,False,False,,
NKTR,2025-06-24,2025-06-23,True,True,False,2.5628930817610067,3.0524109014675056,2025-06-24,1.63,37172732.0,0.6359999999999999,9.54,3-10,14567618.159999998,0.1105937136204888,-0.0363636363636366,4.328299760343587,2024-10-01,1.328,1.8453333333333333,1.63,1.5628930817610067,1.0880503144654092,0.8833092485549132,1.9014675052410903,908873297.4,0.1910020449897751,,0.0057259713701431,,0.0224948875255623,,1.6586666666666663,-0.0116559485530546,0.0048231511254019,906709.0,True,NEKTAR THERAPEUTICS,2834.0,Pharmaceutical Preparations,biotech/pharma/medtech,False,CA,CA,DE,True,False,True,True,False,False,False,False,2015-07-16,True,7.01;8.01;9.01,False,True,0001213900-25-056909,ea0246672-8k_nektar.htm,True,424B5,False,True,186103588.0,2025-05-01,FDA / clinical,consistent with previously reported results Data expected in Q1 2026 from continued treatment of patients with atopic dermatitis in long-term maintenance part of REZOLVE-AD study Top-line Phase 2b data for rezpegaldesleu,12406905.866666667,118361881.968,False,True,1-for-15,0.0
NMAX,2025-04-01,2025-03-31,True,False,False,2.790085019758113,0.6289067177583523,2025-04-01,233.0,11417874.0,83.51,83.51,>10,559681097.15,,,,2025-03-31,125.98,265.0,233.0,1.7900850197581128,0.5085618488803736,0.879245283018868,2.173272661956652,2660364642.0,-0.7745922746781115,,-0.8317167381974249,,-0.9008154506437768,,176.16,-0.7774182561307902,-0.8688124432334241,2026478.0,True,Newsmax Inc.,4833.0,Television Broadcasting Stations,other,False,FL,FL,FL,True,False,False,False,False,False,False,True,2024-06-11,False,,False,False,,,True,S-1,False,True,,,no 8-K/6-K on run day,,,,True,False,,1.0
NPT,2026-03-03,2026-03-02,False,True,False,1.8162544169611303,2.632508833922261,2026-03-04,14.9,15318749.595905,5.66,5.66,3-10,125689.51505732,0.029090909090909,-0.1725146198830408,0.0113595614495325,2025-10-22,7.12,10.5,10.28,0.8162544169611305,0.2579505300353357,0.9790476190476188,0.8551236749116606,157476745.8459034,0.2852348993288589,,0.1597315436241611,,-0.265771812080537,,13.28,0.3012048192771086,-0.1762048192771084,2014337.0,True,Texxon Holding Ltd,5160.0,Wholesale-Chemicals & Allied Products,retail/wholesale,False,,,E9,False,False,False,False,False,False,True,True,2024-03-26,False,,False,False,,,False,,False,False,20000000.0,2025-06-30,no 8-K/6-K on run day,,20000000.0,113200000.0,True,False,,1.0
NPT,2026-03-31,2026-03-30,False,True,False,1.568134171907757,2.2935010482180296,2026-04-01,10.94,5603170.993238,4.77,4.77,3-10,818556.05928852,-0.3813229571984436,-0.157243816254417,0.177789309776423,2025-10-22,6.42,8.28,7.48,0.5681341719077571,0.3459119496855347,0.9033816425120774,0.7358490566037736,41911719.02942024,0.1572212065813529,,-0.1028336380255942,,-0.829981718464351,,9.32,0.0531115879828325,-0.8004291845493562,2014337.0,True,Texxon Holding Ltd,5160.0,Wholesale-Chemicals & Allied Products,retail/wholesale,False,,,E9,False,False,True,False,True,False,True,True,2024-03-26,False,,False,False,,,False,,True,False,20000000.0,2025-06-30,no 8-K/6-K on run day,,20000000.0,95399999.99999999,True,False,,1.0
NPT,2026-06-08,2026-06-05,True,False,False,3.8372093023255816,1.992248062015504,2026-06-08,4.95,142446139.756952,1.29,1.29,1-3,61649.43224982,0.032,-0.1730769230769231,0.8371056844564388,2025-10-22,1.3245,12.24,4.95,2.8372093023255816,0.0267441860465116,0.4044117647058823,8.488372093023255,705108391.7969123,-0.4808080808080809,,-0.5434343434343435,,-0.4606060606060607,,3.38,-0.3313609467455621,-0.2100591715976331,2014337.0,True,Texxon Holding Ltd,5160.0,Wholesale-Chemicals & Allied Products,retail/wholesale,False,,,E9,False,False,True,False,True,False,True,True,2024-03-26,False,,False,False,,,False,,False,False,20000000.0,2025-06-30,no 8-K/6-K on run day,,20000000.0,25800000.0,True,False,,1.0
NTCL,2025-05-06,2025-05-05,True,True,False,2.6252983293556085,2.586316626889419,2025-05-06,33.0,3309821.0,12.57,12.57,>10,57015571.65,-0.033076923076923,0.3501611170784102,18.587205287863608,2024-12-13,11.35,49.06,33.0,1.6252983293556085,-0.0970564836913285,0.6726457399103138,2.9029435163086714,109224093.0,-0.0148484848484848,,-0.3857575757575757,,-0.9015151515151516,,31.5,-0.3565079365079365,-0.8968253968253969,1927578.0,True,NetClass Technology Inc,7372.0,Services-Prepackaged Software,tech/software/semis/telecom,False,,,E9,False,False,False,False,False,False,True,True,2022-06-22,False,,False,False,,,False,,False,False,,,no 8-K/6-K on run day,,,,True,False,,1.0
NTCL,2026-05-27,2026-05-26,True,True,False,2.101476713366149,3.050359712230216,2026-05-27,0.555,78674725.502914,0.2641,0.2641,<1,2805402.751122091,-0.2862162162162162,-0.3399150212446888,7.648578289261258,2024-12-13,0.2645,0.6716,0.555,1.1014767133661492,0.0015145778114351,0.826384752829065,1.5429761453994697,43664472.65411727,0.4515315315315313,,2.1711711711711708,,-0.7207207207207207,,0.495,2.555555555555556,-0.6868686868686869,1927578.0,True,NetClass Technology Inc,7372.0,Services-Prepackaged Software,tech/software/semis/telecom,False,,,E9,False,False,True,False,True,True,True,False,2022-06-22,False,,False,False,,,False,,False,False,,,no 8-K/6-K on run day,,,,False,False,,0.0
NUKK,2024-12-17,2024-12-16,True,True,False,8.54676258992806,36.539568345323744,2024-12-17,1.485,174400354.0,0.17375,1.39,1-3,86464.95,-0.108974358974359,-0.2566844919786097,0.4554441889590019,2024-10-01,0.27875,2.2075,1.485,7.5467625899280595,0.60431654676259,0.6727066817667045,11.705035971223024,2071876205.52,3.275252525252525,,2.073232323232322,,1.4831649831649831,,2.28625,0.996172772006561,0.6129032258064517,1787518.0,True,T3 Defense Inc.,8742.0,Services-Management Consulting Services,other services,False,NY,NY,DE,True,False,False,False,False,False,False,False,2019-11-26,True,1.01;9.01,False,True,0001213900-24-109512,ea0224994-8k_nukkleus.htm,False,,False,False,16791964.0,2024-08-27,listing compliance / reverse split / financing,false 0001787518 0001787518 2024-12-15 2024-12-15 0001787518 nukkcom:CommonStock0.0001ParValuePerShareMember 2024-12-15 2024-12-15 0001787518 nukkcom:WarrantsEachWarrantExercisableForOneShareOfCommonStockFor11.50PerShare,2098995.5,2917603.7449999996,False,True,1-for-8,
NUWE,2024-11-04,2024-11-01,True,False,False,2.066176470588235,1.352941176470588,2024-11-04,0.0802857142857142,100162791.0,0.0388571428571428,1.36,1-3,5492108.4,-0.2688172043010752,0.0303030303030304,3.0986813906239283,2024-10-01,0.0637142857142857,0.1197142857142857,0.0802857142857142,1.066176470588235,0.6397058823529409,0.6706443914081145,2.080882352941176,281457442.71,-0.3451957295373664,,-0.2704626334519573,,-0.5444839857651245,,0.0714285714285714,-0.18,-0.4879999999999999,1506492.0,True,"Nuwellis, Inc.",3845.0,Electromedical & Electrotherapeutic Apparatus,biotech/pharma/medtech,False,MN,MN,DE,True,False,True,False,True,True,False,True,2013-01-16,True,2.02;9.01,False,True,0001140361-24-045016,ef20037953_8k.htm,False,,False,False,1383539.0,2024-08-13,listing compliance / reverse split / financing,"false 0001506492 NASDAQ 0001506492 2024-11-01 2024-11-01 UNITED STATES SECURITIES AND EXCHANGE COMMISSION Washington, D.C. 20549 FORM 8-K Current Report Pursuant to Section 13 or 15(d) of the Securities Exchange Act of 1",1383539.0,1881613.04,True,False,,
NUWE,2025-07-16,2025-07-15,True,True,False,2.3132704858593183,2.2857142857142856,2025-07-16,0.0108503401360544,40080555.0,0.0046904761904761,6.895,3-10,18466430.325,-0.1272151898734177,-0.4117998327958916,16.987093563314822,2024-10-01,0.0128571428571428,0.0176530612244897,0.0108503401360544,1.3132704858593185,1.741116751269035,0.6146435452793835,2.763596809282088,639284852.25,-0.0119122257053292,,-0.1329153605015675,,-0.6551724137931034,,0.0096938775510204,-0.0294736842105264,-0.6140350877192983,1506492.0,True,"Nuwellis, Inc.",3845.0,Electromedical & Electrotherapeutic Apparatus,biotech/pharma/medtech,False,MN,MN,DE,True,False,True,False,True,True,False,True,2013-01-16,False,,False,False,,,False,,False,True,4373968.0,2025-05-09,no 8-K/6-K on run day,,104142.09523809524,718059.7466666666,True,True,1-for-42,0.0
NUWE,2026-07-30,2026-07-29,True,False,False,2.354497354497355,0.9206349206349208,2026-07-30,8.649173955296403e-05,117940276.466536,3.673469387755101e-05,1.89,1-3,22077257.618344948,-0.3368421052631579,-0.380327868852459,79.75952502221308,2024-10-01,9.99028182701652e-05,0.0001243906705539,8.649173955296403e-05,1.3544973544973549,1.71957671957672,0.6953233644275693,2.3861904761904764,524834230.2760852,-0.6089887640449438,,-0.6337078651685394,,-0.7777528089887641,,3.3819241982507284e-05,-0.0632183908045977,-0.4316091954022989,1506492.0,True,"Nuwellis, Inc.",3845.0,Electromedical & Electrotherapeutic Apparatus,biotech/pharma/medtech,False,MN,MN,DE,True,False,True,False,True,True,False,True,2013-01-16,False,,False,False,,,True,424B5,False,False,2680752.0,2026-05-11,no 8-K/6-K on run day,,76592.91428571429,144760.608,True,True,1-for-35,0.0
NUZE,2024-10-17,2024-10-16,True,True,False,6.46067415730337,4.971910112359551,2024-10-17,2.3,279562330.0,0.356,0.356,<1,1146580.948,-0.0629112924453804,,,2024-10-01,0.4808,3.5,2.3,5.46067415730337,0.350561797752809,0.6571428571428571,8.831460674157304,642993359.0,-0.2304347826086955,,-0.5347826086956521,,-0.674695652173913,stale_last_close,1.7,-0.3705882352941175,,1527613.0,True,CIMG Inc.,5900.0,Retail-Miscellaneous Retail,retail/wholesale,False,,,NV,False,False,True,False,True,False,False,False,2011-09-06,True,1.01;3.02,False,True,0001493152-24-041306,form8-k.htm,False,,False,True,5005170.0,2024-08-09,other,"false 0001527613 0001527613 2024-10-14 2024-10-14 iso4217:USD xbrli:shares iso4217:USD xbrli:shares UNITED STATES SECURITIES AND EXCHANGE COMMISSION Washington, D.C. 20549 FORM 8-K CURRENT REPORT Pursuant to Section 13 o",5005170.0,1781840.52,False,False,,
NVA,2025-10-14,2025-10-13,True,False,False,2.10304449648712,1.5976288056206092,2025-10-14,71.84,9595765.0,34.16,34.16,>10,18702600.0,0.3796445880452339,1.8092105263157892,3.723867884649197,2024-10-01,57.23,81.4,71.84,1.1030444964871196,0.6753512880562063,0.8825552825552825,1.382903981264637,689359757.6,-0.2403257238307349,,-0.522271714922049,,-0.3060968819599109,,69.0,-0.5026086956521739,-0.2775362318840579,1852551.0,True,Nova Minerals Corp,1040.0,Gold and Silver Ores,mining/energy,False,,,NV,False,False,False,False,False,False,True,True,2022-05-26,False,,True,True,0001493152-25-017904,form6-k.htm,False,,False,False,401501417.0,2025-09-19,listing compliance / reverse split / financing,"2 ex99-1.htm EX-99.1 Exhibit 99.1 Nova Minerals Engaged Ahead of High-Level Critical Minerals Talks with U.S. President Donald Trump Anchorage Alaska, October 14, 2025 - Nova Minerals Limited (“Nova” or the “Company”) (N",401501417.0,13715288404.72,True,False,,0.0
NVNI,2024-12-19,2024-12-18,True,True,False,4.171875,13.40625,2024-12-19,2.67,20636499.0,0.64,0.64,<1,8139145.600000001,-0.0303030303030302,-0.2888888888888888,1079.7372275168211,2024-10-01,0.5595,3.83,2.67,3.171875,-0.12578125,0.6971279373368146,4.984375,55099452.33,2.213483146067416,,0.5767790262172285,,-0.449438202247191,,5.8,-0.2741379310344827,-0.746551724137931,1965143.0,True,Nvni Group Ltd,7372.0,Services-Prepackaged Software,tech/software/semis/telecom,False,E9,Cayman Islands,E9,False,False,False,False,False,False,True,False,2023-02-27,False,,False,False,,,False,,False,False,,,no 8-K/6-K on run day,,,,False,False,,
NVNI,2025-01-24,2025-01-23,True,True,False,2.953020134228188,2.906040268456376,2025-01-24,4.4,367836076.0,1.49,1.49,1-3,4961253.0,-0.1183431952662721,-0.8263403263403264,0.7103146110064333,2024-10-01,2.17,5.87,4.4,1.953020134228188,0.4563758389261745,0.7495741056218058,2.9395973154362416,1618478734.4,-0.0159090909090909,,0.2863636363636364,,-0.4772727272727274,,3.365,0.6820208023774146,-0.3164933135215454,1965143.0,True,Nvni Group Ltd,7372.0,Services-Prepackaged Software,tech/software/semis/telecom,False,E9,Cayman Islands,E9,False,False,False,False,False,False,True,False,2023-02-27,False,,False,False,,,False,,False,False,,,no 8-K/6-K on run day,,,,False,False,,
NVNI,2025-04-30,2025-04-29,True,False,False,2.1122065727699533,1.9014084507042253,2025-04-30,0.4499,363026814.0,0.213,0.213,<1,12012627.669,0.3566878980891719,-0.0056022408963585,18.58856314157597,2024-10-01,0.23,0.474,0.4499,1.1122065727699533,0.07981220657277,0.94915611814346,1.2253521126760565,163325763.6186,-0.0997999555456767,,0.0286730384529894,,-0.1443676372527229,,0.7067,-0.3451252299419839,-0.4552865430875902,1965143.0,True,Nvni Group Ltd,7372.0,Services-Prepackaged Software,tech/software/semis/telecom,False,E9,Cayman Islands,E9,False,False,True,False,True,False,True,False,2023-02-27,False,,False,False,,,False,,False,False,27732999.0,2023-12-31,no 8-K/6-K on run day,,,,False,False,,0.0
NVTS,2025-05-22,2025-05-21,True,True,False,2.643979057591623,2.30890052356021,2025-05-22,5.05,276487829.0,1.91,1.91,1-3,117960528.49,-0.0861244019138756,0.0268817204301075,21.97590517239616,2024-10-01,4.905,5.25,5.05,1.6439790575916229,1.568062827225131,0.9619047619047618,1.74869109947644,1396263536.45,-0.1267326732673266,,0.0099009900990099,,0.2910891089108911,,4.51,0.130820399113082,0.4456762749445675,1821769.0,True,Navitas Semiconductor Corp,3674.0,Semiconductors & Related Devices,tech/software/semis/telecom,False,CA,CA,DE,True,False,True,False,False,True,False,False,2020-09-18,False,,False,False,,,True,424B5,False,True,183457686.0,2024-08-02,no 8-K/6-K on run day,,183457686.0,350404180.26,False,False,,0.0
NVVE,2025-05-09,2025-05-08,True,False,False,2.43859649122807,1.385964912280702,2025-05-09,0.2779999999999999,263633188.0,0.1139999999999999,1.14,1-3,5328603.96,0.2368449603992621,0.2189905902480751,28.74802958316036,2024-10-01,0.169,0.355,0.2779999999999999,1.4385964912280702,0.4824561403508773,0.7830985915492957,2.1140350877192984,732900262.64,-0.4316546762589927,,-0.6582733812949639,,-0.5863309352517985,,0.205,-0.5365853658536586,-0.4390243902439025,1836875.0,True,Nuvve Holding Corp.,3690.0,"Miscellaneous Electrical Machinery, Equipment & Supplies",other manufacturing,False,CA,CA,DE,True,False,True,True,True,True,False,False,2020-12-21,True,1.01;2.03;3.02;7.01;9.01,False,True,0001836875-25-000095,nvve-20250509.htm,True,424B3;EFFECT;S-3/A,False,False,3068049.0,2025-03-21,crypto treasury / digital assets,"EX-10.1 3 nuvve-101formofconsultinga.htm EX-10.1 Document Exhibit 10.1 CONSULTING SERVICES AGREEMENT This Consulting Services Agreement (the “ Agreement ”) is made effective as May 7, 2025 (the “ Effective Date ”), by an",3068049.0,3497575.86,False,False,,0.0
NVVE,2025-11-13,2025-11-12,True,False,True,3.046094750320102,1.6638924455825863,2025-11-13,0.04758,1404101096.0,0.01562,0.1562,<1,28287477.7658,-0.1864583333333332,-0.3152126260412099,8.409785984982003,2024-10-01,0.04099,0.0645,0.04758,2.046094750320102,1.624199743918053,0.7376744186046512,3.129321382842509,668071301.4768,-0.4537620849096259,,-0.6551071878940731,,-0.7686002522068096,,0.033805,-0.5145688507617217,-0.674308534240497,1836875.0,True,Nuvve Holding Corp.,3690.0,"Miscellaneous Electrical Machinery, Equipment & Supplies",other manufacturing,False,CA,CA,DE,True,False,True,False,True,False,False,False,2020-12-21,False,,False,False,,,False,,False,True,18868425.0,2025-08-07,no 8-K/6-K on run day,,18868425.0,2947247.9850000003,False,False,,0.0
NVVE,2026-01-07,2026-01-06,False,True,False,1.5954545454545452,2.1409090909090907,2026-01-08,0.011775,81575271.0,0.0055,2.2,1-3,349797.80000000005,-0.1634980988593155,-0.6880317640385706,0.6449665167988973,2024-10-01,0.005625,0.011,0.008775,0.5954545454545452,0.0227272727272727,0.7977272727272726,1.0,286329201.21,-0.2038216560509554,,-0.1974522292993631,,-0.6900212314225054,,0.0109,-0.1330275229357799,-0.6651376146788992,1836875.0,True,Nuvve Holding Corp.,3690.0,"Miscellaneous Electrical Machinery, Equipment & Supplies",other manufacturing,False,CA,CA,DE,True,False,False,False,False,False,False,False,2020-12-21,False,,False,False,,,True,S-1,False,True,33566009.0,2025-11-08,no 8-K/6-K on run day,,839150.225,1846130.495,False,True,1-for-40,0.0
NWTN,2025-05-16,2025-05-15,False,True,False,1.4841269841269842,2.158730158730159,2025-05-19,2.72,6763614.0,1.26,1.26,1-3,1482269.04,0.7622377622377623,2.095823095823096,1.2418456652038117,2024-10-01,1.29,2.23,1.87,0.4841269841269842,0.0238095238095237,0.8385650224215248,0.7698412698412698,12647958.180000002,-0.1397058823529412,,-0.213235294117647,,-0.3419117647058823,,2.81,-0.2384341637010676,-0.3629893238434164,1932737.0,True,ROBO.AI INC.,3711.0,Motor Vehicles & Passenger Car Bodies,other manufacturing,False,,,E9,False,False,False,False,False,False,True,False,2022-06-07,False,,False,False,,,False,,False,False,,,no 8-K/6-K on run day,,,,False,False,,0.0
NXL,2025-10-07,2025-10-06,False,True,False,1.0115363881401618,2.005390835579515,2025-10-08,1.86,86174.0,0.9275,0.9275,<1,172118.03,-0.0236842105263157,0.1167971101745934,0.936884067336586,2024-10-01,0.93,0.94,0.9382,0.0115363881401617,0.0026954177897575,0.9980851063829788,0.0134770889487869,80848.4468,-0.1935483870967742,,-0.2204301075268817,,-0.2903225806451612,,1.67,-0.1317365269461078,-0.2095808383233531,1527352.0,True,"Nexalin Technology, Inc.",3845.0,Electromedical & Electrotherapeutic Apparatus,biotech/pharma/medtech,False,TX,TX,DE,True,False,False,False,False,False,False,True,2011-08-09,False,,False,False,,,True,424B5,False,True,17647130.0,2025-09-22,no 8-K/6-K on run day,,17647130.0,16367713.075,True,False,,0.0
NXTC,2026-07-14,2026-07-13,True,True,True,3.018348623853211,3.041284403669725,2026-07-14,0.5483333333333333,110469836.348121,0.1816666666666666,2.18,1-3,486096.9486406,0.0531400966183575,-0.022421524663677,1.9127758757087971,2024-10-01,0.77,0.825,0.5483333333333333,2.018348623853211,3.238532110091743,0.6646464646464647,3.5412844036697244,726891523.1706362,0.0075987841945288,,-0.2234042553191489,,0.0227963525835865,,0.4599999999999999,-0.0742753623188404,0.2192028985507246,1661059.0,True,"NextCure, Inc.",2834.0,Pharmaceutical Preparations,biotech/pharma/medtech,False,MD,MD,DE,True,False,False,False,False,False,False,False,2016-01-11,True,1.01;2.05;5.01;5.02;7.01;8.01;9.01,False,True,0001104659-26-083326,tm2620428d1_8k.htm,False,,False,True,3612096.0,2026-05-01,listing compliance / reverse split / financing,"Andrew Cheng, MD, PhD as CEO, President, & Chairman of the Board; Kitty Yale as CDO; William White as CFO & Head of Corporate Development; and Brett Pletcher as General Counsel San Francisco, CA, July 14, 2026 – NextCure",3612096.0,7874369.28,False,False,,0.0
NXTS,2026-06-22,2026-06-18,True,False,False,2.559055118110236,1.1437007874015748,2026-06-22,1.857142857142857,62104163.554751,0.7257142857142856,5.08,3-10,458379.58258368,0.0139720558882234,0.1480225988700565,0.155791602868021,2026-02-26,1.5714285714285714,3.4,1.857142857142857,1.559055118110236,1.1653543307086616,0.5462184873949579,3.6850393700787407,807354126.211763,-0.5530769230769231,,-0.6407692307692308,,-0.8376923076923077,,0.9457142857142856,-0.2945619335347432,-0.6812688821752266,1789192.0,True,Nexentis Technologies Inc.,2834.0,Pharmaceutical Preparations,biotech/pharma/medtech,False,NY,NY,NV,True,False,True,True,False,True,False,False,2019-09-26,False,,False,False,,,True,424B5,False,True,730459.0,2026-05-14,no 8-K/6-K on run day,,730459.0,3710731.72,False,True,1-for-7,1.0
NXTT,2025-05-09,2025-05-08,True,True,False,7.612903225806451,10.548387096774194,2025-05-09,2.36,217838757.0,0.31,0.31,<1,11673.98,0.0323010323010322,0.2156862745098038,0.6903884970694514,2024-10-01,0.32,2.83,2.36,6.612903225806451,0.032258064516129,0.8339222614840989,8.129032258064516,514099466.52,0.3855932203389831,,-0.1101694915254236,,-0.3898305084745762,,4.02,-0.4776119402985074,-0.6417910447761194,1784970.0,True,Next Technology Holding Inc.,7374.0,Services-Computer Processing & Data Preparation,tech/software/semis/telecom,False,,,WY,False,False,False,False,False,False,False,False,2019-08-09,False,,False,False,,,False,,False,False,436265135.0,2025-03-27,no 8-K/6-K on run day,,436265135.0,135242191.85,False,False,,0.0
NXTT,2025-06-20,2025-06-18,True,False,False,2.5864661654135337,1.6090225563909777,2025-06-20,3.44,13838425.0,1.33,1.33,1-3,204113.77,-0.0074626865671642,-0.3543689320388349,0.109972346937463,2024-10-01,1.3,3.6895,3.44,1.5864661654135337,-0.0225563909774436,0.932375660658626,1.7740601503759397,47604182.0,-0.377906976744186,,-0.4069767441860464,,-0.2994186046511627,,2.37,-0.139240506329114,0.0168776371308017,1784970.0,True,Next Technology Holding Inc.,7374.0,Services-Computer Processing & Data Preparation,tech/software/semis/telecom,False,,,WY,False,False,False,False,False,False,False,False,2019-08-09,False,,False,False,,,False,,False,False,436265135.0,2025-05-09,no 8-K/6-K on run day,,436265135.0,580232629.5500001,False,False,,0.0
NXTT,2025-09-10,2025-09-09,False,True,False,1.214574898785425,2.395411605937922,2025-09-11,0.355,198187868.0,0.1482,0.1482,<1,9151278.7158,-0.4169944925255704,-0.907375,0.9889284790782904,2024-10-01,0.1426,0.1926,0.18,0.214574898785425,-0.0377867746288798,0.9345794392523364,0.2995951417004048,35673816.24,-0.5740845070422536,,-0.6832394366197183,,-0.6609859154929577,,0.188,-0.4018617021276596,-0.3598404255319148,1784970.0,True,Next Technology Holding Inc.,7374.0,Services-Computer Processing & Data Preparation,tech/software/semis/telecom,False,,,WY,False,False,True,False,False,True,False,False,2019-08-09,False,,False,False,,,True,S-3,False,False,456265135.0,2025-08-08,no 8-K/6-K on run day,,456265135.0,67618493.007,False,False,,0.0
NXU,2024-10-24,2024-10-23,True,True,False,2.391530163803436,2.464242908509788,2024-10-24,0.5986,392085333.0,0.2503,0.2503,<1,44590.44440000001,-0.0201605010765315,,,2024-10-01,0.7419,0.94,0.5986,1.3915301638034356,1.964043148222133,0.6368085106382979,2.7554934079105067,234702280.3338,0.0304042766455061,,-0.1146007350484463,,-0.5673237554293351,,0.5,0.06,-0.482,1722969.0,True,"Nxu, Inc.",3713.0,Truck & Bus Bodies,other manufacturing,False,AZ,AZ,DE,True,False,False,False,False,False,False,False,2018-03-16,True,1.01;5.02;7.01;8.01;9.01,False,True,0001214659-24-017876,u10212428k.htm,False,,False,False,,,merger / acquisition / buyout,"11 ex99_1.htm EXHIBIT 99.1 Exhibit 99.1 Press Release FOR RELEASE ON: October 23, 2024 Nxu and Verde Bioresins Announce Proposed Merger Combination intended to create significant shareholder value in pursuit of a sustain",,,False,False,,
NXU,2024-12-30,2024-12-27,True,True,True,6.162695152013147,4.354971240755957,2024-12-30,1.5,573154744.0,0.2434,0.2434,<1,364911.8518,0.0841870824053452,-0.0828937452901281,4.934526217325233,2024-10-01,0.9,2.13,1.5,5.162695152013147,2.697617091207888,0.7042253521126761,7.751027115858669,859732116.0,-0.2933333333333333,,-0.4115999999999999,,-0.8410666666666666,,1.91,-0.5379057591623035,-0.8751832460732984,1722969.0,True,"Nxu, Inc.",3713.0,Truck & Bus Bodies,other manufacturing,False,AZ,AZ,DE,True,False,False,False,False,False,False,False,2018-03-16,False,,False,False,,,False,,True,True,,,no 8-K/6-K on run day,,,,False,False,,
NXXT,2026-05-19,2026-05-18,True,False,False,2.0002439024390246,1.641219512195122,2026-05-19,0.8201,397108906.218833,0.41,0.41,<1,80824614.66917954,0.2394195888754533,0.1484593837535013,40.44970797334497,2025-02-14,0.4099,1.09,0.8201,1.0002439024390246,-0.0002439024390243,0.7523853211009174,1.6585365853658538,325669013.990065,-0.1794903060602365,,-0.0836483355688332,,-0.4778685526155347,,0.74,0.0155405405405404,-0.4213513513513512,1817004.0,True,"NEXTNRG, INC.",5500.0,Retail-Auto Dealers & Gasoline Stations,retail/wholesale,False,FL,FL,DE,True,False,False,False,False,False,False,False,2020-11-27,False,,False,False,,,False,,False,True,157258958.0,2026-05-15,no 8-K/6-K on run day,,157258958.0,64476172.779999994,False,False,,0.0
OBAI,2026-06-16,2026-06-15,True,False,False,2.07631874298541,1.9266741488963712,2026-06-16,1.11,497839592.33881,0.5346,0.5346,<1,131023.4253595146,0.0977412731006159,0.0280769230769228,0.4802555006879108,2026-02-04,0.9069,1.3,1.11,1.0763187429854102,0.6964085297418632,0.8538461538461539,1.4317246539468762,552601947.4960792,-0.0720720720720721,,-0.3251351351351352,,-0.4403603603603604,,1.435,-0.477979094076655,-0.5671080139372823,1756064.0,True,"Our Bond, Inc.",4899.0,"Communications Services, NEC",tech/software/semis/telecom,False,MA,MA,DE,True,False,True,False,True,True,False,True,2018-10-16,True,1.01;3.02;5.02;5.03;9.01,False,True,0001493152-26-028818,form8-k.htm,False,,False,False,24462071.0,2026-05-14,other,"EX-10.1 5 ex10-1.htm EX-10.1 Exhibit 10.1 EXCHANGE AGREEMENT This Exchange Agreement (this “ Agreement ”) is dated as of June 11, 2026, between Our Bond, Inc. (the “ Company ” or “ Our Bond ”) and the holder identified o",24462071.0,13077423.156599998,True,False,,1.0
OCG,2025-12-09,2025-12-08,True,True,False,3.9198473282442734,3.3206106870229,2025-12-09,10.27,53659602.0,2.62,2.62,1-3,11944.58,0.0693877551020407,0.1696428571428569,0.5579727439065436,2024-10-01,3.33,13.0,10.27,2.9198473282442743,0.2709923664122138,0.7899999999999999,3.9618320610687023,551084112.54,-0.1528724440116845,,-0.9857643622200584,,-0.9978286270691334,,7.15,-0.9795524475524476,-0.9968811188811189,1776067.0,True,Oriental Culture Holding LTD,7380.0,Services-Miscellaneous Business Services,other services,False,,,E9,False,False,False,False,False,False,True,False,2019-05-13,False,,False,False,,,True,424B5,False,False,20733927.0,2024-12-31,no 8-K/6-K on run day,,20733927.0,54322888.74,False,False,,0.0
OCTO,2025-09-08,2025-09-05,True,True,False,31.0896551724138,27.703448275862076,2025-09-08,9.016,204842444.0,0.29,1.45,1-3,19759.15,-0.0764331210191084,-0.0202702702702702,0.4092714535638933,2024-10-01,3.772,16.624000000000002,9.016,30.0896551724138,12.00689655172414,0.5423484119345524,56.32413793103449,9234297375.52,-0.1089174800354924,,-0.4651730257320319,stale_last_close,-0.4651730257320319,stale_last_close,9.235,,,1892492.0,True,Eightco Holdings Inc.,6199.0,Finance Services,finance/real estate,False,PA,PA,TX,True,False,False,False,False,False,False,False,2021-11-08,False,,False,False,,,False,,False,False,3044744.0,2025-08-19,no 8-K/6-K on run day,,3044744.0,4414878.8,False,False,,0.0
OFAL,2026-08-12,2026-08-11,False,True,False,1.9068984856982616,2.285473920358946,2026-08-13,0.163,152197207.147664,0.07132,0.7132,<1,632393.2796243131,-0.2452910052910053,-0.4916607270135424,1.3351141860748943,2025-05-21,0.254,0.379,0.136,0.9068984856982616,2.5614133482894004,0.3588390501319261,4.31407739764442,206988201.72082308,-0.3312883435582822,,-0.4723926380368097,,-0.638282208588957,,0.1399999999999999,-0.3857142857142855,-0.5788571428571427,2036307.0,True,OFA Group,8711.0,Services-Engineering Services,other services,False,,,E9,False,False,True,False,True,False,True,False,2024-09-27,False,,False,False,,,False,,False,False,26370521.0,2026-07-13,no 8-K/6-K on run day,,2637052.1,1880745.55772,False,True,1-for-10,0.0
OLB,2026-02-17,2026-02-13,True,True,False,3.565405926282823,2.1958564201397253,2026-02-17,1.48,476368120.0,0.4151,0.4151,<1,2059206.9099,-0.1458847736625513,-0.4317590691307323,16.14104426875271,2024-10-01,0.7104,1.8,1.48,2.565405926282823,0.7113948446157552,0.8222222222222222,3.3363045049385684,705024817.6,-0.3841216216216216,,-0.4526351351351351,,-0.5608783783783784,,1.05,-0.2284761904761905,-0.3810476190476191,1314196.0,True,"OLB GROUP, INC.",7389.0,"Services-Business Services, NEC",other services,False,NY,NY,DE,True,False,True,False,False,True,False,False,2006-01-06,False,,False,False,,,False,,False,False,8768132.0,2025-11-14,no 8-K/6-K on run day,,8768132.0,3639651.5932,False,False,,0.0
OLMA,2025-11-18,2025-11-17,True,True,False,2.363849765258216,2.2805164319248825,2025-11-18,20.14,87327743.0,8.52,8.52,3-10,5337958.92,-0.0206896551724137,0.0965250965250965,0.5005713832812525,2024-10-01,26.455,27.17,20.14,1.363849765258216,2.1050469483568075,0.7412587412587412,2.188967136150235,1758780744.02,-0.035253227408143,,0.2944389275074479,,0.6186693147964251,,19.81,0.3160020191822312,0.6456335184250381,1750284.0,True,"Olema Pharmaceuticals, Inc.",2834.0,Pharmaceutical Preparations,biotech/pharma/medtech,False,CA,CA,DE,True,False,False,False,False,False,False,False,2018-08-27,False,,False,False,,,True,424B5,True,True,68659923.0,2025-11-06,no 8-K/6-K on run day,,68659923.0,584982543.9599999,False,False,,0.0
OMER,2025-10-15,2025-10-14,True,True,False,2.5414634146341464,2.3975609756097565,2025-10-15,10.42,125220957.0,4.1,4.1,3-10,3001101.6,-0.0765765765765766,0.0173697270471462,0.7239610274649357,2024-10-01,11.59,12.1,10.42,1.5414634146341464,1.8268292682926832,0.8611570247933884,1.951219512195122,1304802371.94,-0.0566218809980806,,-0.257197696737044,,-0.3387715930902112,,9.15,-0.1540983606557376,-0.2469945355191257,1285819.0,True,OMEROS CORP,2834.0,Pharmaceutical Preparations,biotech/pharma/medtech,False,WA,WA,WA,True,False,True,False,False,True,False,False,2004-03-31,True,1.01;8.01;9.01,False,True,0001437749-25-030968,omer20251014_8k.htm,False,,False,False,68055826.0,2025-08-12,listing compliance / reverse split / financing,"sorders and will enhance Novo Nordisk’s Rare Disease portfolio ● Omeros is eligible to receive 340 million US dollars in upfront and near-term milestone payments, up to a total of 2.1 billion dollars including potential ",68055826.0,279028886.59999996,False,False,,0.0
OMEX,2025-04-24,2025-04-23,True,True,False,2.0007043907020425,3.545433200281756,2025-04-24,0.8521,287460926.0,0.4259,0.4259,<1,827946.6187,0.0082859848484848,-0.0359891353553645,0.1345435751441324,2024-10-01,0.4188,1.13,0.8521,1.0007043907020423,-0.0166705799483446,0.754070796460177,1.653204977694294,244945455.0446,0.772092477408755,,0.5139068184485389,,0.0972890505809178,,1.57,-0.1783439490445859,-0.4044585987261146,798528.0,True,ODYSSEY MARINE EXPLORATION INC,4400.0,Water Transportation,shipping/water transport,False,FL,FL,NV,True,False,True,True,True,True,False,True,2006-05-09,False,,False,False,,,True,424B5,False,True,29161833.0,2025-03-25,no 8-K/6-K on run day,,29161833.0,12420024.6747,True,False,,0.0
OMGA,2025-02-11,2025-02-10,False,True,False,1.7898148148148147,2.4074074074074074,2025-02-12,0.26,319917305.0,0.108,0.108,<1,1243332.288,-0.7745773324984346,-0.8470254957507082,4.058174017403813,2024-10-01,0.108,0.26,0.1933,0.7898148148148147,0.0,0.7434615384615384,1.4074074074074074,61840015.0565,-0.1519230769230769,,-0.4076923076923077,,-0.4515384615384615,stale_last_close,0.2053,-0.2498782269849001,,1850838.0,True,"Omega Therapeutics, Inc.",2836.0,"Biological Products, (No Diagnostic Substances)",biotech/pharma/medtech,False,MA,MA,DE,True,False,False,False,False,False,False,False,2021-05-10,False,,False,False,,,False,,False,True,55366213.0,2024-11-08,no 8-K/6-K on run day,,55366213.0,5979551.004,False,False,,
OMH,2025-06-09,2025-06-06,True,True,False,3.993371996685998,2.9494614747307373,2025-06-09,0.241,94402462.0,0.06035,0.6035,<1,2637527.3475,-0.6920918367346939,-0.7859929078014184,9.99864789923349,2024-10-01,0.09842,0.325,0.241,2.993371996685998,0.6308202154101077,0.7415384615384616,4.385252692626346,227509933.42,-0.2614107883817427,,-0.3941908713692946,,-0.3589211618257262,,0.156,-0.0641025641025643,-0.0096153846153848,1944902.0,True,Ohmyhome Ltd,6531.0,Real Estate Agents & Managers (For Others),finance/real estate,False,U0,Singapore,E9,False,False,True,True,False,True,True,False,2022-09-06,False,,False,False,,,True,424B5,False,False,23590308.0,2024-12-31,no 8-K/6-K on run day,,2359030.8,1423675.0877999999,False,False,,0.0
OMH,2026-07-21,2026-07-20,True,False,False,3.226981585268215,1.4451561248999198,2026-07-21,0.08061,304781385.281246,0.02498,0.2498,<1,34196.371,-0.284035540269418,-0.6321060382916053,0.5330671602528914,2024-10-01,0.02495,0.121,0.08061,2.226981585268215,-0.0012009607686149,0.6661983471074382,3.843875100080063,245684274.6752124,-0.5521647438283093,,-0.8139188686267214,,-0.8933134846793203,,0.036725,-0.5915588835942818,-0.7658270932607216,1944902.0,True,Ohmyhome Ltd,6531.0,Real Estate Agents & Managers (For Others),finance/real estate,False,U0,Singapore,E9,False,False,False,False,False,False,True,False,2022-09-06,False,,False,False,,,True,424B5,False,False,22259591.0,2025-12-31,no 8-K/6-K on run day,,22259591.0,5560445.8318,False,False,,0.0
ONEG,2026-01-26,2026-01-23,False,True,False,1.3974358974358976,2.008547008547009,2026-01-27,4.7,942945.0,2.34,2.34,1-3,1750029.84,0.1527093596059114,0.8139534883720929,5.018449887368118,2024-12-31,2.26,3.99,3.27,0.3974358974358976,-0.0341880341880341,0.8195488721804511,0.7051282051282053,3083430.15,0.0297872340425531,,0.0957446808510638,,-0.672340425531915,,4.69,0.0980810234541578,-0.6716417910447761,2030834.0,True,OneConstruction Group Ltd,1520.0,General Bldg Contractors - Residential Bldgs,other,False,,,,False,False,False,False,False,False,True,False,2024-08-02,False,,False,False,,,False,,False,False,13000000.0,2025-03-31,no 8-K/6-K on run day,,13000000.0,30420000.0,False,False,,0.0
ONFO,2026-04-16,2026-04-15,True,False,False,2.2488755622188905,1.874062968515742,2026-04-16,1.5,278193908.224818,0.667,0.667,<1,135128.864,0.0379707438530969,-0.0323516611054692,0.669271639521081,2024-10-01,1.11,2.4783,1.5,1.2488755622188903,0.6641679160419791,0.6052536012589275,2.715592203898051,417290862.337227,-0.1666666666666666,,-0.0933333333333332,,-0.3199999999999999,,1.27,0.0708661417322835,-0.1968503937007873,1825452.0,True,"Onfolio Holdings, Inc",7374.0,Services-Computer Processing & Data Preparation,tech/software/semis/telecom,False,DE,DE,DE,True,False,True,False,True,False,False,True,2020-09-23,True,1.01;2.03;3.02;7.01;9.01,False,True,0001654954-26-003581,onfo_8k.htm,False,,False,False,5863214.0,2026-03-31,AI pivot / AI product,5 onfo_ex991.htm PRESS RELEASE onfo_ex991.htm EXHIBIT 99.1 Onfolio Holdings Inc. Secures $100 Million Equity Purchase Facility to Accelerate Acquisition Strategy Facility provides discretionary capital as Company scales ,5863214.0,3910763.7380000004,True,False,,0.0
ONMD,2025-06-24,2025-06-23,True,False,False,2.006470588235294,1.6820588235294116,2025-06-24,0.6822,495973553.0,0.34,0.34,<1,24814.9,0.0539367637941723,-0.1668708649840725,0.3923459611374028,2024-10-01,0.61,0.91,0.6822,1.006470588235294,0.7941176470588234,0.7496703296703296,1.676470588235294,338353157.8566,-0.1616827909703899,,-0.1615362063910878,,-0.1542069774259749,,0.57,0.0035087719298245,0.012280701754386,1849380.0,True,OneMedNet Corp,8731.0,Services-Commercial Physical & Biological Research,biotech/pharma/medtech,False,X0,United Kingdom,DE,False,False,False,False,False,False,False,False,2021-03-09,True,1.01;3.02;8.01;9.01,False,True,0001641172-25-016223,form8-k.htm,True,S-1/A,False,False,30572831.0,2025-05-14,other,"EX-10.1 3 ex10-1.htm EX-10.1 Exhibit 10.1 SECURITIES PURCHASE AGREEMENT This Securities Purchase Agreement (as amended, supplemented, restated and/or modified from time to time, this “ Agreement ”) is entered into as of ",30572831.0,10394762.540000001,False,False,,0.0
ONMD,2025-08-13,2025-08-12,False,True,False,1.0256410256410255,2.048076923076923,2025-08-14,0.9585,73942.0,0.468,0.468,<1,21385.26,-0.0448979591836733,-0.1370090355891572,0.3523529652165665,2024-10-01,0.4547,0.48,0.48,0.0256410256410255,-0.0284188034188035,1.0,0.0256410256410255,35492.16,-0.3298904538341158,,-0.1966614501825769,,-0.1200834637454355,,0.709,0.0860366713681242,0.1895627644569817,1849380.0,True,OneMedNet Corp,8731.0,Services-Commercial Physical & Biological Research,biotech/pharma/medtech,False,X0,United Kingdom,DE,False,False,True,False,True,True,False,False,2021-03-09,False,,False,False,,,False,,True,False,30572831.0,2025-05-14,no 8-K/6-K on run day,,30572831.0,14308084.908000002,False,False,,0.0
ONMD,2025-10-06,2025-10-03,True,True,False,2.4854368932038837,2.5242718446601944,2025-10-06,2.56,285238078.0,1.03,1.03,1-3,111646.85,-0.0283018867924528,0.1859527921704087,0.3541333664395785,2024-10-01,1.435,3.67,2.56,1.4854368932038833,0.3932038834951457,0.6975476839237057,2.5631067961165046,730209479.6800001,0.015625,,0.15625,,-0.30859375,,2.38,0.2436974789915966,-0.2563025210084033,1849380.0,True,OneMedNet Corp,8731.0,Services-Commercial Physical & Biological Research,biotech/pharma/medtech,False,X0,United Kingdom,DE,False,False,True,False,True,True,False,False,2021-03-09,False,,False,False,,,False,,False,False,46095647.0,2025-08-12,no 8-K/6-K on run day,,46095647.0,47478516.410000004,False,False,,0.0
ONVO,2025-02-25,2025-02-24,True,True,False,3.4417344173441737,2.303523035230352,2025-02-25,1.27,386295937.0,0.369,0.369,<1,42381.495,-0.0440414507772021,0.0789473684210524,1.1133049906073524,2024-10-01,1.25,1.83,1.27,2.4417344173441737,2.3875338753387534,0.6939890710382514,3.959349593495936,490595839.99,-0.3307086614173229,,-0.5220472440944882,,-0.8136482939632546,,1.44,-0.5784722222222223,-0.8356481481481481,1497253.0,True,"VivoSim Labs, INC.",2836.0,"Biological Products, (No Diagnostic Substances)",biotech/pharma/medtech,False,CA,CA,DE,True,False,False,False,False,False,False,True,2010-08-04,True,1.01;3.01;8.01;9.01,False,True,0000950170-25-026097,onvo-20250219.htm,True,424B5,False,False,17454473.0,2025-02-01,merger / acquisition / buyout,"3 onvo-ex99_1.htm EX-99.1 EX-99.1 Exhibit 99.1 Organovo’s FXR Program, including FXR314, to Be Acquired by Eli Lilly and Company San Diego, CA – February 25, 2025 – Organovo Holdings, Inc. (Nasdaq:ONVO) (“Organovo” or th",17454473.0,6440700.537,True,False,,
OP,2025-06-13,2025-06-12,True,True,False,2.226832641770401,3.208852005532503,2025-06-13,1.61,80277705.0,0.723,0.723,<1,2191.413,0.0043061536324489,-0.0611621073080025,0.3100830707533658,2024-10-01,0.7503,1.94,1.61,1.2268326417704012,0.0377593360995851,0.8298969072164949,1.6832641770401109,129247105.05,0.4409937888198756,,0.3664596273291927,,-0.0683229813664596,,2.77,-0.2057761732851984,-0.4584837545126353,1869467.0,True,OceanPal Inc.,4412.0,Deep Sea Foreign Transportation of  Freight,shipping/water transport,False,J3,Greece,1T,False,False,False,False,False,False,True,False,2021-06-24,False,,False,False,,,True,F-1,False,False,7504982.0,2024-12-31,no 8-K/6-K on run day,,7504982.0,5426101.986,False,False,,0.0
OP,2025-08-25,2025-08-22,True,True,False,23.46625766871166,23.92638036809816,2025-08-25,1.53,1110805.0,0.0652,0.0652,<1,3522317.856,-0.3486513486513487,-0.6515232495991449,0.8597621478587193,2024-10-01,1.45,1.74,1.53,22.46625766871166,21.239263803680984,0.8793103448275862,25.68711656441718,1699531.65,0.0196078431372548,,-0.2483660130718955,,-0.1568627450980392,,1.5,-0.2333333333333334,-0.14,1869467.0,True,OceanPal Inc.,4412.0,Deep Sea Foreign Transportation of  Freight,shipping/water transport,False,J3,Greece,1T,False,False,True,False,True,True,True,True,2021-06-24,False,,False,False,,,False,,False,False,7504982.0,2024-12-31,no 8-K/6-K on run day,,7504982.0,489324.82639999996,True,False,,0.0
OPAD,2025-08-25,2025-08-22,True,True,False,2.363636363636364,2.422077922077922,2025-08-25,3.64,161676864.0,1.54,1.54,1-3,8356936.28,0.0769230769230771,-0.1444444444444445,4.223685625862684,2024-10-01,2.035,4.93,3.64,1.3636363636363638,0.3214285714285714,0.7383367139959433,2.201298701298701,588503784.96,0.0247252747252746,,0.4038461538461539,,0.1098901098901099,,4.17,0.2254196642685852,-0.0311750599520383,1825024.0,True,Offerpad Solutions Inc.,6531.0,Real Estate Agents & Managers (For Others),finance/real estate,False,AZ,AZ,,True,False,True,False,True,True,False,False,2020-09-16,False,,False,False,,,True,424B3;424B5;EFFECT,False,True,30583561.0,2025-07-28,no 8-K/6-K on run day,,30583561.0,47098683.94,False,False,,0.0
OPI,2025-09-11,2025-09-10,False,True,False,1.224028548770817,2.185963521015068,2025-09-12,0.5513,14040513.0,0.2522,0.2522,<1,293747.428,0.3273684210526315,0.0534670008354218,1.7657716905443954,2024-10-01,0.27,0.3087,0.3087,0.2240285487708169,0.0705789056304522,1.0,0.2240285487708169,4334306.3631,0.5962270995828043,,-0.2925811717758027,,-0.6372211137311808,gap_last_close,0.7149,-0.4544691565253881,,1456772.0,True,OFFICE PROPERTIES INCOME TRUST,6500.0,Real Estate,finance/real estate,False,MA,MA,MD,True,False,False,False,False,False,False,False,2009-02-20,False,,False,False,,,False,,False,False,73976190.0,2025-07-29,no 8-K/6-K on run day,,73976190.0,18656795.117999997,False,False,,0.0
OPTT,2024-11-26,2024-11-25,False,True,False,1.63072625698324,2.059217877094972,2024-11-27,0.3686,256141933.0,0.179,0.179,<1,4124997.183,0.1949265687583445,0.1623376623376622,6.832913733573739,2024-10-01,0.2,0.2919,0.2919,0.6307262569832401,0.1173184357541901,1.0,0.6307262569832401,74767830.2427,0.3564839934888768,,-0.0021703743895821,,0.293543136190993,,0.441,-0.165986394557823,0.0811791383219955,1378140.0,True,"Ocean Power Technologies, Inc.",4911.0,Electric Services,other,False,NJ,NJ,NJ,True,False,True,True,False,True,False,False,2009-07-14,False,,False,False,,,True,424B5,False,True,97935748.0,2024-09-13,no 8-K/6-K on run day,,97935748.0,17530498.892,False,False,,
OPTT,2024-12-30,2024-12-27,False,True,False,1.8456375838926176,2.139261744966443,2024-12-31,1.02,299189871.0,0.4768,0.4768,<1,39079144.0256,0.531149646756583,0.293543136190993,1.3968006645366986,2024-10-01,0.5551,0.95,0.88,0.8456375838926176,0.1642197986577183,0.9263157894736842,0.9924496644295302,263287086.48,-0.0098039215686274,,0.0490196078431373,,-0.3569607843137254,,0.9233,0.1588866024044191,-0.2896133434420015,1378140.0,True,"Ocean Power Technologies, Inc.",4911.0,Electric Services,other,False,NJ,NJ,NJ,True,False,True,False,False,True,False,False,2009-07-14,False,,False,False,,,False,,False,True,146038719.0,2024-12-13,no 8-K/6-K on run day,,146038719.0,69631261.2192,False,False,,
OPTX,2024-12-16,2024-12-13,False,True,False,1.8060064935064932,3.581574675324675,2024-12-17,3.53,15838832.0,0.9856,0.9856,<1,400947.9936,0.0713043478260868,-0.3472847682119205,0.6039745033875076,2024-10-01,0.99,2.12,1.78,0.8060064935064934,0.0044642857142855,0.8396226415094339,1.1509740259740262,28193120.96,-0.2804532577903682,,-0.0424929178470254,,-0.4560906515580736,,3.11,0.0868167202572347,-0.382636655948553,1866816.0,True,"SYNTEC OPTICS HOLDINGS, INC.",3827.0,Optical Instruments & Lenses,other manufacturing,False,FL,FL,DE,True,False,False,False,False,False,False,False,2021-07-02,False,,False,False,,,False,,False,False,36688266.0,2024-11-13,no 8-K/6-K on run day,,36688266.0,36159954.9696,False,False,,
ORGO,2025-02-28,2025-02-27,True,False,False,2.022801302931596,1.7622149837133552,2025-02-28,6.21,58997241.0,3.07,3.07,3-10,4640719.45,-0.0917159763313609,-0.1921052631578947,4.32141973476028,2024-10-01,4.06,6.4,6.21,1.022801302931596,0.3224755700325732,0.9703125,1.0846905537459284,366372866.61,-0.1288244766505636,,-0.1698872785829307,,-0.2753623188405797,,5.99,-0.1393989983305509,-0.2487479131886477,1661181.0,True,Organogenesis Holdings Inc.,2834.0,Pharmaceutical Preparations,biotech/pharma/medtech,False,MA,MA,DE,True,False,True,True,False,True,False,False,2015-12-18,True,2.02;9.01,False,True,0000950170-25-029021,orgo-20250227.htm,False,,False,True,126828092.0,2025-02-24,earnings / business update,"2 orgo-ex99_1.htm EX-99.1 EX-99.1 Exhibit 99.1 FOR IMMEDIATE RELEASE Organogenesis Holdings Inc. Reports Fourth Quarter 2024 Financial Results CANTON, Mass., (February 27, 2025) -- Organogenesis Holdings Inc. (Nasdaq: OR",126828092.0,389362242.44,False,False,,
ORIS,2024-12-05,2024-12-04,True,False,False,6.99250936329588,0.4519350811485643,2024-12-05,56.01,6506463.0,8.01,8.01,3-10,5409209.07,0.1890447561790247,0.0753121224325412,2.293502438752691,2024-10-17,9.93,56.01,56.01,5.99250936329588,0.2397003745318351,1.0,5.99250936329588,364426992.63,-0.9353686841635422,,-0.962506695232994,,-0.9669701838957327,,14.5,-0.8551724137931034,-0.8724137931034482,1964664.0,True,ORIENTAL RISE HOLDINGS Ltd,100.0,Agricultural Production-Crops,other,False,F4,China,,False,True,True,False,False,True,True,True,2023-03-22,False,,False,False,,,False,,False,False,20000000.0,2023-12-31,no 8-K/6-K on run day,,20000000.0,160200000.0,True,False,,
ORIS,2025-09-22,2025-09-19,False,True,False,1.4384858044164035,2.0681388012618296,2025-09-23,0.3278,262441581.0,0.1585,0.1585,<1,2641285.21,0.174074074074074,0.4001766784452298,0.8889947111348142,2024-10-17,0.2,0.3,0.228,0.4384858044164037,0.2618296529968456,0.76,0.8927444794952681,59836680.468,-0.1775472849298351,,-0.4289200732153752,,-0.5698596705308114,,0.2501,-0.251499400239904,-0.4362255097960815,1964664.0,True,ORIENTAL RISE HOLDINGS Ltd,100.0,Agricultural Production-Crops,other,False,F4,China,,False,True,True,False,True,True,True,True,2023-03-22,False,,False,False,,,False,,False,False,22012500.0,2024-12-31,no 8-K/6-K on run day,,22012500.0,3488981.25,True,False,,1.0
ORKT,2025-01-27,2025-01-24,False,True,False,1.9130434782608696,2.173913043478261,2025-01-28,1.5,62835507.0,0.69,0.69,<1,614386.35,-0.8283582089552239,-0.7063829787234043,0.2314041751611216,2024-10-01,0.68,1.4,1.32,0.9130434782608698,-0.0144927536231882,0.942857142857143,1.028985507246377,82942869.24000001,-0.0266666666666667,,-0.0999999999999999,,-0.2933333333333333,,1.6,-0.15625,-0.3375,1979407.0,True,ORANGEKLOUD TECHNOLOGY INC.,7372.0,Services-Prepackaged Software,tech/software/semis/telecom,False,,,E9,False,False,False,False,False,False,True,True,2023-07-06,False,,False,False,,,False,,False,False,,,no 8-K/6-K on run day,,,,True,False,,
ORKT,2025-12-08,2025-12-05,True,False,False,2.4763313735242978,1.434784272213649,2025-12-08,0.5825,12132816.0,0.235227,0.940908,<1,9135.275772,-0.035361902809104,-0.1818191304347826,0.4319526627218935,2024-10-01,0.235275,0.6225,0.5825,1.4763313735242978,0.0002040582076037,0.9357429718875502,1.6463798798607303,28269461.28,-0.4206008583690986,,-0.6223175965665236,,-0.6640343347639485,,0.34,-0.3529411764705883,-0.4244117647058824,1979407.0,True,ORANGEKLOUD TECHNOLOGY INC.,7372.0,Services-Prepackaged Software,tech/software/semis/telecom,False,,,E9,False,False,False,False,False,False,True,False,2023-07-06,False,,False,False,,,False,,False,False,23359000.0,2024-12-31,no 8-K/6-K on run day,,5839750.0,5494667.493,False,True,1-for-4,0.0
OSRH,2025-03-26,2025-03-25,True,False,False,2.36875,1.86875,2025-03-26,3.79,96151574.0,1.6,1.6,1-3,89043.20000000001,-0.1061452513966479,-0.5628415300546448,0.3659920444804102,2025-02-18,4.1501,4.33,3.79,1.36875,1.5938125,0.8752886836027713,1.7062499999999998,364414465.46,-0.2110817941952506,,-0.6121372031662269,,-0.6358839050131926,,2.98,-0.5067114093959731,-0.5369127516778525,1840425.0,True,"OSR Health, Inc.",3841.0,Surgical & Medical Instruments & Apparatus,biotech/pharma/medtech,False,WA,WA,DE,True,False,True,False,False,True,False,False,2021-03-12,False,,False,False,,,False,,False,True,4041221.0,2024-11-12,no 8-K/6-K on run day,,4041221.0,6465953.600000001,False,False,,1.0
OSRH,2025-08-22,2025-08-21,False,True,False,1.0908705782673165,2.139377250582504,2025-08-25,1.01,29429588.0,0.4721,0.4721,<1,116636.0818,-0.0940318556898867,-0.5082291666666666,0.1902694992966687,2025-02-18,0.49,0.545,0.515,0.0908705782673162,0.0379156958271551,0.944954128440367,0.1544164371955094,15156237.82,-0.0315841584158416,,-0.282970297029703,,-0.3531683168316831,,0.8382,-0.1360057265569076,-0.2205917442137914,1840425.0,True,"OSR Health, Inc.",3841.0,Surgical & Medical Instruments & Apparatus,biotech/pharma/medtech,False,WA,WA,DE,True,False,True,False,True,True,False,False,2021-03-12,False,,False,False,,,False,,False,False,21585360.0,2025-08-10,no 8-K/6-K on run day,,21585360.0,10190448.456,False,False,,1.0
OSRH,2026-08-14,2026-08-13,False,True,False,1.1166077738515905,2.0848056537102475,2026-08-17,0.59,2816206.528009,0.283,0.283,<1,337651.550877061,-0.3512150389729482,-0.4172158154859967,1.742682535603883,2025-02-18,0.309,0.335,0.316,0.1166077738515902,0.0918727915194346,0.9432835820895522,0.1837455830388694,889921.262850844,-0.271186440677966,,-0.576271186440678,,-0.8025423728813559,stale_last_close,0.6432,-0.611318407960199,,1840425.0,True,"OSR Health, Inc.",3841.0,Surgical & Medical Instruments & Apparatus,biotech/pharma/medtech,False,WA,WA,DE,True,False,False,False,False,False,False,False,2021-03-12,False,,False,False,,,False,,False,False,35104995.0,2026-05-10,no 8-K/6-K on run day,,35104995.0,9934713.584999999,False,False,,0.0
OST,2025-04-15,2025-04-14,True,True,False,3.99099211810334,2.3270361566370577,2025-04-15,0.319,107809210.0,0.07993,0.7993,<1,101343.247,-0.4165693430656935,-0.5155757575757576,5.206297324376263,2024-10-01,0.08,0.419,0.319,2.9909921181033403,0.0008757662955087,0.7613365155131264,4.242086825972726,343911379.9,-0.4169278996865203,,-0.3448275862068966,,0.3824451410658309,,0.2,0.0449999999999999,1.205,1803407.0,True,"Ostin Technology Group Co., Ltd.",3679.0,"Electronic Components, NEC",tech/software/semis/telecom,False,F4,China,E9,False,True,False,False,False,False,True,False,2020-09-28,False,,False,False,,,False,,True,False,14006250.0,2023-09-30,no 8-K/6-K on run day,,,,False,False,,0.0
PAAI,2026-09-17,2026-09-16,True,False,False,3.711523502611401,1.66685187243027,2026-09-17,3.34,31758930.12681,0.8999,0.8999,<1,143964.76971563572,-0.1667592592592592,,0.493153385665092,2026-08-31,0.93945,3.47,3.34,2.711523502611401,0.043949327703078,0.9625360230547548,2.8559839982220248,106074826.6235454,-0.5508982035928143,,-0.4730538922155688,,,beyond_data,2.91,-0.3951890034364261,,894871.0,True,"Paradium.AI, Inc.",4841.0,Cable & Other Pay Television Services,other,False,NY,NY,DE,True,False,False,False,False,False,False,False,1996-07-30,False,,False,False,,,False,,False,False,47610653.0,2026-08-10,no 8-K/6-K on run day,,47610653.0,42844826.6347,False,False,,1.0
PBM,2024-12-19,2024-12-18,False,True,False,1.607843137254902,2.07843137254902,2024-12-20,0.0424,75273922.0,0.0204,1.53,1-3,394450.83,-0.2608695652173912,-0.6114285714285714,0.117855814929685,2024-10-01,0.0277333333333333,0.1049333333333333,0.0328,0.607843137254902,0.3594771241830066,0.312579415501906,4.143790849673202,185173848.12,-0.2515723270440252,,-0.330188679245283,,-0.4622641509433963,,0.0344,-0.1744186046511627,-0.3372093023255813,1985062.0,True,PSYENCE BIOMEDICAL LTD.,2834.0,Pharmaceutical Preparations,biotech/pharma/medtech,False,,,A6,False,False,True,False,True,True,True,True,2023-08-01,False,,True,True,0001104659-24-129990;0001104659-24-129774,tm2431522d1_6k.htm;tm2431260d1_6k.htm,True,F-1,False,False,13390659.0,2024-03-31,listing compliance / reverse split / financing,"_ex99-1.htm EXHIBIT 99.1 Exhibit 99.1 Psyence Biomed Executes Binding Agreements with Optimi Health Corp. Psyence Biomed obtains exclusive worldwide supply rights to Optimi’s GMP-certified, nature-derived psilocybin for ",178542.12,273169.4436,True,True,1-for-75,
PBM,2025-08-04,2025-08-01,False,True,False,1.9237288135593225,2.0974576271186445,2025-08-05,0.0082810539523212,55811233.0,0.0039481388540359,2.36,1-3,5849923.16,-0.7947826086956522,-0.5465898174831894,1.2754320412512912,2024-10-01,0.0076118778753659,0.0097030531158511,0.007595148473442,0.9237288135593222,0.9279661016949154,0.7827586206896551,1.4576271186440684,253382997.82,-0.1737373737373738,,-0.2565656565656566,,-0.4646464646464647,,0.0076118778753659,-0.1912087912087912,-0.4175824175824176,1985062.0,True,PSYENCE BIOMEDICAL LTD.,2834.0,Pharmaceutical Preparations,biotech/pharma/medtech,False,,,A6,False,False,False,False,False,False,True,False,2023-08-01,False,,False,False,,,True,F-3,False,False,568021.0,2025-03-31,no 8-K/6-K on run day,,71269.88707653702,168196.93350062738,False,False,,0.0
PBM,2026-04-16,2026-04-15,True,True,False,2.0381944444444446,2.638888888888889,2026-04-16,0.0015712254286909,53763239.985249,0.0007708908406524,2.88,1-3,70230.46853664,0.1566265060240963,0.1119691119691119,1.258292237405273,2024-10-01,0.0007521806775407,0.0026686741948975,0.0015712254286909,1.0381944444444446,-0.0242708333333334,0.5887662988966901,2.461805555555556,315590218.7134116,0.2947189097103919,,0.5383304940374787,,-0.141396933560477,,0.0026285236302802,-0.0804480651731162,-0.4867617107942974,1985062.0,True,PSYENCE BIOMEDICAL LTD.,2834.0,Pharmaceutical Preparations,biotech/pharma/medtech,False,,,A6,False,False,False,False,False,False,True,False,2023-08-01,False,,False,False,,,False,,False,False,568021.0,2025-03-31,no 8-K/6-K on run day,,11403.181932245923,32841.16396486826,False,True,1-for-6.25,0.0
PCLA,2025-12-23,2025-12-22,True,False,False,2.9244516653127537,1.8854589764419167,2025-12-23,0.36,821965346.0,0.1231,0.1231,<1,72612.0122,-0.4198868991517436,-0.5919787868743785,1.951876639008612,2025-01-16,0.186,0.47,0.36,1.9244516653127537,0.5109666937449229,0.7659574468085106,2.8180341186027618,295907524.56,-0.3552777777777778,,-0.1611111111111111,,-0.5222222222222223,,0.2539,0.1894446632532491,-0.3225679401339111,2018462.0,True,PicoCELA Inc.,3640.0,Electric Lighting & Wiring Equipment,other manufacturing,False,M0,Japan,M0,False,False,False,False,False,False,True,True,2024-06-13,False,,False,False,,,False,,False,False,22933860.0,2024-09-30,no 8-K/6-K on run day,,22933860.0,2823158.166,True,False,,1.0
PCLA,2026-05-22,2026-05-21,True,True,True,2.9422222222222225,5.333333333333334,2026-05-22,0.2206666666666666,37042732.458765,0.075,2.25,1-3,101922454.994139,0.4610389610389609,-0.0425531914893617,9778.441666448656,2025-01-16,0.2043333333333333,0.2466633333333333,0.2206666666666666,1.9422222222222223,1.7244444444444444,0.8946066838741065,2.2888444444444445,245222888.8770243,0.8126888217522659,,0.2885196374622356,,-0.419939577039275,,0.2066666666666666,0.3758064516129031,-0.3806451612903225,2018462.0,True,PicoCELA Inc.,3640.0,Electric Lighting & Wiring Equipment,other manufacturing,False,M0,Japan,M0,False,False,False,False,False,False,True,True,2024-06-13,False,,False,False,,,False,,False,False,1153806.0,2025-09-30,no 8-K/6-K on run day,,38460.2,86535.45,True,False,,0.0
PCLA,2026-06-26,2026-06-25,True,True,False,2.2703583061889248,2.1074918566775245,2026-06-26,0.2323333333333333,7434346.671028,0.1023333333333333,3.07,3-10,266670.55946633,-0.3617463617463617,-0.6895854398382204,0.6031981230149485,2025-01-16,0.1003333333333333,0.3854999999999999,0.2323333333333333,1.2703583061889248,-0.019543973941368,0.6026805015131863,2.7671009771986967,51817396.29706516,-0.0717360114777618,,-0.2969870875179339,,-0.2826398852223816,,0.1816666666666666,-0.1009174311926606,-0.0825688073394496,2018462.0,True,PicoCELA Inc.,3640.0,Electric Lighting & Wiring Equipment,other manufacturing,False,M0,Japan,M0,False,False,False,False,False,False,True,False,2024-06-13,False,,False,False,,,False,,False,False,1153806.0,2025-09-30,no 8-K/6-K on run day,,38460.2,118072.81399999998,False,False,,0.0
PDSB,2026-09-15,2026-09-14,False,True,False,1.4665497369080431,2.482084690553746,2026-09-16,0.9906,372179892.859115,0.3991,0.3991,<1,32266171.338330086,0.8140909090909092,0.730702515177797,2.928956199137471,2024-10-01,0.4916,0.7553,0.5853,0.4665497369080431,0.231771485843147,0.7749238713094135,0.8925081433224755,217836891.29044,-0.1498081970522916,,-0.1682818493842116,,,beyond_data,0.9077,-0.0923212515148176,,1472091.0,True,PDS Biotechnology Corp,2834.0,Pharmaceutical Preparations,biotech/pharma/medtech,False,NJ,NJ,DE,True,False,True,True,False,True,False,True,2009-09-16,True,1.02;5.02;7.01;8.01;9.01,False,True,0001140361-26-036489,ef20081956_8k.htm,False,,False,False,55971338.0,2026-08-06,FDA / clinical,"the Appointment of Dr. Patrick Soon-Shiong to Its Board of Directors Gross Proceeds of $11.3 Million at Initial Closing Transaction Led by Dr. Patrick Soon-Shiong, Founder of NantWorks Princeton, NJ, September 14, 2026 -",55971338.0,22338160.9958,True,False,,0.0
PDYN,2024-11-22,2024-11-21,True,True,False,2.3,2.205,2024-11-22,4.6,83072267.0,2.0,2.0,1-3,12723522.0,0.0928961748633878,0.0050251256281406,13.881531883063884,2024-10-01,2.22,5.05,4.6,1.2999999999999998,0.1100000000000001,0.9108910891089108,1.525,382132428.2,-0.0413043478260868,,0.2869565217391305,,-0.2195652173913043,,5.5,0.0763636363636364,-0.3472727272727273,1826681.0,True,Palladyne AI Corp.,7372.0,Services-Prepackaged Software,tech/software/semis/telecom,False,UT,UT,DE,True,False,True,False,True,True,False,False,2020-10-05,False,,False,False,,,False,,False,True,30112399.0,2024-11-06,no 8-K/6-K on run day,,30112399.0,60224798.0,False,False,,
PDYN,2024-12-24,2024-12-23,False,True,False,1.3760445682451254,2.030640668523677,2024-12-26,7.29,10240447.0,3.59,3.59,3-10,18177771.14,-0.1513002364066195,-0.2195652173913043,0.4960981224065682,2024-10-01,3.72,5.2,4.94,0.3760445682451254,0.0362116991643455,0.95,0.4484679665738162,50587808.18000001,0.6145404663923182,,0.4142661179698217,,0.2592592592592593,,8.54,0.2072599531615926,0.0749414519906324,1826681.0,True,Palladyne AI Corp.,7372.0,Services-Prepackaged Software,tech/software/semis/telecom,False,UT,UT,DE,True,False,True,True,True,True,False,False,2020-10-05,False,,False,False,,,True,424B5,False,True,30112399.0,2024-11-06,no 8-K/6-K on run day,,30112399.0,108103512.41,False,False,,
PEPG,2025-02-27,2025-02-26,False,True,False,1.5882352941176472,2.0588235294117645,2025-02-28,3.15,26549149.0,1.53,1.53,1-3,2110959.36,0.047945205479452,-0.2233502538071066,0.225923483065629,2024-10-01,1.51,2.53,2.43,0.5882352941176472,-0.0130718954248366,0.9604743083003954,0.65359477124183,64514432.07000001,-0.1079365079365078,,-0.2682539682539682,,-0.5301587301587302,,3.12,-0.2612179487179487,-0.5256410256410257,1835597.0,True,PepGen Inc.,2834.0,Pharmaceutical Preparations,biotech/pharma/medtech,False,MA,MA,DE,True,False,False,False,False,False,False,False,2020-12-09,False,,False,False,,,False,,False,True,32692388.0,2025-02-18,no 8-K/6-K on run day,,32692388.0,50019353.64,False,False,,
PEPG,2025-09-25,2025-09-24,True,False,False,2.210526315789473,1.906015037593985,2025-09-25,5.88,125104556.0,2.66,2.66,1-3,91008588.3,0.4224598930481282,1.0944881889763782,53.64840037980969,2024-10-01,5.9,6.34,5.88,1.2105263157894737,1.218045112781955,0.9274447949526814,1.3834586466165413,735614789.28,-0.1377551020408163,,-0.1360544217687074,,-0.2346938775510204,,5.35,-0.0504672897196261,-0.1588785046728971,1835597.0,True,PepGen Inc.,2834.0,Pharmaceutical Preparations,biotech/pharma/medtech,False,MA,MA,DE,True,False,True,False,False,True,False,False,2020-12-09,True,7.01;8.01;9.01,False,True,0001193125-25-215435,d67598d8k.htm,False,,True,False,32799724.0,2025-08-01,FDA / clinical,"2 d67598dex991.htm EX-99.1 EX-99.1 Exhibit 99.1 PepGen Announces Highest Mean Splicing Correction Reported in DM1 Patients – 53.7% mean splicing correction observed following a single 15 mg/kg dose of PGN- EDODM1, with a",32799724.0,87247265.84,False,False,,0.0
PET,2025-06-30,2025-06-27,True,False,False,2.201904761904762,1.575238095238095,2025-06-30,0.2312,152819572.0,0.105,0.105,<1,107855.16,0.1241970021413276,-0.2605633802816901,0.2249910146361168,2024-10-01,0.1083,0.257,0.2312,1.2019047619047618,0.0314285714285713,0.8996108949416342,1.4476190476190478,35331885.0464,-0.2846020761245674,,0.1007785467128028,,-0.7971453287197232,,0.1988,0.2801810865191148,-0.7640845070422535,1842356.0,True,Wag! Group Co.,7200.0,Services-Personal Services,other services,False,CA,CA,DE,True,False,False,False,False,False,False,False,2021-02-09,False,,False,False,,,False,,False,True,50739113.0,2025-05-05,no 8-K/6-K on run day,,50739113.0,5327606.865,False,False,,0.0
PEV,2024-10-04,2024-10-03,True,True,True,3.0791366906474824,3.02158273381295,2024-10-04,1.07,228421701.0,0.3475,0.3475,<1,8582683.575,,,,2024-10-01,0.8458,1.16,1.07,2.0791366906474824,1.433956834532374,0.9224137931034484,2.338129496402878,244411220.07,-0.0186915887850467,,-0.2474766355140186,,-0.574392523364486,,0.9835,-0.1812913065582104,-0.5369598373157092,1879848.0,True,PHOENIX MOTOR INC.,3713.0,Truck & Bus Bodies,other manufacturing,False,CA,CA,DE,True,False,False,False,False,False,False,False,2021-08-24,False,,False,False,,,False,,False,False,37169420.0,2024-09-30,no 8-K/6-K on run day,,37169420.0,12916373.45,False,False,,
PEV,2025-02-12,2025-02-11,False,True,False,1.0404457284358233,2.0553033429632688,2025-02-13,0.498,1299628.0,0.2423,0.2423,<1,66394.0768,-0.0403960396039604,-0.1284172661870505,0.3372188148496833,2024-10-01,0.2548,0.258,0.2521,0.0404457284358232,0.0515889393314075,0.9771317829457364,0.0647957078002476,327636.2188,-0.2018072289156626,,-0.3439759036144578,,0.3451807228915664,,0.3999,-0.1830457614403601,0.6751687921980498,1879848.0,True,PHOENIX MOTOR INC.,3713.0,Truck & Bus Bodies,other manufacturing,False,CA,CA,DE,True,False,False,False,False,False,False,False,2021-08-24,False,,False,False,,,False,,False,False,37648492.0,2024-10-23,no 8-K/6-K on run day,,37648492.0,9122229.6116,False,False,,
PFAI,2025-10-15,2025-10-14,True,False,False,2.3926701570680637,1.8586387434554972,2025-10-15,4.57,63248700.0,1.91,1.91,1-3,3832162.88,-0.0047936640266778,-0.0255102040816326,194.47580645161293,2025-04-22,3.43,4.93,4.57,1.3926701570680633,0.7958115183246075,0.9269776876267748,1.581151832460733,289046559.0,-0.2231947483588622,,-0.3238512035010942,,-0.387308533916849,,3.26,-0.0521472392638037,-0.1411042944785275,2032755.0,True,Pinnacle Food Group Ltd,700.0,Agricultural Services,other,False,A1,"British Columbia, Canada",X1,False,False,False,False,False,False,True,True,2024-08-23,False,,False,False,,,False,,False,False,,,no 8-K/6-K on run day,,,,True,False,,1.0
PFSA,2025-07-28,2025-07-25,True,False,False,2.8521023228462217,1.2877094972067038,2025-07-28,1.94,127971365.0,0.6802,0.6802,<1,216375.7012,-0.3816363636363636,,,2025-07-14,0.746,2.22,1.94,1.8521023228462217,0.0967362540429284,0.8738738738738737,2.2637459570714498,248264448.1,-0.5485051546391753,,-0.6932474226804124,,-0.7474742268041237,,1.12,-0.4686607142857143,-0.5625892857142858,1859807.0,True,"Profusa, Inc.",3841.0,Surgical & Medical Instruments & Apparatus,biotech/pharma/medtech,False,NY,NY,DE,True,False,True,False,False,True,False,True,2021-06-17,True,1.01;3.02;9.01,False,True,0001213900-25-067855,ea0250380-8k_profusa.htm,False,,False,False,5348311.0,2025-06-13,other,"false 0001859807 0001859807 2025-07-28 2025-07-28 0001859807 dei:FormerAddressMember 2025-07-28 2025-07-28 iso4217:USD xbrli:shares iso4217:USD xbrli:shares UNITED STATES SECURITIES AND EXCHANGE COMMISSION Washington, D.",5348311.0,3637921.1422,True,False,,1.0
PFSA,2026-04-06,2026-04-02,True,False,False,2.4406332453825863,1.6490765171503958,2026-04-06,0.0246666666666666,240962417.630447,0.0101066666666666,0.758,<1,8575647.535793064,0.4315391879131256,-0.2495049504950496,107.22725034617127,2025-07-14,0.0256,0.03,0.0246666666666666,1.4406332453825863,1.532981530343008,0.8222222222222223,1.9683377308707128,445780472.616327,-0.3243243243243244,,-0.6080000000000001,,-0.6989189189189189,,0.0193333333333333,-0.4998620689655172,-0.6158620689655172,1859807.0,True,"Profusa, Inc.",3841.0,Surgical & Medical Instruments & Apparatus,biotech/pharma/medtech,False,NY,NY,DE,True,False,True,False,True,True,False,True,2021-06-17,True,1.01;2.03;3.02;8.01;9.01,False,True,0001213900-26-040111,ea0285151-8k_profusa.htm,False,,False,True,65680958.0,2025-11-18,contract / partnership / order,5 ea028515101ex99-2.htm PRESS RELEASE Exhibit 99.2 Profusa Expands into Multi-Billion Dollar Precision Diagnostics Market with $30M Letter of Intent for a PanOmics Platform Company secures scalable multi-omics diagnostic,875746.1066666667,663815.5488533333,True,True,1-for-75,1.0
PGHL,2024-11-26,2024-11-25,True,False,False,10.185958254269451,0.1565464895635673,2024-11-26,107.36,2932177.0,10.54,10.54,>10,6562446.42,0.0325740876806268,-0.4481675392670158,5.549781060935255,2024-10-01,20.0,107.36,107.36,9.185958254269451,0.8975332068311197,1.0,9.185958254269451,314798522.72,-0.9846311475409836,,-0.9852831594634872,,-0.9865871833084948,,15.4,-0.8974025974025974,-0.9064935064935064,1966678.0,True,"DirectBooking Technology Co., Ltd.",1540.0,General Bldg Contractors - Nonresidential Bldgs,other,False,,,E9,False,False,True,False,True,True,True,True,2023-04-11,False,,False,False,,,False,,False,False,24000000.0,2024-03-31,no 8-K/6-K on run day,,24000000.0,252959999.99999997,True,False,,
PHGE,2026-05-22,2026-05-21,False,True,False,1.1050209771281634,2.192448233861145,2026-05-26,0.0085263157894736,19168361.530272,0.003888947368421,0.7389,<1,15172440.201079834,0.2648065730914068,-0.38425,1.7564225169735992,2024-10-01,0.0034584210526315,0.00519,0.0042973684210526,0.1050209771281633,-0.1107051021789146,0.8280093296825879,0.3345513601299228,15650967.189467087,-0.0432098765432098,,-0.4596296296296297,,-0.7428703703703704,,0.0078421052631578,-0.4124832214765102,-0.7204362416107384,1739174.0,True,Tessera Defense & Homeland Security Inc.,7372.0,Services-Prepackaged Software,tech/software/semis/telecom,False,DE,DE,DE,True,False,False,False,False,False,False,False,2018-05-04,False,,False,False,,,False,,False,True,10146516.0,2026-05-20,no 8-K/6-K on run day,,10146516.0,7497260.6724,False,False,,0.0
PHGE,2026-09-09,2026-09-08,True,True,False,10.451612903225806,11.935483870967744,2026-09-09,0.0085263157894736,745647.621542,0.0008157894736842,0.155,<1,1011707.39426453,0.1305616338439095,-0.0606060606060606,4.386142614810309,2024-10-01,0.0084210526315789,0.0090526315789473,0.0085263157894736,9.451612903225806,9.32258064516129,0.9418604651162792,10.096774193548386,1207949.14689804,0.1419753086419755,,0.1419753086419755,stale_last_close,,beyond_data,0.0087368421052631,,,1739174.0,True,Tessera Defense & Homeland Security Inc.,7372.0,Services-Prepackaged Software,tech/software/semis/telecom,False,DE,DE,DE,True,False,True,False,True,True,False,False,2018-05-04,True,5.03;9.01,False,True,0001213900-26-098212,ea0304935-8k_biomx.htm,False,,False,False,26723870.0,2026-08-18,other,"false --12-31 0001739174 0001739174 2026-09-03 2026-09-03 iso4217:USD xbrli:shares iso4217:USD xbrli:shares UNITED STATES SECURITIES AND EXCHANGE COMMISSION Washington, D.C. 20549 FORM 8-K CURRENT REPORT Pursuant to Sect",26723870.0,4142199.85,False,False,,0.0
PHIO,2025-01-13,2025-01-10,True,True,True,3.905325443786982,2.1183431952662723,2025-01-13,0.7333333333333333,281979243.0,0.1877777777777777,1.69,1-3,86977.54,-0.1105263157894735,-0.398576512455516,0.0517330563836637,2024-10-01,0.4622222222222222,1.0877777777777775,0.7333333333333333,2.905325443786982,1.4615384615384617,0.6741573033707865,4.792899408284024,1861063003.8,-0.4575757575757575,,-0.6242424242424243,,-0.7303030303030302,,0.4266666666666666,-0.3541666666666666,-0.5364583333333333,1533040.0,True,Phio Pharmaceuticals Corp.,2834.0,Pharmaceutical Preparations,biotech/pharma/medtech,False,PA,PA,DE,True,False,True,False,False,True,False,False,2011-10-25,True,8.01;9.01,False,True,0001683168-25-000274,phio_8k.htm,True,424B5;S-1,False,False,1055219.0,2024-11-14,FDA / clinical,2 phio_ex9901.htm PRESS RELEASE Exhibit 99.1 Phio Pharmaceuticals Announces Promising Results of Second Cohort from its Ongoing Clinical Study of PH-762 Pathologic Complete Response reported for 2 patients with cutaneous,1055219.0,1783320.1099999999,False,False,,
PHLT,2025-08-01,2025-07-31,True,True,False,2.152112676056338,2.143661971830986,2025-08-01,7.64,16803237.0,3.55,3.55,3-10,727306.25,-0.0326975476839237,-0.1466346153846154,1.04495486356039,2024-12-18,7.5,7.74,7.64,1.1521126760563378,1.1126760563380285,0.9870801033591732,1.1802816901408453,128376730.68,-0.0039267015706805,,-0.0026178010471203,,-0.0013089005235601,,7.62,0.0,0.0013123359580051,1550695.0,True,Performant Healthcare Inc,7380.0,Services-Miscellaneous Business Services,other services,False,FL,FL,DE,True,False,False,False,False,False,False,False,2012-06-18,True,1.01;2.02;5.02;9.01,False,True,0001550695-25-000062;0001550695-25-000061,pfmt-20250801.htm;pfmt-20250801.htm,False,,False,True,78308640.0,2025-05-08,earnings / business update,"2 exhibit991.htm EX-99.1 Document EXHIBIT 99.1 Performant Healthcare, Inc. Announces Preliminary Financial Results for Second Quarter 2025 Plantation, Florida, August 1, 2025 — Performant Healthcare, Inc. (Nasdaq: PHLT) ",78308640.0,277995672.0,False,False,,1.0
PHOE,2026-01-30,2026-01-29,True,False,False,10.97444352844188,1.4509480626545754,2026-01-30,133.12,139801.0,12.13,12.13,>10,14519.61,,-0.2411635908664372,1.0267898383371823,2025-04-25,12.35,133.12,133.12,9.97444352844188,0.018136850783182,1.0,9.97444352844188,18610309.12,-0.8677884615384616,,-0.8970102163461539,,-0.8775916466346154,,40.08,-0.6579341317365269,-0.5934381237524949,2035709.0,True,Phoenix Asia Holdings Ltd,1700.0,Construction - Special Trade Contractors,other,False,K3,Hong Kong,E9,False,True,False,False,False,False,True,True,2024-10-25,False,,False,False,,,False,,False,False,20000000.0,2025-03-31,no 8-K/6-K on run day,,20000000.0,242600000.00000003,True,False,,1.0
PHOE,2026-05-05,2026-05-04,True,False,False,2.685142857142857,1.6342857142857143,2026-05-05,46.99,215900.356746,17.5,17.5,>10,78510.281745,0.1363562574268997,0.1666666666666667,1.5217666785160906,2025-04-25,18.0,66.82,46.99,1.685142857142857,0.0285714285714284,0.7032325651002694,2.818285714285714,10145157.76349454,-0.3913598638008086,,-0.6169397744200894,,-0.6535433070866141,,37.53,-0.5203836930455636,-0.5662136957100985,2035709.0,True,Phoenix Asia Holdings Ltd,1700.0,Construction - Special Trade Contractors,other,False,K3,Hong Kong,E9,False,True,False,False,False,False,True,False,2024-10-25,False,,True,True,0001493152-26-021113,form6-k.htm,False,,False,False,20000000.0,2025-03-31,listing compliance / reverse split / financing,"4 ex99-1.htm EX-99.1 Exhibit 99.1 Phoenix Asia Holdings Limited Announces Entering into Stock Acquisition Agreement and Convertible Promissory Note Hong Kong, May 4, 2026 – Phoenix Asia Holdings Limited (the “Company” or",20000000.0,350000000.0,False,False,,0.0
PIII,2026-05-15,2026-05-14,True,True,False,2.801488833746898,2.2754342431761785,2026-05-15,0.2258,65655410.286483,0.0806,4.03,3-10,9621500.218090411,0.1256983240223463,0.6120000000000001,153.0881742261286,2024-10-01,0.1043,0.287,0.2258,1.8014888337468984,0.2940446650124069,0.7867595818815332,2.560794044665012,741249582.134393,-0.1877767936226748,,0.1691762621789194,,0.0354295837023914,,0.1742,0.515499425947187,0.3421354764638344,1832511.0,True,P3 Health Partners Inc.,8000.0,Services-Health Services,biotech/pharma/medtech,False,IL,IL,DE,True,False,False,False,False,False,False,False,2020-11-19,True,2.02;9.01,False,True,0001832511-26-000021,piii-20260514.htm,False,,False,False,,,earnings / business update,"2 piii-20260514xexx991.htm EX-99.1 Document Exhibit 99.1 P3 Health Partners Announces First Quarter 2026 Results Raises Full-Year 2026 Adjusted EBITDA Guidance Management to Host Conference Call and Webcast May 14, 2026 ",,,False,False,,0.0
PLAG,2026-08-11,2026-08-10,True,True,True,10.270461375287251,2.121265688527488,2026-08-11,0.581,213654243.324108,0.05657,0.5657,<1,63995.3782,-0.024655172413793,-0.699095744680851,0.0297304094140832,2024-10-01,0.107,0.681,0.581,9.270461375287251,0.891461905603677,0.8531571218795887,11.038182782393497,1241331153.7130675,-0.7934595524956971,,-0.8597934595524956,,-0.8785886402753873,,0.135,-0.3965925925925926,-0.4774814814814815,1117057.0,True,Planet Green Holdings Corp.,2030.0,"Canned, Frozen & Preservd Fruit, Veg & Food Specialties",other manufacturing,False,NY,NY,NV,True,False,True,False,False,True,False,False,2000-09-25,False,,False,False,,,False,,False,False,14232714.0,2026-05-15,no 8-K/6-K on run day,,14232714.0,8051446.3098,False,False,,0.0
PLRZ,2024-12-18,2024-12-17,True,True,False,3.1333333333333333,2.219047619047619,2024-12-18,3.29,137323819.0,1.05,1.05,1-3,8261852.550000001,-0.0454545454545455,0.05,59.04701477332719,2024-10-29,2.48,4.8,3.29,2.1333333333333333,1.361904761904762,0.6854166666666667,3.571428571428571,451795364.51,-0.2917933130699088,,-0.4620060790273556,,-0.5592705167173253,,2.46,-0.2804878048780488,-0.4105691056910568,1893645.0,True,Polyrizon Ltd.,3841.0,Surgical & Medical Instruments & Apparatus,biotech/pharma/medtech,False,,,L3,False,False,True,False,True,True,True,True,2022-01-10,False,,False,False,,,False,,False,False,,,no 8-K/6-K on run day,,,,True,False,,
PLRZ,2025-05-02,2025-05-01,True,True,True,3.985793212312549,4.498816101026045,2025-05-02,1.01,360806988.0,0.2534,0.2534,<1,593372.0828000001,-0.2739255014326647,-0.3535714285714285,6.09250708700465,2024-10-29,0.5232,1.19,1.01,2.985793212312549,1.0647198105761642,0.8487394957983194,3.696132596685082,364415057.88,0.1287128712871286,,-0.629009900990099,,-0.9969544554455444,,1.1998,-0.6876979496582765,-0.9974362393732288,1893645.0,True,Polyrizon Ltd.,3841.0,Surgical & Medical Instruments & Apparatus,biotech/pharma/medtech,False,,,L3,False,False,True,False,True,False,True,True,2022-01-10,False,,True,True,0001213900-25-038530,ea0240537-6k_polyrizon.htm,True,424B3;EFFECT,False,False,4194445.0,2024-12-31,other,"6-K 1 ea0240537-6k_polyrizon.htm REPORT OF FOREIGN PRIVATE ISSUER UNITED STATES SECURITIES AND EXCHANGE COMMISSION Washington, D.C. 20549 Form 6-K Report of Foreign Private Issuer Pursuant to Rule 13a-16 or 15d-16 under ",4194445.0,1062872.3630000001,True,False,,1.0
PLRZ,2025-07-22,2025-07-21,False,True,False,1.5972681207314383,2.0709407358448995,2025-07-23,0.00752,117027654.0,0.0036312,0.9078,<1,730533.8940000001,0.3308898988418121,0.2452674897119342,0.1229874461121831,2024-10-29,0.0042,0.00748,0.0058,0.5972681207314385,0.1566424322538004,0.7754010695187165,1.059925093632959,169690098.29999998,-0.2606382978723404,,-0.3297872340425531,,-0.4202127659574467,,0.00652,-0.2269938650306747,-0.3312883435582822,1893645.0,True,Polyrizon Ltd.,3841.0,Surgical & Medical Instruments & Apparatus,biotech/pharma/medtech,False,,,L3,False,False,True,False,True,True,True,True,2022-01-10,False,,True,True,0001213900-25-066373,ea0249831-6k_polyrizon.htm,False,,False,False,4194445.0,2024-12-31,FDA / clinical,"2 ea024983102ex99-1_polyrizon.htm PRESS RELEASE TITLED: ""POLYRIZON REPORTS SUCCESSFUL INTRANASAL DELIVERY OF PL-14 ALLERGY BLOCKER IN LATEST STUDY"" Exhibit 99.1 Polyrizon Reports Successful Intranasal Delivery of PL-14 A",16777.78,15230.868684,True,True,1-for-250,1.0
PLRZ,2025-12-04,2025-12-03,True,False,False,2.045133991537377,1.847672778561354,2025-12-04,0.0096666666666666,26546008.0,0.0047266666666666,7.09,3-10,67144526.26,1.027220220735403,0.2016134499355972,1.2599000844555177,2024-10-29,0.0108733333333333,0.0121333333333333,0.0096666666666666,1.045133991537377,1.3004231311706629,0.7967032967032968,1.5669957686882934,384917116.0,-0.0965517241379311,,-0.1444827586206897,,-0.1275862068965518,,0.00838,-0.0131264916467781,0.0063643595863165,1893645.0,True,Polyrizon Ltd.,3841.0,Surgical & Medical Instruments & Apparatus,biotech/pharma/medtech,False,,,L3,False,False,True,True,False,False,True,False,2022-01-10,False,,True,True,0001213900-25-117808,ea0268323-6k_polyrizon.htm,True,424B5,False,False,4194445.0,2024-12-31,FDA / clinical,"E MUCOADHESION RESULTS FOR INTRANASAL NALOXONE HYDROGEL COMPARED TO MARKETED INTRANASAL NALOXONE PRODUCT"" Exhibit 99.1 Polyrizon Reports Positive Mucoadhesion Results for Intranasal Naloxone Hydrogel Compared to Marketed",2796.2966666666666,19825.743366666666,False,True,1-for-6,0.0
PLYX,2026-03-09,2026-03-06,False,True,False,1.284671532846715,2.178832116788321,2026-03-10,5.97,769984.369416,2.74,2.74,1-3,381064.53464046,-0.1016393442622949,-0.82875,0.0448120991134354,2026-02-02,2.72,3.788,3.52,0.2846715328467153,-0.0072992700729926,0.9292502639915524,0.3824817518248173,2710344.98034432,-0.0351758793969849,,-0.0569514237855945,,-0.0385259631490786,,5.53,0.0180831826401446,0.0379746835443037,2075320.0,True,"Polaryx Therapeutics, Inc.",2834.0,Pharmaceutical Preparations,biotech/pharma/medtech,False,NJ,NJ,WY,True,False,True,False,True,True,False,True,2025-08-05,False,,False,False,,,False,,False,True,,,no 8-K/6-K on run day,,,,True,False,,1.0
PMI,2026-08-24,2026-08-21,False,True,False,1.5981308411214952,2.9750778816199377,2026-08-25,0.191,25201813.393528,0.0642,3.21,3-10,34894027.5181305,-0.0906515580736542,,106.84405801431346,2025-08-29,0.0906,0.107,0.1026,0.5981308411214952,0.4112149532710278,0.9588785046728971,0.6666666666666665,129285302.70879865,0.0261780104712041,,-0.5958115183246073,,-0.5235602094240839,,0.1844,-0.5813449023861171,-0.5065075921908895,2030617.0,True,"Picard Medical, Inc.",3841.0,Surgical & Medical Instruments & Apparatus,biotech/pharma/medtech,False,AZ,AZ,DE,True,False,True,False,False,True,False,True,2024-08-23,False,,False,False,,,False,,False,False,2338634.0,2026-08-18,no 8-K/6-K on run day,,2338634.0,7507015.14,True,True,1-for-50,1.0
PMN,2025-07-21,2025-07-18,True,False,False,2.544876164508066,1.8629856850715747,2025-07-21,1.12,290398564.0,0.4401,0.4401,<1,182946.9294,0.127302440311372,-0.1198,0.0797332035180554,2024-10-01,1.3,1.59,1.12,1.5448761645080666,1.953874119518292,0.7044025157232705,2.6128152692569877,325246391.68,-0.2679464285714287,,-0.1963392857142858,,-0.4491071428571429,,1.02,-0.1175490196078431,-0.3950980392156863,1374339.0,True,ProMIS Neurosciences Inc.,2834.0,Pharmaceutical Preparations,biotech/pharma/medtech,False,A6,"Ontario, Canada",Z4,False,False,False,False,False,False,False,False,2006-08-29,False,,False,False,,,True,424B5,False,True,32689190.0,2025-05-12,no 8-K/6-K on run day,,32689190.0,14386512.519,False,False,,0.0
PN,2026-05-01,2026-04-30,False,True,False,1.2790178571428572,2.4196428571428568,2026-05-04,0.271,15447674.599761,0.112,2.24,1-3,90621.53342368,-0.1181102362204723,-0.5607843137254902,0.4335079860343456,2025-03-04,0.123825,0.1715,0.14325,0.2790178571428572,0.105580357142857,0.8352769679300291,0.53125,44257587.72831527,0.2693726937269374,,-0.0848708487084871,,-0.3726937269372693,,0.244,0.0163934426229508,-0.30327868852459,2001288.0,True,PN Smart Energy Ltd,5045.0,Wholesale-Computers & Peripheral Equipment & Software,retail/wholesale,False,,,,False,False,True,True,False,False,True,False,2023-12-19,False,,False,False,,,False,,False,False,,,no 8-K/6-K on run day,,,,False,True,1-for-20,0.0
PN,2026-07-22,2026-07-21,True,True,False,2.3176178660049627,2.3424317617866004,2026-07-22,0.467,12096465.25705,0.2015,4.03,3-10,27469.077221820004,0.0605263157894737,0.1481481481481483,0.2950821325732127,2025-03-04,0.213,0.495,0.467,1.317617866004963,0.0570719602977667,0.9434343434343434,1.4565756823821343,112980985.500847,0.0107066381156315,,0.1477516059957173,,-0.7055674518201285,,0.4,0.3400000000000001,-0.65625,2001288.0,True,PN Smart Energy Ltd,5045.0,Wholesale-Computers & Peripheral Equipment & Software,retail/wholesale,False,,,,False,False,True,True,False,False,True,False,2023-12-19,False,,False,False,,,False,,False,False,,,no 8-K/6-K on run day,,,,False,False,,0.0
PNBK,2025-04-16,2025-04-15,False,True,False,1.2115384615384617,2.102564102564102,2025-04-17,3.28,148202.0,1.56,1.56,1-3,187510.44,0.1386861313868612,0.56,0.0985236574318685,2024-10-01,1.62,1.95,1.89,0.2115384615384614,0.0384615384615385,0.9692307692307692,0.25,280101.78,0.2286585365853659,,0.1067073170731707,,0.7439024390243902,,2.65,0.3698113207547169,1.1584905660377358,1098146.0,True,PATRIOT NATIONAL BANCORP INC,6021.0,National Commercial Banks,other,False,CT,CT,CT,True,False,False,False,False,False,False,False,2000-02-18,False,,False,False,,,False,,False,True,73725292.0,2025-04-15,no 8-K/6-K on run day,,73725292.0,115011455.52000001,False,False,,0.0
POAI,2025-01-03,2025-01-02,False,True,False,1.3043478260869563,2.0543478260869565,2025-01-06,1.89,3950969.0,0.92,0.92,<1,112916.2,0.2332439678284183,0.1222249329104661,0.8952058149173739,2024-10-01,0.95,1.53,1.2,0.3043478260869563,0.0326086956521738,0.7843137254901961,0.6630434782608696,4741162.8,-0.1058201058201058,,-0.3650793650793651,,-0.201058201058201,,1.98,-0.3939393939393939,-0.2373737373737373,1446159.0,True,Axe Compute Inc.,6199.0,Finance Services,finance/real estate,False,PA,PA,DE,True,False,False,False,False,False,False,False,2014-10-02,False,,False,False,,,True,424B3,False,False,6666993.0,2024-11-04,no 8-K/6-K on run day,,6666993.0,6133633.5600000005,False,False,,
PPBT,2024-12-02,2024-11-29,True,False,False,2.503725782414307,1.9582712369597612,2024-12-02,0.42,48024752.0,0.16775,3.355,3-10,128046.93,0.3208661417322835,0.0451713395638628,0.5538391884106763,2024-10-01,0.2495,0.6975,0.42,1.5037257824143069,0.4873323397913562,0.6021505376344086,3.1579731743666164,403407916.8,-0.2178571428571428,,-0.4904761904761905,,-0.4416666666666666,,0.306,-0.3006535947712418,-0.2336601307189542,1614744.0,True,PURPLE BIOTECH LTD.,2834.0,Pharmaceutical Preparations,biotech/pharma/medtech,False,L3,Israel,L3,False,False,False,False,False,False,True,False,2014-08-18,False,,True,True,0001213900-24-104213,ea0223199-6k_purple.htm,True,424B5,False,False,252379218.0,2023-12-31,FDA / clinical,"P = 0.04) with median OS improvement of 5.1 months and over 90% reduction in risk of progression or death (HR < 0.1, P = 0.003) with median PFS improvement of 2.9 months and improvement in the treatment arm over the cont",12618960.9,42336613.8195,False,True,1-for-20,
PPCB,2025-08-18,2025-08-15,True,False,True,2.038327526132404,1.2787456445993033,2025-08-18,9.75e-05,68116795.0,4.7833333333333335e-05,2.87,1-3,1456760.34,,,,2025-08-15,9.666666666666668e-05,0.000156,9.75e-05,1.038327526132404,1.0209059233449476,0.625,2.2613240418118465,398483250.75,-0.3726495726495725,,-0.4239316239316238,,-0.6188034188034188,,8.066666666666667e-05,-0.3037190082644627,-0.5392561983471074,1517681.0,True,"Propanc Biopharma, Inc.",2834.0,Pharmaceutical Preparations,biotech/pharma/medtech,False,C3,Australia,DE,False,False,True,False,True,False,False,True,2011-06-23,False,,False,False,,,False,,True,False,11611782.0,2025-05-15,no 8-K/6-K on run day,,11611782.0,33325814.34,True,False,,1.0
PPCB,2026-08-27,2026-08-26,True,False,False,2.08411214953271,1.2616822429906542,2026-08-27,1.486666666666667e-06,97317050.220846,7.133333333333334e-07,1.07,1-3,10458.638174000002,-0.0614035087719297,0.0808080808080808,0.0682755963838663,2025-08-15,2.34e-06,2.7533333333333334e-06,1.486666666666667e-06,1.08411214953271,2.2803738317757007,0.5399515738498789,2.859813084112149,217017021.99248657,-0.3946188340807174,,-0.5426008968609866,,-0.7173542600896861,,1.2866666666666667e-06,-0.4715025906735751,-0.673419689119171,1517681.0,True,"Propanc Biopharma, Inc.",2834.0,Pharmaceutical Preparations,biotech/pharma/medtech,False,C3,Australia,DE,False,False,True,False,True,False,False,False,2011-06-23,False,,False,False,,,False,,False,False,56959280.0,2026-05-14,no 8-K/6-K on run day,,2278371.2,2437857.1840000004,False,False,,0.0
PRAX,2025-10-16,2025-10-15,True,True,False,2.8371403661726244,3.3128160418483,2025-10-16,162.71,13741857.0,57.35,57.35,>10,19577970.95,0.0563639712654264,0.3025210084033614,0.8142749584397212,2024-10-01,158.29,205.89,162.71,1.8371403661726244,1.7600697471665212,0.7902763611637283,2.5900610287707058,2235937552.4700003,0.1676602544404155,,0.094032327453752,,0.0944625407166124,,178.9,-0.0049748462828396,-0.0045835662381218,1689548.0,True,"Praxis Precision Medicines, Inc.",2834.0,Pharmaceutical Preparations,biotech/pharma/medtech,False,MA,MA,DE,True,False,True,False,False,True,False,False,2016-11-10,True,7.01;8.01;9.01,False,True,0001689548-25-000100,prax-20251016.htm,True,424B5,True,True,21045781.0,2025-07-31,FDA / clinical,"2 e3_toplinexfinaloctober2.htm EX-99.1 e3_toplinexfinaloctober2 Essential3 Program Topline Results October 16, 2025 2 This presentation may contain “forward-looking statements” within the meaning of the Private Securitie",21045781.0,1206975540.3500001,False,False,,0.0
PRFX,2024-12-19,2024-12-18,True,True,True,5.142857142857143,2.442396313364056,2024-12-19,0.4649999999999999,95400594.0,0.0904166666666666,2.17,1-3,395816.68,-0.2766666666666667,-0.6125,0.0375369905978151,2024-10-01,0.2233333333333333,0.6929166666666666,0.4649999999999999,4.142857142857143,1.4700460829493087,0.6710763680096211,6.663594470046083,1064670629.04,-0.5250896057347669,,-0.6863799283154122,,-0.7249103942652331,,0.2733333333333333,-0.4664634146341464,-0.5320121951219512,1801834.0,True,PRF Technologies Ltd.,2834.0,Pharmaceutical Preparations,biotech/pharma/medtech,False,,,L3,False,False,True,True,False,True,True,True,2020-02-03,False,,False,False,,,False,,False,False,1728347.0,2023-12-31,no 8-K/6-K on run day,,72014.45833333333,156271.37458333332,True,True,1-for-4,
PRFX,2026-05-29,2026-05-28,True,False,False,2.18978102189781,1.4744525547445253,2026-05-29,0.025,57104406.86353,0.0114166666666666,1.37,1-3,25469020.78851548,-0.1490683229813664,-0.2712765957446807,92.20583937069782,2024-10-01,0.0395,0.0449166666666666,0.025,1.1897810218978102,2.45985401459854,0.5565862708719853,2.934306569343065,171313220.59059,-0.3266666666666667,,-0.4700000000000001,,-0.53,,0.0195833333333333,-0.3234042553191489,-0.4,1801834.0,True,PRF Technologies Ltd.,2834.0,Pharmaceutical Preparations,biotech/pharma/medtech,False,,,L3,False,False,True,False,True,True,True,False,2020-02-03,False,,False,False,,,False,,False,False,830613.0,2025-12-31,no 8-K/6-K on run day,,166122.6,227587.96200000003,False,False,,0.0
PRLD,2025-11-03,2025-10-31,True,False,False,2.50314465408805,1.106918238993711,2025-11-03,3.98,34564958.0,1.59,1.59,1-3,177091.02000000002,-0.0185185185185184,0.0816326530612245,0.4391884764779748,2024-10-01,1.58,4.22,3.98,1.5031446540880502,-0.0062893081761006,0.943127962085308,1.6540880503144653,137568532.84,-0.5577889447236181,,-0.6834170854271358,,-0.6620603015075377,,2.12,-0.4056603773584906,-0.365566037735849,1678660.0,True,Prelude Therapeutics Inc,2834.0,Pharmaceutical Preparations,biotech/pharma/medtech,False,DE,DE,DE,True,False,False,False,False,False,False,False,2016-07-11,False,,False,False,,,False,,False,True,56600345.0,2025-08-11,no 8-K/6-K on run day,,56600345.0,89994548.55000001,False,False,,0.0
PROC,2024-11-20,2024-11-19,False,True,False,1.0803402646502835,2.0982986767485823,2024-11-21,1.11,49154.0,0.529,0.529,<1,51660.553,-0.4546391752577319,-0.7215789473684211,3.586881424017537,2024-10-01,0.522062,0.5998,0.5715,0.0803402646502835,-0.0131153119092627,0.9528176058686229,0.1338374291115311,28091.511,-0.1711711711711712,,0.3603603603603602,,1.2612612612612608,,0.9704,0.5560593569661993,1.5865622423742782,1863362.0,True,Sofgen Pharma S.A.,2834.0,Pharmaceutical Preparations,biotech/pharma/medtech,False,,,N4,False,False,False,False,False,False,True,False,2021-06-21,False,,False,False,,,False,,False,False,112824183.0,2022-12-31,no 8-K/6-K on run day,,,,False,False,,
PROK,2025-07-08,2025-07-07,True,True,False,6.150041220115416,7.1558120362737005,2025-07-08,3.73,343425183.0,0.6065,0.6065,<1,497579.878,-0.0930163002841333,-0.2293519695044472,0.4914258995511161,2024-10-01,1.27,4.92,3.73,5.150041220115416,1.0939818631492169,0.758130081300813,7.112118713932398,1280975932.59,0.1635388739946379,,-0.0965147453083109,,-0.1474530831099195,,5.8099,-0.419955593039467,-0.4526583934319007,1850270.0,True,PROKIDNEY CORP.,2836.0,"Biological Products, (No Diagnostic Substances)",biotech/pharma/medtech,False,NC,NC,E9,True,False,True,False,False,True,False,False,2021-04-21,True,7.01;9.01,False,True,0000950170-25-094445,prok-20250708.htm,True,424B5,False,True,,,FDA / clinical,2 prok-ex99_1.htm EX-99.1 EX-99.1 Exhibit 99.1 ProKidney Reports Statistically and Clinically Significant Topline Results for the Phase 2 REGEN-007 Trial Evaluating Rilparencel in Patients with Chronic Kidney Disease and,,,False,False,,0.0
PRQR,2024-10-16,2024-10-15,True,True,False,2.220994475138121,2.4806629834254146,2024-10-16,4.02,52191352.0,1.81,1.81,1-3,98735.5,-0.0320855614973262,,,2024-10-01,2.23,4.13,4.02,1.2209944751381214,0.2320441988950274,0.973365617433414,1.2817679558011048,209809235.04,0.1169154228855722,,-0.1318407960199004,,-0.0149253731343282,,3.44,0.0145348837209302,0.1511627906976744,1612940.0,True,ProQR Therapeutics N.V.,2834.0,Pharmaceutical Preparations,biotech/pharma/medtech,False,,,P7,False,False,True,True,False,True,True,False,2014-07-11,False,,False,False,,,True,424B5,False,False,81354592.0,2023-12-31,no 8-K/6-K on run day,,81354592.0,147251811.52,False,False,,
PRSO,2026-03-06,2026-03-05,True,True,False,2.5154130702836004,2.231812577065351,2026-03-06,2.04,366369015.186481,0.811,0.811,<1,625594.622424738,-0.0459945888718973,-0.0211225105612552,2.154339232917056,2024-10-01,1.75,2.0999,2.04,1.5154130702836004,1.157829839704069,0.9714748321348636,1.5892725030826136,747392790.9804213,-0.1127450980392157,,-0.2696078431372549,,-0.5098039215686274,,1.91,-0.2198952879581152,-0.4764397905759162,890394.0,True,Peraso Inc.,3674.0,Semiconductors & Related Devices,tech/software/semis/telecom,False,CA,CA,DE,True,False,True,False,False,True,False,False,2005-05-09,False,,False,False,,,False,,False,True,8924662.0,2025-11-07,no 8-K/6-K on run day,,8924662.0,7237900.882,False,False,,0.0
PRTG,2024-12-17,2024-12-16,True,True,False,2.781538461538461,2.430769230769231,2024-12-17,0.4519999999999999,36617221.0,0.1625,3.25,3-10,26399.75,-0.21875,-0.2053789731051345,0.2816803727072074,2024-10-01,0.4519999999999999,0.6445000000000001,0.4519999999999999,1.781538461538461,1.781538461538461,0.7013188518231186,2.9661538461538464,331019677.84,-0.1261061946902654,,-0.4258849557522123,,-0.5464601769911503,,0.4445,-0.4161979752530934,-0.5388076490438696,1095435.0,True,Alpha Compute Corp,6199.0,Finance Services,finance/real estate,False,,,D8,False,False,True,False,False,True,True,False,2000-08-01,False,,True,True,0001171843-24-006976,f6k_121724.htm,False,,True,False,19784390.0,2024-03-31,merger / acquisition / buyout,"2 exh_991.htm PRESS RELEASE EdgarFiling EXHIBIT 99.1 Portage Biotech Announces Letter of Intent with Immunova for an Option to Acquire iOx Therapeutics, Ltd WESTPORT, Conn., Dec. 17, 2024 (",989219.5,3214963.375,False,False,,
PRTG,2025-03-28,2025-03-27,True,False,True,2.038216560509554,1.9639065817409769,2025-03-28,0.48,29921312.0,0.2355,4.71,3-10,11146412.82,0.0827586206896553,0.0852534562211981,120.42428899280978,2024-10-01,0.5975,0.66,0.48,1.038216560509554,1.5371549893842889,0.7272727272727272,1.8025477707006368,287244595.2,-0.0364583333333332,,-0.4239583333333332,,0.1218749999999999,,0.43,-0.3569767441860464,0.2523255813953489,1095435.0,True,Alpha Compute Corp,6199.0,Finance Services,finance/real estate,False,,,D8,False,False,True,False,False,True,True,False,2000-08-01,False,,True,True,0001171843-25-001781,f6k_032725.htm,False,,False,False,19784390.0,2024-03-31,FDA / clinical,2 exh_991.htm EXHIBIT 99.1 EdgarFiling EXHIBIT 99.1 Portage Biotech Reports Promising Preclinical Results in Mesothelioma Supporting First-In-Human Trial of PORT-7 Encouraging efficacy data in a murine mesothelioma model,989219.5,4659223.845,False,False,,0.0
PRZO,2024-11-27,2024-11-26,False,True,False,1.0456777996070727,2.0301244269810086,2024-11-29,1.24,755717.0,0.6108,0.6108,<1,5624153.5584,0.0615224191866528,-0.0055356561380657,41.803035355428136,2024-10-01,0.6,0.641,0.6387,0.0456777996070727,-0.0176817288801571,0.996411856474259,0.0494433529796987,482676.4479,0.4274193548387097,,0.4919354838709677,,0.967741935483871,,1.77,0.0451977401129943,0.3785310734463276,1916241.0,True,ParaZero Technologies Ltd.,3728.0,"Aircraft Parts & Auxiliary Equipment, NEC",other manufacturing,False,L3,Israel,L3,False,False,False,False,False,False,True,False,2022-03-11,False,,True,True,0001213900-24-102798,ea0222437-6k_parazero.htm,False,,False,False,10073956.0,2023-12-31,contract / partnership / order,"2 ea022243701ex99-1_parazero.htm PRESS RELEASE TITLED: ""PARAZERO PARTNERS WITH DRONE NERDS TO EXPAND SAFEAIR SYSTEMS REACH ACROSS NORTH AMERICA"" Exhibit 99.1 ParaZero Partners with Drone Nerds to Expand SafeAir Systems R",10073956.0,6153172.3248000005,False,False,,
PSIL,2024-10-14,2024-10-11,False,True,False,1.0888072122052703,2.171983356449376,2024-10-15,1.566,3135.0,0.7210000000000001,7.21,3-10,40931.17,-0.0285375515373628,,,2024-10-01,0.731,0.78503,0.78503,0.0888072122052703,0.0138696255201107,1.0,0.0888072122052703,24610.6905,-0.115581098339719,,-0.1782630906768838,,-0.1698595146871009,,1.5,-0.1421066666666667,-0.1333333333333333,,False,,,,,,,,,,,,,,,,,,,,,,,,,,,,,,no 8-K/6-K on run day,,,,,True,1-for-10,
PSNYW,2025-01-02,2024-12-31,False,True,False,1.115942028985507,2.1014492753623184,2025-01-03,0.29,291318.0,0.138,0.138,<1,46680.846000000005,-0.0482758620689653,-0.0349650349650347,2.9572192957494674,2024-10-01,0.1464,0.1612,0.154,0.1159420289855071,0.0608695652173911,0.955334987593052,0.1681159420289855,44862.972,-0.1858620689655171,,-0.2703448275862068,,-0.3106896551724137,,0.251,-0.1569721115537848,-0.2035856573705179,1884082.0,True,Polestar Automotive Holding UK PLC,3711.0,Motor Vehicles & Passenger Car Bodies,other manufacturing,False,V7,Sweden,X0,False,False,False,False,False,False,True,False,2021-09-27,False,,False,False,,,False,,False,False,,,no 8-K/6-K on run day,,,,False,False,,
PSNYW,2025-08-27,2025-08-26,True,False,False,2.766333137139494,1.7363154796939375,2025-08-27,0.47,128739488.0,0.1699,0.1699,<1,2780.4135,0.1097249528089301,0.1032467532467531,0.217048341500001,2024-10-01,0.2896,0.8,0.47,1.766333137139494,0.7045320776927606,0.5874999999999999,3.708652148322544,60507559.36,-0.3723404255319149,,-0.1995744680851063,,-0.4155319148936169,,0.34,0.1064705882352938,-0.1920588235294118,1884082.0,True,Polestar Automotive Holding UK PLC,3711.0,Motor Vehicles & Passenger Car Bodies,other manufacturing,False,V7,Sweden,X0,False,False,False,False,False,False,True,False,2021-09-27,False,,False,False,,,False,,False,False,,,no 8-K/6-K on run day,,,,False,False,,0.0
PSQH,2024-12-03,2024-12-02,True,True,False,3.703883495145631,2.3058252427184467,2024-12-03,7.63,173162002.0,2.06,2.06,1-3,500685.06,-0.0373831775700934,-0.2642857142857142,0.8402386399287157,2024-10-01,4.39,7.77,7.63,2.703883495145631,1.1310679611650485,0.981981981981982,2.771844660194174,1321226075.26,-0.3774574049803407,,-0.4482306684141546,,-0.4167758846657928,,5.18,-0.1872586872586872,-0.1409266409266408,1847064.0,True,"PSQ Holdings, Inc.",7310.0,Services-Advertising,other services,False,MT,MT,DE,True,False,True,True,False,False,False,False,2021-03-19,False,,False,False,,,True,424B5,False,True,,,no 8-K/6-K on run day,,,,False,False,,
PSTV,2025-03-06,2025-03-05,True,True,False,4.114285714285715,4.485714285714286,2025-03-06,1.44,359585031.0,0.35,0.35,<1,383352.55,-0.5394736842105263,-0.72,2.8796514634575336,2024-10-01,0.57,1.54,1.44,3.1142857142857148,0.6285714285714286,0.935064935064935,3.4000000000000004,517802444.64,0.0902777777777779,,-0.4790972222222222,,-0.4618749999999999,,2.015,-0.6277419354838709,-0.6154342431761787,1095981.0,True,"CERENOME, INC.",3841.0,Surgical & Medical Instruments & Apparatus,biotech/pharma/medtech,False,TX,TX,DE,True,False,True,False,False,True,False,False,2011-01-04,False,,False,False,,,True,424B3,False,True,5896333.0,2024-11-07,no 8-K/6-K on run day,,5896333.0,2063716.5499999998,False,False,,0.0
PSTV,2025-03-20,2025-03-19,True,True,False,2.700587084148728,2.3091976516634047,2025-03-20,1.38,357747867.0,0.511,0.511,<1,1212075.137,-0.5776859504132231,-0.5741666666666667,0.0919127023172712,2024-10-01,0.5701,2.08,1.38,1.7005870841487276,0.115655577299413,0.6634615384615384,3.070450097847358,493692056.46,-0.144927536231884,,0.1014492753623188,,-0.5227536231884058,,1.1,0.3818181818181816,-0.4012727272727273,1095981.0,True,"CERENOME, INC.",3841.0,Surgical & Medical Instruments & Apparatus,biotech/pharma/medtech,False,TX,TX,DE,True,False,True,False,False,True,False,False,2011-01-04,False,,False,False,,,False,,False,True,5896333.0,2024-11-07,no 8-K/6-K on run day,,5896333.0,3013026.163,False,False,,0.0
PSTV,2026-04-02,2026-04-01,True,True,False,22.84980744544288,21.373555840821567,2026-04-02,3.56,616618.631275,0.1558,0.1558,<1,3371374.512136688,-0.3664091093940627,-0.4951393389500972,4.580818005822754,2024-10-01,3.75,3.81,3.56,21.84980744544288,23.069319640564828,0.9343832020997376,23.454428754813865,2195162.327339,-0.0646067415730337,,0.348314606741573,,0.7106741573033708,,3.5,0.3714285714285714,0.74,1095981.0,True,"CERENOME, INC.",3841.0,Surgical & Medical Instruments & Apparatus,biotech/pharma/medtech,False,TX,TX,DE,True,False,True,False,True,True,False,True,2011-01-04,False,,False,False,,,False,,False,True,171550698.0,2026-03-10,no 8-K/6-K on run day,,171550698.0,26727598.7484,True,False,,0.0
PSTX,2024-11-26,2024-11-25,True,True,False,3.27972027972028,3.2622377622377625,2024-11-26,9.38,30136899.0,2.86,2.86,1-3,818878.0599999999,0.0711610486891385,0.1532258064516127,0.5131665601606024,2024-10-01,9.28,9.41,9.38,2.27972027972028,2.244755244755245,0.9968119022316684,2.2902097902097904,282684112.62,-0.0053304904051173,,0.0031982942430703,,0.0138592750533048,,9.34,0.0074946466809422,0.0182012847965737,1661460.0,True,"Poseida Therapeutics, Inc.",2836.0,"Biological Products, (No Diagnostic Substances)",biotech/pharma/medtech,False,CA,CA,DE,True,False,False,False,False,False,False,False,2015-12-24,True,1.01;8.01;9.01,False,True,0001193125-24-265591,d881793d8k.htm,False,,False,False,97465024.0,2024-11-01,FDA / clinical,"d advance its innovative pipeline of non-viral, TSCM-rich CAR-T therapies and genetic medicines as part of Roche’s Pharmaceuticals Division SAN DIEGO, November 25, 2024 – Poseida Therapeutics, Inc. (Nasdaq: PSTX) (“Posei",97465024.0,278749968.64,False,False,,
PTHL,2026-01-15,2026-01-14,True,False,False,2.051614370168258,,2026-01-15,0.9023,74891302.0,0.4398,0.4398,<1,19152.8502,-0.058546505405116,-0.167518455423055,0.748316678394287,2024-10-01,0.4233,1.09,0.9023,1.051614370168258,-0.0375170532060027,0.8277981651376146,1.478399272396544,67574421.7946,,no_trades_after,,no_trades_after,,no_trades_after,,,,1970544.0,True,iTonic Holdings Ltd,3845.0,Electromedical & Electrotherapeutic Apparatus,biotech/pharma/medtech,False,,,,False,False,False,False,False,False,True,False,2023-06-02,False,,False,False,,,False,,False,False,,,no 8-K/6-K on run day,,,,False,False,,0.0
PTIX,2025-05-19,2025-05-16,True,True,False,3.663366336633664,2.2706270627062706,2025-05-19,0.7928571428571428,97394284.0,0.2164285714285714,3.03,3-10,238009.53,-0.0257234726688102,-0.0978383850413863,0.3049724913988564,2024-10-01,0.5907142857142856,1.0199999999999998,0.7928571428571428,2.6633663366336635,1.729372937293729,0.777310924369748,3.7128712871287126,1081076552.4,-0.3801801801801802,,-0.6450450450450451,,-0.6828828828828829,,0.6214285714285713,-0.5471264367816091,-0.5954022988505747,1022899.0,True,"Protagenic Therapeutics, Inc.\new",2834.0,Pharmaceutical Preparations,biotech/pharma/medtech,False,NY,NY,DE,True,False,False,False,False,False,False,False,1996-10-22,True,1.01;2.01;3.02;3.03;5.02;5.03;7.01;8.01;9.01,False,True,0001641172-25-011387,form8-k.htm,False,,False,False,588963.0,2025-05-09,merger / acquisition / buyout,11 ex99-1.htm EX-99.1 Exhibit 99.1 FOR IMMEDIATE RELEASE Protagenic Therapeutics and Phytanix Announce Business Combination to form Neuroactive Biopharmaceutical Company with Six Drug Candidates in Development including ,588963.0,1784557.89,False,True,1-for-14,0.0
PTLE,2025-06-17,2025-06-16,False,True,False,1.0994444444444444,2.0277777777777777,2025-06-18,0.365,28562190.0,0.18,0.18,<1,1034920.26,-0.3171471927162367,-0.8695652173913043,0.9241646776172812,2024-10-16,0.17,0.2,0.1979,0.0994444444444444,-0.0555555555555554,0.9895,0.1111111111111111,5652457.401,-0.232876712328767,,-0.2846575342465753,,-0.4254794520547945,,0.3,-0.1296666666666666,-0.3009999999999999,2016337.0,True,PTL Ltd,5172.0,Wholesale-Petroleum & Petroleum Products (No Bulk Stations),retail/wholesale,False,K3,Hong Kong,,False,True,True,False,True,True,True,True,2024-03-29,False,,True,True,0001213900-25-054955,ea0245827-6k_ptl.htm,False,,False,False,12687500.0,2024-12-31,other,"6-K 1 ea0245827-6k_ptl.htm REPORT OF FOREIGN PRIVATE ISSUER UNITED STATES SECURITIES AND EXCHANGE COMMISSION Washington, D.C. 20549 Form 6-K REPORT OF FOREIGN PRIVATE ISSUER PURSUANT TO RULE 13a-16 OR 15d-16 UNDER THE SE",12687500.0,2283750.0,True,False,,1.0
PTNM,2025-08-27,2025-08-26,False,True,False,1.6246215943491424,2.1493440968718467,2025-08-28,2.13,52525381.0,0.991,0.991,<1,46178.618,-0.0378640776699029,-0.2492424242424242,0.4213475018265203,2025-05-30,1.32,1.8199,1.61,0.6246215943491424,0.3319878910191727,0.884663992527062,0.8364278506559033,84565863.41000001,-0.164319248826291,,0.1032863849765259,,3.572769953051644,,2.2,0.0681818181818181,3.427272727272727,2046573.0,True,Pitanium Ltd,2844.0,"Perfumes, Cosmetics & Other Toilet Preparations",other manufacturing,False,,,K3,False,False,True,False,False,True,True,True,2024-12-16,False,,False,False,,,False,,False,False,,,no 8-K/6-K on run day,,,,True,False,,1.0
PTPI,2025-03-26,2025-03-25,True,False,False,2.335640138408305,1.920415224913495,2025-03-26,0.135,1587730856.0,0.0578,0.0578,<1,1069598.9994,-0.2082191780821918,-0.4880425155004428,1.7169453077543502,2024-10-01,0.14,0.23,0.135,1.335640138408305,1.4221453287197234,0.5869565217391305,2.97923875432526,214343665.56,-0.1777777777777778,,-0.4666666666666668,,-0.6207407407407408,,0.115,-0.3739130434782609,-0.5547826086956522,1815903.0,True,"Petros Pharmaceuticals, Inc.",2834.0,Pharmaceutical Preparations,biotech/pharma/medtech,False,NY,NY,DE,True,False,True,False,True,True,False,True,2020-07-24,False,,False,False,,,False,,False,True,10014872.0,2024-11-12,no 8-K/6-K on run day,,10014872.0,578859.6015999999,True,False,,0.0
PULM,2024-11-13,2024-11-12,False,True,False,1.7365853658536587,2.292682926829269,2024-11-14,4.7,3629712.0,2.05,2.05,1-3,13089.249999999998,-0.0048543689320389,-0.0191387559808612,0.4072884539942654,2024-10-01,2.55,4.12,3.56,0.7365853658536587,0.2439024390243902,0.8640776699029126,1.0097560975609756,12921774.72,0.3957446808510636,,0.3,,0.2234042553191488,,4.76,0.2836134453781513,0.207983193277311,1574235.0,True,"Pulmatrix, Inc.",2834.0,Pharmaceutical Preparations,biotech/pharma/medtech,False,MA,MA,DE,True,False,False,False,False,False,False,False,2013-05-24,True,1.01;5.01;5.02;7.01;9.01,False,True,0001493152-24-044986,form8-k.htm,False,,False,False,3652285.0,2024-11-04,merger / acquisition / buyout,"its acute migraine candidate, PUR3100, and other development candidates based on its iSPERSE™ technology Cullgen and Pulmatrix will host an informational webcast about the proposed merger that will be made available to a",3652285.0,7487184.249999999,False,False,,
PW,2024-10-02,2024-10-01,False,True,False,1.1167719559023903,2.229654403567447,2024-10-03,1.8,165307.0,0.8073,0.8073,<1,20465.8623,,,,2024-10-01,0.79,1.07,0.90157,0.1167719559023905,-0.0214294562120649,0.842588785046729,0.3254056732317603,149035.83199,-0.1944444444444445,,-0.3333333333333333,,-0.3888888888888888,,2.11,-0.4312796208530806,-0.4786729857819904,1532619.0,True,Power REIT,6798.0,Real Estate Investment Trusts,finance/real estate,False,NY,NY,MD,True,False,False,False,False,False,False,False,2011-11-07,False,,False,False,,,False,,False,False,3389661.0,2024-07-29,no 8-K/6-K on run day,,3389661.0,2736473.3253,False,False,,
QBTX,2025-05-08,2025-05-07,True,True,False,2.0437715202113105,2.2579123626244044,2025-05-08,43.33,473699.0,21.201,21.201,>10,667534.686,-0.0387649619151251,,,2025-04-25,32.54,45.505,43.33,1.0437715202113105,0.5348332625819536,0.9522030546093836,1.1463610207065704,20525377.67,0.1047772905608124,,0.0985460420032311,,1.681975536579737,,37.34,0.2747723620782003,2.112212104981253,,False,,,,,,,,,,,,,,,,,,,,,,,,,,,,,,no 8-K/6-K on run day,,,,,False,,1.0
QBTX,2026-05-21,2026-05-20,False,True,False,1.6649916247906198,2.134840871021776,2026-05-22,76.47,10354400.996834,35.82,11.94,>10,16350465.64036656,-0.2039999999999999,-0.2399745385105028,0.6924045318561756,2025-04-25,45.12,59.82000000000001,59.64,0.6649916247906198,0.2596314907872696,0.9969909729187562,0.6700167504187606,205845491.81705996,-0.1094546881129855,,-0.030600235386426,,-0.3495488426834053,,75.6,-0.0194444444444443,-0.342063492063492,,False,,,,,,,,,,,,,,,,,,,,,,,,,,,,,,no 8-K/6-K on run day,,,,,False,,0.0
QCLS,2025-12-03,2025-12-02,False,True,False,1.381656804733728,2.047337278106509,2025-12-04,0.0692,54705611.0,0.0338,3.38,3-10,298819.04,-0.0938337801608579,0.0029673590504448,0.369918861623324,2025-09-25,0.0443,0.05675,0.0467,0.3816568047337279,0.3106508875739646,0.8229074889867841,0.678994082840237,255475203.37,-0.0101156069364162,,-0.226878612716763,,-0.3439306358381502,,0.0736,-0.2730978260869565,-0.3831521739130434,1321834.0,True,"Q/C TECHNOLOGIES, INC.",2835.0,In Vitro & In Vivo Diagnostic Substances,biotech/pharma/medtech,False,NY,NY,DE,True,False,True,True,False,True,False,False,2005-03-23,False,,False,False,,,False,,False,True,4166760.0,2025-11-17,no 8-K/6-K on run day,,4166760.0,14083648.799999999,False,False,,1.0
QCLS,2026-09-16,2026-09-15,True,False,False,2.1844550192612733,1.722184455019261,2026-09-16,0.00964,237700527.74774,0.004413,0.4413,<1,1731588.6468696336,-0.7713471502590674,-0.8429537366548042,5.39406975228616,2025-09-25,0.004596,0.0216,0.00964,1.1844550192612733,0.0414683888511215,0.4462962962962962,3.894629503738953,229143308.74882132,-0.2116182572614107,,-0.0877593360995849,,,beyond_data,0.007952,0.1058853118712273,,1321834.0,True,"Q/C TECHNOLOGIES, INC.",2835.0,In Vitro & In Vivo Diagnostic Substances,biotech/pharma/medtech,False,NY,NY,DE,True,False,False,False,False,False,False,False,2005-03-23,False,,False,False,,,False,,False,False,8189838.0,2026-08-12,no 8-K/6-K on run day,,8189838.0,3614175.5094000003,False,False,,1.0
QH,2026-06-11,2026-06-10,True,True,False,2.28,2.2584615384615385,2026-06-11,0.0823333333333333,15059639.151274,0.0361111111111111,3.25,3-10,56584965.07808625,-0.1751269035532994,,,2024-10-01,0.078,0.0905555555555555,0.0823333333333333,1.2799999999999998,1.1599999999999997,0.90920245398773,1.5076923076923077,111591926.11094034,-0.0094466936572199,,0.5263157894736841,,-0.1889338731443994,,0.0697777777777777,0.8009554140127388,-0.0429936305732484,1781193.0,True,QUHUO Ltd,7389.0,"Services-Business Services, NEC",other services,False,,,E9,False,False,True,True,False,False,True,False,2019-09-04,False,,False,False,,,False,,False,False,,,no 8-K/6-K on run day,,,,False,False,,0.0
QMCO,2024-11-22,2024-11-21,True,True,False,2.271144278606965,5.41542288557214,2024-11-22,0.4565000000000001,39483936.0,0.2009999999999999,4.02,3-10,5819842.44,0.2601880877742946,-0.2400756143667297,22.056845372086485,2024-10-01,0.2225,0.525,0.4565000000000001,1.2711442786069655,0.1069651741293535,0.8695238095238096,1.611940298507463,360488335.68,1.3844468784227817,,0.3680175246440305,,4.1522453450164285,,0.683,-0.0856515373352855,2.4436310395314784,709283.0,True,QUANTUM CORP /DE/,3572.0,Computer Storage Devices,tech/software/semis/telecom,False,CO,CO,DE,True,False,False,False,False,False,False,False,2013-06-24,False,,False,False,,,False,,False,True,4848482.0,2024-11-10,no 8-K/6-K on run day,,4848482.0,19490897.639999997,False,True,1-for-20,
QMCO,2024-12-18,2024-12-17,True,False,False,2.5303541315345703,1.5189713322091063,2024-12-18,3.0010000000000003,22657216.0,1.186,23.72,>10,117600842.44,0.1736763978228597,7.013513513513514,0.8177551618570266,2024-10-01,1.124,3.2100000000000004,3.0010000000000003,1.5303541315345703,-0.0522765598650926,0.9348909657320872,1.706576728499157,1359886104.3200002,-0.3997000999666777,,0.1224591802732422,,-0.380206597800733,,2.4055,0.4003325711910208,-0.2267719808771563,709283.0,True,QUANTUM CORP /DE/,3572.0,Computer Storage Devices,tech/software/semis/telecom,False,CO,CO,DE,True,False,False,False,False,False,False,False,2013-06-24,False,,False,False,,,False,,False,True,4848482.0,2024-11-10,no 8-K/6-K on run day,,4848482.0,115005993.03999999,False,False,,
QMMM,2025-09-09,2025-09-08,True,True,False,18.367346938775512,9.71606033717835,2025-09-09,207.0,14819396.0,11.27,11.27,>10,28729822.1,1.1264150943396225,3.4900398406374507,0.5091097000962358,2024-10-01,14.95,303.0,207.0,17.367346938775512,0.3265306122448979,0.6831683168316832,25.885536823425024,3067614972.0,-0.4710144927536231,,-0.5748792270531401,,-0.4231884057971014,stale_last_close,81.0,0.0864197530864196,,1971542.0,True,QMMM Holdings Ltd,7311.0,Services-Advertising Agencies,other services,False,,,E9,False,False,True,True,True,True,True,True,2023-06-23,False,,True,True,0001641172-25-026950,form6-k.htm,False,,False,False,17206342.0,2025-01-22,crypto treasury / digital assets,"2 ex99-1.htm EX-99.1 Exhibit 99.1 QMMM Holdings Ltd. (QMMM) Announces Strategic Expansion into Cryptocurrency and Blockchain AI Solutions Hong Kong, September 9, 2025 (",17206342.0,193915474.34,True,False,,0.0
QNCX,2026-02-10,2026-02-09,True,True,True,4.059230769230768,4.692307692307692,2026-02-10,0.5277,1593495428.0,0.13,0.13,<1,4954303.7700000005,-0.2777777777777777,-0.9516728624535316,6.970895764088385,2024-10-01,0.2834,0.65199,0.5277,3.0592307692307683,1.1799999999999995,0.8093682418442001,4.015307692307692,840887537.3555999,0.1559598256585181,,-0.6626871328406292,,-0.7942012507106311,,0.7151,-0.7510837645084604,-0.8481331282338134,1662774.0,True,"Quince Therapeutics, Inc.",2836.0,"Biological Products, (No Diagnostic Substances)",biotech/pharma/medtech,False,CA,CA,CA,True,False,False,False,False,False,False,False,2016-01-05,False,,False,False,,,False,,False,True,55681490.0,2025-11-06,no 8-K/6-K on run day,,55681490.0,7238593.7,False,False,,0.0
QNCX,2026-04-07,2026-04-06,False,True,False,1.862857142857143,2.092571428571429,2026-04-08,0.1831,578598112.183696,0.0875,0.0875,<1,2027810.0085914123,-0.0011415525114155,-0.144672531769306,0.8754238413313439,2024-10-01,0.094,0.1888,0.163,0.862857142857143,0.0742857142857142,0.8633474576271187,1.157714285714286,94311492.28594244,-0.3244128891316221,,-0.3282359366466412,,-0.3336974330966685,,0.1258,-0.0222575516693163,-0.0302066772655007,1662774.0,True,"Quince Therapeutics, Inc.",2836.0,"Biological Products, (No Diagnostic Substances)",biotech/pharma/medtech,False,CA,CA,CA,True,False,False,False,False,False,False,False,2016-01-05,False,,False,False,,,False,,False,True,55681490.0,2025-11-06,no 8-K/6-K on run day,,55681490.0,4872130.375,False,False,,0.0
QNME,2026-09-18,2026-09-17,False,True,False,1.922520661157025,2.202479338842975,2026-09-21,0.6396,328480593.988724,0.2904,0.2904,<1,23905.22006136,-0.1064615384615385,-0.1707595659623073,0.0954547189655064,2026-08-04,0.29,1.03,0.5583,0.9225206611570248,-0.0013774104683196,0.5420388349514563,2.5468319559228654,183390715.62390465,0.3303627267041902,,0.0161038148843029,,,beyond_data,1.32,-0.5076515151515151,,1996192.0,True,"Quanome Technologies, Inc.",4731.0,Arrangement of  Transportation of  Freight & Cargo,other,False,IL,IL,NV,True,False,True,True,False,False,False,False,2023-10-30,False,,False,False,,,False,,False,False,34427559.0,2026-03-31,no 8-K/6-K on run day,,34427559.0,9997763.1336,False,False,,1.0
QNRX,2025-10-10,2025-10-09,True,False,False,2.5122549019607843,1.8210784313725488,2025-10-10,0.5857142857142857,13968845.0,0.2331428571428571,8.16,3-10,422965.44,0.1170431211498974,0.0807947019867552,0.3805515920372989,2024-10-01,0.3442857142857143,1.1942857142857142,0.5857142857142857,1.5122549019607845,0.4767156862745099,0.4904306220095694,4.122549019607843,286361322.5,-0.2751219512195123,,-0.2736585365853659,,-0.5604878048780488,,0.4525714285714285,-0.0599747474747474,-0.4311868686868687,1671502.0,True,Quoin Pharmaceuticals Ltd.,2834.0,Pharmaceutical Preparations,biotech/pharma/medtech,False,VA,VA,L3,True,False,False,False,False,False,True,True,2016-04-08,False,,False,False,,,False,,False,True,3354650799.0,2021-12-31,no 8-K/6-K on run day,,,,True,False,,0.0
QNTM,2025-02-04,2025-02-03,True,True,False,2.1100628930817606,2.69811320754717,2025-02-04,134.2,78571411.0,63.6,3.18,3-10,184274.64,0.092783505154639,-0.2205882352941175,1.0111059734957206,2024-10-01,116.8,145.6,134.2,1.1100628930817606,0.8364779874213835,0.9217032967032966,1.2893081761006289,527214167.81,0.278688524590164,,0.8107302533532044,,-0.2622950819672131,,130.0,0.8692307692307693,-0.2384615384615385,1771885.0,True,Quantum Biopharma Ltd.,2834.0,Pharmaceutical Preparations,biotech/pharma/medtech,False,,,A6,False,False,False,False,False,False,True,False,2019-10-15,False,,True,True,0001171843-25-000597,f6k_020425.htm,False,,False,False,72.0,2023-12-31,FDA / clinical,"2 exh_991.htm PRESS RELEASE EdgarFiling EXHIBIT 99.1 Quantum Biopharma Announces the Success of unbuzzd™ Clinical Trial Trial Confirms unbuzzd™ Dramatically Accelerates Alcohol Metabolism, Speeds the Reduction of Blood A",1440.0,4579.2,False,False,,
QNTM,2026-03-23,2026-03-20,False,True,False,1.3839285714285714,2.111607142857143,2026-03-24,94.6,1408567.944612,44.8,2.24,1-3,163703.39805344003,-0.096774193548387,-0.3929539295392953,0.2686445324250085,2024-10-01,44.2,66.99799999999999,62.0,0.3839285714285714,-0.0133928571428572,0.9254007582315892,0.4954910714285712,4366560.6282972,-0.0803382663847781,,0.0211416490486255,,-0.291754756871036,,95.4,0.0125786163522012,-0.2976939203354297,1771885.0,True,Quantum Biopharma Ltd.,2834.0,Pharmaceutical Preparations,biotech/pharma/medtech,False,,,A6,False,False,False,False,False,False,True,False,2019-10-15,False,,True,True,0001171843-26-001840,f6k_032326.htm,False,,False,False,12.0,2024-12-31,FDA / clinical,"2 exh_991.htm PRESS RELEASE EdgarFiling EXHIBIT 99.1 Quantum BioPharma Announces Peer-Reviewed Journal Publication of Groundbreaking Clinical Trial With Unbuzzd unbuzzd Dramatically Accelerates Alcohol Metabolism, Speeds",12.0,26.880000000000003,False,False,,0.0
QSI,2024-11-20,2024-11-19,True,False,False,2.1958925750394944,1.9115323854660349,2024-11-20,1.39,283385972.0,0.633,0.633,<1,886410.789,-0.183541854765897,-0.208848893888264,2.0217381904245384,2024-10-01,1.56,1.89,1.39,1.1958925750394944,1.4644549763033177,0.7354497354497355,1.985781990521327,393906501.08,-0.1294964028776978,,-0.1798561151079136,,-0.0719424460431653,,1.35,-0.1555555555555556,-0.0444444444444445,1816431.0,True,Quantum-Si Inc,3829.0,"Measuring & Controlling Devices, NEC",other manufacturing,False,CT,CT,DE,True,False,False,False,False,False,False,False,2020-07-02,False,,False,False,,,False,,False,True,,,no 8-K/6-K on run day,,,,False,False,,
QSI,2024-12-26,2024-12-24,False,True,False,1.6538461538461535,2.769230769230769,2024-12-27,3.6,88659375.0,1.3,1.3,1-3,7292538.5,-0.0510948905109489,-0.0510948905109489,0.3205009130383346,2024-10-01,1.3,2.39,2.15,0.6538461538461537,0.0,0.899581589958159,0.8384615384615386,190617656.25,-0.0749999999999999,,0.1388888888888888,,-0.4333333333333333,,3.495,0.1731044349070098,-0.4163090128755364,1816431.0,True,Quantum-Si Inc,3829.0,"Measuring & Controlling Devices, NEC",other manufacturing,False,CT,CT,DE,True,False,True,False,False,True,False,False,2020-07-02,False,,False,False,,,False,,False,False,,,no 8-K/6-K on run day,,,,False,False,,
QTEX,2026-05-22,2026-05-21,True,True,False,2.4001320567844173,5.018157807857379,2026-05-22,0.727,788564742.52081,0.3029,0.3029,<1,4754706.673625669,,,,2026-05-20,0.4764,1.06,0.727,1.400132056784417,0.5727963024100362,0.6858490566037735,2.4995047870584357,573286567.8126289,1.0907840440165062,,3.236588720770289,,1.6134800550206323,,1.56,0.9743589743589742,0.2179487179487178,1837493.0,True,QTREX Quantum Ltd.,3841.0,Surgical & Medical Instruments & Apparatus,biotech/pharma/medtech,False,,,L3,False,False,False,False,False,False,True,False,2020-12-29,False,,False,False,,,False,,False,False,35949247.0,2025-12-31,no 8-K/6-K on run day,,35949247.0,10889026.9163,False,False,,1.0
QTTB,2025-07-10,2025-07-09,True,False,False,2.1986754966887414,1.76158940397351,2025-07-10,3.32,59600038.0,1.51,1.51,1-3,255925.37,0.0486111111111111,-0.1703296703296704,1.3900113259756863,2024-10-01,1.63,3.75,3.32,1.1986754966887414,0.0794701986754966,0.8853333333333333,1.4834437086092715,197872126.16,-0.1987951807228914,,-0.3012048192771084,,-0.4608433734939758,,2.54,-0.0866141732283465,-0.2952755905511811,1661998.0,True,Q32 Bio Inc.,2834.0,Pharmaceutical Preparations,biotech/pharma/medtech,False,MA,MA,DE,True,False,True,True,False,False,False,False,2016-01-06,False,,False,False,,,False,,False,False,12197615.0,2025-05-01,no 8-K/6-K on run day,,12197615.0,18418398.65,False,False,,0.0
QTTB,2026-05-26,2026-05-22,False,True,False,1.2224137931034482,2.2155172413793105,2026-05-27,12.85,299527.002501,5.8,5.8,3-10,3648823.868271,-0.0793650793650794,-0.067524115755627,2.5112491279572944,2024-10-01,5.88,7.26,7.09,0.2224137931034482,0.0137931034482758,0.9765840220385676,0.2517241379310344,2123646.44773209,-0.1976653696498054,,-0.0513618677042801,,-0.0700389105058366,,11.52,0.0581597222222223,0.0373263888888888,1661998.0,True,Q32 Bio Inc.,2834.0,Pharmaceutical Preparations,biotech/pharma/medtech,False,MA,MA,DE,True,False,True,False,False,True,False,False,2016-01-06,False,,False,False,,,False,,False,True,16956415.0,2026-05-01,no 8-K/6-K on run day,,16956415.0,98347207.0,False,False,,0.0
QUBT,2024-11-13,2024-11-12,False,True,False,1.9275362318840583,3.1884057971014497,2024-11-14,4.4,102171880.0,1.38,1.38,1-3,3627585.3,0.1896551724137931,0.9387468389997188,0.6595290498650412,2024-10-01,1.44,3.42,2.66,0.9275362318840584,0.0434782608695651,0.7777777777777778,1.4782608695652175,271777200.8,-0.2954545454545455,,0.0818181818181817,,0.5238636363636362,,2.93,0.6245733788395902,1.28839590443686,1758009.0,True,Quantum Computing Inc.,7372.0,Services-Prepackaged Software,tech/software/semis/telecom,False,NJ,NJ,DE,True,False,False,False,False,False,False,False,2019-01-09,False,,False,False,,,True,424B5,False,True,99086476.0,2024-11-04,no 8-K/6-K on run day,,99086476.0,136739336.88,False,False,,
QUBT,2024-12-16,2024-12-13,False,True,False,1.6524981357196122,2.5041014168530946,2024-12-17,16.79,114580045.0,6.705,6.705,3-10,127550193.93,-0.1544766708701134,0.5238636363636362,0.3315377453893678,2024-10-01,7.1,12.28,11.08,0.6524981357196122,0.0589112602535419,0.9022801302931596,0.8314690529455628,1269546898.6,0.5294818344252532,,0.0181655747468731,,-0.4145324597974985,,19.22,-0.1105619146722164,-0.4885535900104057,1758009.0,True,Quantum Computing Inc.,7372.0,Services-Prepackaged Software,tech/software/semis/telecom,False,NJ,NJ,DE,True,False,True,False,False,True,False,False,2019-01-09,False,,False,False,,,True,S-1,False,True,99086476.0,2024-11-04,no 8-K/6-K on run day,,99086476.0,664374821.58,False,False,,
QUCY,2026-05-13,2026-05-12,True,True,False,4.151177199504337,9.29368029739777,2026-05-13,1.34,535334092.966987,0.3228,0.3228,<1,104803.23265818838,-0.1131868131868132,-0.468466985015643,0.230244237281002,2026-03-12,0.5854,1.62,1.34,3.151177199504337,0.8135068153655516,0.8271604938271605,4.018587360594796,717347684.5757626,1.2388059701492535,,1.455223880597015,,0.4179104477611939,,1.9,0.7315789473684211,0.0,1874252.0,True,Quantum Cyber N.V.,2834.0,Pharmaceutical Preparations,biotech/pharma/medtech,False,,,P7,False,False,False,False,False,False,True,False,2021-08-03,False,,False,False,,,False,,False,True,12515336.0,2026-03-30,no 8-K/6-K on run day,,12515336.0,4039950.4607999995,False,False,,1.0
QURE,2024-12-10,2024-12-09,True,True,False,2.0973269362577107,2.145305003427005,2024-12-10,15.3,61928113.0,7.295,7.295,3-10,5036183.495,0.023141654978962,-0.0635430038510911,0.7997356460251622,2024-10-01,13.72,17.39,15.3,1.0973269362577107,0.8807402330363263,0.879815986198965,1.3838245373543523,947500128.9,0.0228758169934639,,0.0758169934640522,,-0.0947712418300654,,15.06,0.092961487383798,-0.0803452855245684,1590560.0,True,uniQure N.V.,2834.0,Pharmaceutical Preparations,biotech/pharma/medtech,False,,,,False,False,False,False,False,False,True,False,2013-11-08,True,7.01;9.01,False,True,0001558370-24-016106,qure-20241210x8k.htm,False,,False,False,,,FDA / clinical,"~ FDA agrees that the composite Unified Huntington’s Disease Rating Scale (cUHDRS) may serve as an intermediate clinical endpoint for Accelerated Approval ~ ~ Conference call today at 8:30 a.m. ET ~ Lexington, MA and Ams",,,False,False,,
QURE,2025-09-24,2025-09-23,True,True,False,3.4773060029282576,3.854319180087848,2025-09-24,47.5,70079687.0,13.66,13.66,>10,13714940.52,-0.0559778852798894,-0.1215434083601286,0.7845295721121788,2024-10-01,39.36,51.21,47.5,2.4773060029282576,1.8814055636896048,0.9275532122632298,2.7489019033674964,3328785132.5,0.1084210526315789,,0.1576842105263158,,0.2612631578947368,,50.43,0.0904223676383106,0.1879833432480666,1590560.0,True,uniQure N.V.,2834.0,Pharmaceutical Preparations,biotech/pharma/medtech,False,,,,False,False,True,False,False,True,True,False,2013-11-08,True,1.01;2.03;7.01;8.01;9.01,False,True,0001104659-25-092750;0001104659-25-092740,tm2526684d1_8k.htm;qure-20250924x8k.htm,True,424B5,True,True,,,FDA / clinical,"~ ​ ~ uniQure plans to submit a BLA in the first quarter of 2026, with anticipated U.S. launch later that year, pending approval ~ ​ ~ Investor conference call and webcast today at 8:30 a.m. ET ~ ​ Lexington, MA and Amst",,,False,False,,0.0
RANI,2025-10-17,2025-10-16,True,True,False,3.4826927160756,4.778084519006159,2025-10-17,1.64,492838471.0,0.4709,0.4709,<1,129145.7377,-0.0132020117351215,-0.0222176079734218,0.8402635809849742,2024-10-01,1.37,2.39,1.64,2.4826927160756,1.9093225737948611,0.6861924686192468,4.07538755574432,808255092.4399999,0.3719512195121952,,0.1097560975609757,,0.146341463414634,,2.1,-0.1333333333333333,-0.1047619047619048,1856725.0,True,"Rani Therapeutics Holdings, Inc.",2834.0,Pharmaceutical Preparations,biotech/pharma/medtech,False,CA,CA,CA,True,False,True,True,False,False,False,False,2021-04-27,True,1.01;2.03;3.02;9.01,False,True,0001193125-25-241963,d38236d8k.htm,False,,False,True,,,other,"8-K false 0001856725 0001856725 2025-10-16 2025-10-16 UNITED STATES SECURITIES AND EXCHANGE COMMISSION Washington, D.C. 20549 FORM 8-K CURRENT REPORT Pursuant to Section 13 OR 15(d) of The Securities Exchange Act of 1934",,,False,False,,0.0
RAPP,2025-09-08,2025-09-05,True,False,False,2.1915041782729805,1.951949860724234,2025-09-08,31.47,13877633.0,14.36,14.36,>10,5591195.24,-0.1452380952380952,-0.0681375730045426,1.7812969289522111,2024-10-01,38.42,42.2685,31.47,1.1915041782729805,1.6754874651810585,0.7445260655097767,1.943488857938719,436729110.51,-0.1093104544010167,,-0.2141722275182713,,-0.1185255799173816,,31.92,-0.225250626566416,-0.130952380952381,2012593.0,True,"Rapport Therapeutics, Inc.",2834.0,Pharmaceutical Preparations,biotech/pharma/medtech,False,MA,MA,DE,True,False,True,True,False,False,False,False,2024-03-27,True,7.01;8.01;9.01,False,True,0001193125-25-197610,d919002d8k.htm,True,424B5,True,True,36497920.0,2025-08-04,FDA / clinical,"ment of RAP-219 into Phase 3 registrational trials • Company to host a conference call today at 8:00 a.m. ET BOSTON and SAN DIEGO, September 8, 2025 — Rapport Therapeutics, Inc. (Nasdaq: RAPP) (“Rapport” or the “Company”",36497920.0,524110131.2,False,False,,0.0
RAPT,2024-12-23,2024-12-20,True,True,False,2.1080688151199416,2.095953477102011,2024-12-23,1.74,141065397.0,0.8254,0.8254,<1,583868.9758,-0.092967032967033,-0.2139047619047619,1.8343990040917453,2024-10-01,1.52,2.32,1.74,1.1080688151199416,0.8415313787254664,0.75,1.8107584201599225,245453790.78,-0.0057471264367816,,-0.0919540229885057,,-0.3218390804597701,,1.59,-0.0062893081761006,-0.2578616352201258,1673772.0,True,"RAPT Therapeutics, Inc.",2834.0,Pharmaceutical Preparations,biotech/pharma/medtech,False,CA,CA,DE,True,False,False,False,False,False,False,False,2016-05-05,True,7.01;8.01;9.01,False,True,0001193125-24-283668,d926285d8k.htm,False,,False,True,34958253.0,2024-11-07,FDA / clinical,"er 23, 2024 – RAPT Therapeutics, Inc. (Nasdaq: RAPT), a clinical-stage, immunology-based biopharmaceutical company focused on discovering, developing and commercializing novel therapies for patients with significant unme",34958253.0,28854542.0262,False,False,,
RAYA,2026-04-10,2026-04-09,True,False,False,2.0794136950339097,1.6821264493546269,2026-04-10,0.0043204545454545,420888506.362038,0.0020777272727272,0.4571,<1,8514264.074064327,0.1510954419541677,-0.4966413390595748,13.453631363954004,2024-10-01,0.0039954545454545,0.005,0.0043204545454545,1.0794136950339095,0.9229927805731786,0.8640909090909091,1.4064756070881643,400054525.2971171,-0.19105733824303,,-0.5101525512887954,,-0.5833771699105734,,0.0033490909090909,-0.3680781758957654,-0.4625407166123778,1825875.0,True,Erayak Power Solution Group Inc.,3621.0,Motors & Generators,other manufacturing,False,F4,China,E9,False,True,True,False,False,True,True,False,2021-08-02,False,,True,True,0001185185-26-001319,rayak6k040826.htm,False,,False,False,,,FDA / clinical,"6-K 1 rayak6k040826.htm FORM 6-K UNITED STATES SECURITIES AND EXCHANGE COMMISSION Washington, D.C. 20549 FORM 6-K REPORT OF FOREIGN PRIVATE ISSUER PURSUANT TO RULE 13a-16 OR 15d-16 UNDER THE SECURITIES EXCHANGE ACT OF 19",,,False,False,,0.0
RBNE,2025-06-13,2025-06-12,True,False,False,4.17910447761194,1.6477611940298509,2025-06-13,14.0,101812847.0,3.35,3.35,3-10,987791.05,0.2181818181818182,0.1837455830388692,21.87881665937034,2025-04-15,11.65,20.5699,14.0,3.17910447761194,2.4776119402985075,0.6806061283720387,5.140268656716418,1425379858.0,-0.6057142857142858,,-0.5214285714285714,,-0.77,,7.4,-0.0945945945945946,-0.5648648648648649,2039060.0,True,Robin Energy Ltd.,4412.0,Deep Sea Foreign Transportation of  Freight,shipping/water transport,False,G4,Cyprus,1T,False,False,True,True,False,False,True,False,2024-10-08,False,,False,False,,,True,424B5,False,False,0.0,2024-12-31,no 8-K/6-K on run day,,0.0,0.0,False,False,,1.0
RBNE,2026-03-24,2026-03-23,False,True,False,1.9181818181818175,2.1090909090909085,2026-03-25,0.4639999999999999,185101853.75273,0.22,1.1,1-3,1103595.5730954,-0.2715231788079471,-0.7229219143576826,0.3021955558948399,2025-04-15,0.304,0.504,0.422,0.9181818181818178,0.3818181818181818,0.8373015873015872,1.2909090909090906,390564911.4182603,-0.0862068965517239,,-0.0991379310344827,,-0.1206896551724137,,0.508,-0.1771653543307086,-0.1968503937007873,2039060.0,True,Robin Energy Ltd.,4412.0,Deep Sea Foreign Transportation of  Freight,shipping/water transport,False,G4,Cyprus,1T,False,False,False,False,False,False,True,False,2024-10-08,False,,False,False,,,False,,False,False,0.0,2024-12-31,no 8-K/6-K on run day,,0.0,0.0,False,True,1-for-5,1.0
RCT,2025-06-27,2025-06-26,True,True,False,2.2625698324022347,2.094972067039106,2025-06-27,3.24,78019827.0,1.432,1.432,1-3,234318.16,-0.0701298701298701,-0.1050000000000001,6.736017915510584,2025-03-21,1.61,4.76,3.24,1.2625698324022347,0.1243016759776538,0.680672268907563,2.3240223463687157,252784239.48,-0.0740740740740741,,-0.3765432098765432,,-0.1141975308641976,,2.7,-0.2518518518518519,0.0629629629629628,2027360.0,True,RedCloud Holdings plc,5990.0,"Retail-Retail Stores, NEC",retail/wholesale,False,X0,United Kingdom,X0,False,False,False,False,False,False,True,True,2024-08-02,False,,False,False,,,False,,False,False,44226635.0,2025-05-16,no 8-K/6-K on run day,,44226635.0,63332541.32,True,False,,1.0
RDAC,2026-04-29,2026-04-28,True,True,False,4.185714285714286,2.1755102040816325,2026-04-29,20.51,16419410.446604,4.9,4.9,3-10,100886.1,-0.1342756183745582,-0.0199999999999999,7.120995896760581,2024-12-02,6.87,23.99,20.51,3.185714285714286,0.4020408163265305,0.854939558149229,3.8959183673469377,336762108.25984806,-0.4802535348610434,,-0.6138469039492931,,-0.5409556313993175,,11.31,-0.29973474801061,-0.1675508399646331,2018145.0,True,Rising Dragon Acquisition Corp.,6770.0,Blank Checks,blank check (SPAC),False,,,,False,False,False,False,False,False,False,False,2024-06-07,False,,False,False,,,False,,False,False,5951030.0,2026-03-30,no 8-K/6-K on run day,,5951030.0,29160047.000000004,False,False,,0.0
RDUS,2025-03-14,2025-03-13,True,True,True,2.035871156661786,2.109809663250366,2025-03-14,27.81,8534952.0,13.66,13.66,>10,3986274.86,-0.0144300144300143,0.1151020408163265,0.9629227188037388,2024-10-01,28.345,28.5,27.81,1.035871156661786,1.0750366032210832,0.9757894736842104,1.0863836017569546,237357015.12,0.0363178712693277,,0.0445882775979864,,0.0453074433656959,,28.18,0.0308729595457772,0.031582682753726,912603.0,True,"RADIUS RECYCLING, INC.",5090.0,Wholesale-Misc Durable Goods,retail/wholesale,False,OR,OR,OR,True,False,False,False,False,False,False,False,2014-03-03,True,1.01;9.01,False,True,0001104659-25-024004,tm257857d3_8k.htm,False,,False,True,,,merger / acquisition / buyout,"XML 8 R1.htm IDEA: XBRL DOCUMENT v3.25.0.1 Cover Mar. 13, 2025 Cover [Abstract] Document Type 8-K Amendment Flag false Document Period End Date Mar. 13, 2025 Entity File Number 000-22496 Entity Registrant Name RADIUS REC",,,False,False,,0.0
REBN,2025-01-31,2025-01-30,False,True,False,1.625615763546798,2.5073891625615765,2025-02-03,5.09,55537744.0,2.03,2.03,1-3,1058925.14,0.2929112795363351,0.2303030303030302,2.2399120589394044,2024-10-01,2.41,5.4,3.3,0.625615763546798,0.1871921182266012,0.611111111111111,1.660098522167488,183274555.2,-0.1218074656188605,,-0.1453831041257367,,-0.0923379174852652,,5.32,-0.1823308270676692,-0.1315789473684211,1707910.0,True,"Reborn Coffee, Inc.",5812.0,Retail-Eating  Places,retail/wholesale,False,CA,CA,DE,True,False,True,False,True,False,False,True,2017-06-05,False,,False,False,,,False,,False,False,3672564.0,2024-11-19,no 8-K/6-K on run day,,3672564.0,7455304.919999999,True,False,,
RELI,2024-12-23,2024-12-20,True,True,False,2.5916666666666663,2.108333333333333,2024-12-23,0.1829411764705882,105557275.0,0.0705882352941176,1.2,1-3,223724.4,-0.2052980132450331,-0.0769230769230769,1.0723610930965788,2024-10-01,0.2258823529411764,0.3005882352941176,0.1829411764705882,1.5916666666666663,2.2,0.608610567514677,3.2583333333333337,328283125.25,-0.1864951768488746,,-0.1704180064308681,,-0.2926045016077169,,0.1764705882352941,-0.1399999999999999,-0.2666666666666665,1812727.0,True,"Reliance Global Group, Inc.",6411.0,"Insurance Agents, Brokers & Service",other,False,NJ,NJ,FL,True,False,False,False,False,False,False,False,2020-06-22,True,7.01;9.01,False,True,0001493152-24-051210,form8-k.htm,False,,False,False,1712573.0,2024-11-07,earnings / business update,"2 ex99-1.htm Exhibit 99.1 Reliance Global Group Reflects on a Transformative Year and Looks Ahead to 2025 OneFirm Approach Delivering Results - Drives Increased Revenue, Reduced Expenses, and Growing EBITDA Spetner Acqui",1712573.0,2055087.5999999999,False,False,,
RELI,2025-06-17,2025-06-16,False,True,False,1.8389830508474576,2.4745762711864403,2025-06-18,0.1717647058823529,19294752.0,0.0694117647058823,1.18,1-3,6158737.42,-0.1631205673758864,-0.0327868852459015,117.83121813229424,2024-10-01,0.0841176470588235,0.1364705882352941,0.1276470588235294,0.8389830508474576,0.2118644067796609,0.9353448275862072,0.966101694915254,41869611.84,-0.1541095890410958,,-0.1815068493150684,,-0.5034246575342465,,0.1441176470588235,-0.0244897959183674,-0.4081632653061224,1812727.0,True,"Reliance Global Group, Inc.",6411.0,"Insurance Agents, Brokers & Service",other,False,NJ,NJ,FL,True,False,True,False,True,False,False,False,2020-06-22,True,8.01;9.01,False,True,0001641172-25-015326,form8-k.htm,True,S-1,False,False,2974909.0,2025-05-14,listing compliance / reverse split / financing,"2 ex99-1.htm EX-99.1 Exhibit 99.1 Reliance Global Submits Request for Withdrawal of Form S-1 Registration Statement LAKEWOOD, N.J., June 16, 2025 – Reliance Global Group, Inc. (Nasdaq: RELI) (“we,” “us,” “our” or the “Co",2974909.0,3510392.6199999996,False,False,,0.0
REPL,2025-07-30,2025-07-29,True,False,False,2.013333333333333,1.8746666666666667,2025-07-30,7.55,202083397.0,3.75,3.75,3-10,87656662.5,0.3368983957219251,-0.596340150699677,2.4098933269218272,2024-10-01,6.415,8.07,7.55,1.0133333333333332,0.7106666666666668,0.9355638166047088,1.152,1525729647.35,-0.0688741721854304,,-0.2715231788079469,,-0.2675496688741721,,6.93,-0.2063492063492062,-0.202020202020202,1737953.0,True,"Replimune Group, Inc.",2836.0,"Biological Products, (No Diagnostic Substances)",biotech/pharma/medtech,False,MA,MA,DE,True,False,True,True,False,False,False,False,2018-05-03,False,,False,False,,,False,,False,True,77086750.0,2025-05-19,no 8-K/6-K on run day,,77086750.0,289075312.5,False,False,,0.0
RETO,2025-02-24,2025-02-21,False,True,False,1.453559990145356,2.660753880266076,2025-02-25,1.08,73612534.0,0.4059,0.4059,<1,11571178.8258,0.0049517207229512,-0.5387500000000001,18.294956550423024,2024-10-01,1.08,1.23,0.59,0.453559990145356,1.6607538802660755,0.4796747967479675,2.0303030303030303,43431395.06,-0.3192592592592593,,-0.1805555555555555,,-0.6648148148148147,,0.92,-0.0380434782608696,-0.6065217391304347,1687277.0,True,"ReTo Eco-Solutions, Inc.",3290.0,"Abrasive, Asbestos & Misc Nonmetallic Mineral Prods",other manufacturing,False,F4,China,D8,False,True,False,False,False,False,True,False,2016-12-23,False,,False,False,,,False,,False,False,43398885.0,2022-12-31,no 8-K/6-K on run day,,,,False,False,,
RETO,2026-09-15,2026-09-14,True,True,False,7.76268367064042,5.101192126420848,2026-09-15,0.014,232785621.11564,0.0018035,0.3607,<1,90157.9444938352,-0.6597169811320754,-0.718203125,0.2570127190691035,2024-10-01,0.00175,0.0223,0.014,6.7626836706404205,-0.0296645411699474,0.6278026905829597,11.3648461325201,651799739.123792,-0.3428571428571428,,-0.9371428571428572,,,beyond_data,0.0226,-0.9610619469026548,,1687277.0,True,"ReTo Eco-Solutions, Inc.",3290.0,"Abrasive, Asbestos & Misc Nonmetallic Mineral Prods",other manufacturing,False,F4,China,D8,False,True,True,True,False,True,True,False,2016-12-23,False,,False,False,,,True,424B5,False,False,43398885.0,2022-12-31,no 8-K/6-K on run day,,,,False,False,,0.0
RFAI,2026-08-21,2026-08-20,True,True,False,4.55616653574234,4.009426551453259,2026-08-21,58.0,3150789.804835,12.73,12.73,>10,3521846.05311614,0.1494356659142213,,6.740767813404596,2024-10-01,40.0,73.0,58.0,3.5561665357423404,2.1421838177533385,0.7945205479452054,4.734485467399843,182745808.68043,-0.12,,-0.1025862068965517,,-0.3532758620689655,,40.98,0.2701317715959004,-0.0846754514397266,2012807.0,True,RF Acquisition Corp II,6770.0,Blank Checks,blank check (SPAC),False,,,E9,False,False,True,False,False,True,False,False,2024-03-11,True,5.07;8.01;9.01,False,True,0001829126-26-009168,rfacquisition2_8k.htm,False,,False,False,3512500.0,2026-08-07,merger / acquisition / buyout,"XML 7 R1.htm IDEA: XBRL DOCUMENT v3.26.1 Cover Aug. 19, 2026 Document Type 8-K Amendment Flag false Document Period End Date Aug. 19, 2026 Entity File Number 001-42016 Entity Registrant Name RF ACQUISITION CORP II Entity",3512500.0,44714125.0,False,False,,0.0
RGC,2025-03-13,2025-03-12,True,True,False,3.3547619047619044,3.0047619047619043,2025-03-13,14.09,23328712.0,4.2,4.2,3-10,33936.0,-0.0047393364928909,0.1244979919678714,0.6791999226653553,2024-10-01,4.34,14.85,14.09,2.3547619047619044,0.0333333333333332,0.9488215488215488,2.5357142857142856,328701552.08,-0.1043293115684883,,2.1937544357700496,,1.0042583392476931,,11.8003,2.813462369600773,1.3931594959450182,1829667.0,True,Regencell Bioscience Holdings Ltd,2833.0,Medicinal Chemicals & Botanical Products,other manufacturing,False,,,E9,False,False,False,False,False,False,True,False,2020-11-13,False,,False,False,,,False,,False,False,13012866.0,2024-06-30,no 8-K/6-K on run day,,13012866.0,54654037.2,False,False,,0.0
RGC,2025-04-30,2025-04-29,False,True,False,1.8987341772151896,2.4367088607594938,2025-05-01,77.0,603287.0,31.6,31.6,>10,866819.6000000001,0.0972222222222223,-0.0087829360100375,0.2964795552212221,2024-10-01,31.6,64.423,60.0,0.8987341772151898,0.0,0.9313443956350992,1.0387025316455696,36197220.0,-0.2045454545454545,,1.7532467532467533,,10.38961038961039,,73.49,1.8847462239760515,10.933596407674514,1829667.0,True,Regencell Bioscience Holdings Ltd,2833.0,Medicinal Chemicals & Botanical Products,other manufacturing,False,,,E9,False,False,False,False,False,False,True,False,2020-11-13,False,,False,False,,,False,,False,False,13012866.0,2024-06-30,no 8-K/6-K on run day,,13012866.0,411206565.6,False,False,,0.0
RGC,2025-07-03,2025-07-02,True,False,False,2.219111969111969,1.7789575289575292,2025-07-03,873.6199999999999,18796057.0,393.68,10.36,>10,17445835.96,-0.5232397606994938,-0.3536693482186834,1.0606045623805809,2024-10-01,418.0,1064.0,873.6199999999999,1.2191119691119692,0.0617760617760618,0.8210714285714285,1.702702702702703,432121350.43,-0.1983471074380164,,-0.3584167029143105,,-0.4358416702914309,,953.8,-0.4123505976095618,-0.4832669322709163,1829667.0,True,Regencell Bioscience Holdings Ltd,2833.0,Medicinal Chemicals & Botanical Products,other manufacturing,False,,,E9,False,False,False,False,False,False,True,False,2020-11-13,False,,False,False,,,False,,False,False,13012866.0,2024-06-30,no 8-K/6-K on run day,,494488908.0,5122905086.88,False,False,,0.0
RGLS,2025-04-30,2025-04-29,True,True,False,2.367952522255193,2.3293768545994062,2025-04-30,7.98,28566734.0,3.37,3.37,3-10,7420140.140000001,0.4525862068965518,0.9257142857142856,1.786149980342244,2024-10-01,7.985,8.2,7.98,1.3679525222551931,1.3694362017804154,0.9731707317073172,1.4332344213649848,227962537.32,-0.0162907268170426,,-0.0162907268170426,,-0.0050125313283208,,7.835,0.0019144862795148,0.013401403956605,1505512.0,True,Regulus Therapeutics Inc.,2834.0,Pharmaceutical Preparations,biotech/pharma/medtech,False,CA,CA,DE,True,False,False,False,False,False,False,False,2012-10-04,True,1.01;5.02;8.01;9.01,False,True,0001193125-25-105845,d873263d8k.htm,False,,False,True,66243384.0,2025-03-07,listing compliance / reverse split / financing,"gent value right, for a total equity value of up to approximately $1.7 billion Transaction is expected to be completed in the second half of 2025, subject to customary closing conditions San Diego, April 30, 2025 – Regul",66243384.0,223240204.08,False,False,,0.0
RGNT,2026-06-15,2026-06-12,True,True,False,6.266666666666667,4.066666666666666,2026-06-15,9.4,186534167.527298,1.5,1.5,1-3,1592309.897496,0.1363636363636362,-0.2682926829268292,0.1687473200158186,2025-12-04,1.7,15.5,9.4,5.266666666666667,0.1333333333333333,0.6064516129032258,9.333333333333334,1753421174.756601,-0.351063829787234,,-0.5531914893617021,,-0.7414893617021276,,7.9,-0.4683544303797469,-0.6924050632911392,1912966.0,True,REGENTIS BIOMATERIALS LTD.,3842.0,"Orthopedic, Prosthetic & Surgical Appliances & Supplies",biotech/pharma/medtech,False,,,L3,False,False,True,False,True,False,True,True,2022-03-29,False,,True,True,0001213900-26-068601,ea0294796-6k_regentis.htm,False,,False,False,5179378.0,2025-12-31,listing compliance / reverse split / financing,"6-K 1 ea0294796-6k_regentis.htm REPORT OF FOREIGN PRIVATE ISSUER UNITED STATES SECURITIES AND EXCHANGE COMMISSION Washington, D.C. 20549 Form 6-K Report of Foreign Private Issuer Pursuant to Rule 13a-16 or 15d-16 under t",5179378.0,7769067.0,True,False,,1.0
RGTU,2026-05-21,2026-05-20,False,True,False,1.60196828868234,2.295790049207217,2026-05-22,41.99,830560.459426,18.29,18.29,>10,1626143.19990841,-0.1842032489139065,-0.2246714709622721,0.9474730958448484,2025-06-24,22.19,29.45,29.3,0.6019682886823401,0.2132312739201751,0.9949066213921902,0.6101694915254237,24335421.4611818,-0.129316503929507,,-0.1007382710169089,,-0.432722076684925,,39.49,-0.0438085591288934,-0.3968093188148899,,False,,,,,,,,,,,,,,,,,,,,,,,,,,,,,,no 8-K/6-K on run day,,,,,True,1-for-3,1.0
RGTX,2026-05-21,2026-05-20,False,True,False,1.6095132743362834,2.255530973451328,2026-05-22,40.78,6205393.506758,18.08,18.08,>10,12389357.71766432,-0.1844835363103294,-0.2371308016877638,0.8749138375235255,2025-04-01,21.86,29.12,29.1,0.6095132743362834,0.209070796460177,0.9993131868131868,0.610619469026549,180576951.0466578,-0.1071603727317314,,-0.0895046591466405,,-0.4367336929867582,,39.24,-0.0537716615698267,-0.4146279306829766,,False,,,,,,,,,,,,,,,,,,,,,,,,,,,,,,no 8-K/6-K on run day,,,,,True,1-for-4,0.0
RHE,2025-01-06,2025-01-03,True,False,False,2.296774193548387,1.6064516129032258,2025-01-06,3.56,41613441.0,1.55,1.55,1-3,20294.15,0.0064935064935065,-0.1045121035299555,1.2671667069924994,2024-10-01,4.3,6.8,3.56,1.2967741935483872,1.7741935483870963,0.5235294117647059,3.387096774193548,148143849.96,-0.3005617977528089,,-0.4157303370786517,,-0.2207584269662922,stale_last_close,2.67,-0.2209737827715355,,1004724.0,True,"REGIONAL HEALTH PROPERTIES, INC",6519.0,"Lessors of  Real Property, NEC",other,False,GA,GA,,True,False,False,False,False,False,False,False,2011-01-19,True,8.01;9.01,False,True,0001493152-25-000373,form8-k.htm,False,,False,False,1879249.0,2024-11-15,merger / acquisition / buyout,"IN AN ALL-STOCK TRANSACTION Enhances Opportunity to Increase Shareholder Value Significantly Strengthens Balance Sheet Expands Regional Board with the Addition of Two Highly Qualified Industry Veterans Atlanta, GA (Janua",1879249.0,2912835.95,False,False,,
RHLD,2025-11-03,2025-10-31,False,True,False,1.968096660331252,2.004344284550638,2025-11-04,147.64,282057.0,73.66,73.66,>10,4133725.54,-0.0733425588124292,-0.0497936016511867,0.8667569168419029,2025-02-28,132.01,148.5697,144.97,0.9680966603312516,0.7921531360304099,0.9757709681045328,1.016965788759164,40889803.29,0.1039013817393661,,0.2256163641289623,,0.2982254131671633,,147.11,0.230031948881789,0.302902589898715,2039497.0,True,"Resolute Holdings Management, Inc.",6199.0,Finance Services,finance/real estate,False,NY,NY,NV,True,False,False,False,False,False,False,True,2024-10-04,True,2.02;7.01;9.01,False,True,0001104659-25-105256;0001104659-25-105094,tm2530044d1_8k.htm;rhld-20251103x8k.htm,False,,False,False,8525998.0,2025-08-07,earnings / business update,"other industry data. CompoSecure obtained such information and statistics from third-party sources, including reports by market research firms. CompoSecure has supplemented this information where necessary with informati",8525998.0,628025012.68,True,False,,1.0
RIME,2025-01-06,2025-01-03,False,True,False,1.2986547085201794,2.0358744394618835,2025-01-07,0.227,103194372.0,0.1115,0.1115,<1,9697880.5305,0.2801377726750862,-0.3483343074225599,0.7852631026605763,2024-10-01,0.1075,0.1477,0.1448,0.2986547085201794,-0.0358744394618834,0.9803656059580232,0.3246636771300448,14942545.0656,-0.2726872246696036,,-0.7788546255506608,,-0.9061674008810572,,0.1663,-0.6981358989777511,-0.8719182200841852,923601.0,True,"Algorhythm Holdings, Inc.",7373.0,Services-Computer Integrated Systems Design,tech/software/semis/telecom,False,FL,FL,DE,True,False,True,False,True,True,False,True,1996-06-28,False,,False,False,,,False,,False,True,14215176.0,2024-11-19,no 8-K/6-K on run day,,14215176.0,1584992.124,True,False,,
RIME,2026-02-13,2026-02-12,True,True,False,3.222222222222222,2.388888888888889,2026-02-13,0.0174,167408697.0,0.0054,1.08,1-3,58307979.6,0.3148283418553688,0.08,45.21863634774186,2024-10-01,0.0065,0.01825,0.0174,2.222222222222222,0.2037037037037037,0.9534246575342464,2.3796296296296293,582582265.56,-0.2586206896551724,,-0.4712643678160919,,-0.5632183908045977,,0.0226,-0.5929203539823009,-0.663716814159292,923601.0,True,"Algorhythm Holdings, Inc.",7373.0,Services-Computer Integrated Systems Design,tech/software/semis/telecom,False,FL,FL,DE,True,False,False,False,False,False,False,True,1996-06-28,False,,False,False,,,False,,False,False,2721778.0,2025-11-17,no 8-K/6-K on run day,,2721778.0,2939520.24,True,False,,0.0
RITR,2026-08-03,2026-07-31,True,True,True,6.0495575221238935,2.5858407079646017,2026-08-03,0.3418,1530908034.582901,0.0565,0.0565,<1,6366826.6305,-0.4694835680751174,-0.864638236703402,59.84989201947693,2024-10-01,0.2035,0.3986,0.3418,5.0495575221238935,2.6017699115044244,0.8575012543903663,6.054867256637168,523264366.2204356,-0.5725570509069631,,-0.507899356348742,,-0.7308367466354593,,0.1567,0.0733886407147415,-0.4128908742820677,1951229.0,True,Reitar Logtech Holdings Ltd,6510.0,Real Estate Operators (No Developers) & Lessors,finance/real estate,False,K3,Hong Kong,E9,False,True,False,False,False,False,True,False,2022-12-27,False,,True,True,0001213900-26-084271,ea0297294-6k_reitar.htm,False,,False,False,,,listing compliance / reverse split / financing,CH ANNOUNCES STRATEGIC COOPERATION BETWEEN JINGXING HK AND CAINIAO GROUP FOR GLOBAL SMART WAREHOUSING AND AUTOMATED LOGISTICS SOLUTIONS Exhibit 99.1 REITAR LOGTECH ANNOUNCES STRATEGIC COOPERATION BETWEEN JINGXING HK AND ,,,False,False,,0.0
RKDA,2024-12-05,2024-12-04,True,True,True,2.0207638116425657,2.0504263997033743,2024-12-05,5.45,72151888.0,2.697,2.697,1-3,42858.027,-0.0228260869565216,-0.2827127659574467,1.369996465303941,2024-10-01,7.08,10.3099,5.45,1.0207638116425657,1.6251390433815351,0.5286181243271031,2.822728958101594,393227789.6,0.0146788990825688,,0.1559633027522935,,0.0990825688073393,,5.7,0.1052631578947367,0.050877192982456,1469443.0,True,"Arcadia Biosciences, Inc.",1311.0,Crude Petroleum & Natural Gas,mining/energy,False,TX,TX,DE,True,False,False,False,False,False,False,False,2009-08-04,False,,False,False,,,False,,False,False,1364940.0,2024-11-05,no 8-K/6-K on run day,,1364940.0,3681243.18,False,False,,
RKLX,2026-05-08,2026-05-07,False,True,False,1.6770361990950224,2.052319004524887,2026-05-11,217.71,9745274.332195,106.08,35.36,>10,129071431.38956352,-0.1092077087794433,0.2858181818181817,1.3524813113724332,2025-03-13,125.61,178.41,177.89999999999998,0.6770361990950224,0.1841063348416287,0.9971414158399192,0.681843891402715,577894767.8991635,0.0038583436681824,,0.2286068623398101,,-0.2338431858894859,,200.475,0.3342312008978674,-0.1679760568649457,,False,,,,,,,,,,,,,,,,,,,,,,,,,,,,,,no 8-K/6-K on run day,,,,,False,,0.0
RLMD,2025-04-22,2025-04-21,False,True,False,1.1702786377708978,2.136222910216718,2025-04-23,0.69,15574697.0,0.323,0.323,<1,258739.473,0.0930626057529611,0.0901113736078298,2.2522040884320416,2024-10-01,0.3257,0.4788,0.378,0.1702786377708978,0.0083591331269348,0.7894736842105263,0.4823529411764706,5887235.466,0.068550724637681,,-0.5327536231884058,,-0.247391304347826,,0.6194,-0.4794962867290926,-0.1616080077494348,1553643.0,True,"RELMADA THERAPEUTICS, INC.",2834.0,Pharmaceutical Preparations,biotech/pharma/medtech,False,FL,FL,NV,True,False,False,False,False,False,False,False,2012-11-13,False,,False,False,,,True,424B5,False,False,33191622.0,2025-03-25,no 8-K/6-K on run day,,33191622.0,10720893.906,False,False,,0.0
RMCF,2026-08-12,2026-08-11,True,True,False,2.2602230483271377,2.453531598513011,2026-08-12,1.52,203188098.701226,0.6725,0.6725,<1,38330.2866054575,-0.2082646574052272,-0.3406862745098039,1.6959308524207612,2024-10-01,1.74,2.15,1.52,1.2602230483271375,1.587360594795539,0.7069767441860465,2.197026022304833,308845910.0258635,0.0855263157894736,,-0.1447368421052631,,-0.4032894736842105,,1.35,-0.037037037037037,-0.3281481481481482,1616262.0,True,"Rocky Mountain Chocolate Factory, Inc.",2060.0,Sugar & Confectionery Products,other manufacturing,False,CO,CO,DE,True,False,True,True,False,True,False,False,2014-10-15,True,7.01;9.01,False,True,0001213900-26-087922,ea0301684-8k_rocky.htm,False,,False,True,9439587.0,2026-07-07,other,"false 0001616262 0001616262 2026-08-11 2026-08-11 iso4217:USD xbrli:shares iso4217:USD xbrli:shares UNITED STATES SECURITIES AND EXCHANGE COMMISSION Washington, D.C. 20549 FORM 8-K CURRENT REPORT Pursuant to Section 13 o",9439587.0,6348122.2575,False,False,,0.0
RMSG,2026-04-13,2026-04-10,True,True,False,5.750798722044729,5.111821086261981,2026-04-13,2.7,461503534.355075,0.4695,0.4695,<1,1749867.7614065397,-0.0289555325749741,0.0398671096345513,0.2830842351002122,2024-11-20,0.9465,2.73,2.7,4.750798722044729,1.0159744408945688,0.989010989010989,4.814696485623004,1246059542.7587025,-0.1111111111111111,,0.1074074074074074,,-0.4888888888888889,,2.8,0.067857142857143,-0.5071428571428571,1983324.0,True,Real Messenger Corp,7370.0,"Services-Computer Programming, Data Processing, Etc.",tech/software/semis/telecom,False,CA,CA,E9,True,False,False,False,False,False,True,False,2023-07-03,False,,False,False,,,False,,False,False,4821281.0,2025-03-31,no 8-K/6-K on run day,,4821281.0,2263591.4295,False,False,,0.0
RMSG,2026-06-04,2026-06-03,False,True,False,1.235261089275688,2.055025266704099,2026-06-05,1.83,32919707.378616,0.8905,0.8905,<1,63158.4445084775,0.118578068081899,-0.3593525179856115,0.0380377418636882,2024-11-20,0.883,1.17,1.1,0.2352610892756879,-0.0084222346996069,0.9401709401709404,0.3138686131386861,36211678.1164776,-0.580327868852459,,-0.6675409836065573,,-0.7459562841530054,,1.39,-0.5623021582733811,-0.6655395683453238,1983324.0,True,Real Messenger Corp,7370.0,"Services-Computer Programming, Data Processing, Etc.",tech/software/semis/telecom,False,CA,CA,E9,True,False,True,False,True,False,True,False,2023-07-03,False,,False,False,,,True,424B4;EFFECT,False,False,4821281.0,2025-03-31,no 8-K/6-K on run day,,4821281.0,4293350.7305,False,False,,0.0
RNAZ,2025-01-23,2025-01-22,False,True,False,1.5759312320916905,2.017191977077364,2025-01-24,0.2133333333333333,10947070.0,0.1057575757575757,3.49,3-10,144171.90000000002,0.0386904761904762,-0.0935064935064934,0.4029251330769737,2024-10-01,0.106060606060606,0.3766666666666666,0.1666666666666666,0.5759312320916905,0.0028653295128939,0.4424778761061947,2.56160458452722,60208885.0,-0.0298295454545455,,0.0738636363636362,,-0.0369318181818181,,0.1966666666666666,0.1648690292758088,0.044684129429892,1829635.0,True,"Transcode Therapeutics, Inc.",2834.0,Pharmaceutical Preparations,biotech/pharma/medtech,False,MA,MA,DE,True,False,True,False,True,False,False,False,2020-12-18,False,,False,False,,,False,,False,False,17265658.0,2024-11-04,no 8-K/6-K on run day,,523201.75757575757,1825974.133939394,False,True,1-for-33,
ROLR,2026-01-14,2026-01-13,True,True,False,5.3664772727272725,6.747159090909091,2026-01-14,18.89,82490865.0,3.52,3.52,3-10,459557.12,0.375,0.9447513812154696,0.7467599229994631,2024-10-23,15.5,33.68,18.89,4.3664772727272725,3.403409090909091,0.5608669833729216,8.568181818181818,1558252439.85,0.2572789835892006,,-0.467443091582848,,-0.7882477501323452,,22.85,-0.5597374179431072,-0.824945295404814,1947210.0,True,"High Roller Technologies, Inc.",7900.0,Services-Amusement & Recreation Services,other services,False,NV,NV,DE,True,False,True,True,False,False,False,False,2022-11-23,False,,False,False,,,True,424B5,False,True,8497511.0,2025-11-12,no 8-K/6-K on run day,,8497511.0,29911238.72,False,False,,0.0
RPGL,2025-12-29,2025-12-26,True,True,False,2.595518420053172,2.2180022787694647,2025-12-29,0.6834,526371087.0,0.2633,0.2633,<1,5328674.0889,-0.3445357231764999,-0.3832279222300305,8.934582960323858,2025-10-14,0.4678,0.8698,0.6834,1.5955184200531716,0.7766805924800608,0.7856978615773741,2.303456133687809,359722000.85580003,-0.1454492244659058,,-0.2831431079894644,,-0.528680128767925,,0.5806,-0.1562177058215639,-0.4452290733723734,1912884.0,True,Republic Power Group Ltd,7372.0,Services-Prepackaged Software,tech/software/semis/telecom,False,U0,Singapore,D8,False,False,True,False,False,True,True,True,2022-03-18,False,,False,False,,,False,,False,False,,,no 8-K/6-K on run day,,,,True,False,,1.0
RPGL,2026-01-29,2026-01-28,True,False,False,2.7385904998447685,1.639242471282211,2026-01-29,0.8821,127882932.0,0.3221,0.3221,<1,26166.1156,-0.2166828793774319,-0.528680128767925,0.002960789855314,2025-10-14,0.34,1.39,0.8821,1.7385904998447683,0.0555728034771811,0.6346043165467626,3.3154299906861224,112805534.3172,-0.4014284094773834,,-0.4613989343611835,,-0.8872009976193176,,1.25,-0.61992,-0.9204,1912884.0,True,Republic Power Group Ltd,7372.0,Services-Prepackaged Software,tech/software/semis/telecom,False,U0,Singapore,D8,False,False,True,False,True,False,True,True,2022-03-18,False,,False,False,,,False,,True,False,,,no 8-K/6-K on run day,,,,True,False,,1.0
RPGL,2026-04-21,2026-04-20,False,True,False,1.5921315847966218,2.0804623249611027,2026-04-22,0.0468,127346258.89279,0.022495,0.4499,<1,242535.1363554262,-0.1595367083878198,-0.3479710144927534,0.1212909018594147,2025-10-14,0.023,0.04645,0.035815,0.5921315847966218,0.0224494332073794,0.7710441334768569,1.0649033118470772,91218125.24490549,-0.0628205128205129,,0.5277777777777775,,-0.7223290598290599,,0.0435,0.6436781609195399,-0.7012643678160919,1912884.0,True,Republic Power Group Ltd,7372.0,Services-Prepackaged Software,tech/software/semis/telecom,False,U0,Singapore,D8,False,False,True,False,True,True,True,True,2022-03-18,False,,False,False,,,False,,False,True,,,no 8-K/6-K on run day,,,,True,True,1-for-20,1.0
RSLS,2025-04-01,2025-03-31,True,False,False,4.410540915395285,1.2482662968099862,2025-04-01,0.0274137931034482,255080531.0,0.0062155172413793,0.3605,<1,373900.1455,-0.4436728395061728,-0.6692660550458716,1.8049235835730657,2024-10-01,0.0143086206896551,0.0525862068965517,0.0274137931034482,3.410540915395285,1.302080443828017,0.5213114754098361,7.460471567267684,405578044.29,-0.7169811320754718,,-0.7616352201257861,,-0.7871069182389937,,0.0111086206896551,-0.4117647058823528,-0.4746236225360856,1427570.0,True,"Vyome Holdings, Inc",2834.0,Pharmaceutical Preparations,biotech/pharma/medtech,False,CA,CA,DE,True,False,True,False,True,True,False,False,2008-02-13,False,,False,False,,,False,,False,False,712680.0,2024-11-12,no 8-K/6-K on run day,,712680.0,256921.13999999998,False,False,,0.0
RTB,2026-06-15,2026-06-12,False,True,False,1.4344086021505376,2.01505376344086,2026-06-16,9.37,292760.599471,4.65,4.65,3-10,483705.1179,0.3880597014925373,-0.2618930459213637,2.7958780947554422,2026-05-13,4.85,6.86,6.67,0.4344086021505375,0.0430107526881717,0.9723032069970844,0.4752688172043011,1952713.1984715704,-0.0501600853788686,,0.2828175026680897,,0.83991462113127,,9.15,0.3136612021857923,0.8841530054644806,1419275.0,True,"RTB Digital, Inc.",8742.0,Services-Management Consulting Services,other services,False,CA,CA,NV,True,False,False,False,False,False,False,False,2008-02-12,False,,False,False,,,False,,False,True,1281009.0,2026-05-12,no 8-K/6-K on run day,,1281009.0,5956691.850000001,False,False,,1.0
RVSN,2024-12-26,2024-12-24,False,True,False,1.6821048053924763,2.6310067405957818,2024-12-27,1.21,53917373.0,0.4599,0.4599,<1,8567863.416,0.1411910669975185,-0.0573888091822095,13.276005864724178,2024-10-01,0.5584,0.85,0.7736,0.6821048053924765,0.2141769949989129,0.9101176470588236,0.848227875625136,41710479.7528,1.033057851239669,,0.4545454545454546,,-0.3869421487603305,,1.42,0.2394366197183099,-0.4776056338028168,1743905.0,True,Rail Vision Ltd.,3743.0,Railroad Equipment,other manufacturing,False,L3,Israel,L3,False,False,True,False,False,True,True,False,2018-06-25,False,,True,True,0001493152-24-051969,form6-k.htm,False,,False,False,2998278.0,2023-12-31,listing compliance / reverse split / financing,"Improve Safety and Efficiency of Rail Operations in North America The TCCO committee operates under the auspices of the American Association of Railroads (AAR), with its Technology Roadmap Program managed by MxV Rail Ra’",2998278.0,1378908.0522,False,False,,
RVYL,2025-06-05,2025-06-04,True,False,False,2.339318240957585,1.9776216497527972,2025-06-05,0.899,464464346.0,0.3843,0.3843,<1,1883662.2063,-0.3900968100301539,-0.5720489977728285,0.4746932575308986,2024-10-01,0.6152,1.2,0.899,1.3393182409575854,0.600832682799896,0.7491666666666668,2.12256049960968,417553447.054,-0.1546162402669633,,-0.1815350389321468,,-0.321397107897664,,0.8451,-0.1293338066501005,-0.2781161992663589,1419275.0,True,"RTB Digital, Inc.",8742.0,Services-Management Consulting Services,other services,False,CA,CA,NV,True,False,False,False,False,False,False,False,2008-02-12,False,,False,False,,,False,,False,True,8362990.0,2025-05-19,no 8-K/6-K on run day,,8362990.0,3213897.0569999996,False,False,,0.0
RXT,2026-02-18,2026-02-17,True,True,False,3.269689737470168,2.9236276849642007,2026-02-18,1.37,542491528.0,0.419,0.419,<1,534608.804,0.006002400960384,-0.5686637842289479,0.5100448779098632,2024-10-01,0.997,1.71,1.37,2.269689737470168,1.3794749403341289,0.801169590643275,3.0811455847255367,743213393.36,-0.1058394160583942,,-0.0145985401459853,,0.3503649635036496,,1.265,0.0671936758893281,0.4624505928853757,1810019.0,True,"Rackspace Technology, Inc.",7370.0,"Services-Computer Programming, Data Processing, Etc.",tech/software/semis/telecom,False,TX,TX,DE,True,False,False,False,False,False,False,False,2020-05-06,False,,False,False,,,False,,False,True,243592120.0,2025-11-04,no 8-K/6-K on run day,,243592120.0,102065098.28,False,False,,0.0
RXT,2026-05-07,2026-05-06,False,True,False,1.550660792951542,2.418502202643172,2026-05-08,5.49,194434667.998754,2.27,2.27,1-3,22619886.56629512,0.5442176870748299,1.3358715785140975,1.4026002161522724,2024-10-01,3.975,4.62,3.52,0.5506607929515419,0.751101321585903,0.7619047619047619,1.0352422907488985,684410031.3556141,-0.145719489981785,,0.0601092896174864,,-0.1785063752276867,,5.63,0.0337477797513321,-0.1989342806394316,1810019.0,True,"Rackspace Technology, Inc.",7370.0,"Services-Computer Programming, Data Processing, Etc.",tech/software/semis/telecom,False,TX,TX,DE,True,False,False,False,False,False,False,False,2020-05-06,True,2.02;9.01,False,True,0001810019-26-000041,rxt-20260507.htm,False,,False,True,246914399.0,2026-03-02,merger / acquisition / buyout,"XML 7 R1.htm IDEA: XBRL DOCUMENT v3.26.1 Cover May 07, 2026 Cover [Abstract] Document Type 8-K Document Period End Date May 07, 2026 Entity Registrant Name RACKSPACE TECHNOLOGY, INC. Entity Incorporation, State or Countr",246914399.0,560495685.73,False,False,,0.0
RYDE,2024-12-26,2024-12-24,False,True,False,1.4225806451612903,2.0316129032258066,2024-12-27,0.6298,22609702.0,0.31,0.31,<1,88830.19,-0.0935672514619884,-0.2626070409134158,1.682745936188149,2024-10-01,0.311,0.68,0.441,0.4225806451612903,0.0032258064516128,0.6485294117647058,1.1935483870967745,9970878.582,-0.1578278818672595,,-0.2299142584947603,,-0.3823436011432201,,0.6379,-0.239692741809061,-0.3901865496159272,1971115.0,True,Ryde Group Ltd,7389.0,"Services-Business Services, NEC",other services,False,U0,Singapore,E9,False,False,True,False,False,True,True,True,2023-05-05,False,,False,False,,,False,,False,False,,,no 8-K/6-K on run day,,,,True,False,,
RYDE,2025-06-18,2025-06-17,True,True,False,2.5510204081632653,2.257936507936508,2025-06-18,0.45,566927913.0,0.1764,0.1764,<1,22029.5376,-0.1470019342359768,-0.1981818181818181,0.6277751442584895,2024-10-01,0.4,0.5876,0.45,1.5510204081632653,1.2675736961451247,0.7658270932607216,2.3310657596371884,255117560.85,-0.1148888888888889,,-0.3575555555555555,,-0.1555555555555555,,0.3955,-0.2690265486725663,-0.0391908975979772,1971115.0,True,Ryde Group Ltd,7389.0,"Services-Business Services, NEC",other services,False,U0,Singapore,E9,False,False,True,False,False,True,True,True,2023-05-05,False,,True,True,0001641172-25-015495,form6-k.htm,False,,True,False,,,merger / acquisition / buyout,Exhibit 99.1 Ryde Bets Big on EVs: Acquires 40% Stake in Atoll to Expand EV Footprint in Singapore Move aligns with Singapore’s Green Plan 2030 and positions Ryde as a major player in Southeast Asia’s EV transition SINGA,,,True,False,,0.0
RYDE,2026-03-02,2026-02-27,False,True,False,1.944684528954192,2.16076058772688,2026-03-03,0.5,104600945.967078,0.2314,0.2314,<1,17572.2344755204,-0.0893349075167256,-0.2966565349544073,0.2904562265966764,2024-10-01,0.23,0.4864,0.45,0.944684528954192,-0.0060501296456352,0.9251644736842104,1.1019878997407089,47070425.68518511,0.0218,,0.2350000000000001,,0.092,,0.4488,0.375891265597148,0.216577540106952,1971115.0,True,Ryde Group Ltd,7389.0,"Services-Business Services, NEC",other services,False,U0,Singapore,E9,False,False,True,False,False,True,True,False,2023-05-05,False,,False,False,,,False,,False,False,,,no 8-K/6-K on run day,,,,False,False,,0.0
RYOJ,2025-10-16,2025-10-15,True,True,False,2.193548387096774,2.2258064516129035,2025-10-16,4.76,28790359.0,2.17,2.17,1-3,33289596.76,0.0046296296296295,0.0533980582524271,99.08153020386509,2025-08-14,4.495,5.35,4.76,1.193548387096774,1.0714285714285716,0.8897196261682243,1.4654377880184333,137042108.84,0.0147058823529413,,0.1743697478991597,,-0.1071428571428571,,4.31,0.296983758700696,-0.0139211136890949,2012600.0,True,"rYojbaba Co., Ltd.",8742.0,Services-Management Consulting Services,other services,False,M0,Japan,M0,False,False,True,False,False,True,True,True,2024-03-29,False,,False,False,,,False,,False,False,,,no 8-K/6-K on run day,,,,True,False,,1.0
RYOJ,2026-05-22,2026-05-21,True,False,False,2.4875621890547266,1.91542288557214,2026-05-22,5.0,41283106.854813,2.01,2.01,1-3,23114428.077691376,0.0578947368421052,-0.0195121951219512,529.4628990594802,2025-08-14,2.43,8.1,5.0,1.4875621890547266,0.2089552238805971,0.617283950617284,3.029850746268657,206415534.27406505,-0.2299999999999999,,-0.352,,-0.526,,4.12,-0.2135922330097087,-0.4247572815533981,2012600.0,True,"rYojbaba Co., Ltd.",8742.0,Services-Management Consulting Services,other services,False,M0,Japan,M0,False,False,False,False,False,False,True,True,2024-03-29,False,,False,False,,,False,,False,False,11550000.0,2025-12-31,no 8-K/6-K on run day,,11550000.0,23215499.999999996,True,False,,1.0
SAFX,2026-01-27,2026-01-26,True,False,False,2.0828114126652757,1.3089770354906054,2026-01-27,0.2993,415147466.0,0.1437,0.1437,<1,3897112.0986,0.048140043763676,-0.6338853503184714,1.8903518239113384,2025-06-09,0.1684,0.3419,0.2993,1.0828114126652753,0.1718858733472512,0.8754021643755485,1.3792623521224772,124253636.5738,-0.3715335783494822,,-0.3417975275643167,,-0.4163047109923155,,0.2264,-0.1298586572438161,-0.2283568904593639,2019793.0,True,"XCF Global, Inc.",2860.0,Industrial Organic Chemicals,other manufacturing,False,TX,TX,DE,True,False,True,False,True,True,False,True,2024-04-29,False,,False,False,,,True,424B3,False,True,159231451.0,2025-11-14,no 8-K/6-K on run day,,159231451.0,22881559.5087,True,False,,1.0
SANA,2025-01-08,2025-01-07,True,True,False,2.606060606060606,2.2181818181818183,2025-01-08,4.3,161196062.0,1.65,1.65,1-3,47197885.35,0.0248447204968942,-0.2826086956521739,13.937496775056127,2024-10-01,6.07,7.3,4.3,1.606060606060606,2.678787878787879,0.589041095890411,3.4242424242424248,693143066.6,-0.1488372093023254,,-0.2441860465116279,,-0.3046511627906976,,5.03,-0.3538767395626243,-0.4055666003976143,1770121.0,True,"Sana Biotechnology, Inc.",2836.0,"Biological Products, (No Diagnostic Substances)",biotech/pharma/medtech,False,WA,WA,DE,True,False,False,False,False,False,False,False,2020-06-26,False,,False,False,,,False,,False,True,223268889.0,2024-10-31,no 8-K/6-K on run day,,223268889.0,368393666.84999996,False,False,,
SANW,2024-11-19,2024-11-18,False,True,False,1.343612334801762,2.0352422907488985,2024-11-20,0.2431578947368421,110503.0,0.1194736842105263,2.27,1-3,46725.68,0.0007053429730206,-0.2172413793103447,1.0277790954006087,2024-10-01,0.1278947368421052,0.1789473684210526,0.1605263157894736,0.3436123348017619,0.0704845814977972,0.8970588235294117,0.4977973568281937,337034.15,0.1255411255411256,,0.632034632034632,,0.2857142857142858,,0.2557894736842105,0.5514403292181072,0.2222222222222223,1477246.0,True,S&W Seed Co,100.0,Agricultural Production-Crops,other,False,CO,CO,NV,True,False,False,False,False,False,False,False,2012-05-17,True,2.02;9.01,False,True,0000950170-24-128294,sanw-20241119.htm,False,,False,True,2284470.0,2024-10-28,earnings / business update,"2 sanw-ex99_1.htm EX-99.1 EX-99.1 S&W Announces Preliminary First Quarter Fiscal 2025 Financial Results Longmont, Colorado – November 19, 2024 – S&W Seed Company (Nasdaq: SANW)",2284470.0,5185746.9,False,True,1-for-19,
SBET,2025-05-22,2025-05-21,False,True,False,1.3476702508960572,2.4086021505376345,2025-05-23,0.5599999999999999,241939.0,0.2324999999999999,2.79,1-3,128577.15,-0.1842105263157895,0.0572987721691675,0.2099176106971208,2024-10-01,0.2324999999999999,0.3216666666666666,0.3133333333333333,0.3476702508960572,0.0,0.9740932642487046,0.3835125448028673,909690.64,4.331845238095238,,7.239583333333332,,0.4375,,2.8275,0.6318891836133214,-0.7152961980548187,1981535.0,True,"Sharplink, Inc.",6199.0,Finance Services,finance/real estate,False,FL,FL,DE,True,False,True,False,True,True,False,True,2023-06-15,False,,False,False,,,False,,False,True,659684.0,2025-05-15,no 8-K/6-K on run day,,659684.0,1840518.36,True,True,1-for-12,0.0
SBEV,2025-04-15,2025-04-14,True,True,False,2.0434782608695654,3.115942028985508,2025-04-15,0.0705,50156099.0,0.0344999999999999,1.38,1-3,6460429.98,0.0952380952380951,,25.426019115859408,2024-10-01,0.04825,0.0725,0.0705,1.0434782608695654,0.3985507246376814,0.9724137931034482,1.1014492753623188,141440199.17999998,0.5248226950354611,,1.836879432624114,,0.943262411347518,,0.09975,1.0050125313283207,0.3734335839598997,1553788.0,True,"Endovia Health Sciences, Inc.",2080.0,Beverages,other manufacturing,False,FL,FL,NV,True,False,False,False,False,False,False,False,2012-07-12,False,,False,False,,,False,,False,False,61711017.0,2024-11-14,no 8-K/6-K on run day,,1542775.425,2129030.0864999997,False,True,1-for-40,0.0
SBEV,2026-06-03,2026-06-02,False,True,False,1.7102473498233215,2.363957597173145,2026-06-04,0.0083625,499888184.075273,0.0035375,0.1415,<1,853377.2849094274,-0.1577380952380953,-0.4536679536679537,0.8243042315906853,2024-10-01,0.0035175,0.00972,0.00605,0.7102473498233215,-0.0056537102473498,0.6224279835390947,1.7477031802120142,120972940.54621606,-0.2526158445440957,,-0.3452914798206277,,-0.3778774289985052,,0.006625,-0.1735849056603773,-0.2147169811320755,1553788.0,True,"Endovia Health Sciences, Inc.",2080.0,Beverages,other manufacturing,False,FL,FL,NV,True,False,False,False,False,False,False,False,2012-07-12,True,7.01;9.01,False,True,0001731122-26-000810,e7685_8-k.htm,True,S-1,False,False,10964788.0,2026-05-18,listing compliance / reverse split / financing,"2 e7685_ex99-1.htm EXHIBIT 99.1 EXHIBIT 99.1 Splash Beverage Group Provides Corporate Update on NYSE Compliance Process and Strategic Transaction Initiatives FORT LAUDERDALE, Fla., June 3, 2026 – Splash Beverage Group, I",10964788.0,1551517.5019999999,False,False,,0.0
SCKT,2026-08-10,2026-08-07,True,True,False,5.516705516705517,3.6001036001036,2026-08-10,2.13,221018404.372046,0.3861,0.3861,<1,39038.571,-0.0402684563758388,-0.2879011434894872,1.110630549475243,2024-10-01,2.61,2.79,2.13,4.516705516705517,5.75990675990676,0.7634408602150538,6.226107226107226,470769201.3124579,-0.3474178403755869,,-0.568075117370892,,-0.7307981220657277,,1.31,-0.2977099236641222,-0.5622900763358778,944075.0,True,"SOCKET MOBILE, INC.",3571.0,Electronic Computers,tech/software/semis/telecom,False,CA,CA,DE,True,False,False,False,False,False,False,False,2005-12-28,True,5.03;9.01,False,True,0000944075-26-000055,form-8k0803.htm,False,,False,True,8240958.0,2026-05-08,FDA / clinical,"EX-3 2 exhibit3_1.htm EXHIBIT 3.1 Exhibit 3.1 BYLAWS OF SOCKET MOBILE, INC. (a Delaware corporation) BYLAWS OF SOCKET MOBILE, INC. (a Delaware corporation) TABLE OF CONTENTS ARTICLE I CORPORATE OFFICES 1.1 REGISTERED OFF",8240958.0,3181833.8838,False,False,,0.0
SCNX,2025-03-14,2025-03-13,False,True,False,1.2016129032258065,2.0,2025-03-17,2.48,580591.0,1.24,1.24,1-3,4987875.2,-0.4854771784232365,-0.5880398671096345,1.4770349706376298,2024-10-01,1.3,1.58,1.49,0.2016129032258065,0.0483870967741935,0.9430379746835442,0.2741935483870967,865080.59,-0.3588709677419355,,-0.2298387096774193,,-0.6451612903225806,,3.03,-0.3696369636963696,-0.7095709570957096,1382574.0,True,"Scienture Holdings, Inc.",2834.0,Pharmaceutical Preparations,biotech/pharma/medtech,False,NY,NY,DE,True,False,True,False,True,True,False,False,2007-06-15,True,1.01;5.02;5.07;9.01,False,True,0001493152-25-010215,form8-k.htm,False,,False,False,8576795.0,2024-11-06,contract / partnership / order,"EX-5.1 2 ex5-1.htm Exhibit 5.1 INDEPENDENT CONTRACTOR AGREEMENT THIS INDEPENDENT CONTRACTOR AGREEMENT (this “ Agreement ”) is made as of March 13, 2025 (the “Effective Date”), by and between Scienture Holdings, Inc., a D",8576795.0,10635225.8,False,False,,0.0
SCNX,2025-10-23,2025-10-22,True,True,False,4.549431321084865,2.747156605424322,2025-10-23,2.6,800934469.0,0.5715,0.5715,<1,2032832.358,-0.2020385367215861,-0.3340713120484735,0.5935387509455476,2024-10-01,0.9216,2.6,2.6,3.5494313210848647,0.6125984251968504,1.0,3.5494313210848647,2082429619.4,-0.3961538461538462,,-0.7047307692307692,,-0.7853846153846153,,1.93,-0.6022279792746114,-0.710880829015544,1382574.0,True,"Scienture Holdings, Inc.",2834.0,Pharmaceutical Preparations,biotech/pharma/medtech,False,NY,NY,DE,True,False,True,True,False,True,False,False,2007-06-15,False,,False,False,,,True,424B5,False,False,16131180.0,2025-08-12,no 8-K/6-K on run day,,16131180.0,9218969.370000001,False,False,,0.0
SCWO,2025-10-07,2025-10-06,False,True,False,1.1063636363636362,2.121212121212121,2025-10-08,0.7,11033353.0,0.33,0.33,<1,210810.27,0.0883905013192611,-0.188191881918819,1.157933288314004,2024-10-01,0.35,0.399899,0.3651,0.1063636363636362,0.0606060606060605,0.9129805275832148,0.2118151515151514,4028277.1803,-0.1442857142857142,,-0.3182857142857141,,-0.3851428571428571,,0.9277,-0.4856095720599331,-0.536056914950954,933972.0,True,374Water Inc.,3621.0,Motors & Generators,other manufacturing,False,NC,NC,DE,True,False,False,False,False,False,False,False,1996-05-20,False,,False,False,,,False,,False,True,0.0,2025-08-11,no 8-K/6-K on run day,,0.0,0.0,False,False,,0.0
SDEV,2026-09-29,2026-09-28,True,False,False,2.0828025477707004,1.6496815286624202,2026-09-29,0.654,192551884.393617,0.314,1.57,1-3,23284894.663783077,0.5700000000000003,0.6798630430130539,9.527964687875413,2026-04-06,0.328,0.78598,0.654,1.0828025477707004,0.0445859872611462,0.832082241278404,1.50312101910828,629644661.9671276,-0.2079510703363914,,,beyond_data,,beyond_data,0.54,,,1389545.0,True,Stablecoin Development Corp,6199.0,Finance Services,finance/real estate,False,FL,FL,DE,True,False,True,True,False,False,False,False,2010-11-17,False,,False,False,,,False,,False,False,50615437.0,2026-07-27,no 8-K/6-K on run day,,50615437.0,79466236.09,False,False,,1.0
SDOT,2026-06-03,2026-06-02,True,True,False,2.057926829268293,3.466463414634146,2026-06-03,0.003375,52560646.245133,0.00164,3.28,3-10,627611.8623999999,0.1365211365211365,-0.3665507918115102,0.1154293798338488,2024-10-01,0.00304,0.00473,0.003375,1.0579268292682928,0.8536585365853657,0.7135306553911205,1.8841463414634148,354784362.1546477,0.6844444444444442,,3.1644444444444444,,6.488888888888889,,0.00315,3.461904761904762,7.023809523809524,1701756.0,True,Sadot Group Inc.,5810.0,Retail-Eating & Drinking Places,retail/wholesale,False,TX,TX,NV,True,False,False,False,False,False,False,False,2017-03-30,True,1.01;2.01;9.01,False,True,0001731122-26-000807,e7684_8k.htm,False,,False,False,13395632.0,2026-05-08,other,"false 0001701756 0001701756 2026-06-02 2026-06-02 iso4217:USD xbrli:shares iso4217:USD xbrli:shares UNITED STATES SECURITIES AND EXCHANGE COMMISSION Washington, DC 20549 FORM 8-K CURRENT REPORT Pursuant to Section 13 OR ",669781.6,2196883.6479999996,False,True,1-for-20,0.0
SDOT,2026-06-26,2026-06-25,True,True,False,3.4708737864077666,5.800970873786407,2026-06-26,0.010725,45344161.077748,0.00309,6.18,3-10,1363149.23138748,-0.640279394644936,1.1533101045296168,0.051203490515789,2024-10-01,0.00575,0.011375,0.010725,2.4708737864077666,0.86084142394822,0.9428571428571428,2.6812297734627832,972632255.1176946,0.6713286713286712,,1.274592074592075,,-0.2149184149184149,,0.010335,1.3604257377842282,-0.1852926947266571,1701756.0,True,Sadot Group Inc.,5810.0,Retail-Eating & Drinking Places,retail/wholesale,False,TX,TX,NV,True,False,False,False,False,False,False,False,2017-03-30,False,,False,False,,,False,,False,False,13395632.0,2026-05-08,no 8-K/6-K on run day,,669781.6,4139250.2879999997,False,True,1-for-20,0.0
SDOT,2026-08-21,2026-08-20,False,True,False,1.561611374407583,2.7440758293838865,2026-08-24,0.01158,19613391.074482,0.00422,8.44,3-10,761751.8973584799,-0.2334241598546775,-0.5583464154892727,0.4438097085661551,2024-10-01,0.00412,0.00995,0.00659,0.561611374407583,-0.0236966824644547,0.6623115577889447,1.3578199052132702,258504494.3616728,-0.294041450777202,,-0.385146804835924,,-0.4913644214162349,,0.0097,-0.2659793814432989,-0.3927835051546392,1701756.0,True,Sadot Group Inc.,5810.0,Retail-Eating & Drinking Places,retail/wholesale,False,TX,TX,NV,True,False,True,False,True,False,False,False,2017-03-30,False,,False,False,,,True,S-1/A,False,False,1320015.0,2026-08-10,no 8-K/6-K on run day,,1320015.0,11140926.6,False,True,1-for-20,0.0
SDST,2025-07-11,2025-07-10,False,True,False,1.0913815504547424,2.055002165439584,2025-07-14,0.4745,32556751.0,0.2309,0.2309,<1,445328.5176,0.1236009732360097,-0.6239413680781759,0.3873419812738436,2024-10-01,0.23,0.2525,0.252,0.0913815504547423,-0.003897791251624,0.998019801980198,0.093546990038978,8204301.252,-0.1279241306638566,,-0.1614330874604846,,-0.1542676501580611,,0.3897,0.0210418270464458,0.0297664870413139,1831979.0,True,Stardust Power Inc.,3330.0,Primary Smelting & Refining of  Nonferrous Metals,other manufacturing,False,OK,OK,DE,True,False,True,False,True,True,False,True,2020-11-20,False,,False,False,,,True,424B3,False,True,60160824.0,2025-05-13,no 8-K/6-K on run day,,60160824.0,13891134.261599999,True,False,,0.0
SEGG,2026-04-27,2026-04-24,False,True,False,1.4251908396946564,2.229007633587786,2026-04-28,0.146,14043069.114916,0.0655,0.655,<1,2602700.92354113,0.0429936305732483,0.1026936026936027,2.740263327649494,2025-07-08,0.0658,0.104,0.09335,0.4251908396946564,0.0045801526717559,0.8975961538461538,0.5877862595419847,13109205.018774088,-0.1917808219178082,,-0.3082191780821917,,0.0753424657534249,,0.135,-0.2518518518518519,0.1629629629629632,1673481.0,True,Sports Entertainment Gaming Global Corp,7372.0,Services-Prepackaged Software,tech/software/semis/telecom,False,TX,TX,DE,True,False,True,False,False,True,False,False,2016-05-03,False,,False,False,,,False,,False,False,5139652.0,2025-11-14,no 8-K/6-K on run day,,5139652.0,3366472.06,False,False,,1.0
SELX,2025-11-10,2025-11-07,False,True,False,1.855123674911661,2.031802120141343,2025-11-11,1.15,63915303.0,0.566,0.566,<1,21548.186,-0.2752880921895008,-0.434,1.2479512764367289,2024-10-01,0.9001,1.27,1.05,0.8551236749116611,0.5902826855123677,0.8267716535433071,1.2438162544169615,67111068.15,-0.1565217391304347,,-0.3045217391304348,,-0.4746086956521739,,1.07,-0.2525233644859813,-0.4353271028037384,1990950.0,True,Semilux International Ltd.,3674.0,Semiconductors & Related Devices,tech/software/semis/telecom,False,,,F5,False,False,False,False,False,False,True,False,2023-09-15,False,,False,False,,,False,,False,False,37428354.0,2024-04-30,no 8-K/6-K on run day,,,,False,False,,0.0
SELX,2026-04-01,2026-03-31,False,True,False,1.4348360655737706,2.165163934426229,2026-04-02,0.5283,12529075.0,0.244,0.244,<1,17788.088,-0.3937888198757764,-0.5562829605382797,3.3560788677979203,2024-10-01,0.25,0.419,0.3501,0.4348360655737706,0.0245901639344261,0.8355608591885443,0.7172131147540983,4386429.157500001,0.1025932235472271,,-0.2123793299261782,,-0.2522241150861253,,0.5615,-0.2589492430988424,-0.2964381121994657,1990950.0,True,Semilux International Ltd.,3674.0,Semiconductors & Related Devices,tech/software/semis/telecom,False,,,F5,False,False,False,False,False,False,True,False,2023-09-15,False,,False,False,,,False,,False,False,37595020.0,2024-12-31,no 8-K/6-K on run day,,37595020.0,9173184.879999999,False,False,,0.0
SERA,2025-06-27,2025-06-26,True,False,False,2.0656565656565657,1.398989898989899,2025-06-27,4.09,8673206.0,1.98,1.98,1-3,282175.74,0.0531914893617022,0.1999999999999999,0.3985742690779748,2024-10-01,2.09,4.09,4.09,1.0656565656565655,0.0555555555555555,1.0,1.0656565656565655,35473412.54,-0.3227383863080684,,-0.4083129584352079,,-0.2322738386308067,,3.51,-0.3105413105413105,-0.1054131054131053,1534969.0,True,"SERA PROGNOSTICS, INC.",8071.0,Services-Medical Laboratories,biotech/pharma/medtech,False,UT,UT,DE,True,False,False,False,False,False,False,False,2011-11-21,False,,False,False,,,False,,False,True,29293831.0,2021-08-25,no 8-K/6-K on run day,,,,False,False,,0.0
SES,2024-12-26,2024-12-24,True,True,False,2.0,3.366197183098592,2024-12-26,1.42,198769489.0,0.71,0.71,<1,34567820.41,0.8748349617111171,1.077238150965477,14.750254816210813,2024-10-01,1.02,1.9,1.42,1.0,0.4366197183098592,0.7473684210526316,1.676056338028169,282252674.38,0.683098591549296,,0.5845070422535212,,-0.2253521126760562,,2.37,-0.0506329113924051,-0.5358649789029536,1819142.0,True,SES AI Corp,3690.0,"Miscellaneous Electrical Machinery, Equipment & Supplies",other manufacturing,False,MA,MA,,True,False,False,False,False,False,False,False,2020-08-07,False,,False,False,,,False,,False,True,,,no 8-K/6-K on run day,,,,False,False,,
SGBX,2025-05-28,2025-05-27,True,True,False,2.2423146473779383,2.278481012658228,2025-05-28,1.24,95196736.0,0.553,0.553,<1,875007.476,0.326139088729017,0.3911949685534592,0.2817750199314139,2024-10-01,1.2,1.45,1.24,1.2423146473779385,1.1699819168173595,0.8551724137931035,1.622061482820976,118043952.64,0.0161290322580645,,-0.0806451612903226,,-0.4306451612903226,,1.09,0.0458715596330272,-0.3522935779816515,1023994.0,True,OLENOX INDUSTRIES INC.,5030.0,Wholesale-Lumber & Other Construction Materials,retail/wholesale,False,TX,TX,DE,True,False,True,False,True,False,False,False,1997-02-11,False,,False,False,,,False,,False,False,6389041.0,2025-03-28,no 8-K/6-K on run day,,6389041.0,3533139.6730000004,False,False,,0.0
SGD,2025-07-29,2025-07-28,False,True,False,1.4318181818181817,2.1931818181818183,2025-07-30,0.101325,85284796.0,0.0462,0.88,<1,7489.68,-0.038356463774451,0.0625452789181357,0.2099019668290277,2024-10-01,0.056175,0.085575,0.06615,0.4318181818181816,0.215909090909091,0.7730061349693251,0.8522727272727271,107458842.96,-0.0673575129533678,,-0.316062176165803,,-0.4093264248704664,,0.0903,-0.2325581395348835,-0.3372093023255814,1959023.0,True,RenX Enterprises Corp.,4953.0,Refuse Systems,other,False,FL,FL,DE,True,False,False,False,False,False,False,False,2022-12-23,False,,False,False,,,False,,False,False,2091750.0,2025-05-15,no 8-K/6-K on run day,,2091750.0,1840740.0,False,False,,0.0
SGLY,2025-03-21,2025-03-20,True,True,False,2.4344297927836545,2.159107375742646,2025-03-21,1.68,30758246.0,0.6901,0.6901,<1,29460.369,-0.1430522786539177,-0.1415598955093916,1.1164345229066526,2024-10-01,0.69,1.86,1.68,1.4344297927836545,-0.0001449065352848,0.9032258064516128,1.695261556296189,51673853.28,-0.113095238095238,,-0.5237499999999999,,-0.6179166666666667,,1.48,-0.4593918918918919,-0.5662837837837837,1422892.0,True,Singularity Future Technology Ltd.,4731.0,Arrangement of  Transportation of  Freight & Cargo,other,False,NY,NY,,True,False,True,False,False,True,False,False,2008-01-11,False,,False,False,,,False,,False,False,4203492.0,2025-02-19,no 8-K/6-K on run day,,4203492.0,2900829.8292,False,False,,0.0
SGMA,2025-05-21,2025-05-20,True,True,False,2.302325581395349,2.294573643410853,2025-05-21,2.97,19031530.0,1.29,1.29,1-3,362023.02,-0.2586206896551724,0.2647058823529411,1.7970343343324755,2024-10-01,2.93,2.99,2.97,1.302325581395349,1.2713178294573644,0.9933110367892976,1.3178294573643412,56523644.1,-0.0033670033670034,,-0.0067340067340067,,0.0033670033670032,,2.96,-0.0033783783783782,0.0067567567567567,915358.0,True,SIGMATRON INTERNATIONAL INC,3672.0,Printed Circuit Boards,tech/software/semis/telecom,False,IL,IL,DE,True,False,False,False,False,False,False,False,1996-08-16,True,1.01;8.01;9.01,False,True,0001213900-25-046220;0001171843-25-003366,ea0243040-8k_sigma.htm;f8k_052125.htm,False,,False,False,6119288.0,2025-03-11,merger / acquisition / buyout,"O, LLC Exhibit 99.1 Transom Capital and SigmaTron International Announce Entry into Merger Agreement LOS ANGELES, California and ELK GROVE VILLAGE, Illinois, May 21, 2025 – Transom Capital Group, LLC (“Transom”), an oper",6119288.0,7893881.5200000005,False,False,,0.0
SGN,2025-01-29,2025-01-28,True,False,False,2.237113402061856,1.3195876288659794,2025-01-29,0.0904166666666666,97160132.0,0.0404166666666666,1.94,1-3,205934.88,-0.1100917431192661,-0.3489932885906041,0.3662370635620653,2024-10-01,0.0487499999999999,0.1508333333333333,0.0904166666666666,1.2371134020618555,0.2061855670103092,0.5994475138121547,2.731958762886598,421674972.88,-0.4101382488479262,,-0.2142857142857142,,-0.6267281105990783,,0.0747916666666666,-0.0501392757660166,-0.5487465181058495,1898474.0,True,"Signing Day Sports, Inc.",7374.0,Services-Computer Processing & Data Preparation,tech/software/semis/telecom,False,AZ,AZ,DE,True,False,True,True,False,False,False,False,2022-01-18,True,1.01;3.02;7.01;9.01,False,True,0001213900-25-007699,ea0229061-8k_signing.htm,False,,True,True,27680343.0,2024-11-14,merger / acquisition / buyout,"Company d/b/a Swifty Global Expected acquisition of Swifty Global would contribute strong historical financials and significant growth potential SCOTTSDALE, Arizona, January 29, 2025 (NewMediaWire)- Signing Day Sports, I",576673.8125,1118747.19625,False,True,1-for-48,
SGN,2025-05-28,2025-05-27,True,True,False,2.6385542168674703,3.0602409638554224,2025-05-28,0.045625,163865169.0,0.0172916666666666,0.83,<1,35484072.85,0.2968749999999998,0.4462449904164487,34.77548538630089,2024-10-01,0.0660416666666666,0.0889562499999999,0.045625,1.6385542168674705,2.819277108433736,0.5128925735965714,4.144457831325301,358864720.11,0.1598173515981735,,-0.3972602739726028,,-0.4794520547945206,,0.0391666666666666,-0.2978723404255318,-0.3936170212765957,1898474.0,True,"Signing Day Sports, Inc.",7374.0,Services-Computer Processing & Data Preparation,tech/software/semis/telecom,False,AZ,AZ,DE,True,False,False,False,False,False,False,False,2022-01-18,True,1.01;7.01;9.01,False,True,0001213900-25-048022,ea0243190-8k425_signing.htm,False,,False,False,3622693.0,2025-05-14,crypto treasury / digital assets,"Infrastructure achieves or exceeds EBITDA of $25 million for 2026 Transaction to be completed at a significant premium to SGN’s current stock price SCOTTSDALE, Arizona, May 28, 2025 (NewMediaWire) - Signing Day Sports, I",3622693.0,3006835.19,False,False,,0.0
SGN,2025-07-10,2025-07-09,False,True,False,1.0982142857142856,2.125,2025-07-11,0.0495833333333333,19922944.0,0.0233333333333333,1.12,1-3,1156512.0,0.0566037735849056,0.0370370370370372,1.5556480902860428,2024-10-01,0.0235416666666666,0.0364583333333333,0.025625,0.0982142857142855,0.0089285714285711,0.702857142857143,0.5624999999999998,24505221.12,-0.1176470588235293,,-0.1134453781512604,,-0.4411764705882351,,0.0454166666666666,-0.0321100917431194,-0.3899082568807339,1898474.0,True,"Signing Day Sports, Inc.",7374.0,Services-Computer Processing & Data Preparation,tech/software/semis/telecom,False,AZ,AZ,DE,True,False,False,False,False,False,False,False,2022-01-18,False,,False,False,,,False,,False,False,3622693.0,2025-05-14,no 8-K/6-K on run day,,3622693.0,4057416.1600000006,False,False,,0.0
SGN,2026-02-20,2026-02-19,False,True,False,1.254041013268999,2.0373944511459587,2026-02-23,0.01759375,92946631.0,0.0086354166666666,0.4145,<1,6715170.254,0.9561113732892874,1.3404856013551665,0.2269769183263127,2024-10-01,0.0098979166666666,0.0119645833333333,0.0108291666666666,0.2540410132689989,0.1462002412545235,0.9051018631377328,0.3855247285886611,48313658.7938,-0.325044404973357,,-0.4197750148016577,,-0.3604499703966843,stale_last_close,0.0131937499999999,-0.2262750671087952,,1898474.0,True,"Signing Day Sports, Inc.",7374.0,Services-Computer Processing & Data Preparation,tech/software/semis/telecom,False,AZ,AZ,DE,True,False,True,False,True,True,False,True,2022-01-18,False,,False,False,,,False,,False,False,4017781.0,2025-11-10,no 8-K/6-K on run day,,4017781.0,1665370.2245,True,False,,0.0
SHFS,2025-04-17,2025-04-16,False,True,False,1.1614583333333333,2.182291666666667,2025-04-21,0.2095,2162975.0,0.096,1.92,1-3,34615.68,-0.1724137931034481,-0.6523615874039015,0.9252061719241828,2024-10-01,0.096,0.11151,0.1115,0.1614583333333332,0.0,0.9999103219442202,0.1615625,4823434.25,-0.090692124105012,,-0.0787589498806683,,-0.5035799522673031,,0.1655,0.1661631419939577,-0.3716012084592145,1854963.0,True,"SHF Holdings, Inc.",6199.0,Finance Services,finance/real estate,False,CO,CO,DE,True,False,False,False,False,False,False,False,2021-04-22,False,,False,False,,,False,,False,False,2784458.0,2025-03-31,no 8-K/6-K on run day,,2784458.0,5346159.359999999,False,True,1-for-20,0.0
SHFS,2025-09-24,2025-09-23,True,True,False,2.2300613496932518,2.131901840490797,2025-09-24,0.3635,32563635.0,0.163,3.26,3-10,45042999.45999999,-0.0383480825958701,0.2348484848484848,6.235703347713073,2024-10-01,0.4295,0.4595,0.3635,1.230061349693251,1.634969325153374,0.7910772578890097,1.8190184049079756,236737626.45,-0.0440165061898211,,0.0192572214580468,,-0.6024759284731773,,0.338,0.0961538461538462,-0.5724852071005917,1854963.0,True,"SHF Holdings, Inc.",6199.0,Finance Services,finance/real estate,False,CO,CO,DE,True,False,False,False,False,False,False,False,2021-04-22,True,1.01;9.01,False,True,0001493152-25-014636,form8-k.htm,True,S-1,False,True,2915956.0,2025-08-13,other,"EX-10.1 2 ex10-1.htm EX-10.1 E xhibit 10.1 EXECUTION VERSION COMMON STOCK PURCHASE AGREEMENT This COMMON STOCK PURCHASE AGREEMENT is made and entered into as of September 17, 2025 (this “ Agreement ”), by and among CREO ",2915956.0,9506016.559999999,False,False,,0.0
SIDU,2024-12-16,2024-12-13,True,True,False,3.202797202797203,3.916083916083916,2024-12-16,4.58,296899556.0,1.43,1.43,1-3,1405075.1,0.0214285714285713,0.1171875,1.2727006253404556,2024-10-01,2.24,6.84,4.58,2.202797202797203,0.5664335664335667,0.6695906432748538,3.7832167832167833,1359799966.48,0.222707423580786,,-0.0087336244541484,,-0.4737991266375545,,5.58,-0.1863799283154121,-0.568100358422939,1879726.0,True,Sidus Space Inc.,4812.0,Radiotelephone Communications,other,False,FL,FL,DE,True,False,True,False,True,True,False,False,2021-09-24,False,,False,False,,,True,S-3,False,False,17992952.0,2022-11-14,no 8-K/6-K on run day,,,,False,False,,
SIDU,2025-12-19,2025-12-18,False,True,False,1.3573601684998828,2.679616194710976,2025-12-22,2.29,23123018.0,0.8546,0.8546,<1,1296346.1584,-0.2757627118644067,0.1014305967263822,0.4818862443632697,2024-10-01,0.882,1.25,1.16,0.3573601684998828,0.0320617832904281,0.928,0.4626725953662531,26822700.88,-0.2794759825327512,,0.1659388646288209,,0.6288209606986899,,1.38,0.9347826086956524,1.7028985507246377,1879726.0,True,Sidus Space Inc.,4812.0,Radiotelephone Communications,other,False,FL,FL,DE,True,False,False,False,False,False,False,False,2021-09-24,False,,False,False,,,True,424B5,False,True,17992952.0,2022-11-14,no 8-K/6-K on run day,,,,False,False,,0.0
SKK,2026-05-04,2026-05-01,True,True,False,6.96531626764185,3.1769613164962,2026-05-04,1.219,22195265.755034,0.17501,1.7501,1-3,28881.37527,0.0542771084337347,-0.2646638655462184,0.108196872694076,2024-10-08,0.1765,1.795,1.219,5.96531626764185,0.0085137992114736,0.6791086350974931,9.256556768184677,270560289.5538644,-0.5438884331419197,,-0.5914684167350287,,-0.671862182116489,,0.664,-0.25,-0.3975903614457831,1991261.0,True,SKK Holdings Ltd,1623.0,"Water, Sewer, Pipeline, Comm & Power Line Construction",other,False,U0,Singapore,E9,False,False,False,False,False,False,True,False,2023-09-20,False,,False,False,,,True,F-3;F-3/A,False,False,18750000.0,2025-12-31,no 8-K/6-K on run day,,1875000.0,3281437.5,False,True,1-for-10,0.0
SKLZ,2026-04-23,2026-04-22,True,True,False,3.383152173913043,2.1494565217391304,2026-04-23,12.45,31407915.476776,3.68,3.68,3-10,312607.90744816005,-0.1441860465116278,0.4375,0.4907422852146916,2024-10-01,3.62,20.0,12.45,2.383152173913043,-0.0163043478260869,0.6224999999999999,4.434782608695652,391028547.6858612,-0.3646586345381526,,-0.3526104417670682,,-0.3325301204819276,,8.6,-0.0627906976744184,-0.033720930232558,1801661.0,True,Firy Inc.,7374.0,Services-Computer Processing & Data Preparation,tech/software/semis/telecom,False,NV,NV,DE,True,False,False,False,False,False,False,False,2020-02-03,False,,False,False,,,False,,False,False,,,no 8-K/6-K on run day,,,,False,False,,0.0
SKYQ,2026-01-06,2026-01-05,False,True,False,1.8883495145631068,2.2258899676375403,2026-01-07,0.6878,233776430.0,0.309,0.309,<1,1311194.841,0.0842105263157895,-0.1779728651237031,3.614288424687827,2024-10-10,0.3395,0.63,0.5835,0.8883495145631068,0.098705501618123,0.9261904761904762,1.0388349514563109,136408546.905,-0.3047397499273043,,-0.4507124164001163,,-0.6001744693224774,,0.61,-0.380655737704918,-0.5491803278688524,1812447.0,True,Sky Quarry Inc.,4955.0,Hazardous Waste Management,other,False,UT,UT,DE,True,False,True,True,False,False,False,False,2021-07-07,False,,False,False,,,True,424B5,False,True,24776381.0,2025-11-13,no 8-K/6-K on run day,,24776381.0,7655901.729,False,False,,0.0
SKYQ,2026-04-02,2026-04-01,True,False,False,2.015810276679842,1.9762845849802373,2026-04-02,0.6375,206129575.651481,0.31625,2.53,1-3,375184.05293962994,0.1499999999999999,-0.3342105263157895,0.4164882184503748,2024-10-10,0.69625,0.73625,0.6375,1.0158102766798418,1.2015810276679844,0.865874363327674,1.3280632411067192,1051260835.822553,-0.0196078431372548,,1.4686274509803925,,0.1568627450980393,,0.5875,1.6787234042553192,0.2553191489361701,1812447.0,True,Sky Quarry Inc.,4955.0,Hazardous Waste Management,other,False,UT,UT,DE,True,False,True,False,False,True,False,False,2021-07-07,False,,False,False,,,False,,False,False,3757449.0,2026-03-31,no 8-K/6-K on run day,,3757449.0,9506345.969999999,False,True,1-for-8,0.0
SLBT,2026-06-16,2026-06-15,True,False,False,2.66966966966967,1.915915915915916,2026-06-16,8.89,33166925.089695,3.33,3.33,3-10,13079938.76981838,,,,2026-06-15,11.21,14.5,8.89,1.6696696696696698,2.3663663663663668,0.6131034482758622,3.3543543543543546,294853964.0473885,-0.282339707536558,,-0.578177727784027,,-0.5129358830146231,,6.0,-0.375,-0.2783333333333333,2070534.0,True,SL Science Holding Ltd,2836.0,"Biological Products, (No Diagnostic Substances)",biotech/pharma/medtech,False,,,E9,False,False,False,False,False,False,True,True,2025-06-13,False,,False,False,,,False,,False,False,,,no 8-K/6-K on run day,,,,True,False,,1.0
SLE,2025-09-23,2025-09-22,True,True,False,2.594512195121951,2.277439024390244,2025-09-23,0.21275,67484493.0,0.082,3.28,3-10,33576681.04,0.0649350649350648,-0.0681818181818182,123.32140893071298,2024-10-01,0.193,0.28575,0.21275,1.594512195121951,1.3536585365853655,0.7445319335083115,2.484756097560976,574293035.43,-0.1222091656874265,,-0.4723854289071679,,-0.6650998824911868,,0.1975,-0.4316455696202531,-0.6392405063291139,1621672.0,True,"Super League Enterprise, Inc.",7373.0,Services-Computer Integrated Systems Design,tech/software/semis/telecom,False,CA,CA,DE,True,False,True,True,True,False,False,False,2014-10-08,False,,False,False,,,True,EFFECT;S-1/A;S-3/A,False,False,1078043.0,2025-08-10,no 8-K/6-K on run day,,1078043.0,3535981.0399999996,False,False,,0.0
SLE,2026-08-17,2026-08-14,False,True,False,1.3303964757709252,2.4229074889867843,2026-08-18,0.0114583333333333,21361646.281867,0.0047291666666666,2.27,1-3,983507.44305925,-0.2145328719723185,-0.2420701168614357,23.769104364018748,2024-10-01,0.0063854166666666,0.0072291666666666,0.0062916666666666,0.3303964757709252,0.3502202643171808,0.8703170028818444,0.5286343612334803,64512171.77123834,-0.2509090909090908,,-0.2799999999999999,,-0.2309090909090907,,0.0107291666666666,-0.2310679611650485,-0.1786407766990291,1621672.0,True,"Super League Enterprise, Inc.",7373.0,Services-Computer Integrated Systems Design,tech/software/semis/telecom,False,CA,CA,DE,True,False,True,True,False,False,False,False,2014-10-08,False,,False,False,,,True,424B5,False,False,1695120.0,2026-08-11,no 8-K/6-K on run day,,1695120.0,3847922.4,False,False,,0.0
SLGB,2026-01-26,2026-01-23,True,False,False,2.0327868852459017,1.647540983606557,2026-01-26,2.48,45854675.0,1.22,1.22,1-3,731752.34,-0.046875,0.1730769230769229,0.130864411213731,2025-10-15,1.3,3.2,2.48,1.0327868852459017,0.0655737704918033,0.7749999999999999,1.6229508196721314,113719594.0,-0.1895161290322581,,-0.1209677419354837,,-0.4596774193548386,,2.0,0.09,-0.3299999999999999,1987189.0,True,Smart Logistics Global Ltd,4731.0,Arrangement of  Transportation of  Freight & Cargo,other,False,,,,False,False,False,False,False,False,True,True,2023-10-02,False,,False,False,,,False,,False,False,,,no 8-K/6-K on run day,,,,True,False,,1.0
SLGL,2024-12-23,2024-12-20,True,True,False,3.846153846153846,2.283916083916084,2024-12-23,1.65,18376178.0,0.429,0.429,<1,20855.406,-0.1053180396246089,-0.0970322037465797,0.8839190337874387,2024-10-01,0.406,1.65,1.65,2.846153846153846,-0.0536130536130535,1.0,2.846153846153846,30320693.7,-0.4061818181818182,,-0.4363030303030303,,-0.4631515151515151,,1.0,-0.0698999999999999,-0.1141999999999999,1684693.0,True,Sol-Gel Technologies Ltd.,2834.0,Pharmaceutical Preparations,biotech/pharma/medtech,False,,,L3,False,False,True,False,False,True,True,False,2016-09-28,False,,False,False,,,False,,False,False,27857620.0,2024-01-31,no 8-K/6-K on run day,,27857620.0,11950918.98,False,False,,
SLNH,2025-09-19,2025-09-18,False,True,False,1.261387526278907,2.452697967764541,2025-09-22,2.1,12364472.0,0.8562,0.8562,<1,7263240.494399999,0.2250679639433395,0.9746309963099632,0.9267646343986916,2024-10-01,0.87,1.09,1.08,0.2613875262789069,0.0161177295024528,0.9908256880733944,0.273067040411119,13353629.760000002,0.1285714285714285,,0.1999999999999999,,0.8809523809523809,,2.955,-0.1472081218274111,0.3367174280879865,64463.0,True,"Soluna Holdings, Inc",6199.0,Finance Services,finance/real estate,False,NY,NY,NV,True,False,True,False,True,True,False,True,2007-10-25,False,,False,False,,,True,424B5;S-3,False,True,30145958.0,2025-08-08,no 8-K/6-K on run day,,30145958.0,25810969.2396,True,False,,0.0
SLRX,2025-01-13,2025-01-10,True,False,False,2.345047923322684,1.6869009584664538,2025-01-13,0.45875,120260365.0,0.195625,1.565,1-3,60155.47,-0.1005747126436782,-0.0339506172839507,0.3888089224354624,2024-10-01,0.55625,0.9,0.45875,1.3450479233226835,1.8434504792332271,0.5097222222222222,3.600638977635783,441355539.55,-0.2806539509536784,,-0.3242506811989101,,-0.5068119891008174,,0.37625,-0.176079734219269,-0.3986710963455149,1615219.0,True,Decoy Therapeutics Inc.,2834.0,Pharmaceutical Preparations,biotech/pharma/medtech,False,TX,TX,DE,True,False,True,False,True,False,False,False,2014-08-06,True,1.01;3.02;7.01;8.01;9.01,False,True,0001615219-25-000004,flks-20250110.htm,True,S-1,True,False,1441157.0,2024-11-11,merger / acquisition / buyout,12 a994definitiveagreemtpress.htm EX-99.4 Document Exhibit 99.4 Salarius Pharmaceuticals and Decoy Therapeutics Announce Definitive Merger Agreement Decoy’s proprietary IMP 3 ACT™ peptide conjugate drug design and manufa,1441157.0,2255410.705,False,False,,
SLXN,2025-01-28,2025-01-27,True,True,False,2.327586206896552,5.413793103448276,2025-01-28,0.15,239954877.0,0.0644444444444444,0.58,<1,469735.62,-0.3409090909090908,-0.7734375,0.5207137289013322,2024-10-01,0.1344444444444444,0.1733222222222222,0.15,1.3275862068965516,1.0862068965517238,0.8654400923136099,1.6894827586206898,323939083.95000005,1.325925925925926,,-0.0740740740740739,,-0.1481481481481481,,0.241111111111111,-0.4239631336405529,-0.4700460829493087,2022416.0,True,Silexion Therapeutics Corp,2836.0,"Biological Products, (No Diagnostic Substances)",biotech/pharma/medtech,False,L3,Israel,E9,False,False,True,False,True,True,False,True,2024-05-09,True,7.01;9.01,False,True,0001178913-25-000247,zk2532610.htm,False,,False,False,14427814000.0,2024-11-13,FDA / clinical,"tion approach for SIL-204, demonstrating inhibition of tumor growth in a clinically relevant orthotopic model; Further studies aim to evaluate its impact on metastases Grand Cayman, Cayman Islands, January 28, 2025 – Sil",1603090444.4444444,929792457.7777777,True,True,1-for-9,
SMTK,2024-11-25,2024-11-22,False,True,False,1.696875,2.28125,2024-11-26,7.3,3210469.0,3.2,3.2,3-10,58486.4,0.3061224489795917,0.2955465587044534,0.9187561578830956,2024-10-01,3.91,5.72,5.43,0.6968749999999999,0.221875,0.9493006993006992,0.7874999999999999,17432846.669999998,-0.0465753424657534,,-0.4506849315068493,,-0.5890410958904109,,6.8,-0.4102941176470588,-0.5588235294117647,1817760.0,True,"SmartKem, Inc.",3674.0,Semiconductors & Related Devices,tech/software/semis/telecom,False,DE,DE,DE,True,False,False,False,False,False,False,True,2020-07-13,True,1.01;8.01;9.01,False,True,0001104659-24-122369,tm2429032d1_8k.htm,False,,False,False,1780472.0,2024-11-08,contract / partnership / order,"3 tm2429032d1_ex99-1.htm EXHIBIT 99.1 Exhibit 99.1 PRESS RELEASE Smartkem and AUO Partner to Develop a New Generation of Rollable, Transparent MicroLED Displays Collaboration marks the first microLED display product in d",1780472.0,5697510.4,True,False,,
SMTK,2026-06-08,2026-06-05,True,False,False,2.055297284071446,0.9473941766576952,2026-06-08,0.84,273851973.845139,0.4087,0.4087,<1,94900496.20368862,0.3578073089700997,0.2422492401215805,98.08715855464052,2024-10-01,0.6193,1.155,0.84,1.055297284071446,0.5152923905064839,0.7272727272727272,1.8260337655982384,230035658.0299168,-0.539047619047619,,-0.6522619047619047,,-0.736904761904762,,0.5485,-0.4674567000911577,-0.5970829535095715,1817760.0,True,"SmartKem, Inc.",3674.0,Semiconductors & Related Devices,tech/software/semis/telecom,False,DE,DE,DE,True,False,True,True,True,True,False,False,2020-07-13,False,,False,False,,,False,,False,False,21446213.0,2026-05-18,no 8-K/6-K on run day,,21446213.0,8765067.2531,False,False,,0.0
SMX,2024-12-04,2024-12-03,True,False,False,2.053388090349076,1.526694045174538,2024-12-04,0.0053333333333333,826606197.0,0.0025973333333333,0.1948,<1,259472.0416,-0.0824305228450306,-0.4202380952380953,0.4721468714534494,2024-10-01,0.0026,0.0101333333333333,0.0053333333333333,1.0533880903490762,0.0010266940451746,0.5263157894736842,2.9014373716632447,330642478.8,-0.2565,,-0.0155000000000001,,0.1799999999999997,,0.0042093333333333,0.2473867595818815,0.4950902755780804,1940674.0,True,SMX (Security Matters) Public Ltd Co,3590.0,Misc Industrial & Commercial Machinery & Equipment,other manufacturing,False,L2,Ireland,L2,False,False,True,False,True,True,True,False,2022-09-06,False,,True,True,0001493152-24-048517,form6-k.htm,True,424B3,False,False,,,other,"6-K 1 form6-k.htm UNITED STATES SECURITIES AND EXCHANGE COMMISSION Washington, D.C. 20549 FORM 6-K REPORT OF FOREIGN PRIVATE ISSUER PURSUANT TO RULE 13a-16 OR 15d-16 UNDER THE SECURITIES EXCHANGE ACT OF 1934 For the mont",,,False,False,,
SMX,2024-12-30,2024-12-27,True,False,False,2.3190045248868776,1.667420814479638,2024-12-30,0.0109333333333333,370610736.0,0.0047146666666666,0.3536,<1,9289614.4224,0.5481611208406305,0.7098646034816247,0.3246940791782224,2024-10-01,0.0063986666666666,0.0123733333333333,0.0109333333333333,1.3190045248868776,0.3571832579185519,0.8836206896551723,1.6244343891402715,303900803.52,-0.2809756097560973,,-0.5415853658536585,,-0.8078733418913137,,0.00854,-0.4131147540983606,-0.7540298834517989,1940674.0,True,SMX (Security Matters) Public Ltd Co,3590.0,Misc Industrial & Commercial Machinery & Equipment,other manufacturing,False,L2,Ireland,L2,False,False,True,False,True,True,True,False,2022-09-06,False,,True,True,0001493152-24-052368,form6-k.htm,False,,True,False,,,listing compliance / reverse split / financing,"EX-10.1 2 ex10-1.htm Exhibit 10.1 LOAN AGREEMENT THIS PROMISSORY LOAN (the “ Loan ”) is made on 27 December 2024 , by and among Abri Advisors Ltd. , a Bermuda Corporation with registration number 51179, with its register",,,False,False,,
SMX,2025-11-26,2025-11-25,True,True,False,2.944162436548223,10.328257191201352,2025-11-26,3.2528308323114007e-06,22826665.0,1.1048408171816311e-06,5.91,3-10,1583903.64,0.1193181818181818,-0.8261764705882353,0.2553707590706885,2024-10-01,1.1104491462028576e-06,3.2528308323114007e-06,3.2528308323114007e-06,1.9441624365482228,0.0050761421319796,1.0,1.9441624365482228,397183971.0,2.5080459770114945,,7.103448275862069,,5.690229885057472,,6.262634073702984e-06,3.208955223880597,2.4749253731343286,1940674.0,True,SMX (Security Matters) Public Ltd Co,3590.0,Misc Industrial & Commercial Machinery & Equipment,other manufacturing,False,L2,Ireland,L2,False,False,True,False,True,True,True,False,2022-09-06,False,,True,True,0001493152-25-025020,form6-k.htm,False,,False,False,,,crypto treasury / digital assets,"2 ex99-1.htm EX-99.1 Exhibit 99.1 PRESS RELEASE SMX to Present at the 2025 DMCC Precious Metals Conference: Setting a New Global Standard for Transparency, Authenticity, and Tokenised Gold Dubai, UAE – 25 November 2025 –",,,False,True,1-for-8;1-for-10.8996,0.0
SNAL,2024-10-04,2024-10-03,False,True,False,1.40321914981428,2.2974274315586736,2024-10-07,1.67,4300960.0,0.7269,0.7269,<1,1431.993,,,,2024-10-01,0.889,1.15,1.02,0.4032191498142798,0.2230017884165636,0.8869565217391305,0.5820608061631585,4386979.2,-0.0718562874251496,,0.3413173652694612,,-0.1047904191616765,,1.71,0.3099415204678364,-0.1257309941520467,1886894.0,True,"Snail, Inc.",7372.0,Services-Prepackaged Software,tech/software/semis/telecom,False,CA,CA,DE,True,False,True,True,False,True,False,False,2021-11-04,False,,False,False,,,False,,False,False,,,no 8-K/6-K on run day,,,,False,False,,
SNAL,2026-04-14,2026-04-13,True,True,False,4.509283819628647,2.307957559681697,2026-04-14,1.7,865198889.035664,0.377,0.377,<1,2063100.420790643,-0.2819061297026102,-0.3822710142552842,215.0089041538708,2024-10-01,0.7703,2.16,1.7,3.5092838196286467,1.043236074270557,0.787037037037037,4.729442970822282,1470838111.3606286,-0.4881764705882353,,-0.5539411764705882,,-0.7044117647058824,,0.86,-0.1182558139534883,-0.4156976744186047,1886894.0,True,"Snail, Inc.",7372.0,Services-Prepackaged Software,tech/software/semis/telecom,False,CA,CA,DE,True,False,False,False,False,False,False,False,2021-11-04,False,,False,False,,,False,,False,False,,,no 8-K/6-K on run day,,,,False,False,,0.0
SNAL,2026-05-14,2026-05-13,True,True,False,2.1509659430392354,2.310296753634734,2026-05-14,1.08,277432036.164658,0.5021,0.5021,<1,17355580.46184872,-0.0797287390029325,-0.4229398919664406,6.356986772691204,2024-10-01,1.395,1.67,1.08,1.1509659430392354,1.7783310097590124,0.6467065868263474,2.3260306711810395,299626599.0578307,0.0740740740740739,,0.0555555555555553,,-0.338888888888889,,1.185,-0.0379746835443038,-0.3974683544303797,1886894.0,True,"Snail, Inc.",7372.0,Services-Prepackaged Software,tech/software/semis/telecom,False,CA,CA,DE,True,False,False,False,False,False,False,False,2021-11-04,True,2.02;9.01,False,True,0001493152-26-022711,form8-k.htm,True,424B5,False,False,,,earnings / business update,"2 ex99-1.htm EX-99.1 Exhibit 99.1 Snail, Inc. Reports First Quarter 2026 Financial Results CULVER CITY, Calif., May 13, 2026 (",,,False,False,,0.0
SNBR,2026-06-17,2026-06-16,True,False,False,2.2083805209513026,1.1732729331823328,2026-06-17,0.39,911600858.599898,0.1766,0.1766,<1,3470829.9161225897,-0.6979131029763941,-0.8860645161290323,0.8459400594427664,2024-10-01,0.1746,0.73849,0.39,1.2083805209513026,-0.0113250283125707,0.5281046459667701,3.1817100792751978,355524334.8539602,-0.4687179487179487,,-0.6794871794871795,stale_last_close,-0.6794871794871795,stale_last_close,0.215,,,827187.0,True,Sleep Number Corp,2510.0,Household Furniture,other manufacturing,False,MN,MN,MN,True,False,False,False,False,False,False,False,2015-05-26,True,1.01;2.03;9.01,False,True,0000950103-26-009081,dp248436_8k.htm,False,,False,True,23049000.0,2026-04-04,other,"false 0000827187 0000827187 2026-06-16 2026-06-16 iso4217:USD xbrli:shares iso4217:USD xbrli:shares UNITED STATES SECURITIES AND EXCHANGE COMMISSION Washington, D.C. 20549 FORM 8-K CURRENT REPORT Pursuant to Section 13 o",23049000.0,4070453.4000000004,False,False,,0.0
SNGX,2025-07-31,2025-07-30,True,True,False,2.3440000000000003,2.192,2025-07-31,0.183125,376409042.0,0.078125,1.25,1-3,135866.25,-0.1197183098591548,-0.1134751773049644,0.0406337159466502,2024-10-01,0.118125,0.33625,0.183125,1.3440000000000003,0.512,0.5446096654275093,3.3040000000000003,1102878493.06,-0.0648464163822525,,0.1228668941979522,,0.0443686006825938,,0.16625,0.2368421052631577,0.150375939849624,812796.0,True,"SOLIGENIX, INC.",2834.0,Pharmaceutical Preparations,biotech/pharma/medtech,False,NJ,NJ,DE,True,False,False,False,False,False,False,False,2008-05-15,False,,False,False,,,False,,False,True,3264346.0,2025-05-02,no 8-K/6-K on run day,,3264346.0,4080432.5,False,False,,0.0
SNGX,2026-05-26,2026-05-22,False,True,False,1.3150474237375032,2.219174570622917,2026-05-27,0.05410625,93813962.061479,0.02438125,0.3901,<1,369133.154700158,0.0839121978327313,-0.7193525179856115,0.4861380491475253,2024-10-01,0.02494375,0.0340125,0.0320625,0.3150474237375031,0.0230710074339912,0.9426681367144432,0.3950269161753397,48126562.53753873,0.123483885872704,,-0.4419544876978168,,-0.5437218435947788,,0.05125,-0.4108536585365854,-0.5182926829268293,812796.0,True,"SOLIGENIX, INC.",2834.0,Pharmaceutical Preparations,biotech/pharma/medtech,False,NJ,NJ,DE,True,False,True,False,False,True,False,True,2008-05-15,False,,False,False,,,True,424B5,False,False,14824174.0,2026-05-01,no 8-K/6-K on run day,,14824174.0,5782910.2774,True,False,,0.0
SNSE,2026-02-18,2026-02-17,True,True,False,2.8751369112814893,2.9813800657174148,2026-02-18,1.3125,12540600.0,0.4565000000000001,9.13,3-10,88570.13,0.0363223609534619,-0.125478927203065,0.150804544811537,2024-10-01,1.4,1.5970000000000002,1.3125,1.8751369112814893,2.066812705366922,0.8218534752661238,2.498357064622125,329190750.0,0.0369523809523808,,0.304,,0.1630476190476191,,1.2695,0.3481685703032688,0.2024419062623081,1829802.0,True,"Faeth Therapeutics, Inc.",2834.0,Pharmaceutical Preparations,biotech/pharma/medtech,False,TX,TX,DE,True,False,False,False,False,False,False,False,2020-11-12,True,1.01;2.01;3.02;5.02;5.03;7.01;9.01,False,True,0001193125-26-056135,d112826d8k.htm,False,,False,True,1261290.0,2025-11-10,FDA / clinical,"ey clinical milestones in endometrial and breast cancer PIKTOR is an investigational all-oral, multi-node inhibitor of the PI3K/AKT/mTOR pathway in development across solid tumor settings, including endometrial and breas",1261290.0,11515577.700000001,False,False,,0.0
SNTG,2025-09-08,2025-09-05,True,True,False,3.371287128712871,2.851485148514852,2025-09-08,6.81,79967634.0,2.02,2.02,1-3,944836.82,0.0120240480961923,0.1702004402734329,0.992705888609808,2024-10-01,1.94,12.7,6.81,2.371287128712871,-0.0396039603960396,0.5362204724409448,5.287128712871287,544579587.54,-0.1541850220264317,,-0.5814977973568282,,-0.5124816446402349,,4.74,-0.3987341772151899,-0.2995780590717301,1810467.0,True,Sentage Holdings Inc.,6199.0,Finance Services,finance/real estate,False,F4,China,E9,False,True,False,False,False,False,True,False,2020-05-08,False,,False,False,,,False,,False,False,2805325.0,2022-12-31,no 8-K/6-K on run day,,,,False,False,,0.0
SNTI,2024-12-02,2024-11-29,True,True,False,4.629629629629629,3.305555555555555,2024-12-02,1.0,130654257.0,0.216,2.16,1-3,4170.96,0.0188679245283018,-0.0046082949308754,0.1137565280400121,2024-10-01,0.7090000000000001,1.6940000000000002,1.0,3.629629629629629,2.2824074074074074,0.5903187721369539,6.842592592592593,1306542570.0,-0.286,,-0.348,,-0.649,,0.998,-0.3466933867735471,-0.6482965931863728,1854270.0,True,"Senti Biosciences Holdings, Inc.",2836.0,"Biological Products, (No Diagnostic Substances)",biotech/pharma/medtech,False,CA,CA,DE,True,False,False,False,False,False,False,False,2021-04-02,True,7.01;9.01,False,True,0001140361-24-048114,ef20039399_8k.htm,False,,False,False,4588645.0,2024-11-08,FDA / clinical,"2 ef20039399_ex99-1.htm EXHIBIT 99.1 Exhibit 99.1 Senti Bio Announces Positive Initial Clinical Data in Phase 1 Clinical Trial of SENTI-202, a Logic Gated, Selective CD33/FLT3-Targeting CAR-NK Cell Therapy for the Treatm",4588645.0,9911473.200000001,False,False,,
SNYR,2026-09-16,2026-09-15,True,False,False,3.334143377885784,1.0996354799513974,2026-09-16,0.0230588235294117,1083075453.272372,0.0069159663865546,0.0823,<1,247968.7568321781,-0.0108173076923077,-0.4686894770819885,0.0799358112328981,2024-10-23,0.0119327731092436,0.053781512605042,0.0230588235294117,2.334143377885784,0.7253948967193193,0.4287499999999999,6.776427703523694,297195904.37793887,-0.6701895043731778,,-0.6701895043731778,stale_last_close,,beyond_data,0.0115210084033613,,,,False,,,,,,,,,,,,,,,,,,,,,,,,,,,,,,no 8-K/6-K on run day,,,,,False,,0.0
SOAR,2024-11-19,2024-11-18,True,False,False,2.2270142180094785,1.624170616113744,2024-11-19,0.4699,667817072.0,0.211,0.211,<1,4079885.872,-0.145748987854251,-0.2919463087248322,22.419179994658386,2024-10-01,0.55,0.7624,0.4699,1.2270142180094783,1.606635071090048,0.6163431269674712,2.613270142180095,313807242.1328,-0.2706958927431367,,-0.3753990210683124,,-0.4822302617578208,,0.41,-0.2841463414634146,-0.4065853658536585,1853070.0,True,"Volato Group, Inc.",4522.0,"Air Transportation, Nonscheduled",other,False,GA,GA,DE,True,False,True,False,False,True,False,True,2021-05-28,False,,False,False,,,True,424B3,False,False,29534339.0,2024-08-09,no 8-K/6-K on run day,,29534339.0,6231745.529,True,False,,
SOAR,2026-09-28,2026-09-25,False,True,False,1.7760445682451254,2.1727019498607243,2026-09-29,0.0156,999814732.765858,0.00718,0.1795,<1,184634.26297841495,-0.1025,-0.1243902439024389,0.0382326402309618,2024-10-01,0.015152,0.018728,0.012752,0.7760445682451254,1.110306406685237,0.6809055958991883,1.6083565459610032,318740936.8057555,-0.1484615384615384,,,beyond_data,,beyond_data,0.0148,,,1853070.0,True,"Volato Group, Inc.",4522.0,"Air Transportation, Nonscheduled",other,False,GA,GA,DE,True,False,True,False,False,True,False,False,2021-05-28,True,1.01;7.01;9.01,False,True,0001493152-26-044456,form8-k.htm,False,,False,True,53633248.0,2026-08-03,AI pivot / AI product,tm EX-99.1 Exhibit 99.1 Volato Group’s Alignment Engine Subsidiary Signs $1.2 Billion in AI Infrastructure Orders with Large AI Customer Four-Year Take-or-Pay Orders Include Approximately $133 Million in Contractual Prep,53633248.0,9627168.015999999,False,False,,0.0
SOBR,2024-10-07,2024-10-04,True,False,False,2.6578947368421058,1.810526315789474,2024-10-07,0.0918181818181818,15933444.0,0.0345454545454545,3.8,3-10,4069518.8,,,,2024-10-01,0.0345454545454545,0.1129999999999999,0.0918181818181818,1.6578947368421058,0.0,0.8125502815768303,2.271052631578948,160927784.4,-0.3188118811881187,,-0.3277227722772277,,-0.5138613861386139,,0.0735454545454545,-0.1606922126081581,-0.3930778739184177,1425627.0,True,"SOBR Safe, Inc.",2721.0,Periodicals: Publishing or  Publishing & Printing,other manufacturing,False,CO,CO,DE,True,False,True,False,True,False,False,False,2008-01-31,False,,False,False,,,False,,False,False,20007465.0,2024-03-29,no 8-K/6-K on run day,,181886.04545454544,691166.9727272727,False,True,1-for-110,
SOBR,2026-07-13,2026-07-10,True,True,False,2.767527675276753,2.698339483394834,2026-07-13,0.001090909090909,269335848.052564,0.0003941818181818,0.4336,<1,4958759.573706972,-0.4013530305122188,-0.555099528011492,75.41915702677115,2024-10-01,0.000484,0.0014272727272727,0.001090909090909,1.767527675276753,0.227859778597786,0.7643312101910829,2.620848708487085,323203017.6630768,-0.025,,-0.4898333333333333,,-0.5086666666666666,,0.0011818181818181,-0.5290769230769231,-0.5464615384615386,1425627.0,True,"SOBR Safe, Inc.",2721.0,Periodicals: Publishing or  Publishing & Printing,other manufacturing,False,CO,CO,DE,True,False,False,False,False,False,False,False,2008-01-31,True,2.05;9.01,False,True,0001477932-26-004260,sobr_8k.htm,False,,False,False,2806579.0,2026-04-10,merger / acquisition / buyout,"XML 8 R1.htm IDEA: XBRL DOCUMENT v3.26.1 Cover Jul. 10, 2026 Cover [Abstract] Entity Registrant Name SOBR SAFE, INC. Entity Central Index Key 0001425627 Document Type 8-K Amendment Flag false Entity Emerging Growth Compa",2806579.0,1216932.6543999999,False,False,,0.0
SOHO,2025-10-27,2025-10-24,True,True,False,2.414916320341458,2.403684151409637,2025-10-27,2.15,10521854.0,0.8903,0.8903,<1,14446.0078,0.0028159495381843,0.0987288658521534,0.2116756897788794,2024-10-01,2.13,2.15,2.15,1.414916320341458,1.3924519824778163,1.0,1.414916320341458,22621986.1,-0.0046511627906975,,-0.0093023255813953,,0.0093023255813953,,2.14,-0.0046728971962617,0.0140186915887849,1301236.0,True,Sotherly Hotels Inc.,6798.0,Real Estate Investment Trusts,finance/real estate,False,VA,VA,MD,True,False,False,False,False,False,False,False,2004-09-09,True,1.01;2.03;7.01;9.01,False,True,0001193125-25-250648,soho-20251024.htm,False,,False,False,20490501.0,2025-08-12,merger / acquisition / buyout,"BIT 99.1 Sotherly Hotels Inc. to be Acquired by Joint Venture Backed by Kemmons Wilson Hospitality Partners and Ascendant Capital Partners Stockholders to Receive $2.25 Per Share of Common Stock in Cash, Representing the",20490501.0,18242693.0403,False,False,,0.0
SONN,2025-07-02,2025-07-01,True,True,False,3.429752066115703,3.239669421487603,2025-07-02,0.51875,129873699.0,0.15125,1.21,1-3,79555.08,0.056768558951965,0.0341880341880342,1.2918145585543812,2024-10-01,0.1625,0.55,0.51875,2.429752066115703,0.0743801652892561,0.9431818181818182,2.6363636363636367,538975850.85,-0.055421686746988,,0.272289156626506,,-0.2,,0.45625,0.4465753424657535,-0.0904109589041096,1106838.0,True,"Sonnet BioTherapeutics Holdings, Inc.",2834.0,Pharmaceutical Preparations,biotech/pharma/medtech,False,NJ,NJ,DE,True,False,False,False,False,False,False,True,2011-08-19,True,1.01;2.03;3.02;9.01,False,True,0001641172-25-017478,form8-k.htm,False,,False,False,3165810.0,2025-05-12,other,"EX-4.1 2 ex4-1.htm EX-4.1 Exhibit 4.1 THE SECURITIES REPRESENTED BY THIS CERTIFICATE HAVE NOT BEEN REGISTERED UNDER THE SECURITIES ACT OF 1933, AS AMENDED (THE “ACT”). THE SECURITIES MAY NOT BE SOLD, TRANSFERRED OR ASSIG",3165810.0,3830630.1,True,False,,0.0
SOPA,2025-01-31,2025-01-30,False,True,False,1.5447154471544715,2.4695121951219514,2025-02-03,2.43,13871871.0,0.984,0.984,<1,108243.936,-0.1292035398230088,0.0695640548216796,0.3223565162732839,2024-10-01,1.1,1.66,1.52,0.5447154471544715,0.1178861788617886,0.9156626506024096,0.6869918699186992,21085243.92,-0.1275720164609053,,0.0699588477366255,,-0.4814814814814815,,2.2,0.1818181818181816,-0.4272727272727273,1817511.0,True,SOCIETY PASS INCORPORATED.,7389.0,"Services-Business Services, NEC",other services,False,,,NV,False,False,False,False,False,False,False,False,2021-02-11,False,,False,False,,,False,,False,False,3645689.0,2024-11-14,no 8-K/6-K on run day,,3645689.0,3587357.976,False,False,,
SOPA,2025-10-06,2025-10-03,True,True,False,3.7588652482269502,3.24113475177305,2025-10-06,5.3,209298540.0,1.41,1.41,1-3,6711537.96,0.2260869565217391,0.1848739495798319,65.43380539586443,2024-10-01,3.1703,6.28,5.3,2.7588652482269502,1.248439716312057,0.8439490445859872,3.453900709219859,1109282262.0,-0.1377358490566037,,-0.4867924528301885,,-0.5924528301886792,,4.06,-0.3300492610837438,-0.4679802955665023,1817511.0,True,SOCIETY PASS INCORPORATED.,7389.0,"Services-Business Services, NEC",other services,False,,,NV,False,False,True,False,True,True,False,False,2021-02-11,False,,False,False,,,False,,False,False,5361919.0,2025-08-13,no 8-K/6-K on run day,,5361919.0,7560305.789999999,False,False,,0.0
SOPA,2025-12-26,2025-12-24,False,True,False,1.582608695652174,2.547826086956522,2025-12-29,2.93,42056602.0,1.15,1.15,1-3,717570.1,0.0952380952380951,-0.0725806451612903,0.6197759476188041,2024-10-01,1.22,2.26,1.82,0.5826086956521741,0.0608695652173914,0.8053097345132745,0.9652173913043478,76543015.64,0.1092150170648462,,0.0716723549488054,,-0.310580204778157,,3.255,-0.0353302611367126,-0.379416282642089,1817511.0,True,SOCIETY PASS INCORPORATED.,7389.0,"Services-Business Services, NEC",other services,False,,,NV,False,False,True,False,True,False,False,False,2021-02-11,False,,False,False,,,True,424B4;EFFECT,False,False,6105525.0,2025-11-14,no 8-K/6-K on run day,,6105525.0,7021353.749999999,False,False,,0.0
SOUX,2025-08-08,2025-08-07,False,True,False,1.511965811965812,2.0461538461538464,2025-08-11,47.88,1389684.0,23.4,23.4,>10,7442206.199999999,0.0739166750805435,-0.2748682987294701,2.0583841927111988,2025-06-24,33.17,38.3899,35.38,0.5119658119658121,0.4175213675213676,0.921596565763391,0.640594017094017,49167019.92,-0.0002088554720134,,-0.1443191311612365,,-0.1906850459482039,,47.3,-0.1338266384778011,-0.1807610993657504,,False,,,,,,,,,,,,,,,,,,,,,,,,,,,,,,no 8-K/6-K on run day,,,,,False,,1.0
SPGC,2025-01-28,2025-01-27,False,True,False,1.3103448275862073,2.034482758620689,2025-01-29,0.059,6247216.0,0.0289999999999999,0.29,<1,398891.52,0.0154061624649859,-0.1517987715706347,1.0038855563400926,2024-10-01,0.03,0.03989,0.038,0.3103448275862073,0.0344827586206897,0.952619704186513,0.3755172413793104,2373942.08,0.5277966101694915,,0.1455932203389831,,-0.3118644067796609,,0.077,-0.1222077922077924,-0.4727272727272728,1934245.0,True,"Newton Golf Company, Inc.",3949.0,"Sporting & Athletic Goods, NEC",other manufacturing,False,CA,CA,DE,True,False,True,False,True,True,False,True,2022-06-24,False,,False,False,,,False,,False,True,1825587.0,2024-11-13,no 8-K/6-K on run day,,1825587.0,529420.23,True,False,,
SPHL,2026-01-15,2026-01-14,True,True,False,7.737777777777778,3.302222222222222,2026-01-15,2.17625,113124978.0,0.28125,2.25,1-3,21516.75,0.0227272727272727,-0.2741935483870967,0.2182157558940844,2024-10-17,0.9775,3.13875,2.17625,6.737777777777778,2.475555555555556,0.6933492632417364,10.16,1969505866.98,-0.5732337736932798,,-0.6507754164273406,,-0.7673750717978174,,1.77,-0.5706214689265536,-0.7139830508474576,2002236.0,True,SPRINGVIEW HOLDINGS LTD,1520.0,General Bldg Contractors - Residential Bldgs,other,False,E9,Cayman Islands,E9,False,False,False,False,False,False,True,False,2023-12-20,False,,False,False,,,True,EFFECT;F-1,False,False,11500000.0,2024-12-31,no 8-K/6-K on run day,,1437500.0,3234375.0,False,True,1-for-8,0.0
SPHL,2026-06-05,2026-06-04,True,False,False,2.239430724152365,1.9464210966931772,2026-06-05,0.66875,40607248.707114,0.298625,2.389,1-3,20284.999,-0.0881679389312978,-0.1528368794326241,1.1212797919047706,2024-10-17,0.29875,1.33875,0.66875,1.2394307241523652,0.0004185851820845,0.49953314659197,3.483047300125576,217248780.5830599,-0.130841121495327,,-0.3158878504672896,,-0.3813084112149532,,0.62375,-0.2665330661322646,-0.3366733466933868,2002236.0,True,SPRINGVIEW HOLDINGS LTD,1520.0,General Bldg Contractors - Residential Bldgs,other,False,E9,Cayman Islands,E9,False,False,False,False,False,False,True,False,2023-12-20,False,,False,False,,,False,,False,False,11500000.0,2024-12-31,no 8-K/6-K on run day,,,,False,False,,0.0
SPPL,2024-11-04,2024-11-01,True,True,False,3.6875,5.28125,2024-11-04,1.18,401798730.0,0.32,0.32,<1,43395.2,-0.0588235294117647,-0.0588235294117647,0.2786649808267561,2024-10-01,0.325,1.37,1.18,2.6875,0.015625,0.8613138686131385,3.28125,474122501.4,0.4322033898305084,,-0.0932203389830507,,-0.1694915254237288,,1.6,-0.33125,-0.3875,1948697.0,True,SIMPPLE LTD.,8744.0,Services-Facilities Support Management Services,other services,False,,,,False,False,False,False,False,False,True,False,2022-09-30,False,,False,False,,,False,,False,False,16225961.0,2023-12-31,no 8-K/6-K on run day,,16225961.0,5192307.5200000005,False,False,,
SPRB,2025-10-06,2025-10-03,True,True,True,14.784580498866212,20.70294784580499,2025-10-06,1.7386666666666668,24947103.0,0.1176,8.82,3-10,216733.86,0.1380645161290321,,1.1046527309507752,2024-10-01,0.4636,2.2666666666666666,1.7386666666666668,13.784580498866212,2.9421768707483,0.7670588235294118,18.27437641723356,3253102231.2000003,0.4003067484662577,,0.2194018404907975,,-0.1967024539877301,,2.826,-0.2497758905402217,-0.5057796650153338,1683553.0,True,"SPRUCE BIOSCIENCES, INC.",2834.0,Pharmaceutical Preparations,biotech/pharma/medtech,False,CA,CA,DE,True,False,False,False,False,False,False,False,2020-02-28,False,,False,False,,,False,,False,True,563042.0,2025-08-12,no 8-K/6-K on run day,,563042.0,4966030.44,False,True,1-for-75,0.0
SPRC,2024-12-26,2024-12-24,True,False,False,2.260397830018083,1.9394213381555152,2024-12-26,0.5,239508966.0,0.2212,0.2212,<1,120212.4672,-0.0370047888550282,-0.0870821295914154,0.7743533358985716,2024-10-01,0.7939,0.8786,0.5,1.260397830018083,2.589059674502713,0.5690871841566127,2.971971066907776,119754483.0,-0.142,,0.0558,,0.0611999999999999,,0.4278,0.2339878447872838,0.2402992052360915,1611746.0,True,SciSparc Ltd.,2834.0,Pharmaceutical Preparations,biotech/pharma/medtech,False,L3,Israel,L3,False,False,False,False,False,False,True,False,2014-07-18,False,,False,False,,,False,,False,False,706683.0,2023-12-31,no 8-K/6-K on run day,,706683.0,156318.2796,False,False,,
SPRC,2025-09-17,2025-09-16,True,True,False,2.429347826086956,2.5271739130434785,2025-09-17,0.2128571428571428,123200412.0,0.0876190476190476,1.84,1-3,22783949.040000003,0.0222222222222223,-0.5947136563876652,11.852199232610417,2024-10-01,0.178095238095238,0.3028571428571429,0.2128571428571428,1.429347826086956,1.0326086956521738,0.7028301886792452,2.456521739130435,550705841.64,0.040268456375839,,-0.1431767337807605,,-0.0402684563758388,,0.2061904761904761,-0.115473441108545,-0.0092378752886835,1611746.0,True,SciSparc Ltd.,2834.0,Pharmaceutical Preparations,biotech/pharma/medtech,False,L3,Israel,L3,False,False,True,True,False,True,True,False,2014-07-18,False,,True,True,0001213900-25-088197,ea0257579-6k_scisparc.htm,False,,False,False,10828251.0,2024-12-31,merger / acquisition / buyout,"6-K 1 ea0257579-6k_scisparc.htm REPORT OF FOREIGN PRIVATE ISSUER UNITED STATES SECURITIES AND EXCHANGE COMMISSION Washington, D.C. 20549 Form 6-K Report of Foreign Private Issuer Pursuant to Rule 13a-16 or 15d-16 under t",515631.0,948761.04,False,True,1-for-21,0.0
SPRC,2026-05-28,2026-05-27,True,True,False,2.403189066059226,2.2346241457858773,2026-05-28,0.0558201058201058,35706623.705221,0.0232275132275132,4.39,3-10,11791.54,-0.0351648351648351,-0.473621103117506,0.1021109940805535,2024-10-01,0.0701058201058201,0.0828042328042328,0.0558201058201058,1.403189066059226,2.0182232346241458,0.6741214057507987,2.5649202733485192,376704880.0900816,-0.0701421800947866,,0.0938388625592414,,-0.4597156398104265,,0.0529100529100529,0.1539999999999999,-0.4299999999999999,1611746.0,True,SciSparc Ltd.,2834.0,Pharmaceutical Preparations,biotech/pharma/medtech,False,L3,Israel,L3,False,False,False,False,False,False,True,False,2014-07-18,False,,False,False,,,False,,False,False,365444.0,2025-12-31,no 8-K/6-K on run day,,40604.88888888889,178255.4622222222,False,True,1-for-9,0.0
SPRO,2025-05-28,2025-05-27,True,True,False,3.4457478005865103,3.1231671554252194,2025-05-28,2.35,183497549.0,0.682,0.682,<1,46782.472,-0.0105904540838531,-0.0394366197183096,0.7427374502805189,2024-10-01,2.06,2.48,2.35,2.4457478005865103,2.0205278592375366,0.9475806451612904,2.636363636363636,431219240.15,-0.0936170212765958,,0.1319148936170213,,0.2340425531914893,,2.23,0.1928251121076234,0.3004484304932735,1701108.0,True,"Spero Therapeutics, Inc.",2834.0,Pharmaceutical Preparations,biotech/pharma/medtech,False,MA,MA,DE,True,False,False,False,False,False,False,False,2017-03-21,True,7.01;8.01;9.01,False,True,0001193125-25-128680,d903768d8k.htm,False,,False,True,55910641.0,2025-05-01,FDA / clinical,"d annually in the US 1 with many cases requiring hospitalization, contributing to over $6 billion per year in healthcare costs 2 • Data from the PIVOT-PO trial to be part of a planned US Food and Drug Administration (FDA",55910641.0,38131057.162,False,False,,0.0
SQFT,2025-07-14,2025-07-11,True,False,False,2.661448140900196,1.7749510763209393,2025-07-14,1.36,51280254.0,0.511,5.11,3-10,45714.060000000005,0.0690376569037656,0.1613636363636361,0.7191896454698931,2024-10-01,1.09,2.3000000000000003,1.36,1.661448140900196,1.13307240704501,0.591304347826087,3.500978473581214,697411454.4,-0.3330882352941177,,-0.4117647058823529,,-0.6389705882352941,,0.95,-0.1578947368421053,-0.4831578947368421,1080657.0,True,"Presidio Property Trust, Inc.",6798.0,Real Estate Investment Trusts,finance/real estate,False,CA,CA,MD,True,False,False,False,False,False,False,False,2005-05-16,False,,False,False,,,True,424B5,False,True,12010805.0,2025-05-12,no 8-K/6-K on run day,,1201080.5,6137521.355,False,True,1-for-10,0.0
SQNS,2025-07-10,2025-07-09,False,True,False,1.884057971014493,2.173913043478261,2025-07-11,1.8,58688267.0,0.828,2.07,1-3,11726846.01,0.4275862068965517,0.1129032258064512,1.0301951486780023,2024-10-01,0.8560000000000001,1.648,1.56,0.8840579710144929,0.0338164251207731,0.9466019417475728,0.990338164251208,228884241.3,0.1977777777777778,,-0.4,,-0.7155555555555555,,2.124,-0.4915254237288136,-0.7589453860640302,1383395.0,True,SEQUANS COMMUNICATIONS,3674.0,Semiconductors & Related Devices,tech/software/semis/telecom,False,I0,France,I0,False,False,False,False,False,False,True,False,2011-03-22,False,,False,False,,,True,F-3,False,False,251408922.0,2024-12-31,no 8-K/6-K on run day,,251408922.0,520416468.53999996,False,False,,0.0
SRM,2025-02-13,2025-02-12,False,True,False,1.0616844602609727,2.0759193357058123,2025-02-14,0.7,127524.0,0.3372,0.3372,<1,70577.646,0.007168458781362,-0.3312177707259024,0.7989457069622657,2024-10-01,0.342,0.3589,0.358,0.0616844602609727,0.01423487544484,0.9974923376985232,0.0643534994068801,45653.592,0.3571428571428572,,-0.0369999999999999,,-0.427142857142857,,0.8857,-0.2389070791464378,-0.5472507621090663,1956744.0,True,Tron Inc.,6199.0,Finance Services,finance/real estate,False,FL,FL,NV,True,False,True,False,False,True,False,False,2022-12-14,True,7.01;9.01,False,True,0001493152-25-006260,form8-k.htm,False,,False,True,10165500.0,2024-03-29,listing compliance / reverse split / financing,"2 ex99-1.htm Exhibit 99.1 SRM Entertainment to Showcase Proprietary Product Line at Toy Fest Vegas 2025, Expanding Beyond Traditional Theme Park Offerings Winter Park, FL– February 13. 2025– SRM Entertainment, Inc . (Nas",10165500.0,3427806.6,False,False,,
SRM,2025-06-16,2025-06-13,True,True,False,6.337931034482758,5.331034482758621,2025-06-16,9.19,251394135.0,1.45,1.45,1-3,2978816.2,0.7923362175525339,2.3642691415313224,2.911742230457343,2024-10-01,5.52,10.8399,9.19,5.337931034482758,2.806896551724137,0.8477937988357825,6.475793103448276,2310312100.65,-0.1588683351468987,,-0.1403699673558214,,0.1207834602829163,,8.86,-0.1083521444695259,0.1625282167042891,1956744.0,True,Tron Inc.,6199.0,Finance Services,finance/real estate,False,FL,FL,NV,True,False,True,True,False,False,False,False,2022-12-14,True,7.01;9.01,False,True,0001641172-25-015183,form8-k.htm,False,,True,True,17243610.0,2025-04-30,crypto treasury / digital assets,"2 ex99-1.htm EX-99.1 Exhibit 99.1 SRM Launches TRON Treasury Strategy with $100,000,000 Equity Investment Justin Sun - Founder of TRON Blockchain Signs Advisory Agreement with SRM Winter Park, Florida, June 16, 2025 — SR",17243610.0,25003234.5,False,False,,0.0
SRRK,2024-10-07,2024-10-04,True,True,False,4.619946091644205,3.974393530997304,2024-10-07,34.28,42667734.0,7.42,7.42,3-10,4812730.72,,,,2024-10-01,26.34,34.38,34.28,3.6199460916442048,2.549865229110512,0.997091332169866,3.6334231805929926,1462649921.52,-0.1397316219369896,,-0.1680280046674446,,-0.1928238039673279,,33.09,-0.1381081897854338,-0.1637957086733152,1727196.0,True,Scholar Rock Holding Corp,2836.0,"Biological Products, (No Diagnostic Substances)",biotech/pharma/medtech,False,MA,MA,DE,True,False,False,False,False,False,False,False,2018-01-08,True,7.01;8.01;9.01,False,True,0001104659-24-106461,tm2425688d7_8k.htm,True,424B5,True,True,80032623.0,2024-08-02,FDA / clinical,21) ● Favorable safety profile in SAPPHIRE consistent with apitegromab’s long-term safety profile observed in the Phase 2 TOPAZ trial with >48 months of treatment experience in SMA patients ● Scholar Rock plans to submit,80032623.0,593842062.66,False,False,,
SRZN,2026-09-24,2026-09-23,True,False,False,2.084158415841584,1.827970297029703,2026-09-24,33.68,11526993.248225,16.16,16.16,>10,1867174.84982928,-0.0454813939751919,-0.3082191780821918,0.6139455016175324,2024-10-01,30.56,35.86,33.68,1.0841584158415842,0.891089108910891,0.9392080312325712,1.219059405940594,388229132.600218,-0.1229216152019002,,,beyond_data,,beyond_data,34.72,,,1824893.0,True,"Surrozen, Inc./DE",2836.0,"Biological Products, (No Diagnostic Substances)",biotech/pharma/medtech,False,CA,CA,DE,True,False,False,False,False,False,False,False,2020-09-18,False,,False,False,,,False,,False,True,11753558.0,2026-08-04,no 8-K/6-K on run day,,11753558.0,189937497.28,False,False,,0.0
SSII,2025-06-18,2025-06-17,False,True,False,1.4269005847953216,2.0233918128654973,2025-06-20,6.92,898687.0,3.42,3.42,3-10,447336.0,-0.1857142857142857,-0.6488706365503081,1.2689216542741464,2025-04-25,3.56,5.7,4.88,0.4269005847953215,0.0409356725146199,0.856140350877193,0.6666666666666667,4385592.56,-0.1835260115606936,,-0.1661849710982659,,0.2138728323699423,,6.25,-0.0768,0.3440000000000001,1676163.0,True,"SS Innovations International, Inc.",3841.0,Surgical & Medical Instruments & Apparatus,biotech/pharma/medtech,False,,,FL,False,False,False,False,False,False,False,True,2016-06-03,False,,False,False,,,False,,False,True,193603970.0,2025-05-13,no 8-K/6-K on run day,,193603970.0,662125577.4,True,False,,1.0
SST,2026-03-27,2026-03-26,True,True,False,2.423357664233577,2.291970802919708,2026-03-27,0.332,89537909.513904,0.137,1.37,1-3,59199.073838740005,-0.0927152317880795,-0.591044776119403,1.1629532499487976,2024-10-01,0.141,0.475,0.332,1.4233576642335768,0.0291970802919705,0.6989473684210527,2.4671532846715327,297265859.58616126,-0.0542168674698794,,0.1144578313253013,,0.2108433734939756,,0.318,0.1635220125786163,0.2641509433962261,1805833.0,True,"System1, Inc.",7370.0,"Services-Computer Programming, Data Processing, Etc.",tech/software/semis/telecom,False,CA,CA,,True,False,False,False,False,False,False,False,2020-03-23,False,,False,False,,,False,,False,True,91455846.0,2022-11-04,no 8-K/6-K on run day,,,,False,False,,0.0
STAI,2025-02-14,2025-02-13,False,True,False,1.2202380952380951,2.0892857142857144,2025-02-18,3.51,43293175.0,1.68,1.68,1-3,8058731.52,0.1999999999999999,-0.1844660194174757,1.0697365579174405,2025-01-03,2.31,2.38,2.05,0.2202380952380951,0.375,0.861344537815126,0.4166666666666667,88751008.74999999,-0.1054131054131053,,-0.2678062678062678,,-0.3675213675213674,,2.94,-0.1258503401360544,-0.2448979591836734,1994624.0,True,ScanTech AI Systems Inc.,3825.0,Instruments For Meas & Testing of  Electricity & Elec Signals,other manufacturing,False,NY,NY,DE,True,False,True,False,True,True,False,True,2023-11-13,False,,False,False,,,False,,False,False,,,no 8-K/6-K on run day,,,,True,False,,
STAK,2026-03-02,2026-02-27,True,True,False,2.494117647058824,2.494117647058824,2026-03-02,1.06,181606930.416748,0.425,0.425,<1,24863.765191,0.1231501057082451,0.0378510378510379,1.4212799323098444,2025-02-26,0.5039,1.15,1.06,1.4941176470588236,0.1856470588235295,0.9217391304347828,1.7058823529411762,192503346.2417529,0.0,,-0.2829245283018868,,-0.0566037735849057,,1.105,-0.3121266968325792,-0.0950226244343891,2002453.0,True,STAK Inc.,3533.0,Oil & Gas Field Machinery & Equipment,other manufacturing,False,F4,China,E9,False,True,True,False,True,True,True,True,2024-01-18,False,,False,False,,,False,,False,False,13210349.0,2025-06-30,no 8-K/6-K on run day,,13210349.0,5614398.325,True,False,,0.0
STAK,2026-05-12,2026-05-11,False,True,False,1.8288288288288288,2.1261261261261257,2026-05-13,2.36,14878596.967102,1.11,1.11,1-3,49277.4133488,0.1642542479546884,-0.0089285714285713,0.029376054315306,2025-02-26,1.09,2.1,2.03,0.8288288288288286,-0.018018018018018,0.9666666666666666,0.8918918918918919,30203551.843217056,-0.6271186440677966,,-0.4576271186440678,,2.440677966101694,,1.49,-0.1409395973154362,4.449664429530201,2002453.0,True,STAK Inc.,3533.0,Oil & Gas Field Machinery & Equipment,other manufacturing,False,F4,China,E9,False,True,False,False,False,False,True,True,2024-01-18,False,,False,False,,,False,,False,False,13210349.0,2025-06-30,no 8-K/6-K on run day,,13210349.0,14663487.39,True,False,,0.0
STAK,2026-06-02,2026-06-01,False,True,False,1.948717948717949,3.702564102564103,2026-06-03,3.61,33001178.1001,0.975,0.975,<1,137441.250138075,-0.0714285714285715,-0.1594827586206896,0.0416370029426493,2025-02-26,1.2,2.15,1.9,0.9487179487179488,0.2307692307692308,0.8837209302325582,1.2051282051282053,62702238.39019,0.1745152354570638,,1.0997229916897506,,0.2160664819944597,,3.34,1.2694610778443116,0.3143712574850299,2002453.0,True,STAK Inc.,3533.0,Oil & Gas Field Machinery & Equipment,other manufacturing,False,F4,China,E9,False,True,False,False,False,False,True,True,2024-01-18,False,,False,False,,,False,,False,False,13210349.0,2025-06-30,no 8-K/6-K on run day,,13210349.0,12880090.275,True,False,,0.0
STAK,2026-07-24,2026-07-23,True,False,False,7.0227272727272725,1.909090909090909,2026-07-24,9.27,67077329.491573,1.32,1.32,1-3,1533444.04567068,-0.6312849162011174,-0.6413043478260869,0.234901495977412,2025-02-26,1.23,12.0,9.27,6.0227272727272725,-0.0681818181818182,0.7725,8.09090909090909,621806844.3868817,-0.7281553398058253,,-0.7918015102481122,,-0.8683926645091693,,3.34,-0.4221556886227544,-0.6347305389221557,2002453.0,True,STAK Inc.,3533.0,Oil & Gas Field Machinery & Equipment,other manufacturing,False,F4,China,E9,False,True,False,False,False,False,True,True,2024-01-18,False,,False,False,,,False,,False,False,13210349.0,2025-06-30,no 8-K/6-K on run day,,13210349.0,17437660.68,True,False,,0.0
STEM,2025-01-02,2024-12-31,False,True,False,1.2860696517412935,2.023217247097844,2025-01-03,1.22,37804634.0,0.603,0.603,<1,15695869.302,0.894439208294062,0.5810173046670162,2.340363561844981,2024-10-01,0.619,0.826,0.7755,0.2860696517412935,0.0265339966832505,0.9388619854721548,0.3698175787728026,29317493.667,-0.0327868852459016,,-0.447622950819672,,-0.5117213114754098,,1.13,-0.4036283185840706,-0.4728318584070796,1758766.0,True,"STEM, INC.",7373.0,Services-Computer Integrated Systems Design,tech/software/semis/telecom,False,TX,TX,,True,False,False,False,False,False,False,False,2018-11-21,False,,False,False,,,False,,False,True,162754034.0,2024-10-23,no 8-K/6-K on run day,,162754034.0,98140682.502,False,False,,
STI,2025-09-03,2025-09-02,True,True,False,2.1371951219512195,2.091463414634146,2025-09-03,0.1402,87037142.0,0.0655999999999999,3.28,3-10,14060582.64,-0.0090634441087615,-0.1094942035674532,155.41914186632926,2024-10-01,0.1498,0.156,0.1402,1.1371951219512195,1.2835365853658542,0.8987179487179486,1.3780487804878052,610130365.42,-0.0213980028530669,,-0.2867332382310983,,-0.3281027104136946,,0.13,-0.2307692307692307,-0.2753846153846153,1881551.0,True,Solidion Technology Inc.,3690.0,"Miscellaneous Electrical Machinery, Equipment & Supplies",other manufacturing,False,TX,TX,DE,True,False,False,False,False,False,False,False,2021-09-27,False,,False,False,,,False,,False,True,2774305.0,2025-08-13,no 8-K/6-K on run day,,2774305.0,9099720.4,False,False,,0.0
STI,2025-10-13,2025-10-10,True,True,False,3.938979963570127,5.100182149362477,2025-10-13,0.4325,100973792.0,0.1098,5.49,3-10,894902.9400000001,0.1342975206611572,0.0397727272727272,0.7965776764146919,2024-10-01,0.2318,0.55396,0.4325,2.938979963570127,1.1111111111111112,0.7807422918622283,4.045173041894353,2183558252.0,0.2947976878612719,,-0.1768786127167628,,-0.459421965317919,,0.364,-0.0219780219780219,-0.3576923076923076,1881551.0,True,Solidion Technology Inc.,3690.0,"Miscellaneous Electrical Machinery, Equipment & Supplies",other manufacturing,False,TX,TX,DE,True,False,False,False,False,False,False,False,2021-09-27,False,,False,False,,,False,,False,True,2774305.0,2025-08-13,no 8-K/6-K on run day,,2774305.0,15230934.450000001,False,False,,0.0
STI,2026-06-04,2026-06-03,True,True,False,4.505952380952381,7.087301587301588,2026-06-04,0.4542,105652839.729969,0.1008,5.04,3-10,290112.2907984,0.0792291220556746,0.0632911392405062,1.075284981495353,2024-10-01,0.4954,0.763,0.4542,3.5059523809523814,3.91468253968254,0.5952817824377458,6.569444444444445,2399375990.267596,0.5728753852928226,,0.1373844121532361,,-0.6574196389255835,,0.8547,-0.3955773955773957,-0.8179478179478179,1881551.0,True,Solidion Technology Inc.,3690.0,"Miscellaneous Electrical Machinery, Equipment & Supplies",other manufacturing,False,TX,TX,DE,True,False,True,False,True,False,False,False,2021-09-27,False,,False,False,,,True,S-1,False,False,7745683.0,2026-05-19,no 8-K/6-K on run day,,7745683.0,39038242.32,False,False,,0.0
STKH,2026-08-10,2026-08-07,True,True,False,2.2872340425531914,2.122340425531916,2026-08-10,0.0358333333333333,75992752.992272,0.0156666666666666,1.88,1-3,420706.65299724,-0.2166666666666667,0.0318897853888797,0.0588736701187127,2024-10-01,0.0321666666666666,0.0591666666666666,0.0358333333333333,1.2872340425531914,1.0531914893617018,0.6056338028169014,2.776595744680851,326768837.8667696,-0.0720930232558137,,-0.0790697674418603,,-0.4604651162790697,,0.0264166666666666,0.2492113564668772,-0.2681388012618296,1828098.0,True,Steakholder Foods Ltd.,2000.0,Food and Kindred Products,other manufacturing,False,,,L3,False,False,True,True,True,True,True,False,2020-10-27,False,,False,False,,,True,F-3,False,False,5438836659.0,2025-12-31,no 8-K/6-K on run day,,1812945553.0,3408337639.64,False,True,1-for-3,0.0
STRM,2025-05-29,2025-05-28,True,True,False,2.262008733624454,2.262008733624454,2025-05-29,0.3453333333333333,3005626.0,0.1526666666666666,2.29,1-3,9219.54,0.0126470328115326,-0.218963165075034,0.4829133131019923,2024-10-01,0.336,0.3466666666666667,0.3453333333333333,1.262008733624454,1.200873362445415,0.996153846153846,1.2707423580786026,15569142.68,0.0,,0.0038610038610038,,0.0,,0.3419999999999999,0.0136452241715401,0.0097465886939571,1008586.0,True,STREAMLINE HEALTH SOLUTIONS INC.,7373.0,Services-Computer Integrated Systems Design,tech/software/semis/telecom,False,GA,GA,DE,True,False,False,False,False,False,False,False,2008-08-01,True,1.01;7.01;9.01,False,True,0001437749-25-018850,strm20250529_8k.htm,False,,False,True,4331315.0,2025-04-28,merger / acquisition / buyout,"EX-10.1 3 ex_824851.htm EXHIBIT 10.1 ex_824851.htm Exhibit 10.1 VOTING AND SUPPORT AGREEMENT This Voting and Support Agreement (this “ Agreement ”) is made and entered into as of May 29, 2025, by and among Mist Holding C",4331315.0,9918711.35,False,False,,0.0
STSS,2025-04-11,2025-04-10,False,True,False,1.3661202185792352,2.3224043715847,2025-04-14,0.0019318181818181,653021630.0,0.0008318181818181,0.0183,<1,29740037.4963,-0.3417266187050359,-0.9504736129905276,24.484108535086907,2024-10-01,0.0013181818181818,0.0013636363636363,0.0011363636363636,0.3661202185792351,0.5846994535519128,0.8333333333333335,0.6393442622950818,16325540.75,-0.2376470588235295,,-0.2752941176470589,,-0.6431372549019607,,0.001490909090909,-0.0609756097560977,-0.5376016260162602,1737995.0,True,"SkyAI, Inc.",6199.0,Finance Services,finance/real estate,False,NY,NY,NV,True,False,True,False,True,True,False,True,2018-05-02,False,,False,False,,,False,,False,True,16333897.0,2025-03-25,no 8-K/6-K on run day,,16333897.0,298910.3151,True,False,,0.0
SUGP,2025-07-09,2025-07-08,True,True,False,2.71412680756396,3.4482758620689657,2025-07-09,1.22,213562713.0,0.4495,0.4495,<1,6457.0675,-0.0611946532999164,-0.438125,0.0956485725624096,2024-10-01,0.9247,1.84,1.22,1.71412680756396,1.0571746384872078,0.6630434782608695,3.0934371523915463,260546509.86,0.2704918032786885,,-0.1393442622950819,,-0.4261475409836066,,1.43,-0.2657342657342656,-0.5104195804195804,1969863.0,True,SU Group Holdings Ltd,7381.0,"Services-Detective, Guard & Armored Car Services",other services,False,,,E9,False,False,False,False,False,False,True,False,2023-05-16,False,,True,True,0001213900-25-062101,ea0246456-6k_sugroup.htm,False,,False,False,13847500.0,2025-01-28,other,"2 ea024645601ex99-1_sugroup.htm PROXY STATEMENT AND NOTICE OF EXTRAORDINARY GENERAL MEETING OF SHAREHOLDERS, DATED JULY 8, 2025, TO BE MAILED TO THE SHAREHOLDERS OF THE COMPANY Exhibit 99.1 SU Group Holdings Limited 7 th",13847500.0,6224451.25,False,False,,0.0
SUNE,2025-03-07,2025-03-06,True,False,False,2.250141163184641,1.6036137775268209,2025-03-07,0.3985,482092131.0,0.1771,0.1771,<1,2423412.4915,-0.580828402366864,-0.900505617977528,3.0766821693570834,2024-11-19,0.5033,0.5238,0.3985,1.2501411631846415,1.8418972332015808,0.7607865597556319,1.9576510446075663,192113714.2035,-0.2873274780426601,,0.3174404015056462,,-0.4579673776662485,,0.3253,0.6138948662772827,-0.3359975407316323,22701.0,True,"SUNation Energy, Inc.",1700.0,Construction - Special Trade Contractors,other,False,NY,NY,DE,True,False,True,False,False,True,False,False,2010-11-17,True,5.02,False,True,0001013762-25-000229,ea0233517-8k_sunation.htm,False,,False,True,1814743.0,2024-11-01,listing compliance / reverse split / financing,"false 0000022701 0000022701 2025-03-03 2025-03-03 iso4217:USD xbrli:shares iso4217:USD xbrli:shares United States SECURITIES AND EXCHANGE COMMISSION Washington, D.C. 20549 FORM 8-K CURRENT REPORT PURSUANT TO SECTION 13 O",1814743.0,321390.9853,False,False,,1.0
SUNE,2026-02-10,2026-02-09,False,True,False,1.419047619047619,2.019047619047619,2026-02-11,0.0106,14670960.0,0.00525,1.05,1-3,440250.3000000001,0.1455378572987127,0.0,0.1385015710692037,2024-11-19,0.00525,0.0079,0.00745,0.4190476190476189,0.0,0.9430379746835442,0.5047619047619047,21859730.4,-0.1273584905660376,,-0.2830188679245283,,-0.4198113207547169,,0.009,-0.1555555555555556,-0.3166666666666667,22701.0,True,"SUNation Energy, Inc.",1700.0,Construction - Special Trade Contractors,other,False,NY,NY,DE,True,False,False,False,False,False,False,False,2010-11-17,False,,False,False,,,False,,False,False,3406614.0,2025-11-05,no 8-K/6-K on run day,,3406614.0,3576944.7,False,False,,0.0
SUNE,2026-06-08,2026-06-05,True,True,False,5.20353982300885,3.150442477876106,2026-06-08,0.0294,320232874.23512,0.00565,1.13,1-3,91586.426663,-0.1691176470588236,-0.319277108433735,0.4302412717932478,2024-11-19,0.01495,0.04725,0.0294,4.20353982300885,1.6460176991150446,0.6222222222222222,7.36283185840708,1882969300.5025053,-0.3945578231292517,,-0.5680272108843537,,-0.641156462585034,,0.02745,-0.5373406193078324,-0.615664845173042,22701.0,True,"SUNation Energy, Inc.",1700.0,Construction - Special Trade Contractors,other,False,NY,NY,DE,True,False,True,False,False,True,False,False,2010-11-17,True,1.01;7.01;9.01,False,True,0001213900-26-066011;0001213900-26-066000,ea0293876-8k425_sunation.htm;ea0293868-8k_sunation.htm,False,,False,True,4123106.0,2026-05-05,listing compliance / reverse split / financing,"market relationships, and Nasdaq-listed platform Suniva to merge with SUNation, combined company expected to operate under the Suniva name and continue SUNation’s Nasdaq listing Transaction expected to enhance domestic s",4123106.0,4659109.779999999,False,False,,0.0
SUPX,2025-07-29,2025-07-28,False,True,False,1.4190140845070425,2.043133802816901,2025-07-30,23.21,764192.0,11.36,11.36,>10,1205296.0,0.0928330928330929,0.139075503860423,2.3155321795683204,2025-06-02,11.47,16.75,16.12,0.4190140845070425,0.0096830985915494,0.9623880597014924,0.4744718309859155,12318775.04,-0.0508401551055579,,0.0956484274019817,,0.8311072813442482,,20.45,0.2435207823960881,1.078239608801956,1897087.0,True,SuperX AI Technology Ltd,8742.0,Services-Management Consulting Services,other services,False,,,D8,False,False,False,False,False,False,True,False,2021-12-15,False,,False,False,,,False,,False,False,12977354.0,2024-06-30,no 8-K/6-K on run day,,12977354.0,147422741.44,False,False,,1.0
SVRN,2026-09-18,2026-09-17,False,True,False,1.4319943622269204,2.07892882311487,2026-09-21,0.059,311642.391679,0.02838,14.19,>10,1320674.47341885,0.3657362848893166,0.9846153846153844,0.837964140333777,2025-11-17,0.0332,0.0412999999999999,0.04064,0.4319943622269204,0.1698379140239605,0.9840193704600486,0.4552501761804086,6332573.39891728,0.1501694915254237,,0.7645762711864408,,,beyond_data,0.0662,0.5726586102719033,,1869467.0,True,OceanPal Inc.,4412.0,Deep Sea Foreign Transportation of  Freight,shipping/water transport,False,J3,Greece,1T,False,False,False,False,False,False,True,False,2021-06-24,False,,False,False,,,False,,False,True,7504982.0,2024-12-31,no 8-K/6-K on run day,,,,False,False,,1.0
SVT,2025-05-19,2025-05-16,True,True,False,3.668610301263363,3.6744412050534505,2025-05-19,37.75,353380.0,10.29,10.29,>10,5937.33,-0.0176610978520287,0.0039024390243902,0.0870390218728911,2024-10-02,38.08,38.33,37.75,2.668610301263363,2.700680272108844,0.9848682494129924,2.7249757045675413,13340095.0,0.00158940397351,,0.0023841059602649,,0.2445033112582779,,37.85,-0.0002642007926023,0.2412153236459708,89140.0,True,SERVOTRONICS INC /DE/,3420.0,"Cutlery, Handtools & General Hardware",other manufacturing,False,NY,NY,DE,True,False,False,False,False,False,False,False,1995-05-12,True,1.01;7.01;8.01;9.01,False,True,0001437749-25-017514,svt20250518_8k.htm,False,,False,True,2556502.0,2025-04-17,merger / acquisition / buyout,"EX-2.1 2 ex_820116.htm EXHIBIT 2.1 ex_820116.htm Exhibit 2.1 AGREEMENT AND PLAN OF MERGER By and Among TRANSDIGM INC., TDG RISE MERGER SUB, INC. and SERVOTRONICS, INC. dated as of May 18, 2025 ARTICLE I THE OFFER AND THE",2556502.0,26306405.58,False,False,,0.0
SXTC,2025-04-17,2025-04-16,True,False,False,2.184245120841339,1.0314490848417437,2025-04-17,0.27,51734980.0,0.1236125,0.9889,<1,591055.641,-0.6542307692307692,-0.629805712574402,15.80998079598779,2024-10-01,0.13125,0.30625,0.27,1.184245120841339,0.0617858226312064,0.8816326530612245,1.4775002528061485,111747556.8,-0.5277777777777778,,0.0601851851851851,,-0.4444444444444445,,0.24,0.1927083333333334,-0.375,1723980.0,True,"China SXT Pharmaceuticals, Inc.",2834.0,Pharmaceutical Preparations,biotech/pharma/medtech,False,,,D8,False,False,False,False,False,False,True,False,2017-12-04,False,,False,False,,,False,,False,False,0.0,2024-03-31,no 8-K/6-K on run day,,0.0,0.0,False,True,1-for-8,0.0
SYTA,2025-05-15,2025-05-14,False,True,False,1.1681415929203542,2.04424778761062,2025-05-16,0.0128333333333333,2597356.0,0.0062777777777777,1.13,1-3,718370.3799999999,0.1299999999999999,-0.175182481751825,0.0827777137471407,2024-10-01,0.0065,0.0080555555555555,0.0073333333333333,0.1681415929203542,0.0353982300884956,0.910344827586207,0.2831858407079648,3428509.9200000004,0.7619047619047621,,1.3376623376623376,,-0.1515151515151515,,0.0144444444444444,1.076923076923077,-0.2461538461538461,1649009.0,True,"Core AI Holdings, Inc.",4812.0,Radiotelephone Communications,other,False,,,A1,False,False,True,False,False,False,True,True,2015-08-04,False,,False,False,,,True,424B3;EFFECT;F-1,False,False,787733.0,2024-12-31,no 8-K/6-K on run day,,787733.0,890138.2899999999,True,False,,0.0
TARA,2024-12-04,2024-12-03,False,True,False,1.2553191489361704,2.1347517730496453,2024-12-05,6.02,1164252.0,2.82,2.82,1-3,1020792.06,0.0846153846153845,0.0888030888030888,2.0323638259305308,2024-10-01,2.96,3.63,3.54,0.2553191489361703,0.0496453900709219,0.975206611570248,0.2872340425531916,4121452.08,-0.0182724252491693,,0.0382059800664451,,-0.0282392026578073,,5.66,0.1042402826855124,0.0335689045936395,1359931.0,True,"Protara Therapeutics, Inc.",2836.0,"Biological Products, (No Diagnostic Substances)",biotech/pharma/medtech,False,NY,NY,,True,False,False,False,False,False,False,False,2006-04-14,False,,False,False,,,True,424B5,False,True,20629772.0,2024-11-07,no 8-K/6-K on run day,,20629772.0,58175957.04,False,False,,
TC,2026-07-01,2026-06-30,True,False,False,2.5945945945945943,1.5837837837837838,2026-07-01,0.24,65432571.034281,0.0925,1.85,1-3,13745035.9506176,-0.7926008968609866,-0.7900089671846445,678.6927544376233,2024-10-01,0.257,0.3165,0.24,1.5945945945945943,1.778378378378378,0.7582938388625592,2.4216216216216213,314076340.9645488,-0.3895833333333333,,-0.5,,-0.5604166666666667,,0.175,-0.3142857142857144,-0.3971428571428572,1743340.0,True,Token Cat Ltd,7389.0,"Services-Business Services, NEC",other services,False,F4,China,E9,False,True,False,False,False,False,True,False,2018-07-31,False,,False,False,,,False,,False,False,,,no 8-K/6-K on run day,,,,False,False,,0.0
TCGL,2026-01-29,2026-01-28,True,True,False,9.892325315005726,19.79839633447881,2026-01-29,86.36,4935929.0,8.73,8.73,3-10,22006898.28,0.0581818181818183,0.6409774436090225,1.714710304450262,2025-10-15,8.92,136.32,86.36,8.892325315005726,0.0217640320733103,0.6335093896713615,14.615120274914087,426266828.44,1.0013895321908293,,1.0013895321908293,stale_last_close,1.0013895321908293,stale_last_close,200.0,,,2047190.0,True,TechCreate Group Ltd.,7374.0,Services-Computer Processing & Data Preparation,tech/software/semis/telecom,False,E9,Cayman Islands,E9,False,False,False,False,False,False,True,True,2024-12-18,False,,False,False,,,False,,False,False,,,no 8-K/6-K on run day,,,,True,False,,1.0
TDIC,2026-05-12,2026-05-11,True,True,False,2.2692307692307687,22.163461538461537,2026-05-12,0.472,121464266.639072,0.208,1.04,1-3,924912.43728728,-0.063063063063063,0.807124239791486,0.3472395602490662,2025-07-23,0.361,0.5740000000000001,0.472,1.2692307692307687,0.7355769230769229,0.8222996515679442,1.7596153846153846,286655669.26820993,8.766949152542374,,-0.7559745762711865,,-0.847457627118644,,0.597,-0.807068676716918,-0.8793969849246231,2041338.0,True,Dreamland Ltd,8741.0,Services-Management Services,other services,False,K3,Hong Kong,E9,False,True,True,False,True,True,True,True,2024-10-17,False,,True,True,0001493152-26-022370,form6-k.htm,False,,False,False,28660000.0,2025-03-31,AI pivot / AI product,"2 ex99-1.htm EX-99.1 Exhibit 99.1 Dreamland Limited’s Subsidiary Trendic International Limited and LinkFung Innovation Limited Enter Into MOU to Explore Development, Implementation, and Deployment of a Comprehensive AI-P",5732000.0,5961280.0,True,True,1-for-5,1.0
TDIC,2026-06-08,2026-06-05,True,False,False,2.236607142857143,1.7482142857142855,2026-06-08,0.1002,571941240.44423,0.0448,0.224,<1,2707089.404554976,-0.4300254452926207,-0.8101694915254237,0.376779108570712,2025-07-23,0.06248,0.216,0.1002,1.2366071428571428,0.3946428571428571,0.4638888888888889,3.821428571428571,286542561.4625592,-0.2183632734530939,,-0.5664670658682636,,-0.6822355289421158,,0.08599,-0.4948249796487964,-0.6297243865565764,2041338.0,True,Dreamland Ltd,8741.0,Services-Management Services,other services,False,K3,Hong Kong,E9,False,True,True,False,True,True,True,True,2024-10-17,False,,False,False,,,False,,False,False,28660000.0,2025-03-31,no 8-K/6-K on run day,,5732000.0,1283968.0,True,True,1-for-5,1.0
TECX,2025-01-30,2025-01-29,True,True,False,2.132192846034215,2.1049766718507,2025-01-30,54.84,5545582.0,25.72,25.72,>10,7555121.399999999,-0.3876190476190476,-0.4531150329576866,1.5005122261263164,2024-10-01,49.5,58.62,54.84,1.132192846034215,0.9245723172628306,0.9355168884339816,1.2791601866251945,304119716.88,-0.012764405543399,,-0.2231947483588622,,-0.5390226112326768,,54.99,-0.2253136933987998,-0.5402800509183487,1681087.0,True,"Tectonic Therapeutic, Inc.",2836.0,"Biological Products, (No Diagnostic Substances)",biotech/pharma/medtech,False,MA,MA,NY,True,False,False,False,False,False,False,False,2016-08-03,True,7.01;8.01;9.01,False,True,0001193125-25-016224,d817477d8k.htm,False,,False,True,14752689.0,2024-11-01,FDA / clinical,"d >30% reduction in Pulmonary Vascular Resistance (“PVR”) in Combined pre- and post-capillary PH (“CpcPH”), a subpopulation with more severe disease • TX45 was well tolerated in patients with PH-HFpEF with no serious or ",14752689.0,379439161.08,False,False,,
TERN,2025-11-03,2025-10-31,False,True,False,1.698547215496368,2.110169491525424,2025-11-04,17.43,33971488.0,8.26,8.26,3-10,8508163.44,0.063063063063063,0.0036452004860265,0.5841967520104797,2024-10-01,14.05,16.27,14.03,0.6985472154963681,0.7009685230024214,0.8623232944068838,0.9697336561743342,476619976.64,0.0436029833620195,,0.1807228915662651,,0.5771658060814686,,17.155,0.1996502477411832,0.6024482658117165,1831363.0,True,"Terns Pharmaceuticals, Inc.",2834.0,Pharmaceutical Preparations,biotech/pharma/medtech,False,CA,CA,DE,True,False,False,False,False,False,False,False,2020-11-10,True,7.01;8.01;9.01,False,True,0001193125-25-261798,d78407d8k.htm,False,,False,True,87511048.0,2025-08-01,FDA / clinical,ve Clinical Data for TERN-701 in Relapsed/Refractory CML Selected for Oral Presentation at 67th ASH Annual Meeting Unprecedented Phase 1 CML efficacy data with 64% MMR achievement by 24 weeks in a refractory patient popu,87511048.0,722841256.48,False,False,,0.0
TGE,2025-11-03,2025-10-31,True,False,False,2.327375594702328,1.6201620162016204,2025-11-03,1.81,170152886.0,0.7777,0.7777,<1,48227601.8686,-0.5606214689265537,-0.6296666666666667,723.1411972685039,2025-06-05,1.1701,1.99,1.81,1.3273755947023278,0.5045647421885047,0.9095477386934674,1.5588273113025588,307976723.66,-0.3038674033149171,,-0.2320441988950277,,-0.3977900552486187,,1.43,-0.027972027972028,-0.2377622377622377,2053456.0,True,Generation Essentials Group,2721.0,Periodicals: Publishing or  Publishing & Printing,other manufacturing,False,E9,Cayman Islands,E9,False,False,True,False,False,True,True,True,2025-01-27,False,,False,False,,,False,,False,False,,,no 8-K/6-K on run day,,,,True,False,,1.0
TGHL,2026-06-01,2026-05-29,True,True,True,3.881541115583669,2.585968947671075,2026-06-01,1.35,133040147.660531,0.3478,0.3478,<1,65930.707,0.0226403998823874,-0.0497267759562841,6.209722346038717,2025-08-28,2.12,2.48,1.35,2.881541115583669,5.095457159286947,0.5443548387096775,6.130534790109258,179604199.34171686,-0.3337777777777778,,-0.5407407407407407,,-0.5577777777777778,,0.9687,-0.3599669660369567,-0.3837101269742955,2024114.0,True,GrowHub Ltd,7374.0,Services-Computer Processing & Data Preparation,tech/software/semis/telecom,False,,,,False,False,False,False,False,False,True,True,2024-06-17,False,,True,True,0001493152-26-026531,form6-k.htm,False,,False,False,,,merger / acquisition / buyout,2 ex99-1.htm EX-99.1 Exhibit 99.1 Summary Term Sheet Project Oceans — Reverse Merger / RTO STRICTLY CONFIDENTIAL Public Company: The Growhub Limited (TGHL) SUMMARY TERM SHEET Proposed Reverse Merger Transaction / RTO Pro,,,True,False,,1.0
TGHL,2026-07-15,2026-07-14,False,True,False,1.231664902464842,2.2985029487373354,2026-07-16,1.52,116342503.266132,0.6613,0.6613,<1,6484600.138954738,0.1317816190313194,0.2201107011070109,16.089169936490734,2025-08-28,0.8518,0.9919,0.8145,0.231664902464842,0.2880689550884621,0.8211513257384817,0.4999243913503706,94760968.9102645,-0.3157894736842105,,-0.5783552631578948,,-0.263157894736842,,1.4,-0.5422142857142856,-0.1999999999999998,2024114.0,True,GrowHub Ltd,7374.0,Services-Computer Processing & Data Preparation,tech/software/semis/telecom,False,,,,False,False,False,False,False,False,True,True,2024-06-17,False,,False,False,,,False,,False,False,,,no 8-K/6-K on run day,,,,True,False,,1.0
TGL,2025-01-03,2025-01-02,True,False,False,2.058047493403694,1.395778364116095,2025-01-03,0.39,337495103.0,0.1895,0.1895,<1,3994474.669,-0.1581519324744558,-0.16187527642636,13.338261800843805,2024-10-01,0.7322,0.78,0.39,1.058047493403694,2.863852242744063,0.5,3.116094986807388,131623090.17,-0.3217948717948717,,-0.4889743589743589,,-0.5346153846153847,,0.3099,-0.3568893191352049,-0.4143272023233301,1905956.0,True,TREASURE GLOBAL INC,7389.0,"Services-Business Services, NEC",other services,False,NY,NY,DE,True,False,True,False,True,True,False,False,2022-01-26,False,,False,False,,,False,,False,True,11125688.0,2024-11-14,no 8-K/6-K on run day,,11125688.0,2108317.876,False,False,,
THAR,2025-08-20,2025-08-19,True,True,False,3.068376068376069,4.247863247863248,2025-08-20,3.59,367092804.0,1.17,1.17,1-3,147918.41999999998,-0.1642857142857142,-0.2777777777777779,1.0832203068892865,2024-10-01,1.415,4.0499,3.59,2.068376068376069,0.2094017094017095,0.8864416405343342,2.461452991452992,1317863166.36,0.3844011142061281,,0.3816155988857939,,-0.2590529247910863,,4.965,-0.0010070493454179,-0.4642497482376636,1861657.0,True,"Canton Strategic Holdings, Inc.",6199.0,Finance Services,finance/real estate,False,NY,NY,DE,True,False,True,True,False,True,False,False,2021-05-17,False,,False,False,,,True,424B5;S-3,False,True,4635251.0,2025-08-11,no 8-K/6-K on run day,,4635251.0,5423243.67,False,False,,0.0
THH,2026-01-13,2026-01-12,True,False,False,2.383116883116883,1.3852813852813852,2026-01-13,55.05,490539.0,23.1,23.1,>10,4235893.2,0.046195652173913,1.3475609756097562,1.106439234750876,2025-08-28,33.72,55.05,55.05,1.383116883116883,0.4597402597402595,1.0,1.383116883116883,27004171.95,-0.4187102633969118,,-0.9861943687556768,,-0.9875204359673024,,50.62,-0.9849861714737258,-0.9864282892137496,2044241.0,True,TryHard Holdings Ltd,7990.0,Services-Miscellaneous Amusement & Recreation,other services,False,,,E9,False,False,True,False,True,True,True,True,2025-01-28,False,,False,False,,,False,,False,False,,,no 8-K/6-K on run day,,,,True,False,,1.0
TIRX,2026-01-28,2026-01-27,True,False,False,4.11214953271028,0.3676012461059189,2026-01-28,0.264,394897139.0,0.0642,0.321,<1,207552.501,-0.3826923076923076,-0.2373485388453313,5.224210962196883,2024-10-01,0.12601,0.294,0.264,3.11214953271028,0.962772585669782,0.8979591836734695,3.579439252336448,521264223.48,-0.9106060606060606,,-0.9048484848484848,,-0.9418939393939394,,0.1659,-0.8485834840265221,-0.9075346594333936,1782941.0,True,TIAN RUIXIANG HOLDINGS LTD,6411.0,"Insurance Agents, Brokers & Service",other,False,,,E9,False,False,False,False,False,False,True,False,2019-07-25,False,,False,False,,,True,424B5,False,False,5000000.0,2020-10-31,no 8-K/6-K on run day,,,,False,False,,0.0
TIVC,2025-02-12,2025-02-11,True,True,False,2.978723404255319,3.207234042553192,2025-02-12,0.7,516268699.0,0.235,0.235,<1,33032.07,-0.0248962655601659,-0.1540676745860331,0.534459220402546,2024-10-01,0.3854,0.7016,0.7,1.978723404255319,0.6400000000000001,0.9977194982896236,1.9855319148936168,361388089.3,0.0767142857142857,,-0.2714285714285713,,-0.7327731092436974,,0.8057,-0.3670100533697406,-0.7678306770145069,1787740.0,True,"Valion Bio, Inc.",2834.0,Pharmaceutical Preparations,biotech/pharma/medtech,False,TX,TX,DE,True,False,False,False,False,False,False,True,2019-09-10,True,1.01;3.02;5.03;7.01;9.01,False,True,0000950170-25-018419,tivc-20250210.htm,False,,False,True,8266085.0,2024-11-12,merger / acquisition / buyout,"-99.1 Exhibit 99.1 Tivic Health Acquires Exclusive Worldwide Rights to Phase III TLR5 Agonist from Statera Biopharma Broad licensing agreement accelerates Tivic’s transformation into a diversified therapeutics company, a",8266085.0,1942529.9749999999,True,False,,
TIVC,2025-04-22,2025-04-21,True,False,True,2.037142857142857,1.9742857142857144,2025-04-22,0.4194117647058823,35371156.0,0.2058823529411764,3.5,3-10,51394.0,-0.1990846681922198,-0.0140845070422535,0.0074509978534742,2024-10-01,0.6805882352941176,0.778235294117647,0.4194117647058823,1.037142857142857,2.3057142857142856,0.5389266817838246,2.78,252196342.28,-0.0308555399719493,,-0.3534361851332398,,-0.3758765778401121,,0.4076470588235293,-0.3347763347763347,-0.3578643578643578,1787740.0,True,"Valion Bio, Inc.",2834.0,Pharmaceutical Preparations,biotech/pharma/medtech,False,TX,TX,DE,True,False,True,False,False,True,False,True,2019-09-10,True,8.01;9.01,False,True,0000950170-25-056480,tivc-20250422.htm,False,,False,True,620137.0,2025-03-17,FDA / clinical,tm EX-99.1 EX-99.1 Exhibit 99.1 Tivic Health Reports White House Briefing and FDA Meetings Secured Positive Interest in Potential Military and Defense Applications of its Product Candidates Senior Level Meetings Included,620137.0,2170479.5,True,True,1-for-17,0.0
TLS,2025-08-11,2025-08-08,False,True,False,1.6260504201680674,2.201680672268908,2025-08-12,5.24,20135785.0,2.38,2.38,1-3,1571999.52,-0.0403225806451613,-0.1217712177121771,1.1542628433681796,2024-10-01,2.87,3.93,3.87,0.6260504201680674,0.2058823529411766,0.9847328244274808,0.6512605042016808,77925487.95,0.0629770992366411,,0.0744274809160305,,0.2309160305343511,,5.32,0.0582706766917291,0.2124060150375939,320121.0,True,TELOS CORP,7373.0,Services-Computer Integrated Systems Design,tech/software/semis/telecom,False,VA,VA,MD,True,False,False,False,False,False,False,False,2002-08-13,True,2.02;9.01,False,True,0000320121-25-000037,tls-20250811.htm,False,,False,True,73484720.0,2025-05-02,earnings / business update,"2 q22025earningspressrelease.htm EX-99.1 Document Exhibit 99.1 Telos Corporation Announces Second Quarter 2025 Earnings Ashburn, Va. – August 11, 2025 – Telos Corporation (NASDAQ: TLS), a leading provider of cyber, cloud",73484720.0,174893633.6,False,False,,0.0
TMDE,2025-06-13,2025-06-12,False,True,False,1.7520395880700816,2.6882439481075293,2025-06-16,2.01,85547571.0,0.7477,0.7477,<1,108521.178,-0.0537838521893191,-0.3498260869565216,0.6814345243726462,2025-04-21,1.25,1.67,1.31,0.7520395880700816,0.6717935000668718,0.784431137724551,1.2335161160893406,112067318.01,0.0199004975124377,,-0.0995024875621889,,-0.4278606965174129,,2.2,-0.1772727272727273,-0.4772727272727274,2009714.0,True,TMD Energy Ltd,5172.0,Wholesale-Petroleum & Petroleum Products (No Bulk Stations),retail/wholesale,False,,,E9,False,False,True,False,False,True,True,True,2024-06-11,False,,False,False,,,False,,False,False,20000000.0,2024-12-31,no 8-K/6-K on run day,,20000000.0,14954000.0,True,False,,1.0
TMDE,2026-01-05,2026-01-02,True,True,False,2.3927765237020315,2.174492099322799,2026-01-05,1.06,119685965.0,0.443,0.443,<1,7452.146,-0.1765799256505577,-0.432051282051282,0.5745257822799337,2025-04-21,0.78,1.39,1.06,1.3927765237020315,0.7607223476297968,0.7625899280575541,2.1376975169300225,126867122.9,-0.0912264150943396,,-0.2939622641509435,,-0.4424528301886793,,0.93,-0.1952688172043011,-0.3645161290322581,2009714.0,True,TMD Energy Ltd,5172.0,Wholesale-Petroleum & Petroleum Products (No Bulk Stations),retail/wholesale,False,,,E9,False,False,False,False,False,False,True,True,2024-06-11,False,,False,False,,,False,,False,False,23565000.0,2025-06-30,no 8-K/6-K on run day,,23565000.0,10439295.0,True,False,,1.0
TMDE,2026-03-02,2026-02-27,True,True,False,3.3181522446324005,4.38082845369768,2026-03-02,3.06,139809867.676452,0.9222,0.9222,<1,4985952.8836573055,0.1453055141579731,0.4874193548387098,8.084960628925804,2025-04-21,2.99,3.11,3.06,2.3181522446324005,2.242246801127738,0.9839228295819936,2.3723704185643024,427818195.0899432,0.3202614379084967,,-0.2973856209150327,,-0.5947712418300654,,3.45,-0.3768115942028985,-0.6405797101449275,2009714.0,True,TMD Energy Ltd,5172.0,Wholesale-Petroleum & Petroleum Products (No Bulk Stations),retail/wholesale,False,,,E9,False,False,False,False,False,False,True,True,2024-06-11,False,,False,False,,,False,,False,False,23565000.0,2025-06-30,no 8-K/6-K on run day,,23565000.0,21731643.0,True,False,,1.0
TMQ,2025-10-07,2025-10-06,True,True,False,3.110047846889952,3.0191387559808613,2025-10-07,6.5,212412000.0,2.09,2.09,1-3,88666793.27,-0.0187793427230047,0.050251256281407,71.33623239801041,2024-10-01,7.23,7.98,6.5,2.110047846889952,2.4593301435406705,0.8145363408521303,2.818181818181819,1380678000.0,-0.0292307692307692,,0.6307692307692307,,-0.3846153846153846,,7.215,0.4691614691614691,-0.4455994455994456,1543418.0,True,Trilogy Metals Inc.,1040.0,Gold and Silver Ores,mining/energy,False,A1,"British Columbia, Canada",A1,False,False,False,False,False,False,False,False,2014-03-10,True,1.01;7.01;8.01;9.01,False,True,0001279569-25-001096;0001279569-25-001094,form8k.htm;form8k.htm,False,,False,True,164311410.0,2025-10-02,FDA / clinical,"3 ex991.htm NEWS RELEASE DATED OCTOBER 6, 2025 Exhibit 99.1 Trilogy Metals Applauds President Trump's Decision to Grant Permits for the Ambler Access Project to Enable the Development of Critical Minerals in Alaska This ",164311410.0,343410846.9,False,False,,0.0
TNMG,2025-05-13,2025-05-12,True,True,False,2.3076923076923075,2.426602564102564,2025-05-13,0.72,74771447.0,0.312,0.312,<1,55129.152,0.0334547863530969,-0.48,0.2058342817126661,2024-12-06,0.333,0.85,0.72,1.3076923076923077,0.0673076923076922,0.8470588235294118,1.7243589743589745,53835441.84,0.0515277777777778,,0.263888888888889,,-0.0138888888888889,,0.75,0.2133333333333333,-0.0533333333333333,2013186.0,True,TNL Mediagene,7310.0,Services-Advertising,other services,False,,,E9,False,False,True,False,False,True,True,True,2024-06-13,False,,True,True,0001213900-25-042428,ea0241896-6k_tnlmedi.htm,True,EFFECT,False,False,26129705.0,2024-12-31,earnings / business update,"2 ea024189601ex99-1_tnlmedi.htm PRESS RELEASE BY TNL MEDIAGENE, DATED MAY 13, 2025 Exhibit 99.1 TNL Mediagene Announces Investor Conference Calendar, Publicly Files Investor Presentation with Key Business Updates NEW YOR",26129705.0,8152467.96,True,False,,1.0
TNMG,2026-06-29,2026-06-26,True,False,False,2.069672131147541,1.3309426229508194,2026-06-29,0.0505,318536942.666775,0.0244,0.488,<1,16100.096,-0.0393700787401575,-0.3625081645983018,0.0594612184275466,2024-12-06,0.04121,0.0645,0.0505,1.069672131147541,0.6889344262295083,0.7829457364341086,1.6434426229508197,321722312.09344274,-0.356930693069307,,-0.5148514851485149,,-0.6149504950495048,,0.0425,-0.4235294117647059,-0.542470588235294,2013186.0,True,TNL Mediagene,7310.0,Services-Advertising,other services,False,,,E9,False,False,False,False,False,False,True,False,2024-06-13,False,,True,True,0001213900-26-072686,ea0295927-6k_tnlmedi.htm,False,,False,False,2556405.0,2025-12-31,AI pivot / AI product,"ENE DATED JUNE 26, 2026 Exhibit 99.1 TNL Mediagene Receives Nasdaq Delisting Determination and Plans to Request Hearing TOKYO, JAPAN, JUNE 26, 2026 — TNL Mediagene (Nasdaq: TNMG) (the “Company”), a technology and digital",2556405.0,1247525.64,False,False,,0.0
TNON,2025-03-25,2025-03-24,True,True,False,3.833963807381658,2.4741846436969634,2025-03-25,0.46875,291731057.0,0.1222625,0.9781,<1,17761232.8053,-0.1266964285714287,-0.2645864661654136,7.062559392154155,2024-10-01,0.53875,0.73125,0.46875,2.8339638073816587,3.4065024026173187,0.6410256410256411,4.980983539515387,1093991463.75,-0.3546666666666667,,-0.5493333333333333,,-0.7013333333333334,,0.39375,-0.4634920634920635,-0.6444444444444444,1560293.0,True,"Tenon Medical, Inc.",3841.0,Surgical & Medical Instruments & Apparatus,biotech/pharma/medtech,False,CA,CA,DE,True,False,False,False,False,False,False,True,2012-10-16,False,,False,False,,,True,424B5;S-1,False,False,3136589.0,2024-11-14,no 8-K/6-K on run day,,3136589.0,3067897.7009,True,False,,0.0
TNON,2026-08-19,2026-08-18,True,False,False,2.093577981651376,1.2972477064220185,2026-08-19,0.04075,49493273.462589,0.0194642857142857,5.45,3-10,62283335.7424572,-0.1123778501628662,-0.2310405643738977,177.09545703275535,2024-10-01,0.0416785714285714,0.0637142857142857,0.04075,1.093577981651376,1.1412844036697245,0.6395739910313902,2.273394495412844,564718250.2081405,-0.3803680981595092,,-0.5433829973707275,,-0.6319018404907976,,0.0267857142857142,-0.3053333333333333,-0.4399999999999999,1560293.0,True,"Tenon Medical, Inc.",3841.0,Surgical & Medical Instruments & Apparatus,biotech/pharma/medtech,False,CA,CA,DE,True,False,True,True,True,True,False,True,2012-10-16,False,,False,False,,,False,,False,True,667047.0,2026-08-13,no 8-K/6-K on run day,,667047.0,3635406.15,True,True,1-for-35,0.0
TNON,2026-09-10,2026-09-09,True,True,False,2.1721311475409832,2.430327868852459,2026-09-10,0.0189285714285714,127145481.498613,0.0087142857142857,2.44,1-3,31036199.34527076,-0.4601769911504423,-0.6026058631921823,3.4720472172797243,2024-10-01,0.015,0.0212853571428571,0.0189285714285714,1.1721311475409832,0.721311475409836,0.8892766657158676,1.442581967213115,673871051.9426489,0.1188679245283019,,-0.2075471698113207,,,beyond_data,0.0290714285714285,-0.4840294840294841,,1560293.0,True,"Tenon Medical, Inc.",3841.0,Surgical & Medical Instruments & Apparatus,biotech/pharma/medtech,False,CA,CA,DE,True,False,True,True,True,True,False,True,2012-10-16,False,,False,False,,,False,,False,True,667047.0,2026-08-13,no 8-K/6-K on run day,,667047.0,1627594.68,True,True,1-for-35,0.0
TNXP,2024-12-16,2024-12-13,True,False,False,2.203742203742204,1.3883575883575885,2024-12-16,0.0165625,1196594349.0,0.007515625,0.2405,<1,12291571.4025,0.3106267029972751,0.7178571428571425,0.7618140867956986,2024-10-01,0.009228125,0.01765625,0.0165625,1.203742203742204,0.2278586278586278,0.9380530973451328,1.3492723492723493,634195004.97,-0.3700000000000001,,-0.2394339622641509,,-0.5566037735849056,,0.0396875,-0.6825984251968504,-0.8149606299212598,1430306.0,True,Tonix Pharmaceuticals Holding Corp.,2834.0,Pharmaceutical Preparations,biotech/pharma/medtech,False,NJ,NJ,NV,True,False,True,True,False,False,False,False,2017-04-17,False,,False,False,,,True,424B5,False,False,186894225.0,2024-11-12,no 8-K/6-K on run day,,186894225.0,44948061.1125,False,False,,
TOPP,2026-05-27,2026-05-26,False,True,False,1.4528301886792452,2.594339622641509,2026-05-28,2.75,2503399.719717,1.06,1.06,1-3,195026.22,0.2715930902111325,0.3102595797280594,7.282571348428171,2025-01-22,1.06,1.8,1.54,0.4528301886792452,0.0,0.8555555555555555,0.6981132075471699,3855235.56836418,-0.0727272727272727,,-0.2945454545454545,,-0.5781818181818181,,3.15,-0.3841269841269841,-0.6317460317460317,1960847.0,True,Toppoint Holdings Inc.,4210.0,Trucking & Courier Services (No Air),other,False,PA,PA,NV,True,False,False,False,False,False,False,False,2024-02-05,True,1.01;3.02;9.01,False,True,0001213900-26-061077,ea0291578-8k_toppoint.htm,False,,False,False,19700000.0,2026-05-12,other,"false 0001960847 0001960847 2026-05-19 2026-05-19 iso4217:USD xbrli:shares iso4217:USD xbrli:shares UNITED STATES SECURITIES AND EXCHANGE COMMISSION Washington, D.C. 20549 FORM 8-K CURRENT REPORT Pursuant to Section 13 O",19700000.0,20882000.0,False,False,,0.0
TPET,2026-03-02,2026-02-27,True,True,False,2.666666666666667,4.642857142857142,2026-03-02,0.056,438512550.152358,0.021,0.42,<1,2922688.0442906995,0.0201603109059993,-0.4898578889833597,4.643191724599883,2024-10-01,0.0525,0.068,0.056,1.666666666666667,1.5,0.823529411764706,2.238095238095238,491134056.170641,0.7410714285714284,,0.5178571428571428,,-0.2516071428571429,,0.095,-0.1052631578947368,-0.5588421052631578,1898766.0,True,Trio Petroleum Corp,1311.0,Crude Petroleum & Natural Gas,mining/energy,False,FL,FL,DE,True,False,True,False,False,True,False,False,2022-03-17,False,,False,False,,,True,424B5,False,True,12300752.0,2026-01-16,no 8-K/6-K on run day,,12300752.0,5166315.84,False,False,,0.0
TRAW,2024-12-23,2024-12-20,True,True,False,2.5039840637450204,2.312749003984064,2024-12-23,0.5028,28352011.0,0.2007999999999999,5.02,3-10,145409.31999999998,0.0795466764155607,0.1130820399113081,3.4733913710818523,2024-10-01,0.472,0.7776000000000001,0.5028,1.5039840637450204,1.3505976095617536,0.6466049382716049,2.872509960159363,356384778.27,-0.0763723150357995,,-0.2935560859188544,,-0.4645982498011136,,0.4404,-0.1934604904632152,-0.388737511353315,1130598.0,True,"Traws Pharma, Inc.",2834.0,Pharmaceutical Preparations,biotech/pharma/medtech,False,PA,PA,DE,True,False,False,False,False,False,False,False,2003-01-08,True,5.02,False,True,0001104659-24-130901,tm2431678d1_8k.htm,True,424B4,False,False,3025554.0,2024-11-11,merger / acquisition / buyout,"XML 6 R1.htm IDEA: XBRL DOCUMENT v3.24.4 Cover Dec. 16, 2024 Cover [Abstract] Document Type 8-K Amendment Flag false Document Period End Date Dec. 16, 2024 Entity File Number 001-36020 Entity Registrant Name Traws Pharma",3025554.0,15188281.079999998,False,False,,
TRNR,2025-02-27,2025-02-26,False,True,False,1.224,2.056,2025-02-28,0.0006425,126968551.0,0.0003125,1.25,1-3,198537316.25,0.0080645161290322,-0.4747899159663865,40.82600547240684,2024-10-01,0.0004825,0.0005975,0.0003825,0.2239999999999999,0.544,0.6401673640167364,0.912,194261883.03,-0.1011673151750972,,-0.178988326848249,,-0.5369649805447472,,0.0007925,-0.334384858044164,-0.6246056782334386,1785056.0,True,"Interactive Strength, Inc.",3600.0,Electronic & Other Electrical Equipment (No Computer Equip),other manufacturing,False,TX,TX,DE,True,False,True,False,True,True,False,True,2019-08-13,False,,False,False,,,False,,False,False,625067.0,2024-11-13,no 8-K/6-K on run day,,625067.0,781333.75,True,False,,
TROO,2025-07-14,2025-07-11,True,False,False,2.0615384615384618,1.4307692307692308,2025-07-14,1.34,93346817.0,0.65,0.65,<1,4770.35,-0.0188679245283017,-0.1735537190082644,0.1820883968579268,2024-10-01,0.6806,2.62,1.34,1.0615384615384618,0.047076923076923,0.5114503816793893,3.0307692307692307,125084734.78,-0.3059701492537313,,-0.3589552238805971,,-0.3458955223880597,,0.8851,-0.0294881934244718,-0.0097164162241555,1412095.0,True,"Troops, Inc. /Cayman Islands/",6159.0,Miscellaneous Business Credit Institution,finance/real estate,False,,,E9,False,False,False,False,False,False,True,False,2007-09-18,False,,False,False,,,False,,False,False,112510166.0,2025-04-30,no 8-K/6-K on run day,,112510166.0,73131607.9,False,False,,0.0
TRSG,2025-03-24,2025-03-21,True,False,False,2.0098039215686274,1.7254901960784317,2025-03-24,2.05,2729142.0,1.02,1.02,1-3,21013.02,-0.3742331288343558,-0.4659685863874345,2.2033390731451674,2024-10-01,1.03,2.48,2.05,1.0098039215686274,0.0098039215686274,0.8266129032258064,1.4313725490196076,5594741.1,-0.1414634146341462,,-0.2073170731707316,,-0.2682926829268292,,1.84,-0.1168478260869565,-0.1847826086956522,1943444.0,True,Tungray Technologies Inc,3530.0,"Construction, Mining & Materials Handling Machinery & Equip",other manufacturing,True,U0,Singapore,E9,False,False,False,False,False,False,True,True,2022-12-16,False,,False,False,,,False,,False,False,,,no 8-K/6-K on run day,,,,True,False,,0.0
TRT,2026-04-23,2026-04-22,False,True,False,1.668280871670702,2.0,2026-04-24,33.04,31452517.123564,16.52,8.26,3-10,4540790.14295928,0.2111436950146625,0.3675496688741722,9.203242590150436,2024-10-01,22.0,32.7,27.56,0.668280871670702,0.3317191283292979,0.8428134556574922,0.9794188861985472,433415685.96271193,-0.1446731234866827,,-0.148910411622276,,-0.1634382566585955,,28.42,-0.0105559465165376,-0.0274454609429979,732026.0,True,TRIO-TECH INTERNATIONAL,3559.0,"Special Industry Machinery, NEC",other manufacturing,False,CA,CA,CA,True,False,False,False,False,False,False,False,1995-05-12,False,,False,False,,,True,424B5,False,True,8749616.0,2026-02-01,no 8-K/6-K on run day,,8749616.0,72271828.16,False,False,,0.0
TVGN,2024-10-14,2024-10-11,True,True,False,2.871443624868282,3.609062170706007,2024-10-14,1.09,249536606.0,0.3796,0.3796,<1,9569389.9236,0.3605734767025088,,,2024-10-01,0.85505,1.31,1.09,1.8714436248682824,1.2525026343519494,0.8320610687022901,2.45100105374078,271994900.54,0.2568807339449541,,0.6513761467889907,,0.275229357798165,,1.0,0.8,0.3899999999999999,1860871.0,True,Tevogen Inc.,2836.0,"Biological Products, (No Diagnostic Substances)",biotech/pharma/medtech,False,NJ,NJ,DE,True,False,True,False,True,True,False,True,2021-06-10,False,,False,False,,,False,,False,False,170646864.0,2024-08-12,no 8-K/6-K on run day,,170646864.0,64777549.5744,True,False,,
TVRD,2026-07-07,2026-07-06,False,True,False,1.5422885572139309,2.4875621890547266,2026-07-08,5.0,70894178.189733,2.01,2.01,1-3,150658.4875743,0.3399999999999998,-0.3474025974025975,0.189017692859396,2025-04-16,2.13,3.8599,3.1,0.5422885572139307,0.0597014925373133,0.803129614756859,0.920348258706468,219771952.3881723,-0.24,,-0.4139999999999999,,-0.6,,4.33,-0.3233256351039261,-0.5381062355658199,1346830.0,True,"Tvardi Therapeutics, Inc.",2834.0,Pharmaceutical Preparations,biotech/pharma/medtech,False,TX,TX,DE,True,False,True,True,False,False,False,False,2005-12-06,True,7.01;9.01,False,True,0001104659-26-080930,tm2619879d1_8k.htm,True,424B5,False,True,9381344.0,2026-05-05,FDA / clinical,"ointestinal (GI) diseases - subject to additional funding Company to host investor webcast today, July 7 th , at 8:30am ET HOUSTON, TX – July 7, 2026 -- Tvardi Therapeutics, Inc. (“Tvardi” or the “Company”) (NASDAQ: TVRD",9381344.0,18856501.439999998,False,False,,0.0
TWG,2024-10-11,2024-10-10,True,True,False,3.3364485981308407,2.1495327102803734,2024-10-11,7.14,154245253.0,2.14,2.14,1-3,975508.3,0.2298850574712645,,,2024-10-01,4.01,8.5999,7.14,2.3364485981308407,0.8738317757009344,0.8302422121187455,3.018644859813084,1101311106.4199998,-0.3557422969187676,,-0.0056022408963585,,-0.9411764705882352,,5.42,0.3099630996309963,-0.922509225092251,1978057.0,True,Top Wealth Group Holding Ltd,2090.0,Miscellaneous Food Preparations & Kindred Products,other manufacturing,False,,,E9,False,False,True,False,True,True,True,True,2023-05-17,False,,False,False,,,True,424B4,False,False,27000000.0,2023-12-31,no 8-K/6-K on run day,,27000000.0,57780000.0,True,False,,
TWG,2025-12-08,2025-12-05,True,False,False,3.662229617304493,0.9983361064891846,2025-12-08,0.2445555555555555,24251498.0,0.0667777777777777,6.01,3-10,45457969.22,0.0656028368794328,0.0415944540727903,321.29380305801044,2024-10-01,0.1056666666666666,0.2928888888888889,0.2445555555555555,2.662229617304493,0.5823627287853577,0.8349772382397572,3.386023294509152,533775470.98,-0.7273966378918674,,-0.8223534756928669,,-0.8323943661971831,,0.075,-0.4207407407407407,-0.4534814814814814,1978057.0,True,Top Wealth Group Holding Ltd,2090.0,Miscellaneous Food Preparations & Kindred Products,other manufacturing,False,,,E9,False,False,True,False,True,False,True,False,2023-05-17,False,,True,True,0001213900-25-118702,ea0268478-6k_topwealth.htm,True,424B4,True,False,56000000.0,2024-12-31,listing compliance / reverse split / financing,"2 ea026847801ex99-1_topwealth.htm PRESS RELEASE, DATED DECEMBER 5, 2025 Exhibit 99.1 TWG Projects Strong Profit Growth for 2025 Hong Kong, December 5, 2025 (Global Newswire) – Top Wealth Group Holding Limited (NASDAQ: TW",622222.2222222222,3739555.5555555555,False,False,,0.0
UAVS,2024-11-14,2024-11-13,True,False,False,2.2236024844720497,1.8012422360248446,2024-11-14,0.0716,167329981.0,0.0322,1.61,1-3,1164950.9200000002,-0.3206751054852321,-0.3585657370517927,0.087114852362844,2024-10-01,0.0605999999999999,0.0976,0.0716,1.2236024844720497,0.8819875776397514,0.733606557377049,2.0310559006211184,599041331.98,-0.1899441340782123,,-0.1061452513966479,,0.4497206703910614,,0.062,0.032258064516129,0.6741935483870967,8504.0,True,AgEagle Aerial Systems Inc.,3721.0,Aircraft,other manufacturing,False,TX,TX,NV,True,False,True,False,True,True,False,True,2008-12-24,False,,False,False,,,False,,False,True,14991621.0,2024-08-14,no 8-K/6-K on run day,,299832.42,482730.1962,True,True,1-for-50,
UBXG,2026-03-31,2026-03-30,True,False,False,2.126305067481538,1.2732365673542143,2026-03-31,0.20875,313165.326286,0.098175,1.5708,1-3,6299.108104212,0.02827965435978,-0.0972413793103448,0.6839769011886913,2024-10-01,0.11125,0.20875,0.20875,1.126305067481538,0.1331805449452507,1.0,1.126305067481538,1045972.18979524,-0.4011976047904191,,-0.6377245508982036,,-0.6107784431137724,,0.15,-0.4958333333333333,-0.4583333333333332,1888525.0,True,MindForge Inc.,7370.0,"Services-Computer Programming, Data Processing, Etc.",tech/software/semis/telecom,False,,,E9,False,False,False,False,False,False,True,False,2021-10-29,False,,False,False,,,False,,False,False,20784142.0,2025-06-30,no 8-K/6-K on run day,,20784142.0,32647730.253599998,False,False,,0.0
UBXG,2026-06-11,2026-06-10,False,True,False,1.4783950617283947,2.4290123456790123,2026-06-12,0.019675,2387555.556711,0.0081,3.24,3-10,471276.91460484,0.0693069306930695,-0.390691114245416,0.5671360728599185,2024-10-01,0.008275,0.012675,0.011975,0.4783950617283947,0.0216049382716048,0.9447731755424064,0.5648148148148147,11436391.11664569,0.2325285895806859,,-0.071156289707751,,-0.4142312579415502,,0.020875,-0.1245508982035928,-0.4479041916167664,1888525.0,True,MindForge Inc.,7370.0,"Services-Computer Programming, Data Processing, Etc.",tech/software/semis/telecom,False,,,E9,False,False,True,False,False,True,True,False,2021-10-29,False,,False,False,,,False,,False,False,20784142.0,2025-06-30,no 8-K/6-K on run day,,831365.68,2693624.8032000004,False,True,1-for-25,0.0
UCAR,2026-04-08,2026-04-07,True,True,False,4.316285817918026,2.974247370330069,2026-04-08,0.238,317652193.490789,0.05514,0.5514,<1,11000238.103356171,0.0154696132596685,-0.9585413533834588,1.6802030582872665,2024-10-01,0.08765,0.239,0.238,3.3162858179180263,0.5895901342038448,0.99581589958159,3.334421472615162,756012220.5080777,-0.310924369747899,,-0.4285714285714285,,-0.3235294117647057,,0.233,-0.4163090128755364,-0.3090128755364806,1939780.0,True,U Power Ltd,3690.0,"Miscellaneous Electrical Machinery, Equipment & Supplies",other manufacturing,False,,,E9,False,False,True,False,True,True,True,True,2022-08-12,False,,True,True,0001213900-26-041068,ea0285443-6k_upower.htm,False,,False,False,1243140.0,2023-12-31,merger / acquisition / buyout,"6-K 1 ea0285443-6k_upower.htm REPORT OF FOREIGN PRIVATE ISSUER UNITED STATES SECURITIES AND EXCHANGE COMMISSION Washington, D.C. 20549 FORM 6-K REPORT OF FOREIGN PRIVATE ISSUER PURSUANT TO RULE 13a-16 OR 15d-16 UNDER THE",,,True,True,1-for-10,0.0
UGRO,2026-03-23,2026-03-20,True,True,False,2.8211009174311923,3.220183486238532,2026-03-23,0.246,163122776.146948,0.0872,2.18,1-3,181119.79662052004,-0.1517509727626458,-0.1450980392156861,1.1234745325151696,2024-10-01,0.1432,0.2892,0.246,1.8211009174311923,0.642201834862385,0.8506224066390042,2.3165137614678897,1003205073.3037304,0.1414634146341462,,2.3528455284552847,,0.6227642276422762,,0.3236,1.5488257107540178,0.2336217552533992,1706524.0,True,"Flash Sports & Media Holdings, Inc.",7900.0,Services-Amusement & Recreation Services,other services,False,NY,NY,DE,True,False,False,False,False,False,False,False,2017-05-23,False,,False,False,,,False,,False,False,751622.0,2026-02-17,no 8-K/6-K on run day,,751622.0,1638535.9600000002,False,True,1-for-25,0.0
ULY,2026-03-16,2026-03-13,True,True,False,2.6453201970443354,2.65024630541872,2026-03-16,0.4475,2027512.719243,0.1691666666666666,2.03,1-3,1842801.1546,-0.0193236714975846,-0.0469483568075118,43.46553369322712,2024-10-01,0.4433333333333333,0.4483333333333333,0.4475,1.6453201970443354,1.6206896551724146,0.9981412639405204,1.6502463054187195,10887743.30233491,0.0018621973929235,,0.0018621973929235,stale_last_close,0.0018621973929235,stale_last_close,0.4466666666666666,,,1603652.0,True,Urgent.ly Inc.,7374.0,Services-Computer Processing & Data Preparation,tech/software/semis/telecom,False,VA,VA,DE,True,False,False,False,False,False,False,False,2014-04-17,True,1.01;2.02;7.01;9.01,False,True,0001193125-26-106848,d114779d8k.htm,False,,False,True,2190945.0,2025-11-10,earnings / business update,"omotive, Fleet, Rental, and Insurance Markets Acquisition combines Urgently and Agero’s industry-leading technology and scale to enhance experiences for automakers, insurers, mobility and service providers MEDFORD, Mass.",2190945.0,4447618.35,False,False,,0.0
UMAC,2024-11-27,2024-11-26,False,True,False,1.8451492537313432,3.4944029850746268,2024-11-29,18.73,56838968.0,5.36,5.36,3-10,3705812.88,0.8611111111111114,2.621621621621622,2.67554020519816,2024-10-01,10.159,11.67,9.89,0.8451492537313432,0.8953358208955224,0.8474721508140531,1.1772388059701493,562137393.52,-0.195408435664709,,-0.5349706353443673,,0.0309663641217297,,22.17,-0.607126747857465,-0.1290031574199369,1956955.0,True,"Unusual Machines, Inc.",3663.0,Radio & Tv Broadcasting & Communications Equipment,tech/software/semis/telecom,False,FL,FL,NV,True,False,True,False,True,True,False,True,2022-12-14,True,7.01;9.01,False,True,0001683168-24-008412,umac_8k.htm,True,S-1/A,True,True,8300480.0,2024-11-13,FDA / clinical,"2 umac_ex9901.htm PRESS RELEASE Exhibit 99.1 Donald Trump Jr. Joins Unusual Machines as an Advisor ORLANDO, Fla., November 27, 2024 -- Unusual Machines, Inc. (NYSE American: UMAC) (“Unusual Machines” or the “Company”), a",8300480.0,44490572.800000004,True,False,,
UOKA,2026-02-06,2026-02-05,False,True,False,1.2636720824041623,2.4423914197727514,2026-02-09,0.092,7942939.0,0.037668,0.9417,<1,94059.8211,-0.281145038167939,-0.5383823529411764,0.8609768449180575,2024-12-03,0.037668,0.052796,0.0475999999999999,0.2636720824041625,0.0,0.901583453291916,0.401614102155676,9452097.41,-0.7222608695652173,,-0.8691739130434782,,-0.9691739130434782,,0.03,-0.5988,-0.9054666666666666,,False,,,,,,,,,,,,,,,,,,,,,,,,,,,,,,no 8-K/6-K on run day,,,,,False,,0.0
UPC,2024-12-06,2024-12-05,True,False,False,3.228571428571428,1.314285714285714,2024-12-06,0.226,93729110.0,0.07,1.05,1-3,2117991.75,-0.3895348837209301,-0.7470184315142754,16.870014656778395,2024-10-01,0.2013333333333333,0.3286666666666666,0.226,2.228571428571428,1.876190476190476,0.6876267748478702,3.695238095238095,317741682.90000004,-0.5929203539823009,,-0.7724188790560472,,-0.8112094395280236,,0.1099999999999999,-0.5324242424242425,-0.6121212121212121,1809616.0,True,Universe Pharmaceuticals INC,2834.0,Pharmaceutical Preparations,biotech/pharma/medtech,False,F4,China,F4,False,True,False,False,False,False,True,True,2020-04-24,False,,False,False,,,True,424B5,False,False,3645974.0,2023-09-30,no 8-K/6-K on run day,,243064.93333333332,255218.18,True,True,1-for-15,
UPC,2026-06-29,2026-06-26,True,True,True,4.114864864864865,2.0608108108108105,2026-06-29,0.0203,55188344.386653,0.0049333333333333,2.96,1-3,54831622.89306568,0.0033898305084745,0.03859649122807,58.99274242110574,2024-10-01,0.0286166666666666,0.0299333333333333,0.0203,3.114864864864865,4.800675675675676,0.678173719376392,5.067567567567568,672194034.6294335,-0.4991789819376027,,-0.4811165845648605,,-0.7380952380952381,,0.013,-0.1897435897435897,-0.5910256410256411,1809616.0,True,Universe Pharmaceuticals INC,2834.0,Pharmaceutical Preparations,biotech/pharma/medtech,False,F4,China,F4,False,True,False,False,False,False,True,False,2020-04-24,False,,True,True,0001213900-26-072603,ea0295794-6k_universe.htm,False,,False,True,563338.0,2025-09-30,merger / acquisition / buyout,3 ea029579401ex99-1.htm PRESS RELEASE -- UNIVERSE PHARMACEUTICALS INC ANNOUNCES STRATEGIC ACQUISITION TO EXPAND PHARMACEUTICAL PATENT PORTFOLIO Exhibit 99.1 Universe Pharmaceuticals INC Announces Strategic Acquisition to,563338.0,1667480.48,False,False,,0.0
UPC,2026-08-03,2026-07-31,True,True,False,2.050632911392405,2.231012658227848,2026-08-03,0.0108,28031082.344545,0.0052666666666666,3.16,3-10,37389726.951877646,-0.0678466076696165,-0.5,32.2627651698254,2024-10-01,0.0117,0.0140666666666666,0.0108,1.050632911392405,1.221518987341772,0.7677725118483413,1.6708860759493671,181641413.5926516,0.0879629629629628,,0.0941358024691358,,-0.2932098765432098,,0.0095833333333333,0.2330434782608696,-0.2034782608695652,1809616.0,True,Universe Pharmaceuticals INC,2834.0,Pharmaceutical Preparations,biotech/pharma/medtech,False,F4,China,F4,False,True,False,False,False,False,True,False,2020-04-24,False,,True,True,0001213900-26-083956,ea0299724-6k_universe.htm,False,,False,True,563338.0,2025-09-30,merger / acquisition / buyout,"6-K 1 ea0299724-6k_universe.htm REPORT OF FOREIGN PRIVATE ISSUER UNITED STATES SECURITIES AND EXCHANGE COMMISSION Washington, D.C. 20549 FORM 6-K REPORT OF FOREIGN PRIVATE ISSUER PURSUANT TO RULE 13a-16 OR 15d-16 UNDER T",563338.0,1780148.08,False,False,,0.0
UPXI,2024-10-25,2024-10-24,True,True,False,2.7,2.243333333333333,2024-10-25,0.405,32377512.0,0.15,3.0,3-10,7144620.0,-0.0853658536585364,,,2024-10-01,0.454,0.7955000000000001,0.405,1.6999999999999995,2.0266666666666664,0.5091137649277184,4.303333333333333,262257847.2,-0.1691358024691358,,-0.0074074074074075,,-0.3037037037037038,,0.351,0.1452991452991452,-0.1965811965811966,1775194.0,True,"UPEXI, INC.",6199.0,Finance Services,finance/real estate,False,FL,FL,DE,True,False,False,False,False,False,False,False,2019-04-30,False,,False,False,,,False,,False,False,20889384.0,2024-07-05,no 8-K/6-K on run day,,1044469.2,3133407.5999999996,False,True,1-for-20,
UPXI,2025-04-21,2025-04-17,True,True,False,4.309368191721133,3.92156862745098,2025-04-21,0.4945,100378056.0,0.11475,2.295,1-3,21426.12,-0.0150214592274677,-0.0928853754940711,0.150419308322525,2024-10-01,0.512,1.1,0.4945,3.3093681917211333,3.461873638344226,0.4495454545454546,8.586056644880175,992738973.84,-0.089989888776542,,0.3063700707785641,,-0.025278058645096,,0.397,0.6272040302267001,0.2141057934508816,1775194.0,True,"UPEXI, INC.",6199.0,Finance Services,finance/real estate,False,FL,FL,DE,True,False,False,False,False,False,False,False,2019-04-30,True,7.01;8.01;9.01,False,True,0001477932-25-002853,upxi_8k.htm,False,,False,False,1320924.0,2025-02-14,listing compliance / reverse split / financing,"upxi_ex991.htm EXHIBIT 99.1 Upexi Announces Pricing of $100 Million Private Placement Priced Above Last Market Closing Price under Nasdaq Rules TAMPA, FL / Access Newswire / April 21, 2025 / Upexi, Inc. (NASDAQ:UPXI) (th",1320924.0,3031520.58,False,False,,0.0
USDE,2026-08-20,2026-08-19,False,True,False,1.2944983818770228,2.3980582524271847,2026-08-21,7.41,6979500.316333,3.09,3.09,3-10,1672300.2438589798,0.2612244897959181,0.6524064171122992,1.014196657922135,2026-06-26,3.23,4.13,4.0,0.2944983818770228,0.0453074433656959,0.9685230024213076,0.3365695792880259,27918001.265332,-0.1538461538461539,,-0.087719298245614,,0.700404858299595,,7.795,-0.1327774214239897,0.6164207825529184,2080215.0,True,StableCoinX Inc.,6199.0,Finance Services,finance/real estate,False,TX,TX,DE,True,False,True,False,False,True,False,True,2025-09-29,False,,False,False,,,False,,False,True,,,no 8-K/6-K on run day,,,,True,False,,1.0
UVIX,2025-04-03,2025-04-02,False,True,False,1.4892412231030578,2.076443941109853,2025-04-04,7.334,10010027.0,3.532,35.32,>10,331236187.36,0.1269942565411612,0.0065545739526928,1.6225877958529902,2024-10-01,4.549,5.29,5.260000000000001,0.4892412231030578,0.2879388448471123,0.9943289224952744,0.4977349943374858,526527420.2,0.0020452686119443,,-0.0808562857922008,,-0.4379601854376875,,8.725,-0.2273925501432665,-0.52756446991404,1793497.0,True,VS Trust,6221.0,Commodity Contracts Brokers & Dealers,finance/real estate,False,FL,FL,DE,True,False,False,False,False,False,False,False,2019-12-06,False,,False,False,,,False,,False,False,13497473.0,2025-02-28,no 8-K/6-K on run day,,13497473.0,476730746.36,False,True,1-for-10,0.0
UZX,2026-05-22,2026-05-21,False,True,False,1.2930434782608695,2.232463768115942,2026-05-26,0.7702,3353991.120874,0.345,0.345,<1,618784.755,,,,2026-05-18,0.3355,0.46,0.4461,0.2930434782608697,-0.0275362318840578,0.969782608695652,0.3333333333333335,1496215.4390218912,0.0842638275772527,,-0.0910153206959232,,-0.5170085692028045,,1.05,-0.3332380952380953,-0.6457142857142857,1969401.0,True,Linkage Global Inc,5961.0,Retail-Catalog & Mail-Order Houses,retail/wholesale,False,M0,Japan,M0,False,False,True,True,False,False,True,False,2023-05-09,False,,False,False,,,False,,False,False,21500000.0,2024-09-30,no 8-K/6-K on run day,,,,False,False,,1.0
VAPE,2025-07-28,2025-07-25,True,True,False,6.488450704225352,4.617464788732394,2025-07-28,57.585,14360517.0,8.875,8.875,3-10,55264.625,-0.0225770925110132,-0.0677521008403361,1.2654360711261643,2025-06-13,51.99,82.88,57.585,5.488450704225352,4.8580281690140845,0.6947997104247104,8.338591549295774,826950371.445,-0.2883563427976036,,-0.6973170096379265,,-0.6914126942780239,stale_last_close,51.5,-0.6615533980582524,,1482541.0,True,CEA Industries Inc.,700.0,Agricultural Services,other,False,CO,CO,NV,True,False,True,False,False,True,False,False,2010-01-28,True,1.01;7.01;9.01,False,True,0001641172-25-021130,form8-k.htm,False,,False,False,841346.0,2025-07-25,listing compliance / reverse split / financing,", Propel Horizon, Exinity , Winone, Nano Labs, and several other prominent investors including Olaf Carlson Wee , Rajeev Misra’s family office and the founders of BitFury , participated in the offering. ● The transaction",841346.0,7466945.75,False,False,,1.0
VATE,2025-01-21,2025-01-17,False,True,False,1.8630136986301369,2.031311154598826,2025-01-22,1.038,31089908.0,0.511,5.11,3-10,2893409.75,0.0240480961923845,-0.1050788091068302,17.344789823940697,2024-10-01,0.743,1.09499,0.952,0.8630136986301369,0.4540117416829745,0.8694143325509822,1.1428375733855185,295975924.16,-0.0279383429672446,,0.0664739884393064,,0.1868978805394991,,1.069,0.0355472404115997,0.1524789522918617,1006837.0,True,INNOVATE Corp.,3440.0,Fabricated Structural Metal Products,other manufacturing,False,NY,NY,DE,True,False,False,False,False,False,False,False,2013-06-13,True,8.01;9.01,False,True,0001006837-25-000002,hchc-20250117.htm,False,,False,True,13261379.0,2024-11-01,FDA / clinical,"d renal function. • The transdermal GFR (tGFR) methodology has been designed to be effective across the adult population without input of age, weight, sex, gender, race, or ethnicity. • More than 800 million people have ",13261379.0,67765646.69,False,False,,
VCIG,2024-11-27,2024-11-26,True,True,False,2.290502793296089,2.4525139664804465,2024-11-27,0.083673469387755,257576246.0,0.0365306122448979,1.79,1-3,417202.46,0.1474358974358973,-0.6130231753718436,0.3093755774104477,2024-10-01,0.0508163265306122,0.1579591836734693,0.083673469387755,1.2905027932960889,0.3910614525139664,0.5297157622739018,3.3240223463687144,1056062608.6,0.0707317073170732,,-0.4658536585365853,,-0.5926829268292683,,0.1020408163265306,-0.562,-0.6659999999999999,1930510.0,True,VCI Global Ltd,8744.0,Services-Facilities Support Management Services,other services,False,,,N8,False,False,True,True,True,True,True,True,2022-07-01,False,,False,False,,,True,424B5,False,False,38027579.0,2023-12-31,no 8-K/6-K on run day,,776073.0408163265,1389170.7430612245,True,True,1-for-49,
VCIG,2026-05-26,2026-05-22,True,True,False,2.180451127819549,3.5939849624060147,2026-05-26,1.6439909297052154e-06,79685199.413984,7.53968253968254e-07,1.33,1-3,42283986.51473563,0.6921119592875318,0.3168316831683169,237.7991485547456,2024-10-01,9.382086167800452e-07,1.780045351473923e-06,1.6439909297052154e-06,1.1804511278195489,0.244360902255639,0.9235668789808916,1.3609022556390975,231087078.3005536,0.6482758620689655,,2.1,,0.5517241379310345,,1.9444444444444444e-06,1.620991253644315,0.3119533527696794,1930510.0,True,VCI Global Ltd,8744.0,Services-Facilities Support Management Services,other services,False,,,N8,False,False,True,True,False,True,True,False,2022-07-01,False,,False,False,,,False,,False,True,14983751.0,2024-12-31,no 8-K/6-K on run day,,,,False,True,1-for-60,0.0
VCX,2026-03-20,2026-03-19,False,True,False,1.5454306722689075,2.518513655462185,2026-03-23,191.81,610599.682021,76.16,76.16,>10,27552760.31424,,,,2026-03-19,105.0,137.0,117.7,0.5454306722689077,0.3786764705882353,0.8591240875912409,0.7988445378151261,71867582.5738717,0.6421980084458578,,-0.4213023304311558,,-0.535999165841197,,220.625,-0.4968838526912181,-0.596600566572238,1867090.0,True,"Fundrise Innovation Fund, LLC",,,unknown,False,DC,DC,,True,False,True,False,False,True,False,True,2021-06-17,False,,False,False,,,False,,False,True,,,no 8-K/6-K on run day,,,,True,False,,1.0
VEEA,2026-09-15,2026-09-14,True,True,False,2.493449781659389,2.663755458515284,2026-09-15,0.2855,202179869.838083,0.1145,2.29,1-3,66000226.30384341,0.3470588235294116,-0.1455223880597015,184.8340299721964,2024-10-01,0.2165,0.3745,0.2855,1.4934497816593888,0.8908296943231442,0.7623497997329772,2.270742358078603,1154447056.7754538,0.0683012259194395,,-0.3712784588441332,,,beyond_data,0.2745,-0.3460837887067396,,1840317.0,True,VEEA INC.,7373.0,Services-Computer Integrated Systems Design,tech/software/semis/telecom,False,NY,NY,DE,True,False,True,True,False,True,False,False,2021-02-01,False,,False,False,,,False,,False,False,62214156.0,2026-08-10,no 8-K/6-K on run day,,3110707.8,7123520.862,False,True,1-for-20,0.0
VEEE,2025-05-08,2025-05-07,True,False,False,2.9215686274509807,1.3490196078431371,2025-05-08,0.7450000000000001,83995897.0,0.255,2.55,1-3,26504.7,-0.065934065934066,-0.2455621301775148,0.0750656300666953,2024-10-01,0.262,0.9300000000000002,0.7450000000000001,1.921568627450981,0.0274509803921569,0.8010752688172043,2.647058823529412,625769432.65,-0.5382550335570471,,-0.6684563758389261,,-0.6697986577181209,,0.4511,-0.452449567723343,-0.4546663710928841,1855509.0,True,"Twin Vee PowerCats, Co.",3730.0,Ship & Boat Building & Repairing,other manufacturing,False,FL,FL,,True,False,False,False,False,False,False,False,2021-04-08,False,,False,False,,,True,424B5,True,False,14874452.0,2025-03-17,no 8-K/6-K on run day,,1487445.2,3792985.26,False,True,1-for-10,0.0
VEEE,2026-07-13,2026-07-10,True,True,False,5.157676348547717,7.989626556016597,2026-07-13,0.0671891891891891,75587006.733081,0.013027027027027,4.82,3-10,802094.027144,-0.0766283524904214,-0.28486646884273,0.8022235281774345,2024-10-01,0.033081081081081,0.0974864864864864,0.0671891891891891,4.157676348547717,1.539419087136929,0.6892154144718603,6.483402489626555,1879092987.3843932,0.5490748189863235,,0.1862429605792437,,-0.581657280772325,,0.0521351351351351,0.5287713841368584,-0.4608605495075168,1855509.0,True,"Twin Vee PowerCats, Co.",3730.0,Ship & Boat Building & Repairing,other manufacturing,False,FL,FL,,True,False,False,False,False,False,False,True,2021-04-08,True,1.01;5.02;7.01;9.01,False,True,0001731122-26-000931,e7774_8k.htm,False,,False,False,529330.0,2026-05-05,merger / acquisition / buyout,der hereby agrees (i) to be bound by and comply with Sections 8.11 ( Exclusivity ) and 11.10 ( Publicity ) of the Merger Agreement (and any relevant definitions contained in any such Sections of the Merger Agreeme EX-99.,529330.0,2551370.6,True,True,1-for-37,0.0
VEEE,2026-09-21,2026-09-18,True,False,False,2.009324009324009,1.7470862470862472,2026-09-21,0.0465945945945945,29686819.862381,0.0231891891891891,8.58,3-10,3956726.1045312,-0.1062499999999999,-0.1209016393442622,27.252205937693617,2024-10-01,0.0391891891891891,0.061754054054054,0.0465945945945945,1.009324009324009,0.6899766899766899,0.7545187973215457,1.6630536130536129,511800774.4274484,-0.1305104408352666,,-0.2059164733178654,,,beyond_data,0.0468648648648648,-0.2104959630911188,,1855509.0,True,"Twin Vee PowerCats, Co.",3730.0,Ship & Boat Building & Repairing,other manufacturing,False,FL,FL,,True,False,False,False,False,False,False,True,2021-04-08,False,,False,False,,,False,,False,True,574502.0,2026-08-03,no 8-K/6-K on run day,,574502.0,4929227.16,True,False,,0.0
VELO,2025-12-10,2025-12-09,False,True,False,1.305007587253414,2.030349013657056,2025-12-11,13.38,4221568.0,6.59,6.59,3-10,7115677.71,0.2271880819366851,0.3448979591836734,2.473990052432315,2025-08-19,8.01,9.25,8.6,0.3050075872534141,0.2154779969650986,0.9297297297297296,0.4036418816388467,36305484.8,-0.109118086696562,,-0.1442451420029896,,0.6509715994020926,,14.31,-0.1998602375960867,0.5436757512229209,1825079.0,True,"Velo3D, Inc.",3559.0,"Special Industry Machinery, NEC",other manufacturing,False,CA,CA,DE,True,False,False,False,False,False,False,True,2020-09-23,False,,False,False,,,False,,False,True,20912172.0,2025-10-03,no 8-K/6-K on run day,,20912172.0,137811213.48,True,False,,1.0
VERB,2025-08-04,2025-08-01,True,True,False,2.1472134595162986,2.0,2025-08-04,0.1021,34947714.0,0.04755,9.51,3-10,330272.79,0.0912220309810671,0.1675874769797423,0.8725144994077132,2024-10-01,0.07605,0.14885,0.1021,1.1472134595162986,0.5993690851735016,0.6859254282835069,2.1303890641430074,713632319.8800001,-0.0685602350636631,,-0.221841332027424,,-0.2899118511263469,stale_last_close,0.0925,-0.1410810810810809,,1566610.0,True,TON Strategy Co,6199.0,Finance Services,finance/real estate,False,NV,NV,NV,True,False,False,False,False,False,False,False,2013-01-10,True,1.01;7.01;8.01;9.01,False,True,0001493152-25-011558,form8-k.htm,False,,False,True,1417955.0,2025-05-08,crypto treasury / digital assets,"on, supported by a strategic partnership with Blockchain.com ● Over 110 institutional and crypto-native investors subscribed to the deal, led by Kingsway Capital and anchored by Vy Capital, Blockchain.com, Ribbit Capital",1417955.0,13484752.049999999,False,False,,0.0
VERO,2025-04-09,2025-04-08,True,False,True,3.058219178082192,1.3904109589041096,2025-04-09,0.8118181818181818,48158077.0,0.2654545454545454,2.92,1-3,19683258.64,0.1145038167938929,0.0618181818181817,85.5593154078918,2024-10-01,0.9245454545454546,1.318181818181818,0.8118181818181818,2.058219178082192,2.482876712328767,0.6158620689655172,3.9657534246575343,430051627.61,-0.5453527435610301,,-0.6248600223964165,,-0.7290033594624861,,0.4,-0.2386363636363636,-0.45,1409269.0,True,Venus Concept Inc.,3841.0,Surgical & Medical Instruments & Apparatus,biotech/pharma/medtech,False,,,DE,False,False,False,False,False,False,False,False,2007-08-07,True,1.01;9.01,False,True,0001140361-25-012824,ef20047072_8k.htm,True,424B5,False,True,709130.0,2025-03-26,listing compliance / reverse split / financing,"false 0001409269 NASDAQ 0001409269 2025-04-04 2025-04-04 UNITED STATES SECURITIES AND EXCHANGE COMMISSION Washington, D.C. 20549 FORM 8-K CURRENT REPORT Pursuant to Section 13 or 15(d) of the Securities Exchange Act of 1",709130.0,2070659.5999999999,False,True,1-for-11,0.0
VERO,2026-01-16,2026-01-15,True,True,False,5.594405594405594,3.111888111888112,2026-01-16,0.7272727272727273,308915099.0,0.13,1.43,1-3,26413296.91,-0.065359477124183,-0.3672566371681415,7.420696159122085,2024-10-01,0.5218181818181818,1.1754545454545455,0.7272727272727273,4.594405594405594,3.013986013986014,0.6187161639597835,8.041958041958042,2471320792.0,-0.44375,,-0.8062499999999999,,-0.8575,stale_last_close,0.4572727272727273,-0.6918489065606361,,1409269.0,True,Venus Concept Inc.,3841.0,Surgical & Medical Instruments & Apparatus,biotech/pharma/medtech,False,,,DE,False,False,False,False,False,False,False,False,2007-08-07,False,,False,False,,,False,,False,False,1859123.0,2025-11-07,no 8-K/6-K on run day,,1859123.0,2658545.8899999997,False,False,,0.0
VIDA,2026-05-20,2026-05-19,False,True,False,1.812227074235808,2.1528384279475983,2026-05-21,4.93,47588732.550288,2.29,2.29,1-3,526086.55006657,,,,2026-05-15,2.75,4.3299,4.15,0.812227074235808,0.2008733624454148,0.9584516963440264,0.8907860262008735,197493240.0836952,-0.150101419878296,,-0.2941176470588235,,-0.1622718052738336,,4.02,-0.1343283582089551,0.027363184079602,1973062.0,True,VIDA Global Inc.,7372.0,Services-Prepackaged Software,tech/software/semis/telecom,False,TX,TX,DE,True,False,True,False,True,True,False,True,2023-05-09,False,,False,False,,,False,,False,True,,,no 8-K/6-K on run day,,,,True,False,,1.0
VIGL,2025-05-22,2025-05-21,True,True,False,3.411255411255411,3.4155844155844157,2025-05-22,7.88,35553456.0,2.31,2.31,1-3,108533.04,-0.0253164556962025,0.2762430939226519,0.3181849426276331,2024-10-01,7.87,7.95,7.88,2.411255411255411,2.4069264069264067,0.9911949685534592,2.441558441558441,280161233.28,0.0012690355329949,,0.0012690355329949,,0.0076142131979695,,7.89,0.0,0.0063371356147021,1827087.0,True,"Vigil Neuroscience, Inc.",2836.0,"Biological Products, (No Diagnostic Substances)",biotech/pharma/medtech,False,MA,MA,DE,True,False,True,True,False,True,False,False,2020-10-05,True,1.01;7.01;9.01,False,True,0001193125-25-124488,d928340d8k.htm,False,,False,True,46671534.0,2025-04-30,FDA / clinical,"uding VG-3927, a Phase 2-ready clinical candidate for potential treatment of Alzheimer’s disease – - Companies expect transaction to close in third quarter of 2025 - WATERTOWN, Mass., May 21, 2025 — Vigil Neuroscience, I",46671534.0,107811243.54,False,False,,0.0
VLCN,2025-07-17,2025-07-16,True,False,False,2.342725193239596,1.854883297377579,2025-07-17,0.0033765625,30489270.0,0.0014412968749999,9.2243,3-10,1093513.0921,0.1979610389610389,0.7375162463033771,2.5594899458402107,2024-10-01,0.0063635937499999,0.0068890625,0.0033765625,1.3427251932395956,3.415185976171633,0.4901338171921069,3.779766486345848,658873124.6999999,-0.2082369273484497,,-0.3720499768625634,,-0.5108745950948634,stale_last_close,0.003046875,-0.3041025641025641,,1829794.0,True,Empery Digital Inc.,6199.0,Finance Services,finance/real estate,False,TX,TX,DE,True,False,False,False,False,False,False,False,2020-10-23,True,1.01;3.01;3.02;5.02;7.01;8.01;9.01,False,True,0001683168-25-005160,volcon_8k.htm,False,,False,True,4355874.0,2025-05-08,listing compliance / reverse split / financing,"et Management, LP, has been appointed co-CEO and Chairman of the Board of Directors of the Company effective today Volcon continues to transform its electric off road power sports business with an asset light, low workin",544484.25,5022486.067275,False,True,1-for-8,0.0
VMAR,2025-12-16,2025-12-15,True,False,False,2.5677453301762694,1.3138647724283083,2025-12-16,0.0007229629629629,240271110.0,0.0002815555555555,0.3801,<1,441284.697,-0.4394632060168117,-0.68325,2.3712750896221144,2024-10-01,0.0002891851851851,0.0009259259259259,0.0007229629629629,1.5677453301762694,0.0270981320705079,0.7808,2.288608260983952,234504603.36,-0.4883196721311476,,-0.7264344262295082,,-0.8701331967213115,,0.0005851851851851,-0.6620253164556962,-0.8395569620253165,1813783.0,True,Vision Marine Technologies Inc.,3730.0,Ship & Boat Building & Repairing,other manufacturing,False,,,A8,False,False,True,True,True,False,True,True,2020-06-02,False,,False,False,,,True,424B4;EFFECT;F-1MEF,False,False,4907137.0,2025-08-31,no 8-K/6-K on run day,,4907137.0,1865202.7737,True,False,,0.0
VNCE,2025-09-10,2025-09-09,False,True,False,1.106666666666667,2.0933333333333333,2025-09-11,3.14,15604287.0,1.5,1.5,1-3,61869.0,-0.0066225165562914,-0.0445859872611464,2.2019592664762566,2024-10-01,1.54,1.66,1.66,0.1066666666666666,0.0266666666666666,1.0,0.1066666666666666,25903116.42,-0.1560509554140128,,-0.1656050955414012,,-0.0286624203821657,,3.22,-0.1863354037267081,-0.0527950310559007,1579157.0,True,VINCE HOLDING CORP.,5600.0,Retail-Apparel & Accessory Stores,retail/wholesale,False,NY,NY,DE,True,False,False,False,False,False,False,False,2013-07-12,False,,False,False,,,False,,False,False,12846578.0,2025-05-30,no 8-K/6-K on run day,,12846578.0,19269867.0,False,False,,0.0
VOR,2025-06-25,2025-06-24,False,True,False,1.7428481609556743,2.797862307450488,2025-06-26,0.89,172175645.0,0.3181,0.3181,<1,31223056.8307,0.4348218313035632,0.8012457531143826,27.670229048003943,2024-10-01,0.2955,0.6476,0.5544,0.7428481609556743,-0.0710468406161585,0.856084002470661,1.035837786859478,95454177.588,0.1910112359550562,,1.1460674157303368,,1.4719101123595508,,0.9387,1.034728880366464,1.3436667731969747,1817229.0,True,Vor Biopharma Inc.,2836.0,"Biological Products, (No Diagnostic Substances)",biotech/pharma/medtech,False,MA,MA,,True,False,False,False,False,False,False,False,2020-07-10,False,,False,False,,,False,,False,True,124959520.0,2025-05-08,no 8-K/6-K on run day,,124959520.0,39749623.312,False,False,,0.0
VRAR,2024-12-18,2024-12-17,True,True,False,2.0125786163522013,2.0125786163522013,2024-12-18,3.2,55037052.0,1.59,1.59,1-3,8175171.03,0.3947368421052633,1.6949152542372885,1.7107736944792078,2024-10-01,1.98,3.23,3.2,1.0125786163522013,0.2452830188679244,0.9907120743034056,1.031446540880503,176118566.4,0.0,,0.0312499999999997,,-0.3968750000000001,,4.18,-0.2105263157894736,-0.5382775119617225,1854445.0,True,"Brightline Interactive, Inc./NV",7371.0,Services-Computer Programming Services,tech/software/semis/telecom,False,VA,VA,NV,True,False,False,False,False,False,False,False,2021-04-06,False,,False,False,,,True,424B5,False,True,18174217.0,2024-11-07,no 8-K/6-K on run day,,18174217.0,28897005.03,False,False,,
VRAX,2026-05-18,2026-05-15,False,True,False,1.530944625407166,2.013029315960912,2026-05-19,0.309,765169225.916794,0.1535,0.1535,<1,266860.744086876,-0.1023391812865498,0.0240160106737825,0.3864184642580415,2024-10-01,0.3026,0.5335,0.235,0.5309446254071661,0.9713355048859932,0.4404873477038425,2.4755700325732897,179814768.09044656,0.0323624595469256,,-0.2906148867313916,,-0.4530744336569579,,0.246,-0.1089430894308942,-0.3130081300813008,1885827.0,True,Virax Biolabs Group Ltd,2835.0,In Vitro & In Vivo Diagnostic Substances,biotech/pharma/medtech,False,X0,United Kingdom,E9,False,False,False,False,False,False,True,False,2021-12-27,False,,False,False,,,False,,False,False,4341956.0,2025-03-31,no 8-K/6-K on run day,,4341956.0,666490.246,False,False,,0.0
VRAX,2026-07-09,2026-07-08,True,False,True,2.0,1.2830188679245282,2026-07-09,0.2544,72005303.948111,0.1272,3.18,3-10,121959.4872,0.0816326530612245,-0.3908045977011494,0.2044716917929153,2024-10-01,0.4436,0.5276,0.2544,1.0,2.4874213836477983,0.4821834723275209,3.147798742138364,457953733.109986,-0.3584905660377359,,-0.3867924528301887,,-0.5644654088050314,,0.1968,-0.2073170731707316,-0.4369918699186991,1885827.0,True,Virax Biolabs Group Ltd,2835.0,In Vitro & In Vivo Diagnostic Substances,biotech/pharma/medtech,False,X0,United Kingdom,E9,False,False,False,False,False,False,True,False,2021-12-27,False,,True,True,0001193125-26-299132,6-k_7.9.26_fosun.htm,False,,False,False,579218.0,2026-03-31,contract / partnership / order,"2 vrax-ex99_1.htm EX-99.1 EX-99.1 Exhibit 99.1 Virax Biolabs Signs Multi-Country Commercial Supply Agreement with Fosun Diagnostics LONDON, July 9, 2026",23168.72,73676.52960000001,False,True,1-for-25,0.0
VRME,2024-12-31,2024-12-30,False,True,False,1.7217369287251552,2.2154703126978097,2025-01-02,1.75,94163299.0,0.7899,0.7899,<1,329836.1733,0.2552041951374544,0.0120435618193466,1.59528756987098,2024-10-01,1.74,2.4799,1.36,0.7217369287251552,1.2028104823395367,0.5484092100487923,2.1395113305481708,128062086.64000002,-0.2285714285714285,,0.4571428571428571,,-0.2857142857142857,,1.76,0.4488636363636362,-0.2897727272727273,1104038.0,True,"VerifyMe, Inc.",6199.0,Finance Services,finance/real estate,False,FL,FL,NV,True,False,False,False,False,False,False,False,2000-11-13,False,,False,False,,,False,,False,True,10499541.0,2024-11-04,no 8-K/6-K on run day,,10499541.0,8293587.435900001,False,False,,
VRME,2025-07-31,2025-07-30,True,False,False,2.025651450963933,1.7633368745801143,2025-07-31,1.39,175136311.0,0.686199,0.686199,<1,11242118.301825,-0.085068,-0.0813935742971887,292.3684842168568,2024-10-01,1.23,1.48,1.39,1.0256514509639332,0.792482938622761,0.9391891891891893,1.1568087391558426,243439472.29,-0.1294964028776978,,-0.3386330935251798,,-0.3420143884892086,,1.1,-0.1642727272727273,-0.1685454545454546,1104038.0,True,"VerifyMe, Inc.",6199.0,Finance Services,finance/real estate,False,FL,FL,NV,True,False,False,False,False,False,False,False,2000-11-13,True,1.01,False,True,0001214659-25-011137,o7302528k.htm,False,,False,True,12420564.0,2025-05-06,other,"false 0001104038 0001104038 2025-07-29 2025-07-29 iso4217:USD xbrli:shares iso4217:USD xbrli:shares UNITED STATES SECURITIES AND EXCHANGE COMMISSION WASHINGTON, D.C. 20549 FORM 8-K CURRENT REPORT PURSUANT TO SECTION 13 O",12420564.0,8522978.596236,False,False,,0.0
VS,2024-10-16,2024-10-15,True,True,False,3.4347826086956528,2.634782608695652,2024-10-16,3.95,110118661.0,1.15,1.15,1-3,2568314.55,0.0176991150442478,,,2024-10-01,3.74,9.59,3.95,2.4347826086956528,2.2521739130434786,0.4118873826903024,7.339130434782609,434968710.9500001,-0.2329113924050634,,-0.3088607594936708,,-0.6050632911392405,,3.03,-0.0990099009900989,-0.4851485148514851,1701963.0,True,Versus Systems Inc.,7374.0,Services-Computer Processing & Data Preparation,tech/software/semis/telecom,False,,,A1,False,False,False,False,False,False,True,False,2017-04-10,True,1.01,False,True,0001213900-24-087879,ea021771302-8k_versus.htm,False,,False,False,2550728.0,2024-08-12,listing compliance / reverse split / financing,false 0001701963 A1 CA 0001701963 2024-10-07 2024-10-07 0001701963 VS:CommonSharesMember 2024-10-07 2024-10-07 0001701963 VS:UnitWarrantsMember 2024-10-07 2024-10-07 iso4217:USD xbrli:shares iso4217:USD xbrli:shares UNIT,2550728.0,2933337.1999999997,False,False,,
VSA,2026-03-26,2026-03-25,True,False,False,2.4035087719298254,1.333684210526316,2026-03-26,0.0274,115032274.86287,0.0113999999999999,0.57,<1,5502.78,-0.1768953068592059,-0.625,0.1064250189050061,2025-04-07,0.013504,0.033798,0.0274,1.4035087719298254,0.1845614035087721,0.8106988579205872,1.964736842105264,157594216.5621319,-0.4451094890510949,,-0.4813868613138686,,-0.3960583941605841,,0.0383,-0.6289817232375979,-0.5679373368146214,1592560.0,True,VisionSys AI Inc,8200.0,Services-Educational Services,other services,False,,,E9,False,False,False,False,False,False,True,False,2013-11-26,False,,False,False,,,True,424B5,False,False,54563321.0,2015-12-31,no 8-K/6-K on run day,,,,False,False,,1.0
VSEE,2025-10-28,2025-10-27,False,True,False,1.7165991902834008,2.234817813765182,2025-10-29,1.38,337734709.0,0.6175,0.6175,<1,1296767.9075000002,0.2645914396887161,-0.0135782747603833,0.1248833668645002,2024-10-01,2.39,2.52,1.06,0.7165991902834008,2.8704453441295548,0.4206349206349206,3.080971659919028,357998791.54,-0.1666666666666666,,-0.2681159420289855,,-0.608695652173913,,1.14,-0.1140350877192981,-0.5263157894736841,1864531.0,True,"VSEE HEALTH, INC.",8000.0,Services-Health Services,biotech/pharma/medtech,False,FL,FL,DE,True,False,False,False,False,False,False,False,2021-06-22,False,,False,False,,,False,,False,False,17022690.0,2025-10-14,no 8-K/6-K on run day,,17022690.0,10511511.075000001,False,False,,0.0
VSME,2024-10-16,2024-10-15,True,True,False,2.303621458960258,2.3347514786759365,2024-10-16,0.3171428571428571,26682381.0,0.1376714285714285,0.9637,<1,541243.7947,0.1064293915040184,,,2024-10-01,0.1528571428571428,0.3857142857142857,0.3171428571428571,1.303621458960258,0.1103040365258898,0.8222222222222223,1.801701774411124,59234885.82000001,0.0135135135135133,,0.0045045045045044,,-0.4504504504504505,,0.4885714285714285,-0.347953216374269,-0.6432748538011697,1951294.0,True,VS MEDIA Holdings Ltd,7311.0,Services-Advertising Agencies,other services,False,K3,Hong Kong,D8,False,True,False,False,False,False,True,False,2022-12-07,False,,False,False,,,False,,False,False,20000000.0,2023-12-31,no 8-K/6-K on run day,,2857142.8571428573,2753428.5714285714,False,False,,
VSME,2026-06-10,2026-06-09,True,False,False,2.48967694923488,1.3480689822686422,2026-06-10,0.0146428571428571,226411370.535111,0.0058814285714285,0.8234,<1,2328462.082860109,-0.0532367483040129,-0.0901657458563536,21.996981303760524,2024-10-01,0.0264285714285714,0.0384285714285714,0.0146428571428571,1.4896769492348794,3.493563274228808,0.3810408921933085,5.533883896040807,464143309.59697753,-0.4585365853658536,,0.3609756097560976,,-0.2439024390243902,,0.0097142857142857,1.051470588235294,0.1397058823529409,1951294.0,True,VS MEDIA Holdings Ltd,7311.0,Services-Advertising Agencies,other services,False,K3,Hong Kong,D8,False,True,False,False,False,False,True,False,2022-12-07,False,,False,False,,,False,,False,False,55013689.0,2025-12-31,no 8-K/6-K on run day,,2750684.45,2264913.5761300004,False,False,,0.0
VSTE,2024-10-30,2024-10-29,True,False,False,2.247524752475248,1.98019801980198,2024-10-30,2.27,57032331.0,1.01,1.01,1-3,118576.02,0.01,-0.0982142857142858,10.450224311044648,2024-10-01,1.14,2.76,2.27,1.2475247524752475,0.1287128712871286,0.8224637681159421,1.7326732673267324,129463391.37,-0.118942731277533,,0.3700440528634361,,-0.0881057268722468,,2.06,0.5097087378640777,0.0048543689320388,1964630.0,True,Vast Renewables Ltd,3433.0,"Heating Equipment, Except Electric & Warm Air Furnaces",other manufacturing,False,C3,Australia,C3,False,False,False,False,False,False,True,True,2023-02-14,False,,False,False,,,False,,False,False,29973504.0,2024-06-30,no 8-K/6-K on run day,,29973504.0,30273239.04,True,False,,
VTAK,2024-10-18,2024-10-17,True,True,False,2.064896755162242,2.076242341729068,2024-10-18,0.091,177843861.0,0.04407,0.4407,<1,4781199.6921,0.2415693301103803,,,2024-10-01,0.131,0.174,0.091,1.064896755162242,1.9725436805082823,0.5229885057471264,2.9482641252552764,161837913.51000002,0.0054945054945054,,-0.3185714285714286,,-0.4835164835164836,,0.101,-0.386039603960396,-0.5346534653465347,1716621.0,True,"Catheter Precision, Inc.",3841.0,Surgical & Medical Instruments & Apparatus,biotech/pharma/medtech,False,SC,SC,DE,True,False,True,False,True,True,False,False,2017-09-20,False,,False,False,,,True,424B3,False,False,988752.0,2024-08-09,no 8-K/6-K on run day,,988752.0,435743.00639999995,False,False,,
VTAK,2025-06-11,2025-06-10,True,False,False,2.650618374558304,1.8992932862190812,2025-06-11,0.06001,685603125.0,0.02264,0.2264,<1,22157204.7168,0.1539245667686033,-0.2296699557672677,64.5356344572339,2024-10-01,0.07121,0.082529,0.06001,1.650618374558304,2.145318021201413,0.7271383392504452,2.645273851590106,411430435.3125,-0.2834527578736876,,-0.4564239293451091,,-0.5974004332611231,,0.04416,-0.2613224637681159,-0.4528985507246377,1716621.0,True,"Catheter Precision, Inc.",3841.0,Surgical & Medical Instruments & Apparatus,biotech/pharma/medtech,False,SC,SC,DE,True,False,True,True,False,True,False,False,2017-09-20,False,,False,False,,,True,424B5,False,False,11017298.0,2025-05-05,no 8-K/6-K on run day,,11017298.0,2494316.2672,False,False,,0.0
VVPR,2025-03-24,2025-03-21,True,False,False,2.496124031007752,1.7519379844961238,2025-03-24,3.22,64045952.0,1.29,1.29,1-3,83957836.26,0.8732683159172625,0.6368481157213552,269.9142256807047,2024-10-01,1.285,4.37,3.22,1.496124031007752,-0.0038759689922481,0.736842105263158,2.387596899224806,206227965.44,-0.298136645962733,,0.2422360248447204,,-0.2111801242236025,,2.81,0.4234875444839858,-0.096085409252669,1681348.0,True,VivoPower PLC,4931.0,Electric & Other Services Combined,other,False,,,X0,False,False,False,False,False,False,True,True,2016-08-11,False,,True,True,0001641172-25-000244,form6-k.htm,False,,False,False,4439733.0,2024-06-30,earnings / business update,2 ex99-1.htm Exhibit 99.1 VivoPower Receives Non-Binding All Cash Takeover Offer at Enterprise Value of US$120 Million Unsolicited takeover proposal is not hostile and from an Emirates headquartered energy solutions grou,4439733.0,5727255.57,True,False,,0.0
VWAV,2025-07-28,2025-07-25,True,True,False,4.680851063829787,3.2893617021276595,2025-07-28,11.0,254749756.0,2.35,2.35,1-3,535304.15,-0.189655172413793,,,2025-07-15,4.1,12.59,11.0,3.6808510638297873,0.7446808510638296,0.8737092930897538,4.357446808510638,2802247316.0,-0.2972727272727272,,-0.3409090909090909,,-0.1127272727272727,,7.15,0.0139860139860139,0.3650349650349649,2038439.0,True,"VisionWave Holdings, Inc.",7372.0,Services-Prepackaged Software,tech/software/semis/telecom,False,CA,CA,DE,True,False,True,False,False,True,False,True,2024-10-01,True,1.01;2.03;3.02;9.01,False,True,0001731122-25-001035,e6737_8k.htm,False,,False,False,,,listing compliance / reverse split / financing,false 0002038439 0002038439 2025-07-25 2025-07-25 0002038439 VWAV:CommonStockParValue0.01PerShareMember 2025-07-25 2025-07-25 0002038439 VWAV:RedeemableWarrantsEachWholeWarrantExercisableForOneShareOfCommonStockAtExercis,,,True,False,,1.0
WAI,2024-11-27,2024-11-26,False,True,False,1.8708333333333331,2.1845833333333333,2024-11-29,0.5243,122112031.0,0.24,0.24,<1,39221.28,-0.4545454545454546,-0.5,4.960102952290476,2024-10-21,0.305,0.8,0.449,0.8708333333333333,0.2708333333333332,0.56125,2.333333333333333,54828301.919,-0.1422849513637231,,-0.294106427617776,,-0.258439824527942,,0.5,-0.2598,-0.2224,,False,,,,,,,,,,,,,,,,,,,,,,,,,,,,,,no 8-K/6-K on run day,,,,,False,,
WATT,2024-12-30,2024-12-27,True,True,False,6.54320987654321,2.493827160493827,2024-12-30,2.65,226214209.0,0.405,0.405,<1,1234374.7950000002,0.3682432432432434,-0.1392136025504781,2.598665069926584,2024-10-01,1.25,2.7,2.65,5.54320987654321,2.08641975308642,0.9814814814814814,5.666666666666667,599467653.85,-0.6188679245283019,,-0.6429056603773584,,-0.8298490566037735,,1.55,-0.3894838709677419,-0.7090967741935483,1575793.0,True,Energous Corp,3663.0,Radio & Tv Broadcasting & Communications Equipment,tech/software/semis/telecom,False,CA,CA,DE,True,False,True,True,False,False,False,False,2013-05-22,False,,False,False,,,True,424B5,False,True,8786374.0,2024-11-07,no 8-K/6-K on run day,,8786374.0,3558481.47,False,False,,
WBUY,2024-11-07,2024-11-06,True,True,True,2.00352733686067,2.1164021164021163,2024-11-07,0.2272,1491276772.0,0.1134,0.1134,<1,536644.7478,-0.0462573591253154,-0.1402577710386655,4.709496194291323,2024-10-01,0.3198,0.5773,0.2272,1.00352733686067,1.82010582010582,0.3935562099428373,4.090828924162258,338818082.5984,0.056338028169014,,-0.1223591549295775,,-0.2143485915492958,,0.2011,-0.0084535057185479,-0.1123818995524614,1946703.0,True,WEBUY GLOBAL LTD,5900.0,Retail-Miscellaneous Retail,retail/wholesale,False,,,E9,False,False,True,False,True,True,True,True,2022-09-21,False,,False,False,,,False,,False,False,,,no 8-K/6-K on run day,,,,True,False,,
WBUY,2025-12-08,2025-12-05,True,False,False,2.060913705583756,1.0913705583756346,2025-12-08,4.06,19444063.0,1.97,1.97,1-3,187023.92,0.2468354430379746,-0.0963302752293578,0.0718183432261078,2024-10-01,2.01,4.9599,4.06,1.060913705583756,0.0203045685279186,0.8185648904211777,1.5177157360406093,78942895.77999999,-0.4704433497536945,,-0.5615763546798029,,-0.625615763546798,,2.93,-0.3924914675767919,-0.4812286689419796,1946703.0,True,WEBUY GLOBAL LTD,5900.0,Retail-Miscellaneous Retail,retail/wholesale,False,,,E9,False,False,False,False,False,False,True,True,2022-09-21,False,,False,False,,,False,,False,False,,,no 8-K/6-K on run day,,,,True,False,,0.0
WCT,2026-06-03,2026-06-02,True,True,False,2.7934782608695654,2.2826086956521743,2026-06-03,0.0514,85220569.940817,0.0184,0.92,<1,5579940.118323,-0.5720930232558139,-0.5515039243406621,154.73429934595325,2024-10-02,0.0319,0.0722,0.0514,1.7934782608695654,0.7336956521739129,0.7119113573407202,2.9239130434782608,219016864.74789968,-0.1828793774319066,,-0.3346303501945525,,-0.5369649805447472,,0.04,-0.145,-0.405,1990251.0,True,Wellchange Holdings Co Ltd,7372.0,Services-Prepackaged Software,tech/software/semis/telecom,False,F4,China,,False,True,False,False,False,False,True,False,2023-09-28,False,,False,False,,,False,,False,False,46265000.0,2024-12-31,no 8-K/6-K on run day,,,,False,True,1-for-50,0.0
WETO,2026-08-14,2026-08-13,True,True,False,2.277008310249308,6.811634349030471,2026-08-14,0.0822,63041918.203572,0.0361,3.61,3-10,320965.16236636,-0.3743500866551126,-0.9405467720685112,0.0930981856261309,2025-02-27,0.1065,0.1295,0.0822,1.277008310249308,1.950138504155125,0.6347490347490348,2.587257617728532,518204567.6333619,1.9914841849148412,,2.1642335766423355,,-0.7165450121654502,,0.1016,1.5600393700787398,-0.7706692913385826,1941158.0,True,Wetour Robotics Ltd,4100.0,Local & Suburban Transit & Interurban Hwy Passenger Trans,other,False,TX,TX,E9,True,False,True,False,False,True,True,False,2022-09-23,False,,False,False,,,True,424B5,False,False,22000000.0,2025-06-30,no 8-K/6-K on run day,,220000.0,794200.0,False,True,1-for-100,0.0
WGRX,2025-08-22,2025-08-21,False,True,False,1.2491738268341044,2.16787838730998,2025-08-25,1.64,2015584.0,0.7565,0.7565,<1,2190472.2275,0.1324850299401196,-0.2036842105263158,0.5616830198088494,2025-02-21,0.7795,0.947,0.945,0.2491738268341043,0.0304031725049571,0.9978880675818372,0.2518175809649703,1904726.88,0.0548780487804878,,-0.1463414634146341,,-0.3780487804878049,,1.53,-0.0849673202614379,-0.3333333333333333,,False,,,,,,,,,,,,,,,,,,,,,,,,,,,,,,no 8-K/6-K on run day,,,,,False,,1.0
WGRX,2025-10-24,2025-10-23,True,True,False,2.8543062794738145,2.035492678083892,2025-10-24,1.15,724556732.0,0.4029,0.4029,<1,17882784.590099998,-0.2121626906531091,-0.6010891089108912,32.79997144562192,2025-02-21,0.88725,1.46,1.15,1.8543062794738143,1.2021593447505583,0.7876712328767123,2.623727972201539,833240241.8,-0.2868695652173911,,-0.3919999999999999,,-0.5651304347826087,,0.915,-0.2358469945355191,-0.4534426229508197,,False,,,,,,,,,,,,,,,,,,,,,,,,,,,,,,no 8-K/6-K on run day,,,,,False,,1.0
WGRX,2026-05-18,2026-05-15,True,True,False,2.083832335329341,2.0119760479041915,2026-05-18,0.174,642518124.386176,0.0835,0.0835,<1,428347.9924512935,-0.0083135391923989,-0.4201388888888888,0.4129850245466392,2025-02-21,0.089,0.2194,0.174,1.0838323353293409,0.0658682634730538,0.7930720145852324,1.6275449101796409,111798153.64319462,-0.0344827586206895,,-0.560919540229885,,-0.5758620689655172,,0.129,-0.4077519379844961,-0.427906976744186,,False,,,,,,,,,,,,,,,,,,,,,,,,,,,,,,no 8-K/6-K on run day,,,,,False,,0.0
WHLR,2025-06-20,2025-06-18,True,False,False,2.105263157894737,1.880116959064328,2025-06-20,0.0017142857142857,52350711.0,0.0008142857142857,3.42,3-10,11745531.72,-0.2279909706546276,-0.6059907834101383,13.65298130212833,2024-10-01,0.0018047619047619,0.0023928571428571,0.0017142857142857,1.1052631578947372,1.216374269005848,0.7164179104477612,1.9385964912280709,376925119.2,-0.1069444444444445,,-0.1416666666666667,,-0.3680555555555556,,0.0015809523809523,-0.0692771084337348,-0.3147590361445782,1527541.0,True,"Wheeler Real Estate Investment Trust, Inc.",6798.0,Real Estate Investment Trusts,finance/real estate,False,VA,VA,MD,True,False,True,False,False,True,False,False,2019-02-27,False,,False,False,,,False,,True,True,3071015.0,2025-05-02,no 8-K/6-K on run day,,438716.4285714286,1500410.1857142858,False,True,1-for-7;1-for-5,0.0
WHLR,2025-12-04,2025-12-03,False,True,False,1.0418006430868167,2.0610932475884245,2025-12-05,0.000152619047619,408002.0,7.404761904761905e-05,3.11,3-10,270417.61,-0.2025641025641025,-0.4042145593869731,0.4164415657064913,2024-10-01,7.333333333333333e-05,7.952380952380952e-05,7.714285714285715e-05,0.0418006430868167,-0.0096463022508039,0.9700598802395212,0.0739549839228295,1321926.48,-0.2605304212168485,,-0.5179407176287052,,-0.6957878315132605,,0.0001383333333333,-0.4681583476764199,-0.6643717728055077,1527541.0,True,"Wheeler Real Estate Investment Trust, Inc.",6798.0,Real Estate Investment Trusts,finance/real estate,False,VA,VA,MD,True,False,True,False,False,True,False,False,2019-02-27,True,3.02,False,True,0001527541-25-000293,whlr-20251201.htm,True,424B3,True,True,1227937.0,2025-11-04,merger / acquisition / buyout,"XML 7 R1.htm IDEA: XBRL DOCUMENT v3.25.3 Cover Dec. 01, 2025 Document Information [Line Items] Document Type 8-K Document Period End Date Dec. 01, 2025 Entity Registrant Name WHEELER REAL ESTATE INVESTMENT TRUST, INC. En",613968.5,1909442.035,False,True,1-for-2;1-for-5,0.0
WIMI,2024-12-26,2024-12-24,False,True,False,1.1517857142857142,2.0446428571428568,2024-12-27,2.29,26968961.0,1.12,1.12,1-3,3236941.12,0.2724380822540333,0.3221579506551766,0.6803557776018634,2024-10-01,1.08,1.42,1.29,0.1517857142857142,-0.0357142857142857,0.9084507042253522,0.2678571428571425,34789959.69,0.0480349344978165,,-0.3930131004366812,,-0.5874235807860262,,1.99,-0.3015075376884423,-0.5252261306532664,1770088.0,True,WiMi Hologram Cloud Inc.,7372.0,Services-Prepackaged Software,tech/software/semis/telecom,False,,,E9,False,False,False,False,False,False,True,False,2019-03-15,False,,False,False,,,True,EFFECT;F-3/A,False,False,,,no 8-K/6-K on run day,,,,False,False,,
WLDS,2025-09-10,2025-09-09,True,True,True,5.078431372549019,7.950980392156862,2025-09-10,0.06475,290202930.0,0.01275,1.02,1-3,24958771.68,-0.0810810810810811,-0.3061224489795917,20.095994255045447,2024-10-01,0.087375,0.136125,0.06475,4.078431372549019,5.852941176470589,0.475665748393021,9.676470588235295,1503251177.4,0.5656370656370655,,0.0714285714285714,,-0.2277992277992278,,0.0826875,-0.1609977324263038,-0.3953136810279668,1887673.0,True,Wearable Devices Ltd.,3576.0,Computer Communications Equipment,tech/software/semis/telecom,False,L3,Israel,L3,False,False,False,False,False,False,True,True,2021-11-23,False,,True,True,0001213900-25-086386;0001213900-25-086155,ea0256797-6k_wearable.htm;ea0255783-6k_wearable.htm,True,424B5;F-1,False,False,707463.0,2024-12-31,AI pivot / AI product,"ELEASE ISSUED BY WEARABLE DEVICES LTD., DATED SEPTEMBER 10, 2025, TITLED ""WEARABLE DEVICES SECURES U.S. PATENT FOR BREAKTHROUGH VOICE AND GESTURE CONTROL TECHNOLOGY, ENHANCING LEADERSHIP IN AI WEARABLES MARKET."" Exhibit ",176865.75,180403.065,True,False,,0.0
WLDS,2026-07-23,2026-07-22,False,True,False,1.5067567567567566,2.385135135135135,2026-07-24,0.0049027777777777,29969407.303087,0.0020555555555555,1.48,1-3,61128.17397,0.0068027210884353,-0.2169312169312169,0.647416935912052,2024-10-01,0.0023888888888888,0.0035833333333333,0.0030972222222222,0.5067567567567566,0.162162162162162,0.8643410852713177,0.7432432432432434,66831778.28588401,-0.0991501416430594,,-0.2747875354107648,,-0.2662889518413598,,0.0045,-0.2098765432098766,-0.2006172839506174,1887673.0,True,Wearable Devices Ltd.,3576.0,Computer Communications Equipment,tech/software/semis/telecom,False,L3,Israel,L3,False,False,True,True,False,False,True,False,2021-11-23,False,,False,False,,,False,,False,True,2882802.0,2025-12-31,no 8-K/6-K on run day,,320311.3333333333,474060.7733333333,False,True,1-for-3,0.0
WLDSW,2025-02-07,2025-02-06,True,True,False,3.157894736842105,2.157894736842105,2025-02-07,0.03,99176.0,0.0095,0.19,<1,1366.48,0.1189634864546524,-0.4723687864482088,0.6314172208687254,2024-10-03,0.00764,0.03644,0.03,2.157894736842105,-0.1957894736842106,0.823271130625686,2.8357894736842097,59505.6,-0.3166666666666666,,0.6666666666666667,,-0.2481666666666665,,0.02408,1.0764119601328903,-0.063330564784053,1887673.0,True,Wearable Devices Ltd.,3576.0,Computer Communications Equipment,tech/software/semis/telecom,False,L3,Israel,L3,False,False,True,False,True,True,True,True,2021-11-23,False,,False,False,,,False,,False,False,20387428.0,2023-12-31,no 8-K/6-K on run day,,1019371.4,193680.56600000002,True,False,,
WLDSW,2025-09-10,2025-09-09,False,True,False,1.1092896174863385,2.1311475409836063,2025-09-11,0.04875,42347.0,0.022875,1.83,1-3,913.17,,0.0764705882352942,,2024-10-03,0.034875,0.037375,0.0253749999999999,0.1092896174863384,0.5245901639344261,0.6789297658862875,0.6338797814207651,85964.40999999999,0.205128205128205,,0.4717948717948719,,0.0128205128205127,,0.05,0.435,-0.0124999999999999,1887673.0,True,Wearable Devices Ltd.,3576.0,Computer Communications Equipment,tech/software/semis/telecom,False,L3,Israel,L3,False,False,False,False,False,False,True,True,2021-11-23,False,,True,True,0001213900-25-086386;0001213900-25-086155,ea0256797-6k_wearable.htm;ea0255783-6k_wearable.htm,True,424B5;F-1,False,False,707463.0,2024-12-31,AI pivot / AI product,"ELEASE ISSUED BY WEARABLE DEVICES LTD., DATED SEPTEMBER 10, 2025, TITLED ""WEARABLE DEVICES SECURES U.S. PATENT FOR BREAKTHROUGH VOICE AND GESTURE CONTROL TECHNOLOGY, ENHANCING LEADERSHIP IN AI WEARABLES MARKET."" Exhibit ",176865.75,323664.3225,True,False,,0.0
WLDSW,2026-05-28,2026-05-27,False,True,False,1.5223097112860893,2.073490813648294,2026-05-29,0.0329166666666666,2999.0,0.015875,3.81,3-10,11967.21,-0.1035294117647058,,,2024-10-03,0.0187083333333333,0.0241666666666666,0.0241666666666666,0.5223097112860893,0.1784776902887139,1.0,0.5223097112860893,17394.2,0.3797468354430378,,-0.1455696202531646,,-0.2164556962025317,gap_last_close,0.0279166666666666,0.0074626865671643,,1887673.0,True,Wearable Devices Ltd.,3576.0,Computer Communications Equipment,tech/software/semis/telecom,False,L3,Israel,L3,False,False,True,True,False,False,True,False,2021-11-23,False,,False,False,,,False,,False,True,2882802.0,2025-12-31,no 8-K/6-K on run day,,960934.0,3661158.54,False,True,1-for-3,0.0
WLGS,2025-07-22,2025-07-21,False,True,False,1.3610038610038608,2.5482625482625485,2025-07-23,0.132,396015160.0,0.0518,0.0518,<1,6452692.9516,0.2046511627906977,-0.097560975609756,2.0216082761025747,2024-10-01,0.074,0.08,0.0705,0.3610038610038608,0.4285714285714286,0.8812499999999999,0.5444015444015444,27919068.78,-0.3431818181818182,,-0.5446969696969697,,-0.6363636363636364,,0.108,-0.4435185185185185,-0.5555555555555556,1899658.0,True,"WANG & LEE GROUP, Inc.",1700.0,Construction - Special Trade Contractors,other,False,K3,Hong Kong,D8,False,True,True,False,False,True,True,False,2022-01-10,False,,False,False,,,False,,False,False,17357924.0,2024-12-31,no 8-K/6-K on run day,,17357924.0,899140.4632,False,False,,0.0
WNW,2025-04-21,2025-04-17,False,True,False,1.149212233549583,2.270620945319741,2025-04-22,0.1225,6201166.0,0.05395,1.079,1-3,46138.04,-0.2558620689655172,-0.6214035087719298,0.4731414364539709,2024-10-01,0.0555,0.0675,0.062,0.1492122335495829,0.0287303058387398,0.9185185185185184,0.2511584800741429,7689445.84,-0.1387755102040817,,-0.0816326530612245,,-0.2897959183673469,,0.1095,0.0273972602739727,-0.2054794520547944,1787803.0,True,Meiwu Technology Co Ltd,2840.0,"Soap, Detergents, Cleang Preparations, Perfumes, Cosmetics",other manufacturing,False,,,D8,False,False,False,False,False,False,True,True,2019-12-16,False,,False,False,,,False,,False,False,2923325.0,2023-12-31,no 8-K/6-K on run day,,,,True,True,1-for-20,0.0
WOK,2026-05-11,2026-05-08,True,True,False,3.0625,5.203124999999999,2026-05-11,0.000392,152415647.280156,0.000128,1.28,1-3,21790.29375232,-0.0077519379844961,-0.0153846153846153,0.5129471434790704,2024-10-01,0.000158,0.000409,0.000392,2.0625,0.234375,0.9584352078239609,2.1953125,597469337.3382114,0.6989795918367347,,-0.903061224489796,,-0.9743622448979592,,0.000247,-0.8461538461538461,-0.9593117408906884,1929783.0,True,WORK Medical Technology Group LTD,3841.0,Surgical & Medical Instruments & Apparatus,biotech/pharma/medtech,False,,,F4,False,False,False,False,False,False,True,True,2022-06-23,False,,False,False,,,False,,False,False,14591942.0,2024-09-30,no 8-K/6-K on run day,,,,True,False,,0.0
WOLF,2025-07-03,2025-07-02,False,True,False,1.5263225973354029,2.9879705083430346,2025-07-07,2.31,209734436.0,0.7731,0.7731,<1,63129145.7574,0.3329310344827587,-0.4477857142857142,1.356859169049726,2024-10-01,0.8,1.35,1.18,0.5263225973354029,0.0347949812443411,0.874074074074074,0.7462165308498254,247486634.48,0.0909090909090908,,-0.380952380952381,,-0.3463203463203463,,3.2999,-0.5666535349556048,-0.5424103760720023,895419.0,True,"WOLFSPEED, INC.",3674.0,Semiconductors & Related Devices,tech/software/semis/telecom,False,NC,NC,DE,True,False,False,False,False,False,False,False,2012-08-17,False,,False,False,,,False,,False,True,155626720.0,2025-05-02,no 8-K/6-K on run day,,155626720.0,120315017.23200001,False,False,,0.0
WOLF,2025-09-29,2025-09-26,True,True,False,18.26446280991736,23.63636363636364,2025-09-29,22.1,24361660.0,1.21,1.21,1-3,143430796.07999998,-0.4573991031390134,0.0168067226890755,2.4161926509605838,2024-10-01,18.0,22.1,22.1,17.264462809917358,13.87603305785124,1.0,17.264462809917358,538392686.0,0.2941176470588236,,0.1841628959276018,,0.3977375565610859,,28.85,-0.092894280762565,0.0707105719237435,895419.0,True,"WOLFSPEED, INC.",3674.0,Semiconductors & Related Devices,tech/software/semis/telecom,False,NC,NC,DE,True,False,False,False,False,False,False,True,2012-08-17,True,8.01,False,True,0001193125-25-223057,d69265d8k.htm,False,,False,True,156471999.0,2025-08-20,other,"8-K 0000895419 false 0000895419 2025-09-29 2025-09-29 UNITED STATES SECURITIES AND EXCHANGE COMMISSION Washington, D.C. 20549 FORM 8-K CURRENT REPORT Pursuant to Section 13 OR 15(d) of The Securities Exchange Act of 1934",156471999.0,189331118.79,True,False,,0.0
WORX,2024-11-21,2024-11-20,True,True,False,2.163265306122449,2.142857142857143,2024-11-21,2.12,144385787.0,0.98,0.98,<1,2150235.64,-0.1090909090909091,-0.234375,72.84225553176303,2024-10-01,1.66,2.75,2.12,1.1632653061224492,0.693877551020408,0.770909090909091,1.806122448979592,306097868.44,-0.0094339622641509,,0.1226415094339621,,-0.240566037735849,,2.0,0.1899999999999999,-0.1949999999999999,1674227.0,True,SCWorx Corp.,7374.0,Services-Computer Processing & Data Preparation,tech/software/semis/telecom,False,MA,MA,DE,True,False,False,False,False,False,False,False,2016-05-12,False,,False,False,,,False,,False,False,1626967.0,2024-11-14,no 8-K/6-K on run day,,1626967.0,1594427.66,False,False,,
WSHP,2025-11-19,2025-11-18,True,True,False,6.0606060606060606,4.692424242424242,2025-11-19,200.0,268914.0,33.0,33.0,>10,900042.0,,,,2025-11-14,38.0,250.0,200.0,5.0606060606060606,0.1515151515151516,0.8,6.575757575757576,53782800.0,-0.22575,,-0.2739499999999999,,-0.42045,,132.99,0.0918866080156401,-0.1284307090758704,2048271.0,True,WeShop Holdings Ltd,5900.0,Retail-Miscellaneous Retail,retail/wholesale,False,Y9,Jersey,D8,False,False,True,False,True,True,True,True,2024-12-23,False,,False,False,,,False,,True,False,,,no 8-K/6-K on run day,,,,True,False,,1.0
WSHP,2026-04-15,2026-04-14,False,True,False,1.467857142857143,2.5473214285714287,2026-04-16,14.265,273801.403158,5.6,5.6,3-10,272255.5249624,0.1313131313131312,-0.5725190839694656,0.1473276524945872,2025-11-14,5.85,8.9999,8.22,0.4678571428571429,0.0446428571428572,0.91334348159424,0.6071250000000001,2250647.53395876,0.1125131440588853,,-0.2737469330529268,,-0.5071854188573431,,19.09,-0.4573074908328968,-0.6317443687794657,2048271.0,True,WeShop Holdings Ltd,5900.0,Retail-Miscellaneous Retail,retail/wholesale,False,Y9,Jersey,D8,False,False,False,False,False,False,True,True,2024-12-23,False,,False,False,,,False,,False,False,,,no 8-K/6-K on run day,,,,True,False,,1.0
WTO,2026-02-17,2026-02-13,True,True,False,4.155927835051546,4.252577319587629,2026-02-17,0.0001032,94661.0,2.4832e-05,0.6208,<1,110616.6272,-0.0027309236947792,-0.1944985078500065,0.1780984237074085,2024-10-01,0.0001244,0.0001436,0.0001032,3.1559278350515463,4.009664948453608,0.7186629526462397,4.782860824742268,244225.38,0.0232558139534884,,0.306201550387597,,0.1589147286821706,,0.0001072,0.2574626865671643,0.1156716417910448,1789299.0,True,UTime Ltd,3600.0,Electronic & Other Electrical Equipment (No Computer Equip),other manufacturing,False,,,E9,False,False,False,False,False,False,True,False,2019-10-01,False,,False,False,,,False,,False,False,3604015.0,2025-03-31,no 8-K/6-K on run day,,36040.15,22373.725120000003,False,True,1-for-100,0.0
WVE,2025-12-08,2025-12-05,True,True,False,2.472630173564753,2.8451268357810413,2025-12-08,18.52,147247924.0,7.49,7.49,3-10,19047070.0,-0.0347938144329896,-0.049492385786802,1.0566498751580429,2024-10-01,12.825,19.6,18.52,1.472630173564753,0.7122830440587449,0.9448979591836734,1.6168224299065423,2727031552.48,0.1506479481641467,,-0.1301295896328294,,-0.1668466522678185,,19.9,-0.1904522613065326,-0.2246231155778894,1631574.0,True,"Wave Life Sciences, Inc.",2834.0,Pharmaceutical Preparations,biotech/pharma/medtech,False,MA,MA,DE,True,False,False,False,False,False,False,False,2015-02-02,True,7.01;8.01;9.01,False,True,0001193125-25-310595,d20484d8k.htm,True,424B5,True,True,167181784.0,2025-11-07,FDA / clinical,"pected in 1Q 2026, including six-month follow-up from the 240 mg single-dose cohort and three-month follow-up from 400 mg single-dose cohort Investor conference call and webcast at 8:30 a.m. ET today CAMBRIDGE, Mass., De",167181784.0,1252191562.16,False,False,,0.0
WW,2024-10-08,2024-10-07,False,True,False,1.4694704839118318,2.026855839878389,2024-10-09,1.6,40698052.0,0.7894,0.7894,<1,786284.2382,,,,2024-10-01,0.92,1.19,1.16,0.4694704839118317,0.1654421079300736,0.9747899159663864,0.5074740309095516,47209740.32,0.2249999999999998,,-0.1125,,-0.3531250000000001,,1.53,-0.0718954248366013,-0.3235294117647059,105319.0,True,"WW INTERNATIONAL, INC.",7200.0,Services-Personal Services,other services,False,NY,NY,VA,True,False,False,False,False,False,False,False,2016-07-07,False,,False,False,,,False,,False,True,79731946.0,2024-07-25,no 8-K/6-K on run day,,79731946.0,62940398.1724,False,False,,
WW,2025-04-25,2025-04-24,True,True,False,2.680216802168021,2.801490514905149,2025-04-25,0.3956,223581940.0,0.1476,0.1476,<1,627658.9632,-0.0477419354838709,-0.7121684867394695,0.79908362762333,2024-10-01,0.1481,0.4091,0.3956,1.6802168021680215,0.0033875338753388,0.9670007333170374,1.771680216802168,88449015.464,0.0452477249747218,,0.4658746208291202,,-0.3690596562184024,gap_last_close,0.476,0.2182773109243696,,105319.0,True,"WW INTERNATIONAL, INC.",7200.0,Services-Personal Services,other services,False,NY,NY,VA,True,False,False,False,False,False,False,False,2016-07-07,False,,False,False,,,False,,False,True,80127091.0,2025-02-03,no 8-K/6-K on run day,,80127091.0,11826758.6316,False,False,,0.0
WYHG,2026-08-06,2026-08-05,True,False,True,2.942585164341735,1.326109082200802,2026-08-06,2.4575,57781967.283191,0.83515,3.3406,3-10,36757.9531861082,-0.0174705882352941,-0.127780678851175,0.2138605123628011,2024-11-26,2.065,6.5425,2.4575,1.9425851643417351,1.47260971083039,0.3756209400076423,6.833922049931151,567996738.3937676,-0.5493387589013226,,-0.4435401831129196,,-0.5879959308240081,,1.455,-0.0601374570446736,-0.3041237113402062,1999860.0,True,Wing Yip Food Holdings Group Ltd,2013.0,Sausages & Other Prepared Meat Products,other manufacturing,False,F4,China,K3,False,True,False,False,False,False,True,False,2023-11-29,False,,False,False,,,False,,False,False,50330928.0,2025-12-31,no 8-K/6-K on run day,,12582732.0,42033874.5192,False,True,1-for-4,0.0
XAGE,2025-07-15,2025-07-14,True,True,False,2.155009451795841,2.1852551984877127,2025-07-15,0.19,104318749.0,0.0881666666666666,2.645,1-3,7343628.255,0.1255319148936169,0.0018939393939394,49.5474569268973,2025-03-10,0.2163333333333333,0.2756666666666666,0.19,1.155009451795841,1.4536862003780715,0.6892382103990327,2.126654064272212,594616869.3000001,0.0140350877192982,,-0.2701754385964913,,-0.6122807017543861,,0.2,-0.3066666666666667,-0.6316666666666667,1842939.0,True,"Longevity Health Holdings, Inc.",2840.0,"Soap, Detergents, Cleang Preparations, Perfumes, Cosmetics",other manufacturing,False,PA,PA,DE,True,False,True,False,False,True,False,False,2021-02-02,True,1.01;5.01;8.01;9.01,False,True,0000950170-25-095608,xage-20250708.htm,False,,False,False,30119843.0,2025-03-27,merger / acquisition / buyout,"3 xage-ex99_1.htm EX-99.1 EX-99.1 EXHIBIT 99.1 LONGEVITY HEALTH HOLDINGS ANNOUNCES MERGER WITH THPLASMA AND TERMINATION OF 20/20 BIOLABS TRANSACTION July 14, 2025 Longevity Health Holdings, Inc. (Nasdaq: XAGE), a company",1003994.7666666667,2655566.1578333336,False,True,1-for-30,1.0
XAIR,2026-01-13,2026-01-12,True,True,False,2.5,2.1461187214611868,2026-01-13,0.1095,408605506.0,0.0438,0.876,<1,89574.504,0.0640106886918498,-0.2036363636363636,0.6794048712586438,2024-10-01,0.082,0.133,0.1095,1.4999999999999996,0.872146118721461,0.8233082706766917,2.0365296803652964,894846058.14,-0.1415525114155251,,-0.1689497716894976,,-0.5251141552511416,,0.087,0.0459770114942528,-0.4022988505747126,1641631.0,True,"Beyond Air, Inc.",3841.0,Surgical & Medical Instruments & Apparatus,biotech/pharma/medtech,False,NY,NY,DE,True,False,True,False,True,True,False,False,2015-05-08,False,,False,False,,,False,,False,True,8009488.0,2025-11-07,no 8-K/6-K on run day,,8009488.0,7016311.488,False,False,,0.0
XBIO,2025-10-08,2025-10-07,True,True,False,2.414918414918415,2.2051282051282053,2025-10-08,10.36,47433048.0,4.29,4.29,3-10,1246154.91,0.3662420382165605,0.3832016766080928,18.110566611801087,2024-10-01,11.7,13.93,10.36,1.4149184149184149,1.727272727272727,0.7437185929648241,2.247086247086247,491406377.28,-0.0868725868725867,,-0.5357142857142858,,-0.7326254826254825,,9.21,-0.477741585233442,-0.6992399565689469,1534525.0,True,"Xenetic Biosciences, Inc.",2834.0,Pharmaceutical Preparations,biotech/pharma/medtech,False,MA,MA,NV,True,False,False,False,False,False,False,False,2011-11-21,False,,False,False,,,True,424B5,False,False,1542139.0,2025-08-07,no 8-K/6-K on run day,,1542139.0,6615776.31,False,False,,0.0
XCH,2025-10-13,2025-10-10,True,False,False,2.03414456956048,1.8283085119263836,2025-10-13,1.68,37548203.0,0.8259,0.8259,<1,326597.1996,-0.3587235033775915,-0.3762084592145015,26.82085472636141,2024-10-01,1.04,2.499,1.68,1.0341445695604796,0.2592323525850588,0.6722689075630252,2.0257900472212134,63080981.04,-0.1011904761904761,,0.1130952380952381,,-0.1369047619047618,,1.58,0.1835443037974684,-0.0822784810126583,1979887.0,True,XCHG Ltd,3690.0,"Miscellaneous Electrical Machinery, Equipment & Supplies",other manufacturing,False,,,E9,False,False,False,False,False,False,True,False,2023-06-02,False,,False,False,,,False,,False,False,,,no 8-K/6-K on run day,,,,False,False,,0.0
XCUR,2024-11-18,2024-11-15,False,True,False,1.3586206896551725,2.006896551724138,2024-11-19,1.164,2720368.0,0.58,2.9,1-3,60688.3,0.0545454545454544,0.0820895522388058,0.4123871832262641,2024-10-01,0.664,0.854,0.788,0.3586206896551724,0.1448275862068966,0.9227166276346604,0.4724137931034484,10718249.92,0.922680412371134,,3.757731958762887,,2.017182130584192,,1.368,3.0482456140350878,1.5672514619883038,1698530.0,True,"EXICURE, INC.",2834.0,Pharmaceutical Preparations,biotech/pharma/medtech,False,IL,IL,DE,True,False,False,False,False,False,False,False,2017-03-21,False,,False,False,,,False,,False,True,2172323.0,2024-11-07,no 8-K/6-K on run day,,2172323.0,6299736.7,False,True,1-for-5,
XFOR,2025-08-12,2025-08-11,False,True,False,1.8169014084507045,2.063380281690141,2025-08-13,0.0976666666666666,97762846.0,0.0473333333333333,1.42,1-3,1242207.48,-0.1012658227848102,-0.0405405405405405,0.4679590924559079,2024-10-01,0.0576666666666666,0.088,0.086,0.8169014084507045,0.2183098591549295,0.9772727272727272,0.859154929577465,252228142.68,0.0716723549488054,,-0.0443686006825939,,0.1262798634812285,,0.0833333333333333,0.1199999999999998,0.3199999999999998,1501697.0,True,"X4 Pharmaceuticals, Inc",2836.0,"Biological Products, (No Diagnostic Substances)",biotech/pharma/medtech,False,MA,MA,DE,True,False,True,False,False,True,False,False,2010-09-24,True,1.01;3.02;5.02;8.01;9.01,False,True,0001628280-25-039770,xfor-20250811.htm,False,,False,True,11408357.0,2025-08-04,listing compliance / reverse split / financing,"led by Coastlands Capital, Bain Capital Life Sciences and New Enterprise Associates Newly appointed board and management team includes Dr. Adam Craig as Executive Chairman, John Volpone as President and David Kirske as C",11408357.0,16199866.94,False,False,,0.0
XHG,2026-08-13,2026-08-12,True,True,False,4.480624577209357,4.152773998389161,2026-08-13,0.01025,86115789.457151,0.0022876275,0.915051,<1,1455.846141,,0.0600683503243744,0.0531184772975694,2024-10-01,0.0145,0.018075,0.01025,3.4806245772093574,5.338444523857141,0.5670816044260026,6.901198949566747,353074736.77431905,-0.0731707317073169,,0.1268292682926832,,-0.2634146341463413,,0.008,0.4437500000000001,-0.0562500000000001,1769256.0,True,XChange TEC.INC,6411.0,"Insurance Agents, Brokers & Service",other,False,F4,China,,False,True,False,False,False,False,True,False,2019-06-28,False,,False,False,,,False,,False,False,25878920464.0,2022-09-30,no 8-K/6-K on run day,,,,False,False,,0.0
XHLD,2025-03-19,2025-03-18,True,False,False,2.71701982228298,1.7043745727956252,2025-03-19,1.59,216405104.0,0.5852,0.5852,<1,2804613.1344000003,0.1474509803921568,-0.6248717948717948,4.8967968941338125,2025-02-13,0.7132,1.74,1.59,1.71701982228298,0.2187286397812711,0.913793103448276,1.9733424470266567,344084115.36,-0.3727044025157233,,0.1446540880503144,,-0.4986163522012579,,1.56,0.1666666666666667,-0.4889743589743589,2030954.0,True,"TEN Holdings, Inc.",7389.0,"Services-Business Services, NEC",other services,False,PA,PA,NV,True,False,True,False,True,True,False,True,2024-07-25,True,8.01;9.01,False,True,0001493152-25-010762,form8-k.htm,False,,False,True,,,listing compliance / reverse split / financing,"2 ex99-1.htm Exhibit 99.1 TEN Holdings, Inc. Announces $1 Million Stock Repurchase Program LANGHORNE, Pa. , March 18, 2025 — TEN Holdings, Inc. ( “XHLD” or the “ Company ”) (Nasdaq: XHLD ), a provider of event planning, ",,,True,False,,1.0
XHLD,2025-05-13,2025-05-12,True,False,False,2.1153846153846154,1.033846153846154,2025-05-13,1.375,66599478.0,0.65,0.65,<1,429563.55,-0.1558441558441557,-0.3446920052424639,2.055597209735041,2025-02-13,0.67,1.43,1.375,1.1153846153846154,0.0307692307692308,0.9615384615384616,1.1999999999999995,91574282.25,-0.5112727272727273,,-0.5421338181818183,,-0.5770909090909091,,0.94,-0.3302489361702128,-0.3813829787234042,2030954.0,True,"TEN Holdings, Inc.",7389.0,"Services-Business Services, NEC",other services,False,PA,PA,NV,True,False,True,False,False,True,False,True,2024-07-25,False,,False,False,,,False,,False,True,28693442.0,2025-03-28,no 8-K/6-K on run day,,28693442.0,18650737.3,True,False,,1.0
XHLD,2026-01-27,2026-01-26,True,True,False,2.7716535433070866,2.0078740157480315,2026-01-27,0.2346666666666666,138980378.0,0.0846666666666666,1.27,1-3,170011.09,-0.0305343511450381,-0.2529411764705882,0.6291172634219117,2025-02-13,0.0886666666666666,0.258,0.2346666666666666,1.7716535433070866,0.0472440944881891,0.9095607235142118,2.047244094488189,489210930.56,-0.2755681818181819,,-0.2698863636363637,,-0.5539772727272727,,0.1593333333333333,0.0753138075313806,-0.3430962343096233,2030954.0,True,"TEN Holdings, Inc.",7389.0,"Services-Business Services, NEC",other services,False,PA,PA,NV,True,False,False,False,False,False,False,True,2024-07-25,True,7.01;9.01,False,True,0001493152-26-003602,form8-k.htm,False,,False,True,44592464.0,2025-10-30,other,2 ex99-1.htm EX-99.1 Exhibit 99.1,2972830.933333333,3775495.285333333,True,True,1-for-15,1.0
XHLD,2026-08-06,2026-08-05,True,True,False,3.525721455457967,2.5345043914680048,2026-08-06,0.1873333333333333,68978111.399173,0.0531333333333333,0.797,<1,62035.982730411,-0.3623999999999999,-0.6034825870646765,0.1606437912245355,2025-02-13,0.054,0.3613333333333333,0.1873333333333333,2.525721455457967,0.016311166875784,0.518450184501845,5.800501882057716,193828493.0316761,-0.2811387900355871,,0.9555160142348756,,2.2846975088967976,,0.1146666666666666,2.194767441860465,4.366279069767442,2030954.0,True,"TEN Holdings, Inc.",7389.0,"Services-Business Services, NEC",other services,False,PA,PA,NV,True,False,True,True,True,True,False,True,2024-07-25,False,,False,False,,,True,424B3,True,True,3977443.0,2026-05-12,no 8-K/6-K on run day,,3977443.0,3170022.071,True,False,,0.0
XLO,2025-02-12,2025-02-11,True,False,False,2.252663622526636,1.9634703196347032,2025-02-12,1.48,169200964.0,0.657,0.657,<1,126048.078,0.0025942316496261,-0.4027272727272727,0.564257385411964,2024-10-01,1.35,1.7,1.48,1.252663622526636,1.0547945205479454,0.8705882352941177,1.58751902587519,250417426.72,-0.1283783783783784,,-0.2837837837837837,,-0.4601351351351351,,1.49,-0.2885906040268455,-0.4637583892617449,1840233.0,True,"Xilio Therapeutics, Inc.",2834.0,Pharmaceutical Preparations,biotech/pharma/medtech,False,MA,MA,DE,True,False,False,False,False,False,False,False,2021-01-21,True,1.01;3.02;7.01;8.01;9.01,False,True,0001558370-25-000823,xlo-20250210x8k.htm,False,,False,True,43958074.0,2024-11-01,FDA / clinical,"o develop novel immunotherapies, including masked T-cell engagers · Xilio to host investor conference call and webcast today at 8:30 am EST ​ NORTH CHICAGO, IL and WALTHAM, MA, February 12, 2025 – AbbVie (NYSE: ABBV) and",43958074.0,28880454.618,False,False,,
XNDU,2026-04-14,2026-04-13,False,True,False,1.2906875543951262,2.1914708442123585,2026-04-15,25.18,3400884.592964,11.49,11.49,>10,25060183.82398761,0.4167694204685574,,2.5086886314128165,2026-03-27,12.55,16.3,14.83,0.2906875543951261,0.092254134029591,0.9098159509202454,0.4186248912097476,50435118.513656124,0.2974583002382844,,0.3800635424940428,,-0.4086576648133438,,29.5,0.1779661016949152,-0.4952542372881355,2097163.0,True,Xanadu Quantum Technologies Ltd,3571.0,Electronic Computers,tech/software/semis/telecom,False,,,A6,False,False,True,False,False,True,True,True,2025-11-21,False,,False,False,,,True,F-1,False,False,,,no 8-K/6-K on run day,,,,True,False,,1.0
XOS,2026-06-03,2026-06-02,True,True,False,3.345291479820628,2.367713004484305,2026-06-03,7.46,107637250.542234,2.23,2.23,1-3,44147518.387751065,0.0619047619047619,0.2388888888888889,27.280412610580925,2024-10-01,6.48,8.2699,7.46,2.345291479820628,1.9058295964125564,0.9020665304296304,2.70847533632287,802973889.0450656,-0.292225201072386,,-0.5093833780160858,,-0.6367292225201072,,5.61,-0.3475935828877006,-0.5169340463458111,1819493.0,True,"Xos, Inc.",3714.0,Motor Vehicle Parts & Accessories,other manufacturing,False,CA,CA,DE,True,False,False,False,False,False,False,False,2020-08-17,False,,False,False,,,True,424B5;S-3,False,True,12122736.0,2026-05-11,no 8-K/6-K on run day,,12122736.0,27033701.28,False,False,,0.0
XOS,2026-08-18,2026-08-17,True,False,False,2.1244019138755985,1.3875598086124403,2026-08-18,4.44,110132708.844466,2.09,2.09,1-3,58592109.53417767,-0.2259259259259259,-0.0412844036697248,99.77281233089616,2024-10-01,4.53,4.95,4.44,1.1244019138755983,1.1674641148325362,0.896969696969697,1.3684210526315792,488989227.2694291,-0.3468468468468469,,-0.2072072072072073,,-0.4346846846846848,,3.89,-0.0951156812339332,-0.3547557840616967,1819493.0,True,"Xos, Inc.",3714.0,Motor Vehicle Parts & Accessories,other manufacturing,False,CA,CA,DE,True,False,True,True,False,True,False,False,2020-08-17,False,,False,False,,,False,,False,True,14217852.0,2026-08-07,no 8-K/6-K on run day,,14217852.0,29715310.68,False,False,,0.0
XTIA,2025-01-06,2025-01-03,True,True,False,2.1256038647343,2.756038647342995,2025-01-06,0.088,1558218992.0,0.0414,0.0414,<1,4163253.8004,0.0349999999999999,-0.128421052631579,0.6827184215618122,2024-10-01,0.0409,0.0883,0.088,1.1256038647342996,-0.0120772946859903,0.9966024915062288,1.132850241545894,137123271.296,0.2965909090909091,,-0.7254545454545454,,-0.7918181818181818,,0.21,-0.8849523809523809,-0.9127619047619048,1529113.0,True,"XTI Aerospace, Inc.",7371.0,Services-Computer Programming Services,tech/software/semis/telecom,False,TX,TX,NV,True,False,False,False,False,False,False,False,2011-09-20,False,,False,False,,,True,424B5,False,True,151589927.0,2024-11-14,no 8-K/6-K on run day,,151589927.0,6275822.9777999995,False,False,,
XTKG,2025-05-12,2025-05-09,False,True,False,1.2222222222222223,2.344444444444444,2025-05-13,0.1055,611939.0,0.045,0.9,<1,1216386.9,-0.2857142857142856,-0.2653061224489795,15.36166735241767,2024-10-01,0.054,0.0569999999999999,0.055,0.2222222222222223,0.1999999999999999,0.9649122807017546,0.2666666666666664,673132.9,-0.3838862559241706,,-0.4123222748815166,,-0.2511848341232225,,0.0755,-0.1788079470198676,0.0463576158940397,1754323.0,True,"X3 Holdings Co., Ltd.",7371.0,Services-Computer Programming Services,tech/software/semis/telecom,False,U0,Singapore,E9,False,False,True,True,False,False,True,False,2018-09-26,False,,False,False,,,False,,False,False,285005647.0,2022-12-31,no 8-K/6-K on run day,,,,False,False,,0.0
XTKG,2026-01-23,2026-01-22,False,True,False,1.1743589743589742,2.282051282051282,2026-01-26,0.002225,126627232.0,0.000975,0.117,<1,523251.612,-0.2636878539962241,-0.98859649122807,0.5933822686885251,2024-10-01,0.0010083333333333,0.0017333333333333,0.001145,0.1743589743589741,0.034188034188034,0.6605769230769231,0.7777777777777777,17398581.676799998,1.2516853932584269,,0.2374531835205993,,-0.7434456928838951,,0.0057491666666666,-0.5210900130453688,-0.900710247862009,1754323.0,True,"X3 Holdings Co., Ltd.",7371.0,Services-Computer Programming Services,tech/software/semis/telecom,False,U0,Singapore,E9,False,False,False,False,False,False,True,False,2018-09-26,False,,False,False,,,False,,False,False,285005647.0,2022-12-31,no 8-K/6-K on run day,,,,False,True,1-for-6,0.0
XWEL,2026-02-25,2026-02-24,True,True,False,3.201058201058201,3.597883597883598,2026-02-25,1.21,352958775.258752,0.378,0.378,<1,16088979.770181991,-0.096774193548387,0.1273486430062631,41.9825352745124,2024-10-01,0.8109,1.62,1.21,2.201058201058201,1.1452380952380952,0.7469135802469135,3.2857142857142856,427080118.0630899,0.1239669421487603,,0.115702479338843,,0.0578512396694215,,1.09,0.238532110091743,0.1743119266055044,1410428.0,True,"XWELL, Inc.",7200.0,Services-Personal Services,other services,False,NY,NY,DE,True,False,False,False,False,False,False,False,2010-10-28,True,1.01;3.02;5.02;5.03;8.01;9.01,False,True,0001104659-26-019431,tm267239d1_8k.htm,False,,False,False,5766703.0,2025-11-11,listing compliance / reverse split / financing,"10 tm267239d1_ex99-1.htm EXHIBIT 99.1 Exhibit 99.1 PRESS RELEASE XWELL Announces Approximately $31.3 Million Private Placement Priced At The Market Under Nasdaq Rules NEW YORK — February 24, 2026 – XWELL, Inc. (Nasdaq: X",5766703.0,2179813.734,False,False,,0.0
YAAS,2026-04-27,2026-04-24,True,False,False,2.496234129545943,1.6569829997848076,2026-04-27,0.0289999999999999,179908045.292222,0.0116175,0.9294,<1,13919.6238,0.0004305705059204,-0.0515358710072456,0.2345729844524513,2024-12-20,0.0180625,0.032125,0.0289999999999999,1.4962341295459431,0.5547665160318485,0.9027237354085602,1.7652248762642562,417386665.077955,-0.336206896551724,,-0.4698275862068966,,-0.6541379310344827,,0.020625,-0.2545454545454546,-0.5136969696969698,1964946.0,True,Youxin Technology Ltd,7372.0,Services-Prepackaged Software,tech/software/semis/telecom,False,F4,China,E9,False,True,False,False,False,False,True,True,2023-06-02,False,,True,True,0001493152-26-019058,form6-k.htm,False,,False,False,2325550.0,2025-09-30,merger / acquisition / buyout,"2 ex99-1.htm EX-99.1 Exhibit 99.1 Youxin Technology Announces to Strategically Acquire YATOP Worth $10.8 Million Shares to Expand Global TikTok Ecosystem and Digital Commerce Capabilities Guangzhou, China, April 27 , 202",2325550.0,2161366.17,True,False,,0.0
YCBD,2025-09-29,2025-09-26,True,False,False,2.211538461538461,1.939102564102564,2025-09-29,0.1725,198867551.0,0.078,0.624,<1,58568.64,-0.0510948905109488,-0.1948387096774193,1.2378633734348663,2024-10-01,0.09125,0.2425,0.1725,1.2115384615384612,0.1698717948717949,0.7113402061855669,2.108974358974359,274437220.38,-0.1231884057971014,,-0.0579710144927535,,-0.2608695652173912,,0.15875,0.0236220472440944,-0.1968503937007873,1644903.0,True,"cbdMD, Inc.",2844.0,"Perfumes, Cosmetics & Other Toilet Preparations",other manufacturing,False,NC,NC,NC,True,False,False,False,False,False,False,False,2015-06-23,False,,False,False,,,False,,False,False,8912959.0,2025-08-13,no 8-K/6-K on run day,,8912959.0,5561686.416,False,False,,0.0
YHC,2025-07-11,2025-07-10,False,True,False,1.3131313131313131,2.323232323232323,2025-07-14,0.1314285714285714,7175889.0,0.0565714285714285,1.98,1-3,268969.14,0.2298136645962734,0.5348837209302324,0.1674118737798545,2024-12-16,0.0651428571428571,0.0848571428571428,0.0742857142857142,0.3131313131313131,0.1515151515151516,0.8754208754208755,0.5,18657311.4,-0.1413043478260869,,-0.6369565217391304,,-0.7964565217391304,,0.0988571428571428,-0.5173410404624278,-0.7293930635838151,1843165.0,True,LQR House Inc.,2080.0,Beverages,other manufacturing,False,FL,FL,DE,True,False,True,False,False,True,False,False,2021-01-29,False,,False,False,,,True,424B5,False,True,1066836.0,2025-05-09,no 8-K/6-K on run day,,1066836.0,2112335.28,False,True,1-for-35,1.0
YIBO,2025-01-27,2025-01-24,False,True,False,1.432558139534884,2.390697674418605,2025-01-28,5.14,35240720.0,2.15,2.15,1-3,114414.4,-0.3874643874643875,-0.3830703012912482,6.585119876256767,2024-10-01,2.7,17.47,3.08,0.4325581395348838,0.2558139534883723,0.1763022323983972,7.125581395348837,108541417.6,-0.2976653696498054,,-0.4260700389105057,,-0.6342412451361867,,4.13,-0.2857142857142857,-0.5447941888619855,1868395.0,True,Planet Image International Ltd,3577.0,"Computer Peripheral Equipment, NEC",tech/software/semis/telecom,False,,,E9,False,False,False,False,False,False,True,False,2021-08-30,False,,False,False,,,False,,False,False,,,no 8-K/6-K on run day,,,,False,False,,
YJ,2026-08-07,2026-08-06,True,True,False,2.7642276422764227,2.1951219512195124,2026-08-07,0.85,51221898.745665,0.3075,1.23,1-3,4080.79068,0.0423728813559323,-0.1151079136690647,0.2538750453526007,2024-10-01,0.345,3.4925,0.85,1.7642276422764227,0.121951219512195,0.2433786685755189,10.357723577235774,174154455.735261,-0.2058823529411764,,-0.4499999999999999,,-0.4029411764705882,,0.625,-0.252,-0.188,1759614.0,True,Yunji Inc.,5990.0,"Retail-Retail Stores, NEC",retail/wholesale,False,,,E9,False,False,False,False,False,False,True,False,2019-01-11,False,,False,False,,,False,,False,False,,,no 8-K/6-K on run day,,,,False,False,,0.0
YMAB,2025-08-05,2025-08-04,True,True,True,2.033412887828162,2.033412887828162,2025-08-05,8.52,20034668.0,4.19,4.19,3-10,3222956.3800000004,-0.1413934426229507,-0.0071090047393362,4.604031569736053,2024-10-01,8.535,8.54,8.52,1.033412887828162,1.036992840095465,0.9976580796252928,1.0381861575178992,170695371.35999998,0.0,,-0.0011737089201877,,0.0070422535211267,,8.505,0.0005878894767783,0.0088183421516754,1722964.0,True,"Y-mAbs Therapeutics, Inc.",2834.0,Pharmaceutical Preparations,biotech/pharma/medtech,False,NJ,NJ,DE,True,False,False,False,False,False,False,False,2018-02-13,True,1.01;7.01;9.01,False,True,0001104659-25-073993,tm2522584d1_8k.htm,False,,False,True,45283677.0,2025-05-06,listing compliance / reverse split / financing,"nd PRINCETON, NJ, August 5, 2025 – SERB Pharmaceuticals (“SERB”), a global specialty pharmaceutical company focused on medicines for rare diseases and medical emergencies, and Y-mAbs Therapeutics, Inc. (Nasdaq: YMAB) (“Y",45283677.0,189738606.63000003,False,False,,0.0
YMAT,2026-05-08,2026-05-07,True,True,False,2.107692307692308,2.806652806652807,2026-05-08,0.5069,314211737.849156,0.2405,0.2405,<1,25976.6455,-0.0354922799278123,-0.2348075087496023,0.3457898087877518,2025-07-30,0.235773,0.9799,0.5069,1.1076923076923078,-0.0196548856548856,0.5172976834370855,3.074428274428275,159273929.91573718,0.3316235943973171,,2.156441112645492,,0.5170645097652398,,0.507,2.155818540433925,0.5167652859960552,1875016.0,True,"J-Star Holding Co., Ltd.",3949.0,"Sporting & Athletic Goods, NEC",other manufacturing,False,F4,China,,False,True,False,False,False,False,True,True,2021-09-30,False,,True,True,0001493152-26-021865;0001493152-26-021819,form6-k.htm;form6-k.htm,False,,False,False,13953333.0,2026-04-30,contract / partnership / order,"2 ex99-1.htm EX-99.1 Exhibit 99.1 J-Star Holding Signs MOU with White Group to Advance Financing for Texas Solid-State Battery Facility White Group to support capital formation for J-Star’s Baytown, Texas automated batte",13953333.0,3355776.5864999997,True,False,,1.0
YMAT,2026-05-26,2026-05-22,True,True,True,3.031634446397188,2.4824253075571177,2026-05-26,1.38,120517349.525944,0.4552,0.4552,<1,110748.683142292,-0.7155,0.7767369242779081,0.0117913271680074,2025-07-30,1.49,1.66,1.38,2.031634446397188,2.273286467486819,0.8313253012048193,2.6467486818980666,166313942.3458027,-0.1811594202898551,,-0.3405797101449275,,-0.55,,1.12,-0.1875,-0.4455357142857143,1875016.0,True,"J-Star Holding Co., Ltd.",3949.0,"Sporting & Athletic Goods, NEC",other manufacturing,False,F4,China,,False,True,False,False,False,False,True,True,2021-09-30,False,,True,True,0001493152-26-025145,form6-k.htm,False,,False,False,13953333.0,2026-04-30,listing compliance / reverse split / financing,on to initiate $60 Million Sovereign-Backed Financing Framework through designated banks for U.S. Solid-State Battery Expansion ($122.5 Million Project) Funding framework supports development of a US$122.5 million advanc,13953333.0,6351557.1816,True,False,,1.0
YYAI,2025-10-22,2025-10-21,True,False,False,2.3374536464771323,1.1545117428924598,2025-10-22,0.009455,2473704807.0,0.004045,0.0809,<1,59538520.7641,-0.4606666666666666,-0.9638839285714286,2.951213287713433,2024-10-01,0.009465,0.0104945,0.009455,1.3374536464771325,1.3399258343634115,0.9009481156796416,1.5944375772558717,467777579.0037,-0.5060814383923851,,-0.733474352194606,,-0.8878900052882073,,0.005,-0.4960000000000001,-0.788,1674440.0,True,AIRWA INC.,7370.0,"Services-Computer Programming, Data Processing, Etc.",tech/software/semis/telecom,False,DE,DE,DE,True,False,True,False,False,True,False,False,2016-11-07,False,,False,False,,,False,,False,True,14563019.0,2025-09-12,no 8-K/6-K on run day,,14563019.0,1178148.2371,False,False,,0.0
ZCAR,2024-11-05,2024-11-04,True,False,False,3.2754342431761785,1.8734491315136477,2024-11-05,0.132,33416526.0,0.0403,4.03,3-10,1204450.13,-0.3063683304647159,-0.6994780014914244,2.0246152339569305,2024-10-01,0.0424,0.1604,0.132,2.2754342431761785,0.0521091811414391,0.8229426433915213,2.980148883374689,441098143.2,-0.4280303030303031,,-0.4598484848484848,,-0.5916666666666668,,0.0836,-0.1471291866028707,-0.3552631578947368,1854275.0,True,"Zoomcar Holdings, Inc.",7510.0,Services-Auto Rental & Leasing (No Drivers),other services,False,K7,India,DE,False,False,False,False,False,False,False,False,2021-07-06,True,3.01;9.01,False,True,0001213900-24-094107,ea0219822-8k_zoomcar.htm,False,,False,False,75697961.0,2024-07-31,listing compliance / reverse split / financing,false 0001854275 IN 0001854275 2024-10-29 2024-10-29 0001854275 ZCAR:CommonStockParValue0.0001PerShareMember 2024-10-29 2024-10-29 0001854275 ZCAR:WarrantsEachExercisableForOneShareOfCommonStockAtPriceOf5.71SubjectToAdju,756979.61,3050627.8283,False,True,1-for-100,
ZCAR,2025-05-01,2025-04-30,True,False,False,2.53071253071253,1.872235872235872,2025-05-01,0.00515,47595534.0,0.002035,4.07,3-10,462767.14,0.0970350404312669,-0.1190476190476188,0.6091968895607618,2024-10-01,0.0052699999999999,0.009,0.00515,1.5307125307125302,1.5896805896805888,0.5722222222222222,3.4226044226044223,490234000.2000001,-0.2601941747572815,,-0.5194174757281553,stale_last_close,-0.5194174757281553,stale_last_close,0.0044425,,,1854275.0,True,"Zoomcar Holdings, Inc.",7510.0,Services-Auto Rental & Leasing (No Drivers),other services,False,K7,India,DE,False,False,True,False,True,False,False,False,2021-07-06,False,,False,False,,,True,S-1,False,False,7846450.0,2025-02-10,no 8-K/6-K on run day,,392322.5,1596752.5750000002,False,True,1-for-20,0.0
ZCMD,2026-07-06,2026-07-02,True,False,False,2.018018018018018,1.9819819819819815,2026-07-06,0.003010752688172,36467653.383979,0.0014919354838709,1.11,1-3,26623725.85299855,0.0164835164835164,-0.7789725209080047,11.480208705581886,2024-10-01,0.0033736559139784,0.0041801075268817,0.003010752688172,1.0180180180180178,1.2612612612612608,0.7202572347266881,1.8018018018018016,81687543.58011296,-0.0178571428571429,,-0.3258928571428572,,-0.4955357142857144,,0.0024059139784946,-0.1564245810055865,-0.3687150837988827,1785566.0,True,Zhongchao Inc.,8200.0,Services-Educational Services,other services,False,,,E9,False,False,True,False,True,True,True,True,2019-08-19,False,,False,False,,,False,,False,False,,,no 8-K/6-K on run day,,,,True,True,1-for-3;1-for-31,0.0
ZCMD,2026-07-22,2026-07-21,True,False,False,2.918367346938776,1.1768707482993197,2026-07-22,0.005766129032258,129211413.197051,0.0019758064516129,1.47,1-3,177259.51377162,-0.1453488372093023,-0.1935483870967742,0.0231658687083012,2024-10-01,0.0030376344086021,0.0160752688172043,0.005766129032258,1.918367346938776,0.5374149659863945,0.358695652173913,7.1360544217687085,554316962.6153488,-0.5967365967365967,,-0.7529137529137528,,-0.7645687645687647,,0.0050672043010752,-0.7188328912466844,-0.7320954907161804,1785566.0,True,Zhongchao Inc.,8200.0,Services-Educational Services,other services,False,,,E9,False,False,True,False,True,True,True,True,2019-08-19,False,,True,True,0001213900-26-080325,ea0298919-6k_zhongchao.htm,True,424B5,False,False,,,other,"6-K 1 ea0298919-6k_zhongchao.htm REPORT OF FOREIGN PRIVATE ISSUER UNITED STATES SECURITIES AND EXCHANGE COMMISSION Washington, D.C. 20549 Form 6-K REPORT OF FOREIGN PRIVATE ISSUER PURSUANT TO RULE 13a-16 OR 15d-16 UNDER ",,,True,True,1-for-3;1-for-31,0.0
ZENA,2024-11-25,2024-11-22,True,True,False,3.5865921787709496,5.754189944134079,2024-11-25,6.42,116400450.0,1.79,1.79,1-3,1434901.59,0.0718562874251498,-0.1900452488687782,0.9373897688154054,2024-10-01,1.89,7.35,6.42,2.5865921787709496,0.0558659217877093,0.8734693877551021,3.106145251396648,747290889.0,0.604361370716511,,0.0903426791277259,,0.2445482866043613,,12.19,-0.4257588187038555,-0.3445447087776866,1997403.0,True,"ZenaTech, Inc.",7372.0,Services-Prepackaged Software,tech/software/semis/telecom,False,A1,"British Columbia, Canada",Z4,False,False,True,False,True,True,True,True,2023-10-27,False,,False,False,,,False,,False,False,,,no 8-K/6-K on run day,,,,True,False,,
ZEO,2024-12-09,2024-12-06,False,True,False,1.9629629629629628,2.0370370370370368,2024-12-10,2.75,48152199.0,1.35,1.35,1-3,1537195.05,0.0465116279069768,0.1111111111111111,12.646120356950483,2024-10-01,2.7,2.8,2.65,0.9629629629629628,1.0,0.9464285714285716,1.074074074074074,127603327.35,0.050909090909091,,-0.3272727272727272,,-0.2109090909090909,,2.84,-0.3485915492957746,-0.2359154929577465,1865506.0,True,Zeo Energy Corp.,1700.0,Construction - Special Trade Contractors,other,False,TX,TX,,True,False,True,False,False,True,False,False,2021-06-21,False,,False,False,,,False,,False,False,0.0,2021-09-30,no 8-K/6-K on run day,,,,False,False,,
ZEO,2025-05-29,2025-05-28,True,False,False,2.170886075949367,1.9556962025316451,2025-05-29,3.43,104813214.0,1.58,1.58,1-3,22750.42,-0.0246913580246913,-0.0538922155688621,0.7803807330126685,2024-10-01,2.85,3.47,3.43,1.1708860759493671,0.8037974683544304,0.9884726224783862,1.1962025316455698,359509324.02000004,-0.099125364431487,,-0.1895043731778426,,-0.119533527696793,,2.89,-0.0380622837370243,0.0449826989619377,1865506.0,True,Zeo Energy Corp.,1700.0,Construction - Special Trade Contractors,other,False,TX,TX,,True,False,False,False,False,False,False,False,2021-06-21,True,1.01;7.01;8.01;9.01,False,True,0001213900-25-048509,ea0243493-8k425_zeo.htm,False,,False,False,0.0,2021-09-30,merger / acquisition / buyout,"presents Culmination of Heliogen’s Comprehensive Strategic Alternatives Review Process New Port Richey, Fla. and Pasadena, Calif. — May 29, 2025 — Zeo Energy Corp . (Nasdaq: ZEO) (“Zeo Energy,” or “Zeo”) , a leading Flor",,,False,False,,0.0
ZIMV,2025-07-21,2025-07-18,True,True,False,2.222748815165877,2.219194312796209,2025-07-21,18.76,10654397.0,8.44,8.44,3-10,1699967.92,-0.0622222222222222,-0.0197444831591172,1.364402901840526,2024-10-01,18.755,18.805,18.76,1.2227488151658772,1.2221563981042656,0.9976070194097316,1.228080568720379,199876487.72000003,-0.0015991471215351,,0.0031982942430703,,0.0101279317697227,,18.8,0.001063829787234,0.0079787234042552,1876588.0,True,ZimVie Inc.,3843.0,Dental Equipment & Supplies,biotech/pharma/medtech,False,FL,FL,DE,True,False,False,False,False,False,False,False,2021-08-09,True,1.01;8.01;9.01,False,True,0001193125-25-161550,d943059d8k.htm,False,,False,True,27921548.0,2025-05-05,merger / acquisition / buyout,"3 d943059dex991.htm EX-99.1 EX-99.1 Exhibit 99.1 ZimVie Announces Definitive Agreement to be Acquired by ARCHIMED for $19.00 Per Share in Cash Transaction expected to close by year-end 2025 PALM BEACH GARDENS, Florida, J",27921548.0,235657865.11999997,False,False,,0.0
ZJK,2024-12-03,2024-12-02,True,True,False,2.7223974763406944,2.1529968454258674,2024-12-03,17.26,28212346.0,6.34,6.34,3-10,94446.98,0.2145593869731801,0.3782608695652174,0.4407168267915122,2024-10-01,18.2,30.4999,17.26,1.7223974763406944,1.8706624605678237,0.5659034947655567,3.8107097791798106,486945091.96,-0.2091541135573581,,-0.2786790266512168,,-0.4200463499420627,,15.0,-0.17,-0.3326666666666666,1941506.0,True,"ZJK Industrial Co., Ltd.",3452.0,"Bolts, Nuts, Screws, Rivets & Washers",other manufacturing,False,,,E9,False,False,True,False,True,True,True,True,2023-09-26,False,,True,True,0001731122-24-001910,e6180_6k.htm,False,,False,False,,,FDA / clinical,"2 e6180_ex99-1.htm EXHIBIT 99.1 EXHIBIT 99.1 ZJK Industrial Expands Collaboration with NVIDIA into Liquid Cooling Systems Shenzhen, China – December 3, 2024 (",,,True,False,,
ZKIN,2025-05-08,2025-05-07,True,True,False,2.2300884955752216,3.530973451327434,2025-05-08,0.36,90563008.0,0.1614285714285714,1.13,1-3,2968961.9999999995,0.1210317460317458,0.1770833333333332,144.96084187784757,2024-10-01,0.22,0.3757142857142856,0.36,1.2300884955752216,0.36283185840708,0.958174904942966,1.3274336283185844,228218780.16,0.5833333333333333,,0.246031746031746,,-0.0714285714285715,,0.5914285714285713,-0.2415458937198066,-0.4347826086956521,1687451.0,True,"ZK International Group Co., Ltd.",3490.0,Miscellaneous Fabricated Metal Products,other manufacturing,False,F4,China,D8,False,True,False,False,False,False,True,False,2017-01-17,False,,False,False,,,False,,False,False,36147625.0,2024-09-30,no 8-K/6-K on run day,,5163946.428571428,5835259.464285714,False,False,,0.0
ZNB,2025-10-07,2025-10-06,True,False,False,2.048192771084337,1.144578313253012,2025-10-07,3.4,148488025.0,1.66,1.66,1-3,720025.0,0.0374999999999998,-0.0177514792899408,0.1254328826140669,2025-08-22,4.58,5.23,3.4,1.0481927710843375,1.7590361445783134,0.650095602294455,2.1506024096385548,504859285.0,-0.4411764705882353,,-0.4088235294117648,,-0.6882352941176471,,1.995,0.007518796992481,-0.468671679197995,1747661.0,True,Zeta Network Group,8200.0,Services-Educational Services,other services,False,NY,NY,E9,True,False,True,False,False,True,True,False,2018-07-24,False,,True,True,0001213900-25-096803,ea0260523-6k_zeta.htm,True,424B5,False,False,16191012.0,2023-06-30,crypto treasury / digital assets,2 ea026052301ex99-1_zeta.htm PRESS RELEASE - ZETA- NETWORK GROUP ENTERS STRATEGIC PARTNERSHIP WITH SOLV FOUNDATION TO ADVANCE BITCOIN-CENTRIC FINANCE Exhibit 99.1 Zeta Network Group Enters Strategic Partnership with SOLV,,,False,False,,1.0
ZNTL,2026-04-09,2026-04-08,False,True,False,1.6014492753623188,2.3949275362318843,2026-04-10,6.61,15874760.912531,2.76,2.76,1-3,1937107.59590652,0.1794871794871795,-0.0980392156862746,1.2075819248763515,2024-10-01,3.02,4.5,4.42,0.6014492753623188,0.0942028985507248,0.9822222222222222,0.6304347826086958,70166443.23338702,-0.1588502269288957,,-0.29803328290469,,-0.3328290468986384,,6.405,-0.2755659640905543,-0.3114754098360656,1725160.0,True,"Zentalis Pharmaceuticals, Inc.",2834.0,Pharmaceutical Preparations,biotech/pharma/medtech,False,CA,CA,,True,False,False,False,False,False,False,False,2017-12-19,True,7.01;8.01,False,True,0001725160-26-000017,zntl-20260409.htm,False,,False,True,70931016.0,2026-03-20,FDA / clinical,"Phase 3 ASPENOVA advancement as well as initiation of pre-commercial activities • DENALI Part 2 topline readout expected by year end 2026 SAN DIEGO — April 9, 2026 — Zentalis® Pharmaceuticals, Inc. (Nasdaq: ZNTL), a clin",70931016.0,195769604.16,False,False,,0.0
ZOOZ,2025-07-22,2025-07-21,False,True,False,1.5323741007194245,2.23021582733813,2025-07-23,3.1,28907044.0,1.39,1.39,1-3,195307.51,0.2636363636363634,0.7889317889317888,1.4301323322030417,2024-10-01,1.44,2.65,2.13,0.5323741007194245,0.0359712230215827,0.8037735849056603,0.906474820143885,61572003.72,-0.0838709677419355,,-0.4774193548387097,,-0.4903225806451613,,2.8,-0.4214285714285714,-0.4357142857142856,1992818.0,True,ZOOZ Strategy Ltd.,3590.0,Misc Industrial & Commercial Machinery & Equipment,other manufacturing,False,,,L3,False,False,True,True,False,True,True,False,2023-09-18,False,,False,False,,,True,424B5;F-3,False,False,12105496.0,2024-12-31,no 8-K/6-K on run day,,12105496.0,16826639.439999998,False,False,,0.0
ZSTK,2026-08-19,2026-08-18,True,True,False,2.6955056790391825,3.200912993859029,2026-08-19,4.96,24323284.063266,1.8401,1.8401,1-3,9525.914287798,0.0916587565258661,0.1152121212121213,0.2519744548896145,2026-01-29,2.29,12.4,4.96,1.6955056790391825,0.2444975816531709,0.3999999999999999,5.738764197597956,120643488.95379937,0.1875,,0.159274193548387,,-0.092741935483871,,4.17,0.3788968824940049,0.0791366906474819,1790169.0,True,ZeroStack Corp.,6199.0,Finance Services,finance/real estate,False,TX,TX,TX,True,False,True,False,False,True,True,False,2019-10-11,True,1.01;2.01;3.02;5.02;9.01,False,True,0001062993-26-004501,form8k.htm,True,S-3,False,True,17489828.0,2026-07-27,AI pivot / AI product,6 exhibit99-1.htm EXHIBIT 99.1 ZeroStack Corp.: Exhibit 99.1 - Filed by,17489828.0,32183032.502800003,False,False,,1.0
ZVSA,2025-04-08,2025-04-07,True,False,False,2.182126834833617,1.7697564093532483,2025-04-08,1.27,113952187.0,0.582001,0.582001,<1,54417.0935,-0.0741314031180402,-0.38085,0.7689555773951733,2024-10-01,0.62,1.94,1.27,1.1821268348336171,0.0652902658242855,0.654639175257732,2.333327605966313,144719277.49,-0.1889763779527559,,-0.3859842519685039,,-0.4607874015748031,,1.03,-0.2429126213592233,-0.3351456310679612,1859007.0,True,"ZyVersa Therapeutics, Inc.",2834.0,Pharmaceutical Preparations,biotech/pharma/medtech,False,FL,FL,DE,True,False,True,True,False,False,False,False,2021-05-13,True,4.01;9.01,False,True,0001641172-25-003034,form8-k.htm,True,EFFECT,False,False,2568191.0,2025-03-20,other,EX-16.1 2 ex16-1.htm Exhibit 16.1,2568191.0,1494689.730191,False,False,,0.0
ZYBT,2026-07-20,2026-07-17,True,True,False,11.475644699140402,4.083094555873926,2026-07-20,8.01,166017536.863321,0.698,0.698,<1,1611.6819999999998,-0.1051282051282052,-0.0993548387096775,0.0383266225925293,2025-01-07,1.27,8.01,8.01,10.475644699140402,0.8194842406876792,1.0,10.475644699140402,1329800470.275201,-0.6441947565543071,,-0.8089887640449438,,-0.8102372034956304,,4.3,-0.6441860465116278,-0.6465116279069767,1975641.0,True,Zhengye Biotechnology Holding Ltd,2834.0,Pharmaceutical Preparations,biotech/pharma/medtech,False,,,F4,False,False,False,False,False,False,True,False,2023-08-04,False,,False,False,,,False,,False,False,47391376.0,2025-12-31,no 8-K/6-K on run day,,47391376.0,33079180.448,False,False,,0.0
ZYXI,2025-11-26,2025-11-25,True,False,False,2.156224572823433,1.708706265256306,2025-11-26,1.59,141257520.0,0.7374,0.7374,<1,984866.2782,0.755714285714286,-0.4413636363636364,0.2030763367737943,2024-10-01,0.7205,2.1,1.59,1.1562245728234335,-0.022918361811771,0.7571428571428571,1.8478437754271764,224599456.8,-0.2075471698113208,,-0.3522012578616352,,-0.9213836477987422,stale_last_close,1.44,-0.2847222222222222,,846475.0,True,ZYNEX INC,3845.0,Electromedical & Electrotherapeutic Apparatus,biotech/pharma/medtech,False,CO,CO,NV,True,False,False,False,False,False,False,False,1999-07-30,False,,False,False,,,False,,False,False,30388635.0,2025-11-11,no 8-K/6-K on run day,,30388635.0,22408579.449,False,False,,0.0
