ticker,cik,sic,sic_desc
A,0001090872,3826,Laboratory Analytical Instruments
AA,0001675149,3334,Primary Production of  Aluminum
AAC,0002128115,6770,Blank Checks
AACB,0002034334,6770,Blank Checks
AACI,0002044009,6770,Blank Checks
AACO,0002099906,6770,Blank Checks
AACP,0002102123,6770,Blank Checks
AACT,0001853138,7373,Services-Computer Integrated Systems Design
AADI,0001422142,2834,Pharmaceutical Preparations
AADX,0002118195,3728,"Aircraft Parts & Auxiliary Equipment, NEC"
AAL,0000006201,4512,"Air Transportation, Scheduled"
AAM,0002012964,6770,Blank Checks
AAME,0000008177,6311,Life Insurance
AAMI,0001748824,6282,Investment Advice
AAN,0001821393,7359,"Services-Equipment Rental & Leasing, NEC"
AAOI,0001158114,3674,Semiconductors & Related Devices
AAON,0000824142,3585,Air-Cond & Warm Air Heatg Equip & Comm & Indl Refrig Equip
AAP,0001158449,5531,Retail-Auto & Home Supply Stores
AAPL,0000320193,3571,Electronic Computers
AARD,0001774857,2834,Pharmaceutical Preparations
AAT,0001500217,6798,Real Estate Investment Trusts
AAUC,0001993344,1040,Gold and Silver Ores
AB,0000825313,6282,Investment Advice
ABAT,0001576873,1400,Mining & Quarrying of  Nonmetallic Minerals (No Fuels)
ABBV,0001551152,2834,Pharmaceutical Preparations
ABCB,0000351569,6022,State Commercial Banks
ABCL,0001703057,2834,Pharmaceutical Preparations
ABEO,0000318306,2834,Pharmaceutical Preparations
ABG,0001144980,5500,Retail-Auto Dealers & Gasoline Stations
ABL,0001814287,6282,Investment Advice
ABLLL,0001814287,6282,Investment Advice
ABLV,0001957489,5960,Retail-Nonstore Retailers
ABM,0000771497,7340,Services-To Dwellings & Other Buildings
ABNB,0001559720,7340,Services-To Dwellings & Other Buildings
ABOS,0001576885,2836,"Biological Products, (No Diagnostic Substances)"
ABP,0001893219,2836,"Biological Products, (No Diagnostic Substances)"
ABR,0001253986,6798,Real Estate Investment Trusts
ABSI,0001672688,8731,Services-Commercial Physical & Biological Research
ABT,0000001800,2834,Pharmaceutical Preparations
ABTC,0001755953,6199,Finance Services
ABTS,0001864055,6199,Finance Services
ABUS,0001447028,2834,Pharmaceutical Preparations
ABVC,0001173313,2834,Pharmaceutical Preparations
ABVE,0001979484,2000,Food and Kindred Products
ABX,0001814287,6282,Investment Advice
AC,0001642122,6211,"Security Brokers, Dealers & Flotation Companies"
ACA,0001739445,3440,Fabricated Structural Metal Products
ACAA,0002096900,6770,Blank Checks
ACAB,0001893219,2836,"Biological Products, (No Diagnostic Substances)"
ACAD,0001070494,2834,Pharmaceutical Preparations
ACB,0001683541,2833,Medicinal Chemicals & Botanical Products
ACCD,0001481646,7389,"Services-Business Services, NEC"
ACCL,0002038378,8742,Services-Management Consulting Services
ACCO,0000712034,2780,"Blankbooks, Looseleaf Binders & Bookbindg & Relatd Work"
ACCS,0000843006,8742,Services-Management Consulting Services
ACDC,0001881487,1389,"Oil & Gas Field Services, NEC"
ACEL,0001698991,7900,Services-Amusement & Recreation Services
ACET,0001720580,2834,Pharmaceutical Preparations
ACFN,0000880984,8711,Services-Engineering Services
ACGC,0002111542,6770,Blank Checks
ACGL,0000947484,6331,"Fire, Marine & Casualty Insurance"
ACGLN,0000947484,6331,"Fire, Marine & Casualty Insurance"
ACH,0000075252,5047,"Wholesale-Medical, Dental & Hospital Equipment & Supplies"
ACHC,0001520697,8093,"Services-Specialty Outpatient Facilities, NEC"
ACHR,0001824502,3721,Aircraft
ACHV,0000949858,2835,In Vitro & In Vivo Diagnostic Substances
ACI,0001646972,5411,Retail-Grocery Stores
ACIC,0001401521,6331,"Fire, Marine & Casualty Insurance"
ACIU,0001651625,2834,Pharmaceutical Preparations
ACIW,0000935036,7372,Services-Prepackaged Software
ACLS,0001113232,3559,"Special Industry Machinery, NEC"
ACLX,0001786205,2836,"Biological Products, (No Diagnostic Substances)"
ACM,0000868857,8711,Services-Engineering Services
ACMR,0001680062,3559,"Special Industry Machinery, NEC"
ACN,0001467373,7389,"Services-Business Services, NEC"
ACNB,0000715579,6022,State Commercial Banks
ACNT,0000095953,2800,Chemicals & Allied Products
ACOG,0001655923,2836,"Biological Products, (No Diagnostic Substances)"
ACON,0001635077,8071,Services-Medical Laboratories
ACR,0001332551,6798,Real Estate Investment Trusts
ACRE,0001529377,6798,Real Estate Investment Trusts
ACRS,0001557746,2834,Pharmaceutical Preparations
ACRV,0001781174,2834,Pharmaceutical Preparations
ACST,0001444192,2834,Pharmaceutical Preparations
ACT,0001823529,6411,"Insurance Agents, Brokers & Service"
ACTG,0000934549,6794,Patent Owners & Lessors
ACTU,0001652935,2834,Pharmaceutical Preparations
ACU,0000002098,3420,"Cutlery, Handtools & General Hardware"
ACVA,0001637873,7389,"Services-Business Services, NEC"
ACXP,0001736243,2834,Pharmaceutical Preparations
AD,0000821130,4812,Radiotelephone Communications
ADAC,0002083002,6770,Blank Checks
ADAM,0001273685,6798,Real Estate Investment Trusts
ADAMG,0001273685,6798,Real Estate Investment Trusts
ADAMH,0001273685,6798,Real Estate Investment Trusts
ADAMI,0001273685,6798,Real Estate Investment Trusts
ADAMK,0001273685,6798,Real Estate Investment Trusts
ADAML,0001273685,6798,Real Estate Investment Trusts
ADAMO,0001273685,6798,Real Estate Investment Trusts
ADAMZ,0001273685,6798,Real Estate Investment Trusts
ADBE,0000796343,7372,Services-Prepackaged Software
ADBT,0002084227,7372,Services-Prepackaged Software
ADC,0000917251,6798,Real Estate Investment Trusts
ADCT,0001771910,2834,Pharmaceutical Preparations
ADD,0001747661,8200,Services-Educational Services
ADEA,0001803696,4841,Cable & Other Pay Television Services
ADGM,0002006986,3841,Surgical & Medical Instruments & Apparatus
ADI,0000006281,3674,Semiconductors & Related Devices
ADIG,0002105139,5072,Wholesale-Hardware
ADIL,0001513525,2834,Pharmaceutical Preparations
ADM,0000007084,2070,Fats & Oils
ADMA,0001368514,2836,"Biological Products, (No Diagnostic Substances)"
ADN,0001744494,3690,"Miscellaneous Electrical Machinery, Equipment & Supplies"
ADNT,0001670541,3714,Motor Vehicle Parts & Accessories
ADP,0000008670,7374,Services-Computer Processing & Data Preparation
ADPT,0001478320,2836,"Biological Products, (No Diagnostic Substances)"
ADRT,0001864032,6770,Blank Checks
ADRX,0001802369,2834,Pharmaceutical Preparations
ADSE,0001879248,3690,"Miscellaneous Electrical Machinery, Equipment & Supplies"
ADSK,0000769397,7372,Services-Prepackaged Software
ADT,0001703056,7381,"Services-Detective, Guard & Armored Car Services"
ADTN,0000926282,3661,Telephone & Telegraph Apparatus
ADTX,0001726711,2834,Pharmaceutical Preparations
ADUR,0001863934,2800,Chemicals & Allied Products
ADUS,0001468328,8082,Services-Home Health Care Services
ADV,0001776661,7389,"Services-Business Services, NEC"
ADVB,0001941029,8071,Services-Medical Laboratories
ADVM,0001501756,2836,"Biological Products, (No Diagnostic Substances)"
AE,0000002178,5172,Wholesale-Petroleum & Petroleum Products (No Bulk Stations)
AEAE,0001852016,3714,Motor Vehicle Parts & Accessories
AEAQ,0002083689,6770,Blank Checks
AEBI,0002048519,3531,Construction Machinery & Equip
AEBIV,0002048519,3531,Construction Machinery & Equip
AEC,0001519469,1000,Metal Mining
AEE,0001002910,4931,Electric & Other Services Combined
AEG,0000769218,6311,Life Insurance
AEHL,0001470683,4899,"Communications Services, NEC"
AEHR,0001040470,3825,Instruments For Meas & Testing of  Electricity & Elec Signals
AEI,0001750106,6500,Real Estate
AEIS,0000927003,3679,"Electronic Components, NEC"
AEM,0000002809,1040,Gold and Silver Ores
AEMD,0000882291,3841,Surgical & Medical Instruments & Apparatus
AENT,0001823584,5099,"Wholesale-Durable Goods, NEC"
AEO,0000919012,5651,Retail-Family Clothing Stores
AEON,0001837607,2834,Pharmaceutical Preparations
AEP,0000004904,4911,Electric Services
AER,0001378789,7359,"Services-Equipment Rental & Leasing, NEC"
AERT,0001853044,8742,Services-Management Consulting Services
AES,0000874761,4991,Cogeneration Services & Small Power Producers
AESI,0001984060,1311,Crude Petroleum & Natural Gas
AESP,0002082526,6770,Blank Checks
AEVA,0001789029,3714,Motor Vehicle Parts & Accessories
AEXA,0002079173,6770,Blank Checks
AEYE,0001362190,7372,Services-Prepackaged Software
AFBI,0001823406,6036,"Savings Institutions, Not Federally Chartered"
AFCG,0001822523,0000,
AFG,0001042046,6331,"Fire, Marine & Casualty Insurance"
AFJK,0001979005,6770,Blank Checks
AFL,0000004977,6321,Accident & Health Insurance
AFMD,0001608390,2834,Pharmaceutical Preparations
AFRI,0001903870,2040,Grain Mill Products
AFRM,0001820953,6141,Personal Credit Institutions
AFYA,0001771007,8200,Services-Educational Services
AG,0001308648,1040,Gold and Silver Ores
AGAE,0001708341,7900,Services-Amusement & Recreation Services
AGBA,0001769624,6282,Investment Advice
AGBK,0002081206,6029,"Commercial Banks, NEC"
AGCC,0002060016,5180,"Wholesale-Beer, Wine & Distilled Alcoholic Beverages"
AGCO,0000880266,3523,Farm Machinery & Equipment
AGEN,0001098972,2836,"Biological Products, (No Diagnostic Substances)"
AGFY,0001800637,0700,Agricultural Services
AGH,0002009312,7997,Services-Membership Sports & Recreation Clubs
AGI,0001178819,1040,Gold and Silver Ores
AGIG,0001156041,1311,Crude Petroleum & Natural Gas
AGIO,0001439222,2834,Pharmaceutical Preparations
AGL,0001831097,8090,"Services-Misc Health & Allied Services, NEC"
AGM,0000845877,6111,Federal & Federally-Sponsored Credit Agencies
AGM.A,0000845877,6111,Federal & Federally-Sponsored Credit Agencies
AGMH,0001705402,7371,Services-Computer Programming Services
AGNC,0001423689,6798,Real Estate Investment Trusts
AGNCL,0001423689,6798,Real Estate Investment Trusts
AGNCO,0001423689,6798,Real Estate Investment Trusts
AGNT,0001495932,6531,Real Estate Agents & Managers (For Others)
AGO,0001273813,6351,Surety Insurance
AGPU,0001446159,6199,Finance Services
AGR,0001634997,4911,Electric Services
AGRI,0001826397,6199,Finance Services
AGRO,0001499505,0100,Agricultural Production-Crops
AGRZ,0002009233,0100,Agricultural Production-Crops
AGS,0001593548,3990,Miscellaneous Manufacturing Industries
AGX,0000100591,1700,Construction - Special Trade Contractors
AGYS,0000078749,7373,Services-Computer Integrated Systems Design
AHCO,0001725255,8082,Services-Home Health Care Services
AHH,0001569187,6500,Real Estate
AHL,0001267395,6331,"Fire, Marine & Casualty Insurance"
AHMA,0002010959,7900,Services-Amusement & Recreation Services
AHR,0001632970,6798,Real Estate Investment Trusts
AHRT,0001569187,6500,Real Estate
AHT,0001232582,6798,Real Estate Investment Trusts
AI,0001577526,7372,Services-Prepackaged Software
AIAI,0002096362,7374,Services-Computer Processing & Data Preparation
AIB,0002070542,6221,Commodity Contracts Brokers & Dealers
AIBZ,0002100457,6199,Finance Services
AIDX,0001139685,8734,Services-Testing Laboratories
AIEV,0001912582,3711,Motor Vehicles & Passenger Car Bodies
AIFA,0001708341,7900,Services-Amusement & Recreation Services
AIFC,0000862861,6221,Commodity Contracts Brokers & Dealers
AIFE,0002030829,6770,Blank Checks
AIFF,0000803578,7372,Services-Prepackaged Software
AIFU,0001413855,6411,"Insurance Agents, Brokers & Service"
AIG,0000005272,6331,"Fire, Marine & Casualty Insurance"
AIHS,0001711012,7510,Services-Auto Rental & Leasing (No Drivers)
AII,0002007587,6331,"Fire, Marine & Casualty Insurance"
AIIA,0002073553,6770,Blank Checks
AIIO,0001932737,3711,Motor Vehicles & Passenger Car Bodies
AIIR,0002097725,2100,Tobacco Products
AILE,0001835972,7372,Services-Prepackaged Software
AIM,0000946644,2836,"Biological Products, (No Diagnostic Substances)"
AIMD,0001014763,3577,"Computer Peripheral Equipment, NEC"
AIN,0000819793,2221,"Broadwoven Fabric Mills, Man Made Fiber & Silk"
AIOS,0001603993,3490,Miscellaneous Fabricated Metal Products
AIOT,0001774170,3669,"Communications Equipment, NEC"
AIP,0001667011,3674,Semiconductors & Related Devices
AIR,0000001750,3720,Aircraft & Parts
AIRE,0001859199,6500,Real Estate
AIRG,0001272842,3663,Radio & Tv Broadcasting & Communications Equipment
AIRI,0001009891,3728,"Aircraft Parts & Auxiliary Equipment, NEC"
AIRJ,0001855474,3585,Air-Cond & Warm Air Heatg Equip & Comm & Indl Refrig Equip
AIRO,0001927958,3721,Aircraft
AIRS,0001870940,8011,Services-Offices & Clinics of  Doctors of  Medicine
AIRT,0000353184,4513,Air Courier Services
AISP,0001842566,7372,Services-Prepackaged Software
AIT,0000109563,5080,"Wholesale-Machinery, Equipment & Supplies"
AITR,0001966734,6770,Blank Checks
AIV,0000922864,6798,Real Estate Investment Trusts
AIXC,0001460702,6199,Finance Services
AIXI,0001935172,7372,Services-Prepackaged Software
AIZ,0001267238,6399,"Insurance Carriers, NEC"
AJG,0000354190,6411,"Insurance Agents, Brokers & Service"
AJX,0001614806,6798,Real Estate Investment Trusts
AKA,0001865107,5961,Retail-Catalog & Mail-Order Houses
AKAM,0001086222,7389,"Services-Business Services, NEC"
AKAN,0001888014,2833,Medicinal Chemicals & Botanical Products
AKBA,0001517022,2834,Pharmaceutical Preparations
AKR,0000899629,6798,Real Estate Investment Trusts
AKRO,0001744659,2834,Pharmaceutical Preparations
AKTS,0001584754,3661,Telephone & Telegraph Apparatus
AKTX,0001541157,2834,Pharmaceutical Preparations
AKYA,0001711933,3826,Laboratory Analytical Instruments
AL,0001487712,7359,"Services-Equipment Rental & Leasing, NEC"
ALAB,0001736297,3674,Semiconductors & Related Devices
ALB,0000915913,2821,"Plastic Materials, Synth Resins & Nonvulcan Elastomers"
ALBT,0001630212,7371,Services-Computer Programming Services
ALC,0001167379,3851,Ophthalmic Goods
ALCE,0001883984,4931,Electric & Other Services Combined
ALCO,0000003545,6519,"Lessors of  Real Property, NEC"
ALCY,0001901336,6770,Blank Checks
ALDF,0002031561,6770,Blank Checks
ALDX,0001341235,2834,Pharmaceutical Preparations
ALE,0000066756,4931,Electric & Other Services Combined
ALEC,0001653087,2836,"Biological Products, (No Diagnostic Substances)"
ALEX,0001545654,6798,Real Estate Investment Trusts
ALF,0002010930,6770,Blank Checks
ALG,0000897077,3523,Farm Machinery & Equipment
ALGM,0000866291,3674,Semiconductors & Related Devices
ALGN,0001097149,3842,"Orthopedic, Prosthetic & Surgical Appliances & Supplies"
ALGS,0001799448,2836,"Biological Products, (No Diagnostic Substances)"
ALGT,0001362468,4512,"Air Transportation, Scheduled"
ALH,0001317685,3580,Refrigeration & Service Industry Machinery
ALHC,0001832466,6324,Hospital & Medical Service Plans
ALIS,0002026767,7374,Services-Computer Processing & Data Preparation
ALIT,0001809104,7389,"Services-Business Services, NEC"
ALK,0000766421,4512,"Air Transportation, Scheduled"
ALKS,0001520262,2834,Pharmaceutical Preparations
ALKT,0001529274,7372,Services-Prepackaged Software
ALL,0000899051,6331,"Fire, Marine & Casualty Insurance"
ALLE,0001579241,7381,"Services-Detective, Guard & Armored Car Services"
ALLK,0001564824,2834,Pharmaceutical Preparations
ALLO,0001737287,2836,"Biological Products, (No Diagnostic Substances)"
ALLR,0001860657,2834,Pharmaceutical Preparations
ALLT,0001365767,3576,Computer Communications Equipment
ALLY,0000040729,6022,State Commercial Banks
ALM,0001670061,1000,Metal Mining
ALMR,0002104204,3826,Laboratory Analytical Instruments
ALMS,0001847367,2834,Pharmaceutical Preparations
ALMU,0001828805,3674,Semiconductors & Related Devices
ALNT,0000046129,3825,Instruments For Meas & Testing of  Electricity & Elec Signals
ALNY,0001178670,2834,Pharmaceutical Preparations
ALOT,0000008146,3577,"Computer Peripheral Equipment, NEC"
ALOV,0002083989,6770,Blank Checks
ALOY,0001567900,1000,Metal Mining
ALP,0001095435,6199,Finance Services
ALPP,0001606698,3669,"Communications Equipment, NEC"
ALPS,0002025774,8000,Services-Health Services
ALPX,0002125551,6770,Blank Checks
ALRM,0001459200,7372,Services-Prepackaged Software
ALRN,0001420565,2834,Pharmaceutical Preparations
ALRS,0000903419,6021,National Commercial Banks
ALSA,0001865111,7372,Services-Prepackaged Software
ALSN,0001411207,3714,Motor Vehicle Parts & Accessories
ALT,0001326190,2834,Pharmaceutical Preparations
ALTG,0001759824,5084,Wholesale-Industrial Machinery & Equipment
ALTI,0001838615,6282,Investment Advice
ALTM,0001977303,2810,Industrial Inorganic Chemicals
ALTO,0000778164,2860,Industrial Organic Chemicals
ALTR,0001701732,7372,Services-Prepackaged Software
ALTS,0000862861,6221,Commodity Contracts Brokers & Dealers
ALUB,0002041493,6770,Blank Checks
ALUR,0001964979,3841,Surgical & Medical Instruments & Apparatus
ALV,0001034670,3714,Motor Vehicle Parts & Accessories
ALVO,0001898416,2836,"Biological Products, (No Diagnostic Substances)"
ALVR,0001754068,2836,"Biological Products, (No Diagnostic Substances)"
ALX,0000003499,6798,Real Estate Investment Trusts
ALXO,0001810182,2834,Pharmaceutical Preparations
ALZN,0001677077,2834,Pharmaceutical Preparations
AM,0001623925,4922,Natural Gas Transmission
AMAC,0002110119,6770,Blank Checks
AMAL,0001823608,6022,State Commercial Banks
AMAN,0002112457,6770,Blank Checks
AMAT,0000006951,3674,Semiconductors & Related Devices
AMBA,0001280263,3674,Semiconductors & Related Devices
AMBC,0000874501,6351,Surety Insurance
AMBI,0001937441,4955,Hazardous Waste Management
AMBP,0001845097,3411,Metal Cans
AMBQ,0001500412,3674,Semiconductors & Related Devices
AMC,0001411579,7830,Services-Motion Picture Theaters
AMCI,0001937891,5700,"Retail-Home Furniture, Furnishings & Equipment Stores"
AMCR,0001748790,3990,Miscellaneous Manufacturing Industries
AMCX,0001514991,4841,Cable & Other Pay Television Services
AMD,0000002488,3674,Semiconductors & Related Devices
AME,0001037868,3823,"Industrial Instruments For Measurement, Display, and Control"
AMED,0000896262,8082,Services-Home Health Care Services
AMG,0001004434,6282,Investment Advice
AMGN,0000318154,2836,"Biological Products, (No Diagnostic Substances)"
AMH,0001562401,6798,Real Estate Investment Trusts
AMIX,0001617867,3841,Surgical & Medical Instruments & Apparatus
AMKR,0001047127,3674,Semiconductors & Related Devices
AMLI,0001699880,1000,Metal Mining
AMLX,0001658551,2834,Pharmaceutical Preparations
AMN,0001142750,7363,Services-Help Supply Services
AMOD,0001862463,6794,Patent Owners & Lessors
AMP,0000820027,6282,Investment Advice
AMPG,0001518461,3669,"Communications Equipment, NEC"
AMPH,0001297184,2834,Pharmaceutical Preparations
AMPL,0001866692,7372,Services-Prepackaged Software
AMPS,0001828723,4911,Electric Services
AMPX,0001899287,3690,"Miscellaneous Electrical Machinery, Equipment & Supplies"
AMPY,0001533924,1311,Crude Petroleum & Natural Gas
AMR,0001704715,1221,Bituminous Coal & Lignite Surface Mining
AMRC,0001488139,1700,Construction - Special Trade Contractors
AMRK,0001591588,5094,"Wholesale-Jewelry, Watches, Precious Stones & Metals"
AMRN,0000897448,2834,Pharmaceutical Preparations
AMRX,0001723128,2834,Pharmaceutical Preparations
AMRZ,0002035989,3241,"Cement, Hydraulic"
AMS,0000744825,8071,Services-Medical Laboratories
AMSC,0000880807,3621,Motors & Generators
AMSF,0001018979,6331,"Fire, Marine & Casualty Insurance"
AMSS,0001851491,2080,Beverages
AMST,0001807166,7372,Services-Prepackaged Software
AMSWA,0000713425,7372,Services-Prepackaged Software
AMT,0001053507,6798,Real Estate Investment Trusts
AMTB,0001734342,6021,National Commercial Banks
AMTM,0002011286,7389,"Services-Business Services, NEC"
AMTX,0000738214,2860,Industrial Organic Chemicals
AMWD,0000794619,2430,"Millwood, Veneer, Plywood, & Structural Wood Members"
AMWL,0001393584,7389,"Services-Business Services, NEC"
AMZE,0001880343,5961,Retail-Catalog & Mail-Order Houses
AMZN,0001018724,5961,Retail-Catalog & Mail-Order Houses
AN,0000350698,5500,Retail-Auto Dealers & Gasoline Stations
ANAB,0001370053,2834,Pharmaceutical Preparations
ANDE,0000821026,5150,Wholesale-Farm Product Raw Materials
ANDG,0002065708,7389,"Services-Business Services, NEC"
ANEB,0001815974,2834,Pharmaceutical Preparations
ANET,0001596532,3576,Computer Communications Equipment
ANF,0001018840,5651,Retail-Family Clothing Stores
ANGH,0001871983,4899,"Communications Services, NEC"
ANGI,0001705110,7310,Services-Advertising
ANGO,0001275187,3841,Surgical & Medical Instruments & Apparatus
ANGX,0001865200,7812,Services-Motion Picture & Video Tape Production
ANIK,0000898437,3841,Surgical & Medical Instruments & Apparatus
ANIP,0001023024,2834,Pharmaceutical Preparations
ANIX,0000715446,2834,Pharmaceutical Preparations
ANNA,0001845123,1311,Crude Petroleum & Natural Gas
ANNX,0001528115,2834,Pharmaceutical Preparations
ANPA,0002031688,7380,Services-Miscellaneous Business Services
ANRO,0001999480,2834,Pharmaceutical Preparations
ANSC,0001854149,6770,Blank Checks
ANSS,0001013462,7372,Services-Prepackaged Software
ANTA,0002044255,6221,Commodity Contracts Brokers & Dealers
ANTX,0001880438,2834,Pharmaceutical Preparations
ANVS,0001477845,2834,Pharmaceutical Preparations
ANY,0001591956,6199,Finance Services
AOMR,0001766478,6500,Real Estate
AON,0000315293,6411,"Insurance Agents, Brokers & Service"
AORT,0000784199,3841,Surgical & Medical Instruments & Apparatus
AOS,0000091142,3630,Household Appliances
AOSL,0001387467,3674,Semiconductors & Related Devices
AOUT,0001808997,3949,"Sporting & Athletic Goods, NEC"
AP,0000006176,3561,Pumps & Pumping Equipment
APA,0001841666,1311,Crude Petroleum & Natural Gas
APAC,0002043630,6770,Blank Checks
APAD,0001956439,7990,Services-Miscellaneous Amusement & Recreation
APAM,0001517302,6282,Investment Advice
APC,0002080921,5172,Wholesale-Petroleum & Petroleum Products (No Bulk Stations)
APCX,0001070050,7372,Services-Prepackaged Software
APD,0000002969,2810,Industrial Inorganic Chemicals
APDN,0000744452,6199,Finance Services
APEI,0001201792,8200,Services-Educational Services
APG,0001796209,7340,Services-To Dwellings & Other Buildings
APGE,0001974640,2836,"Biological Products, (No Diagnostic Substances)"
APH,0000820313,3678,Electronic Connectors
APLD,0001144879,7374,Services-Computer Processing & Data Preparation
APLE,0001418121,6798,Real Estate Investment Trusts
APLM,0001944885,2834,Pharmaceutical Preparations
APLS,0001492422,2834,Pharmaceutical Preparations
APLT,0001697532,2834,Pharmaceutical Preparations
APM,0001734005,3829,"Measuring & Controlling Devices, NEC"
APMC,0002101393,6770,Blank Checks
APMD,0001745648,2834,Pharmaceutical Preparations
APO,0001858681,6282,Investment Advice
APOG,0000006845,3231,"Glass Products, Made of  Purchased Glass"
APP,0001751008,7370,"Services-Computer Programming, Data Processing, Etc."
APPF,0001433195,7372,Services-Prepackaged Software
APPN,0001441683,7372,Services-Prepackaged Software
APPS,0000317788,6794,Patent Owners & Lessors
APRE,0001781983,2834,Pharmaceutical Preparations
APT,0000884269,3842,"Orthopedic, Prosthetic & Surgical Appliances & Supplies"
APTO,0000882361,2836,"Biological Products, (No Diagnostic Substances)"
APTV,0001521332,3714,Motor Vehicle Parts & Accessories
APUR,0002093524,6770,Blank Checks
APUS,0001894525,2834,Pharmaceutical Preparations
APVO,0001671584,2834,Pharmaceutical Preparations
APWC,0001026980,3357,Drawing & Insulating of  Nonferrous Wire
APXI,0001868573,6770,Blank Checks
APXT,0002079253,6770,Blank Checks
APYX,0000719135,3841,Surgical & Medical Instruments & Apparatus
AQB,0001603978,0900,"Fishing, Hunting and Trapping"
AQMS,0001621832,3341,Secondary Smelting & Refining of  Nonferrous Metals
AQN,0001174169,4911,Electric Services
AQST,0001398733,2834,Pharmaceutical Preparations
AQU,0001861063,6770,Blank Checks
AR,0001433270,1311,Crude Petroleum & Natural Gas
ARAI,0001818274,7340,Services-To Dwellings & Other Buildings
ARAY,0001138723,3841,Surgical & Medical Instruments & Apparatus
ARBB,0001930179,7373,Services-Computer Integrated Systems Design
ARBE,0001861841,7373,Services-Computer Integrated Systems Design
ARBK,0001841675,6199,Finance Services
ARBKL,0001841675,6199,Finance Services
ARC,0001305168,7330,"Services-Mailing, Reproduction, Commercial Art & Photography"
ARCB,0000894405,4213,Trucking (No Local)
ARCH,0001037676,1221,Bituminous Coal & Lignite Surface Mining
ARCI,0002083910,6770,Blank Checks
ARCL,0002073515,6770,Blank Checks
ARCO,0001508478,5812,Retail-Eating  Places
ARCT,0001768224,2834,Pharmaceutical Preparations
ARDT,0001756655,8062,"Services-General Medical & Surgical Hospitals, NEC"
ARDX,0001437402,2834,Pharmaceutical Preparations
ARE,0001035443,6798,Real Estate Investment Trusts
AREB,0001648087,3490,Miscellaneous Fabricated Metal Products
AREBW,0001648087,3490,Miscellaneous Fabricated Metal Products
AREC,0001590715,1220,Silver Ores
AREN,0000894871,4841,Cable & Other Pay Television Services
ARES,0001176948,6282,Investment Advice
ARHS,0001875444,5712,Retail-Furniture Stores
ARI,0001467760,6798,Real Estate Investment Trusts
ARIS,0001865187,1389,"Oil & Gas Field Services, NEC"
ARKB,0001869699,6221,Commodity Contracts Brokers & Dealers
ARKO,0001823794,5412,Retail-Convenience Stores
ARKR,0000779544,5812,Retail-Eating  Places
ARL,0001102238,6510,Real Estate Operators (No Developers) & Lessors
ARLO,0001736946,7381,"Services-Detective, Guard & Armored Car Services"
ARLP,0001086600,1221,Bituminous Coal & Lignite Surface Mining
ARMK,0001584509,5812,Retail-Eating  Places
ARMN,0001964504,1040,Gold and Silver Ores
ARMP,0000921114,2836,"Biological Products, (No Diagnostic Substances)"
AROC,0001389050,4922,Natural Gas Transmission
AROW,0000717538,6021,National Commercial Banks
ARQ,0001515156,2890,Miscellaneous Chemical Products
ARQQ,0001859690,7372,Services-Prepackaged Software
ARQT,0001787306,2834,Pharmaceutical Preparations
ARR,0001428205,6798,Real Estate Investment Trusts
ARRY,0001820721,3674,Semiconductors & Related Devices
ARTC,0002086545,6770,Blank Checks
ARTL,0001621221,2834,Pharmaceutical Preparations
ARTNA,0000863110,4941,Water Supply
ARTV,0001817241,2836,"Biological Products, (No Diagnostic Substances)"
ARTW,0000007623,3523,Farm Machinery & Equipment
ARVN,0001655759,2834,Pharmaceutical Preparations
ARW,0000007536,5065,"Wholesale-Electronic Parts & Equipment, NEC"
ARWR,0000879407,2834,Pharmaceutical Preparations
ARX,0001997350,6411,"Insurance Agents, Brokers & Service"
ARXS,0002093536,3728,"Aircraft Parts & Auxiliary Equipment, NEC"
AS,0001988894,2300,Apparel & Other Finishd Prods of  Fabrics & Similar Matl
ASAN,0001477720,7372,Services-Prepackaged Software
ASB,0000007789,6022,State Commercial Banks
ASBP,0001847345,2834,Pharmaceutical Preparations
ASC,0001577437,4412,Deep Sea Foreign Transportation of  Freight
ASGN,0000890564,7363,Services-Help Supply Services
ASH,0001674862,5160,Wholesale-Chemicals & Allied Products
ASIC,0002040491,6331,"Fire, Marine & Casualty Insurance"
ASIX,0001673985,2821,"Plastic Materials, Synth Resins & Nonvulcan Elastomers"
ASLE,0001754170,5080,"Wholesale-Machinery, Equipment & Supplies"
ASM,0000316888,1000,Metal Mining
ASMB,0001426800,2834,Pharmaceutical Preparations
ASND,0001612042,2834,Pharmaceutical Preparations
ASNS,0001141284,3669,"Communications Equipment, NEC"
ASO,0001817358,5940,Retail-Miscellaneous Shopping Goods Stores
ASPC,0001890361,6770,Blank Checks
ASPI,0001921865,2890,Miscellaneous Chemical Products
ASPN,0001145986,5030,Wholesale-Lumber & Other Construction Materials
ASPS,0001462418,7380,Services-Miscellaneous Business Services
ASRT,0001808665,2834,Pharmaceutical Preparations
ASRV,0000707605,6021,National Commercial Banks
ASST,0001920406,6199,Finance Services
ASTC,0001001907,3826,Laboratory Analytical Instruments
ASTE,0000792987,3531,Construction Machinery & Equip
ASTH,0001083446,8742,Services-Management Consulting Services
ASTI,0001350102,3674,Semiconductors & Related Devices
ASTL,0001860805,3312,"Steel Works, Blast Furnaces & Rolling Mills (Coke Ovens)"
ASTS,0001780312,4899,"Communications Services, NEC"
ASUR,0000884144,7373,Services-Computer Integrated Systems Design
ASYS,0000720500,3559,"Special Industry Machinery, NEC"
ATAI,0001840904,2834,Pharmaceutical Preparations
ATCH,0001963088,6199,Finance Services
ATCX,0001684688,1040,Gold and Silver Ores
ATEC,0001350653,3841,Surgical & Medical Instruments & Apparatus
ATEK,0001882198,4955,Hazardous Waste Management
ATEN,0001580808,3576,Computer Communications Equipment
ATER,0001757715,3634,Electric Housewares & Fans
ATEX,0001304492,4813,Telephone Communications (No Radiotelephone)
ATGE,0000730464,8200,Services-Educational Services
ATGL,0001967621,7371,Services-Computer Programming Services
ATHA,0001620463,2836,"Biological Products, (No Diagnostic Substances)"
ATHR,0002026353,7372,Services-Prepackaged Software
ATI,0001018963,3317,Steel Pipe & Tubes
ATIF,0001755058,8742,Services-Management Consulting Services
ATII,0002028516,6770,Blank Checks
ATIP,0001815849,8050,Services-Nursing & Personal Care Facilities
ATKR,0001666138,3690,"Miscellaneous Electrical Machinery, Equipment & Supplies"
ATLC,0001464343,6141,Personal Credit Institutions
ATLCL,0001464343,6141,Personal Credit Institutions
ATLCZ,0001464343,6141,Personal Credit Institutions
ATLN,0001605888,7363,Services-Help Supply Services
ATLO,0001132651,6021,National Commercial Banks
ATLQ,0002128739,6770,Blank Checks
ATLX,0001540684,1400,Mining & Quarrying of  Nonmetallic Minerals (No Fuels)
ATMC,0001889106,6770,Blank Checks
ATMU,0001921963,3714,Motor Vehicle Parts & Accessories
ATMV,0001937891,5700,"Retail-Home Furniture, Furnishings & Equipment Stores"
ATNF,0001690080,6199,Finance Services
ATNI,0000879585,4813,Telephone Communications (No Radiotelephone)
ATNM,0001388320,2834,Pharmaceutical Preparations
ATO,0000731802,4924,Natural Gas Distribution
ATOM,0001420520,3674,Semiconductors & Related Devices
ATON,0001095435,6199,Finance Services
ATOS,0001488039,2834,Pharmaceutical Preparations
ATPC,0001713210,8000,Services-Health Services
ATR,0000896622,3089,"Plastics Products, NEC"
ATRA,0001604464,2836,"Biological Products, (No Diagnostic Substances)"
ATRC,0001323885,3841,Surgical & Medical Instruments & Apparatus
ATRO,0000008063,3728,"Aircraft Parts & Auxiliary Equipment, NEC"
ATS,0001394832,3569,"General Industrial Machinery & Equipment, NEC"
ATSG,0000894081,4513,Air Courier Services
ATTO,0002058707,2836,"Biological Products, (No Diagnostic Substances)"
ATTT,0001948443,3630,Household Appliances
ATUS,0001702780,4841,Cable & Other Pay Television Services
ATXG,0001650101,7330,"Services-Mailing, Reproduction, Commercial Art & Photography"
ATXI,0001644963,2834,Pharmaceutical Preparations
ATXS,0001454789,2834,Pharmaceutical Preparations
ATYR,0001339970,2836,"Biological Products, (No Diagnostic Substances)"
AU,0001973832,1040,Gold and Silver Ores
AUB,0000883948,6022,State Commercial Banks
AUBN,0000750574,6022,State Commercial Banks
AUC,0001755058,8742,Services-Management Consulting Services
AUDC,0001086434,3661,Telephone & Telegraph Apparatus
AUGO,0001468642,1000,Metal Mining
AUGX,0001769804,7389,"Services-Business Services, NEC"
AUID,0001534154,7372,Services-Prepackaged Software
AUMN,0001011509,1040,Gold and Silver Ores
AUNA,0001799207,8011,Services-Offices & Clinics of  Doctors of  Medicine
AUPH,0001600620,2834,Pharmaceutical Preparations
AUR,0001828108,7373,Services-Computer Integrated Systems Design
AURA,0001501796,2836,"Biological Products, (No Diagnostic Substances)"
AURE,0001765850,6199,Finance Services
AUST,0001817740,1040,Gold and Silver Ores
AUUD,0001554818,7374,Services-Computer Processing & Data Preparation
AUXX,0001961592,1040,Gold and Silver Ores
AVA,0000104918,4931,Electric & Other Services Combined
AVAH,0001832332,8082,Services-Home Health Care Services
AVAT,0002092446,6199,Finance Services
AVAV,0001368622,3721,Aircraft
AVB,0000915912,6798,Real Estate Investment Trusts
AVBC,0002058758,6036,"Savings Institutions, Not Federally Chartered"
AVBH,0001443575,6022,State Commercial Banks
AVBP,0001868279,2834,Pharmaceutical Preparations
AVD,0000005981,2870,Agricultural Chemicals
AVDL,0001012477,2834,Pharmaceutical Preparations
AVDX,0001858257,7372,Services-Prepackaged Software
AVEX,0002096300,3721,Aircraft
AVGO,0001730168,3674,Semiconductors & Related Devices
AVGR,0001506928,3841,Surgical & Medical Instruments & Apparatus
AVIR,0001593899,2834,Pharmaceutical Preparations
AVLN,0001540171,2834,Pharmaceutical Preparations
AVNS,0001606498,3842,"Orthopedic, Prosthetic & Surgical Appliances & Supplies"
AVNT,0001122976,2821,"Plastic Materials, Synth Resins & Nonvulcan Elastomers"
AVNW,0001377789,3663,Radio & Tv Broadcasting & Communications Equipment
AVO,0001802974,0700,Agricultural Services
AVPT,0001777921,7372,Services-Prepackaged Software
AVR,0002011514,3842,"Orthopedic, Prosthetic & Surgical Appliances & Supplies"
AVT,0000008858,5065,"Wholesale-Electronic Parts & Equipment, NEC"
AVTE,0001798749,2834,Pharmaceutical Preparations
AVTR,0001722482,3826,Laboratory Analytical Instruments
AVTX,0001534120,2834,Pharmaceutical Preparations
AVX,0001826397,6199,Finance Services
AVXL,0001314052,2836,"Biological Products, (No Diagnostic Substances)"
AVY,0000008818,2670,Converted Paper & Paperboard Prods (No Contaners/Boxes)
AWH,0000926617,2835,In Vitro & In Vivo Diagnostic Substances
AWI,0000007431,3089,"Plastics Products, NEC"
AWK,0001410636,4941,Water Supply
AWR,0001056903,4941,Water Supply
AWRE,0001015739,7372,Services-Prepackaged Software
AWX,0001061069,4953,Refuse Systems
AX,0001299709,6035,"Savings Institution, Federally Chartered"
AXDX,0000727207,3826,Laboratory Analytical Instruments
AXG,0001959224,6211,"Security Brokers, Dealers & Flotation Companies"
AXGN,0000805928,3845,Electromedical & Electrotherapeutic Apparatus
AXIL,0001718500,2844,"Perfumes, Cosmetics & Other Toilet Preparations"
AXIN,0002057030,6770,Blank Checks
AXL,0001062231,3714,Motor Vehicle Parts & Accessories
AXNX,0001603756,3841,Surgical & Medical Instruments & Apparatus
AXON,0001069183,3480,"Ordnance & Accessories, (No Vehicles/Guided Missiles)"
AXP,0000004962,6199,Finance Services
AXR,0000006207,6552,Land Subdividers & Developers (No Cemeteries)
AXS,0001214816,6331,"Fire, Marine & Casualty Insurance"
AXSM,0001579428,2834,Pharmaceutical Preparations
AXTA,0001616862,2851,"Paints, Varnishes, Lacquers, Enamels & Allied Prods"
AXTI,0001051627,3674,Semiconductors & Related Devices
AY,0001601072,4911,Electric Services
AYA,0001826836,1040,Gold and Silver Ores
AYI,0001144215,3640,Electric Lighting & Wiring Equipment
AYRO,0001086745,4899,"Communications Services, NEC"
AYTU,0001385818,2834,Pharmaceutical Preparations
AZ,0001866030,3569,"General Industrial Machinery & Equipment, NEC"
AZEK,0001782754,3089,"Plastics Products, NEC"
AZI,0001959726,7500,"Services-Automotive Repair, Services & Parking"
AZIO,0001563568,3714,Motor Vehicle Parts & Accessories
AZN,0000901832,2834,Pharmaceutical Preparations
AZO,0000866787,5531,Retail-Auto & Home Supply Stores
AZPN,0001897982,7371,Services-Computer Programming Services
AZTA,0000933974,3559,"Special Industry Machinery, NEC"
AZTR,0001701478,2834,Pharmaceutical Preparations
AZZ,0000008947,3470,"Coating, Engraving & Allied Services"
B,0000009984,3490,Miscellaneous Fabricated Metal Products
BA,0000012927,3721,Aircraft
BAC,0000070858,6021,National Commercial Banks
BACC,0002059654,6770,Blank Checks
BACK,0001729944,8093,"Services-Specialty Outpatient Facilities, NEC"
BACQ,0002028707,7373,Services-Computer Integrated Systems Design
BAER,0001941536,7389,"Services-Business Services, NEC"
BAFN,0001649739,6022,State Commercial Banks
BAH,0001443646,8742,Services-Management Consulting Services
BALL,0000009389,3411,Metal Cans
BALY,0001747079,7011,Hotels & Motels
BALY.T,0001747079,7011,Hotels & Motels
BAM,0001937926,6282,Investment Advice
BANC,0001169770,6021,National Commercial Banks
BAND,0001514416,7372,Services-Prepackaged Software
BANF,0000760498,6021,National Commercial Banks
BANL,0001914805,5172,Wholesale-Petroleum & Petroleum Products (No Bulk Stations)
BANR,0000946673,6022,State Commercial Banks
BAOS,0001811216,7389,"Services-Business Services, NEC"
BAP,0001001290,6029,"Commercial Banks, NEC"
BARK,0001819574,5990,"Retail-Retail Stores, NEC"
BASE,0001845022,7372,Services-Prepackaged Software
BATL,0001282648,1311,Crude Petroleum & Natural Gas
BATRA,0001958140,7900,Services-Amusement & Recreation Services
BATRK,0001958140,7900,Services-Amusement & Recreation Services
BAX,0000010456,3841,Surgical & Medical Instruments & Apparatus
BAYA,0001969475,6770,Blank Checks
BB,0001070235,7372,Services-Prepackaged Software
BBAI,0001836981,7372,Services-Prepackaged Software
BBBY,0001130713,5961,Retail-Catalog & Mail-Order Houses
BBCP,0001703956,1700,Construction - Special Trade Contractors
BBCQ,0002088295,6770,Blank Checks
BBGI,0001099160,4832,Radio Broadcasting Stations
BBIO,0001743881,2834,Pharmaceutical Preparations
BBLG,0001419554,3842,"Orthopedic, Prosthetic & Surgical Appliances & Supplies"
BBNX,0001674632,3841,Surgical & Medical Instruments & Apparatus
BBOT,0001869105,2834,Pharmaceutical Preparations
BBSI,0000902791,7363,Services-Help Supply Services
BBT,0001108134,6036,"Savings Institutions, Not Federally Chartered"
BBU,0001654795,1700,Construction - Special Trade Contractors
BBUC,0001871130,1700,Construction - Special Trade Contractors
BBW,0001113809,5945,"Retail-Hobby, Toy & Game Shops"
BBWI,0000701985,5990,"Retail-Retail Stores, NEC"
BBY,0000764478,5731,"Retail-Radio, Tv & Consumer Electronics Stores"
BC,0000014930,3510,Engines & Turbines
BCAB,0001826892,2836,"Biological Products, (No Diagnostic Substances)"
BCAL,0001795815,6021,National Commercial Banks
BCAN,0001888151,7372,Services-Prepackaged Software
BCAR,0002065779,7372,Services-Prepackaged Software
BCAX,0002023658,2834,Pharmaceutical Preparations
BCBP,0001228454,6035,"Savings Institution, Federally Chartered"
BCC,0001328581,5030,Wholesale-Lumber & Other Construction Materials
BCCQ,0002128045,6770,Blank Checks
BCDA,0000925741,2836,"Biological Products, (No Diagnostic Substances)"
BCE,0000718940,4813,Telephone Communications (No Radiotelephone)
BCG,0001953984,6199,Finance Services
BCHT,0000728385,3829,"Measuring & Controlling Devices, NEC"
BCLI,0001137883,2836,"Biological Products, (No Diagnostic Substances)"
BCML,0001730984,6022,State Commercial Banks
BCO,0000078890,4731,Arrangement of  Transportation of  Freight & Cargo
BCOV,0001313275,7374,Services-Computer Processing & Data Preparation
BCOW,0001847360,6036,"Savings Institutions, Not Federally Chartered"
BCPC,0000009326,2800,Chemicals & Allied Products
BCRX,0000882796,2836,"Biological Products, (No Diagnostic Substances)"
BCSA,0001873441,6770,Blank Checks
BCSS,0002064355,6770,Blank Checks
BCTX,0001610820,2834,Pharmaceutical Preparations
BCTXL,0001610820,2834,Pharmaceutical Preparations
BDC,0000913142,3357,Drawing & Insulating of  Nonferrous Wire
BDCI,0002042292,6770,Blank Checks
BDL,0000012040,5812,Retail-Eating  Places
BDMD,0001982444,3841,Surgical & Medical Instruments & Apparatus
BDN,0000790816,6798,Real Estate Investment Trusts
BDRX,0001643918,2834,Pharmaceutical Preparations
BDSX,0001439725,8071,Services-Medical Laboratories
BDTX,0001701541,2836,"Biological Products, (No Diagnostic Substances)"
BDX,0000010795,3841,Surgical & Medical Instruments & Apparatus
BE,0001664703,3620,Electrical Industrial Apparatus
BEAG,0001852207,6770,Blank Checks
BEAM,0001745999,2836,"Biological Products, (No Diagnostic Substances)"
BEAT,0001779372,3841,Surgical & Medical Instruments & Apparatus
BEBE,0002079933,6770,Blank Checks
BECN,0001124941,5030,Wholesale-Lumber & Other Construction Materials
BEEM,0001398805,3690,"Miscellaneous Electrical Machinery, Equipment & Supplies"
BEEP,0001847874,6500,Real Estate
BELFA,0000729580,3677,"Electronic Coils, Transformers & Other Inductors"
BELFB,0000729580,3677,"Electronic Coils, Transformers & Other Inductors"
BEN,0000038777,6282,Investment Advice
BENF,0001775734,6199,Finance Services
BEP,0001533232,4911,Electric Services
BEPC,0001791863,4911,Electric Services
BERY,0001378992,3089,"Plastics Products, NEC"
BERZ,0000927971,6029,"Commercial Banks, NEC"
BESS,0001066764,4911,Electric Services
BETA,0001784570,3721,Aircraft
BETR,0001835856,6163,Loan Brokers
BF.A,0000014693,2080,Beverages
BF.B,0000014693,2080,Beverages
BFAC,0001880441,6770,Blank Checks
BFAM,0001437578,8351,Services-Child Day Care Services
BFC,0001746109,6021,National Commercial Banks
BFH,0001101215,6141,Personal Credit Institutions
BFIN,0001303942,6035,"Savings Institution, Federally Chartered"
BFLY,0001804176,3844,X-Ray Apparatus & Tubes & Related Irradiation Apparatus
BFRG,0001829247,2834,Pharmaceutical Preparations
BFRI,0001858685,2834,Pharmaceutical Preparations
BFS,0000907254,6798,Real Estate Investment Trusts
BFST,0001624322,6022,State Commercial Banks
BG,0001996862,2070,Fats & Oils
BGC,0001094831,6200,"Security & Commodity Brokers, Dealers, Exchanges & Services"
BGDE,0001218683,6199,Finance Services
BGFV,0001156388,5940,Retail-Miscellaneous Shopping Goods Stores
BGI,0001179821,5944,Retail-Jewelry Stores
BGIN,0001945565,6199,Finance Services
BGL,0002019435,1000,Metal Mining
BGLC,0001737523,8071,Services-Medical Laboratories
BGM,0001779578,2834,Pharmaceutical Preparations
BGMS,0001130166,5099,"Wholesale-Durable Goods, NEC"
BGS,0001278027,2000,Food and Kindred Products
BGSF,0001474903,7363,Services-Help Supply Services
BGSI,0002091467,7500,"Services-Automotive Repair, Services & Parking"
BH,0001726173,5812,Retail-Eating  Places
BH.A,0001726173,5812,Retail-Eating  Places
BHAC,0001851612,6770,Blank Checks
BHAT,0001759136,5160,Wholesale-Chemicals & Allied Products
BHAV,0002097288,6770,Blank Checks
BHB,0000743367,6022,State Commercial Banks
BHC,0000885590,2834,Pharmaceutical Preparations
BHE,0000863436,3672,Printed Circuit Boards
BHF,0001685040,6311,Life Insurance
BHFAL,0001685040,6311,Life Insurance
BHFAM,0001685040,6311,Life Insurance
BHFAN,0001685040,6311,Life Insurance
BHFAO,0001685040,6311,Life Insurance
BHIL,0001830210,2000,Food and Kindred Products
BHLB,0001108134,6036,"Savings Institutions, Not Federally Chartered"
BHM,0001903382,6798,Real Estate Investment Trusts
BHR,0001574085,6798,Real Estate Investment Trusts
BHRB,0001964333,6021,National Commercial Banks
BHST,0001723464,2834,Pharmaceutical Preparations
BHVN,0001935979,2834,Pharmaceutical Preparations
BIAF,0001712762,8731,Services-Commercial Physical & Biological Research
BID,0002094919,6770,Blank Checks
BIGC,0001626450,7372,Services-Prepackaged Software
BIIB,0000875045,2836,"Biological Products, (No Diagnostic Substances)"
BIII,0002087087,6770,Blank Checks
BILL,0001786352,7372,Services-Prepackaged Software
BINI,0001499961,3711,Motor Vehicles & Passenger Car Bodies
BIO,0000012208,3826,Laboratory Analytical Instruments
BIO.B,0000012208,3826,Laboratory Analytical Instruments
BIOA,0001709941,2834,Pharmaceutical Preparations
BIOR,0001580063,2834,Pharmaceutical Preparations
BIOT,0002072188,2844,"Perfumes, Cosmetics & Other Toilet Preparations"
BIOX,0001769484,2870,Agricultural Chemicals
BIP,0001406234,4400,Water Transportation
BIPC,0001788348,4923,Natural Gas Transmisison & Distribution
BIRD,0001653909,7374,Services-Computer Processing & Data Preparation
BIRK,0001977102,3140,"Footwear, (No Rubber)"
BITF,0001812477,6199,Finance Services
BIVI,0001580149,2834,Pharmaceutical Preparations
BIXI,0002082542,6770,Blank Checks
BIYA,0001944712,7361,Services-Employment Agencies
BJ,0001531152,5331,Retail-Variety Stores
BJDX,0001704287,3841,Surgical & Medical Instruments & Apparatus
BJRI,0001013488,5812,Retail-Eating  Places
BK,0001390777,6022,State Commercial Banks
BKD,0001332349,8050,Services-Nursing & Personal Care Facilities
BKE,0000885245,5651,Retail-Family Clothing Stores
BKH,0001130464,4911,Electric Services
BKHA,0002000775,2836,"Biological Products, (No Diagnostic Substances)"
BKKT,0001820302,6199,Finance Services
BKNG,0001075531,4700,Transportation Services
BKR,0001701605,3533,Oil & Gas Field Machinery & Equipment
BKSY,0001753539,3663,Radio & Tv Broadcasting & Communications Equipment
BKTI,0000002186,3663,Radio & Tv Broadcasting & Communications Equipment
BKU,0001504008,6035,"Savings Institution, Federally Chartered"
BKV,0001838406,1311,Crude Petroleum & Natural Gas
BKYI,0001019034,7372,Services-Prepackaged Software
BL,0001666134,7372,Services-Prepackaged Software
BLAC,0001840425,3841,Surgical & Medical Instruments & Apparatus
BLBD,0001589526,3713,Truck & Bus Bodies
BLBX,0001567900,1000,Metal Mining
BLCO,0001860742,3851,Ophthalmic Goods
BLD,0001633931,1700,Construction - Special Trade Contractors
BLDE,0001779128,8000,Services-Health Services
BLDP,0001453015,3620,Electrical Industrial Apparatus
BLDR,0001316835,5211,Retail-Lumber & Other Building Materials Dealers
BLEU,0001843370,6770,Blank Checks
BLFS,0000834365,3845,Electromedical & Electrotherapeutic Apparatus
BLFY,0001846017,6036,"Savings Institutions, Not Federally Chartered"
BLIN,0001378590,7372,Services-Prepackaged Software
BLIV,0001982448,7373,Services-Computer Integrated Systems Design
BLK,0002012383,6211,"Security Brokers, Dealers & Flotation Companies"
BLKB,0001280058,7372,Services-Prepackaged Software
BLLN,0002070849,8071,Services-Medical Laboratories
BLMN,0001546417,5812,Retail-Eating  Places
BLMZ,0001984014,7819,Services-Allied To Motion Picture Production
BLND,0001855747,7370,"Services-Computer Programming, Data Processing, Etc."
BLNE,0001534708,6162,Mortgage Bankers & Loan Correspondents
BLNK,0001429764,3690,"Miscellaneous Electrical Machinery, Equipment & Supplies"
BLRK,0002081532,6770,Blank Checks
BLRX,0001498403,2834,Pharmaceutical Preparations
BLSH,0001872195,6199,Finance Services
BLSM,0001839970,2834,Pharmaceutical Preparations
BLUE,0001293971,2836,"Biological Products, (No Diagnostic Substances)"
BLUW,0002050501,6770,Blank Checks
BLX,0000890541,6029,"Commercial Banks, NEC"
BLZE,0001462056,7372,Services-Prepackaged Software
BLZR,0002075310,6770,Blank Checks
BMBL,0001830043,7370,"Services-Computer Programming, Data Processing, Etc."
BMEA,0001840439,2834,Pharmaceutical Preparations
BMGL,0002004489,8011,Services-Offices & Clinics of  Doctors of  Medicine
BMHL,0002027815,6199,Finance Services
BMI,0000009092,3824,Totalizing Fluid Meters & Counting Devices
BMM,0001732379,1000,Metal Mining
BMNR,0001829311,6199,Finance Services
BMO,0000927971,6029,"Commercial Banks, NEC"
BMR,0001899005,7372,Services-Prepackaged Software
BMRA,0000073290,2835,In Vitro & In Vivo Diagnostic Substances
BMRC,0001403475,6022,State Commercial Banks
BMRN,0001048477,2834,Pharmaceutical Preparations
BMTX,0001725872,6022,State Commercial Banks
BMY,0000014272,2834,Pharmaceutical Preparations
BN,0001001085,6512,Opeators of  Nonresidential Buildings
BNAI,0001838163,7373,Services-Computer Integrated Systems Design
BNBX,0000744452,6199,Finance Services
BNC,0001482541,0700,Agricultural Services
BNED,0001634117,5940,Retail-Miscellaneous Shopping Goods Stores
BNGO,0001411690,3826,Laboratory Analytical Instruments
BNIX,0001845942,7372,Services-Prepackaged Software
BNKD,0000927971,6029,"Commercial Banks, NEC"
BNKK,0001760903,2844,"Perfumes, Cosmetics & Other Toilet Preparations"
BNL,0001424182,6798,Real Estate Investment Trusts
BNRG,0001901215,3433,"Heating Equipment, Except Electric & Warm Air Furnaces"
BNS,0000009631,6022,State Commercial Banks
BNT,0001837429,6399,"Insurance Carriers, NEC"
BNTC,0001808898,2834,Pharmaceutical Preparations
BNY,0001390777,6022,State Commercial Banks
BNZI,0001826011,7372,Services-Prepackaged Software
BOBS,0002085187,5712,Retail-Furniture Stores
BOC,0001494582,6510,Real Estate Operators (No Developers) & Lessors
BOCN,0001856961,6770,Blank Checks
BODI,0001826889,5960,Retail-Nonstore Retailers
BOF,0001962481,2000,Food and Kindred Products
BOH,0000046195,6022,State Commercial Banks
BOIL,0001415311,6221,Commodity Contracts Brokers & Dealers
BOKF,0000875357,6021,National Commercial Banks
BOLD,0001782303,2834,Pharmaceutical Preparations
BOLT,0001641281,2834,Pharmaceutical Preparations
BON,0001816815,2833,Medicinal Chemicals & Botanical Products
BOOM,0000034067,3390,Miscellaneous Primary Metal Products
BOOT,0001610250,5661,Retail-Shoe Stores
BORR,0001715497,1381,Drilling Oil & Gas Wells
BOSC,0001005516,3576,Computer Communications Equipment
BOTJ,0001275101,6022,State Commercial Banks
BOW,0002002473,6331,"Fire, Marine & Casualty Insurance"
BOWL,0001840572,7900,Services-Amusement & Recreation Services
BOWN,0001973056,2840,"Soap, Detergents, Cleang Preparations, Perfumes, Cosmetics"
BOX,0001372612,7372,Services-Prepackaged Software
BOXL,0001624512,8200,Services-Educational Services
BPAC,0002064177,6770,Blank Checks
BPMC,0001597264,2834,Pharmaceutical Preparations
BPOP,0000763901,6022,State Commercial Banks
BPRN,0001913971,6022,State Commercial Banks
BPT,0000850033,2911,Petroleum Refining
BPTH,0001133818,2834,Pharmaceutical Preparations
BPYPM,0001545772,6500,Real Estate
BPYPN,0001085359,6512,Opeators of  Nonresidential Buildings
BPYPO,0001085359,6512,Opeators of  Nonresidential Buildings
BQ,0001815021,5990,"Retail-Retail Stores, NEC"
BR,0001383312,7389,"Services-Business Services, NEC"
BRAC,0001865120,6770,Blank Checks
BRAG,0001867834,7377,Services-Computer Rental & Leasing
BRAI,0002076975,7374,Services-Computer Processing & Data Preparation
BRBR,0001772016,2000,Food and Kindred Products
BRBS,0000842717,6022,State Commercial Banks
BRC,0000746598,3990,Miscellaneous Manufacturing Industries
BRCB,0002068577,5810,Retail-Eating & Drinking Places
BRCC,0001891101,2080,Beverages
BRDG,0001854401,6282,Investment Advice
BREA,0001939965,6199,Finance Services
BREZ,0002095443,6770,Blank Checks
BRFH,0001487197,2030,"Canned, Frozen & Preservd Fruit, Veg & Food Specialties"
BRIA,0002000230,2300,Apparel & Other Finishd Prods of  Fabrics & Similar Matl
BRID,0000014177,2013,Sausages & Other Prepared Meat Products
BRK.A,0001067983,6331,"Fire, Marine & Casualty Insurance"
BRK.B,0001067983,6331,"Fire, Marine & Casualty Insurance"
BRKH,0001871638,3674,Semiconductors & Related Devices
BRKL,0001049782,6035,"Savings Institution, Federally Chartered"
BRKR,0001109354,3826,Laboratory Analytical Instruments
BRLS,0001852973,2000,Food and Kindred Products
BRLT,0001866757,3910,"Jewelry, Silverware & Plated Ware"
BRN,0000010048,1311,Crude Petroleum & Natural Gas
BRNX,0001901215,3433,"Heating Equipment, Except Electric & Warm Air Furnaces"
BRO,0000079282,6411,"Insurance Agents, Brokers & Service"
BROG,0001774983,2911,Petroleum Refining
BROS,0001866581,5810,Retail-Eating & Drinking Places
BRR,0002056263,6770,Blank Checks
BRSL,0001619762,7990,Services-Miscellaneous Amusement & Recreation
BRSP,0001717547,6798,Real Estate Investment Trusts
BRT,0000014846,6798,Real Estate Investment Trusts
BRTM,0002131350,6770,Blank Checks
BRTX,0001505497,8090,"Services-Misc Health & Allied Services, NEC"
BRUN,0002090646,7374,Services-Computer Processing & Data Preparation
BRVE,0002131524,2834,Pharmaceutical Preparations
BRX,0001581068,6798,Real Estate Investment Trusts
BRY,0001705873,1311,Crude Petroleum & Natural Gas
BRZE,0001676238,7372,Services-Prepackaged Software
BRZL,0000927971,6029,"Commercial Banks, NEC"
BSAA,0002051587,8200,Services-Educational Services
BSBK,0001787414,6036,"Savings Institutions, Not Federally Chartered"
BSEM,0001658678,2836,"Biological Products, (No Diagnostic Substances)"
BSET,0000010329,2511,"Wood Household Furniture, (No Upholstered)"
BSFC,0001730773,2092,Prepared Fresh or  Frozen Fish & Seafoods
BSGM,0001530766,6200,"Security & Commodity Brokers, Dealers, Exchanges & Services"
BSIG,0001748824,6282,Investment Advice
BSII,0002025065,6770,Blank Checks
BSIN,0000101594,1311,Crude Petroleum & Natural Gas
BSLK,0001841125,2860,Industrial Organic Chemicals
BSM,0001621434,1311,Crude Petroleum & Natural Gas
BSP,0002004711,7370,"Services-Computer Programming, Data Processing, Etc."
BSRR,0001130144,6022,State Commercial Banks
BSVN,0001746129,6022,State Commercial Banks
BSX,0000885725,3841,Surgical & Medical Instruments & Apparatus
BSY,0001031308,7372,Services-Prepackaged Software
BTAI,0001720893,2834,Pharmaceutical Preparations
BTBD,0001718224,5812,Retail-Eating  Places
BTBT,0001710350,6199,Finance Services
BTC,0002015034,6221,Commodity Contracts Brokers & Dealers
BTCS,0001436229,6199,Finance Services
BTCT,0001796514,6199,Finance Services
BTDR,0001899123,6199,Finance Services
BTE,0001279495,1381,Drilling Oil & Gas Wells
BTG,0001429937,1040,Gold and Silver Ores
BTGO,0001740604,6199,Finance Services
BTLN,0001854445,7371,Services-Computer Programming Services
BTM,0001901799,6199,Finance Services
BTMD,0001819253,2833,Medicinal Chemicals & Botanical Products
BTOC,0001972529,4220,Public Warehousing & Storage
BTOG,0001735556,6199,Finance Services
BTQ,0001821866,7370,"Services-Computer Programming, Data Processing, Etc."
BTSG,0001865782,8082,Services-Home Health Care Services
BTTC,0002034400,7371,Services-Computer Programming Services
BTTR,0001471727,2080,Beverages
BTU,0001064728,1221,Bituminous Coal & Lignite Surface Mining
BUDA,0002079720,2080,Beverages
BUJA,0001956055,6770,Blank Checks
BULL,0001866364,6211,"Security Brokers, Dealers & Flotation Companies"
BULZ,0000927971,6029,"Commercial Banks, NEC"
BUR,0001714174,6199,Finance Services
BURL,0001579298,5311,Retail-Department Stores
BURU,0001814215,3690,"Miscellaneous Electrical Machinery, Equipment & Supplies"
BUSE,0000314489,6022,State Commercial Banks
BUUU,0002047273,7900,Services-Amusement & Recreation Services
BV,0001734713,0700,Agricultural Services
BVC,0001785680,6282,Investment Advice
BVFL,0001302387,6035,"Savings Institution, Federally Chartered"
BVS,0001665988,3841,Surgical & Medical Instruments & Apparatus
BW,0001630805,3433,"Heating Equipment, Except Electric & Warm Air Furnaces"
BWA,0000908255,3714,Motor Vehicle Parts & Accessories
BWAY,0001505065,3841,Surgical & Medical Instruments & Apparatus
BWB,0001341317,6022,State Commercial Banks
BWBBP,0001341317,6022,State Commercial Banks
BWEN,0001120370,3360,Nonferrous Foundries (Castings)
BWFG,0001505732,6022,State Commercial Banks
BWIN,0001781755,6411,"Insurance Agents, Brokers & Service"
BWIV,0002082847,6770,Blank Checks
BWLP,0001649313,4700,Transportation Services
BWMN,0001847590,8742,Services-Management Consulting Services
BWMX,0001788257,5961,Retail-Catalog & Mail-Order Houses
BWXT,0001486957,3510,Engines & Turbines
BX,0001393818,6282,Investment Advice
BXBL,0001906364,1520,General Bldg Contractors - Residential Bldgs
BXC,0001301787,5031,"Wholesale-Lumber, Plywood, Millwork & Wood Panels"
BXDC,0002100161,6500,Real Estate
BXMT,0001061630,6798,Real Estate Investment Trusts
BXP,0001037540,6798,Real Estate Investment Trusts
BY,0001702750,6022,State Commercial Banks
BYAH,0001986247,2840,"Soap, Detergents, Cleang Preparations, Perfumes, Cosmetics"
BYD,0000906553,7011,Hotels & Motels
BYFC,0001001171,6035,"Savings Institution, Federally Chartered"
BYND,0001655210,2000,Food and Kindred Products
BYNO,0001801417,6770,Blank Checks
BYON,0001130713,5961,Retail-Catalog & Mail-Order Houses
BYRN,0001354866,3690,"Miscellaneous Electrical Machinery, Equipment & Supplies"
BYSI,0001677940,2834,Pharmaceutical Preparations
BYU,0001556266,5050,Wholesale-Metals & Minerals (No Petroleum)
BZAI,0001871638,3674,Semiconductors & Related Devices
BZFD,0001828972,4899,"Communications Services, NEC"
BZH,0000915840,1531,Operative Builders
C,0000831001,6021,National Commercial Banks
CAAP,0001717393,4581,"Airports, Flying Fields & Airport Terminal Services"
CAAS,0001157762,3714,Motor Vehicle Parts & Accessories
CABA,0001759138,2836,"Biological Products, (No Diagnostic Substances)"
CABO,0001632127,4841,Cable & Other Pay Television Services
CABR,0002020737,2844,"Perfumes, Cosmetics & Other Toilet Preparations"
CAC,0000750686,6021,National Commercial Banks
CACC,0000885550,6141,Personal Credit Institutions
CACI,0000016058,7373,Services-Computer Integrated Systems Design
CADL,0001841387,2836,"Biological Products, (No Diagnostic Substances)"
CAE,0001173382,3690,"Miscellaneous Electrical Machinery, Equipment & Supplies"
CAEP,0002034268,6770,Blank Checks
CAES,0002087965,6770,Blank Checks
CAG,0000023217,2000,Food and Kindred Products
CAH,0000721371,5122,"Wholesale-Drugs, Proprietaries & Druggists' Sundries"
CAI,0002019410,8071,Services-Medical Laboratories
CAII,0002115404,6770,Blank Checks
CAKE,0000887596,5812,Retail-Eating  Places
CAL,0000014707,3140,"Footwear, (No Rubber)"
CALC,0001534133,2834,Pharmaceutical Preparations
CALM,0000016160,0200,Agricultural Prod-Livestock & Animal Specialties
CALX,0001406666,4899,"Communications Services, NEC"
CALY,0000837465,3949,"Sporting & Athletic Goods, NEC"
CAMP,0001736730,2834,Pharmaceutical Preparations
CAMT,0001109138,3827,Optical Instruments & Lenses
CANF,0001536196,2834,Pharmaceutical Preparations
CANG,0001725123,6199,Finance Services
CAPL,0001538849,5172,Wholesale-Petroleum & Petroleum Products (No Bulk Stations)
CAPN,0002024203,6770,Blank Checks
CAPR,0001133869,2834,Pharmaceutical Preparations
CAPS,0000887151,5030,Wholesale-Lumber & Other Construction Materials
CAPT,0001967478,3690,"Miscellaneous Electrical Machinery, Equipment & Supplies"
CAQ,0002100125,6770,Blank Checks
CAR,0000723612,7510,Services-Auto Rental & Leasing (No Drivers)
CARA,0001346830,2834,Pharmaceutical Preparations
CARE,0001829576,6021,National Commercial Banks
CARG,0001494259,7374,Services-Computer Processing & Data Preparation
CARL,0001794546,3841,Surgical & Medical Instruments & Apparatus
CARM,0001485003,2834,Pharmaceutical Preparations
CARR,0001783180,3585,Air-Cond & Warm Air Heatg Equip & Comm & Indl Refrig Equip
CARS,0001683606,7374,Services-Computer Processing & Data Preparation
CART,0001579091,7389,"Services-Business Services, NEC"
CARV,0001016178,6035,"Savings Institution, Federally Chartered"
CASH,0000907471,6021,National Commercial Banks
CASI,0001962738,2834,Pharmaceutical Preparations
CASK,0001788230,2080,Beverages
CASS,0000708781,7389,"Services-Business Services, NEC"
CAST,0001633369,7374,Services-Computer Processing & Data Preparation
CASY,0000726958,5500,Retail-Auto Dealers & Gasoline Stations
CAT,0000018230,3531,Construction Machinery & Equip
CATL,0002104391,6770,Blank Checks
CATO,0000018255,5621,Retail-Women's Clothing Stores
CATX,0000728387,2834,Pharmaceutical Preparations
CATY,0000861842,6022,State Commercial Banks
CAVA,0001639438,5812,Retail-Eating  Places
CB,0000896159,6331,"Fire, Marine & Casualty Insurance"
CBAN,0000711669,6022,State Commercial Banks
CBAT,0001117171,3690,"Miscellaneous Electrical Machinery, Equipment & Supplies"
CBFV,0001605301,6022,State Commercial Banks
CBIO,0001253689,2834,Pharmaceutical Preparations
CBK,0001981546,6022,State Commercial Banks
CBL,0000910612,6798,Real Estate Investment Trusts
CBLL,0001861107,3845,Electromedical & Electrotherapeutic Apparatus
CBNA,0001392272,6021,National Commercial Banks
CBNK,0001419536,6021,National Commercial Banks
CBOE,0001374310,6200,"Security & Commodity Brokers, Dealers, Exchanges & Services"
CBRE,0001138118,6500,Real Estate
CBRG,0001845149,6770,Blank Checks
CBRL,0001067294,5812,Retail-Eating  Places
CBRS,0002021728,3674,Semiconductors & Related Devices
CBSH,0000022356,6022,State Commercial Banks
CBT,0000016040,2890,Miscellaneous Chemical Products
CBU,0000723188,6021,National Commercial Banks
CBUS,0001705843,2870,Agricultural Chemicals
CBZ,0000944148,7389,"Services-Business Services, NEC"
CC,0001627223,2800,Chemicals & Allied Products
CCAQ,0002041047,6770,Blank Checks
CCB,0001437958,6022,State Commercial Banks
CCBG,0000726601,6022,State Commercial Banks
CCC,0001818201,7372,Services-Prepackaged Software
CCCC,0001662579,2836,"Biological Products, (No Diagnostic Substances)"
CCCM,0002056263,6770,Blank Checks
CCCS,0001818201,7372,Services-Prepackaged Software
CCCT,0002123471,6770,Blank Checks
CCCX,0002007825,7374,Services-Computer Processing & Data Preparation
CCEC,0001392326,4412,Deep Sea Foreign Transportation of  Freight
CCEL,0000862692,8090,"Services-Misc Health & Allied Services, NEC"
CCEP,0001650107,2086,Bottled & Canned Soft Drinks & Carbonated Waters
CCG,0001965473,6411,"Insurance Agents, Brokers & Service"
CCHH,0002074123,5812,Retail-Eating  Places
CCI,0001051470,6798,Real Estate Investment Trusts
CCII,0002064683,6770,Blank Checks
CCIR,0001894176,6770,Blank Checks
CCIX,0002006291,7373,Services-Computer Integrated Systems Design
CCJ,0001009001,1090,Miscellaneous Metal Ores
CCK,0001219601,3411,Metal Cans
CCL,0000815097,4400,Water Transportation
CCLD,0001582982,7372,Services-Prepackaged Software
CCM,0001472072,8011,Services-Offices & Clinics of  Doctors of  Medicine
CCNE,0000736772,6022,State Commercial Banks
CCO,0001334978,7310,Services-Advertising
CCOI,0001158324,4899,"Communications Services, NEC"
CCRD,0000320340,7372,Services-Prepackaged Software
CCRN,0001141103,7363,Services-Help Supply Services
CCS,0001576940,1531,Operative Builders
CCSI,0001866633,7372,Services-Prepackaged Software
CCTG,0001931717,3640,Electric Lighting & Wiring Equipment
CCTS,0001865861,6770,Blank Checks
CCXI,0002074973,3569,"General Industrial Machinery & Equipment, NEC"
CD,0001527762,6199,Finance Services
CDAQ,0001851909,6770,Blank Checks
CDE,0000215466,1040,Gold and Silver Ores
CDIO,0001870144,2835,In Vitro & In Vivo Diagnostic Substances
CDLX,0001666071,7370,"Services-Computer Programming, Data Processing, Etc."
CDMO,0000704562,2834,Pharmaceutical Preparations
CDNA,0001217234,8071,Services-Medical Laboratories
CDNL,0002079999,1600,Heavy Construction Other Than Bldg Const - Contractors
CDNS,0000813672,7372,Services-Prepackaged Software
CDP,0000860546,6798,Real Estate Investment Trusts
CDRE,0001860543,3842,"Orthopedic, Prosthetic & Surgical Appliances & Supplies"
CDRO,0001866782,7990,Services-Miscellaneous Amusement & Recreation
CDT,0001896212,2834,Pharmaceutical Preparations
CDTG,0001793895,4950,Sanitary Services
CDTX,0001610618,2836,"Biological Products, (No Diagnostic Substances)"
CDW,0001402057,5961,Retail-Catalog & Mail-Order Houses
CDXC,0001386570,2833,Medicinal Chemicals & Botanical Products
CDXS,0001200375,2860,Industrial Organic Chemicals
CDZI,0000727273,4941,Water Supply
CE,0001306830,2820,"Plastic Material, Synth Resin/Rubber, Cellulos (No Glass)"
CEAD,0001482541,0700,Agricultural Services
CECO,0000003197,3564,Industrial & Commercial Fans & Blowers & Air Purifing Equip
CEG,0001868275,4911,Electric Services
CEIX,0001710366,1220,Silver Ores
CELC,0001603454,8071,Services-Medical Laboratories
CELH,0001341766,2086,Bottled & Canned Soft Drinks & Carbonated Waters
CELU,0001752828,2834,Pharmaceutical Preparations
CELZ,0001187953,2836,"Biological Products, (No Diagnostic Substances)"
CENN,0001707919,3711,Motor Vehicles & Passenger Car Bodies
CENT,0000887733,5190,Wholesale-Miscellaneous Nondurable Goods
CENTA,0000887733,5190,Wholesale-Miscellaneous Nondurable Goods
CENX,0000949157,3334,Primary Production of  Aluminum
CEP,0001865602,6770,Blank Checks
CEPF,0002034267,6770,Blank Checks
CEPL,0001009759,3510,Engines & Turbines
CEPO,0002027708,6770,Blank Checks
CEPS,0002089536,6770,Blank Checks
CEPT,0002034269,6770,Blank Checks
CEPU,0001717161,4911,Electric Services
CEPV,0002034266,6770,Blank Checks
CERO,0001870404,2836,"Biological Products, (No Diagnostic Substances)"
CERS,0001020214,3841,Surgical & Medical Instruments & Apparatus
CERT,0001827090,7372,Services-Prepackaged Software
CETX,0001435064,1700,Construction - Special Trade Contractors
CETY,0001329606,4924,Natural Gas Distribution
CEVA,0001173489,7370,"Services-Computer Programming, Data Processing, Etc."
CF,0001324404,2870,Agricultural Chemicals
CFB,0001458412,6022,State Commercial Banks
CFBK,0001070680,6021,National Commercial Banks
CFFI,0000913341,6022,State Commercial Banks
CFFN,0001490906,6035,"Savings Institution, Federally Chartered"
CFFS,0001839519,6770,Blank Checks
CFG,0000759944,6022,State Commercial Banks
CFLT,0001699838,7372,Services-Prepackaged Software
CFR,0000039263,6021,National Commercial Banks
CFSB,0001879103,6035,"Savings Institution, Federally Chartered"
CG,0001527166,6282,Investment Advice
CGA,0000857949,2870,Agricultural Chemicals
CGABL,0001527166,6282,Investment Advice
CGAU,0001854640,1040,Gold and Silver Ores
CGBS,0001991946,4924,Natural Gas Distribution
CGC,0001737927,2833,Medicinal Chemicals & Botanical Products
CGCF,0002126043,6770,Blank Checks
CGCT,0002049662,3690,"Miscellaneous Electrical Machinery, Equipment & Supplies"
CGEM,0001789972,2836,"Biological Products, (No Diagnostic Substances)"
CGEN,0001119774,2836,"Biological Products, (No Diagnostic Substances)"
CGNT,0001824814,7372,Services-Prepackaged Software
CGNX,0000851205,3823,"Industrial Instruments For Measurement, Display, and Control"
CGON,0001991792,2836,"Biological Products, (No Diagnostic Substances)"
CGTL,0001967822,5045,Wholesale-Computers & Peripheral Equipment & Software
CGTX,0001455365,2836,"Biological Products, (No Diagnostic Substances)"
CHAC,0002054174,6770,Blank Checks
CHAI,0001649009,4812,Radiotelephone Communications
CHAR,0002024459,6770,Blank Checks
CHCI,0001299969,6500,Real Estate
CHCO,0000726854,6021,National Commercial Banks
CHCT,0001631569,6798,Real Estate Investment Trusts
CHD,0000313927,2840,"Soap, Detergents, Cleang Preparations, Perfumes, Cosmetics"
CHDN,0000020212,7948,"Services-Racing, Including Track Operation"
CHE,0000019584,8082,Services-Home Health Care Services
CHEB,0002016420,6770,Blank Checks
CHEC,0002047177,6770,Blank Checks
CHEF,0001517175,5141,"Wholesale-Groceries, General Line"
CHEK,0001610590,7373,Services-Computer Integrated Systems Design
CHGA,0001630212,7371,Services-Computer Programming Services
CHGG,0001364954,8200,Services-Educational Services
CHH,0001046311,7011,Hotels & Motels
CHK,0000895126,1311,Crude Petroleum & Natural Gas
CHKP,0001015922,7372,Services-Prepackaged Software
CHMG,0000763563,6022,State Commercial Banks
CHMI,0001571776,6798,Real Estate Investment Trusts
CHNR,0000793628,1040,Gold and Silver Ores
CHOW,0002041829,7372,Services-Prepackaged Software
CHPG,0002024460,6770,Blank Checks
CHPT,0001777393,3690,"Miscellaneous Electrical Machinery, Equipment & Supplies"
CHR,0001738758,7374,Services-Computer Processing & Data Preparation
CHRD,0001486159,1311,Crude Petroleum & Natural Gas
CHRN,0001549084,3569,"General Industrial Machinery & Equipment, NEC"
CHRO,0001919246,2836,"Biological Products, (No Diagnostic Substances)"
CHRS,0001512762,2836,"Biological Products, (No Diagnostic Substances)"
CHRW,0001043277,4731,Arrangement of  Transportation of  Freight & Cargo
CHSN,0001825349,2000,Food and Kindred Products
CHTR,0001091667,4841,Cable & Other Pay Television Services
CHUY,0001524931,5812,Retail-Eating  Places
CHWY,0001766502,5961,Retail-Catalog & Mail-Order Houses
CHX,0001723089,3530,"Construction, Mining & Materials Handling Machinery & Equip"
CHYM,0001795586,6199,Finance Services
CI,0001739940,6324,Hospital & Medical Service Plans
CIA,0000024090,6311,Life Insurance
CIEN,0000936395,3661,Telephone & Telegraph Apparatus
CIFR,0001819989,6199,Finance Services
CIGI,0000913353,6500,Real Estate
CIGL,0002001794,7381,"Services-Detective, Guard & Armored Car Services"
CIIT,0001557798,3576,Computer Communications Equipment
CIM,0001409493,6798,Real Estate Investment Trusts
CINF,0000020286,6331,"Fire, Marine & Casualty Insurance"
CING,0001862150,2834,Pharmaceutical Preparations
CINT,0001868995,7371,Services-Computer Programming Services
CIO,0001593222,6798,Real Estate Investment Trusts
CIRC,0001605888,7363,Services-Help Supply Services
CISO,0001777319,8742,Services-Management Consulting Services
CISS,0001951067,4412,Deep Sea Foreign Transportation of  Freight
CITE,0001848437,6770,Blank Checks
CITR,0000894556,2800,Chemicals & Allied Products
CIVB,0000944745,6022,State Commercial Banks
CIVI,0001509589,1311,Crude Petroleum & Natural Gas
CIX,0001049606,3420,"Cutlery, Handtools & General Hardware"
CJET,0001957413,3711,Motor Vehicles & Passenger Car Bodies
CJJD,0001856084,5912,Retail-Drug Stores and Proprietary Stores
CJMB,0002032545,7389,"Services-Business Services, NEC"
CKPT,0001651407,2834,Pharmaceutical Preparations
CKX,0000352955,1311,Crude Petroleum & Natural Gas
CL,0000021665,2844,"Perfumes, Cosmetics & Other Toilet Preparations"
CLAR,0000913277,3949,"Sporting & Athletic Goods, NEC"
CLB,0001958086,1389,"Oil & Gas Field Services, NEC"
CLBK,0001723596,6035,"Savings Institution, Federally Chartered"
CLBR,0001995413,6770,Blank Checks
CLBT,0001854587,7372,Services-Prepackaged Software
CLCO,0001944057,4400,Water Transportation
CLDI,0001855485,2836,"Biological Products, (No Diagnostic Substances)"
CLDT,0001476045,6798,Real Estate Investment Trusts
CLDX,0000744218,2835,In Vitro & In Vivo Diagnostic Substances
CLEU,0001775085,8200,Services-Educational Services
CLF,0000764065,1000,Metal Mining
CLFD,0000796505,3661,Telephone & Telegraph Apparatus
CLGN,0001631487,3842,"Orthopedic, Prosthetic & Surgical Appliances & Supplies"
CLH,0000822818,4955,Hazardous Waste Management
CLIK,0002020027,7361,Services-Employment Agencies
CLIR,0001434524,3823,"Industrial Instruments For Measurement, Display, and Control"
CLMB,0000945983,5045,Wholesale-Computers & Peripheral Equipment & Software
CLMT,0002013745,2911,Petroleum Refining
CLNE,0001368265,4932,Gas & Other Services Combined
CLNN,0001822791,2834,Pharmaceutical Preparations
CLOV,0001801170,6324,Hospital & Medical Service Plans
CLPR,0001649096,6798,Real Estate Investment Trusts
CLPS,0001724542,7372,Services-Prepackaged Software
CLPT,0001285550,3841,Surgical & Medical Instruments & Apparatus
CLRB,0001279704,2834,Pharmaceutical Preparations
CLRC,0001903392,6770,Blank Checks
CLRO,0000840715,3661,Telephone & Telegraph Apparatus
CLS,0001030894,3672,Printed Circuit Boards
CLSD,0001539029,2834,Pharmaceutical Preparations
CLSK,0000827876,6199,Finance Services
CLST,0001849867,6035,"Savings Institution, Federally Chartered"
CLVT,0001764046,7374,Services-Computer Processing & Data Preparation
CLW,0001441236,2631,Paperboard Mills
CLWT,0001026662,5040,Wholesale-Professional & Commercial Equipment & Supplies
CLX,0000021076,2842,"Specialty Cleaning, Polishing and Sanitation Preparations"
CLYM,0001768446,2834,Pharmaceutical Preparations
CM,0001045520,6029,"Commercial Banks, NEC"
CMA,0000028412,6021,National Commercial Banks
CMAX,0001813914,8050,Services-Nursing & Personal Care Facilities
CMBM,0001738177,3663,Radio & Tv Broadcasting & Communications Equipment
CMBT,0001604481,4412,Deep Sea Foreign Transportation of  Freight
CMC,0000022444,3312,"Steel Works, Blast Furnaces & Rolling Mills (Coke Ovens)"
CMCL,0000766011,1040,Gold and Silver Ores
CMCO,0001005229,3531,Construction Machinery & Equip
CMCSA,0001166691,4841,Cable & Other Pay Television Services
CMCSV,0001166691,4841,Cable & Other Pay Television Services
CMCT,0000908311,6798,Real Estate Investment Trusts
CMDB,0002033535,4400,Water Transportation
CME,0001156375,6200,"Security & Commodity Brokers, Dealers, Exchanges & Services"
CMG,0001058090,5812,Retail-Eating  Places
CMI,0000026172,3510,Engines & Turbines
CMII,0002088805,7373,Services-Computer Integrated Systems Design
CMLS,0001058623,4832,Radio Broadcasting Stations
CMMB,0001534248,2834,Pharmaceutical Preparations
CMND,0001892500,2834,Pharmaceutical Preparations
CMP,0001227654,1400,Mining & Quarrying of  Nonmetallic Minerals (No Fuels)
CMPO,0001823144,6199,Finance Services
CMPR,0001262976,2750,Commercial Printing
CMPX,0001738021,2836,"Biological Products, (No Diagnostic Substances)"
CMRC,0001626450,7372,Services-Prepackaged Software
CMRE,0001503584,4412,Deep Sea Foreign Transportation of  Freight
CMRX,0001117480,2834,Pharmaceutical Preparations
CMS,0000811156,4931,Electric & Other Services Combined
CMT,0001026655,3089,"Plastics Products, NEC"
CMTG,0001666291,6500,Real Estate
CMTL,0000023197,3663,Radio & Tv Broadcasting & Communications Equipment
CMTV,0000718413,6021,National Commercial Banks
CNA,0000021175,6331,"Fire, Marine & Casualty Insurance"
CNC,0001071739,6324,Hospital & Medical Service Plans
CNCK,0001913847,6199,Finance Services
CNDT,0001677703,7389,"Services-Business Services, NEC"
CNET,0001376321,7370,"Services-Computer Programming, Data Processing, Etc."
CNEY,0001780785,2860,Industrial Organic Chemicals
CNF,0001733868,6199,Finance Services
CNFR,0001502292,6331,"Fire, Marine & Casualty Insurance"
CNH,0001567094,3531,Construction Machinery & Equip
CNI,0000016868,4011,"Railroads, Line-Haul Operating"
CNK,0001385280,7830,Services-Motion Picture Theaters
CNL,0001953575,1040,Gold and Silver Ores
CNM,0001856525,5099,"Wholesale-Durable Goods, NEC"
CNMD,0000816956,3845,Electromedical & Electrotherapeutic Apparatus
CNNE,0001704720,5810,Retail-Eating & Drinking Places
CNO,0001224608,6321,Accident & Health Insurance
CNOB,0000712771,6022,State Commercial Banks
CNOBP,0000712771,6022,State Commercial Banks
CNP,0001130310,4911,Electric Services
CNQ,0001017413,1311,Crude Petroleum & Natural Gas
CNR,0001710366,1220,Silver Ores
CNS,0001284812,6282,Investment Advice
CNSL,0001304421,4813,Telephone Communications (No Radiotelephone)
CNSP,0001729427,2834,Pharmaceutical Preparations
CNSY,0001095981,3841,Surgical & Medical Instruments & Apparatus
CNTB,0001835268,2834,Pharmaceutical Preparations
CNTM,0001895249,1700,Construction - Special Trade Contractors
CNTN,0001861657,6199,Finance Services
CNTX,0001842952,2834,Pharmaceutical Preparations
CNTY,0000911147,7011,Hotels & Motels
CNVS,0001173204,7841,Services-Video Tape Rental
CNX,0001070412,1311,Crude Petroleum & Natural Gas
CNXC,0001803599,7389,"Services-Business Services, NEC"
CNXN,0001050377,5045,Wholesale-Computers & Peripheral Equipment & Software
CNXU,0002066836,3842,"Orthopedic, Prosthetic & Surgical Appliances & Supplies"
COAG,0002114044,2836,"Biological Products, (No Diagnostic Substances)"
COCH,0001840877,3842,"Orthopedic, Prosthetic & Surgical Appliances & Supplies"
COCO,0001482981,2080,Beverages
COCP,0001412486,2834,Pharmaceutical Preparations
CODA,0001334325,3812,"Search, Detection, Navigation, Guidance, Aeronautical Sys"
CODI,0001345126,2510,Household Furniture
CODX,0001692415,3841,Surgical & Medical Instruments & Apparatus
COEP,0001759186,6199,Finance Services
COF,0000927628,6021,National Commercial Banks
COFS,0000803164,6022,State Commercial Banks
COGT,0001622229,2834,Pharmaceutical Preparations
COHN,0001270436,6211,"Security Brokers, Dealers & Flotation Companies"
COHR,0000820318,3827,Optical Instruments & Lenses
COHU,0000021535,3825,Instruments For Meas & Testing of  Electricity & Elec Signals
COIN,0001679788,6199,Finance Services
COKE,0000317540,2086,Bottled & Canned Soft Drinks & Carbonated Waters
COLA,0002028201,6770,Blank Checks
COLB,0000887343,6022,State Commercial Banks
COLD,0001455863,6798,Real Estate Investment Trusts
COLL,0001267565,2834,Pharmaceutical Preparations
COLM,0001050797,2300,Apparel & Other Finishd Prods of  Fabrics & Similar Matl
COMM,0001517228,3663,Radio & Tv Broadcasting & Communications Equipment
COMP,0001563190,6531,Real Estate Agents & Managers (For Others)
CON,0002014596,8093,"Services-Specialty Outpatient Facilities, NEC"
CONw,0002014596,8093,"Services-Specialty Outpatient Facilities, NEC"
COO,0000711404,3851,Ophthalmic Goods
COOK,0001857853,3630,Household Appliances
COOP,0000933136,6199,Finance Services
COOT,0001959994,2070,Fats & Oils
COP,0001163165,2911,Petroleum Refining
COPL,0002045473,6770,Blank Checks
COPR,0001263364,1000,Metal Mining
COR,0001140859,5122,"Wholesale-Drugs, Proprietaries & Druggists' Sundries"
CORT,0001088856,2834,Pharmaceutical Preparations
CORZ,0001839341,6199,Finance Services
COSM,0001474167,5122,"Wholesale-Drugs, Proprietaries & Druggists' Sundries"
COSO,0001297107,6022,State Commercial Banks
COST,0000909832,5331,Retail-Variety Stores
COTY,0001024305,2844,"Perfumes, Cosmetics & Other Toilet Preparations"
COUR,0001651562,7372,Services-Prepackaged Software
COYA,0001835022,2834,Pharmaceutical Preparations
CP,0000016875,4011,"Railroads, Line-Haul Operating"
CPA,0001345105,4512,"Air Transportation, Scheduled"
CPAY,0001175454,7389,"Services-Business Services, NEC"
CPB,0000016732,2000,Food and Kindred Products
CPBI,0001979332,6035,"Savings Institution, Federally Chartered"
CPF,0000701347,6022,State Commercial Banks
CPHC,0001672909,7948,"Services-Racing, Including Track Operation"
CPHI,0001106644,2834,Pharmaceutical Preparations
CPIX,0001087294,2834,Pharmaceutical Preparations
CPK,0000019745,4923,Natural Gas Transmisison & Distribution
CPNG,0001834584,5961,Retail-Catalog & Mail-Order Houses
CPOP,0001807389,7900,Services-Amusement & Recreation Services
CPRI,0001530721,3100,Leather & Leather Products
CPRT,0000900075,5500,Retail-Auto Dealers & Gasoline Stations
CPRX,0001369568,2834,Pharmaceutical Preparations
CPS,0001320461,3714,Motor Vehicle Parts & Accessories
CPSH,0000814676,3260,Pottery & Related Products
CPSS,0000889609,6199,Finance Services
CPT,0000906345,6798,Real Estate Investment Trusts
CPTN,0001498233,3714,Motor Vehicle Parts & Accessories
CQP,0001383650,4924,Natural Gas Distribution
CR,0001944013,3490,Miscellaneous Fabricated Metal Products
CRAC,0002070887,6770,Blank Checks
CRAI,0001053706,8111,Services-Legal Services
CRAN,0002081358,6770,Blank Checks
CRAQ,0002058359,6770,Blank Checks
CRBG,0001889539,6311,Life Insurance
CRBP,0001595097,2834,Pharmaceutical Preparations
CRBU,0001619856,2836,"Biological Products, (No Diagnostic Substances)"
CRC,0001609253,1311,Crude Petroleum & Natural Gas
CRCL,0001876042,6199,Finance Services
CRCT,0001828962,3559,"Special Industry Machinery, NEC"
CRD.A,0000025475,6411,"Insurance Agents, Brokers & Service"
CRD.B,0000025475,6411,"Insurance Agents, Brokers & Service"
CRDF,0001213037,2836,"Biological Products, (No Diagnostic Substances)"
CRDL,0001702123,2836,"Biological Products, (No Diagnostic Substances)"
CRDO,0001807794,3674,Semiconductors & Related Devices
CRE,0002003977,2750,Commercial Printing
CREG,0000721693,7389,"Services-Business Services, NEC"
CRESY,0001034957,6500,Real Estate
CREV,0001960208,3714,Motor Vehicle Parts & Accessories
CREX,0001356093,7373,Services-Computer Integrated Systems Design
CRGO,0001927719,4731,Arrangement of  Transportation of  Freight & Cargo
CRGX,0001966494,2836,"Biological Products, (No Diagnostic Substances)"
CRGY,0001866175,1311,Crude Petroleum & Natural Gas
CRH,0000849395,3241,"Cement, Hydraulic"
CRI,0001060822,2300,Apparel & Other Finishd Prods of  Fabrics & Similar Matl
CRIS,0001108205,2836,"Biological Products, (No Diagnostic Substances)"
CRK,0000023194,1311,Crude Petroleum & Natural Gas
CRKN,0001761696,3679,"Electronic Components, NEC"
CRL,0001100682,8731,Services-Commercial Physical & Biological Research
CRM,0001108524,7372,Services-Prepackaged Software
CRMD,0001410098,2834,Pharmaceutical Preparations
CRML,0001951089,1000,Metal Mining
CRMT,0000799850,5500,Retail-Auto Dealers & Gasoline Stations
CRNC,0001768267,7372,Services-Prepackaged Software
CRNT,0001119769,3663,Radio & Tv Broadcasting & Communications Equipment
CRNX,0001658247,2834,Pharmaceutical Preparations
CRON,0001656472,2833,Medicinal Chemicals & Botanical Products
CROX,0001334036,3021,Rubber & Plastics Footwear
CRS,0000017843,3312,"Steel Works, Blast Furnaces & Rolling Mills (Coke Ovens)"
CRSP,0001674416,2836,"Biological Products, (No Diagnostic Substances)"
CRSR,0001743759,3577,"Computer Peripheral Equipment, NEC"
CRT,0000881787,6792,Oil Royalty Traders
CRTO,0001576427,7311,Services-Advertising Agencies
CRUS,0000772406,3674,Semiconductors & Related Devices
CRVL,0000874866,6411,"Insurance Agents, Brokers & Service"
CRVO,0001053691,2834,Pharmaceutical Preparations
CRVS,0001626971,2834,Pharmaceutical Preparations
CRWD,0001535527,7372,Services-Prepackaged Software
CRWS,0000025895,2211,"Broadwoven Fabric Mills, Cotton"
CRWV,0001769628,7372,Services-Prepackaged Software
CSAI,0001709628,7370,"Services-Computer Programming, Data Processing, Etc."
CSBR,0000771856,2836,"Biological Products, (No Diagnostic Substances)"
CSCI,0001113423,2844,"Perfumes, Cosmetics & Other Toilet Preparations"
CSCO,0000858877,3576,Computer Communications Equipment
CSGP,0001057352,7389,"Services-Business Services, NEC"
CSGS,0001005757,7374,Services-Computer Processing & Data Preparation
CSHR,0002087587,6211,"Security Brokers, Dealers & Flotation Companies"
CSIQ,0001375877,3674,Semiconductors & Related Devices
CSL,0000790051,3060,"Fabricated Rubber Products, NEC"
CSLM,0001875493,7373,Services-Computer Integrated Systems Design
CSLR,0001838987,1700,Construction - Special Trade Contractors
CSPI,0000356037,7373,Services-Computer Integrated Systems Design
CSQR,0002105398,7370,"Services-Computer Programming, Data Processing, Etc."
CSR,0000798359,6798,Real Estate Investment Trusts
CSTE,0001504379,3281,Cut Stone & Stone Products
CSTL,0001447362,8071,Services-Medical Laboratories
CSTM,0001563411,3341,Secondary Smelting & Refining of  Nonferrous Metals
CSV,0001016281,7200,Services-Personal Services
CSW,0001624794,2891,Adhesives & Sealants
CSWI,0001624794,2891,Adhesives & Sealants
CSX,0000277948,4011,"Railroads, Line-Haul Operating"
CTAA,0002094073,6770,Blank Checks
CTAS,0000723254,2320,"Men's & Boys' Furnishgs, Work Clothg, & Allied Garments"
CTBI,0000350852,6022,State Commercial Banks
CTCX,0001842939,2840,"Soap, Detergents, Cleang Preparations, Perfumes, Cosmetics"
CTEV,0001793229,7389,"Services-Business Services, NEC"
CTGO,0001502377,1040,Gold and Silver Ores
CTHR,0001015155,3910,"Jewelry, Silverware & Plated Ware"
CTKB,0001831915,3826,Laboratory Analytical Instruments
CTLP,0000896429,3578,Calculating & Accounting Machines (No Electronic Computers)
CTLT,0001596783,2834,Pharmaceutical Preparations
CTM,0001877939,8742,Services-Management Consulting Services
CTMX,0001501989,2834,Pharmaceutical Preparations
CTNM,0001855175,2834,Pharmaceutical Preparations
CTNT,0001951667,5010,Wholesale-Motor Vehicles & Motor Vehicle Parts & Supplies
CTO,0000023795,6798,Real Estate Investment Trusts
CTOR,0001851484,2834,Pharmaceutical Preparations
CTOS,0001709682,7359,"Services-Equipment Rental & Leasing, NEC"
CTRA,0000858470,1311,Crude Petroleum & Natural Gas
CTRE,0001590717,6798,Real Estate Investment Trusts
CTRI,0001981599,4923,Natural Gas Transmisison & Distribution
CTRM,0001720161,4412,Deep Sea Foreign Transportation of  Freight
CTRN,0001318484,5600,Retail-Apparel & Accessory Stores
CTS,0000026058,3672,Printed Circuit Boards
CTSH,0001058290,7371,Services-Computer Programming Services
CTSO,0001175151,3841,Surgical & Medical Instruments & Apparatus
CTV,0001835378,7372,Services-Prepackaged Software
CTVA,0001755672,0100,Agricultural Production-Crops
CTW,0002047148,7374,Services-Computer Processing & Data Preparation
CTXR,0001506251,2834,Pharmaceutical Preparations
CUB,0002015955,6770,Blank Checks
CUBE,0001298675,6798,Real Estate Investment Trusts
CUBI,0001488813,6022,State Commercial Banks
CUE,0001645460,2834,Pharmaceutical Preparations
CULP,0000723603,2211,"Broadwoven Fabric Mills, Cotton"
CUPR,0001995704,3842,"Orthopedic, Prosthetic & Surgical Appliances & Supplies"
CURB,0002027317,6500,Real Estate
CURI,0001776909,7812,Services-Motion Picture & Video Tape Production
CURR,0001862935,7389,"Services-Business Services, NEC"
CURV,0001792781,5600,Retail-Apparel & Accessory Stores
CURX,0002025942,2834,Pharmaceutical Preparations
CUTR,0001162461,3845,Electromedical & Electrotherapeutic Apparatus
CUZ,0000025232,6798,Real Estate Investment Trusts
CV,0001378325,3845,Electromedical & Electrotherapeutic Apparatus
CVAC,0001809122,2834,Pharmaceutical Preparations
CVBF,0000354647,6022,State Commercial Banks
CVCO,0000278166,2451,Mobile Homes
CVE,0001475260,1311,Crude Petroleum & Natural Gas
CVEO,0001590584,7000,"Hotels, Rooming Houses, Camps & Other Lodging Places"
CVGI,0001290900,3714,Motor Vehicle Parts & Accessories
CVGW,0001133470,0700,Agricultural Services
CVI,0001376139,2911,Petroleum Refining
CVKD,0001937993,2834,Pharmaceutical Preparations
CVLG,0000928658,4213,Trucking (No Local)
CVLT,0001169561,7372,Services-Prepackaged Software
CVM,0000725363,2836,"Biological Products, (No Diagnostic Substances)"
CVNA,0001690820,5500,Retail-Auto Dealers & Gasoline Stations
CVR,0000019871,3540,Metalworkg Machinery & Equipment
CVRX,0001235912,3841,Surgical & Medical Instruments & Apparatus
CVS,0000064803,5912,Retail-Drug Stores and Proprietary Stores
CVSA,0000730464,8200,Services-Educational Services
CVU,0000889348,3728,"Aircraft Parts & Auxiliary Equipment, NEC"
CVV,0000766792,3559,"Special Industry Machinery, NEC"
CVX,0000093410,2911,Petroleum Refining
CW,0000026324,3590,Misc Industrial & Commercial Machinery & Equipment
CWAN,0001866368,7372,Services-Prepackaged Software
CWBC,0001127371,6022,State Commercial Banks
CWCO,0000928340,4941,Water Supply
CWD,0001627282,6500,Real Estate
CWEN,0001567683,4911,Electric Services
CWEN.A,0001567683,4911,Electric Services
CWH,0001669779,5500,Retail-Auto Dealers & Gasoline Stations
CWK,0001628369,6500,Real Estate
CWST,0000911177,4953,Refuse Systems
CWT,0001035201,4941,Water Supply
CXAI,0001820875,7372,Services-Prepackaged Software
CXDO,0001075736,4813,Telephone Communications (No Radiotelephone)
CXII,0002114227,6770,Blank Checks
CXM,0001569345,7372,Services-Prepackaged Software
CXT,0000025445,3490,Miscellaneous Fabricated Metal Products
CXW,0001070985,6798,Real Estate Investment Trusts
CYAB,0002032341,7372,Services-Prepackaged Software
CYBN,0001833141,2834,Pharmaceutical Preparations
CYBR,0001598110,7372,Services-Prepackaged Software
CYCC,0001130166,5099,"Wholesale-Durable Goods, NEC"
CYCN,0001755237,2834,Pharmaceutical Preparations
CYCU,0001868419,7371,Services-Computer Programming Services
CYD,0000932695,3510,Engines & Turbines
CYH,0001108109,8062,"Services-General Medical & Surgical Hospitals, NEC"
CYN,0001874097,7371,Services-Computer Programming Services
CYPH,0001509745,2834,Pharmaceutical Preparations
CYRX,0001124524,2834,Pharmaceutical Preparations
CYTH,0000922247,2836,"Biological Products, (No Diagnostic Substances)"
CYTK,0001061983,2834,Pharmaceutical Preparations
CYTO,0001601936,2834,Pharmaceutical Preparations
CZFS,0000739421,6022,State Commercial Banks
CZNC,0000810958,6022,State Commercial Banks
CZR,0001590895,7011,Hotels & Motels
CZWI,0001367859,6035,"Savings Institution, Federally Chartered"
D,0000715957,4911,Electric Services
DAAQ,0002052162,6022,State Commercial Banks
DAC,0001369241,4412,Deep Sea Foreign Transportation of  Freight
DAIC,0002033770,7373,Services-Computer Integrated Systems Design
DAIO,0000351998,3825,Instruments For Meas & Testing of  Electricity & Elec Signals
DAKT,0000915779,3990,Miscellaneous Manufacturing Industries
DAL,0000027904,4512,"Air Transportation, Scheduled"
DALN,0001413898,2711,Newspapers: Publishing or  Publishing & Printing
DAN,0000026780,3714,Motor Vehicle Parts & Accessories
DAR,0000916540,2070,Fats & Oils
DARE,0001401914,2834,Pharmaceutical Preparations
DASH,0001792789,7389,"Services-Business Services, NEC"
DATS,0001648960,4822,Telegraph & Other Message Communications
DAVE,0001841408,6199,Finance Services
DAWN,0001845337,2834,Pharmaceutical Preparations
DAY,0001725057,7372,Services-Prepackaged Software
DB,0001159508,6022,State Commercial Banks
DBCA,0002095161,6770,Blank Checks
DBD,0000028823,3578,Calculating & Accounting Machines (No Electronic Computers)
DBGI,0001668010,5600,Retail-Apparel & Accessory Stores
DBI,0001319947,5661,Retail-Shoe Stores
DBRG,0001679688,6282,Investment Advice
DBVT,0001613780,2836,"Biological Products, (No Diagnostic Substances)"
DBX,0001467623,7372,Services-Prepackaged Software
DC,0001852353,1000,Metal Mining
DCBO,0001829959,7372,Services-Prepackaged Software
DCGO,0001822359,8000,Services-Health Services
DCH,0001062231,3714,Motor Vehicle Parts & Accessories
DCI,0000029644,3564,Industrial & Commercial Fans & Blowers & Air Purifing Equip
DCO,0000030305,3728,"Aircraft Parts & Auxiliary Equipment, NEC"
DCOM,0000846617,6021,National Commercial Banks
DCOMG,0000846617,6021,National Commercial Banks
DCOY,0001615219,2834,Pharmaceutical Preparations
DCTH,0000872912,3841,Surgical & Medical Instruments & Apparatus
DCX,0001957413,3711,Motor Vehicles & Passenger Car Bodies
DD,0001666700,2821,"Plastic Materials, Synth Resins & Nonvulcan Elastomers"
DDC,0001808110,2000,Food and Kindred Products
DDD,0000910638,7372,Services-Prepackaged Software
DDOG,0001561550,7372,Services-Prepackaged Software
DDS,0000028917,5311,Retail-Department Stores
DE,0000315189,3523,Farm Machinery & Equipment
DEA,0001622194,6798,Real Estate Investment Trusts
DEC,0001922446,1311,Crude Petroleum & Natural Gas
DECA,0001913577,2834,Pharmaceutical Preparations
DECK,0000910521,3021,Rubber & Plastics Footwear
DEFT,0001888274,6199,Finance Services
DEI,0001364250,6798,Real Estate Investment Trusts
DELL,0001571996,3571,Electronic Computers
DENN,0000852772,5812,Retail-Eating  Places
DERM,0001867066,2834,Pharmaceutical Preparations
DESP,0001703141,4700,Transportation Services
DETX,0001919776,3812,"Search, Detection, Navigation, Guidance, Aeronautical Sys"
DEVS,0001854480,6799,"Investors, NEC"
DFDV,0001805526,6199,Finance Services
DFH,0001825088,1531,Operative Builders
DFIN,0001669811,7380,Services-Miscellaneous Business Services
DFLI,0001847986,3690,"Miscellaneous Electrical Machinery, Equipment & Supplies"
DFNS,0001787518,8742,Services-Management Consulting Services
DFS,0001393612,6141,Personal Credit Institutions
DFSC,0001889823,7372,Services-Prepackaged Software
DFTX,0001813814,2833,Medicinal Chemicals & Botanical Products
DG,0000029534,5331,Retail-Variety Stores
DGAC,0002111038,6770,Blank Checks
DGHI,0001854368,6199,Finance Services
DGICA,0000800457,6331,"Fire, Marine & Casualty Insurance"
DGII,0000854775,3576,Computer Communications Equipment
DGLY,0001342958,3663,Radio & Tv Broadcasting & Communications Equipment
DGNX,0002010499,7374,Services-Computer Processing & Data Preparation
DGX,0001022079,8071,Services-Medical Laboratories
DGXX,0001854368,6199,Finance Services
DH,0001861795,7372,Services-Prepackaged Software
DHAI,0001883788,3841,Surgical & Medical Instruments & Apparatus
DHCNI,0001075415,6798,Real Estate Investment Trusts
DHCNL,0001075415,6798,Real Estate Investment Trusts
DHI,0000882184,1531,Operative Builders
DHIL,0000909108,6282,Investment Advice
DHR,0000313616,3823,"Industrial Instruments For Measurement, Display, and Control"
DHT,0001331284,4412,Deep Sea Foreign Transportation of  Freight
DHX,0001393883,7389,"Services-Business Services, NEC"
DIBS,0001600641,5961,Retail-Catalog & Mail-Order Houses
DIN,0000049754,5812,Retail-Eating  Places
DINO,0001915657,4610,Pipe Lines (No Natural Gas)
DIOD,0000029002,3674,Semiconductors & Related Devices
DIS,0001744489,7990,Services-Miscellaneous Amusement & Recreation
DIST,0001818605,6770,Blank Checks
DIT,0000928465,5141,"Wholesale-Groceries, General Line"
DJCO,0000783412,2711,Newspapers: Publishing or  Publishing & Printing
DJT,0001849635,7370,"Services-Computer Programming, Data Processing, Etc."
DK,0001694426,2911,Petroleum Refining
DKI,0002058584,7372,Services-Prepackaged Software
DKL,0001552797,4610,Pipe Lines (No Natural Gas)
DKNG,0001883685,7990,Services-Miscellaneous Amusement & Recreation
DKS,0001089063,5940,Retail-Miscellaneous Shopping Goods Stores
DLB,0001308547,6794,Patent Owners & Lessors
DLHC,0000785557,7363,Services-Help Supply Services
DLNG,0001578453,4400,Water Transportation
DLO,0001846832,7389,"Services-Business Services, NEC"
DLPN,0001282224,7200,Services-Personal Services
DLR,0001297996,6798,Real Estate Investment Trusts
DLTH,0001649744,5600,Retail-Apparel & Accessory Stores
DLTR,0000935703,5331,Retail-Variety Stores
DLX,0000027996,2780,"Blankbooks, Looseleaf Binders & Bookbindg & Relatd Work"
DLXY,0002025218,5172,Wholesale-Petroleum & Petroleum Products (No Bulk Stations)
DM,0001754820,3559,"Special Industry Machinery, NEC"
DMAA,0002028614,6770,Blank Checks
DMAC,0001401040,2834,Pharmaceutical Preparations
DMC,0001047340,0100,Agricultural Production-Crops
DMII,0002040475,6770,Blank Checks
DMLP,0001172358,1311,Crude Petroleum & Natural Gas
DMN,0002000640,3751,"Motorcycles, Bicycles & Parts"
DMRA,0001800315,2834,Pharmaceutical Preparations
DMRC,0001438231,7373,Services-Computer Integrated Systems Design
DMYY,0001915380,6770,Blank Checks
DNA,0001830214,2836,"Biological Products, (No Diagnostic Substances)"
DNB,0001799208,7320,"Services-Consumer Credit Reporting, Collection Agencies"
DNLI,0001714899,2836,"Biological Products, (No Diagnostic Substances)"
DNMR,0001779020,2821,"Plastic Materials, Synth Resins & Nonvulcan Elastomers"
DNMX,0002081125,6770,Blank Checks
DNN,0001063259,1090,Miscellaneous Metal Ores
DNOW,0001599617,3533,Oil & Gas Field Machinery & Equipment
DNTH,0001690585,2834,Pharmaceutical Preparations
DNUT,0001857154,5400,Retail-Food Stores
DOC,0000765880,6798,Real Estate Investment Trusts
DOCN,0001582961,7370,"Services-Computer Programming, Data Processing, Etc."
DOCS,0001516513,7371,Services-Computer Programming Services
DOCU,0001261333,7372,Services-Prepackaged Software
DOGZ,0001707303,3990,Miscellaneous Manufacturing Industries
DOLE,0001857475,0100,Agricultural Production-Crops
DOMH,0000012239,6211,"Security Brokers, Dealers & Flotation Companies"
DOMO,0001505952,7372,Services-Prepackaged Software
DOO,0001748797,3790,Miscellaneous Transportation Equipment
DOOO,0001748797,3790,Miscellaneous Transportation Equipment
DORM,0000868780,3714,Motor Vehicle Parts & Accessories
DOUG,0001878897,6531,Real Estate Agents & Managers (For Others)
DOV,0000029905,3530,"Construction, Mining & Materials Handling Machinery & Equip"
DOW,0001751788,2821,"Plastic Materials, Synth Resins & Nonvulcan Elastomers"
DOX,0001062579,7371,Services-Computer Programming Services
DPC,0002107018,3360,Nonferrous Foundries (Castings)
DPCS,0001857803,6770,Blank Checks
DPRO,0001786286,3721,Aircraft
DPU,0001938865,7389,"Services-Business Services, NEC"
DPZ,0001286681,5140,Wholesale-Groceries & Related Products
DRCT,0001880613,7310,Services-Advertising
DRDB,0002032528,6770,Blank Checks
DRH,0001298946,6798,Real Estate Investment Trusts
DRI,0000940944,5812,Retail-Eating  Places
DRIO,0001533998,3841,Surgical & Medical Instruments & Apparatus
DRK,0001591956,6199,Finance Services
DRMA,0001853816,2834,Pharmaceutical Preparations
DRRX,0001082038,2834,Pharmaceutical Preparations
DRS,0001833756,3812,"Search, Detection, Navigation, Guidance, Aeronautical Sys"
DRTS,0001871321,3841,Surgical & Medical Instruments & Apparatus
DRUG,0001827401,2834,Pharmaceutical Preparations
DRVN,0001804745,7500,"Services-Automotive Repair, Services & Parking"
DSAC,0002082149,6770,Blank Checks
DSGN,0001807120,2834,Pharmaceutical Preparations
DSGR,0000703604,5080,"Wholesale-Machinery, Equipment & Supplies"
DSGX,0001050140,7372,Services-Prepackaged Software
DSP,0001828791,7370,"Services-Computer Programming, Data Processing, Etc."
DSS,0000771999,2650,Paperboard Containers & Boxes
DSWL,0000946936,3089,"Plastics Products, NEC"
DSX,0001318885,4412,Deep Sea Foreign Transportation of  Freight
DSY,0001999297,2670,Converted Paper & Paperboard Prods (No Contaners/Boxes)
DT,0001773383,7372,Services-Prepackaged Software
DTC,0001870600,3949,"Sporting & Athletic Goods, NEC"
DTCK,0001949478,5150,Wholesale-Farm Product Raw Materials
DTCX,0001853825,7374,Services-Computer Processing & Data Preparation
DTE,0000936340,4911,Electric Services
DTI,0001884516,3533,Oil & Gas Field Machinery & Equipment
DTIL,0001357874,2836,"Biological Products, (No Diagnostic Substances)"
DTM,0001842022,4922,Natural Gas Transmission
DTSQ,0002017950,6770,Blank Checks
DTSS,0001631282,7372,Services-Prepackaged Software
DTST,0001419951,7374,Services-Computer Processing & Data Preparation
DUET,0001890671,6770,Blank Checks
DUK,0001326160,4931,Electric & Other Services Combined
DUKR,0001638911,3721,Aircraft
DULL,0000927971,6029,"Commercial Banks, NEC"
DUO,0001750593,6500,Real Estate
DUOL,0001562088,7372,Services-Prepackaged Software
DUOT,0001396536,7372,Services-Prepackaged Software
DV,0001819928,7370,"Services-Computer Programming, Data Processing, Etc."
DVA,0000927066,8090,"Services-Misc Health & Allied Services, NEC"
DVAX,0001029142,2834,Pharmaceutical Preparations
DVLT,0001682149,7389,"Services-Business Services, NEC"
DVN,0001090012,1311,Crude Petroleum & Natural Gas
DVS,0001542028,1040,Gold and Silver Ores
DWSN,0000799165,1382,Oil & Gas Field Exploration Services
DWTX,0001818844,2834,Pharmaceutical Preparations
DX,0000826675,6798,Real Estate Investment Trusts
DXC,0001688568,7374,Services-Computer Processing & Data Preparation
DXCM,0001093557,3841,Surgical & Medical Instruments & Apparatus
DXLG,0000813298,5651,Retail-Family Clothing Stores
DXPE,0001020710,5084,Wholesale-Industrial Machinery & Equipment
DXST,0001958133,4950,Sanitary Services
DXYN,0000029332,2273,Carpets & Rugs
DY,0000067215,1623,"Water, Sewer, Pipeline, Comm & Power Line Construction"
DYAI,0001213809,2836,"Biological Products, (No Diagnostic Substances)"
DYCQ,0001944212,6770,Blank Checks
DYN,0001818794,2834,Pharmaceutical Preparations
DYNC,0002028699,6770,Blank Checks
DYNX,0002028699,6770,Blank Checks
DYOR,0002079292,6770,Blank Checks
EA,0000712515,7372,Services-Prepackaged Software
EAF,0000931148,3620,Electrical Industrial Apparatus
EARN,0001560672,6798,Real Estate Investment Trusts
EAST,0001534708,6162,Mortgage Bankers & Loan Correspondents
EAT,0000703351,5812,Retail-Eating  Places
EB,0001475115,7370,"Services-Computer Programming, Data Processing, Etc."
EBAY,0001065088,7389,"Services-Business Services, NEC"
EBC,0001810546,6035,"Savings Institution, Federally Chartered"
EBF,0000033002,2761,Manifold Business Forms
EBMT,0001478454,6022,State Commercial Banks
EBON,0001799290,6200,"Security & Commodity Brokers, Dealers, Exchanges & Services"
EBS,0001367644,2834,Pharmaceutical Preparations
EBTC,0001018399,6022,State Commercial Banks
ECBK,0001914605,6036,"Savings Institutions, Not Federally Chartered"
ECDA,0001922858,3711,Motor Vehicles & Passenger Car Bodies
ECG,0002015845,1531,Operative Builders
ECHO,0001415404,4899,"Communications Services, NEC"
ECL,0000031462,2840,"Soap, Detergents, Cleang Preparations, Perfumes, Cosmetics"
ECO,0001964954,4412,Deep Sea Foreign Transportation of  Freight
ECOR,0001560258,3845,Electromedical & Electrotherapeutic Apparatus
ECPG,0001084961,6153,Short-Term Business Credit Institutions
ECVT,0001708035,2800,Chemicals & Allied Products
ECX,0001861974,7373,Services-Computer Integrated Systems Design
ED,0001047862,4931,Electric & Other Services Combined
EDBL,0001809750,0100,Agricultural Production-Crops
EDHL,0002024876,7310,Services-Advertising
EDIT,0001650664,2836,"Biological Products, (No Diagnostic Substances)"
EDR,0001766363,7900,Services-Amusement & Recreation Services
EDRY,0001731388,4400,Water Transportation
EDSA,0001540159,2834,Pharmaceutical Preparations
EDTK,0001782309,8200,Services-Educational Services
EDUC,0000031667,5190,Wholesale-Miscellaneous Nondurable Goods
EDVA,0001553788,2080,Beverages
EE,0001888447,4924,Natural Gas Distribution
EEFT,0001029199,6099,"Functions Related To Depository Banking, NEC"
EEIQ,0001781397,8200,Services-Educational Services
EEX,0001579214,7389,"Services-Business Services, NEC"
EFC,0001411342,6500,Real Estate
EFOI,0000924168,3640,Electric Lighting & Wiring Equipment
EFOR,0000890564,7363,Services-Help Supply Services
EFSC,0001025835,6022,State Commercial Banks
EFSH,0001599407,8742,Services-Management Consulting Services
EFSI,0000880641,6022,State Commercial Banks
EFTY,0002058349,8742,Services-Management Consulting Services
EFX,0000033185,7320,"Services-Consumer Credit Reporting, Collection Agencies"
EFXT,0001904856,3560,General Industrial Machinery & Equipment
EG,0001095073,6331,"Fire, Marine & Casualty Insurance"
EGAN,0001066194,7372,Services-Prepackaged Software
EGBN,0001050441,6022,State Commercial Banks
EGG,0001982961,8742,Services-Management Consulting Services
EGHA,0002052547,6770,Blank Checks
EGHT,0001023731,7374,Services-Computer Processing & Data Preparation
EGO,0000918608,1040,Gold and Silver Ores
EGP,0000049600,6798,Real Estate Investment Trusts
EGRX,0000827871,2834,Pharmaceutical Preparations
EGY,0000894627,1311,Crude Petroleum & Natural Gas
EHAB,0001803737,8082,Services-Home Health Care Services
EHC,0000785161,8060,Services-Hospitals
EHGO,0001879754,7359,"Services-Equipment Rental & Leasing, NEC"
EHLD,0002032779,4412,Deep Sea Foreign Transportation of  Freight
EHTH,0001333493,6411,"Insurance Agents, Brokers & Service"
EIG,0001379041,6331,"Fire, Marine & Casualty Insurance"
EIKN,0001861123,2836,"Biological Products, (No Diagnostic Substances)"
EIX,0000827052,4911,Electric Services
EJH,0001769768,7600,Services-Miscellaneous Repair Services
EKSO,0001549084,3569,"General Industrial Machinery & Equipment, NEC"
EL,0001001250,2844,"Perfumes, Cosmetics & Other Toilet Preparations"
ELA,0000701719,5944,Retail-Jewelry Stores
ELAB,0001840563,2834,Pharmaceutical Preparations
ELAN,0001739104,2834,Pharmaceutical Preparations
ELBM,0001907184,1400,Mining & Quarrying of  Nonmetallic Minerals (No Fuels)
ELDN,0001404281,2834,Pharmaceutical Preparations
ELE,0002086771,1040,Gold and Silver Ores
ELEV,0001783032,2836,"Biological Products, (No Diagnostic Substances)"
ELF,0001600033,2844,"Perfumes, Cosmetics & Other Toilet Preparations"
ELLO,0000946394,4911,Electric Services
ELMD,0001488917,3845,Electromedical & Electrotherapeutic Apparatus
ELME,0000104894,6798,Real Estate Investment Trusts
ELMT,0002101698,3490,Miscellaneous Fabricated Metal Products
ELOG,0002013320,4731,Arrangement of  Transportation of  Freight & Cargo
ELOX,0001035354,2836,"Biological Products, (No Diagnostic Substances)"
ELPW,0002015691,3690,"Miscellaneous Electrical Machinery, Equipment & Supplies"
ELS,0000895417,6798,Real Estate Investment Trusts
ELSE,0000351789,3823,"Industrial Instruments For Measurement, Display, and Control"
ELTK,0001024672,3672,Printed Circuit Boards
ELTX,0001601485,2834,Pharmaceutical Preparations
ELUT,0001708527,2836,"Biological Products, (No Diagnostic Substances)"
ELV,0001156039,6324,Hospital & Medical Service Plans
ELVA,0001844450,3690,"Miscellaneous Electrical Machinery, Equipment & Supplies"
ELVN,0001672619,2834,Pharmaceutical Preparations
ELWT,0002063863,4899,"Communications Services, NEC"
ELYM,0001768446,2834,Pharmaceutical Preparations
EMA,0001127248,4911,Electric Services
EMAT,0001866226,3690,"Miscellaneous Electrical Machinery, Equipment & Supplies"
EMBC,0001872789,3841,Surgical & Medical Instruments & Apparatus
EMCG,0001869601,6770,Blank Checks
EME,0000105634,1731,Electrical Work
EMIS,0002075816,6770,Blank Checks
EMKR,0000808326,3674,Semiconductors & Related Devices
EML,0000031107,3420,"Cutlery, Handtools & General Hardware"
EMN,0000915389,2821,"Plastic Materials, Synth Resins & Nonvulcan Elastomers"
EMP,0000066901,4911,Electric Services
EMPD,0001829794,6199,Finance Services
EMPG,0002005569,2844,"Perfumes, Cosmetics & Other Toilet Preparations"
EMR,0000032604,3600,Electronic & Other Electrical Equipment (No Computer Equip)
EMX,0001285786,1000,Metal Mining
ENB,0000895728,4610,Pipe Lines (No Natural Gas)
ENFN,0001868912,7372,Services-Prepackaged Software
ENFY,0000857949,2870,Agricultural Chemicals
ENG,0000933738,8711,Services-Engineering Services
ENGN,0001980845,2836,"Biological Products, (No Diagnostic Substances)"
ENGS,0001971828,1731,Electrical Work
ENHA,0001956439,7990,Services-Miscellaneous Amusement & Recreation
ENLC,0001592000,4922,Natural Gas Transmission
ENLT,0001922641,4911,Electric Services
ENLV,0001596812,2834,Pharmaceutical Preparations
ENOV,0001420800,3842,"Orthopedic, Prosthetic & Surgical Appliances & Supplies"
ENPH,0001463101,3674,Semiconductors & Related Devices
ENR,0001632790,3690,"Miscellaneous Electrical Machinery, Equipment & Supplies"
ENS,0001289308,3690,"Miscellaneous Electrical Machinery, Equipment & Supplies"
ENSC,0001716947,2834,Pharmaceutical Preparations
ENSG,0001125376,8051,Services-Skilled Nursing Care Facilities
ENSV,0000319458,1389,"Oil & Gas Field Services, NEC"
ENTA,0001177648,2834,Pharmaceutical Preparations
ENTG,0001101302,3089,"Plastics Products, NEC"
ENTO,0001604191,4931,Electric & Other Services Combined
ENTX,0001638097,2836,"Biological Products, (No Diagnostic Substances)"
ENV,0001337619,7389,"Services-Business Services, NEC"
ENVA,0001529864,6141,Personal Credit Institutions
ENVB,0000890821,2834,Pharmaceutical Preparations
ENVX,0001828318,3690,"Miscellaneous Electrical Machinery, Equipment & Supplies"
ENZ,0000316253,2836,"Biological Products, (No Diagnostic Substances)"
EOCN,0001595353,2834,Pharmaceutical Preparations
EOG,0000821189,1311,Crude Petroleum & Natural Gas
EOLS,0001570562,2834,Pharmaceutical Preparations
EONR,0001842556,1311,Crude Petroleum & Natural Gas
EOSE,0001805077,3690,"Miscellaneous Electrical Machinery, Equipment & Supplies"
EP,0000887396,1311,Crude Petroleum & Natural Gas
EPAC,0000006955,3590,Misc Industrial & Commercial Machinery & Equipment
EPAM,0001352010,7371,Services-Computer Programming Services
EPC,0001096752,2844,"Perfumes, Cosmetics & Other Toilet Preparations"
EPD,0001061219,4922,Natural Gas Transmission
EPIX,0001633932,2834,Pharmaceutical Preparations
EPM,0001006655,1311,Crude Petroleum & Natural Gas
EPOW,0001780731,3690,"Miscellaneous Electrical Machinery, Equipment & Supplies"
EPR,0001045450,6798,Real Estate Investment Trusts
EPRT,0001728951,6798,Real Estate Investment Trusts
EPRX,0001581178,2834,Pharmaceutical Preparations
EPSM,0001883437,5180,"Wholesale-Beer, Wine & Distilled Alcoholic Beverages"
EPSN,0001726126,1311,Crude Petroleum & Natural Gas
EQ,0001746466,2834,Pharmaceutical Preparations
EQBK,0001227500,6022,State Commercial Banks
EQC,0000803649,6798,Real Estate Investment Trusts
EQH,0001333986,6411,"Insurance Agents, Brokers & Service"
EQIX,0001101239,6798,Real Estate Investment Trusts
EQPT,0001693736,7359,"Services-Equipment Rental & Leasing, NEC"
EQR,0000906107,6798,Real Estate Investment Trusts
EQT,0000033213,1311,Crude Petroleum & Natural Gas
EQV,0002021042,6770,Blank Checks
EQX,0001756607,1040,Gold and Silver Ores
ERAS,0001761918,2834,Pharmaceutical Preparations
ERIE,0000922621,6411,"Insurance Agents, Brokers & Service"
ERII,0001421517,3559,"Special Industry Machinery, NEC"
ERNA,0000748592,2834,Pharmaceutical Preparations
ERO,0001853860,1000,Metal Mining
EROC,0002110029,3620,Electrical Industrial Apparatus
EROK,0002104882,6792,Oil Royalty Traders
ES,0000072741,4911,Electric Services
ESAB,0001877322,3569,"General Industrial Machinery & Equipment, NEC"
ESCA,0000033488,3949,"Sporting & Athletic Goods, NEC"
ESE,0000866706,3669,"Communications Equipment, NEC"
ESEA,0001341170,4412,Deep Sea Foreign Transportation of  Freight
ESGL,0001957538,4953,Refuse Systems
ESGR,0001363829,6331,"Fire, Marine & Casualty Insurance"
ESGRP,0001363829,6331,"Fire, Marine & Casualty Insurance"
ESHA,0001918661,6770,Blank Checks
ESI,0001590714,2890,Miscellaneous Chemical Products
ESLA,0001844417,2836,"Biological Products, (No Diagnostic Substances)"
ESLT,0001027664,3728,"Aircraft Parts & Auxiliary Equipment, NEC"
ESNT,0001448893,6351,Surety Insurance
ESOA,0001357971,1623,"Water, Sewer, Pipeline, Comm & Power Line Construction"
ESP,0000033533,3679,"Electronic Components, NEC"
ESPR,0001434868,2834,Pharmaceutical Preparations
ESQ,0001531031,6029,"Commercial Banks, NEC"
ESRT,0001541401,6798,Real Estate Investment Trusts
ESS,0000920522,6798,Real Estate Investment Trusts
ESSA,0001382230,6036,"Savings Institutions, Not Federally Chartered"
ESTA,0001688757,3842,"Orthopedic, Prosthetic & Surgical Appliances & Supplies"
ESTC,0001707753,7372,Services-Prepackaged Software
ESYN,0001897245,5122,"Wholesale-Drugs, Proprietaries & Druggists' Sundries"
ET,0001276187,4922,Natural Gas Transmission
ETD,0000896156,2511,"Wood Household Furniture, (No Upholstered)"
ETH,0002020455,6221,Commodity Contracts Brokers & Dealers
ETHM,0002028699,6770,Blank Checks
ETN,0001551182,3590,Misc Industrial & Commercial Machinery & Equipment
ETNB,0001785173,2834,Pharmaceutical Preparations
ETON,0001710340,2834,Pharmaceutical Preparations
ETOR,0001493318,6211,"Security Brokers, Dealers & Flotation Companies"
ETR,0000065984,4911,Electric Services
ETRA,0002088082,2836,"Biological Products, (No Diagnostic Substances)"
ETS,0002053641,4210,Trucking & Courier Services (No Air)
ETSS,0002085932,6770,Blank Checks
ETSY,0001370637,7389,"Services-Business Services, NEC"
ETWO,0001800347,7374,Services-Computer Processing & Data Preparation
EU,0001500881,1090,Miscellaneous Metal Ores
EUDA,0001847846,8000,Services-Health Services
EURK,0002000410,4400,Water Transportation
EVA,0001592057,2400,Lumber & Wood Products (No Furniture)
EVAC,0002042902,6770,Blank Checks
EVAX,0001828253,2836,"Biological Products, (No Diagnostic Substances)"
EVBN,0000842518,6021,National Commercial Banks
EVC,0001109116,4833,Television Broadcasting Stations
EVCM,0001853145,7372,Services-Prepackaged Software
EVE,0001861121,6770,Blank Checks
EVER,0001640428,7370,"Services-Computer Programming, Data Processing, Etc."
EVEX,0001823652,3721,Aircraft
EVGN,0001574565,2870,Agricultural Chemicals
EVGO,0001821159,7500,"Services-Automotive Repair, Services & Parking"
EVGR,0001900402,6770,Blank Checks
EVH,0001628908,8741,Services-Management Services
EVI,0000065312,7200,Services-Personal Services
EVLV,0001805385,3577,"Computer Peripheral Equipment, NEC"
EVMN,0002044725,2834,Pharmaceutical Preparations
EVOK,0001403708,2834,Pharmaceutical Preparations
EVOX,0002077954,6770,Blank Checks
EVR,0001360901,6282,Investment Advice
EVRG,0001711269,4931,Electric & Other Services Combined
EVRI,0001318568,7990,Services-Miscellaneous Amusement & Recreation
EVTC,0001559865,7374,Services-Computer Processing & Data Preparation
EVTL,0001867102,3721,Aircraft
EVTV,0001563568,3714,Motor Vehicle Parts & Accessories
EW,0001099800,3842,"Orthopedic, Prosthetic & Surgical Appliances & Supplies"
EWAV,0002100704,6770,Blank Checks
EWBC,0001069157,6022,State Commercial Banks
EWCZ,0001856236,7200,Services-Personal Services
EWTX,0001710072,2834,Pharmaceutical Preparations
EXAS,0001124140,8071,Services-Medical Laboratories
EXC,0001109357,4931,Electric & Other Services Combined
EXE,0000895126,1311,Crude Petroleum & Natural Gas
EXEL,0000939767,2836,"Biological Products, (No Diagnostic Substances)"
EXFY,0001476840,7372,Services-Prepackaged Software
EXK,0001277866,1040,Gold and Silver Ores
EXLS,0001297989,7389,"Services-Business Services, NEC"
EXOD,0001821534,6199,Finance Services
EXOZ,0002010788,2836,"Biological Products, (No Diagnostic Substances)"
EXP,0000918646,3241,"Cement, Hydraulic"
EXPD,0000746515,4731,Arrangement of  Transportation of  Freight & Cargo
EXPE,0001324424,4700,Transportation Services
EXPI,0001495932,6531,Real Estate Agents & Managers (For Others)
EXPO,0000851520,8742,Services-Management Consulting Services
EXR,0001289490,6798,Real Estate Investment Trusts
EXTR,0001078271,3576,Computer Communications Equipment
EXYN,0001960355,7372,Services-Prepackaged Software
EYE,0001710155,3851,Ophthalmic Goods
EYEN,0001682639,6199,Finance Services
EYPT,0001314102,3826,Laboratory Analytical Instruments
EZFL,0001817004,5500,Retail-Auto Dealers & Gasoline Stations
EZGO,0001806904,3751,"Motorcycles, Bicycles & Parts"
EZPW,0000876523,5900,Retail-Miscellaneous Retail
EZRA,0001812727,6411,"Insurance Agents, Brokers & Service"
F,0000037996,3711,Motor Vehicles & Passenger Car Bodies
FA,0001210677,7374,Services-Computer Processing & Data Preparation
FAAS,0001844981,7372,Services-Prepackaged Software
FABC,0001086745,4899,"Communications Services, NEC"
FAC,0002049662,3690,"Miscellaneous Electrical Machinery, Equipment & Supplies"
FACT,0002028935,3728,"Aircraft Parts & Auxiliary Equipment, NEC"
FAF,0001472787,6361,Title Insurance
FAMI,0001701261,2033,"Canned, Fruits, Veg, Preserves, Jams & Jellies"
FANG,0001539838,1311,Crude Petroleum & Natural Gas
FARM,0000034563,2090,Miscellaneous Food Preparations & Kindred Products
FARO,0000917491,3829,"Measuring & Controlling Devices, NEC"
FAST,0000815556,5200,"Retail-Building Materials, Hardware, Garden Supply"
FAT,0001705012,5812,Retail-Eating  Places
FATBB,0001705012,5812,Retail-Eating  Places
FATE,0001434316,2836,"Biological Products, (No Diagnostic Substances)"
FATN,0001993400,7372,Services-Prepackaged Software
FBDT,0001892704,3480,"Ordnance & Accessories, (No Vehicles/Guided Missiles)"
FBGL,0001938534,1520,General Bldg Contractors - Residential Bldgs
FBIN,0001519751,2430,"Millwood, Veneer, Plywood, & Structural Wood Members"
FBIO,0001429260,2834,Pharmaceutical Preparations
FBIZ,0001521951,6022,State Commercial Banks
FBK,0001649749,6022,State Commercial Banks
FBLA,0002013639,6036,"Savings Institutions, Not Federally Chartered"
FBLG,0001958777,2834,Pharmaceutical Preparations
FBMS,0000947559,6021,National Commercial Banks
FBNC,0000811589,6022,State Commercial Banks
FBP,0001057706,6022,State Commercial Banks
FBRT,0001562528,6798,Real Estate Investment Trusts
FBRX,0001419041,2834,Pharmaceutical Preparations
FBYD,0001937987,7990,Services-Miscellaneous Amusement & Recreation
FC,0000886206,8741,Services-Management Services
FCAP,0001070296,6035,"Savings Institution, Federally Chartered"
FCBC,0000859070,6022,State Commercial Banks
FCBM,0001531193,6022,State Commercial Banks
FCCO,0000932781,6022,State Commercial Banks
FCEL,0000886128,3620,Electrical Industrial Apparatus
FCF,0000712537,6021,National Commercial Banks
FCFS,0000840489,5900,Retail-Miscellaneous Retail
FCHL,0002023796,7990,Services-Miscellaneous Amusement & Recreation
FCN,0000887936,8742,Services-Management Consulting Services
FCNCA,0000798941,6022,State Commercial Banks
FCNCN,0000798941,6022,State Commercial Banks
FCPT,0001650132,6798,Real Estate Investment Trusts
FCRS,0002074697,6770,Blank Checks
FCUV,0001590418,3823,"Industrial Instruments For Measurement, Display, and Control"
FCX,0000831259,1000,Metal Mining
FDBC,0001098151,6021,National Commercial Banks
FDMM,0002129659,6770,Blank Checks
FDMT,0001650648,2836,"Biological Products, (No Diagnostic Substances)"
FDP,0001047340,0100,Agricultural Production-Crops
FDS,0001013237,7370,"Services-Computer Programming, Data Processing, Etc."
FDSB,0002012726,6035,"Savings Institution, Federally Chartered"
FDX,0001048911,4513,Air Courier Services
FDXF,0002082247,4513,Air Courier Services
FE,0001031296,4911,Electric Services
FEAM,0001888654,1400,Mining & Quarrying of  Nonmetallic Minerals (No Fuels)
FEBO,0001957001,3634,Electric Housewares & Fans
FEED,0001326706,3842,"Orthopedic, Prosthetic & Surgical Appliances & Supplies"
FEIM,0000039020,3825,Instruments For Meas & Testing of  Electricity & Elec Signals
FELE,0000038725,3621,Motors & Generators
FEMY,0001339005,3841,Surgical & Medical Instruments & Apparatus
FENC,0001211583,2836,"Biological Products, (No Diagnostic Substances)"
FER,0001468522,1600,Heavy Construction Other Than Bldg Const - Contractors
FERA,0002025401,6770,Blank Checks
FERG,0002011641,5070,Wholesale-Hardware & Plumbing & Heating Equipment & Supplies
FET,0001401257,3533,Oil & Gas Field Machinery & Equipment
FF,0001337298,2860,Industrial Organic Chemicals
FFAI,0001805521,3711,Motor Vehicles & Passenger Car Bodies
FFBC,0000708955,6021,National Commercial Banks
FFIC,0000923139,6022,State Commercial Banks
FFIE,0001805521,3711,Motor Vehicles & Passenger Car Bodies
FFIN,0000036029,6022,State Commercial Banks
FFIV,0001048695,3576,Computer Communications Equipment
FFNW,0001401564,6022,State Commercial Banks
FFWM,0001413837,6022,State Commercial Banks
FG,0001934850,6311,Life Insurance
FGBI,0001408534,6035,"Savings Institution, Federally Chartered"
FGC,0001591890,6199,Finance Services
FGEN,0000921299,2834,Pharmaceutical Preparations
FGF,0001591890,6199,Finance Services
FGI,0001864943,3430,"Heating Equip, Except Elec & Warm Air; & Plumbing Fixtures"
FGII,0002090452,6770,Blank Checks
FGL,0001989930,1700,Construction - Special Trade Contractors
FGMC,0001906364,1520,General Bldg Contractors - Residential Bldgs
FGNX,0001591890,6199,Finance Services
FHB,0000036377,6022,State Commercial Banks
FHI,0001056288,6282,Investment Advice
FHN,0000036966,6021,National Commercial Banks
FHTX,0001822462,2834,Pharmaceutical Preparations
FI,0000798354,7389,"Services-Business Services, NEC"
FIAC,0001854480,6799,"Investors, NEC"
FIBK,0000860413,6022,State Commercial Banks
FICO,0000814547,7389,"Services-Business Services, NEC"
FIEE,0001467761,3661,Telephone & Telegraph Apparatus
FIG,0001579878,7372,Services-Prepackaged Software
FIGR,0002064124,6163,Loan Brokers
FIGS,0001846576,2300,Apparel & Other Finishd Prods of  Fabrics & Similar Matl
FIGX,0002059033,6770,Blank Checks
FIHL,0001636639,6331,"Fire, Marine & Casualty Insurance"
FINW,0001856365,6022,State Commercial Banks
FIP,0001899883,4011,"Railroads, Line-Haul Operating"
FIRY,0001801661,7374,Services-Computer Processing & Data Preparation
FIS,0001136893,7389,"Services-Business Services, NEC"
FISI,0000862831,6021,National Commercial Banks
FISN,0001918102,4911,Electric Services
FISV,0000798354,7389,"Services-Business Services, NEC"
FITB,0000035527,6022,State Commercial Banks
FITBM,0000035527,6022,State Commercial Banks
FITBO,0000035527,6022,State Commercial Banks
FIVE,0001177609,5331,Retail-Variety Stores
FIVN,0001288847,7374,Services-Computer Processing & Data Preparation
FIX,0001035983,1731,Electrical Work
FIZZ,0000069891,2086,Bottled & Canned Soft Drinks & Carbonated Waters
FJDI,0002094712,6770,Blank Checks
FJET,0001947016,4512,"Air Transportation, Scheduled"
FKWL,0000722572,3661,Telephone & Telegraph Apparatus
FL,0000850209,5661,Retail-Shoe Stores
FLD,0001889123,6199,Finance Services
FLDD,0001889123,6199,Finance Services
FLEX,0000866374,3672,Printed Circuit Boards
FLG,0000910073,6036,"Savings Institutions, Not Federally Chartered"
FLGC,0001790169,6199,Finance Services
FLGT,0001674930,8071,Services-Medical Laboratories
FLIC,0000740663,6021,National Commercial Banks
FLL,0000891482,7011,Hotels & Motels
FLNA,0001069530,2834,Pharmaceutical Preparations
FLNC,0001868941,3690,"Miscellaneous Electrical Machinery, Equipment & Supplies"
FLNG,0001772253,4400,Water Transportation
FLNT,0001460329,7310,Services-Advertising
FLO,0001128928,2000,Food and Kindred Products
FLOC,0002035149,3533,Oil & Gas Field Machinery & Equipment
FLR,0001124198,1600,Heavy Construction Other Than Bldg Const - Contractors
FLS,0000030625,3561,Pumps & Pumping Equipment
FLUT,0001635327,7370,"Services-Computer Programming, Data Processing, Etc."
FLUX,0001083743,3690,"Miscellaneous Electrical Machinery, Equipment & Supplies"
FLWS,0001084869,5990,"Retail-Retail Stores, NEC"
FLXS,0000037472,2510,Household Furniture
FLY,0001860160,3760,Guided Missiles & Space Vehicles & Parts
FLYD,0000927971,6029,"Commercial Banks, NEC"
FLYE,0001975940,3711,Motor Vehicles & Passenger Car Bodies
FLYW,0001580560,7389,"Services-Business Services, NEC"
FLYX,0001843973,4522,"Air Transportation, Nonscheduled"
FLYY,0001498710,4512,"Air Transportation, Scheduled"
FLZH,0001706524,7900,Services-Amusement & Recreation Services
FMAC,0002099232,6770,Blank Checks
FMAO,0000792966,6035,"Savings Institution, Federally Chartered"
FMBH,0000700565,6022,State Commercial Banks
FMC,0000037785,2800,Chemicals & Allied Products
FMFC,0002024656,3100,Leather & Leather Products
FMNB,0000709337,6022,State Commercial Banks
FMST,0001935418,1090,Miscellaneous Metal Ores
FN,0001408710,3661,Telephone & Telegraph Apparatus
FNA,0001531978,3841,Surgical & Medical Instruments & Apparatus
FNB,0000037808,6021,National Commercial Banks
FND,0001507079,5211,Retail-Lumber & Other Building Materials Dealers
FNF,0001331875,6361,Title Insurance
FNGD,0000927971,6029,"Commercial Banks, NEC"
FNGR,0001602409,7372,Services-Prepackaged Software
FNKO,0001704711,3944,"Games, Toys & Children's Vehicles (No Dolls & Bicycles)"
FNLC,0000765207,6021,National Commercial Banks
FNRN,0001114927,6035,"Savings Institution, Federally Chartered"
FNUC,0001769697,1090,Miscellaneous Metal Ores
FNV,0001456346,1040,Gold and Silver Ores
FNVT,0001857855,6770,Blank Checks
FNWB,0001556727,6036,"Savings Institutions, Not Federally Chartered"
FNWD,0000919864,6035,"Savings Institution, Federally Chartered"
FOA,0001828937,6162,Mortgage Bankers & Loan Correspondents
FOFO,0002060083,8742,Services-Management Consulting Services
FOLD,0001178879,2834,Pharmaceutical Preparations
FONR,0000355019,3845,Electromedical & Electrotherapeutic Apparatus
FOR,0001406587,6500,Real Estate
FORA,0001829280,7374,Services-Computer Processing & Data Preparation
FORD,0000038264,6199,Finance Services
FORL,0001936255,6770,Blank Checks
FORM,0001039399,3674,Semiconductors & Related Devices
FORR,0001023313,8700,"Services-Engineering, Accounting, Research, Management"
FOSL,0000883569,3873,"Watches, Clocks, Clockwork Operated Devices/Parts"
FOSLL,0000883569,3873,"Watches, Clocks, Clockwork Operated Devices/Parts"
FOUR,0001794669,7389,"Services-Business Services, NEC"
FOX,0001754301,4833,Television Broadcasting Stations
FOXA,0001754301,4833,Television Broadcasting Stations
FOXF,0001424929,3751,"Motorcycles, Bicycles & Parts"
FOXO,0001812360,8731,Services-Commercial Physical & Biological Research
FOXX,0002013807,3576,Computer Communications Equipment
FPAY,0001397047,7359,"Services-Equipment Rental & Leasing, NEC"
FPH,0001574197,6500,Real Estate
FPI,0001591670,6798,Real Estate Investment Trusts
FPS,0002080126,3620,Electrical Industrial Apparatus
FR,0000921825,6798,Real Estate Investment Trusts
FRAF,0000723646,6022,State Commercial Banks
FRBT,0001925062,6022,State Commercial Banks
FRD,0000039092,3310,"Steel Works, Blast Furnaces & Rolling & Finishing Mills"
FREY,0001992243,3674,Semiconductors & Related Devices
FRGE,0001827821,6200,"Security & Commodity Brokers, Dealers, Exchanges & Services"
FRGT,0001687542,4731,Arrangement of  Transportation of  Freight & Cargo
FRHC,0000924805,6211,"Security Brokers, Dealers & Flotation Companies"
FRLA,0001849294,3559,"Special Industry Machinery, NEC"
FRME,0000712534,6021,National Commercial Banks
FRMEP,0000712534,6021,National Commercial Banks
FRMI,0002071778,6798,Real Estate Investment Trusts
FRMM,0001690080,6199,Finance Services
FRNM,0002017526,8071,Services-Medical Laboratories
FRO,0000913290,4412,Deep Sea Foreign Transportation of  Freight
FROG,0001800667,7372,Services-Prepackaged Software
FRPH,0000844059,6500,Real Estate
FRPT,0001611647,2040,Grain Mill Products
FRSH,0001544522,7372,Services-Prepackaged Software
FRST,0001325670,6022,State Commercial Banks
FRSX,0001691221,7372,Services-Prepackaged Software
FRT,0000034903,6798,Real Estate Investment Trusts
FRTT,0002092967,2870,Agricultural Chemicals
FRVO,0001853868,4911,Electric Services
FRZA,0001901305,3730,Ship & Boat Building & Repairing
FSBC,0001275168,6022,State Commercial Banks
FSBW,0001530249,6036,"Savings Institutions, Not Federally Chartered"
FSEA,0001943802,6035,"Savings Institution, Federally Chartered"
FSFG,0001435508,6035,"Savings Institution, Federally Chartered"
FSHP,0001850059,6770,Blank Checks
FSI,0001069394,2890,Miscellaneous Chemical Products
FSLR,0001274494,3674,Semiconductors & Related Devices
FSLY,0001517413,7372,Services-Prepackaged Software
FSM,0001341335,1040,Gold and Silver Ores
FSP,0001031316,6798,Real Estate Investment Trusts
FSS,0000277509,3711,Motor Vehicles & Passenger Car Bodies
FSTR,0000352825,5051,Wholesale-Metals Service Centers & of fices
FSUN,0001709442,6021,National Commercial Banks
FSV,0001637810,6500,Real Estate
FTAI,0001590364,7350,Services-Miscellaneous Equipment Rental & Leasing
FTCI,0001828161,3674,Semiconductors & Related Devices
FTDR,0001727263,7340,Services-To Dwellings & Other Buildings
FTEK,0000846913,3564,Industrial & Commercial Fans & Blowers & Air Purifing Equip
FTEL,0001928581,3949,"Sporting & Athletic Goods, NEC"
FTFT,0001066923,7389,"Services-Business Services, NEC"
FTH,0001829802,2834,Pharmaceutical Preparations
FTHA,0002097986,6770,Blank Checks
FTHM,0001753162,6531,Real Estate Agents & Managers (For Others)
FTI,0001681459,3533,Oil & Gas Field Machinery & Equipment
FTII,0001889450,2836,"Biological Products, (No Diagnostic Substances)"
FTK,0000928054,2890,Miscellaneous Chemical Products
FTLF,0001374328,2833,Medicinal Chemicals & Botanical Products
FTNT,0001262039,3577,"Computer Peripheral Equipment, NEC"
FTRA,0002131853,6770,Blank Checks
FTRE,0001965040,8071,Services-Medical Laboratories
FTRK,0002027262,7900,Services-Amusement & Recreation Services
FTS,0001666175,4911,Electric Services
FTV,0001659166,3823,"Industrial Instruments For Measurement, Display, and Control"
FTW,0002021042,6770,Blank Checks
FUBO,0001484769,7812,Services-Motion Picture & Video Tape Production
FUFU,0001921158,6199,Finance Services
FUL,0000039368,2891,Adhesives & Sealants
FULC,0001680581,2834,Pharmaceutical Preparations
FULT,0000700564,6021,National Commercial Banks
FULTP,0000700564,6021,National Commercial Banks
FUN,0001999001,7900,Services-Amusement & Recreation Services
FUNC,0000763907,6021,National Commercial Banks
FURY,0001514597,1040,Gold and Silver Ores
FUSB,0000717806,6022,State Commercial Banks
FUSE,0002033383,7373,Services-Computer Integrated Systems Design
FVAV,0001850733,6770,Blank Checks
FVCB,0001675644,6022,State Commercial Banks
FVN,0002010653,7373,Services-Computer Integrated Systems Design
FVR,0001988494,6798,Real Estate Investment Trusts
FVRR,0001762301,7389,"Services-Business Services, NEC"
FWAC,0002116105,6770,Blank Checks
FWDI,0000038264,6199,Finance Services
FWONA,0001560385,4833,Television Broadcasting Stations
FWONK,0001560385,4833,Television Broadcasting Stations
FWRD,0000912728,4731,Arrangement of  Transportation of  Freight & Cargo
FWRG,0001789940,5812,Retail-Eating  Places
FXAC,0002121703,6770,Blank Checks
FXHO,0001789299,3600,Electronic & Other Electrical Equipment (No Computer Equip)
FXNC,0000719402,6022,State Commercial Banks
FYBR,0000020520,4813,Telephone Communications (No Radiotelephone)
G,0001398659,8742,Services-Management Consulting Services
GABC,0000714395,6022,State Commercial Banks
GAIA,0001089872,7812,Services-Motion Picture & Video Tape Production
GALT,0001133416,2834,Pharmaceutical Preparations
GAMB,0001839799,7990,Services-Miscellaneous Amusement & Recreation
GAME,0001714562,7900,Services-Amusement & Recreation Services
GAN,0001799332,7370,"Services-Computer Programming, Data Processing, Etc."
GANX,0001819411,2834,Pharmaceutical Preparations
GAP,0000039911,5651,Retail-Family Clothing Stores
GAQ,0001852061,6770,Blank Checks
GASS,0001328919,4412,Deep Sea Foreign Transportation of  Freight
GATE,0001838513,6770,Blank Checks
GATO,0001517006,1040,Gold and Silver Ores
GATX,0000040211,4700,Transportation Services
GAU,0001377757,1400,Mining & Quarrying of  Nonmetallic Minerals (No Fuels)
GAUZ,0001781446,3690,"Miscellaneous Electrical Machinery, Equipment & Supplies"
GB,0001799983,7374,Services-Computer Processing & Data Preparation
GBBK,0001894951,6770,Blank Checks
GBCI,0000868671,6022,State Commercial Banks
GBFH,0001791145,6022,State Commercial Banks
GBIO,0001733294,2834,Pharmaceutical Preparations
GBLI,0001494904,6331,"Fire, Marine & Casualty Insurance"
GBNY,0001823365,6035,"Savings Institution, Federally Chartered"
GBR,0000105744,1311,Crude Petroleum & Natural Gas
GBTG,0001820872,4700,Transportation Services
GBX,0000923120,3743,Railroad Equipment
GCBC,0001070524,6036,"Savings Institutions, Not Federally Chartered"
GCDT,0001926293,3585,Air-Cond & Warm Air Heatg Equip & Comm & Indl Refrig Equip
GCGR,0002108962,6770,Blank Checks
GCI,0001579684,2711,Newspapers: Publishing or  Publishing & Printing
GCL,0002002045,7372,Services-Prepackaged Software
GCMG,0001819796,6282,Investment Advice
GCO,0000018498,5661,Retail-Shoe Stores
GCT,0001857816,5961,Retail-Catalog & Mail-Order Houses
GCTK,0001506983,3841,Surgical & Medical Instruments & Apparatus
GCTS,0001851961,3674,Semiconductors & Related Devices
GD,0000040533,3730,Ship & Boat Building & Repairing
GDC,0001641398,5050,Wholesale-Metals & Minerals (No Petroleum)
GDDY,0001609711,7373,Services-Computer Integrated Systems Design
GDEN,0001071255,7990,Services-Miscellaneous Amusement & Recreation
GDEV,0001848739,7371,Services-Computer Programming Services
GDHG,0001928340,7990,Services-Miscellaneous Amusement & Recreation
GDOT,0001386278,6199,Finance Services
GDRX,0001809519,7374,Services-Computer Processing & Data Preparation
GDST,0001858007,3620,Electrical Industrial Apparatus
GDTC,0001873093,2834,Pharmaceutical Preparations
GDXD,0000927971,6029,"Commercial Banks, NEC"
GDYN,0001743725,7372,Services-Prepackaged Software
GE,0000040545,3600,Electronic & Other Electrical Equipment (No Computer Equip)
GEAR,0001943705,3949,"Sporting & Athletic Goods, NEC"
GEF,0000043920,3412,"Metal Shipping Barrels, Drums, Kegs & Pails"
GEF.B,0000043920,3412,"Metal Shipping Barrels, Drums, Kegs & Pails"
GEG,0001831096,7372,Services-Prepackaged Software
GEGGL,0001831096,7372,Services-Prepackaged Software
GEHC,0001932393,3844,X-Ray Apparatus & Tubes & Related Irradiation Apparatus
GEL,0001022321,4610,Pipe Lines (No Natural Gas)
GELS,0001920092,2834,Pharmaceutical Preparations
GEMI,0002055592,6199,Finance Services
GEN,0000849399,7372,Services-Prepackaged Software
GENB,0002100782,2834,Pharmaceutical Preparations
GENC,0000064472,3531,Construction Machinery & Equip
GENI,0001834489,7990,Services-Miscellaneous Amusement & Recreation
GENK,0001891856,5812,Retail-Eating  Places
GEO,0000923796,1520,General Bldg Contractors - Residential Bldgs
GEOS,0001001115,3829,"Measuring & Controlling Devices, NEC"
GERN,0000886744,2834,Pharmaceutical Preparations
GES,0000912463,2340,"Women's, Misses':  Children's & Infants' Undergarments"
GETY,0001898496,7389,"Services-Business Services, NEC"
GEV,0001996810,3600,Electronic & Other Electrical Equipment (No Computer Equip)
GEVO,0001392380,2860,Industrial Organic Chemicals
GFAI,0001804469,7381,"Services-Detective, Guard & Armored Car Services"
GFF,0000050725,3442,"Metal Doors, Sash, Frames, Moldings & Trim"
GFL,0001780232,4953,Refuse Systems
GFR,0001966287,1311,Crude Petroleum & Natural Gas
GFS,0001709048,3674,Semiconductors & Related Devices
GFUZ,0002074850,4911,Electric Services
GGG,0000042888,3561,Pumps & Pumping Equipment
GGR,0001886190,3711,Motor Vehicles & Passenger Car Bodies
GGRP,0001854445,7371,Services-Computer Programming Services
GH,0001576280,8071,Services-Medical Laboratories
GHC,0000104889,8200,Services-Educational Services
GHIX,0001894630,6770,Blank Checks
GHLD,0001821160,6162,Mortgage Bankers & Loan Correspondents
GHM,0000716314,3560,General Industrial Machinery & Equipment
GHRS,0001855129,2834,Pharmaceutical Preparations
GHSI,0001642375,2834,Pharmaceutical Preparations
GHXI,0002086438,6770,Blank Checks
GIB,0001061574,8742,Services-Management Consulting Services
GIBO,0002034520,7372,Services-Prepackaged Software
GIC,0000945114,5084,Wholesale-Industrial Machinery & Equipment
GIFI,0001031623,3440,Fabricated Structural Metal Products
GIFT,0001760233,5961,Retail-Catalog & Mail-Order Houses
GIG,0002023730,4911,Electric Services
GIGM,0001105101,7370,"Services-Computer Programming, Data Processing, Etc."
GIII,0000821002,2300,Apparel & Other Finishd Prods of  Fabrics & Similar Matl
GIL,0001061894,2300,Apparel & Other Finishd Prods of  Fabrics & Similar Matl
GILD,0000882095,2836,"Biological Products, (No Diagnostic Substances)"
GILT,0000897322,3663,Radio & Tv Broadcasting & Communications Equipment
GIPR,0001651721,6798,Real Estate Investment Trusts
GIS,0000040704,2040,Grain Mill Products
GITS,0001911545,7370,"Services-Computer Programming, Data Processing, Etc."
GIW,0002080019,6770,Blank Checks
GIX,0002098712,6770,Blank Checks
GIXI,0001782265,7372,Services-Prepackaged Software
GKOS,0001192448,3841,Surgical & Medical Instruments & Apparatus
GL,0000320335,6311,Life Insurance
GLAC,0001897971,6770,Blank Checks
GLAS,0001848731,2833,Medicinal Chemicals & Botanical Products
GLBE,0001835963,7372,Services-Prepackaged Software
GLBS,0001499780,4412,Deep Sea Foreign Transportation of  Freight
GLBZ,0000890066,6022,State Commercial Banks
GLDD,0001372020,1600,Heavy Construction Other Than Bldg Const - Contractors
GLDG,0001538847,1040,Gold and Silver Ores
GLE,0001908705,7374,Services-Computer Processing & Data Preparation
GLED,0002091484,6770,Blank Checks
GLIBA,0000808461,4813,Telephone Communications (No Radiotelephone)
GLIBK,0000808461,4813,Telephone Communications (No Radiotelephone)
GLL,0001415311,6221,Commodity Contracts Brokers & Dealers
GLLI,0001888734,6770,Blank Checks
GLMD,0001595353,2834,Pharmaceutical Preparations
GLND,0002093507,1381,Drilling Oil & Gas Wells
GLNG,0001207179,4400,Water Transportation
GLOB,0001557860,7374,Services-Computer Processing & Data Preparation
GLOO,0002069785,7374,Services-Computer Processing & Data Preparation
GLP,0001323468,5171,Wholesale-Petroleum Bulk Stations & Terminals
GLPI,0001575965,6798,Real Estate Investment Trusts
GLRE,0001385613,6331,"Fire, Marine & Casualty Insurance"
GLSI,0001799788,2834,Pharmaceutical Preparations
GLST,0001922331,6770,Blank Checks
GLT,0000041719,2621,Paper Mills
GLTO,0001800315,2834,Pharmaceutical Preparations
GLUE,0001826457,2836,"Biological Products, (No Diagnostic Substances)"
GLW,0000024741,3357,Drawing & Insulating of  Nonferrous Wire
GLXG,0001905920,8700,"Services-Engineering, Accounting, Research, Management"
GLXY,0001859392,6211,"Security Brokers, Dealers & Flotation Companies"
GLYC,0001253689,2834,Pharmaceutical Preparations
GM,0001467858,3711,Motor Vehicles & Passenger Car Bodies
GME,0001326380,5734,Retail-Computer & Computer Software Stores
GMED,0001237831,3841,Surgical & Medical Instruments & Apparatus
GMEX,0001928581,3949,"Sporting & Athletic Goods, NEC"
GMGI,0001437925,7372,Services-Prepackaged Software
GMHS,0002000530,7374,Services-Computer Processing & Data Preparation
GMM,0001913749,7370,"Services-Computer Programming, Data Processing, Etc."
GMRE,0001533615,6798,Real Estate Investment Trusts
GMRS,0001898718,4700,Transportation Services
GMS,0001600438,5030,Wholesale-Lumber & Other Construction Materials
GNE,0001528356,4931,Electric & Other Services Combined
GNK,0001326200,4412,Deep Sea Foreign Transportation of  Freight
GNL,0001526113,6798,Real Estate Investment Trusts
GNLN,0001743745,5099,"Wholesale-Durable Goods, NEC"
GNLX,0001231457,2834,Pharmaceutical Preparations
GNPX,0001595248,2834,Pharmaceutical Preparations
GNRC,0001474735,3621,Motors & Generators
GNS,0001847806,7372,Services-Prepackaged Software
GNSS,0000924383,3651,Household Audio & Video Equipment
GNTX,0000355811,3714,Motor Vehicle Parts & Accessories
GNTY,0001058867,6021,National Commercial Banks
GNW,0001276520,6311,Life Insurance
GO,0001771515,5411,Retail-Grocery Stores
GOAI,0001983736,7370,"Services-Computer Programming, Data Processing, Etc."
GOCO,0001808220,6411,"Insurance Agents, Brokers & Service"
GODN,0001895144,6770,Blank Checks
GOEV,0001750153,3714,Motor Vehicle Parts & Accessories
GOGL,0001029145,4400,Water Transportation
GOGO,0001537054,4899,"Communications Services, NEC"
GOLD,0000756894,1040,Gold and Silver Ores
GOLF,0001672013,3949,"Sporting & Athletic Goods, NEC"
GOOD,0001234006,6519,"Lessors of  Real Property, NEC"
GOOG,0001652044,7370,"Services-Computer Programming, Data Processing, Etc."
GOOGL,0001652044,7370,"Services-Computer Programming, Data Processing, Etc."
GOOGM,0001652044,7370,"Services-Computer Programming, Data Processing, Etc."
GOOGN,0001652044,7370,"Services-Computer Programming, Data Processing, Etc."
GOOS,0001690511,2300,Apparel & Other Finishd Prods of  Fabrics & Similar Matl
GORO,0001160791,1040,Gold and Silver Ores
GORV,0001721741,5500,Retail-Auto Dealers & Gasoline Stations
GOSS,0001728117,2834,Pharmaceutical Preparations
GOVX,0000832489,2834,Pharmaceutical Preparations
GOW,0002097702,3533,Oil & Gas Field Machinery & Equipment
GP,0001584547,3713,Truck & Bus Bodies
GPAC,0002085408,6770,Blank Checks
GPAT,0001834526,6770,Blank Checks
GPC,0000040987,5013,Wholesale-Motor Vehicle Supplies & New Parts
GPGI,0001823144,6199,Finance Services
GPI,0001031203,5500,Retail-Auto Dealers & Gasoline Stations
GPK,0001408075,2650,Paperboard Containers & Boxes
GPMT,0001703644,6798,Real Estate Investment Trusts
GPN,0001123360,7389,"Services-Business Services, NEC"
GPOR,0000874499,1311,Crude Petroleum & Natural Gas
GPRE,0001309402,2860,Industrial Organic Chemicals
GPRK,0001464591,1311,Crude Petroleum & Natural Gas
GPRO,0001500435,3861,Photographic Equipment & Supplies
GPUS,0000896493,3533,Oil & Gas Field Machinery & Equipment
GRAB,0001855612,7389,"Services-Business Services, NEC"
GRAF,0001897463,6770,Blank Checks
GRAL,0001699031,8071,Services-Medical Laboratories
GRAN,0002027722,6199,Finance Services
GRBK,0001373670,1531,Operative Builders
GRC,0000042682,3561,Pumps & Pumping Equipment
GRCE,0001444192,2834,Pharmaceutical Preparations
GRDI,0001830029,6199,Finance Services
GRDN,0001802255,5912,Retail-Drug Stores and Proprietary Stores
GRDX,0001604191,4931,Electric & Other Services Combined
GREE,0001844971,6199,Finance Services
GREEL,0001844971,6199,Finance Services
GRI,0001824293,2834,Pharmaceutical Preparations
GRML,0001907223,2836,"Biological Products, (No Diagnostic Substances)"
GRMN,0001121788,3812,"Search, Detection, Navigation, Guidance, Aeronautical Sys"
GRND,0001820144,7370,"Services-Computer Programming, Data Processing, Etc."
GRNQ,0001597846,8742,Services-Management Consulting Services
GRNT,0001928446,1311,Crude Petroleum & Natural Gas
GRO,0001472326,1400,Mining & Quarrying of  Nonmetallic Minerals (No Fuels)
GROV,0001841761,5961,Retail-Catalog & Mail-Order Houses
GROW,0000754811,6282,Investment Advice
GROY,0001834026,1040,Gold and Silver Ores
GRPN,0001490281,7311,Services-Advertising Agencies
GRRR,0001903145,7372,Services-Prepackaged Software
GRSD,0001839799,7990,Services-Miscellaneous Amusement & Recreation
GRTS,0001656634,2836,"Biological Products, (No Diagnostic Substances)"
GRWG,0001604868,5200,"Retail-Building Materials, Hardware, Garden Supply"
GRYP,0001755953,6199,Finance Services
GS,0000886982,6211,"Security Brokers, Dealers & Flotation Companies"
GSAT,0001366868,4899,"Communications Services, NEC"
GSBC,0000854560,6022,State Commercial Banks
GSHD,0001726978,6411,"Insurance Agents, Brokers & Service"
GSHR,0002044635,6770,Blank Checks
GSIT,0001126741,3674,Semiconductors & Related Devices
GSIW,0001954269,6200,"Security & Commodity Brokers, Dealers, Exchanges & Services"
GSL,0001430725,4412,Deep Sea Foreign Transportation of  Freight
GSM,0001639877,1000,Metal Mining
GSOL,0001896677,6221,Commodity Contracts Brokers & Dealers
GSRF,0002072404,6770,Blank Checks
GSRT,0002029023,6770,Blank Checks
GSRV,0002111762,6770,Blank Checks
GSUN,0001826376,8200,Services-Educational Services
GT,0000042582,3011,Tires & Inner Tubes
GTAC,0001848821,7389,"Services-Business Services, NEC"
GTBP,0000109657,2834,Pharmaceutical Preparations
GTE,0001273441,1311,Crude Petroleum & Natural Gas
GTEC,0001735041,3560,General Industrial Machinery & Equipment
GTEN,0001986817,6770,Blank Checks
GTERA,0002043766,6770,Blank Checks
GTES,0001718512,3560,General Industrial Machinery & Equipment
GTI,0001879373,3620,Electrical Industrial Apparatus
GTIM,0000825324,5812,Retail-Eating  Places
GTLB,0001653482,7372,Services-Prepackaged Software
GTLS,0000892553,3443,Fabricated Plate Work (Boiler Shops)
GTM,0001794515,7372,Services-Prepackaged Software
GTN,0000043196,4833,Television Broadcasting Stations
GTN.A,0000043196,4833,Television Broadcasting Stations
GTX,0001735707,3714,Motor Vehicle Parts & Accessories
GTY,0001052752,6500,Real Estate
GUAC,0002081515,6770,Blank Checks
GURE,0000885462,2800,Chemicals & Allied Products
GUTS,0001572616,3841,Surgical & Medical Instruments & Apparatus
GV,0001892274,8200,Services-Educational Services
GVA,0000861459,1600,Heavy Construction Other Than Bldg Const - Contractors
GVH,0001978527,4731,Arrangement of  Transportation of  Freight & Cargo
GVP,0000944480,7372,Services-Prepackaged Software
GWAV,0001589149,5051,Wholesale-Metals Service Centers & of fices
GWH,0001819438,3690,"Miscellaneous Electrical Machinery, Equipment & Supplies"
GWRE,0001528396,7372,Services-Prepackaged Software
GWRS,0001434728,4941,Water Supply
GWW,0000277135,5000,Wholesale-Durable Goods
GXAI,0001895618,7372,Services-Prepackaged Software
GXO,0001852244,4700,Transportation Services
GYGY,0002111846,7372,Services-Prepackaged Software
GYRE,0001124105,2834,Pharmaceutical Preparations
GYRO,0001589061,6512,Opeators of  Nonresidential Buildings
H,0001468174,7011,Hotels & Motels
HACQ,0002089982,6770,Blank Checks
HAE,0000313143,3841,Surgical & Medical Instruments & Apparatus
HAFC,0001109242,6021,National Commercial Banks
HAFN,0001815779,4700,Transportation Services
HAIA,0001848861,6770,Blank Checks
HAIN,0000910406,2000,Food and Kindred Products
HAL,0000045012,1389,"Oil & Gas Field Services, NEC"
HALO,0001159036,2836,"Biological Products, (No Diagnostic Substances)"
HAO,0001954594,7311,Services-Advertising Agencies
HAPN,0001409970,6141,Personal Credit Institutions
HAS,0000046080,3944,"Games, Toys & Children's Vehicles (No Dolls & Bicycles)"
HASI,0001561894,6799,"Investors, NEC"
HAVA,0002042460,6770,Blank Checks
HAVAR,0002042460,6770,Blank Checks
HAWK,0001750704,7374,Services-Computer Processing & Data Preparation
HAYN,0000858655,3310,"Steel Works, Blast Furnaces & Rolling & Finishing Mills"
HAYW,0001834622,3580,Refrigeration & Service Industry Machinery
HBAN,0000049196,6021,National Commercial Banks
HBANL,0000049196,6021,National Commercial Banks
HBANM,0000049196,6021,National Commercial Banks
HBANZ,0000049196,6021,National Commercial Banks
HBB,0001709164,3634,Electric Housewares & Fans
HBCP,0001436425,6036,"Savings Institutions, Not Federally Chartered"
HBI,0001359841,5600,Retail-Apparel & Accessory Stores
HBIO,0001123494,3826,Laboratory Analytical Instruments
HBM,0001322422,1000,Metal Mining
HBNB,0002054507,7011,Hotels & Motels
HBNC,0000706129,6022,State Commercial Banks
HBT,0000775215,6022,State Commercial Banks
HCA,0000860730,8062,"Services-General Medical & Surgical Hospitals, NEC"
HCAC,0002079013,3341,Secondary Smelting & Refining of  Nonferrous Metals
HCAI,0001958399,3990,Miscellaneous Manufacturing Industries
HCAT,0001636422,7370,"Services-Computer Programming, Data Processing, Etc."
HCC,0001691303,1220,Silver Ores
HCHL,0002046656,5812,Retail-Eating  Places
HCI,0001400810,6331,"Fire, Marine & Casualty Insurance"
HCIC,0002099093,6770,Blank Checks
HCKT,0001057379,8742,Services-Management Consulting Services
HCMA,0002069856,6770,Blank Checks
HCP,0001720671,7371,Services-Computer Programming Services
HCSG,0000731012,8050,Services-Nursing & Personal Care Facilities
HCTI,0001839285,7373,Services-Computer Integrated Systems Design
HCVI,0001842937,6770,Blank Checks
HCWB,0001828673,2834,Pharmaceutical Preparations
HCWC,0001948864,5411,Retail-Grocery Stores
HD,0000354950,5211,Retail-Lumber & Other Building Materials Dealers
HDB,0001144967,6029,"Commercial Banks, NEC"
HDRN,0002023730,4911,Electric Services
HDSN,0000925528,5080,"Wholesale-Machinery, Equipment & Supplies"
HE,0000354707,4911,Electric Services
HEAR,0001493761,3669,"Communications Equipment, NEC"
HEES,0001339605,7350,Services-Miscellaneous Equipment Rental & Leasing
HEI,0000046619,3724,Aircraft Engines & Engine Parts
HEI.A,0000046619,3724,Aircraft Engines & Engine Parts
HELE,0000916789,3634,Electric Housewares & Fans
HELP,0001833141,2834,Pharmaceutical Preparations
HEPA,0001583771,2834,Pharmaceutical Preparations
HES,0000004447,2911,Petroleum Refining
HESM,0001789832,1311,Crude Petroleum & Natural Gas
HFBL,0001500375,6035,"Savings Institution, Federally Chartered"
HFFG,0001680873,5140,Wholesale-Groceries & Related Products
HFWA,0001046025,6036,"Savings Institutions, Not Federally Chartered"
HG,0001593275,6331,"Fire, Marine & Casualty Insurance"
HGBL,0000849145,7389,"Services-Business Services, NEC"
HGTY,0001840776,6411,"Insurance Agents, Brokers & Service"
HGV,0001674168,7000,"Hotels, Rooming Houses, Camps & Other Lodging Places"
HHGC,0001822886,6770,Blank Checks
HHH,0001981792,6798,Real Estate Investment Trusts
HHS,0000045919,7331,Services-Direct Mail Advertising Services
HI,0001417398,3990,Miscellaneous Manufacturing Industries
HIG,0000874766,6331,"Fire, Marine & Casualty Insurance"
HIHO,0001026785,3490,Miscellaneous Fabricated Metal Products
HII,0001501585,3730,Ship & Boat Building & Repairing
HIMS,0001773751,8011,Services-Offices & Clinics of  Doctors of  Medicine
HIND,0001427570,2834,Pharmaceutical Preparations
HIPO,0001828105,6331,"Fire, Marine & Casualty Insurance"
HIT,0002019505,6411,"Insurance Agents, Brokers & Service"
HITI,0001847409,5990,"Retail-Retail Stores, NEC"
HIVE,0001720424,6199,Finance Services
HIW,0000921082,6798,Real Estate Investment Trusts
HKIT,0001742341,7372,Services-Prepackaged Software
HKPD,0002007702,5122,"Wholesale-Drugs, Proprietaries & Druggists' Sundries"
HL,0000719413,1400,Mining & Quarrying of  Nonmetallic Minerals (No Fuels)
HLF,0001180262,5122,"Wholesale-Drugs, Proprietaries & Druggists' Sundries"
HLI,0001302215,6282,Investment Advice
HLIO,0001024795,3490,Miscellaneous Fabricated Metal Products
HLIT,0000851310,3663,Radio & Tv Broadcasting & Communications Equipment
HLLY,0001822928,3714,Motor Vehicle Parts & Accessories
HLMN,0001822492,3420,"Cutlery, Handtools & General Hardware"
HLNE,0001433642,6282,Investment Advice
HLP,0001855557,3569,"General Industrial Machinery & Equipment, NEC"
HLSQ,0001739174,7372,Services-Prepackaged Software
HLT,0001585689,7011,Hotels & Motels
HLVX,0001888012,2836,"Biological Products, (No Diagnostic Substances)"
HLX,0000866829,1389,"Oil & Gas Field Services, NEC"
HLXB,0001869105,2834,Pharmaceutical Preparations
HLXC,0002099656,6770,Blank Checks
HMH,0002021880,3533,Oil & Gas Field Machinery & Equipment
HMN,0000850141,6331,"Fire, Marine & Casualty Insurance"
HMNF,0000921183,6035,"Savings Institution, Federally Chartered"
HMR,0002029471,4412,Deep Sea Foreign Transportation of  Freight
HMST,0001518715,6022,State Commercial Banks
HNGE,0001673743,7374,Services-Computer Processing & Data Preparation
HNI,0000048287,2522,Office Furniture (No Wood)
HNNA,0001145255,6282,Investment Advice
HNNAZ,0001145255,6282,Investment Advice
HNRG,0000788965,4911,Electric Services
HNST,0001530979,5961,Retail-Catalog & Mail-Order Houses
HNVR,0001828588,6022,State Commercial Banks
HODL,0001838028,6221,Commodity Contracts Brokers & Dealers
HODO,0001903595,6199,Finance Services
HOFT,0001077688,2510,Household Furniture
HOFV,0001708176,7990,Services-Miscellaneous Amusement & Recreation
HOG,0000793952,3751,"Motorcycles, Bicycles & Parts"
HOLO,0001841209,7370,"Services-Computer Programming, Data Processing, Etc."
HOLX,0000859737,3844,X-Ray Apparatus & Tubes & Related Irradiation Apparatus
HOMB,0001331520,6022,State Commercial Banks
HON,0000773840,3724,Aircraft Engines & Engine Parts
HONA,0002089271,3724,Aircraft Engines & Engine Parts
HOND,0002019804,3443,Fabricated Plate Work (Boiler Shops)
HONE,0001769617,6022,State Commercial Banks
HOOD,0001783879,6211,"Security Brokers, Dealers & Flotation Companies"
HOOK,0001760542,2834,Pharmaceutical Preparations
HOPE,0001128361,6021,National Commercial Banks
HOS,0000866829,1389,"Oil & Gas Field Services, NEC"
HOST,0001948864,5411,Retail-Grocery Stores
HOTH,0001711786,2834,Pharmaceutical Preparations
HOUR,0001874875,5961,Retail-Catalog & Mail-Order Houses
HOUS,0001398987,6531,Real Estate Agents & Managers (For Others)
HOV,0000357294,1531,Operative Builders
HOVR,0001930021,3721,Aircraft
HOWL,0001785530,2834,Pharmaceutical Preparations
HP,0000046765,1381,Drilling Oil & Gas Wells
HPAI,0002001699,7372,Services-Prepackaged Software
HPE,0001645590,3570,Computer & office Equipment
HPK,0001792849,1381,Drilling Oil & Gas Wells
HPP,0001482512,6500,Real Estate
HPQ,0000047217,3570,Computer & office Equipment
HQ,0002088256,7371,Services-Computer Programming Services
HQI,0001140102,7363,Services-Help Supply Services
HQY,0001428336,7389,"Services-Business Services, NEC"
HR,0001360604,6798,Real Estate Investment Trusts
HRB,0000012659,7200,Services-Personal Services
HRI,0001364479,7350,Services-Miscellaneous Equipment Rental & Leasing
HRL,0000048465,2011,Meat Packing Plants
HRMY,0001802665,2834,Pharmaceutical Preparations
HROW,0001360214,2834,Pharmaceutical Preparations
HROWL,0001360214,2834,Pharmaceutical Preparations
HROWM,0001360214,2834,Pharmaceutical Preparations
HRTG,0001598665,6331,"Fire, Marine & Casualty Insurance"
HRTX,0000818033,2834,Pharmaceutical Preparations
HRYU,0001911545,7370,"Services-Computer Programming, Data Processing, Etc."
HSAI,0001861737,3569,"General Industrial Machinery & Equipment, NEC"
HSCS,0001468492,6199,Finance Services
HSDT,0001610853,6199,Finance Services
HSHP,0001959455,4412,Deep Sea Foreign Transportation of  Freight
HSIC,0001000228,5047,"Wholesale-Medical, Dental & Hospital Equipment & Supplies"
HSII,0001066605,7361,Services-Employment Agencies
HSLV,0002013223,1040,Gold and Silver Ores
HSON,0001210708,7363,Services-Help Supply Services
HSPO,0001946021,6770,Blank Checks
HSPT,0002032950,6770,Blank Checks
HST,0001070750,6798,Real Estate Investment Trusts
HSTM,0001095565,7370,"Services-Computer Programming, Data Processing, Etc."
HSY,0000047111,2060,Sugar & Confectionery Products
HTB,0001538263,6035,"Savings Institution, Federally Chartered"
HTBI,0001538263,6035,"Savings Institution, Federally Chartered"
HTBK,0001053352,6022,State Commercial Banks
HTCO,0001928948,4412,Deep Sea Foreign Transportation of  Freight
HTCR,0001892322,7374,Services-Computer Processing & Data Preparation
HTFL,0001464521,3841,Surgical & Medical Instruments & Apparatus
HTH,0001265131,6022,State Commercial Banks
HTLD,0000799233,4213,Trucking (No Local)
HTLF,0000920112,6022,State Commercial Banks
HTLM,0002023153,5712,Retail-Furniture Stores
HTO,0000766829,4941,Water Supply
HTOO,0001819794,3590,Misc Industrial & Commercial Machinery & Equipment
HTZ,0001657853,7510,Services-Auto Rental & Leasing (No Drivers)
HUBB,0000048898,3670,Electronic Components & Accessories
HUBC,0001905660,3576,Computer Communications Equipment
HUBG,0000940942,4731,Arrangement of  Transportation of  Freight & Cargo
HUBS,0001404655,7372,Services-Prepackaged Software
HUCK,0001505952,7372,Services-Prepackaged Software
HUDI,0001791725,3317,Steel Pipe & Tubes
HUHU,0001945415,3360,Nonferrous Foundries (Castings)
HUIZ,0001778982,6411,"Insurance Agents, Brokers & Service"
HUM,0000049071,6324,Hospital & Medical Service Plans
HUMA,0001818382,2836,"Biological Products, (No Diagnostic Substances)"
HUN,0001307954,2800,Chemicals & Allied Products
HURA,0001498382,2834,Pharmaceutical Preparations
HURC,0000315374,3823,"Industrial Instruments For Measurement, Display, and Control"
HURN,0001289848,8742,Services-Management Consulting Services
HUSA,0001156041,1311,Crude Petroleum & Natural Gas
HUT,0001964789,6199,Finance Services
HVII,0001846416,4911,Electric Services
HVMC,0002070602,6770,Blank Checks
HVT,0000216085,5712,Retail-Furniture Stores
HVT.A,0000216085,5712,Retail-Furniture Stores
HWBK,0000893847,6021,National Commercial Banks
HWC,0000750577,6022,State Commercial Banks
HWCPZ,0000750577,6022,State Commercial Banks
HWH,0001897245,5122,"Wholesale-Drugs, Proprietaries & Druggists' Sundries"
HWKN,0000046250,5160,Wholesale-Chemicals & Allied Products
HWM,0000004281,3350,Rolling Drawing & Extruding of  Nonferrous Metals
HXHX,0001936817,4210,Trucking & Courier Services (No Air)
HXL,0000717605,2821,"Plastic Materials, Synth Resins & Nonvulcan Elastomers"
HY,0001173514,3537,"Industrial Trucks, Tractors, Trailors & Stackers"
HYAC,0001970509,6770,Blank Checks
HYFM,0001695295,5190,Wholesale-Miscellaneous Nondurable Goods
HYFT,0001715925,2834,Pharmaceutical Preparations
HYLN,0001759631,3713,Truck & Bus Bodies
HYMC,0001718405,1040,Gold and Silver Ores
HYNE,0002073153,6036,"Savings Institutions, Not Federally Chartered"
HYPD,0001682639,6199,Finance Services
HYPR,0001833769,3845,Electromedical & Electrotherapeutic Apparatus
HYZN,0001716583,3620,Electrical Industrial Apparatus
HZO,0001057060,5531,Retail-Auto & Home Supply Stores
IA,0000836690,7371,Services-Computer Programming Services
IAC,0001800227,7370,"Services-Computer Programming, Data Processing, Etc."
IACO,0002091176,6770,Blank Checks
IACQ,0002122505,6770,Blank Checks
IAG,0001203464,1040,Gold and Silver Ores
IART,0000917520,3841,Surgical & Medical Instruments & Apparatus
IAS,0001842718,7370,"Services-Computer Programming, Data Processing, Etc."
IAUX,0001853962,1040,Gold and Silver Ores
IBAC,0001998781,8731,Services-Commercial Physical & Biological Research
IBCP,0000039311,6022,State Commercial Banks
IBEX,0001720420,7374,Services-Computer Processing & Data Preparation
IBG,0001924482,2080,Beverages
IBIO,0001420720,2834,Pharmaceutical Preparations
IBKR,0001381197,6211,"Security Brokers, Dealers & Flotation Companies"
IBM,0000051143,3570,Computer & office Equipment
IBO,0001834105,2834,Pharmaceutical Preparations
IBOC,0000315709,6022,State Commercial Banks
IBP,0001580905,1520,General Bldg Contractors - Residential Bldgs
IBRX,0001326110,2836,"Biological Products, (No Diagnostic Substances)"
IBTA,0001538379,7310,Services-Advertising
IBTX,0001564618,6022,State Commercial Banks
ICAD,0000749660,3841,Surgical & Medical Instruments & Apparatus
ICCC,0000811641,2835,In Vitro & In Vivo Diagnostic Substances
ICCH,0001681903,6331,"Fire, Marine & Casualty Insurance"
ICCM,0001584371,3841,Surgical & Medical Instruments & Apparatus
ICCT,0001906133,7372,Services-Prepackaged Software
ICE,0001571949,6200,"Security & Commodity Brokers, Dealers, Exchanges & Services"
ICFI,0001362004,8742,Services-Management Consulting Services
ICHR,0001652535,3674,Semiconductors & Related Devices
ICL,0000941221,2870,Agricultural Chemicals
ICLR,0001060955,8731,Services-Commercial Physical & Biological Research
ICON,0001995574,4412,Deep Sea Foreign Transportation of  Freight
ICU,0001831868,3841,Surgical & Medical Instruments & Apparatus
ICUI,0000883984,3841,Surgical & Medical Instruments & Apparatus
IDA,0001057877,4911,Electric Services
IDAC,0002090441,6770,Blank Checks
IDAI,0001718939,7372,Services-Prepackaged Software
IDCC,0001405495,6794,Patent Owners & Lessors
IDN,0001040896,7372,Services-Prepackaged Software
IDR,0001030192,1040,Gold and Silver Ores
IDT,0001005731,4813,Telephone Communications (No Radiotelephone)
IDXX,0000874716,2835,In Vitro & In Vivo Diagnostic Substances
IDYA,0001676725,2834,Pharmaceutical Preparations
IE,0001879016,1000,Metal Mining
IEAG,0002084396,6770,Blank Checks
IEP,0000813762,2911,Petroleum Refining
IESC,0001048268,1731,Electrical Work
IEX,0000832101,3561,Pumps & Pumping Equipment
IFBD,0001815566,7372,Services-Prepackaged Software
IFF,0000051253,2860,Industrial Organic Chemicals
IFRX,0001708688,2834,Pharmaceutical Preparations
IFS,0001615903,6029,"Commercial Banks, NEC"
IGAC,0002075068,6770,Blank Checks
IGC,0001326205,2834,Pharmaceutical Preparations
IGIC,0001794338,6399,"Insurance Carriers, NEC"
IGMS,0001496323,2834,Pharmaceutical Preparations
IGT,0001619762,7990,Services-Miscellaneous Amusement & Recreation
IGTA,0001866838,6770,Blank Checks
IHRT,0001400891,4832,Radio Broadcasting Stations
IHS,0001876183,4812,Radiotelephone Communications
IHT,0000082473,6798,Real Estate Investment Trusts
III,0001371489,8742,Services-Management Consulting Services
IIIN,0000764401,3310,"Steel Works, Blast Furnaces & Rolling & Finishing Mills"
IIIV,0001728688,7372,Services-Prepackaged Software
IINN,0001837493,3841,Surgical & Medical Instruments & Apparatus
IIPR,0001677576,6500,Real Estate
IKNA,0001835579,2836,"Biological Products, (No Diagnostic Substances)"
IKT,0001750149,2836,"Biological Products, (No Diagnostic Substances)"
ILAG,0001814963,2540,"Partitions, Shelvg, Lockers, & of fice & Store Fixtures"
ILLR,0001769624,6282,Investment Advice
ILLU,0002101135,6770,Blank Checks
ILMN,0001110803,3826,Laboratory Analytical Instruments
IMA,0001835579,2836,"Biological Products, (No Diagnostic Substances)"
IMAX,0000921582,3861,Photographic Equipment & Supplies
IMC,0002098395,1000,Metal Mining
IMCC,0001792030,2833,Medicinal Chemicals & Botanical Products
IMDX,0001642380,2835,In Vitro & In Vivo Diagnostic Substances
IMG,0001527613,5900,Retail-Miscellaneous Retail
IMKTA,0000076267,3728,"Aircraft Parts & Auxiliary Equipment, NEC"
IMMP,0001506184,2834,Pharmaceutical Preparations
IMMR,0001058811,3577,"Computer Peripheral Equipment, NEC"
IMMX,0001873835,2834,Pharmaceutical Preparations
IMNM,0001472012,2834,Pharmaceutical Preparations
IMNN,0000749647,2834,Pharmaceutical Preparations
IMO,0000049938,2911,Petroleum Refining
IMPP,0001876581,4412,Deep Sea Foreign Transportation of  Freight
IMPPP,0001876581,4412,Deep Sea Foreign Transportation of  Freight
IMRX,0001790340,2834,Pharmaceutical Preparations
IMSR,0002019804,3443,Fabricated Plate Work (Boiler Shops)
IMTE,0001668438,3651,Household Audio & Video Equipment
IMTX,0001809196,2836,"Biological Products, (No Diagnostic Substances)"
IMUX,0001280776,2834,Pharmaceutical Preparations
IMVT,0001764013,2836,"Biological Products, (No Diagnostic Substances)"
IMXI,0001683695,7389,"Services-Business Services, NEC"
INAB,0001740279,2836,"Biological Products, (No Diagnostic Substances)"
INAC,0002063816,6770,Blank Checks
INAQ,0001862463,6794,Patent Owners & Lessors
INBK,0001562463,6022,State Commercial Banks
INBKZ,0001562463,6022,State Commercial Banks
INBS,0001725430,3841,Surgical & Medical Instruments & Apparatus
INBX,0002007919,2836,"Biological Products, (No Diagnostic Substances)"
INCR,0001857030,2834,Pharmaceutical Preparations
INCY,0000879169,8731,Services-Commercial Physical & Biological Research
INDB,0000776901,6022,State Commercial Banks
INDI,0001841925,3674,Semiconductors & Related Devices
INDO,0001757840,1311,Crude Petroleum & Natural Gas
INDP,0001857044,2834,Pharmaceutical Preparations
INDV,0001625297,2834,Pharmaceutical Preparations
INEO,0001933951,5010,Wholesale-Motor Vehicles & Motor Vehicle Parts & Supplies
INFA,0001868778,7372,Services-Prepackaged Software
INFN,0001138639,3661,Telephone & Telegraph Apparatus
INFQ,0002007825,7374,Services-Computer Processing & Data Preparation
INFU,0001337013,3841,Surgical & Medical Instruments & Apparatus
INGM,0001897762,5045,Wholesale-Computers & Peripheral Equipment & Software
INGN,0001294133,3842,"Orthopedic, Prosthetic & Surgical Appliances & Supplies"
INGR,0001046257,2040,Grain Mill Products
INHD,0001961847,5990,"Retail-Retail Stores, NEC"
INIO,0002109150,3621,Motors & Generators
INKT,0001840229,2836,"Biological Products, (No Diagnostic Substances)"
INLF,0001991592,3569,"General Industrial Machinery & Equipment, NEC"
INLX,0001081745,7372,Services-Prepackaged Software
INM,0001728328,2834,Pharmaceutical Preparations
INMB,0001711754,2836,"Biological Products, (No Diagnostic Substances)"
INMD,0001742692,3845,Electromedical & Electrotherapeutic Apparatus
INN,0001497645,6798,Real Estate Investment Trusts
INNV,0001834376,8000,Services-Health Services
INO,0001055726,2834,Pharmaceutical Preparations
INOD,0000903651,7374,Services-Computer Processing & Data Preparation
INR,0002029118,1311,Crude Petroleum & Natural Gas
INSE,0001615063,7372,Services-Prepackaged Software
INSG,0001022652,3669,"Communications Equipment, NEC"
INSM,0001104506,2834,Pharmaceutical Preparations
INSP,0001609550,3841,Surgical & Medical Instruments & Apparatus
INST,0001841804,7372,Services-Prepackaged Software
INSW,0001679049,4400,Water Transportation
INTA,0001565687,7372,Services-Prepackaged Software
INTC,0000050863,3674,Semiconductors & Related Devices
INTE,0001850262,6770,Blank Checks
INTG,0000069422,6513,Operators of  Apartment Buildings
INTJ,0001916416,8742,Services-Management Consulting Services
INTR,0001864163,6029,"Commercial Banks, NEC"
INTS,0001567264,2836,"Biological Products, (No Diagnostic Substances)"
INTT,0001036262,3825,Instruments For Meas & Testing of  Electricity & Elec Signals
INTU,0000896878,7372,Services-Prepackaged Software
INTZ,0000736012,3576,Computer Communications Equipment
INUV,0000829323,7310,Services-Advertising
INV,0002001557,6770,Blank Checks
INVA,0001080014,2834,Pharmaceutical Preparations
INVE,0001036044,3577,"Computer Peripheral Equipment, NEC"
INVH,0001687229,6510,Real Estate Operators (No Developers) & Lessors
INVO,0001417926,3841,Surgical & Medical Instruments & Apparatus
INVX,0001042893,3533,Oil & Gas Field Machinery & Equipment
INVZ,0001835654,3714,Motor Vehicle Parts & Accessories
INZY,0001693011,2834,Pharmaceutical Preparations
IOBT,0001865494,2834,Pharmaceutical Preparations
IOND,0002007691,6199,Finance Services
IONQ,0001824920,7373,Services-Computer Integrated Systems Design
IONS,0000874015,2834,Pharmaceutical Preparations
IOR,0000949961,6798,Real Estate Investment Trusts
IOSP,0001054905,2800,Chemicals & Allied Products
IOT,0001642896,7373,Services-Computer Integrated Systems Design
IOTR,0001997637,4899,"Communications Services, NEC"
IOVA,0001425205,2836,"Biological Products, (No Diagnostic Substances)"
IP,0000051434,2621,Paper Mills
IPA,0001715925,2834,Pharmaceutical Preparations
IPAR,0000822663,2844,"Perfumes, Cosmetics & Other Toilet Preparations"
IPCX,0002012318,6770,Blank Checks
IPDN,0001546296,7370,"Services-Computer Programming, Data Processing, Etc."
IPEX,0002028355,6770,Blank Checks
IPFX,0002102041,6770,Blank Checks
IPG,0000051644,7311,Services-Advertising Agencies
IPGP,0001111928,3674,Semiconductors & Related Devices
IPI,0001421461,1400,Mining & Quarrying of  Nonmetallic Minerals (No Fuels)
IPM,0001355839,7370,"Services-Computer Programming, Data Processing, Etc."
IPOD,0002041047,6770,Blank Checks
IPSC,0001850119,2836,"Biological Products, (No Diagnostic Substances)"
IPST,0001788230,2080,Beverages
IPVV,0002105274,6770,Blank Checks
IPW,0001830072,5200,"Retail-Building Materials, Hardware, Garden Supply"
IPWR,0001507957,3674,Semiconductors & Related Devices
IPXG,0002088805,7373,Services-Computer Integrated Systems Design
IPXX,0001970622,1000,Metal Mining
IQST,0001527702,4813,Telephone Communications (No Radiotelephone)
IQV,0001478242,8731,Services-Commercial Physical & Biological Research
IR,0001699150,3560,General Industrial Machinery & Equipment
IRAB,0002077785,6770,Blank Checks
IRBT,0001159167,3630,Household Appliances
IRD,0001228627,2834,Pharmaceutical Preparations
IRDM,0001418819,4899,"Communications Services, NEC"
IREN,0001878848,6199,Finance Services
IRHO,0002051985,7389,"Services-Business Services, NEC"
IRIX,0001006045,3845,Electromedical & Electrotherapeutic Apparatus
IRM,0001020569,6798,Real Estate Investment Trusts
IRMD,0001325618,3841,Surgical & Medical Instruments & Apparatus
IROH,0001901203,2000,Food and Kindred Products
IRON,0001816736,2834,Pharmaceutical Preparations
IROQ,0001514743,6035,"Savings Institution, Federally Chartered"
IRS,0000933267,6552,Land Subdividers & Developers (No Cemeteries)
IRT,0001466085,6798,Real Estate Investment Trusts
IRTC,0001388658,3841,Surgical & Medical Instruments & Apparatus
IRWD,0001446847,2834,Pharmaceutical Preparations
ISBA,0000842517,6022,State Commercial Banks
ISDR,0000843006,8742,Services-Management Consulting Services
ISNR,0002123475,6770,Blank Checks
ISOU,0001997377,1090,Miscellaneous Metal Ores
ISPC,0001558569,8731,Services-Commercial Physical & Biological Research
ISPO,0001820566,6770,Blank Checks
ISPR,0001948455,2111,Cigarettes
ISRG,0001035267,3842,"Orthopedic, Prosthetic & Surgical Appliances & Supplies"
ISRL,0001915328,6770,Blank Checks
ISSC,0000836690,7371,Services-Computer Programming Services
ISTR,0001602658,6022,State Commercial Banks
IT,0000749251,8741,Services-Management Services
ITCI,0001567514,2834,Pharmaceutical Preparations
ITG,0002110117,1623,"Water, Sewer, Pipeline, Comm & Power Line Construction"
ITGR,0001114483,3845,Electromedical & Electrotherapeutic Apparatus
ITHA,0002080985,6770,Blank Checks
ITI,0000350868,3669,"Communications Equipment, NEC"
ITIC,0000720858,6361,Title Insurance
ITOC,0001970544,3845,Electromedical & Electrotherapeutic Apparatus
ITOS,0001808865,2836,"Biological Products, (No Diagnostic Substances)"
ITP,0001358190,2670,Converted Paper & Paperboard Prods (No Contaners/Boxes)
ITRG,0001722387,1040,Gold and Silver Ores
ITRI,0000780571,3825,Instruments For Meas & Testing of  Electricity & Elec Signals
ITRM,0001659323,2834,Pharmaceutical Preparations
ITRN,0001337117,5065,"Wholesale-Electronic Parts & Equipment, NEC"
ITT,0000216228,3561,Pumps & Pumping Equipment
ITUB,0001132597,6022,State Commercial Banks
ITW,0000049826,3560,General Industrial Machinery & Equipment
IVAC,0001001902,3559,"Special Industry Machinery, NEC"
IVCA,0001852889,6770,Blank Checks
IVCB,0001857410,6770,Blank Checks
IVCP,0001845123,1311,Crude Petroleum & Natural Gas
IVDA,0001397183,7372,Services-Prepackaged Software
IVF,0001417926,3841,Surgical & Medical Instruments & Apparatus
IVP,0001939365,0700,Agricultural Services
IVR,0001437071,6798,Real Estate Investment Trusts
IVT,0001307748,6798,Real Estate Investment Trusts
IVVD,0001832038,2836,"Biological Products, (No Diagnostic Substances)"
IVZ,0000914208,6282,Investment Advice
IX,0001070304,6159,Miscellaneous Business Credit Institution
IXAQ,0001852019,4899,"Communications Services, NEC"
IXHL,0001873875,2834,Pharmaceutical Preparations
IZEA,0001495231,7310,Services-Advertising
IZM,0001854572,5731,"Retail-Radio, Tv & Consumer Electronics Stores"
IZTC,0002010788,2836,"Biological Products, (No Diagnostic Substances)"
J,0000052988,1600,Heavy Construction Other Than Bldg Const - Contractors
JACK,0000807882,5812,Retail-Eating  Places
JACS,0002039058,6770,Blank Checks
JAGU,0002039273,1000,Metal Mining
JAGX,0001585608,2834,Pharmaceutical Preparations
JAKK,0001009829,3944,"Games, Toys & Children's Vehicles (No Dolls & Bicycles)"
JAMF,0001721947,7372,Services-Prepackaged Software
JAN,0002100805,6798,Real Estate Investment Trusts
JANX,0001817713,2834,Pharmaceutical Preparations
JATT,0002112446,6770,Blank Checks
JAZZ,0001232524,2834,Pharmaceutical Preparations
JBDI,0001964314,3412,"Metal Shipping Barrels, Drums, Kegs & Pails"
JBGS,0001689796,6798,Real Estate Investment Trusts
JBHT,0000728535,4213,Trucking (No Local)
JBI,0001839839,3442,"Metal Doors, Sash, Frames, Moldings & Trim"
JBIO,0001798749,2834,Pharmaceutical Preparations
JBL,0000898293,3672,Printed Circuit Boards
JBLU,0001158463,4512,"Air Transportation, Scheduled"
JBS,0001791942,2011,Meat Packing Plants
JBSS,0000880117,2060,Sugar & Confectionery Products
JBT,0001433660,3550,Special Industry Machinery (No Metalworking Machinery)
JBTM,0001433660,3550,Special Industry Machinery (No Metalworking Machinery)
JCAP,0002046042,6153,Short-Term Business Credit Institutions
JCI,0000833444,3585,Air-Cond & Warm Air Heatg Equip & Comm & Indl Refrig Equip
JCSE,0001905511,3990,Miscellaneous Manufacturing Industries
JCTC,0000885307,5211,Retail-Lumber & Other Building Materials Dealers
JCTCF,0000885307,5211,Retail-Lumber & Other Building Materials Dealers
JDZG,0001976908,8200,Services-Educational Services
JEF,0000096223,6211,"Security Brokers, Dealers & Flotation Companies"
JELD,0001674335,2430,"Millwood, Veneer, Plywood, & Structural Wood Members"
JEM,0002018222,5600,Retail-Apparel & Accessory Stores
JENA,0002060337,6770,Blank Checks
JFBR,0001885408,5900,Retail-Miscellaneous Retail
JHG,0001274173,6282,Investment Advice
JHX,0001159152,3272,"Concrete Products, Except Block & Brick"
JILL,0001687932,2330,"Women's, Misses':  and Juniors Outerwear"
JJSF,0000785956,2052,Cookies & Crackers
JKHY,0000779152,7373,Services-Computer Integrated Systems Design
JL,0001948436,5600,Retail-Apparel & Accessory Stores
JLHL,0002007846,8711,Services-Engineering Services
JLL,0001037976,6531,Real Estate Agents & Managers (For Others)
JMG,0002049717,5090,Wholesale-Misc Durable Goods
JMKE,0002127043,5812,Retail-Eating  Places
JMSB,0001710482,6022,State Commercial Banks
JNJ,0000200406,2834,Pharmaceutical Preparations
JNPR,0001043604,3576,Computer Communications Equipment
JNVR,0001805526,6199,Finance Services
JOB,0000040570,7361,Services-Employment Agencies
JOBY,0001819848,3721,Aircraft
JOE,0000745308,6552,Land Subdividers & Developers (No Cemeteries)
JONE,0002129056,6770,Blank Checks
JOUT,0000788329,3949,"Sporting & Athletic Goods, NEC"
JPM,0000019617,6021,National Commercial Banks
JRSH,0001696558,2300,Apparel & Other Finishd Prods of  Fabrics & Similar Matl
JRVR,0001620459,6331,"Fire, Marine & Casualty Insurance"
JSM,0001593538,6211,"Security Brokers, Dealers & Flotation Companies"
JSPR,0001788028,2836,"Biological Products, (No Diagnostic Substances)"
JTAI,0001861622,4522,"Air Transportation, Nonscheduled"
JTTT,0002145659,6770,Blank Checks
JUNE,0001897087,8742,Services-Management Consulting Services
JUNS,0001679628,2834,Pharmaceutical Preparations
JVA,0001007019,2090,Miscellaneous Food Preparations & Kindred Products
JVSA,0001866001,6770,Blank Checks
JWEL,0001805594,5960,Retail-Nonstore Retailers
JWN,0000072333,5651,Retail-Family Clothing Stores
JWSM,0001831359,6770,Blank Checks
JXG,0001546383,5000,Wholesale-Durable Goods
JXJT,0001546383,5000,Wholesale-Durable Goods
JXN,0001822993,6311,Life Insurance
JYD,0001938186,4731,Arrangement of  Transportation of  Freight & Cargo
JYNT,0001612630,6794,Patent Owners & Lessors
JZ,0001852440,8200,Services-Educational Services
JZXN,0001816172,5500,Retail-Auto Dealers & Gasoline Stations
K,0000055067,2040,Grain Mill Products
KACL,0001865468,6770,Blank Checks
KAI,0000886346,3550,Special Industry Machinery (No Metalworking Machinery)
KALA,0001479419,2834,Pharmaceutical Preparations
KALU,0000811596,3350,Rolling Drawing & Extruding of  Nonferrous Metals
KALV,0001348911,2834,Pharmaceutical Preparations
KAPA,0001962011,2834,Pharmaceutical Preparations
KAR,0001395942,5500,Retail-Auto Dealers & Gasoline Stations
KARD,0002123613,2834,Pharmaceutical Preparations
KARO,0001828102,7372,Services-Prepackaged Software
KAVL,0001762239,5960,Retail-Nonstore Retailers
KAZR,0002031009,1700,Construction - Special Trade Contractors
KBH,0000795266,1531,Operative Builders
KBON,0002088749,6770,Blank Checks
KBR,0001357615,1600,Heavy Construction Other Than Bldg Const - Contractors
KBSX,0002014254,3949,"Sporting & Athletic Goods, NEC"
KCHV,0002053799,6770,Blank Checks
KD,0001867072,7373,Services-Computer Integrated Systems Design
KDK,0001853138,7373,Services-Computer Integrated Systems Design
KDLY,0001946573,6199,Finance Services
KDP,0001418135,2080,Beverages
KE,0001606757,3672,Printed Circuit Boards
KEEL,0001812477,6199,Finance Services
KELYA,0000055135,7363,Services-Help Supply Services
KELYB,0000055135,7363,Services-Help Supply Services
KEN,0001611005,4911,Electric Services
KEQU,0000055529,3821,Laboratory Apparatus & Furniture
KEX,0000056047,4400,Water Transportation
KEY,0000091576,6021,National Commercial Banks
KEYS,0001601046,3823,"Industrial Instruments For Measurement, Display, and Control"
KEYY,0002102771,6770,Blank Checks
KFFB,0001297341,6035,"Savings Institution, Federally Chartered"
KFII,0002029976,6770,Blank Checks
KFRC,0000930420,7363,Services-Help Supply Services
KFS,0001072627,6331,"Fire, Marine & Casualty Insurance"
KFY,0000056679,7361,Services-Employment Agencies
KG,0002055116,6331,"Fire, Marine & Casualty Insurance"
KGC,0000701818,1040,Gold and Silver Ores
KGEI,0001477081,1311,Crude Petroleum & Natural Gas
KGS,0001767042,4922,Natural Gas Transmission
KHC,0001637459,2030,"Canned, Frozen & Preservd Fruit, Veg & Food Specialties"
KIDS,0001425450,3841,Surgical & Medical Instruments & Apparatus
KIDZ,0002022308,8200,Services-Educational Services
KIM,0000879101,6798,Real Estate Investment Trusts
KIND,0001846069,7370,"Services-Computer Programming, Data Processing, Etc."
KINS,0000033992,6331,"Fire, Marine & Casualty Insurance"
KIRK,0001056285,5990,"Retail-Retail Stores, NEC"
KITT,0001849820,3569,"General Industrial Machinery & Equipment, NEC"
KKR,0001404912,6282,Investment Advice
KLAC,0000319201,3827,Optical Instruments & Lenses
KLAR,0002003292,6199,Finance Services
KLC,0001873529,8351,Services-Child Day Care Services
KLG,0001959348,2040,Grain Mill Products
KLIC,0000056978,3674,Semiconductors & Related Devices
KLRA,0002096997,2834,Pharmaceutical Preparations
KLRS,0001754068,2836,"Biological Products, (No Diagnostic Substances)"
KLTO,0001907223,2836,"Biological Products, (No Diagnostic Substances)"
KLTR,0001432133,7372,Services-Prepackaged Software
KLXE,0001738827,1389,"Oil & Gas Field Services, NEC"
KMB,0000055785,2670,Converted Paper & Paperboard Prods (No Contaners/Boxes)
KMDA,0001567529,2834,Pharmaceutical Preparations
KMI,0001506307,4922,Natural Gas Transmission
KMPR,0000860748,6331,"Fire, Marine & Casualty Insurance"
KMRK,0002049187,3944,"Games, Toys & Children's Vehicles (No Dolls & Bicycles)"
KMT,0000055242,3541,"Machine Tools, Metal Cutting Types"
KMTS,0001877184,3841,Surgical & Medical Instruments & Apparatus
KMX,0001170010,5500,Retail-Auto Dealers & Gasoline Stations
KN,0001587523,3651,Household Audio & Video Equipment
KNDI,0001720250,3714,Motor Vehicle Parts & Accessories
KNF,0001955520,1400,Mining & Quarrying of  Nonmetallic Minerals (No Fuels)
KNOP,0001564180,4400,Water Transportation
KNRX,0001982960,7370,"Services-Computer Programming, Data Processing, Etc."
KNSA,0001730430,2834,Pharmaceutical Preparations
KNSL,0001669162,6331,"Fire, Marine & Casualty Insurance"
KNTK,0001692787,4922,Natural Gas Transmission
KNW,0001074828,6199,Finance Services
KNX,0001492691,4213,Trucking (No Local)
KO,0000021344,2080,Beverages
KOD,0001468748,2836,"Biological Products, (No Diagnostic Substances)"
KODK,0000031235,3861,Photographic Equipment & Supplies
KOP,0001315257,2400,Lumber & Wood Products (No Furniture)
KOPN,0000771266,3674,Semiconductors & Related Devices
KORE,0001855457,4899,"Communications Services, NEC"
KOS,0001509991,1311,Crude Petroleum & Natural Gas
KOSS,0000056701,3651,Household Audio & Video Equipment
KOYN,0002068454,6770,Blank Checks
KPET,0002095297,6770,Blank Checks
KPLT,0001785424,7359,"Services-Equipment Rental & Leasing, NEC"
KPRX,0001372514,2834,Pharmaceutical Preparations
KPTI,0001503802,2834,Pharmaceutical Preparations
KR,0000056873,5411,Retail-Grocery Stores
KRAQ,0002082119,6770,Blank Checks
KRC,0001025996,6798,Real Estate Investment Trusts
KREF,0001631596,6798,Real Estate Investment Trusts
KRG,0001286043,6798,Real Estate Investment Trusts
KRKR,0001779476,7389,"Services-Business Services, NEC"
KRMD,0000704440,3841,Surgical & Medical Instruments & Apparatus
KRMN,0002040127,3728,"Aircraft Parts & Auxiliary Equipment, NEC"
KRNT,0001625791,3555,Printing Trades Machinery & Equipment
KRNY,0001617242,6035,"Savings Institution, Federally Chartered"
KRO,0001257640,2810,Industrial Inorganic Chemicals
KRON,0001741830,2834,Pharmaceutical Preparations
KROS,0001664710,2834,Pharmaceutical Preparations
KRP,0001657788,1311,Crude Petroleum & Natural Gas
KRRO,0001703647,2834,Pharmaceutical Preparations
KRSA,0001755237,2834,Pharmaceutical Preparations
KRSP,0002074872,6770,Blank Checks
KRT,0001758021,3089,"Plastics Products, NEC"
KRUS,0001772177,5812,Retail-Eating  Places
KRYS,0001711279,2836,"Biological Products, (No Diagnostic Substances)"
KSCP,0001600983,3669,"Communications Equipment, NEC"
KSS,0000885639,5311,Retail-Department Stores
KTB,0001760965,2320,"Men's & Boys' Furnishgs, Work Clothg, & Allied Garments"
KTCC,0000719733,3672,Printed Circuit Boards
KTOS,0001069258,3760,Guided Missiles & Space Vehicles & Parts
KTRA,0001498382,2834,Pharmaceutical Preparations
KTTA,0001841330,2834,Pharmaceutical Preparations
KTWO,0002086524,6770,Blank Checks
KULR,0001662684,3670,Electronic Components & Accessories
KURA,0001422143,2834,Pharmaceutical Preparations
KUST,0001342958,3663,Radio & Tv Broadcasting & Communications Equipment
KVAC,0001889983,6770,Blank Checks
KVHI,0001007587,4899,"Communications Services, NEC"
KVUE,0001944048,2844,"Perfumes, Cosmetics & Other Toilet Preparations"
KVYO,0001835830,7372,Services-Prepackaged Software
KW,0001408100,6500,Real Estate
KWE,0001889823,7372,Services-Prepackaged Software
KWR,0000081362,2990,Miscellaneous Products of  Petroleum & Coal
KWY,0001072627,6331,"Fire, Marine & Casualty Insurance"
KXIN,0001713539,5500,Retail-Auto Dealers & Gasoline Stations
KYIV,0002062440,4812,Radiotelephone Communications
KYMR,0001815442,2836,"Biological Products, (No Diagnostic Substances)"
KYNB,0000921299,2834,Pharmaceutical Preparations
KYTX,0001994702,2836,"Biological Products, (No Diagnostic Substances)"
KZIA,0001075880,2834,Pharmaceutical Preparations
KZR,0001645666,2834,Pharmaceutical Preparations
L,0000060086,6331,"Fire, Marine & Casualty Insurance"
LAAC,0001440972,1000,Metal Mining
LAB,0001162194,2834,Pharmaceutical Preparations
LABT,0002079272,2834,Pharmaceutical Preparations
LAC,0001966983,1000,Metal Mining
LAD,0001023128,5500,Retail-Auto Dealers & Gasoline Stations
LADR,0001577670,6798,Real Estate Investment Trusts
LAES,0001951222,3674,Semiconductors & Related Devices
LAFA,0002079106,6770,Blank Checks
LAKE,0000798081,3842,"Orthopedic, Prosthetic & Surgical Appliances & Supplies"
LAMR,0001090425,6798,Real Estate Investment Trusts
LANC,0000057515,2030,"Canned, Frozen & Preservd Fruit, Veg & Food Specialties"
LAND,0001495240,6798,Real Estate Investment Trusts
LANDO,0001495240,6798,Real Estate Investment Trusts
LANV,0001922097,2300,Apparel & Other Finishd Prods of  Fabrics & Similar Matl
LAR,0001440972,1000,Metal Mining
LARK,0001141688,6021,National Commercial Banks
LASE,0001807887,3690,"Miscellaneous Electrical Machinery, Equipment & Supplies"
LASR,0001124796,3674,Semiconductors & Related Devices
LATA,0002076427,6770,Blank Checks
LATG,0001868269,6770,Blank Checks
LAUR,0000912766,8200,Services-Educational Services
LAW,0001625641,7372,Services-Prepackaged Software
LAZ,0001311370,6282,Investment Advice
LAZR,0001758057,3714,Motor Vehicle Parts & Accessories
LB,0001995807,6792,Oil Royalty Traders
LBGJ,0001896425,3580,Refrigeration & Service Industry Machinery
LBPH,0001832168,2834,Pharmaceutical Preparations
LBRDA,0001611983,4841,Cable & Other Pay Television Services
LBRDK,0001611983,4841,Cable & Other Pay Television Services
LBRT,0001694028,1389,"Oil & Gas Field Services, NEC"
LBRX,0001691082,2834,Pharmaceutical Preparations
LBTYA,0001570585,4841,Cable & Other Pay Television Services
LBTYB,0001570585,4841,Cable & Other Pay Television Services
LBTYK,0001570585,4841,Cable & Other Pay Television Services
LC,0001409970,6141,Personal Credit Institutions
LCCC,0002049248,6770,Blank Checks
LCFY,0001875547,7370,"Services-Computer Programming, Data Processing, Etc."
LCID,0001811210,3711,Motor Vehicles & Passenger Car Bodies
LCII,0000763744,3714,Motor Vehicle Parts & Accessories
LCLN,0001925283,6282,Investment Advice
LCNB,0001074902,6021,National Commercial Banks
LCTX,0000876343,2836,"Biological Products, (No Diagnostic Substances)"
LCUT,0000874396,3420,"Cutlery, Handtools & General Hardware"
LCW,0001847577,6770,Blank Checks
LDI,0001831631,6199,Finance Services
LDOS,0001336920,7373,Services-Computer Integrated Systems Design
LDTC,0001981462,7372,Services-Prepackaged Software
LDWY,0000875355,0100,Agricultural Production-Crops
LE,0000799288,5651,Retail-Family Clothing Stores
LEA,0000842162,3714,Motor Vehicle Parts & Accessories
LECO,0000059527,3540,Metalworkg Machinery & Equipment
LEDS,0001333822,3674,Semiconductors & Related Devices
LEE,0000058361,2711,Newspapers: Publishing or  Publishing & Printing
LEG,0000058492,2510,Household Furniture
LEGH,0001436208,2451,Mobile Homes
LEGO,0002087450,6770,Blank Checks
LEGT,0002002038,6770,Blank Checks
LEN,0000920760,1520,General Bldg Contractors - Residential Bldgs
LEN.B,0000920760,1520,General Bldg Contractors - Residential Bldgs
LENZ,0001815776,2836,"Biological Products, (No Diagnostic Substances)"
LESL,0001821806,5990,"Retail-Retail Stores, NEC"
LEU,0001065059,1400,Mining & Quarrying of  Nonmetallic Minerals (No Fuels)
LEV,0001834974,3711,Motor Vehicles & Passenger Car Bodies
LEVI,0000094845,2300,Apparel & Other Finishd Prods of  Fabrics & Similar Matl
LEXX,0001348362,2834,Pharmaceutical Preparations
LFAC,0002084563,6770,Blank Checks
LFCR,0001005286,2834,Pharmaceutical Preparations
LFLY,0001785592,7372,Services-Prepackaged Software
LFMD,0000948320,8011,Services-Offices & Clinics of  Doctors of  Medicine
LFST,0001845257,8000,Services-Health Services
LFT,0001547546,6798,Real Estate Investment Trusts
LFTO,0001850351,7374,Services-Computer Processing & Data Preparation
LFUS,0000889331,3613,Switchgear & Switchboard Apparatus
LFVN,0000849146,2834,Pharmaceutical Preparations
LFWD,0001607962,3842,"Orthopedic, Prosthetic & Surgical Appliances & Supplies"
LGCB,0001969401,5961,Retail-Catalog & Mail-Order Houses
LGCL,0001954694,7370,"Services-Computer Programming, Data Processing, Etc."
LGCY,0001836754,8200,Services-Educational Services
LGF.A,0000929351,7812,Services-Motion Picture & Video Tape Production
LGF.B,0000929351,7812,Services-Motion Picture & Video Tape Production
LGHL,0001806524,6211,"Security Brokers, Dealers & Flotation Companies"
LGIH,0001580670,1531,Operative Builders
LGL,0000061004,3679,"Electronic Components, NEC"
LGMK,0001566826,3842,"Orthopedic, Prosthetic & Surgical Appliances & Supplies"
LGN,0002052568,1700,Construction - Special Trade Contractors
LGND,0000886163,2834,Pharmaceutical Preparations
LGO,0001400438,1400,Mining & Quarrying of  Nonmetallic Minerals (No Fuels)
LGPS,0002040290,1531,Operative Builders
LGTY,0000713425,7372,Services-Prepackaged Software
LGVN,0001721484,2834,Pharmaceutical Preparations
LH,0000920148,8071,Services-Medical Laboratories
LHAI,0002017758,6531,Real Estate Agents & Managers (For Others)
LHSW,0002004024,7372,Services-Prepackaged Software
LHX,0000202058,3812,"Search, Detection, Navigation, Guidance, Aeronautical Sys"
LICN,0001876766,8742,Services-Management Consulting Services
LICY,0001828811,4955,Hazardous Waste Management
LIDR,0001818644,3714,Motor Vehicle Parts & Accessories
LIF,0001581760,7374,Services-Computer Processing & Data Preparation
LIFE,0001788451,6411,"Insurance Agents, Brokers & Service"
LIFW,0001802450,7374,Services-Computer Processing & Data Preparation
LII,0001069202,3585,Air-Cond & Warm Air Heatg Equip & Comm & Indl Refrig Equip
LILA,0001712184,4841,Cable & Other Pay Television Services
LILAK,0001712184,4841,Cable & Other Pay Television Services
LILM,0001855756,3721,Aircraft
LIME,0001699963,7372,Services-Prepackaged Software
LIMN,0001971387,2836,"Biological Products, (No Diagnostic Substances)"
LIN,0001707925,2810,Industrial Inorganic Chemicals
LINC,0001286613,8200,Services-Educational Services
LIND,0001512499,4700,Transportation Services
LINE,0001868159,6798,Real Estate Investment Trusts
LINK,0000828146,3577,"Computer Peripheral Equipment, NEC"
LION,0002006191,7812,Services-Motion Picture & Video Tape Production
LIPO,0001347242,2834,Pharmaceutical Preparations
LIQT,0001307579,3590,Misc Industrial & Commercial Machinery & Equipment
LITB,0001523836,5961,Retail-Catalog & Mail-Order Houses
LITE,0001633978,3669,"Communications Equipment, NEC"
LITM,0001769697,1090,Miscellaneous Metal Ores
LITS,0001262104,2834,Pharmaceutical Preparations
LIVE,0001045742,5900,Retail-Miscellaneous Retail
LIVN,0001639691,3845,Electromedical & Electrotherapeutic Apparatus
LIXT,0001335105,2834,Pharmaceutical Preparations
LKCO,0001487839,7371,Services-Computer Programming Services
LKFN,0000721994,6022,State Commercial Banks
LKQ,0001065696,5010,Wholesale-Motor Vehicles & Motor Vehicle Parts & Supplies
LKSP,0002043508,6770,Blank Checks
LLAP,0001835512,3760,Guided Missiles & Space Vehicles & Parts
LLY,0000059478,2834,Pharmaceutical Preparations
LLYVA,0000869614,7812,Services-Motion Picture & Video Tape Production
LLYVK,0000869614,7812,Services-Motion Picture & Video Tape Production
LMAT,0001158895,3841,Surgical & Medical Instruments & Apparatus
LMB,0001606163,1700,Construction - Special Trade Contractors
LMFA,0001640384,6199,Finance Services
LMND,0001691421,6331,"Fire, Marine & Casualty Insurance"
LMNR,0001342423,0100,Agricultural Production-Crops
LMRI,0002071288,8071,Services-Medical Laboratories
LMT,0000936468,3760,Guided Missiles & Space Vehicles & Parts
LNAI,0001527728,2834,Pharmaceutical Preparations
LNC,0000059558,6311,Life Insurance
LNG,0000003570,4924,Natural Gas Distribution
LNKB,0001756701,6022,State Commercial Banks
LNKS,0001972074,3670,Electronic Components & Accessories
LNN,0000836157,3523,Farm Machinery & Equipment
LNSR,0001320350,3841,Surgical & Medical Instruments & Apparatus
LNT,0000352541,4931,Electric & Other Services Combined
LNTH,0001521036,2835,In Vitro & In Vivo Diagnostic Substances
LNW,0000750004,7373,Services-Computer Integrated Systems Design
LNZA,0001843724,2860,Industrial Organic Chemicals
LOAN,0001080340,6798,Real Estate Investment Trusts
LOAR,0002000178,3728,"Aircraft Parts & Auxiliary Equipment, NEC"
LOB,0001462120,6022,State Commercial Banks
LOBO,0001932072,3751,"Motorcycles, Bicycles & Parts"
LOCL,0001840780,0100,Agricultural Production-Crops
LOCO,0001606366,5812,Retail-Eating  Places
LODE,0001120970,2860,Industrial Organic Chemicals
LOGC,0001822250,5961,Retail-Catalog & Mail-Order Houses
LOGI,0001032975,3577,"Computer Peripheral Equipment, NEC"
LOKV,0002048951,5900,Retail-Miscellaneous Retail
LONA,0001620463,2836,"Biological Products, (No Diagnostic Substances)"
LOOP,0001504678,2800,Chemicals & Allied Products
LOPE,0001434588,8200,Services-Educational Services
LOVE,0001701758,5712,Retail-Furniture Stores
LOW,0000060667,5211,Retail-Lumber & Other Building Materials Dealers
LPA,0001997711,6500,Real Estate
LPAA,0002015502,6770,Blank Checks
LPBB,0002023676,3443,Fabricated Plate Work (Boiler Shops)
LPCN,0001535955,2834,Pharmaceutical Preparations
LPCV,0002083728,6770,Blank Checks
LPG,0001596993,4412,Deep Sea Foreign Transportation of  Freight
LPLA,0001397911,6200,"Security & Commodity Brokers, Dealers, Exchanges & Services"
LPRO,0001806201,6141,Personal Credit Institutions
LPSN,0001102993,7372,Services-Prepackaged Software
LPTH,0000889971,3674,Semiconductors & Related Devices
LPTX,0001509745,2834,Pharmaceutical Preparations
LPX,0000060519,2400,Lumber & Wood Products (No Furniture)
LQDA,0001819576,2834,Pharmaceutical Preparations
LQDT,0001235468,7389,"Services-Business Services, NEC"
LQR,0001843165,2080,Beverages
LRCX,0000707549,3559,"Special Industry Machinery, NEC"
LRHC,0001879403,6531,Real Estate Agents & Managers (For Others)
LRMR,0001374690,2834,Pharmaceutical Preparations
LRN,0001157408,8200,Services-Educational Services
LSAK,0001041514,6099,"Functions Related To Depository Banking, NEC"
LSB,0001946399,2834,Pharmaceutical Preparations
LSBK,0001341318,6035,"Savings Institution, Federally Chartered"
LSCC,0000855658,3674,Semiconductors & Related Devices
LSE,0001985139,3533,Oil & Gas Field Machinery & Equipment
LSEA,0001721386,1531,Operative Builders
LSF,0001650696,2000,Food and Kindred Products
LSH,0001996192,4731,Arrangement of  Transportation of  Freight & Cargo
LSPD,0001823306,7372,Services-Prepackaged Software
LSTA,0000320017,2834,Pharmaceutical Preparations
LSTR,0000853816,4213,Trucking (No Local)
LTBR,0001084554,2810,Industrial Inorganic Chemicals
LTC,0000887905,6798,Real Estate Investment Trusts
LTGO,0002056611,2834,Pharmaceutical Preparations
LTGR,0002104177,6770,Blank Checks
LTH,0001869198,7997,Services-Membership Sports & Recreation Clubs
LTRN,0001763950,2834,Pharmaceutical Preparations
LTRX,0001114925,3576,Computer Communications Equipment
LTRY,0001673481,7372,Services-Prepackaged Software
LUCD,0001799011,3841,Surgical & Medical Instruments & Apparatus
LUCK,0001840572,7900,Services-Amusement & Recreation Services
LUCY,0001808377,3851,Ophthalmic Goods
LUD,0001984124,3317,Steel Pipe & Tubes
LULU,0001397187,2300,Apparel & Other Finishd Prods of  Fabrics & Similar Matl
LUMN,0000018926,4813,Telephone Communications (No Radiotelephone)
LUMO,0001126234,2834,Pharmaceutical Preparations
LUNA,0001239819,8731,Services-Commercial Physical & Biological Research
LUNG,0001127537,3841,Surgical & Medical Instruments & Apparatus
LUNR,0001844452,3812,"Search, Detection, Navigation, Guidance, Aeronautical Sys"
LUV,0000092380,4512,"Air Transportation, Scheduled"
LUXH,0001893311,6500,Real Estate
LVLU,0001780201,5961,Retail-Catalog & Mail-Order Houses
LVO,0001491419,5812,Retail-Eating  Places
LVRO,0001945711,5900,Retail-Miscellaneous Retail
LVS,0001300514,7011,Hotels & Motels
LVTX,0001840748,2834,Pharmaceutical Preparations
LVWR,0001898795,3751,"Motorcycles, Bicycles & Parts"
LW,0001679273,2030,"Canned, Frozen & Preservd Fruit, Veg & Food Specialties"
LWAC,0002061379,6770,Blank Checks
LWAY,0000814586,2020,Dairy Products
LWLG,0001325964,3080,Miscellaneous Plastics Products
LXEH,0001814067,8200,Services-Educational Services
LXEO,0001907108,2836,"Biological Products, (No Diagnostic Substances)"
LXFR,0001096056,2810,Industrial Inorganic Chemicals
LXP,0000910108,6798,Real Estate Investment Trusts
LXRX,0001062822,2834,Pharmaceutical Preparations
LXU,0000060714,2810,Industrial Inorganic Chemicals
LYB,0001489393,2860,Industrial Organic Chemicals
LYEL,0001806952,2834,Pharmaceutical Preparations
LYFT,0001759509,7389,"Services-Business Services, NEC"
LYNX,0002132582,3812,"Search, Detection, Navigation, Guidance, Aeronautical Sys"
LYRA,0001327273,3841,Surgical & Medical Instruments & Apparatus
LYT,0001816319,7374,Services-Computer Processing & Data Preparation
LYTS,0000763532,3640,Electric Lighting & Wiring Equipment
LYV,0001335258,7900,Services-Amusement & Recreation Services
LZ,0001286139,7374,Services-Computer Processing & Data Preparation
LZB,0000057131,2510,Household Furniture
LZM,0001958217,1000,Metal Mining
LZMH,0001967397,7371,Services-Computer Programming Services
M,0000794367,5311,Retail-Department Stores
MA,0001141391,7389,"Services-Business Services, NEC"
MAA,0000912595,6798,Real Estate Investment Trusts
MAAS,0001750264,6282,Investment Advice
MAC,0000912242,6798,Real Estate Investment Trusts
MACI,0002016221,7389,"Services-Business Services, NEC"
MAG,0001230992,1040,Gold and Silver Ores
MAGH,0002046117,1731,Electrical Work
MAGN,0000041719,2621,Paper Mills
MAIA,0001878313,2834,Pharmaceutical Preparations
MAIR,0002098430,3564,Industrial & Commercial Fans & Blowers & Air Purifing Equip
MAKO,0001784930,1040,Gold and Silver Ores
MAMA,0001520358,2013,Sausages & Other Prepared Meat Products
MAMK,0002008007,2390,Miscellaneous Fabricated Textile Products
MAMO,0001952853,3790,Miscellaneous Transportation Equipment
MAN,0000871763,7363,Services-Help Supply Services
MANE,0001827635,2834,Pharmaceutical Preparations
MANH,0001056696,7372,Services-Prepackaged Software
MANU,0001549107,7900,Services-Amusement & Recreation Services
MAPS,0001779474,7372,Services-Prepackaged Software
MAR,0001048286,7011,Hotels & Motels
MARA,0001507605,6199,Finance Services
MARPS,0000062362,6792,Oil Royalty Traders
MARX,0001892922,6770,Blank Checks
MAS,0000062996,3430,"Heating Equip, Except Elec & Warm Air; & Plumbing Fixtures"
MASI,0000937556,3845,Electromedical & Electrotherapeutic Apparatus
MASK,0001993097,7371,Services-Computer Programming Services
MASS,0001555279,3826,Laboratory Analytical Instruments
MAT,0000063276,3942,Dolls & Stuffed Toys
MATH,0001682241,6199,Finance Services
MATV,0001000623,2621,Paper Mills
MATW,0000063296,3360,Nonferrous Foundries (Castings)
MATX,0000003453,4400,Water Transportation
MAX,0001818383,7389,"Services-Business Services, NEC"
MAXN,0001796898,3674,Semiconductors & Related Devices
MAYA,0002028355,6770,Blank Checks
MAYS,0000054187,6512,Opeators of  Nonresidential Buildings
MAZE,0001842295,2836,"Biological Products, (No Diagnostic Substances)"
MB,0002027265,5812,Retail-Eating  Places
MBAI,0001610590,7373,Services-Computer Integrated Systems Design
MBAV,0002016072,6770,Blank Checks
MBBC,0001835385,6036,"Savings Institutions, Not Federally Chartered"
MBC,0001941365,2511,"Wood Household Furniture, (No Upholstered)"
MBCN,0000836147,6022,State Commercial Banks
MBGL,0002090312,7389,"Services-Business Services, NEC"
MBI,0000814585,6351,Surety Insurance
MBIN,0001629019,6022,State Commercial Banks
MBINL,0001629019,6022,State Commercial Banks
MBINM,0001629019,6022,State Commercial Banks
MBINN,0001629019,6022,State Commercial Banks
MBINO,0001629019,6022,State Commercial Banks
MBIO,0001680048,2834,Pharmaceutical Preparations
MBLY,0001910139,7372,Services-Prepackaged Software
MBOT,0000883975,3841,Surgical & Medical Instruments & Apparatus
MBRX,0001659617,2834,Pharmaceutical Preparations
MBUU,0001590976,3730,Ship & Boat Building & Repairing
MBVI,0002073928,6770,Blank Checks
MBWM,0001042729,6022,State Commercial Banks
MBX,0001776111,2834,Pharmaceutical Preparations
MC,0001596967,6282,Investment Advice
MCAA,0001856995,6770,Blank Checks
MCAG,0001859035,3841,Surgical & Medical Instruments & Apparatus
MCAH,0002109876,6770,Blank Checks
MCB,0001476034,6022,State Commercial Banks
MCBS,0001747068,6022,State Commercial Banks
MCD,0000063908,5812,Retail-Eating  Places
MCFT,0001638290,3730,Ship & Boat Building & Repairing
MCGA,0002064658,6199,Finance Services
MCHB,0001518715,6022,State Commercial Banks
MCHP,0000827054,3674,Semiconductors & Related Devices
MCHPP,0000827054,3674,Semiconductors & Related Devices
MCHX,0001224133,7372,Services-Prepackaged Software
MCK,0000927653,5122,"Wholesale-Drugs, Proprietaries & Druggists' Sundries"
MCO,0001059556,7320,"Services-Consumer Credit Reporting, Collection Agencies"
MCRB,0001609809,2834,Pharmaceutical Preparations
MCRI,0000907242,7011,Hotels & Motels
MCRP,0001993431,3714,Motor Vehicle Parts & Accessories
MCS,0000062234,7830,Services-Motion Picture Theaters
MCTA,0002035992,8090,"Services-Misc Health & Allied Services, NEC"
MCTR,0001969928,7311,Services-Advertising Agencies
MCVT,0001425355,6199,Finance Services
MCW,0001853513,7500,"Services-Automotive Repair, Services & Parking"
MCY,0000064996,6331,"Fire, Marine & Casualty Insurance"
MD,0000893949,8060,Services-Hospitals
MDA,0001857047,3760,Guided Missiles & Space Vehicles & Parts
MDAI,0001833498,3841,Surgical & Medical Instruments & Apparatus
MDB,0001441816,7372,Services-Prepackaged Software
MDBH,0001934642,6199,Finance Services
MDCX,0001997296,2834,Pharmaceutical Preparations
MDGL,0001157601,2834,Pharmaceutical Preparations
MDIA,0001784254,4832,Radio Broadcasting Stations
MDJH,0001741534,6531,Real Estate Agents & Managers (For Others)
MDLN,0002046386,3841,Surgical & Medical Instruments & Apparatus
MDLZ,0001103982,2000,Food and Kindred Products
MDRR,0001654595,6798,Real Estate Investment Trusts
MDT,0001613103,3845,Electromedical & Electrotherapeutic Apparatus
MDU,0000067716,1400,Mining & Quarrying of  Nonmetallic Minerals (No Fuels)
MDV,0001645873,6798,Real Estate Investment Trusts
MDWD,0001593984,2833,Medicinal Chemicals & Botanical Products
MDXG,0001376339,3841,Surgical & Medical Instruments & Apparatus
MDXH,0001872529,8071,Services-Medical Laboratories
ME,0001804591,2834,Pharmaceutical Preparations
MEC,0001766368,3460,Metal Forgings & Stampings
MED,0000910329,2090,Miscellaneous Food Preparations & Kindred Products
MEDP,0001668397,8731,Services-Commercial Physical & Biological Research
MEDS,0002030763,5122,"Wholesale-Drugs, Proprietaries & Druggists' Sundries"
MEG,0001643615,8742,Services-Management Consulting Services
MEGL,0001881472,6199,Finance Services
MEHA,0001837254,2833,Medicinal Chemicals & Botanical Products
MEI,0000065270,3678,Electronic Connectors
MEIP,0001262104,2834,Pharmaceutical Preparations
MELI,0001099590,7389,"Services-Business Services, NEC"
MENS,0001954488,2834,Pharmaceutical Preparations
MEOH,0000886977,2860,Industrial Organic Chemicals
MERC,0001333274,2611,Pulp Mills
MESA,0000810332,4512,"Air Transportation, Scheduled"
MESH,0002081468,6770,Blank Checks
MET,0001099219,6311,Life Insurance
META,0001326801,7370,"Services-Computer Programming, Data Processing, Etc."
METC,0001687187,1220,Silver Ores
METCB,0001687187,1220,Silver Ores
METCI,0001687187,1220,Silver Ores
METCZ,0001687187,1220,Silver Ores
MEVO,0002087361,6770,Blank Checks
MF,0001888525,7370,"Services-Computer Programming, Data Processing, Etc."
MFA,0001055160,6798,Real Estate Investment Trusts
MFC,0001086888,6311,Life Insurance
MFH,0001527762,6199,Finance Services
MFI,0001940941,7371,Services-Computer Programming Services
MFIN,0001000209,6199,Finance Services
MFP,0002088281,3580,Refrigeration & Service Industry Machinery
MG,0001436126,8711,Services-Engineering Services
MGA,0000749098,3714,Motor Vehicle Parts & Accessories
MGEE,0001161728,4900,"Electric, Gas & Sanitary Services"
MGIC,0000876779,7372,Services-Prepackaged Software
MGIH,0001903995,2750,Commercial Printing
MGLD,0001005101,6199,Finance Services
MGM,0000789570,7011,Hotels & Motels
MGN,0001995075,0200,Agricultural Prod-Livestock & Animal Specialties
MGNI,0001595974,7370,"Services-Computer Programming, Data Processing, Etc."
MGNX,0001125345,2834,Pharmaceutical Preparations
MGOL,0001902794,2300,Apparel & Other Finishd Prods of  Fabrics & Similar Matl
MGPI,0000835011,5180,"Wholesale-Beer, Wine & Distilled Alcoholic Beverages"
MGRC,0000752714,7359,"Services-Equipment Rental & Leasing, NEC"
MGRM,0001769759,3841,Surgical & Medical Instruments & Apparatus
MGRT,0002033377,7371,Services-Computer Programming Services
MGRX,0001938046,8090,"Services-Misc Health & Allied Services, NEC"
MGTX,0001735438,2836,"Biological Products, (No Diagnostic Substances)"
MGX,0001785279,2836,"Biological Products, (No Diagnostic Substances)"
MGY,0001698990,1311,Crude Petroleum & Natural Gas
MGYR,0001337068,6035,"Savings Institution, Federally Chartered"
MH,0001951070,2741,Miscellaneous Publishing
MHH,0001437226,8742,Services-Management Consulting Services
MHK,0000851968,2273,Carpets & Rugs
MHLD,0001412100,6331,"Fire, Marine & Casualty Insurance"
MHO,0000799292,1531,Operative Builders
MHUA,0001835615,3841,Surgical & Medical Instruments & Apparatus
MI,0001958713,6199,Finance Services
MIAC,0002136530,6770,Blank Checks
MIAX,0001438472,6211,"Security Brokers, Dealers & Flotation Companies"
MICC,0002071668,2024,Ice Cream & Frozen Desserts
MIDD,0000769520,3580,Refrigeration & Service Industry Machinery
MIDDV,0000769520,3580,Refrigeration & Service Industry Machinery
MIGI,0001218683,6199,Finance Services
MIMI,0001998560,7389,"Services-Business Services, NEC"
MIND,0000926423,3812,"Search, Detection, Navigation, Guidance, Aeronautical Sys"
MINE,0001823255,1000,Metal Mining
MINM,0001467761,3661,Telephone & Telegraph Apparatus
MIR,0001809987,3829,"Measuring & Controlling Devices, NEC"
MIRA,0001904286,2834,Pharmaceutical Preparations
MIRM,0001759425,2834,Pharmaceutical Preparations
MIST,0001408443,2834,Pharmaceutical Preparations
MITA,0001847440,6770,Blank Checks
MITK,0000807863,3577,"Computer Peripheral Equipment, NEC"
MITQ,0001770236,3861,Photographic Equipment & Supplies
MITT,0001514281,6798,Real Estate Investment Trusts
MKC,0000063754,2090,Miscellaneous Food Preparations & Kindred Products
MKC.V,0000063754,2090,Miscellaneous Food Preparations & Kindred Products
MKDW,0001991332,3600,Electronic & Other Electrical Equipment (No Computer Equip)
MKFG,0001816613,3577,"Computer Peripheral Equipment, NEC"
MKL,0001096343,6331,"Fire, Marine & Casualty Insurance"
MKLY,0002067592,7372,Services-Prepackaged Software
MKSI,0001049502,3823,"Industrial Instruments For Measurement, Display, and Control"
MKTW,0001805651,7372,Services-Prepackaged Software
MKTX,0001278021,6211,"Security Brokers, Dealers & Flotation Companies"
MKZR,0001550913,6798,Real Estate Investment Trusts
ML,0001807846,6199,Finance Services
MLAA,0002094265,6770,Blank Checks
MLAB,0000724004,3823,"Industrial Instruments For Measurement, Display, and Control"
MLAC,0002029492,6770,Blank Checks
MLCI,0002051820,6282,Investment Advice
MLCIL,0002051820,6282,Investment Advice
MLEC,0001937737,2000,Food and Kindred Products
MLGO,0001800392,7371,Services-Computer Programming Services
MLI,0000089439,3350,Rolling Drawing & Extruding of  Nonferrous Metals
MLKN,0000066382,2520,Office Furniture
MLM,0000916076,1400,Mining & Quarrying of  Nonmetallic Minerals (No Fuels)
MLNK,0001834494,7372,Services-Prepackaged Software
MLP,0000063330,6500,Real Estate
MLR,0000924822,3713,Truck & Bus Bodies
MLSS,0000855683,3842,"Orthopedic, Prosthetic & Surgical Appliances & Supplies"
MLTX,0001821586,2834,Pharmaceutical Preparations
MLYS,0001933414,2834,Pharmaceutical Preparations
MMA,0001981519,7380,Services-Miscellaneous Business Services
MMC,0000062709,6411,"Insurance Agents, Brokers & Service"
MMED,0002062583,3841,Surgical & Medical Instruments & Apparatus
MMI,0001578732,6531,Real Estate Agents & Managers (For Others)
MMLP,0001176334,5171,Wholesale-Petroleum Bulk Stations & Terminals
MMM,0000066740,3841,Surgical & Medical Instruments & Apparatus
MMS,0001032220,7389,"Services-Business Services, NEC"
MMSI,0000856982,3841,Surgical & Medical Instruments & Apparatus
MMTX,0002077033,7371,Services-Computer Programming Services
MMV,0001874074,7372,Services-Prepackaged Software
MMYT,0001495153,4700,Transportation Services
MNDO,0001119083,7371,Services-Computer Programming Services
MNDR,0001976695,7372,Services-Prepackaged Software
MNDY,0001845338,7372,Services-Prepackaged Software
MNKD,0000899460,2834,Pharmaceutical Preparations
MNMD,0001813814,2833,Medicinal Chemicals & Botanical Products
MNOV,0001226616,2834,Pharmaceutical Preparations
MNPR,0001645469,2834,Pharmaceutical Preparations
MNRO,0000876427,7500,"Services-Automotive Repair, Services & Parking"
MNSB,0001693577,6022,State Commercial Banks
MNSBP,0001693577,6022,State Commercial Banks
MNST,0000865752,2086,Bottled & Canned Soft Drinks & Carbonated Waters
MNTK,0001826600,4932,Gas & Other Services Combined
MNTN,0001863719,6770,Blank Checks
MNTS,0001781162,3760,Guided Missiles & Space Vehicles & Parts
MNTX,0001302028,3559,"Special Industry Machinery, NEC"
MNY,0001974044,7389,"Services-Business Services, NEC"
MO,0000764180,2111,Cigarettes
MOB,0001898643,3721,Aircraft
MOBI,0001489993,3841,Surgical & Medical Instruments & Apparatus
MOBX,0001855467,3674,Semiconductors & Related Devices
MOD,0000067347,3714,Motor Vehicle Parts & Accessories
MODD,0001074871,3841,Surgical & Medical Instruments & Apparatus
MODG,0000837465,3949,"Sporting & Athletic Goods, NEC"
MODV,0001220754,4700,Transportation Services
MOFG,0001412665,6022,State Commercial Banks
MOG.A,0000067887,3590,Misc Industrial & Commercial Machinery & Equipment
MOG.B,0000067887,3590,Misc Industrial & Commercial Machinery & Equipment
MOGO,0001602842,6199,Finance Services
MOH,0001179929,6324,Hospital & Medical Service Plans
MOND,0001828852,4700,Transportation Services
MORN,0001289419,6282,Investment Advice
MOS,0001285785,2870,Agricultural Chemicals
MOV,0000072573,3873,"Watches, Clocks, Clockwork Operated Devices/Parts"
MOVE,0001734750,7374,Services-Computer Processing & Data Preparation
MP,0001801368,1000,Metal Mining
MPAA,0000918251,3714,Motor Vehicle Parts & Accessories
MPB,0000879635,6022,State Commercial Banks
MPC,0001510295,2911,Petroleum Refining
MPLN,0001793229,7389,"Services-Business Services, NEC"
MPLT,0001770069,2834,Pharmaceutical Preparations
MPLX,0001552000,4610,Pipe Lines (No Natural Gas)
MPT,0001287865,6798,Real Estate Investment Trusts
MPTI,0001902314,3679,"Electronic Components, NEC"
MPU,0001036848,7812,Services-Motion Picture & Video Tape Production
MPW,0001287865,6798,Real Estate Investment Trusts
MPWR,0001280452,3674,Semiconductors & Related Devices
MPX,0001129155,3730,Ship & Boat Building & Repairing
MQ,0001522540,7372,Services-Prepackaged Software
MRAM,0001438423,3674,Semiconductors & Related Devices
MRBK,0001750735,6021,National Commercial Banks
MRC,0001439095,5084,Wholesale-Industrial Machinery & Equipment
MRCO,0002106436,6770,Blank Checks
MRCY,0001049521,3670,Electronic Components & Accessories
MRDN,0001437925,7372,Services-Prepackaged Software
MRIN,0001389002,7374,Services-Computer Processing & Data Preparation
MRK,0000310158,2834,Pharmaceutical Preparations
MRKR,0001094038,2834,Pharmaceutical Preparations
MRLN,0002028707,7373,Services-Computer Integrated Systems Design
MRNA,0001682852,2836,"Biological Products, (No Diagnostic Substances)"
MRNO,0001988776,7011,Hotels & Motels
MRNS,0001267813,2834,Pharmaceutical Preparations
MRO,0000101778,1311,Crude Petroleum & Natural Gas
MRP,0002017206,6500,Real Estate
MRSH,0000062709,6411,"Insurance Agents, Brokers & Service"
MRSN,0001442836,2834,Pharmaceutical Preparations
MRT,0001852767,7510,Services-Auto Rental & Leasing (No Drivers)
MRTN,0000799167,4213,Trucking (No Local)
MRUS,0001651311,2834,Pharmaceutical Preparations
MRVI,0001823239,2834,Pharmaceutical Preparations
MRVL,0001835632,3674,Semiconductors & Related Devices
MRX,0001997464,6200,"Security & Commodity Brokers, Dealers, Exchanges & Services"
MS,0000895421,6211,"Security Brokers, Dealers & Flotation Companies"
MSA,0000066570,3842,"Orthopedic, Prosthetic & Surgical Appliances & Supplies"
MSAI,0001863990,3827,Optical Instruments & Lenses
MSB,0000065172,6795,Mineral Royalty Traders
MSBI,0001466026,6022,State Commercial Banks
MSCI,0001408198,7389,"Services-Business Services, NEC"
MSEX,0000066004,4941,Water Supply
MSFT,0000789019,7372,Services-Prepackaged Software
MSGE,0001952073,7990,Services-Miscellaneous Amusement & Recreation
MSGM,0001821175,7372,Services-Prepackaged Software
MSGS,0001636519,7990,Services-Miscellaneous Amusement & Recreation
MSGY,0002020228,1700,Construction - Special Trade Contractors
MSI,0000068505,3663,Radio & Tv Broadcasting & Communications Equipment
MSLE,0001421642,2834,Pharmaceutical Preparations
MSM,0001003078,5084,Wholesale-Industrial Machinery & Equipment
MSN,0000032621,3651,Household Audio & Video Equipment
MSPR,0001802450,7374,Services-Computer Processing & Data Preparation
MSS,0001892292,5411,Retail-Grocery Stores
MSSA,0001882464,6770,Blank Checks
MSTR,0001050446,6199,Finance Services
MSW,0001956166,1700,Construction - Special Trade Contractors
MT,0001243429,3312,"Steel Works, Blast Furnaces & Rolling Mills (Coke Ovens)"
MTA,0001722606,1040,Gold and Silver Ores
MTAK,0002133136,6770,Blank Checks
MTAL,0001950246,1000,Metal Mining
MTB,0000036270,6022,State Commercial Banks
MTC,0001742518,6211,"Security Brokers, Dealers & Flotation Companies"
MTCH,0000891103,7370,"Services-Computer Programming, Data Processing, Etc."
MTD,0001037646,3826,Laboratory Analytical Instruments
MTDR,0001520006,1311,Crude Petroleum & Natural Gas
MTEK,0001872964,3669,"Communications Equipment, NEC"
MTEM,0001183765,2834,Pharmaceutical Preparations
MTEN,0001948099,3442,"Metal Doors, Sash, Frames, Moldings & Trim"
MTEX,0001056358,2833,Medicinal Chemicals & Botanical Products
MTG,0000876437,6351,Surety Insurance
MTH,0000833079,1531,Operative Builders
MTN,0000812011,7990,Services-Miscellaneous Amusement & Recreation
MTNB,0001582554,2834,Pharmaceutical Preparations
MTNE,0002044817,6770,Blank Checks
MTR,0000313364,6792,Oil Royalty Traders
MTRN,0001104657,3460,Metal Forgings & Stampings
MTRX,0000866273,1700,Construction - Special Trade Contractors
MTSI,0001493594,3674,Semiconductors & Related Devices
MTSR,0002040807,2834,Pharmaceutical Preparations
MTTR,0001819394,7372,Services-Prepackaged Software
MTUS,0001598428,3312,"Steel Works, Blast Furnaces & Rolling Mills (Coke Ovens)"
MTVA,0001638287,2834,Pharmaceutical Preparations
MTW,0000061986,3531,Construction Machinery & Equip
MTX,0000891014,2810,Industrial Inorganic Chemicals
MTZ,0000015615,1623,"Water, Sewer, Pipeline, Comm & Power Line Construction"
MU,0000723125,3674,Semiconductors & Related Devices
MULN,0001499961,3711,Motor Vehicles & Passenger Car Bodies
MUR,0000717423,1311,Crude Petroleum & Natural Gas
MURA,0001971543,2834,Pharmaceutical Preparations
MUSA,0001573516,5500,Retail-Auto Dealers & Gasoline Stations
MUX,0000314203,1040,Gold and Silver Ores
MUZE,0002093484,6770,Blank Checks
MVBF,0001277902,6022,State Commercial Banks
MVIS,0000065770,3679,"Electronic Components, NEC"
MVO,0001371782,1311,Crude Petroleum & Natural Gas
MVST,0001760689,3690,"Miscellaneous Electrical Machinery, Equipment & Supplies"
MWA,0001350593,3490,Miscellaneous Fabricated Metal Products
MWG,0001941500,3990,Miscellaneous Manufacturing Industries
MWH,0002065636,1600,Heavy Construction Other Than Bldg Const - Contractors
MWYN,0002030522,5141,"Wholesale-Groceries, General Line"
MX,0001325702,3674,Semiconductors & Related Devices
MXC,0000066418,1311,Crude Petroleum & Natural Gas
MXCT,0001287098,8731,Services-Commercial Physical & Biological Research
MXL,0001288469,3674,Semiconductors & Related Devices
MYE,0000069488,3089,"Plastics Products, NEC"
MYFW,0001327607,6022,State Commercial Banks
MYGN,0000899923,2835,In Vitro & In Vivo Diagnostic Substances
MYNZ,0001874252,2834,Pharmaceutical Preparations
MYO,0001369290,3842,"Orthopedic, Prosthetic & Surgical Appliances & Supplies"
MYPS,0001823878,7372,Services-Prepackaged Software
MYRG,0000700923,1623,"Water, Sewer, Pipeline, Comm & Power Line Construction"
MYSE,0001648960,4822,Telegraph & Other Message Communications
MYSZ,0001211805,7372,Services-Prepackaged Software
MYX,0002080087,6770,Blank Checks
MZTI,0000057515,2030,"Canned, Frozen & Preservd Fruit, Veg & Food Specialties"
MZYX,0002097376,6770,Blank Checks
NA,0001872302,3674,Semiconductors & Related Devices
NAAS,0001712178,5990,"Retail-Retail Stores, NEC"
NABL,0001834488,7372,Services-Prepackaged Software
NAGE,0001386570,2833,Medicinal Chemicals & Botanical Products
NAII,0000787253,2833,Medicinal Chemicals & Botanical Products
NAK,0001164771,1040,Gold and Silver Ores
NAKA,0001946573,6199,Finance Services
NAMI,0001967631,8200,Services-Educational Services
NAMM,0002026514,1040,Gold and Silver Ores
NAMS,0001936258,2834,Pharmaceutical Preparations
NAOV,0001326706,3842,"Orthopedic, Prosthetic & Surgical Appliances & Supplies"
NAPA,0001835256,2080,Beverages
NARI,0001531048,3841,Surgical & Medical Instruments & Apparatus
NAT,0001000177,4400,Water Transportation
NATH,0000069733,5812,Retail-Eating  Places
NATL,0001974138,3578,Calculating & Accounting Machines (No Electronic Computers)
NATR,0000275053,2834,Pharmaceutical Preparations
NAUT,0001808805,3826,Laboratory Analytical Instruments
NAVI,0001593538,6211,"Security Brokers, Dealers & Flotation Companies"
NAVN,0001639723,7372,Services-Prepackaged Software
NAYA,0001417926,3841,Surgical & Medical Instruments & Apparatus
NB,0001512228,1000,Metal Mining
NBBK,0001979330,6036,"Savings Institutions, Not Federally Chartered"
NBHC,0001475841,6021,National Commercial Banks
NBIS,0001513845,7370,"Services-Computer Programming, Data Processing, Etc."
NBIX,0000914475,2836,"Biological Products, (No Diagnostic Substances)"
NBN,0000060519,2400,Lumber & Wood Products (No Furniture)
NBR,0001163739,1381,Drilling Oil & Gas Wells
NBRG,0001918414,7372,Services-Prepackaged Software
NBTB,0000790359,6021,National Commercial Banks
NBY,0001389545,6199,Finance Services
NC,0000789933,1221,Bituminous Coal & Lignite Surface Mining
NCEL,0001783036,2834,Pharmaceutical Preparations
NCEW,0001968043,4731,Arrangement of  Transportation of  Freight & Cargo
NCI,0001916331,2300,Apparel & Other Finishd Prods of  Fabrics & Similar Matl
NCL,0001923780,3089,"Plastics Products, NEC"
NCLH,0001513761,4400,Water Transportation
NCMI,0001377630,7310,Services-Advertising
NCNA,0001709626,2834,Pharmaceutical Preparations
NCNC,0001964021,3690,"Miscellaneous Electrical Machinery, Equipment & Supplies"
NCNO,0001902733,7372,Services-Prepackaged Software
NCO,0002116230,6770,Blank Checks
NCPL,0001414767,6199,Finance Services
NCRA,0001756180,0200,Agricultural Prod-Livestock & Animal Specialties
NCSM,0001692427,1389,"Oil & Gas Field Services, NEC"
NCT,0002018529,4412,Deep Sea Foreign Transportation of  Freight
NDAQ,0001120193,6200,"Security & Commodity Brokers, Dealers, Exchanges & Services"
NDLS,0001275158,5812,Retail-Eating  Places
NDRA,0001681682,3845,Electromedical & Electrotherapeutic Apparatus
NDSN,0000072331,3569,"General Industrial Machinery & Equipment, NEC"
NE,0001895262,1381,Drilling Oil & Gas Wells
NECB,0001847398,6036,"Savings Institutions, Not Federally Chartered"
NEE,0000753308,4911,Electric Services
NEGG,0001474627,5990,"Retail-Retail Stores, NEC"
NEHC,0002028336,1311,Crude Petroleum & Natural Gas
NEM,0001164727,1040,Gold and Silver Ores
NEN,0000746514,6513,Operators of  Apartment Buildings
NEO,0001077183,8734,Services-Testing Laboratories
NEOG,0000711377,2835,In Vitro & In Vivo Diagnostic Substances
NEON,0000087050,3679,"Electronic Components, NEC"
NEOV,0001748137,3690,"Miscellaneous Electrical Machinery, Equipment & Supplies"
NEP,0001603145,4911,Electric Services
NEPH,0001196298,3841,Surgical & Medical Instruments & Apparatus
NERV,0001598646,2834,Pharmaceutical Preparations
NESR,0001698514,1389,"Oil & Gas Field Services, NEC"
NET,0001477333,7372,Services-Prepackaged Software
NETD,0001975218,6770,Blank Checks
NEU,0001282637,2860,Industrial Organic Chemicals
NEUE,0001671284,6324,Hospital & Medical Service Plans
NEUP,0001191070,2834,Pharmaceutical Preparations
NEWP,0001369085,1040,Gold and Silver Ores
NEWT,0001587987,6021,National Commercial Banks
NEWTG,0001587987,6021,National Commercial Banks
NEWTH,0001587987,6021,National Commercial Banks
NEWTI,0001587987,6021,National Commercial Banks
NEWTO,0001587987,6021,National Commercial Banks
NEWTZ,0001587987,6021,National Commercial Banks
NEXA,0001713930,1000,Metal Mining
NEXM,0000795800,1000,Metal Mining
NEXN,0001849396,7370,"Services-Computer Programming, Data Processing, Etc."
NEXR,0001885408,5900,Retail-Miscellaneous Retail
NEXT,0001612720,4923,Natural Gas Transmisison & Distribution
NFBK,0001493225,6035,"Savings Institution, Federally Chartered"
NFE,0001749723,4924,Natural Gas Distribution
NFG,0000070145,4924,Natural Gas Distribution
NFGC,0001840616,1040,Gold and Silver Ores
NFLX,0001065280,7841,Services-Video Tape Rental
NG,0001173420,1040,Gold and Silver Ores
NGD,0000800166,1000,Metal Mining
NGEN,0001751912,2834,Pharmaceutical Preparations
NGG,0001004315,4922,Natural Gas Transmission
NGL,0001504461,4922,Natural Gas Transmission
NGNE,0001404644,2834,Pharmaceutical Preparations
NGS,0001084991,1389,"Oil & Gas Field Services, NEC"
NGVC,0001547459,5411,Retail-Grocery Stores
NGVT,0001653477,2800,Chemicals & Allied Products
NHC,0001047335,8051,Services-Skilled Nursing Care Facilities
NHI,0000877860,6798,Real Estate Investment Trusts
NHIC,0002043699,6770,Blank Checks
NHIV,0002099767,6770,Blank Checks
NHP,0001561032,6798,Real Estate Investment Trusts
NHTC,0000912061,5190,Wholesale-Miscellaneous Nondurable Goods
NI,0001111711,4931,Electric & Other Services Combined
NIC,0001174850,6021,National Commercial Banks
NIKI,0001734005,3829,"Measuring & Controlling Devices, NEC"
NINE,0001532286,1389,"Oil & Gas Field Services, NEC"
NIPG,0001966233,7990,Services-Miscellaneous Amusement & Recreation
NIQ,0002054696,7370,"Services-Computer Programming, Data Processing, Etc."
NISN,0001603993,3490,Miscellaneous Fabricated Metal Products
NITO,0001789192,2834,Pharmaceutical Preparations
NIVF,0001981662,8090,"Services-Misc Health & Allied Services, NEC"
NIXX,0001462223,7371,Services-Computer Programming Services
NJR,0000356309,4924,Natural Gas Distribution
NKE,0000320187,3021,Rubber & Plastics Footwear
NKGN,0001845459,2836,"Biological Products, (No Diagnostic Substances)"
NKLA,0001731289,3711,Motor Vehicles & Passenger Car Bodies
NKLR,0002067627,3443,Fabricated Plate Work (Boiler Shops)
NKSH,0000796534,6021,National Commercial Banks
NKTR,0000906709,2834,Pharmaceutical Preparations
NKTX,0001787400,2834,Pharmaceutical Preparations
NL,0000072162,2810,Industrial Inorganic Chemicals
NLOP,0001952976,6798,Real Estate Investment Trusts
NLSP,0001783036,2834,Pharmaceutical Preparations
NLY,0001043219,6798,Real Estate Investment Trusts
NMAD,0001335105,2834,Pharmaceutical Preparations
NMAX,0002026478,4833,Television Broadcasting Stations
NMG,0001649752,1090,Miscellaneous Metal Ores
NMHI,0001947861,3523,Farm Machinery & Equipment
NMIH,0001547903,6351,Surety Insurance
NMM,0001415921,4412,Deep Sea Foreign Transportation of  Freight
NMP,0002054876,6770,Blank Checks
NMRA,0001885522,2836,"Biological Products, (No Diagnostic Substances)"
NMRK,0001690680,6531,Real Estate Agents & Managers (For Others)
NMTC,0001500198,3841,Surgical & Medical Instruments & Apparatus
NN,0001865631,3812,"Search, Detection, Navigation, Guidance, Aeronautical Sys"
NNBR,0000918541,3540,Metalworkg Machinery & Equipment
NNE,0001923891,4911,Electric Services
NNI,0001258602,6141,Personal Credit Institutions
NNN,0000751364,6798,Real Estate Investment Trusts
NNNN,0001982708,2835,In Vitro & In Vivo Diagnostic Substances
NNOX,0001795251,3844,X-Ray Apparatus & Tubes & Related Irradiation Apparatus
NNVC,0001379006,2834,Pharmaceutical Preparations
NOA,0001368519,1389,"Oil & Gas Field Services, NEC"
NOC,0001133421,3812,"Search, Detection, Navigation, Guidance, Aeronautical Sys"
NODK,0001681206,6331,"Fire, Marine & Casualty Insurance"
NOEM,0001956648,6770,Blank Checks
NOG,0001104485,1311,Crude Petroleum & Natural Gas
NOMA,0001994214,7900,Services-Amusement & Recreation Services
NOMD,0001651717,2000,Food and Kindred Products
NOTE,0001823466,7389,"Services-Business Services, NEC"
NOTV,0000720154,8731,Services-Commercial Physical & Biological Research
NOV,0001021860,3533,Oil & Gas Field Machinery & Equipment
NOVA,0001772695,4931,Electric & Other Services Combined
NOVT,0001076930,3690,"Miscellaneous Electrical Machinery, Equipment & Supplies"
NOW,0001373715,7372,Services-Prepackaged Software
NP,0002067129,6411,"Insurance Agents, Brokers & Service"
NPAB,0001837929,6770,Blank Checks
NPAC,0002048948,6770,Blank Checks
NPB,0001336706,6022,State Commercial Banks
NPCE,0001528287,3841,Surgical & Medical Instruments & Apparatus
NPK,0000080172,3480,"Ordnance & Accessories, (No Vehicles/Guided Missiles)"
NPKI,0000071829,7350,Services-Miscellaneous Equipment Rental & Leasing
NPO,0001164863,3050,"Gaskets, Packg & Sealg Devices & Rubber & Plastics Hose"
NPT,0002014337,5160,Wholesale-Chemicals & Allied Products
NPWR,0001845437,3620,Electrical Industrial Apparatus
NR,0000071829,7350,Services-Miscellaneous Equipment Rental & Leasing
NRBO,0001638287,2834,Pharmaceutical Preparations
NRC,0000070487,8731,Services-Commercial Physical & Biological Research
NRDS,0001625278,7374,Services-Computer Processing & Data Preparation
NRDY,0001819404,8200,Services-Educational Services
NREF,0001786248,6798,Real Estate Investment Trusts
NRG,0001013871,4911,Electric Services
NRGD,0000927971,6029,"Commercial Banks, NEC"
NRGV,0001828536,3690,"Miscellaneous Electrical Machinery, Equipment & Supplies"
NRIM,0001163370,6035,"Savings Institution, Federally Chartered"
NRIX,0001549595,2834,Pharmaceutical Preparations
NRP,0001171486,1221,Bituminous Coal & Lignite Surface Mining
NRSN,0001875091,2834,Pharmaceutical Preparations
NRT,0000072633,6792,Oil Royalty Traders
NRXP,0001719406,2834,Pharmaceutical Preparations
NRXS,0001933567,3845,Electromedical & Electrotherapeutic Apparatus
NSA,0001618563,6798,Real Estate Investment Trusts
NSAI,0002133719,6770,Blank Checks
NSC,0000702165,4011,"Railroads, Line-Haul Operating"
NSIT,0000932696,5961,Retail-Catalog & Mail-Order Houses
NSP,0001000753,7363,Services-Help Supply Services
NSPR,0001433607,3841,Surgical & Medical Instruments & Apparatus
NSRX,0002029039,2834,Pharmaceutical Preparations
NSSC,0000069633,3669,"Communications Equipment, NEC"
NSTS,0001881592,6035,"Savings Institution, Federally Chartered"
NSYS,0000722313,3679,"Electronic Components, NEC"
NTAP,0001002047,3572,Computer Storage Devices
NTB,0001653242,6029,"Commercial Banks, NEC"
NTBL,0001603207,2834,Pharmaceutical Preparations
NTCL,0001927578,7372,Services-Prepackaged Software
NTCT,0001078075,7373,Services-Computer Integrated Systems Design
NTGR,0001122904,3576,Computer Communications Equipment
NTHI,0001979414,2834,Pharmaceutical Preparations
NTIC,0000875582,3470,"Coating, Engraving & Allied Services"
NTIP,0001065078,6794,Patent Owners & Lessors
NTLA,0001652130,2835,In Vitro & In Vivo Diagnostic Substances
NTNX,0001618732,7372,Services-Prepackaged Software
NTR,0001725964,2870,Agricultural Chemicals
NTRA,0001604821,8071,Services-Medical Laboratories
NTRB,0001676047,3842,"Orthopedic, Prosthetic & Surgical Appliances & Supplies"
NTRP,0000788611,4700,Transportation Services
NTRS,0000073124,6022,State Commercial Banks
NTSK,0002063196,7372,Services-Prepackaged Software
NTST,0001798100,6798,Real Estate Investment Trusts
NTWK,0001039280,7372,Services-Prepackaged Software
NTWO,0002028027,6770,Blank Checks
NU,0001691493,6199,Finance Services
NUAI,0002028336,1311,Crude Petroleum & Natural Gas
NUCL,0002089283,1090,Miscellaneous Metal Ores
NUE,0000073309,3312,"Steel Works, Blast Furnaces & Rolling Mills (Coke Ovens)"
NUKK,0001787518,8742,Services-Management Consulting Services
NUR,0001680637,3576,Computer Communications Equipment
NURO,0001289850,3841,Surgical & Medical Instruments & Apparatus
NUS,0001021561,5122,"Wholesale-Drugs, Proprietaries & Druggists' Sundries"
NUTR,0002006468,4700,Transportation Services
NUTX,0001479681,7389,"Services-Business Services, NEC"
NUVB,0001811063,2834,Pharmaceutical Preparations
NUVL,0001861560,2834,Pharmaceutical Preparations
NUWE,0001506492,3845,Electromedical & Electrotherapeutic Apparatus
NUZE,0001527613,5900,Retail-Miscellaneous Retail
NVA,0001852551,1040,Gold and Silver Ores
NVAC,0001859807,3841,Surgical & Medical Instruments & Apparatus
NVAX,0001000694,2836,"Biological Products, (No Diagnostic Substances)"
NVCR,0001645113,3841,Surgical & Medical Instruments & Apparatus
NVCT,0001875558,2834,Pharmaceutical Preparations
NVDA,0001045810,3674,Semiconductors & Related Devices
NVEC,0000724910,3674,Semiconductors & Related Devices
NVEE,0001532961,7380,Services-Miscellaneous Business Services
NVEI,0001765159,7389,"Services-Business Services, NEC"
NVFY,0001473334,2510,Household Furniture
NVGS,0001581804,4412,Deep Sea Foreign Transportation of  Freight
NVMI,0001109345,3827,Optical Instruments & Lenses
NVNI,0001965143,7372,Services-Prepackaged Software
NVNO,0001661053,3841,Surgical & Medical Instruments & Apparatus
NVOS,0001138978,3510,Engines & Turbines
NVR,0000906163,1531,Operative Builders
NVRI,0000045876,8900,"Services-Services, NEC"
NVRO,0001444380,3841,Surgical & Medical Instruments & Apparatus
NVST,0001757073,3843,Dental Equipment & Supplies
NVT,0001720635,3550,Special Industry Machinery (No Metalworking Machinery)
NVTS,0001821769,3674,Semiconductors & Related Devices
NVVE,0001836875,3690,"Miscellaneous Electrical Machinery, Equipment & Supplies"
NVX,0001859795,3690,"Miscellaneous Electrical Machinery, Equipment & Supplies"
NWAX,0002074878,6770,Blank Checks
NWBI,0001471265,6021,National Commercial Banks
NWCL,0002131813,3443,Fabricated Plate Work (Boiler Shops)
NWE,0001993004,4931,Electric & Other Services Combined
NWFL,0001013272,6022,State Commercial Banks
NWL,0000814453,3089,"Plastics Products, NEC"
NWN,0001733998,4924,Natural Gas Distribution
NWPX,0001001385,3317,Steel Pipe & Tubes
NWS,0001564708,2711,Newspapers: Publishing or  Publishing & Printing
NWSA,0001564708,2711,Newspapers: Publishing or  Publishing & Printing
NWTG,0001934245,3949,"Sporting & Athletic Goods, NEC"
NWTN,0001932737,3711,Motor Vehicles & Passenger Car Bodies
NX,0001423221,3350,Rolling Drawing & Extruding of  Nonferrous Metals
NXAT,0002000756,7819,Services-Allied To Motion Picture Production
NXB,0002067767,3730,Ship & Boat Building & Repairing
NXDR,0001846069,7370,"Services-Computer Programming, Data Processing, Etc."
NXE,0001698535,1090,Miscellaneous Metal Ores
NXGL,0001468929,3841,Surgical & Medical Instruments & Apparatus
NXH,0001130713,5961,Retail-Catalog & Mail-Order Houses
NXL,0001527352,3845,Electromedical & Electrotherapeutic Apparatus
NXPI,0001413447,3674,Semiconductors & Related Devices
NXPL,0001058307,4813,Telephone Communications (No Radiotelephone)
NXRT,0001620393,6798,Real Estate Investment Trusts
NXST,0001142417,4833,Television Broadcasting Stations
NXT,0001852131,3674,Semiconductors & Related Devices
NXTC,0001661059,2834,Pharmaceutical Preparations
NXTS,0001789192,2834,Pharmaceutical Preparations
NXTT,0001784970,7374,Services-Computer Processing & Data Preparation
NXU,0001722969,3713,Truck & Bus Bodies
NXXT,0001817004,5500,Retail-Auto Dealers & Gasoline Stations
NYAX,0001901279,7372,Services-Prepackaged Software
NYC,0001595527,6798,Real Estate Investment Trusts
NYCB,0000910073,6036,"Savings Institutions, Not Federally Chartered"
NYMT,0001273685,6798,Real Estate Investment Trusts
NYMTI,0001273685,6798,Real Estate Investment Trusts
NYMTL,0001273685,6798,Real Estate Investment Trusts
NYMTZ,0001273685,6798,Real Estate Investment Trusts
NYT,0000071691,2711,Newspapers: Publishing or  Publishing & Printing
NYXH,0001857190,3841,Surgical & Medical Instruments & Apparatus
O,0000726728,6798,Real Estate Investment Trusts
OABI,0001846253,8731,Services-Commercial Physical & Biological Research
OACC,0002029769,6770,Blank Checks
OAKU,0001945422,8090,"Services-Misc Health & Allied Services, NEC"
OB,0001454938,7370,"Services-Computer Programming, Data Processing, Etc."
OBA,0002034313,6770,Blank Checks
OBAI,0001756064,4899,"Communications Services, NEC"
OBE,0001334388,1311,Crude Petroleum & Natural Gas
OBIO,0001814114,3841,Surgical & Medical Instruments & Apparatus
OBK,0001516912,6022,State Commercial Banks
OBLG,0000746210,7370,"Services-Computer Programming, Data Processing, Etc."
OBT,0001754226,6022,State Commercial Banks
OBTC,0001767057,6221,Commodity Contracts Brokers & Dealers
OBX,0002130606,2834,Pharmaceutical Preparations
OC,0001370946,3290,"Abrasive, Asbestos & Misc Nonmetallic Mineral Prods"
OCAC,0001926314,6770,Blank Checks
OCC,0001000230,3357,Drawing & Insulating of  Nonferrous Wire
OCEA,0001869974,2834,Pharmaceutical Preparations
OCFC,0001004702,6021,National Commercial Banks
OCG,0001776067,7380,Services-Miscellaneous Business Services
OCGN,0001372299,2836,"Biological Products, (No Diagnostic Substances)"
OCLT,0002137679,6770,Blank Checks
OCS,0001953530,2834,Pharmaceutical Preparations
OCTO,0001892492,6199,Finance Services
OCTV,0002083632,7372,Services-Prepackaged Software
OCUL,0001393434,2834,Pharmaceutical Preparations
OCUP,0001228627,2834,Pharmaceutical Preparations
OCX,0001642380,2835,In Vitro & In Vivo Diagnostic Substances
ODC,0000074046,3990,Miscellaneous Manufacturing Industries
ODD,0001907085,2844,"Perfumes, Cosmetics & Other Toilet Preparations"
ODFL,0000878927,4213,Trucking (No Local)
ODP,0000800240,5940,Retail-Miscellaneous Shopping Goods Stores
ODTX,0001882782,2836,"Biological Products, (No Diagnostic Substances)"
ODV,0001431852,1040,Gold and Silver Ores
ODYS,0001577445,7373,Services-Computer Integrated Systems Design
OEC,0001609804,2890,Miscellaneous Chemical Products
OESX,0001409375,3640,Electric Lighting & Wiring Equipment
OFAL,0002036307,8711,Services-Engineering Services
OFG,0001030469,6022,State Commercial Banks
OFIX,0000884624,3841,Surgical & Medical Instruments & Apparatus
OFLX,0001317945,3430,"Heating Equip, Except Elec & Warm Air; & Plumbing Fixtures"
OFRM,0001696556,2000,Food and Kindred Products
OGC,0001487326,1000,Metal Mining
OGE,0001021635,4911,Electric Services
OGEN,0001174940,2834,Pharmaceutical Preparations
OGG,0001431852,1040,Gold and Silver Ores
OGI,0001620737,2834,Pharmaceutical Preparations
OGN,0001821825,2834,Pharmaceutical Preparations
OGS,0001587732,4924,Natural Gas Distribution
OHAC,0002090787,6770,Blank Checks
OHI,0000888491,6798,Real Estate Investment Trusts
OI,0000812074,3221,Glass Containers
OIG,0002124472,6411,"Insurance Agents, Brokers & Service"
OII,0000073756,1389,"Oil & Gas Field Services, NEC"
OILD,0000927971,6029,"Commercial Banks, NEC"
OIM,0002088325,6770,Blank Checks
OIMAU,0002088325,6770,Blank Checks
OIO,0001957538,4953,Refuse Systems
OIS,0001121484,3533,Oil & Gas Field Machinery & Equipment
OKE,0001039684,4923,Natural Gas Transmisison & Distribution
OKLO,0001849056,4911,Electric Services
OKTA,0001660134,7372,Services-Prepackaged Software
OKUR,0001637715,2834,Pharmaceutical Preparations
OKYO,0001849296,2836,"Biological Products, (No Diagnostic Substances)"
OLB,0001314196,7389,"Services-Business Services, NEC"
OLED,0001005284,3670,Electronic Components & Accessories
OLLI,0001639300,5331,Retail-Variety Stores
OLMA,0001750284,2834,Pharmaceutical Preparations
OLN,0000074303,2800,Chemicals & Allied Products
OLO,0001431695,7389,"Services-Business Services, NEC"
OLOX,0001023994,5030,Wholesale-Lumber & Other Construction Materials
OLP,0000712770,6798,Real Estate Investment Trusts
OLPX,0001868726,2844,"Perfumes, Cosmetics & Other Toilet Preparations"
OM,0001484612,3845,Electromedical & Electrotherapeutic Apparatus
OMC,0000029989,7311,Services-Advertising Agencies
OMCC,0001000045,6153,Short-Term Business Credit Institutions
OMCL,0000926326,3571,Electronic Computers
OMDA,0001611115,8000,Services-Health Services
OMER,0001285819,2834,Pharmaceutical Preparations
OMEX,0000798528,4400,Water Transportation
OMF,0001584207,6141,Personal Credit Institutions
OMGA,0001850838,2836,"Biological Products, (No Diagnostic Substances)"
OMH,0001944902,6531,Real Estate Agents & Managers (For Others)
OMI,0000075252,5047,"Wholesale-Medical, Dental & Hospital Equipment & Supplies"
OMIC,0001850906,3826,Laboratory Analytical Instruments
OMSE,0002012219,3533,Oil & Gas Field Machinery & Equipment
ON,0001097864,3674,Semiconductors & Related Devices
ONB,0000707179,6021,National Commercial Banks
ONBPO,0000707179,6021,National Commercial Banks
ONCH,0002054272,6770,Blank Checks
ONCO,0001782107,2834,Pharmaceutical Preparations
ONCT,0001260990,2834,Pharmaceutical Preparations
ONCY,0001129928,2834,Pharmaceutical Preparations
ONDS,0001646188,3663,Radio & Tv Broadcasting & Communications Equipment
ONEG,0002030834,1520,General Bldg Contractors - Residential Bldgs
ONEN,0001846416,4911,Electric Services
ONEW,0001772921,5531,Retail-Auto & Home Supply Stores
ONFO,0001825452,7374,Services-Computer Processing & Data Preparation
ONIT,0000873860,6162,Mortgage Bankers & Loan Correspondents
ONL,0001873923,6798,Real Estate Investment Trusts
ONMD,0001849380,8731,Services-Commercial Physical & Biological Research
ONON,0001858985,3021,Rubber & Plastics Footwear
ONT,0001643615,8742,Services-Management Consulting Services
ONTF,0001110611,7372,Services-Prepackaged Software
ONTO,0000704532,3829,"Measuring & Controlling Devices, NEC"
ONVO,0001497253,2836,"Biological Products, (No Diagnostic Substances)"
ONYX,0001849548,6770,Blank Checks
OOMA,0001327688,7374,Services-Computer Processing & Data Preparation
OP,0001869467,4412,Deep Sea Foreign Transportation of  Freight
OPAD,0001825024,6531,Real Estate Agents & Managers (For Others)
OPAL,0001842279,4932,Gas & Other Services Combined
OPBK,0001722010,6022,State Commercial Banks
OPCH,0001014739,8082,Services-Home Health Care Services
OPEN,0001801169,6531,Real Estate Agents & Managers (For Others)
OPFI,0001818502,6199,Finance Services
OPHC,0001288855,6021,National Commercial Banks
OPI,0001456772,6500,Real Estate
OPINL,0001456772,6500,Real Estate
OPK,0000944809,2834,Pharmaceutical Preparations
OPLN,0001395942,5500,Retail-Auto Dealers & Gasoline Stations
OPOF,0000740971,6021,National Commercial Banks
OPRT,0001538716,6199,Finance Services
OPRX,0001448431,7389,"Services-Business Services, NEC"
OPTH,0002027329,2834,Pharmaceutical Preparations
OPTN,0001494650,2834,Pharmaceutical Preparations
OPTT,0001378140,4911,Electric Services
OPTU,0001702780,4841,Cable & Other Pay Television Services
OPTX,0001866816,3827,Optical Instruments & Lenses
OPXS,0001397016,3827,Optical Instruments & Lenses
OPY,0000791963,6211,"Security Brokers, Dealers & Flotation Companies"
OR,0001627272,1040,Gold and Silver Ores
ORA,0001296445,4911,Electric Services
ORBS,0001892492,6199,Finance Services
ORC,0001518621,6798,Real Estate Investment Trusts
ORCL,0001341439,7372,Services-Prepackaged Software
ORGN,0001802457,2860,Industrial Organic Chemicals
ORGO,0001661181,2834,Pharmaceutical Preparations
ORGS,0001460602,2834,Pharmaceutical Preparations
ORI,0000074260,6351,Surety Insurance
ORIC,0001796280,2834,Pharmaceutical Preparations
ORIO,0001602842,6199,Finance Services
ORIQ,0002044523,6770,Blank Checks
ORIS,0001964664,0100,Agricultural Production-Crops
ORKA,0000907654,2834,Pharmaceutical Preparations
ORKT,0001979407,7372,Services-Prepackaged Software
ORLA,0001680056,1040,Gold and Silver Ores
ORLY,0000898173,5531,Retail-Auto & Home Supply Stores
ORMP,0001176309,2834,Pharmaceutical Preparations
ORN,0001402829,1600,Heavy Construction Other Than Bldg Const - Contractors
ORRF,0000826154,6022,State Commercial Banks
OS,0001889956,7372,Services-Prepackaged Software
OSBC,0000357173,6022,State Commercial Banks
OSCR,0001568651,6324,Hospital & Medical Service Plans
OSG,0000874501,6351,Surety Insurance
OSIS,0001039065,3674,Semiconductors & Related Devices
OSK,0000775158,3711,Motor Vehicles & Passenger Car Bodies
OSPN,0001044777,7373,Services-Computer Integrated Systems Design
OSPR,0002113481,6770,Blank Checks
OSRH,0001840425,3841,Surgical & Medical Instruments & Apparatus
OSS,0001394056,3571,Electronic Computers
OST,0001803407,3679,"Electronic Components, NEC"
OSTX,0001795091,2834,Pharmaceutical Preparations
OSUR,0001116463,3841,Surgical & Medical Instruments & Apparatus
OSW,0001758488,7997,Services-Membership Sports & Recreation Clubs
OTAI,0002094076,6770,Blank Checks
OTEX,0001002638,7373,Services-Computer Integrated Systems Design
OTGA,0002077010,6770,Blank Checks
OTH,0002067767,3730,Ship & Boat Building & Repairing
OTIS,0001781335,3600,Electronic & Other Electrical Equipment (No Computer Equip)
OTLK,0001649989,2836,"Biological Products, (No Diagnostic Substances)"
OTLY,0001843586,2000,Food and Kindred Products
OTRK,0001136174,8090,"Services-Misc Health & Allied Services, NEC"
OTTR,0001466593,4911,Electric Services
OUST,0001816581,3569,"General Industrial Machinery & Equipment, NEC"
OUT,0001579877,6798,Real Estate Investment Trusts
OVBC,0000894671,6022,State Commercial Banks
OVID,0001636651,2834,Pharmaceutical Preparations
OVLY,0001431567,6022,State Commercial Banks
OVV,0001792580,1311,Crude Petroleum & Natural Gas
OWL,0001823945,6282,Investment Advice
OWLS,0002025416,7372,Services-Prepackaged Software
OWLT,0001816708,3829,"Measuring & Controlling Devices, NEC"
OXBR,0001584831,6331,"Fire, Marine & Casualty Insurance"
OXM,0000075288,2320,"Men's & Boys' Furnishgs, Work Clothg, & Allied Garments"
OXY,0000797468,1311,Crude Petroleum & Natural Gas
OYSE,0002042182,6770,Blank Checks
P,0001474432,3572,Computer Storage Devices
PAA,0001070423,4610,Pipe Lines (No Natural Gas)
PAAC,0002087446,6770,Blank Checks
PAAI,0000894871,4841,Cable & Other Pay Television Services
PAAS,0000771992,1040,Gold and Silver Ores
PACB,0001299130,3826,Laboratory Analytical Instruments
PACH,0002040381,6770,Blank Checks
PACK,0001712463,2670,Converted Paper & Paperboard Prods (No Contaners/Boxes)
PACS,0002001184,8051,Services-Skilled Nursing Care Facilities
PAG,0001019849,5500,Retail-Auto Dealers & Gasoline Stations
PAGP,0001581990,4610,Pipe Lines (No Natural Gas)
PAGS,0001712807,7374,Services-Computer Processing & Data Preparation
PAHC,0001069899,2834,Pharmaceutical Preparations
PAII,0002069238,6770,Blank Checks
PAL,0001998768,4700,Transportation Services
PALI,0001357459,2836,"Biological Products, (No Diagnostic Substances)"
PALL,0001459862,6221,Commodity Contracts Brokers & Dealers
PALO,0002101562,6770,Blank Checks
PALT,0001355839,7370,"Services-Computer Programming, Data Processing, Etc."
PAMT,0000798287,4213,Trucking (No Local)
PANL,0001606909,4412,Deep Sea Foreign Transportation of  Freight
PANW,0001327567,3577,"Computer Peripheral Equipment, NEC"
PAPL,0001938109,6199,Finance Services
PAR,0000708821,3578,Calculating & Accounting Machines (No Electronic Computers)
PARA,0000813828,4833,Television Broadcasting Stations
PARAA,0000813828,4833,Television Broadcasting Stations
PARK,0002069604,8090,"Services-Misc Health & Allied Services, NEC"
PARR,0000821483,1311,Crude Petroleum & Natural Gas
PASG,0001787297,2836,"Biological Products, (No Diagnostic Substances)"
PASW,0001897532,2300,Apparel & Other Finishd Prods of  Fabrics & Similar Matl
PATH,0001734722,7372,Services-Prepackaged Software
PATK,0000076605,3714,Motor Vehicle Parts & Accessories
PAVM,0001624326,3841,Surgical & Medical Instruments & Apparatus
PAVS,0001751876,7374,Services-Computer Processing & Data Preparation
PAX,0001825570,6282,Investment Advice
PAY,0001841156,7389,"Services-Business Services, NEC"
PAYC,0001590955,7372,Services-Prepackaged Software
PAYO,0001845815,7389,"Services-Business Services, NEC"
PAYS,0001496443,7389,"Services-Business Services, NEC"
PAYX,0000723531,8700,"Services-Engineering, Accounting, Research, Management"
PB,0001068851,6022,State Commercial Banks
PBA,0001546066,1382,Oil & Gas Field Exploration Services
PBAM,0001705284,6021,National Commercial Banks
PBBK,0001849670,6036,"Savings Institutions, Not Federally Chartered"
PBF,0001534504,2911,Petroleum Refining
PBFS,0001769663,6036,"Savings Institutions, Not Federally Chartered"
PBH,0001295947,2834,Pharmaceutical Preparations
PBHC,0001609065,6022,State Commercial Banks
PBI,0000078814,3579,"Office Machines, NEC"
PBK,0002011053,1700,Construction - Special Trade Contractors
PBLS,0001657677,2834,Pharmaceutical Preparations
PBM,0001985062,2834,Pharmaceutical Preparations
PBPB,0001195734,5812,Retail-Eating  Places
PBT,0000319654,6792,Oil Royalty Traders
PBYI,0001401667,2834,Pharmaceutical Preparations
PC,0001998056,5812,Retail-Eating  Places
PCAP,0002056634,6770,Blank Checks
PCAR,0000075362,3711,Motor Vehicles & Passenger Car Bodies
PCB,0001423869,6022,State Commercial Banks
PCG,0001004980,4931,Electric & Other Services Combined
PCH,0001338749,6798,Real Estate Investment Trusts
PCLA,0002018462,3640,Electric Lighting & Wiring Equipment
PCOR,0001611052,7372,Services-Prepackaged Software
PCRX,0001396814,2834,Pharmaceutical Preparations
PCSA,0001533743,2834,Pharmaceutical Preparations
PCSC,0002017526,8071,Services-Medical Laboratories
PCT,0001830033,2821,"Plastic Materials, Synth Resins & Nonvulcan Elastomers"
PCTY,0001591698,7372,Services-Prepackaged Software
PCVX,0001649094,2836,"Biological Products, (No Diagnostic Substances)"
PCYO,0000276720,4941,Water Supply
PD,0001568100,7372,Services-Prepackaged Software
PDCO,0000891024,5047,"Wholesale-Medical, Dental & Hospital Equipment & Supplies"
PDEX,0000788920,3841,Surgical & Medical Instruments & Apparatus
PDFS,0001120914,7372,Services-Prepackaged Software
PDLB,0001874071,6035,"Savings Institution, Federally Chartered"
PDM,0001042776,6512,Opeators of  Nonresidential Buildings
PDS,0001013605,1381,Drilling Oil & Gas Wells
PDSB,0001472091,2834,Pharmaceutical Preparations
PDYN,0001826681,7372,Services-Prepackaged Software
PEB,0001474098,6798,Real Estate Investment Trusts
PEBK,0001093672,6022,State Commercial Banks
PEBO,0000318300,6022,State Commercial Banks
PECE,0002088626,6770,Blank Checks
PECO,0001476204,6798,Real Estate Investment Trusts
PED,0001141197,1311,Crude Petroleum & Natural Gas
PEG,0000788784,4931,Electric & Other Services Combined
PEGA,0001013857,7374,Services-Computer Processing & Data Preparation
PEGY,0000022701,1700,Construction - Special Trade Contractors
PELI,0002037431,6770,Blank Checks
PEN,0001321732,3841,Surgical & Medical Instruments & Apparatus
PENG,0001616533,3674,Semiconductors & Related Devices
PENN,0000921738,7011,Hotels & Motels
PEP,0000077476,2080,Beverages
PEPG,0001835597,2834,Pharmaceutical Preparations
PERF,0001899830,7372,Services-Prepackaged Software
PERI,0001338940,7371,Services-Computer Programming Services
PESI,0000891532,4955,Hazardous Waste Management
PET,0001842356,7200,Services-Personal Services
PETQ,0001668673,5122,"Wholesale-Drugs, Proprietaries & Druggists' Sundries"
PETS,0001040130,5912,Retail-Drug Stores and Proprietary Stores
PETZ,0001684425,6531,Real Estate Agents & Managers (For Others)
PEV,0001879848,3713,Truck & Bus Bodies
PEW,0002051380,5940,Retail-Miscellaneous Shopping Goods Stores
PFAI,0002032755,0700,Agricultural Services
PFC,0000946647,6022,State Commercial Banks
PFE,0000078003,2834,Pharmaceutical Preparations
PFG,0001126328,6321,Accident & Health Insurance
PFGC,0001618673,5141,"Wholesale-Groceries, General Line"
PFIE,0001289636,3533,Oil & Gas Field Machinery & Equipment
PFIS,0001056943,6021,National Commercial Banks
PFMT,0001550695,7380,Services-Miscellaneous Business Services
PFS,0001178970,6035,"Savings Institution, Federally Chartered"
PFSA,0001859807,3841,Surgical & Medical Instruments & Apparatus
PFSI,0001745916,6162,Mortgage Bankers & Loan Correspondents
PFTA,0001853580,6770,Blank Checks
PG,0000080424,2840,"Soap, Detergents, Cleang Preparations, Perfumes, Cosmetics"
PGAC,0002030829,6770,Blank Checks
PGC,0001050743,6029,"Commercial Banks, NEC"
PGEN,0001356090,2834,Pharmaceutical Preparations
PGHL,0001966678,1540,General Bldg Contractors - Nonresidential Bldgs
PGNY,0001551306,8090,"Services-Misc Health & Allied Services, NEC"
PGR,0000080661,6331,"Fire, Marine & Casualty Insurance"
PGRE,0001605607,6798,Real Estate Investment Trusts
PGRU,0001873331,7374,Services-Computer Processing & Data Preparation
PGY,0001883085,6199,Finance Services
PH,0000076334,3490,Miscellaneous Fabricated Metal Products
PHAR,0001828316,2834,Pharmaceutical Preparations
PHAT,0001783183,2834,Pharmaceutical Preparations
PHG,0000313216,3844,X-Ray Apparatus & Tubes & Related Irradiation Apparatus
PHGE,0001739174,7372,Services-Prepackaged Software
PHH,0001986247,2840,"Soap, Detergents, Cleang Preparations, Perfumes, Cosmetics"
PHIN,0001968915,3714,Motor Vehicle Parts & Accessories
PHIO,0001533040,2834,Pharmaceutical Preparations
PHLT,0001550695,7380,Services-Miscellaneous Business Services
PHM,0000822416,1531,Operative Builders
PHOE,0002035709,1700,Construction - Special Trade Contractors
PHR,0001412408,7389,"Services-Business Services, NEC"
PHUN,0001665300,7374,Services-Computer Processing & Data Preparation
PHVS,0001830487,2834,Pharmaceutical Preparations
PHX,0000315131,1311,Crude Petroleum & Natural Gas
PHYT,0001848756,6770,Blank Checks
PI,0001114995,3679,"Electronic Components, NEC"
PICS,0001841644,6141,Personal Credit Institutions
PII,0000931015,3790,Miscellaneous Transportation Equipment
PIII,0001832511,8000,Services-Health Services
PIK,0001861522,5961,Retail-Catalog & Mail-Order Houses
PINC,0001577916,8741,Services-Management Services
PINE,0001786117,6798,Real Estate Investment Trusts
PINS,0001506293,7370,"Services-Computer Programming, Data Processing, Etc."
PIPR,0001230245,6211,"Security Brokers, Dealers & Flotation Companies"
PIRS,0001583648,2834,Pharmaceutical Preparations
PITA,0001995194,3690,"Miscellaneous Electrical Machinery, Equipment & Supplies"
PIXY,0001675634,7361,Services-Employment Agencies
PJT,0001626115,6282,Investment Advice
PK,0001617406,7011,Hotels & Motels
PKBK,0001315399,6022,State Commercial Banks
PKE,0000076267,3728,"Aircraft Parts & Auxiliary Equipment, NEC"
PKG,0000075677,2650,Paperboard Containers & Boxes
PKOH,0000076282,3460,Metal Forgings & Stampings
PKST,0001600626,6798,Real Estate Investment Trusts
PL,0001836833,3663,Radio & Tv Broadcasting & Communications Equipment
PLAB,0000810136,3674,Semiconductors & Related Devices
PLAG,0001117057,2030,"Canned, Frozen & Preservd Fruit, Veg & Food Specialties"
PLAO,0001849737,6770,Blank Checks
PLAY,0001525769,5812,Retail-Eating  Places
PLBC,0001168455,6153,Short-Term Business Credit Institutions
PLBL,0002035697,5064,"Wholesale-Electrical Appliances, Tv & Radio Sets"
PLBY,0001803914,5900,Retail-Miscellaneous Retail
PLCE,0001041859,5651,Retail-Family Clothing Stores
PLCI,0002122392,6770,Blank Checks
PLD,0001045609,6798,Real Estate Investment Trusts
PLG,0001095052,1040,Gold and Silver Ores
PLGO,0001636639,6331,"Fire, Marine & Casualty Insurance"
PLL,0001728205,1400,Mining & Quarrying of  Nonmetallic Minerals (No Fuels)
PLMJ,0001845550,6770,Blank Checks
PLMK,0002030482,4911,Electric Services
PLMR,0001761312,6331,"Fire, Marine & Casualty Insurance"
PLNT,0001637207,7997,Services-Membership Sports & Recreation Clubs
PLOW,0001287213,3531,Construction Machinery & Equip
PLPC,0000080035,1623,"Water, Sewer, Pipeline, Comm & Power Line Construction"
PLRX,0001746473,2834,Pharmaceutical Preparations
PLRZ,0001893645,3841,Surgical & Medical Instruments & Apparatus
PLSE,0001625101,3841,Surgical & Medical Instruments & Apparatus
PLSM,0002064764,3841,Surgical & Medical Instruments & Apparatus
PLTK,0001828016,7374,Services-Computer Processing & Data Preparation
PLTR,0001321655,7372,Services-Prepackaged Software
PLTS,0002053033,7372,Services-Prepackaged Software
PLUG,0001093691,3620,Electrical Industrial Apparatus
PLUN,0002065661,6770,Blank Checks
PLUR,0001158780,2836,"Biological Products, (No Diagnostic Substances)"
PLUS,0001022408,5045,Wholesale-Computers & Peripheral Equipment & Software
PLUT,0001933021,6200,"Security & Commodity Brokers, Dealers, Exchanges & Services"
PLX,0001006281,2836,"Biological Products, (No Diagnostic Substances)"
PLXS,0000785786,3672,Printed Circuit Boards
PLYA,0001692412,7011,Hotels & Motels
PLYM,0001515816,6798,Real Estate Investment Trusts
PLYX,0002075320,2834,Pharmaceutical Preparations
PM,0001413329,2111,Cigarettes
PMA,0001956166,1700,Construction - Special Trade Contractors
PMAX,0002012096,7380,Services-Miscellaneous Business Services
PMCB,0001157075,2836,"Biological Products, (No Diagnostic Substances)"
PMD,0000806517,8071,Services-Medical Laboratories
PMEC,0001891944,7340,Services-To Dwellings & Other Buildings
PMI,0002030617,3841,Surgical & Medical Instruments & Apparatus
PMN,0001374339,2834,Pharmaceutical Preparations
PMNT,0001849221,2300,Apparel & Other Finishd Prods of  Fabrics & Similar Matl
PMT,0001464423,6798,Real Estate Investment Trusts
PMTR,0002061473,6770,Blank Checks
PMTS,0001641614,2750,Commercial Printing
PMVP,0001699382,2834,Pharmaceutical Preparations
PN,0002001288,5045,Wholesale-Computers & Peripheral Equipment & Software
PNAQ,0002123955,6770,Blank Checks
PNBK,0001098146,6021,National Commercial Banks
PNC,0000713676,6021,National Commercial Banks
PNFP,0001115055,6021,National Commercial Banks
PNR,0000077360,3550,Special Industry Machinery (No Metalworking Machinery)
PNRG,0000056868,1311,Crude Petroleum & Natural Gas
PNST,0001852633,5810,Retail-Eating & Drinking Places
PNTG,0001766400,8000,Services-Health Services
PNW,0000764622,4911,Electric Services
POAI,0001446159,6199,Finance Services
POAS,0002024258,3823,"Industrial Instruments For Measurement, Display, and Control"
POCI,0000867840,3845,Electromedical & Electrotherapeutic Apparatus
PODC,0001940177,7370,"Services-Computer Programming, Data Processing, Etc."
PODD,0001145197,3841,Surgical & Medical Instruments & Apparatus
POET,0001437424,3674,Semiconductors & Related Devices
POLA,0001622345,3690,"Miscellaneous Electrical Machinery, Equipment & Supplies"
POLE,0002025341,6770,Blank Checks
POM,0001877971,5900,Retail-Miscellaneous Retail
PONO,0002108164,6770,Blank Checks
POOL,0000945841,5090,Wholesale-Misc Durable Goods
POR,0000784977,4911,Electric Services
POST,0001530950,2040,Grain Mill Products
POWI,0000833640,3674,Semiconductors & Related Devices
POWL,0000080420,3613,Switchgear & Switchboard Apparatus
POWW,0001015383,7389,"Services-Business Services, NEC"
PPBI,0001028918,6022,State Commercial Banks
PPBT,0001614744,2834,Pharmaceutical Preparations
PPC,0000802481,2015,Poultry Slaughtering and Processing
PPCB,0001517681,2834,Pharmaceutical Preparations
PPG,0000079879,2851,"Paints, Varnishes, Lacquers, Enamels & Allied Prods"
PPHC,0001903508,8742,Services-Management Consulting Services
PPIH,0000914122,3564,Industrial & Commercial Fans & Blowers & Air Purifing Equip
PPL,0000922224,4911,Electric Services
PPLI,0001800227,7370,"Services-Computer Programming, Data Processing, Etc."
PPLT,0001460235,6221,Commodity Contracts Brokers & Dealers
PPSI,0001449792,3690,"Miscellaneous Electrical Machinery, Equipment & Supplies"
PPTA,0001526243,1040,Gold and Silver Ores
PPYA,0001894057,6770,Blank Checks
PR,0001658566,1311,Crude Petroleum & Natural Gas
PRA,0001127703,6331,"Fire, Marine & Casualty Insurance"
PRAA,0001185348,6153,Short-Term Business Credit Institutions
PRAX,0001689548,2834,Pharmaceutical Preparations
PRCH,0001784535,6321,Accident & Health Insurance
PRCT,0001588978,3841,Surgical & Medical Instruments & Apparatus
PRDO,0001046568,8200,Services-Educational Services
PRE,0001876431,2834,Pharmaceutical Preparations
PRFT,0001085869,7371,Services-Computer Programming Services
PRFX,0001801834,2834,Pharmaceutical Preparations
PRG,0001808834,7359,"Services-Equipment Rental & Leasing, NEC"
PRGO,0001585364,2834,Pharmaceutical Preparations
PRGS,0000876167,7372,Services-Prepackaged Software
PRHI,0001502292,6331,"Fire, Marine & Casualty Insurance"
PRHIZ,0001502292,6331,"Fire, Marine & Casualty Insurance"
PRI,0001475922,6311,Life Insurance
PRIM,0001361538,1623,"Water, Sewer, Pipeline, Comm & Power Line Construction"
PRK,0000805676,6021,National Commercial Banks
PRKS,0001564902,7990,Services-Miscellaneous Amusement & Recreation
PRLB,0001443669,3440,Fabricated Structural Metal Products
PRLD,0001678660,2834,Pharmaceutical Preparations
PRLH,0001856161,6770,Blank Checks
PRM,0001880319,2800,Chemicals & Allied Products
PRMB,0002042694,2080,Beverages
PRME,0001894562,2836,"Biological Products, (No Diagnostic Substances)"
PRMW,0000884713,2086,Bottled & Canned Soft Drinks & Carbonated Waters
PRO,0001392972,7371,Services-Computer Programming Services
PROC,0001863362,2834,Pharmaceutical Preparations
PROF,0001628808,3841,Surgical & Medical Instruments & Apparatus
PROK,0001850270,2836,"Biological Products, (No Diagnostic Substances)"
PROP,0001162896,1311,Crude Petroleum & Natural Gas
PROV,0001010470,6035,"Savings Institution, Federally Chartered"
PRPH,0000868278,2834,Pharmaceutical Preparations
PRPL,0001643953,2510,Household Furniture
PRPO,0001043961,3826,Laboratory Analytical Instruments
PRQR,0001612940,2834,Pharmaceutical Preparations
PRSO,0000890394,3674,Semiconductors & Related Devices
PRSU,0000884219,7990,Services-Miscellaneous Amusement & Recreation
PRTA,0001559053,2834,Pharmaceutical Preparations
PRTG,0001095435,6199,Finance Services
PRTH,0001653558,7389,"Services-Business Services, NEC"
PRTS,0001378950,5531,Retail-Auto & Home Supply Stores
PRU,0001137774,6311,Life Insurance
PRVA,0001759655,8000,Services-Health Services
PRZO,0001916241,3728,"Aircraft Parts & Auxiliary Equipment, NEC"
PS,0002026053,6282,Investment Advice
PSA,0001393311,6798,Real Estate Investment Trusts
PSFE,0001833835,7389,"Services-Business Services, NEC"
PSHG,0001481241,4412,Deep Sea Foreign Transportation of  Freight
PSIG,0001997201,4731,Arrangement of  Transportation of  Freight & Cargo
PSIX,0001137091,3510,Engines & Turbines
PSKY,0002041610,4833,Television Broadcasting Stations
PSMT,0001041803,5331,Retail-Variety Stores
PSN,0000275880,7373,Services-Computer Integrated Systems Design
PSNL,0001527753,8071,Services-Medical Laboratories
PSNY,0001884082,3711,Motor Vehicles & Passenger Car Bodies
PSNYW,0001884082,3711,Motor Vehicles & Passenger Car Bodies
PSQH,0001847064,7310,Services-Advertising
PSQL,0002119292,7374,Services-Computer Processing & Data Preparation
PSTG,0001474432,3572,Computer Storage Devices
PSTL,0001759774,6798,Real Estate Investment Trusts
PSTV,0001095981,3841,Surgical & Medical Instruments & Apparatus
PSTX,0001661460,2836,"Biological Products, (No Diagnostic Substances)"
PSX,0001534701,2911,Petroleum Refining
PTAC,0002099095,6770,Blank Checks
PTC,0000857005,7372,Services-Prepackaged Software
PTCT,0001070081,2834,Pharmaceutical Preparations
PTEN,0000889900,1381,Drilling Oil & Gas Wells
PTGX,0001377121,2834,Pharmaceutical Preparations
PTHL,0001970544,3845,Electromedical & Electrotherapeutic Apparatus
PTHS,0001919246,2836,"Biological Products, (No Diagnostic Substances)"
PTIX,0001022899,2834,Pharmaceutical Preparations
PTLE,0002016337,5172,Wholesale-Petroleum & Petroleum Products (No Bulk Stations)
PTLO,0001871509,5812,Retail-Eating  Places
PTN,0000911216,2834,Pharmaceutical Preparations
PTNM,0002046573,2844,"Perfumes, Cosmetics & Other Toilet Preparations"
PTON,0001639825,3949,"Sporting & Athletic Goods, NEC"
PTOR,0002093912,6770,Blank Checks
PTPI,0001815903,2834,Pharmaceutical Preparations
PTRN,0001811935,5961,Retail-Catalog & Mail-Order Houses
PTSI,0000798287,4213,Trucking (No Local)
PTVE,0001527508,2673,"Plastics, Foil & Coated Paper Bags"
PUBM,0001422930,7370,"Services-Computer Programming, Data Processing, Etc."
PULM,0001574235,2834,Pharmaceutical Preparations
PUMP,0001680247,1389,"Oil & Gas Field Services, NEC"
PURR,0002078856,6199,Finance Services
PUSA,0002009312,7997,Services-Membership Sports & Recreation Clubs
PVBC,0001778784,6036,"Savings Institutions, Not Federally Chartered"
PVH,0000078239,2320,"Men's & Boys' Furnishgs, Work Clothg, & Allied Garments"
PVL,0001520048,1311,Crude Petroleum & Natural Gas
PVLA,0001583648,2834,Pharmaceutical Preparations
PW,0001532619,6798,Real Estate Investment Trusts
PWCM,0001640384,6199,Finance Services
PWM,0001765850,6199,Finance Services
PWOD,0000716605,6022,State Commercial Banks
PWP,0001777835,6199,Finance Services
PWR,0001050915,1731,Electrical Work
PWUP,0001847345,2834,Pharmaceutical Preparations
PX,0001841968,6282,Investment Advice
PXED,0001600222,8200,Services-Educational Services
PXLW,0001040161,7372,Services-Prepackaged Software
PXS,0001640043,4412,Deep Sea Foreign Transportation of  Freight
PYCR,0001839439,7372,Services-Prepackaged Software
PYPD,0001611842,3841,Surgical & Medical Instruments & Apparatus
PYPL,0001633917,7389,"Services-Business Services, NEC"
PYXS,0001782223,2834,Pharmaceutical Preparations
PZG,0001629210,1000,Metal Mining
PZZA,0000901491,5812,Retail-Eating  Places
Q,0002058873,3674,Semiconductors & Related Devices
QADR,0002083217,6770,Blank Checks
QBTS,0001907982,7374,Services-Computer Processing & Data Preparation
QCLS,0001321834,2835,In Vitro & In Vivo Diagnostic Substances
QCOM,0000804328,3663,Radio & Tv Broadcasting & Communications Equipment
QCRH,0000906465,6022,State Commercial Banks
QDEL,0001906324,2835,In Vitro & In Vivo Diagnostic Substances
QETA,0001978528,6770,Blank Checks
QGEN,0001015820,2836,"Biological Products, (No Diagnostic Substances)"
QH,0001781193,7389,"Services-Business Services, NEC"
QIPT,0001540013,8090,"Services-Misc Health & Allied Services, NEC"
QLEP,0002102155,6770,Blank Checks
QLGN,0001460702,6199,Finance Services
QLYS,0001107843,7372,Services-Prepackaged Software
QMCO,0000709283,3572,Computer Storage Devices
QMLS,0002084026,7374,Services-Computer Processing & Data Preparation
QMMM,0001971542,7311,Services-Advertising Agencies
QNBC,0000750558,6022,State Commercial Banks
QNC,0002106613,7372,Services-Prepackaged Software
QNCX,0001662774,2836,"Biological Products, (No Diagnostic Substances)"
QNME,0001996192,4731,Arrangement of  Transportation of  Freight & Cargo
QNRX,0001671502,2834,Pharmaceutical Preparations
QNST,0001117297,7389,"Services-Business Services, NEC"
QNT,0002110105,7373,Services-Computer Integrated Systems Design
QNTM,0001771885,2834,Pharmaceutical Preparations
QOMO,0001894210,6770,Blank Checks
QRED,0002085177,6770,Blank Checks
QRHC,0001442236,4953,Refuse Systems
QRTEA,0001355096,5961,Retail-Catalog & Mail-Order Houses
QRTEB,0001355096,5961,Retail-Catalog & Mail-Order Houses
QRVO,0001604778,3674,Semiconductors & Related Devices
QS,0001811414,3690,"Miscellaneous Electrical Machinery, Equipment & Supplies"
QSEA,0002047455,6770,Blank Checks
QSI,0001816431,3829,"Measuring & Controlling Devices, NEC"
QSR,0001618756,5812,Retail-Eating  Places
QTEX,0001837493,3841,Surgical & Medical Instruments & Apparatus
QTI,0001844505,3845,Electromedical & Electrotherapeutic Apparatus
QTRX,0001503274,3826,Laboratory Analytical Instruments
QTTB,0001661998,2834,Pharmaceutical Preparations
QTWO,0001410384,7372,Services-Prepackaged Software
QUAD,0001481792,2750,Commercial Printing
QUBT,0001758009,7372,Services-Prepackaged Software
QUCY,0001874252,2834,Pharmaceutical Preparations
QUIK,0000882508,3674,Semiconductors & Related Devices
QUMS,0002070900,6770,Blank Checks
QURE,0001590560,2834,Pharmaceutical Preparations
QVCG,0001254699,5961,Retail-Catalog & Mail-Order Houses
QXL,0000797542,7372,Services-Prepackaged Software
QXO,0001236275,5030,Wholesale-Lumber & Other Construction Materials
R,0000085961,7510,Services-Auto Rental & Leasing (No Drivers)
RAAQ,0002052161,6770,Blank Checks
RAC,0002047497,6770,Blank Checks
RACC,0002118032,2834,Pharmaceutical Preparations
RACD,0002137777,6770,Blank Checks
RACE,0001648416,3711,Motor Vehicles & Passenger Car Bodies
RAIL,0001320854,3743,Railroad Equipment
RAIN,0002028293,3590,Misc Industrial & Commercial Machinery & Equipment
RAL,0002041385,3823,"Industrial Instruments For Measurement, Display, and Control"
RAMP,0000733269,7374,Services-Computer Processing & Data Preparation
RANG,0002035644,6770,Blank Checks
RANI,0001856725,2834,Pharmaceutical Preparations
RAPP,0002012593,2834,Pharmaceutical Preparations
RAPT,0001673772,2834,Pharmaceutical Preparations
RARE,0001515673,2834,Pharmaceutical Preparations
RAVE,0000718332,5140,Wholesale-Groceries & Related Products
RAY,0001948443,3630,Household Appliances
RAYA,0001825875,3621,Motors & Generators
RBA,0001046102,7389,"Services-Business Services, NEC"
RBB,0001499422,6022,State Commercial Banks
RBBN,0001708055,7373,Services-Computer Integrated Systems Design
RBC,0001324948,3562,Ball & Roller Bearings
RBCAA,0000921557,6022,State Commercial Banks
RBKB,0001751783,6036,"Savings Institutions, Not Federally Chartered"
RBLX,0001315098,7372,Services-Prepackaged Software
RBNE,0002039060,4412,Deep Sea Foreign Transportation of  Freight
RBOT,0001812173,3842,"Orthopedic, Prosthetic & Surgical Appliances & Supplies"
RBRK,0001943896,7372,Services-Prepackaged Software
RC,0001527590,6798,Real Estate Investment Trusts
RCAT,0000748268,7372,Services-Prepackaged Software
RCEL,0001762303,3841,Surgical & Medical Instruments & Apparatus
RCFA,0001870143,1040,Gold and Silver Ores
RCI,0000733099,4841,Cable & Other Pay Television Services
RCKT,0001281895,2834,Pharmaceutical Preparations
RCKY,0000895456,3140,"Footwear, (No Rubber)"
RCL,0000884887,4400,Water Transportation
RCM,0001910851,8741,Services-Management Services
RCMT,0000700841,7363,Services-Help Supply Services
RCON,0001442620,1389,"Oil & Gas Field Services, NEC"
RCT,0002027360,5990,"Retail-Retail Stores, NEC"
RCUS,0001724521,2834,Pharmaceutical Preparations
RDAC,0002018145,6770,Blank Checks
RDAG,0002055459,6770,Blank Checks
RDCM,0001016838,3577,"Computer Peripheral Equipment, NEC"
RDDT,0001713445,7374,Services-Computer Processing & Data Preparation
RDFN,0001382821,6531,Real Estate Agents & Managers (For Others)
RDGT,0001856084,5912,Retail-Drug Stores and Proprietary Stores
RDHL,0001553846,2834,Pharmaceutical Preparations
RDI,0000716634,7830,Services-Motion Picture Theaters
RDIB,0000716634,7830,Services-Motion Picture Theaters
RDN,0000890926,6351,Surety Insurance
RDNT,0000790526,8071,Services-Medical Laboratories
RDNW,0001596961,7371,Services-Computer Programming Services
RDUS,0000912603,5090,Wholesale-Misc Durable Goods
RDVT,0001720116,7372,Services-Prepackaged Software
RDW,0001819810,3760,Guided Missiles & Space Vehicles & Parts
RDWR,0001094366,7389,"Services-Business Services, NEC"
RDY,0001135951,2834,Pharmaceutical Preparations
RDZN,0001868640,6411,"Insurance Agents, Brokers & Service"
REA,0002095743,1000,Metal Mining
REAL,0001573221,5900,Retail-Miscellaneous Retail
REAX,0001862461,6531,Real Estate Agents & Managers (For Others)
REBN,0001707910,5812,Retail-Eating  Places
RECT,0001995116,3420,"Cutlery, Handtools & General Hardware"
REE,0001843588,3711,Motor Vehicles & Passenger Car Bodies
REED,0001140215,2086,Bottled & Canned Soft Drinks & Carbonated Waters
REF,0001787117,2330,"Women's, Misses':  and Juniors Outerwear"
REFI,0001867949,6798,Real Estate Investment Trusts
REFR,0000793524,6794,Patent Owners & Lessors
REG,0000910606,6798,Real Estate Investment Trusts
REGN,0000872589,2834,Pharmaceutical Preparations
REI,0001384195,1311,Crude Petroleum & Natural Gas
REKR,0001697851,3669,"Communications Equipment, NEC"
RELI,0001812727,6411,"Insurance Agents, Brokers & Service"
RELL,0000355948,5065,"Wholesale-Electronic Parts & Equipment, NEC"
RELY,0001782170,7389,"Services-Business Services, NEC"
RENB,0001527728,2834,Pharmaceutical Preparations
RENE,0001889112,6770,Blank Checks
RENT,0001468327,5990,"Retail-Retail Stores, NEC"
RENX,0001959023,4953,Refuse Systems
REPL,0001737953,2836,"Biological Products, (No Diagnostic Substances)"
REPX,0001001614,1311,Crude Petroleum & Natural Gas
RES,0000742278,1389,"Oil & Gas Field Services, NEC"
RETO,0001687277,3290,"Abrasive, Asbestos & Misc Nonmetallic Mineral Prods"
REVB,0001810560,2834,Pharmaceutical Preparations
REVG,0001687221,3711,Motor Vehicles & Passenger Car Bodies
REX,0000744187,2860,Industrial Organic Chemicals
REXR,0001571283,6798,Real Estate Investment Trusts
REYN,0001786431,2673,"Plastics, Foil & Coated Paper Bags"
REZI,0001740332,5072,Wholesale-Hardware
RF,0001281761,6021,National Commercial Banks
RFAC,0001847607,6770,Blank Checks
RFAI,0002012807,6770,Blank Checks
RFAM,0002091712,6770,Blank Checks
RFIL,0000740664,3678,Electronic Connectors
RFL,0001713863,2834,Pharmaceutical Preparations
RGA,0000898174,6311,Life Insurance
RGC,0001829667,2833,Medicinal Chemicals & Botanical Products
RGCO,0001069533,4923,Natural Gas Transmisison & Distribution
RGEN,0000730272,2836,"Biological Products, (No Diagnostic Substances)"
RGF,0001871149,2000,Food and Kindred Products
RGLD,0000085535,6795,Mineral Royalty Traders
RGLS,0001505512,2834,Pharmaceutical Preparations
RGNT,0001912966,3842,"Orthopedic, Prosthetic & Surgical Appliances & Supplies"
RGNX,0001590877,2836,"Biological Products, (No Diagnostic Substances)"
RGP,0001084765,7389,"Services-Business Services, NEC"
RGR,0000095029,3480,"Ordnance & Accessories, (No Vehicles/Guided Missiles)"
RGS,0000716643,7200,Services-Personal Services
RGTI,0001838359,7371,Services-Computer Programming Services
RH,0001528849,5712,Retail-Furniture Stores
RHE,0001004724,6519,"Lessors of  Real Property, NEC"
RHI,0000315213,7363,Services-Help Supply Services
RHLD,0002039497,6199,Finance Services
RHP,0001040829,6798,Real Estate Investment Trusts
RIBB,0002035016,6770,Blank Checks
RICK,0000935419,5812,Retail-Eating  Places
RIG,0001451505,1381,Drilling Oil & Gas Wells
RIGL,0001034842,2834,Pharmaceutical Preparations
RILY,0001464790,6282,Investment Advice
RILYG,0001464790,6282,Investment Advice
RILYK,0001464790,6282,Investment Advice
RILYL,0001464790,6282,Investment Advice
RILYN,0001464790,6282,Investment Advice
RILYT,0001464790,6282,Investment Advice
RILYZ,0001464790,6282,Investment Advice
RIME,0000923601,7373,Services-Computer Integrated Systems Design
RIOT,0001167419,6199,Finance Services
RITM,0001556593,6798,Real Estate Investment Trusts
RITR,0001951229,6510,Real Estate Operators (No Developers) & Lessors
RIVN,0001874178,3711,Motor Vehicles & Passenger Car Bodies
RJET,0000810332,4512,"Air Transportation, Scheduled"
RJF,0000720005,6211,"Security Brokers, Dealers & Flotation Companies"
RKDA,0001469443,1311,Crude Petroleum & Natural Gas
RKLB,0001819994,3760,Guided Missiles & Space Vehicles & Parts
RKT,0001805284,6162,Mortgage Bankers & Loan Correspondents
RKTO,0001711786,2834,Pharmaceutical Preparations
RL,0001037038,2320,"Men's & Boys' Furnishgs, Work Clothg, & Allied Garments"
RLAY,0001812364,2836,"Biological Products, (No Diagnostic Substances)"
RLGT,0001171155,4731,Arrangement of  Transportation of  Freight & Cargo
RLI,0000084246,6331,"Fire, Marine & Casualty Insurance"
RLJ,0001511337,6798,Real Estate Investment Trusts
RLMD,0001553643,2834,Pharmaceutical Preparations
RLYB,0001739410,2834,Pharmaceutical Preparations
RM,0001519401,6141,Personal Credit Institutions
RMAX,0001581091,6531,Real Estate Agents & Managers (For Others)
RMBI,0001767837,6022,State Commercial Banks
RMBL,0001596961,7371,Services-Computer Programming Services
RMBS,0000917273,3674,Semiconductors & Related Devices
RMCF,0001616262,2060,Sugar & Confectionery Products
RMCO,0001843656,6794,Patent Owners & Lessors
RMD,0000943819,3841,Surgical & Medical Instruments & Apparatus
RMIX,0002094433,3272,"Concrete Products, Except Block & Brick"
RMNI,0001635282,7389,"Services-Business Services, NEC"
RMR,0001644378,8742,Services-Management Consulting Services
RMSG,0001983324,7370,"Services-Computer Programming, Data Processing, Etc."
RMTI,0001041024,2834,Pharmaceutical Preparations
RNA,0001599901,2834,Pharmaceutical Preparations
RNAC,0001453687,2834,Pharmaceutical Preparations
RNAQ,0002147219,6770,Blank Checks
RNAZ,0001829635,2834,Pharmaceutical Preparations
RNG,0001384905,7374,Services-Computer Processing & Data Preparation
RNGR,0001699039,1389,"Oil & Gas Field Services, NEC"
RNGT,0002078653,6770,Blank Checks
RNR,0000913144,6331,"Fire, Marine & Casualty Insurance"
RNST,0000715072,6022,State Commercial Banks
RNTX,0001420565,2834,Pharmaceutical Preparations
RNW,0001848763,4911,Electric Services
RNXT,0001574094,3841,Surgical & Medical Instruments & Apparatus
ROAD,0001718227,1600,Heavy Construction Other Than Bldg Const - Contractors
ROC,0002077709,7372,Services-Prepackaged Software
ROCK,0000912562,3310,"Steel Works, Blast Furnaces & Rolling & Finishing Mills"
ROCL,0001885998,1311,Crude Petroleum & Natural Gas
ROG,0000084748,2821,"Plastic Materials, Synth Resins & Nonvulcan Elastomers"
ROIC,0001407623,6798,Real Estate Investment Trusts
ROIV,0001635088,2834,Pharmaceutical Preparations
ROK,0001024478,3829,"Measuring & Controlling Devices, NEC"
ROKU,0001428439,4841,Cable & Other Pay Television Services
ROL,0000084839,7340,Services-To Dwellings & Other Buildings
ROLR,0001947210,7900,Services-Amusement & Recreation Services
ROMA,0001945240,8742,Services-Management Consulting Services
ROOT,0001788882,6331,"Fire, Marine & Casualty Insurance"
ROP,0000882835,3823,"Industrial Instruments For Measurement, Display, and Control"
ROST,0000745732,5651,Retail-Family Clothing Stores
RPAY,0001720592,7389,"Services-Business Services, NEC"
RPC,0001841968,6282,Investment Advice
RPD,0001560327,7372,Services-Prepackaged Software
RPGL,0001912884,7372,Services-Prepackaged Software
RPHM,0001637715,2834,Pharmaceutical Preparations
RPID,0001380106,3826,Laboratory Analytical Instruments
RPM,0000110621,2851,"Paints, Varnishes, Lacquers, Enamels & Allied Prods"
RPRX,0001802768,2834,Pharmaceutical Preparations
RPT,0001614806,6798,Real Estate Investment Trusts
RPTX,0001808158,2834,Pharmaceutical Preparations
RR,0001963685,3569,"General Industrial Machinery & Equipment, NEC"
RRAC,0001860879,6770,Blank Checks
RRBI,0001071236,6022,State Commercial Banks
RRC,0000315852,1311,Crude Petroleum & Natural Gas
RREV,0002123969,6770,Blank Checks
RRGB,0001171759,5812,Retail-Eating  Places
RRR,0001653653,7011,Hotels & Motels
RRX,0000082811,3569,"General Industrial Machinery & Equipment, NEC"
RS,0000861884,5051,Wholesale-Metals Service Centers & of fices
RSG,0001060391,4953,Refuse Systems
RSI,0001793659,7990,Services-Miscellaneous Amusement & Recreation
RSKD,0001851112,7389,"Services-Business Services, NEC"
RSLS,0001427570,2834,Pharmaceutical Preparations
RSSS,0001386301,7389,"Services-Business Services, NEC"
RSVR,0001824403,7900,Services-Amusement & Recreation Services
RTAC,0002035173,6770,Blank Checks
RTB,0001419275,8742,Services-Management Consulting Services
RTC,0001381074,7372,Services-Prepackaged Software
RTX,0000101829,3724,Aircraft Engines & Engine Parts
RUBI,0001943421,4400,Water Transportation
RUM,0001830081,7370,"Services-Computer Programming, Data Processing, Etc."
RUN,0001469367,1700,Construction - Special Trade Contractors
RUSHA,0001012019,5500,Retail-Auto Dealers & Gasoline Stations
RUSHB,0001012019,5500,Retail-Auto Dealers & Gasoline Stations
RVLV,0001746618,5961,Retail-Catalog & Mail-Order Houses
RVMD,0001628171,2836,"Biological Products, (No Diagnostic Substances)"
RVNC,0001479290,2834,Pharmaceutical Preparations
RVP,0000946563,3841,Surgical & Medical Instruments & Apparatus
RVPH,0001742927,2834,Pharmaceutical Preparations
RVSB,0001041368,6035,"Savings Institution, Federally Chartered"
RVSN,0001743905,3743,Railroad Equipment
RVTY,0000031791,3826,Laboratory Analytical Instruments
RVYL,0001419275,8742,Services-Management Consulting Services
RWT,0000930236,6798,Real Estate Investment Trusts
RXO,0001929561,4700,Transportation Services
RXRX,0001601830,2836,"Biological Products, (No Diagnostic Substances)"
RXST,0001111485,3851,Ophthalmic Goods
RXT,0001810019,7370,"Services-Computer Programming, Data Processing, Etc."
RY,0001000275,6029,"Commercial Banks, NEC"
RYAAY,0001038683,4512,"Air Transportation, Scheduled"
RYAM,0001597672,2611,Pulp Mills
RYAN,0001849253,6411,"Insurance Agents, Brokers & Service"
RYDE,0001971115,7389,"Services-Business Services, NEC"
RYET,0001873454,7372,Services-Prepackaged Software
RYI,0001481582,5051,Wholesale-Metals Service Centers & of fices
RYM,0001800637,0700,Agricultural Services
RYN,0000052827,6798,Real Estate Investment Trusts
RYOJ,0002012600,8742,Services-Management Consulting Services
RYTM,0001649904,2834,Pharmaceutical Preparations
RYZ,0001481582,5051,Wholesale-Metals Service Centers & of fices
RZAI,0002075335,7373,Services-Computer Integrated Systems Design
RZLT,0001509261,2834,Pharmaceutical Preparations
RZLV,0001920294,7370,"Services-Computer Programming, Data Processing, Etc."
S,0001583708,7372,Services-Prepackaged Software
SA,0001231346,1040,Gold and Silver Ores
SAAQ,0002091222,6770,Blank Checks
SABR,0001597033,7370,"Services-Computer Programming, Data Processing, Etc."
SABS,0001833214,2836,"Biological Products, (No Diagnostic Substances)"
SAC,0002082844,6770,Blank Checks
SACH,0001682220,6798,Real Estate Investment Trusts
SAFE,0001095651,6798,Real Estate Investment Trusts
SAFT,0001172052,6331,"Fire, Marine & Casualty Insurance"
SAFX,0002019793,2860,Industrial Organic Chemicals
SAG,0001933951,5010,Wholesale-Motor Vehicles & Motor Vehicle Parts & Supplies
SAGE,0001597553,2834,Pharmaceutical Preparations
SAGT,0002029138,7372,Services-Prepackaged Software
SAGU,0002083452,6770,Blank Checks
SAH,0001043509,5500,Retail-Auto Dealers & Gasoline Stations
SAIA,0001177702,4213,Trucking (No Local)
SAIC,0001571123,7373,Services-Computer Integrated Systems Design
SAIH,0001847075,6199,Finance Services
SAIL,0002030781,7372,Services-Prepackaged Software
SAM,0000949870,2082,Malt Beverages
SAMG,0001549966,6282,Investment Advice
SAMO,0002125567,6770,Blank Checks
SANA,0001770121,2836,"Biological Products, (No Diagnostic Substances)"
SAND,0001434614,1040,Gold and Silver Ores
SANG,0001753368,7370,"Services-Computer Programming, Data Processing, Etc."
SANM,0000897723,3672,Printed Circuit Boards
SANW,0001477246,0100,Agricultural Production-Crops
SARO,0002025410,3724,Aircraft Engines & Engine Parts
SASR,0000824410,6021,National Commercial Banks
SATL,0001874315,3663,Radio & Tv Broadcasting & Communications Equipment
SATS,0001415404,4899,"Communications Services, NEC"
SATX,0001915403,3663,Radio & Tv Broadcasting & Communications Equipment
SAVA,0001069530,2834,Pharmaceutical Preparations
SAVE,0001498710,4512,"Air Transportation, Scheduled"
SB,0001434754,4412,Deep Sea Foreign Transportation of  Freight
SBAC,0001034054,6798,Real Estate Investment Trusts
SBC,0001930313,8011,Services-Offices & Clinics of  Doctors of  Medicine
SBCF,0000730708,6022,State Commercial Banks
SBDS,0001870600,3949,"Sporting & Athletic Goods, NEC"
SBET,0001981535,6199,Finance Services
SBEV,0001553788,2080,Beverages
SBFG,0000767405,6022,State Commercial Banks
SBFM,0001402328,2834,Pharmaceutical Preparations
SBGI,0001971213,4833,Television Broadcasting Stations
SBH,0001368458,5990,"Retail-Retail Stores, NEC"
SBLK,0001386716,4412,Deep Sea Foreign Transportation of  Freight
SBMT,0002067674,1040,Gold and Silver Ores
SBR,0000710752,6792,Oil Royalty Traders
SBRA,0001492298,6798,Real Estate Investment Trusts
SBS,0001170858,4941,Water Supply
SBSI,0000705432,6022,State Commercial Banks
SBT,0001680379,6035,"Savings Institution, Federally Chartered"
SBUX,0000829224,5810,Retail-Eating & Drinking Places
SBXC,0001859686,6770,Blank Checks
SBXD,0002015947,6770,Blank Checks
SBXE,0002081909,6770,Blank Checks
SCCO,0001001838,1000,Metal Mining
SCHL,0000866729,2731,Books: Publishing or  Publishing & Printing
SCHW,0000316709,6211,"Security Brokers, Dealers & Flotation Companies"
SCI,0000089089,7200,Services-Personal Services
SCII,0002076739,6770,Blank Checks
SCKT,0000944075,3571,Electronic Computers
SCL,0000094049,2840,"Soap, Detergents, Cleang Preparations, Perfumes, Cosmetics"
SCLX,0001820190,2836,"Biological Products, (No Diagnostic Substances)"
SCNI,0001611747,2836,"Biological Products, (No Diagnostic Substances)"
SCNX,0001382574,2834,Pharmaceutical Preparations
SCO,0001415311,6221,Commodity Contracts Brokers & Dealers
SCOR,0001158172,7389,"Services-Business Services, NEC"
SCPH,0001604950,2834,Pharmaceutical Preparations
SCPQ,0002083143,6770,Blank Checks
SCPX,0001476963,2834,Pharmaceutical Preparations
SCS,0001050825,2522,Office Furniture (No Wood)
SCSC,0000918965,5045,Wholesale-Computers & Peripheral Equipment & Software
SCTX,0001853921,2836,"Biological Products, (No Diagnostic Substances)"
SCVL,0000895447,5661,Retail-Shoe Stores
SCWO,0000933972,3621,Motors & Generators
SCWX,0001468666,7372,Services-Prepackaged Software
SCYX,0001178253,2834,Pharmaceutical Preparations
SCZM,0001548536,1040,Gold and Silver Ores
SD,0001349436,1311,Crude Petroleum & Natural Gas
SDA,0001936804,7500,"Services-Automotive Repair, Services & Parking"
SDEV,0001389545,6199,Finance Services
SDGR,0001490978,2834,Pharmaceutical Preparations
SDHC,0001982518,1531,Operative Builders
SDHI,0002034037,6770,Blank Checks
SDIG,0001856028,6199,Finance Services
SDM,0002014955,7380,Services-Miscellaneous Business Services
SDOT,0001701756,5810,Retail-Eating & Drinking Places
SDRL,0001737706,1381,Drilling Oil & Gas Wells
SDST,0001831979,3330,Primary Smelting & Refining of  Nonferrous Metals
SEAT,0001856031,7990,Services-Miscellaneous Amusement & Recreation
SEB,0000088121,5150,Wholesale-Farm Product Raw Materials
SECZ,0002094496,6199,Finance Services
SEDA,0001846975,6770,Blank Checks
SEDG,0001419612,3674,Semiconductors & Related Devices
SEE,0001012100,2820,"Plastic Material, Synth Resin/Rubber, Cellulos (No Glass)"
SEED,0001321851,0100,Agricultural Production-Crops
SEEL,0001017491,2834,Pharmaceutical Preparations
SEER,0001726445,3826,Laboratory Analytical Instruments
SEG,0002009684,7990,Services-Miscellaneous Amusement & Recreation
SEGG,0001673481,7372,Services-Prepackaged Software
SEI,0001697500,3533,Oil & Gas Field Machinery & Equipment
SEIC,0000350894,6211,"Security Brokers, Dealers & Flotation Companies"
SELF,0001031235,6798,Real Estate Investment Trusts
SELX,0001990950,3674,Semiconductors & Related Devices
SEM,0001320414,8060,Services-Hospitals
SEMR,0001831840,7372,Services-Prepackaged Software
SENEA,0000088948,2033,"Canned, Fruits, Veg, Preserves, Jams & Jellies"
SENEB,0000088948,2033,"Canned, Fruits, Veg, Preserves, Jams & Jellies"
SENS,0001616543,3823,"Industrial Instruments For Measurement, Display, and Control"
SEPN,0001984086,2834,Pharmaceutical Preparations
SER,0001708599,2834,Pharmaceutical Preparations
SERA,0001534969,8071,Services-Medical Laboratories
SERV,0001832483,3569,"General Industrial Machinery & Equipment, NEC"
SES,0001819142,3690,"Miscellaneous Electrical Machinery, Equipment & Supplies"
SEV,0001786471,3711,Motor Vehicles & Passenger Car Bodies
SEVN,0001452477,6798,Real Estate Investment Trusts
SEZL,0001662991,7389,"Services-Business Services, NEC"
SF,0000720672,6211,"Security Brokers, Dealers & Flotation Companies"
SFBC,0001541119,6035,"Savings Institution, Federally Chartered"
SFBS,0001430723,6022,State Commercial Banks
SFD,0000091388,2011,Meat Packing Plants
SFHG,0001926792,2750,Commercial Printing
SFIX,0001576942,5961,Retail-Catalog & Mail-Order Houses
SFL,0001289877,4412,Deep Sea Foreign Transportation of  Freight
SFM,0001575515,5411,Retail-Grocery Stores
SFNC,0000090498,6021,National Commercial Banks
SFST,0001090009,6021,National Commercial Banks
SFWL,0001863218,4210,Trucking & Courier Services (No Air)
SG,0001477815,5812,Retail-Eating  Places
SGA,0000886136,4832,Radio Broadcasting Stations
SGBX,0001023994,5030,Wholesale-Lumber & Other Construction Materials
SGC,0000095574,2300,Apparel & Other Finishd Prods of  Fabrics & Similar Matl
SGD,0001959023,4953,Refuse Systems
SGH,0001616533,3674,Semiconductors & Related Devices
SGHC,0001878057,7990,Services-Miscellaneous Amusement & Recreation
SGHT,0001531177,3841,Surgical & Medical Instruments & Apparatus
SGI,0001206264,2510,Household Furniture
SGLY,0001422892,4731,Arrangement of  Transportation of  Freight & Cargo
SGMA,0000915358,3672,Printed Circuit Boards
SGML,0001848309,1000,Metal Mining
SGMO,0001001233,2836,"Biological Products, (No Diagnostic Substances)"
SGMT,0001400118,2834,Pharmaceutical Preparations
SGN,0001898474,7374,Services-Computer Processing & Data Preparation
SGP,0001778922,3841,Surgical & Medical Instruments & Apparatus
SGRP,0001004989,7389,"Services-Business Services, NEC"
SGRX,0001735556,6199,Finance Services
SGRY,0001638833,8062,"Services-General Medical & Surgical Hospitals, NEC"
SGU,0001002590,5990,"Retail-Retail Stores, NEC"
SHAK,0001620533,5810,Retail-Eating & Drinking Places
SHAZ,0002068385,7374,Services-Computer Processing & Data Preparation
SHBI,0001035092,6021,National Commercial Banks
SHC,0001822479,8090,"Services-Misc Health & Allied Services, NEC"
SHCO,0001846510,7011,Hotels & Motels
SHCR,0001816233,8000,Services-Health Services
SHEN,0000354963,4813,Telephone Communications (No Radiotelephone)
SHFS,0001854963,6199,Finance Services
SHIM,0001887944,1600,Heavy Construction Other Than Bldg Const - Contractors
SHIP,0001448397,4412,Deep Sea Foreign Transportation of  Freight
SHLS,0001831651,3674,Semiconductors & Related Devices
SHMD,0001987240,3590,Misc Industrial & Commercial Machinery & Equipment
SHNY,0000927971,6029,"Commercial Banks, NEC"
SHO,0001295810,7011,Hotels & Motels
SHOE,0000895447,5661,Retail-Shoe Stores
SHOO,0000913241,3140,"Footwear, (No Rubber)"
SHOP,0001594805,7372,Services-Prepackaged Software
SHOT,0001760903,2844,"Perfumes, Cosmetics & Other Toilet Preparations"
SHPH,0001757499,2834,Pharmaceutical Preparations
SHW,0000089800,5200,"Retail-Building Materials, Hardware, Garden Supply"
SHYF,0000743238,3531,Construction Machinery & Equip
SI,0001699350,3841,Surgical & Medical Instruments & Apparatus
SIBN,0001459839,3841,Surgical & Medical Instruments & Apparatus
SIDU,0001879726,4812,Radiotelephone Communications
SIEB,0000065596,6211,"Security Brokers, Dealers & Flotation Companies"
SIF,0000090168,3724,Aircraft Engines & Engine Parts
SIFY,0001094324,7370,"Services-Computer Programming, Data Processing, Etc."
SIG,0000832988,5944,Retail-Jewelry Stores
SIGA,0001010086,2834,Pharmaceutical Preparations
SIGI,0000230557,6331,"Fire, Marine & Casualty Insurance"
SII,0001512920,6199,Finance Services
SILA,0001567925,6798,Real Estate Investment Trusts
SILC,0000916793,3576,Computer Communications Equipment
SILO,0001514183,2834,Pharmaceutical Preparations
SILV,0001659520,1040,Gold and Silver Ores
SIMA,0002014982,6770,Blank Checks
SIND,0002096861,1040,Gold and Silver Ores
SINT,0001269026,3841,Surgical & Medical Instruments & Apparatus
SION,0002036042,2834,Pharmaceutical Preparations
SIRI,0000908937,4832,Radio Broadcasting Stations
SISI,0001300734,0100,Agricultural Production-Crops
SITC,0000894315,6798,Real Estate Investment Trusts
SITE,0001650729,5040,Wholesale-Professional & Commercial Equipment & Supplies
SITM,0001451809,3674,Semiconductors & Related Devices
SJ,0001753673,7374,Services-Computer Processing & Data Preparation
SJM,0000091419,2033,"Canned, Fruits, Veg, Preserves, Jams & Jellies"
SJT,0000319655,6792,Oil Royalty Traders
SJW,0000766829,4941,Water Supply
SKBL,0002031009,1700,Construction - Special Trade Contractors
SKE,0001713748,1040,Gold and Silver Ores
SKGR,0001912461,6770,Blank Checks
SKIL,0001774675,7372,Services-Prepackaged Software
SKIN,0001818093,3841,Surgical & Medical Instruments & Apparatus
SKK,0001991261,1623,"Water, Sewer, Pipeline, Comm & Power Line Construction"
SKLZ,0001801661,7374,Services-Computer Processing & Data Preparation
SKT,0000899715,6798,Real Estate Investment Trusts
SKWD,0001519449,6331,"Fire, Marine & Casualty Insurance"
SKX,0001065837,3140,"Footwear, (No Rubber)"
SKY,0000090896,2451,Mobile Homes
SKYA,0001737995,6199,Finance Services
SKYE,0001516551,2834,Pharmaceutical Preparations
SKYH,0001823587,6500,Real Estate
SKYQ,0001812447,4955,Hazardous Waste Management
SKYT,0001819974,3674,Semiconductors & Related Devices
SKYW,0000793733,4512,"Air Transportation, Scheduled"
SKYX,0001598981,3640,Electric Lighting & Wiring Equipment
SLAB,0001038074,3674,Semiconductors & Related Devices
SLB,0000087347,1389,"Oil & Gas Field Services, NEC"
SLBT,0002070534,2836,"Biological Products, (No Diagnostic Substances)"
SLDB,0001707502,2836,"Biological Products, (No Diagnostic Substances)"
SLDE,0001886428,6331,"Fire, Marine & Casualty Insurance"
SLDP,0001844862,3690,"Miscellaneous Electrical Machinery, Equipment & Supplies"
SLE,0001621672,7373,Services-Computer Integrated Systems Design
SLF,0001097362,6311,Life Insurance
SLG,0001040971,6798,Real Estate Investment Trusts
SLGB,0001987189,4731,Arrangement of  Transportation of  Freight & Cargo
SLGL,0001684693,2834,Pharmaceutical Preparations
SLGN,0000849869,3411,Metal Cans
SLI,0001537137,2800,Chemicals & Allied Products
SLM,0001032033,6141,Personal Credit Institutions
SLMT,0001939965,6199,Finance Services
SLND,0001883814,1600,Heavy Construction Other Than Bldg Const - Contractors
SLNG,0001043186,4924,Natural Gas Distribution
SLNH,0000064463,6199,Finance Services
SLNO,0001484565,2834,Pharmaceutical Preparations
SLP,0001023459,7373,Services-Computer Integrated Systems Design
SLQT,0001794783,6411,"Insurance Agents, Brokers & Service"
SLRN,0001962918,2834,Pharmaceutical Preparations
SLRX,0001615219,2834,Pharmaceutical Preparations
SLS,0001390478,2834,Pharmaceutical Preparations
SLSN,0000883107,2844,"Perfumes, Cosmetics & Other Toilet Preparations"
SLSR,0002019103,1040,Gold and Silver Ores
SLVM,0001856485,2621,Paper Mills
SLXN,0002022416,2836,"Biological Products, (No Diagnostic Substances)"
SM,0000893538,1311,Crude Petroleum & Natural Gas
SMA,0001585389,6798,Real Estate Investment Trusts
SMAR,0001366561,7372,Services-Prepackaged Software
SMBC,0000916907,6036,"Savings Institutions, Not Federally Chartered"
SMBK,0001038773,6021,National Commercial Banks
SMC,0002024218,4922,Natural Gas Transmission
SMCI,0001375365,3571,Electronic Computers
SMG,0000825542,2870,Agricultural Chemicals
SMHI,0001690334,4412,Deep Sea Foreign Transportation of  Freight
SMID,0000924719,3272,"Concrete Products, Except Block & Brick"
SMJF,0002070954,5030,Wholesale-Lumber & Other Construction Materials
SMLR,0001554859,3845,Electromedical & Electrotherapeutic Apparatus
SMMT,0001599298,2834,Pharmaceutical Preparations
SMP,0000093389,3714,Motor Vehicle Parts & Accessories
SMPL,0001702744,2000,Food and Kindred Products
SMR,0001822966,3443,Fabricated Plate Work (Boiler Shops)
SMRT,0001837014,7373,Services-Computer Integrated Systems Design
SMSI,0000948708,7372,Services-Prepackaged Software
SMTC,0000088941,3674,Semiconductors & Related Devices
SMTI,0000714256,3842,"Orthopedic, Prosthetic & Surgical Appliances & Supplies"
SMTK,0001817760,3674,Semiconductors & Related Devices
SMWB,0001842731,7370,"Services-Computer Programming, Data Processing, Etc."
SMX,0001940674,3590,Misc Industrial & Commercial Machinery & Equipment
SMXT,0001519472,1700,Construction - Special Trade Contractors
SN,0001957132,3630,Household Appliances
SNA,0000091440,3420,"Cutlery, Handtools & General Hardware"
SNAL,0001886894,7372,Services-Prepackaged Software
SNAP,0001564408,7370,"Services-Computer Programming, Data Processing, Etc."
SNAX,0001691936,2000,Food and Kindred Products
SNBR,0000827187,2510,Household Furniture
SNCR,0001131554,7371,Services-Computer Programming Services
SNCY,0001743907,4512,"Air Transportation, Scheduled"
SND,0001529628,1400,Mining & Quarrying of  Nonmetallic Minerals (No Fuels)
SNDA,0001043000,8050,Services-Nursing & Personal Care Facilities
SNDK,0002023554,3572,Computer Storage Devices
SNDL,0001766600,2833,Medicinal Chemicals & Botanical Products
SNDR,0001692063,4213,Trucking (No Local)
SNDX,0001395937,2834,Pharmaceutical Preparations
SNES,0001680378,2870,Agricultural Chemicals
SNEX,0000913760,6200,"Security & Commodity Brokers, Dealers, Exchanges & Services"
SNFCA,0000318673,6199,Finance Services
SNGX,0000812796,2834,Pharmaceutical Preparations
SNOA,0001367083,3841,Surgical & Medical Instruments & Apparatus
SNOW,0001640147,7372,Services-Prepackaged Software
SNPS,0000883241,7372,Services-Prepackaged Software
SNPX,0001571934,6199,Finance Services
SNSC,0002101240,3674,Semiconductors & Related Devices
SNSE,0001829802,2834,Pharmaceutical Preparations
SNT,0001993727,3669,"Communications Equipment, NEC"
SNTG,0001810467,6199,Finance Services
SNTI,0001854270,2836,"Biological Products, (No Diagnostic Substances)"
SNV,0000018349,6021,National Commercial Banks
SNWV,0001417663,3841,Surgical & Medical Instruments & Apparatus
SNX,0001177394,5045,Wholesale-Computers & Peripheral Equipment & Software
SO,0000092122,4911,Electric Services
SOAR,0001853070,4522,"Air Transportation, Nonscheduled"
SOBO,0002019061,4610,Pipe Lines (No Natural Gas)
SOBR,0001425627,2721,Periodicals: Publishing or  Publishing & Printing
SOC,0001831481,1311,Crude Petroleum & Natural Gas
SOCA,0002065948,6770,Blank Checks
SOFI,0001818874,6199,Finance Services
SOHO,0001301236,6798,Real Estate Investment Trusts
SOHU,0001734107,7374,Services-Computer Processing & Data Preparation
SOLS,0002064953,2800,Chemicals & Allied Products
SOLV,0001964738,3841,Surgical & Medical Instruments & Apparatus
SON,0000091767,2650,Paperboard Containers & Boxes
SOND,0001819395,7000,"Hotels, Rooming Houses, Camps & Other Lodging Places"
SONM,0001178697,3661,Telephone & Telegraph Apparatus
SONN,0001106838,2834,Pharmaceutical Preparations
SONO,0001314727,3651,Household Audio & Video Equipment
SONY,0000313838,3651,Household Audio & Video Equipment
SOPA,0001817511,7389,"Services-Business Services, NEC"
SOPH,0001840706,7374,Services-Computer Processing & Data Preparation
SORA,0002033515,5094,"Wholesale-Jewelry, Watches, Precious Stones & Metals"
SORN,0002086263,6770,Blank Checks
SOS,0001346610,6200,"Security & Commodity Brokers, Dealers, Exchanges & Services"
SOTK,0000806172,3559,"Special Industry Machinery, NEC"
SOUL,0002025608,6770,Blank Checks
SOUN,0001840856,7372,Services-Prepackaged Software
SOWG,0001490161,2000,Food and Kindred Products
SPAI,0002011208,7372,Services-Prepackaged Software
SPB,0000109177,3690,"Miscellaneous Electrical Machinery, Equipment & Supplies"
SPCB,0001291855,3674,Semiconductors & Related Devices
SPCE,0001706946,4700,Transportation Services
SPCX,0001181412,7370,"Services-Computer Programming, Data Processing, Etc."
SPEG,0002028735,6770,Blank Checks
SPFI,0001163668,6022,State Commercial Banks
SPG,0001063761,6798,Real Estate Investment Trusts
SPGC,0001934245,3949,"Sporting & Athletic Goods, NEC"
SPGI,0000064040,7320,"Services-Consumer Credit Reporting, Collection Agencies"
SPH,0001005210,5900,Retail-Miscellaneous Retail
SPHL,0002002236,1520,General Bldg Contractors - Residential Bldgs
SPHR,0001795250,7900,Services-Amusement & Recreation Services
SPI,0001210618,3674,Semiconductors & Related Devices
SPIR,0001816017,4899,"Communications Services, NEC"
SPKL,0001884046,3690,"Miscellaneous Electrical Machinery, Equipment & Supplies"
SPLP,0001452857,3390,Miscellaneous Primary Metal Products
SPNS,0000885740,7372,Services-Prepackaged Software
SPNT,0001576018,6331,"Fire, Marine & Casualty Insurance"
SPOK,0001289945,4812,Radiotelephone Communications
SPOT,0001639920,4832,Radio Broadcasting Stations
SPPL,0001948697,8744,Services-Facilities Support Management Services
SPR,0001364885,3728,"Aircraft Parts & Auxiliary Equipment, NEC"
SPRB,0001683553,2834,Pharmaceutical Preparations
SPRC,0001611746,2834,Pharmaceutical Preparations
SPRO,0001701108,2834,Pharmaceutical Preparations
SPRU,0001772720,4911,Electric Services
SPRY,0001671858,2834,Pharmaceutical Preparations
SPSC,0001092699,7372,Services-Prepackaged Software
SPT,0001517375,7372,Services-Prepackaged Software
SPTN,0000877422,5141,"Wholesale-Groceries, General Line"
SPTX,0002042347,2834,Pharmaceutical Preparations
SPWH,0001132105,5940,Retail-Miscellaneous Shopping Goods Stores
SPWR,0001838987,1700,Construction - Special Trade Contractors
SPXC,0000088205,3540,Metalworkg Machinery & Equipment
SPYU,0000927971,6029,"Commercial Banks, NEC"
SQ,0001512673,7372,Services-Prepackaged Software
SQFT,0001080657,6798,Real Estate Investment Trusts
SQNS,0001383395,3674,Semiconductors & Related Devices
SQSP,0001496963,7372,Services-Prepackaged Software
SR,0001126956,4924,Natural Gas Distribution
SRAD,0001836470,7370,"Services-Computer Programming, Data Processing, Etc."
SRBK,0001951276,6036,"Savings Institutions, Not Federally Chartered"
SRCE,0000034782,6022,State Commercial Banks
SRCL,0000861878,4955,Hazardous Waste Management
SRDX,0000924717,3841,Surgical & Medical Instruments & Apparatus
SRE,0001032208,4932,Gas & Other Services Combined
SRFM,0001936224,4522,"Air Transportation, Nonscheduled"
SRG,0001628063,6500,Real Estate
SRI,0001043337,3714,Motor Vehicle Parts & Accessories
SRL,0000016859,6795,Mineral Royalty Traders
SRM,0001956744,6199,Finance Services
SRPT,0000873303,2834,Pharmaceutical Preparations
SRRK,0001727196,2836,"Biological Products, (No Diagnostic Substances)"
SRTA,0001779128,8000,Services-Health Services
SRTS,0001494891,3841,Surgical & Medical Instruments & Apparatus
SRXH,0001471727,2080,Beverages
SRZN,0001824893,2836,"Biological Products, (No Diagnostic Substances)"
SSAC,0002081300,7372,Services-Prepackaged Software
SSB,0000764038,6022,State Commercial Banks
SSBK,0001689731,6022,State Commercial Banks
SSD,0000920371,3420,"Cutlery, Handtools & General Hardware"
SSEA,0002059165,6770,Blank Checks
SSII,0001676163,3841,Surgical & Medical Instruments & Apparatus
SSKN,0001051514,3841,Surgical & Medical Instruments & Apparatus
SSM,0001840416,6199,Finance Services
SSMR,0002091017,1040,Gold and Silver Ores
SSNC,0001402436,7372,Services-Prepackaged Software
SSP,0000832428,4833,Television Broadcasting Stations
SSRM,0000921638,6795,Mineral Royalty Traders
SST,0001805833,7370,"Services-Computer Programming, Data Processing, Etc."
SSTI,0001351636,7372,Services-Prepackaged Software
SSTK,0001549346,7374,Services-Computer Processing & Data Preparation
SSY,0000096793,8062,"Services-General Medical & Surgical Hospitals, NEC"
SSYS,0001517396,3577,"Computer Peripheral Equipment, NEC"
ST,0001477294,3823,"Industrial Instruments For Measurement, Display, and Control"
STAA,0000718937,3851,Ophthalmic Goods
STAF,0001499717,7363,Services-Help Supply Services
STAG,0001479094,6798,Real Estate Investment Trusts
STAI,0001994624,3825,Instruments For Meas & Testing of  Electricity & Elec Signals
STAK,0002002453,3533,Oil & Gas Field Machinery & Equipment
STBA,0000719220,6022,State Commercial Banks
STBX,0001914818,7310,Services-Advertising
STC,0000094344,6361,Title Insurance
STCN,0000914712,7389,"Services-Business Services, NEC"
STDN,0002086716,2810,Industrial Inorganic Chemicals
STE,0001757898,3842,"Orthopedic, Prosthetic & Surgical Appliances & Supplies"
STEL,0001473844,6021,National Commercial Banks
STEM,0001758766,7373,Services-Computer Integrated Systems Design
STEP,0001796022,6282,Investment Advice
STER,0001645070,7374,Services-Computer Processing & Data Preparation
STEX,0001530766,6200,"Security & Commodity Brokers, Dealers, Exchanges & Services"
STFS,0002003061,7310,Services-Advertising
STGW,0000876883,7311,Services-Advertising Agencies
STHO,0001953366,6519,"Lessors of  Real Property, NEC"
STI,0001881551,3690,"Miscellaneous Electrical Machinery, Equipment & Supplies"
STIM,0001227636,3841,Surgical & Medical Instruments & Apparatus
STKE,0001846839,6199,Finance Services
STKH,0001828098,2000,Food and Kindred Products
STKL,0000351834,2080,Beverages
STKS,0001399520,5812,Retail-Eating  Places
STLA,0001605484,3711,Motor Vehicles & Passenger Car Bodies
STLD,0001022671,3312,"Steel Works, Blast Furnaces & Rolling Mills (Coke Ovens)"
STLN,0001799191,8011,Services-Offices & Clinics of  Doctors of  Medicine
STM,0000932787,3674,Semiconductors & Related Devices
STN,0001131383,8711,Services-Engineering Services
STNE,0001745431,7374,Services-Computer Processing & Data Preparation
STNG,0001483934,4412,Deep Sea Foreign Transportation of  Freight
STOK,0001623526,2834,Pharmaceutical Preparations
STR,0001949543,1311,Crude Petroleum & Natural Gas
STRA,0001013934,8200,Services-Educational Services
STRL,0000874238,1600,Heavy Construction Other Than Bldg Const - Contractors
STRM,0001008586,7373,Services-Computer Integrated Systems Design
STRO,0001382101,2836,"Biological Products, (No Diagnostic Substances)"
STRR,0000707388,3845,Electromedical & Electrotherapeutic Apparatus
STRS,0000885508,6552,Land Subdividers & Developers (No Cemeteries)
STRT,0000933034,3714,Motor Vehicle Parts & Accessories
STRW,0001782430,6798,Real Estate Investment Trusts
STRZ,0000929351,7812,Services-Motion Picture & Video Tape Production
STSS,0001737995,6199,Finance Services
STT,0000093751,6022,State Commercial Banks
STTK,0001680367,2834,Pharmaceutical Preparations
STUB,0001337634,7990,Services-Miscellaneous Amusement & Recreation
STVN,0001849853,3841,Surgical & Medical Instruments & Apparatus
STWD,0001465128,6798,Real Estate Investment Trusts
STX,0001137789,3572,Computer Storage Devices
STXS,0001289340,3845,Electromedical & Electrotherapeutic Apparatus
STZ,0000016918,2080,Beverages
SU,0000311337,2911,Petroleum Refining
SUGP,0001969863,7381,"Services-Detective, Guard & Armored Car Services"
SUI,0000912593,6798,Real Estate Investment Trusts
SUIG,0001425355,6199,Finance Services
SUJA,0001934114,2080,Beverages
SUM,0001621563,1400,Mining & Quarrying of  Nonmetallic Minerals (No Fuels)
SUMA,0002105838,6770,Blank Checks
SUN,0001552275,2911,Petroleum Refining
SUNB,0002083785,7359,"Services-Equipment Rental & Leasing, NEC"
SUNC,0002089661,2911,Petroleum Refining
SUNE,0000022701,1700,Construction - Special Trade Contractors
SUNS,0002012706,6798,Real Estate Investment Trusts
SUP,0000095552,3714,Motor Vehicle Parts & Accessories
SUPN,0001356576,2834,Pharmaceutical Preparations
SUPV,0001517399,6029,"Commercial Banks, NEC"
SUPX,0001897087,8742,Services-Management Consulting Services
SURG,0001392694,4813,Telephone Communications (No Radiotelephone)
SUUN,0002011053,1700,Construction - Special Trade Contractors
SVAC,0002074850,4911,Electric Services
SVAQ,0002085659,7372,Services-Prepackaged Software
SVC,0000945394,6798,Real Estate Investment Trusts
SVCC,0002033593,6770,Blank Checks
SVCO,0001943289,7372,Services-Prepackaged Software
SVIA,0002076163,6199,Finance Services
SVII,0001843477,1090,Miscellaneous Metal Ores
SVIV,0002098242,6770,Blank Checks
SVM,0001340677,1040,Gold and Silver Ores
SVMH,0001973368,3711,Motor Vehicles & Passenger Car Bodies
SVRA,0001160308,2834,Pharmaceutical Preparations
SVRE,0001894693,7371,Services-Computer Programming Services
SVRN,0001869467,4412,Deep Sea Foreign Transportation of  Freight
SVT,0000089140,3420,"Cutlery, Handtools & General Hardware"
SVV,0001883313,5900,Retail-Miscellaneous Retail
SW,0002005951,2650,Paperboard Containers & Boxes
SWAG,0001872525,7311,Services-Advertising Agencies
SWBI,0001092796,3480,"Ordnance & Accessories, (No Vehicles/Guided Missiles)"
SWI,0001739942,7372,Services-Prepackaged Software
SWIM,0001833197,3089,"Plastics Products, NEC"
SWIN,0001959224,6211,"Security Brokers, Dealers & Flotation Companies"
SWK,0000093556,3420,"Cutlery, Handtools & General Hardware"
SWKH,0001089907,6159,Miscellaneous Business Credit Institution
SWKHL,0001089907,6159,Miscellaneous Business Credit Institution
SWKS,0000004127,3674,Semiconductors & Related Devices
SWMR,0002092574,7372,Services-Prepackaged Software
SWRD,0001795851,6153,Short-Term Business Credit Institutions
SWTX,0001773427,2836,"Biological Products, (No Diagnostic Substances)"
SWVL,0001875609,7389,"Services-Business Services, NEC"
SWX,0001692115,4923,Natural Gas Transmisison & Distribution
SXC,0001514705,3312,"Steel Works, Blast Furnaces & Rolling Mills (Coke Ovens)"
SXI,0000310354,3580,Refrigeration & Service Industry Machinery
SXT,0000310142,2860,Industrial Organic Chemicals
SXTC,0001723980,2834,Pharmaceutical Preparations
SXTP,0001946563,2834,Pharmaceutical Preparations
SYBT,0000835324,6022,State Commercial Banks
SYBX,0001527599,2834,Pharmaceutical Preparations
SYF,0001601712,6199,Finance Services
SYK,0000310764,3841,Surgical & Medical Instruments & Apparatus
SYM,0001837240,3569,"General Industrial Machinery & Equipment, NEC"
SYNA,0000817720,3674,Semiconductors & Related Devices
SYNX,0001976443,3651,Household Audio & Video Equipment
SYPR,0000864240,3823,"Industrial Instruments For Measurement, Display, and Control"
SYRA,0001922335,7361,Services-Employment Agencies
SYRE,0001636282,2834,Pharmaceutical Preparations
SYRS,0001556263,2834,Pharmaceutical Preparations
SYTA,0001649009,4812,Radiotelephone Communications
SYY,0000096021,5140,Wholesale-Groceries & Related Products
SZZL,0002030663,6770,Blank Checks
T,0000732717,4813,Telephone Communications (No Radiotelephone)
TAC,0001144800,4911,Electric Services
TACH,0002009183,6770,Blank Checks
TACO,0002033122,6770,Blank Checks
TACT,0001017303,3577,"Computer Peripheral Equipment, NEC"
TAIT,0000942126,5065,"Wholesale-Electronic Parts & Equipment, NEC"
TALK,0001803901,8000,Services-Health Services
TALO,0001724965,1311,Crude Petroleum & Natural Gas
TANH,0001588084,2860,Industrial Organic Chemicals
TAOP,0001552670,7372,Services-Prepackaged Software
TAOX,0001571934,6199,Finance Services
TAP,0000024545,2082,Malt Beverages
TAP.A,0000024545,2082,Malt Beverages
TARA,0001359931,2836,"Biological Products, (No Diagnostic Substances)"
TARS,0001819790,2836,"Biological Products, (No Diagnostic Substances)"
TASK,0001829864,7374,Services-Computer Processing & Data Preparation
TATT,0000808439,3724,Aircraft Engines & Engine Parts
TAVI,0002020385,6770,Blank Checks
TAYD,0000096536,3569,"General Industrial Machinery & Equipment, NEC"
TBBB,0001978954,5411,Retail-Grocery Stores
TBBK,0001295401,6021,National Commercial Banks
TBCH,0001493761,3669,"Communications Equipment, NEC"
TBHC,0001056285,5990,"Retail-Retail Stores, NEC"
TBI,0000768899,7363,Services-Help Supply Services
TBLA,0001840502,7370,"Services-Computer Programming, Data Processing, Etc."
TBMC,0001934945,6770,Blank Checks
TBN,0001997652,1311,Crude Petroleum & Natural Gas
TBNK,0001447051,6035,"Savings Institution, Federally Chartered"
TBPH,0001583107,2834,Pharmaceutical Preparations
TBRG,0001169445,7371,Services-Computer Programming Services
TC,0001743340,7389,"Services-Business Services, NEC"
TCBI,0001077428,6022,State Commercial Banks
TCBK,0000356171,6022,State Commercial Banks
TCBS,0001849466,6036,"Savings Institutions, Not Federally Chartered"
TCBX,0001781730,6036,"Savings Institutions, Not Federally Chartered"
TCGL,0002047190,7374,Services-Computer Processing & Data Preparation
TCGX,0002137965,6770,Blank Checks
TCI,0000733590,6798,Real Estate Investment Trusts
TCJH,0001938865,7389,"Services-Business Services, NEC"
TCMD,0001027838,3841,Surgical & Medical Instruments & Apparatus
TCRT,0001107421,2834,Pharmaceutical Preparations
TCRX,0001783328,2836,"Biological Products, (No Diagnostic Substances)"
TCS,0001411688,5700,"Retail-Home Furniture, Furnishings & Equipment Stores"
TCX,0000909494,7374,Services-Computer Processing & Data Preparation
TD,0000947263,6029,"Commercial Banks, NEC"
TDAC,0001926599,6770,Blank Checks
TDAY,0001579684,2711,Newspapers: Publishing or  Publishing & Printing
TDC,0000816761,7372,Services-Prepackaged Software
TDG,0001260221,3728,"Aircraft Parts & Auxiliary Equipment, NEC"
TDIC,0002041338,8741,Services-Management Services
TDOC,0001477449,8011,Services-Offices & Clinics of  Doctors of  Medicine
TDS,0001051512,4813,Telephone Communications (No Radiotelephone)
TDTH,0001983550,7389,"Services-Business Services, NEC"
TDUP,0001484778,5961,Retail-Catalog & Mail-Order Houses
TDW,0000098222,4400,Water Transportation
TDWD,0002076616,6770,Blank Checks
TDY,0001094285,3812,"Search, Detection, Navigation, Guidance, Aeronautical Sys"
TE,0001992243,3674,Semiconductors & Related Devices
TEAD,0001454938,7370,"Services-Computer Programming, Data Processing, Etc."
TEAM,0001650372,7372,Services-Prepackaged Software
TECH,0000842023,2836,"Biological Products, (No Diagnostic Substances)"
TECK,0000886986,1400,Mining & Quarrying of  Nonmetallic Minerals (No Fuels)
TECX,0001681087,2836,"Biological Products, (No Diagnostic Substances)"
TEL,0001385157,5065,"Wholesale-Electronic Parts & Equipment, NEC"
TELA,0001561921,3841,Surgical & Medical Instruments & Apparatus
TELL,0000061398,1311,Crude Petroleum & Natural Gas
TELO,0001971532,2834,Pharmaceutical Preparations
TEM,0001717115,7370,"Services-Computer Programming, Data Processing, Etc."
TEN,0001166663,4412,Deep Sea Foreign Transportation of  Freight
TENB,0001660280,7372,Services-Prepackaged Software
TENX,0000034956,2834,Pharmaceutical Preparations
TER,0000097210,3825,Instruments For Meas & Testing of  Electricity & Elec Signals
TERN,0001831363,2834,Pharmaceutical Preparations
TETE,0001900679,7389,"Services-Business Services, NEC"
TEVA,0000818686,2834,Pharmaceutical Preparations
TEX,0000097216,3537,"Industrial Trucks, Tractors, Trailors & Stackers"
TFC,0000092230,6021,National Commercial Banks
TFFP,0001733413,2834,Pharmaceutical Preparations
TFII,0001588823,4210,Trucking & Courier Services (No Air)
TFIN,0001539638,6022,State Commercial Banks
TFPM,0001829726,6795,Mineral Royalty Traders
TFSL,0001381668,6035,"Savings Institution, Federally Chartered"
TFX,0000096943,3841,Surgical & Medical Instruments & Apparatus
TG,0000850429,3350,Rolling Drawing & Extruding of  Nonferrous Metals
TGAA,0001847355,6770,Blank Checks
TGB,0000878518,1040,Gold and Silver Ores
TGE,0002053456,2721,Periodicals: Publishing or  Publishing & Printing
TGEN,0001537435,3585,Air-Cond & Warm Air Heatg Equip & Comm & Indl Refrig Equip
TGHL,0002024114,7374,Services-Computer Processing & Data Preparation
TGI,0001021162,3720,Aircraft & Parts
TGL,0001905956,7389,"Services-Business Services, NEC"
TGLS,0001534675,3211,Flat Glass
TGNA,0000039899,4833,Television Broadcasting Stations
TGT,0000027419,5331,Retail-Variety Stores
TGTX,0001001316,2834,Pharmaceutical Preparations
TH,0001712189,7000,"Hotels, Rooming Houses, Camps & Other Lodging Places"
THAR,0001861657,6199,Finance Services
THC,0000070318,8062,"Services-General Medical & Surgical Hospitals, NEC"
THCH,0001877333,5812,Retail-Eating  Places
THCP,0001843993,6770,Blank Checks
THEO,0002080216,6770,Blank Checks
THFF,0000714562,6022,State Commercial Banks
THG,0000944695,6331,"Fire, Marine & Casualty Insurance"
THH,0002044241,7990,Services-Miscellaneous Amusement & Recreation
THM,0001134115,1000,Metal Mining
THO,0000730263,3716,Motor Homes
THR,0001489096,3620,Electrical Industrial Apparatus
THRD,0001923840,2834,Pharmaceutical Preparations
THRM,0000903129,3714,Motor Vehicle Parts & Accessories
THRY,0001556739,7310,Services-Advertising
THS,0001320695,2030,"Canned, Frozen & Preservd Fruit, Veg & Food Specialties"
THTX,0001512717,2834,Pharmaceutical Preparations
TIC,0002032966,7389,"Services-Business Services, NEC"
TIGO,0000912958,4812,Radiotelephone Communications
TIGR,0001756699,6211,"Security Brokers, Dealers & Flotation Companies"
TII,0001791703,1040,Gold and Silver Ores
TIL,0001789769,2836,"Biological Products, (No Diagnostic Substances)"
TILE,0000715787,2273,Carpets & Rugs
TIPT,0001393726,6331,"Fire, Marine & Casualty Insurance"
TIRX,0001782941,6411,"Insurance Agents, Brokers & Service"
TISI,0000318833,7600,Services-Miscellaneous Repair Services
TITN,0001409171,5990,"Retail-Retail Stores, NEC"
TIVC,0001787740,2834,Pharmaceutical Preparations
TIXT,0001825155,7374,Services-Computer Processing & Data Preparation
TJGC,0001969928,7311,Services-Advertising Agencies
TJX,0000109198,5651,Retail-Family Clothing Stores
TK,0000911971,4412,Deep Sea Foreign Transportation of  Freight
TKLF,0001836242,5990,"Retail-Retail Stores, NEC"
TKNO,0001850902,2835,In Vitro & In Vivo Diagnostic Substances
TKO,0001973266,7900,Services-Amusement & Recreation Services
TKR,0000098362,3562,Ball & Roller Bearings
TLAC,0002128462,6770,Blank Checks
TLF,0000909724,3100,Leather & Leather Products
TLGY,0001879814,2821,"Plastic Materials, Synth Resins & Nonvulcan Elastomers"
TLIH,0001982012,5080,"Wholesale-Machinery, Equipment & Supplies"
TLN,0001622536,4911,Electric Services
TLNC,0002073340,6770,Blank Checks
TLPH,0001427925,2834,Pharmaceutical Preparations
TLRY,0001731348,2833,Medicinal Chemicals & Botanical Products
TLS,0000320121,7373,Services-Computer Integrated Systems Design
TLSA,0001723069,2834,Pharmaceutical Preparations
TLSI,0001826667,3841,Surgical & Medical Instruments & Apparatus
TLYS,0001524025,5600,Retail-Apparel & Accessory Stores
TMC,0001798562,1000,Metal Mining
TMCI,0001630627,3841,Surgical & Medical Instruments & Apparatus
TMCR,0002087398,1040,Gold and Silver Ores
TMDE,0002009714,5172,Wholesale-Petroleum & Petroleum Products (No Bulk Stations)
TMDX,0001756262,3845,Electromedical & Electrotherapeutic Apparatus
TMHC,0001562476,1531,Operative Builders
TMO,0000097745,3829,"Measuring & Controlling Devices, NEC"
TMP,0001005817,6022,State Commercial Banks
TMQ,0001543418,1040,Gold and Silver Ores
TMS,0002048951,5900,Retail-Miscellaneous Retail
TMTC,0001879851,6770,Blank Checks
TMTS,0002097364,6770,Blank Checks
TMUS,0001283699,4812,Radiotelephone Communications
TMUSI,0001283699,4812,Radiotelephone Communications
TMUSL,0001283699,4812,Radiotelephone Communications
TMUSZ,0001283699,4812,Radiotelephone Communications
TNC,0000097134,3580,Refrigeration & Service Industry Machinery
TNDM,0001438133,3841,Surgical & Medical Instruments & Apparatus
TNET,0000937098,7389,"Services-Business Services, NEC"
TNFA,0001321834,2835,In Vitro & In Vivo Diagnostic Substances
TNGX,0001819133,2834,Pharmaceutical Preparations
TNK,0001419945,4400,Water Transportation
TNL,0001361658,7011,Hotels & Motels
TNMG,0002013186,7310,Services-Advertising
TNON,0001560293,3841,Surgical & Medical Instruments & Apparatus
TNXP,0001430306,2834,Pharmaceutical Preparations
TNYA,0001858848,2836,"Biological Products, (No Diagnostic Substances)"
TOI,0001799191,8011,Services-Offices & Clinics of  Doctors of  Medicine
TOL,0000794170,1531,Operative Builders
TOMZ,0000314227,2860,Industrial Organic Chemicals
TONT,0001897463,6770,Blank Checks
TONX,0001566610,6199,Finance Services
TOON,0001355848,7812,Services-Motion Picture & Video Tape Production
TOP,0001848275,6200,"Security & Commodity Brokers, Dealers, Exchanges & Services"
TOPP,0001960847,4210,Trucking & Courier Services (No Air)
TOPS,0001296484,4412,Deep Sea Foreign Transportation of  Freight
TORO,0001941131,4412,Deep Sea Foreign Transportation of  Freight
TOST,0001650164,7374,Services-Computer Processing & Data Preparation
TOUR,0001597095,4700,Transportation Services
TOVX,0000894158,2834,Pharmaceutical Preparations
TOYO,0001985273,3674,Semiconductors & Related Devices
TP,0002104296,7990,Services-Miscellaneous Amusement & Recreation
TPB,0001290677,2100,Tobacco Products
TPC,0000077543,1540,General Bldg Contractors - Nonresidential Bldgs
TPCS,0001328792,3440,Fabricated Structural Metal Products
TPET,0001898766,1311,Crude Petroleum & Natural Gas
TPG,0001880661,6282,Investment Advice
TPGXL,0001880661,6282,Investment Advice
TPH,0001561680,1531,Operative Builders
TPIC,0001455684,3510,Engines & Turbines
TPL,0001811074,6792,Oil Royalty Traders
TPR,0001116132,3100,Leather & Leather Products
TPST,0001544227,2834,Pharmaceutical Preparations
TPX,0001206264,2510,Household Furniture
TR,0000098677,2060,Sugar & Confectionery Products
TRAD,0002085485,6770,Blank Checks
TRAK,0000050471,7374,Services-Computer Processing & Data Preparation
TRAW,0001130598,2834,Pharmaceutical Preparations
TRAX,0002091349,2834,Pharmaceutical Preparations
TRBG,0002088375,4931,Electric & Other Services Combined
TRC,0000096869,6500,Real Estate
TRDA,0001689375,2834,Pharmaceutical Preparations
TREE,0001434621,6163,Loan Brokers
TREO,0002041208,1000,Metal Mining
TREX,0001069878,2400,Lumber & Wood Products (No Furniture)
TRGP,0001389170,4922,Natural Gas Transmission
TRGS,0002098780,6770,Blank Checks
TRI,0001075124,2741,Miscellaneous Publishing
TRIB,0000888721,2835,In Vitro & In Vivo Diagnostic Substances
TRIP,0001526520,7370,"Services-Computer Programming, Data Processing, Etc."
TRLV,0001754195,2833,Medicinal Chemicals & Botanical Products
TRMB,0000864749,3829,"Measuring & Controlling Devices, NEC"
TRMD,0001655891,4412,Deep Sea Foreign Transportation of  Freight
TRMK,0000036146,6021,National Commercial Banks
TRML,0001827506,2836,"Biological Products, (No Diagnostic Substances)"
TRN,0000099780,3743,Railroad Equipment
TRNO,0001476150,6500,Real Estate
TRNR,0001785056,3600,Electronic & Other Electrical Equipment (No Computer Equip)
TRNS,0000099302,3825,Instruments For Meas & Testing of  Electricity & Elec Signals
TRON,0001956744,6199,Finance Services
TROO,0001412095,6159,Miscellaneous Business Credit Institution
TROW,0001113169,6282,Investment Advice
TROX,0001530804,2810,Industrial Inorganic Chemicals
TRP,0001232384,4922,Natural Gas Transmission
TRS,0000842633,3460,Metal Forgings & Stampings
TRSG,0001943444,3530,"Construction, Mining & Materials Handling Machinery & Equip"
TRST,0000357301,6022,State Commercial Banks
TRT,0000732026,3559,"Special Industry Machinery, NEC"
TRTX,0001630472,6798,Real Estate Investment Trusts
TRU,0001552033,7320,"Services-Consumer Credit Reporting, Collection Agencies"
TRUE,0001327318,7370,"Services-Computer Programming, Data Processing, Etc."
TRUG,0001857086,3949,"Sporting & Athletic Goods, NEC"
TRUP,0001371285,6324,Hospital & Medical Service Plans
TRV,0000086312,6331,"Fire, Marine & Casualty Insurance"
TRVI,0001563880,2834,Pharmaceutical Preparations
TRVN,0001429560,2834,Pharmaceutical Preparations
TRX,0001173643,1040,Gold and Silver Ores
TSAT,0001845840,4899,"Communications Services, NEC"
TSBK,0001046050,6036,"Savings Institutions, Not Federally Chartered"
TSBX,0001764974,2836,"Biological Products, (No Diagnostic Substances)"
TSCO,0000916365,5200,"Retail-Building Materials, Hardware, Garden Supply"
TSE,0001519061,2821,"Plastic Materials, Synth Resins & Nonvulcan Elastomers"
TSEM,0000928876,3674,Semiconductors & Related Devices
TSHA,0001806310,2836,"Biological Products, (No Diagnostic Substances)"
TSLA,0001318605,3711,Motor Vehicles & Passenger Car Bodies
TSN,0000100493,2015,Poultry Slaughtering and Processing
TSQ,0001499832,4832,Radio Broadcasting Stations
TSSI,0001320760,8742,Services-Management Consulting Services
TSVT,0001860782,2834,Pharmaceutical Preparations
TT,0001466258,3822,Auto Controls For Regulating Residential & Comml Environments
TTAM,0002035304,1400,Mining & Quarrying of  Nonmetallic Minerals (No Fuels)
TTAN,0001638826,7372,Services-Prepackaged Software
TTC,0000737758,3524,Lawn & Garden Tractors & Home Lawn & Gardens Equip
TTD,0001671933,7370,"Services-Computer Programming, Data Processing, Etc."
TTE,0000879764,1311,Crude Petroleum & Natural Gas
TTEC,0001013880,7363,Services-Help Supply Services
TTEK,0000831641,8711,Services-Engineering Services
TTGT,0001293282,4822,Telegraph & Other Message Communications
TTI,0000844965,1311,Crude Petroleum & Natural Gas
TTMI,0001116942,3672,Printed Circuit Boards
TTNP,0000910267,2836,"Biological Products, (No Diagnostic Substances)"
TTOO,0001492674,3841,Surgical & Medical Instruments & Apparatus
TTRX,0002023016,2834,Pharmaceutical Preparations
TTSH,0001552800,5700,"Retail-Home Furniture, Furnishings & Equipment Stores"
TTWO,0000946581,7372,Services-Prepackaged Software
TU,0000868675,4812,Radiotelephone Communications
TULP,0000875355,0100,Agricultural Production-Crops
TURN,0000893739,6282,Investment Advice
TUSK,0001679268,1389,"Oil & Gas Field Services, NEC"
TVA,0002033991,6770,Blank Checks
TVAI,0001872228,6770,Blank Checks
TVGN,0001860871,2836,"Biological Products, (No Diagnostic Substances)"
TVIV,0002096755,6770,Blank Checks
TVRD,0001346830,2834,Pharmaceutical Preparations
TVTX,0001438533,2834,Pharmaceutical Preparations
TW,0001758730,6200,"Security & Commodity Brokers, Dealers, Exchanges & Services"
TWAV,0000746210,7370,"Services-Computer Programming, Data Processing, Etc."
TWFG,0002007596,6411,"Insurance Agents, Brokers & Service"
TWG,0001978057,2090,Miscellaneous Food Preparations & Kindred Products
TWI,0000899751,3312,"Steel Works, Blast Furnaces & Rolling Mills (Coke Ovens)"
TWIN,0000100378,3560,General Industrial Machinery & Equipment
TWKS,0001866550,7371,Services-Computer Programming Services
TWLO,0001447669,7372,Services-Prepackaged Software
TWLV,0002052243,6770,Blank Checks
TWNP,0002011954,5812,Retail-Eating  Places
TWO,0001465740,6798,Real Estate Investment Trusts
TWST,0001581280,2836,"Biological Products, (No Diagnostic Substances)"
TXG,0001770787,3826,Laboratory Analytical Instruments
TXMD,0000025743,2834,Pharmaceutical Preparations
TXN,0000097476,3674,Semiconductors & Related Devices
TXNM,0001108426,4911,Electric Services
TXRH,0001289460,5812,Retail-Eating  Places
TXT,0000217346,3720,Aircraft & Parts
TYGO,0001855447,3674,Semiconductors & Related Devices
TYL,0000860731,7372,Services-Prepackaged Software
TYRA,0001863127,2834,Pharmaceutical Preparations
TZOO,0001133311,7310,Services-Advertising
TZUP,0001853825,7374,Services-Computer Processing & Data Preparation
U,0001810806,7372,Services-Prepackaged Software
UA,0001336917,2300,Apparel & Other Finishd Prods of  Fabrics & Similar Matl
UAA,0001336917,2300,Apparel & Other Finishd Prods of  Fabrics & Similar Matl
UAC,0002098669,6770,Blank Checks
UAL,0000100517,4512,"Air Transportation, Scheduled"
UAMY,0000101538,3330,Primary Smelting & Refining of  Nonferrous Metals
UAN,0001425292,2870,Agricultural Chemicals
UAVS,0000008504,3721,Aircraft
UBCP,0000731653,6022,State Commercial Banks
UBER,0001543151,7389,"Services-Business Services, NEC"
UBFO,0001137547,6021,National Commercial Banks
UBS,0001610520,6021,National Commercial Banks
UBSI,0000729986,6022,State Commercial Banks
UBX,0001463361,2834,Pharmaceutical Preparations
UBXG,0001888525,7370,"Services-Computer Programming, Data Processing, Etc."
UCAR,0001939780,3690,"Miscellaneous Electrical Machinery, Equipment & Supplies"
UCB,0000857855,6022,State Commercial Banks
UCFI,0001901203,2000,Food and Kindred Products
UCTT,0001275014,3674,Semiconductors & Related Devices
UDMY,0001607939,8200,Services-Educational Services
UDR,0000074208,6798,Real Estate Investment Trusts
UE,0001611547,6500,Real Estate
UEC,0001334933,1090,Miscellaneous Metal Ores
UEIC,0000101984,3651,Household Audio & Video Equipment
UFCS,0000101199,6331,"Fire, Marine & Casualty Insurance"
UFG,0002021688,5172,Wholesale-Petroleum & Petroleum Products (No Bulk Stations)
UFI,0000100726,2200,Textile Mill Products
UFPI,0000912767,2421,"Sawmills & Planting Mills, General"
UFPT,0000914156,3841,Surgical & Medical Instruments & Apparatus
UG,0000101295,2844,"Perfumes, Cosmetics & Other Toilet Preparations"
UGI,0000884614,4932,Gas & Other Services Combined
UGL,0001415311,6221,Commodity Contracts Brokers & Dealers
UGRO,0001706524,7900,Services-Amusement & Recreation Services
UHAL,0000004457,7510,Services-Auto Rental & Leasing (No Drivers)
UHAL.B,0000004457,7510,Services-Auto Rental & Leasing (No Drivers)
UHG,0001830188,1531,Operative Builders
UHS,0000352915,8062,"Services-General Medical & Surgical Hospitals, NEC"
UHT,0000798783,6798,Real Estate Investment Trusts
UI,0001511737,3663,Radio & Tv Broadcasting & Communications Equipment
UIS,0000746838,7373,Services-Computer Integrated Systems Design
UK,0001821424,7389,"Services-Business Services, NEC"
UL,0000217410,2840,"Soap, Detergents, Cleang Preparations, Perfumes, Cosmetics"
ULBI,0000875657,3690,"Miscellaneous Electrical Machinery, Equipment & Supplies"
ULCC,0001670076,4512,"Air Transportation, Scheduled"
ULH,0001308208,4213,Trucking (No Local)
ULS,0001901440,8734,Services-Testing Laboratories
ULTA,0001403568,5990,"Retail-Retail Stores, NEC"
ULY,0001603652,7374,Services-Computer Processing & Data Preparation
UMAC,0001956955,3663,Radio & Tv Broadcasting & Communications Equipment
UMBF,0000101382,6021,National Commercial Banks
UMH,0000752642,6798,Real Estate Investment Trusts
UNB,0000706863,6022,State Commercial Banks
UNCY,0001766140,2834,Pharmaceutical Preparations
UNF,0000717954,7200,Services-Personal Services
UNFI,0001020859,5141,"Wholesale-Groceries, General Line"
UNH,0000731766,6324,Hospital & Medical Service Plans
UNIT,0001620280,6798,Real Estate Investment Trusts
UNM,0000005513,6321,Accident & Health Insurance
UNP,0000100885,4011,"Railroads, Line-Haul Operating"
UNTY,0000920427,6022,State Commercial Banks
UONE,0001041657,4832,Radio Broadcasting Stations
UONEK,0001041657,4832,Radio Broadcasting Stations
UP,0001819516,4522,"Air Transportation, Nonscheduled"
UPB,0002022626,2834,Pharmaceutical Preparations
UPBD,0000933036,7359,"Services-Equipment Rental & Leasing, NEC"
UPC,0001809616,2834,Pharmaceutical Preparations
UPLD,0001505155,7372,Services-Prepackaged Software
UPS,0001090727,4210,Trucking & Courier Services (No Air)
UPST,0001647639,6199,Finance Services
UPWK,0001627475,7374,Services-Computer Processing & Data Preparation
UPXI,0001775194,6199,Finance Services
URBN,0000912615,5651,Retail-Family Clothing Stores
URG,0001375205,1040,Gold and Silver Ores
URGN,0001668243,2834,Pharmaceutical Preparations
URI,0001067701,7359,"Services-Equipment Rental & Leasing, NEC"
UROY,0001711570,6221,Commodity Contracts Brokers & Dealers
USAC,0001522727,4922,Natural Gas Transmission
USAP,0000931584,3312,"Steel Works, Blast Furnaces & Rolling Mills (Coke Ovens)"
USAR,0001970622,1000,Metal Mining
USAS,0001286973,1000,Metal Mining
USAU,0000027093,1000,Metal Mining
USB,0000036104,6021,National Commercial Banks
USBC,0001074828,6199,Finance Services
USCB,0001901637,6022,State Commercial Banks
USDE,0002080215,6199,Finance Services
USEA,0001912847,4400,Water Transportation
USEG,0000101594,1311,Crude Petroleum & Natural Gas
USFD,0001665918,5140,Wholesale-Groceries & Related Products
USGO,0001947244,1040,Gold and Silver Ores
USIO,0001088034,6099,"Functions Related To Depository Banking, NEC"
USLM,0000082020,1400,Mining & Quarrying of  Nonmetallic Minerals (No Fuels)
USM,0000821130,4812,Radiotelephone Communications
USNA,0000896264,2833,Medicinal Chemicals & Botanical Products
USPH,0000885978,8000,Services-Health Services
UTHR,0001082554,2834,Pharmaceutical Preparations
UTI,0001261654,8200,Services-Educational Services
UTL,0000755001,4931,Electric & Other Services Combined
UTMD,0000706698,3841,Surgical & Medical Instruments & Apparatus
UTSI,0001030471,3669,"Communications Equipment, NEC"
UTZ,0001739566,2090,Miscellaneous Food Preparations & Kindred Products
UUU,0000102109,5065,"Wholesale-Electronic Parts & Equipment, NEC"
UUUU,0001385849,1400,Mining & Quarrying of  Nonmetallic Minerals (No Fuels)
UVE,0000891166,6331,"Fire, Marine & Casualty Insurance"
UVIX,0001793497,6221,Commodity Contracts Brokers & Dealers
UVSP,0000102212,6022,State Commercial Banks
UVV,0000102037,5150,Wholesale-Farm Product Raw Materials
UVXY,0001415311,6221,Commodity Contracts Brokers & Dealers
UWMC,0001783398,6162,Mortgage Bankers & Loan Correspondents
UYSC,0002036973,6770,Blank Checks
UZX,0001969401,5961,Retail-Catalog & Mail-Order Houses
V,0001403161,7389,"Services-Business Services, NEC"
VABK,0001572334,6021,National Commercial Banks
VAC,0001524358,6531,Real Estate Agents & Managers (For Others)
VACH,0002006815,2836,"Biological Products, (No Diagnostic Substances)"
VACI,0002080023,4899,"Communications Services, NEC"
VAI,0001711012,7510,Services-Auto Rental & Leasing (No Drivers)
VAL,0000314808,1381,Drilling Oil & Gas Wells
VALU,0000717720,6282,Investment Advice
VANI,0001266806,3845,Electromedical & Electrotherapeutic Apparatus
VAPE,0001482541,0700,Agricultural Services
VATE,0001006837,3440,Fabricated Structural Metal Products
VBFC,0001290476,6022,State Commercial Banks
VBIO,0001787740,2834,Pharmaceutical Preparations
VBNK,0001690639,6029,"Commercial Banks, NEC"
VBTX,0001501570,6022,State Commercial Banks
VC,0001111335,3714,Motor Vehicle Parts & Accessories
VCEL,0000887359,2836,"Biological Products, (No Diagnostic Substances)"
VCIC,0002025396,6211,"Security Brokers, Dealers & Flotation Companies"
VCIG,0001930510,8744,Services-Facilities Support Management Services
VCNX,0001205922,2834,Pharmaceutical Preparations
VCSA,0001874944,7340,Services-To Dwellings & Other Buildings
VCTR,0001570827,6282,Investment Advice
VCYT,0001384101,8071,Services-Medical Laboratories
VECA,0002081690,6770,Blank Checks
VECO,0000103145,3559,"Special Industry Machinery, NEC"
VEEA,0001840317,7373,Services-Computer Integrated Systems Design
VEEE,0001855509,3730,Ship & Boat Building & Repairing
VEEV,0001393052,7372,Services-Prepackaged Software
VEL,0001692376,6199,Finance Services
VELO,0001825079,3559,"Special Industry Machinery, NEC"
VENU,0001770501,7900,Services-Amusement & Recreation Services
VERA,0001831828,2834,Pharmaceutical Preparations
VERB,0001566610,6199,Finance Services
VERI,0001615165,7374,Services-Computer Processing & Data Preparation
VERO,0001409269,3841,Surgical & Medical Instruments & Apparatus
VERU,0000863894,2834,Pharmaceutical Preparations
VERV,0001840574,2834,Pharmaceutical Preparations
VERX,0001806837,7372,Services-Prepackaged Software
VET,0001293135,1311,Crude Petroleum & Natural Gas
VEV,0001834975,3711,Motor Vehicles & Passenger Car Bodies
VFC,0000103379,2320,"Men's & Boys' Furnishgs, Work Clothg, & Allied Garments"
VFF,0001584549,0100,Agricultural Production-Crops
VFS,0001913510,3711,Motor Vehicles & Passenger Car Bodies
VG,0002007855,4924,Natural Gas Distribution
VGAS,0001841425,2860,Industrial Organic Chemicals
VGNT,0002078008,3714,Motor Vehicle Parts & Accessories
VGR,0000059440,2111,Cigarettes
VGZ,0000783324,1040,Gold and Silver Ores
VHC,0001082324,6794,Patent Owners & Lessors
VHCP,0002086264,6770,Blank Checks
VHI,0000059255,2810,Industrial Inorganic Chemicals
VHUB,0001972234,3590,Misc Industrial & Commercial Machinery & Equipment
VIA,0001603015,7372,Services-Prepackaged Software
VIAV,0000912093,3674,Semiconductors & Related Devices
VICI,0001705696,6798,Real Estate Investment Trusts
VICR,0000751978,3679,"Electronic Components, NEC"
VIDA,0001973062,7372,Services-Prepackaged Software
VIGL,0001827087,2836,"Biological Products, (No Diagnostic Substances)"
VII,0002139246,6770,Blank Checks
VIK,0001745201,4400,Water Transportation
VINC,0001796129,2834,Pharmaceutical Preparations
VINE,0001880343,5961,Retail-Catalog & Mail-Order Houses
VINO,0001559998,6552,Land Subdividers & Developers (No Cemeteries)
VINP,0001826286,6282,Investment Advice
VIP,0001844971,6199,Finance Services
VIR,0001706431,2836,"Biological Products, (No Diagnostic Substances)"
VIRC,0000751365,2531,Public Bldg & Related Furniture
VIRI,0001818844,2834,Pharmaceutical Preparations
VIRT,0001592386,6211,"Security Brokers, Dealers & Flotation Companies"
VIRX,0001061027,2834,Pharmaceutical Preparations
VISL,0001565228,3669,"Communications Equipment, NEC"
VISN,0001517228,3663,Radio & Tv Broadcasting & Communications Equipment
VITL,0001579733,2000,Food and Kindred Products
VIVK,0001450704,4953,Refuse Systems
VIVO,0001681348,4931,Electric & Other Services Combined
VIVS,0001497253,2836,"Biological Products, (No Diagnostic Substances)"
VIXY,0001415311,6221,Commodity Contracts Brokers & Dealers
VKTX,0001607678,2834,Pharmaceutical Preparations
VLCN,0001829794,6199,Finance Services
VLGEA,0000103595,5411,Retail-Grocery Stores
VLN,0001863006,3674,Semiconductors & Related Devices
VLO,0001035002,2911,Petroleum Refining
VLOS,0002016072,6770,Blank Checks
VLTO,0001967680,3825,Instruments For Meas & Testing of  Electricity & Elec Signals
VLY,0000714310,6021,National Commercial Banks
VMAR,0001813783,3730,Ship & Boat Building & Repairing
VMC,0001396009,1400,Mining & Quarrying of  Nonmetallic Minerals (No Fuels)
VMCA,0001892747,6770,Blank Checks
VMD,0001729149,8090,"Services-Misc Health & Allied Services, NEC"
VMEO,0001837686,7370,"Services-Computer Programming, Data Processing, Etc."
VMET,0002080073,6795,Mineral Royalty Traders
VMI,0000102729,3440,Fabricated Structural Metal Products
VMRK,0000906107,6798,Real Estate Investment Trusts
VNCE,0001579157,5600,Retail-Apparel & Accessory Stores
VNDA,0001347178,2834,Pharmaceutical Preparations
VNME,0002055879,6770,Blank Checks
VNO,0000899689,6798,Real Estate Investment Trusts
VNOM,0001602065,1311,Crude Petroleum & Natural Gas
VNRX,0000093314,2835,In Vitro & In Vivo Diagnostic Substances
VNT,0001786842,3824,Totalizing Fluid Meters & Counting Devices
VNTG,0002027160,4731,Arrangement of  Transportation of  Freight & Cargo
VOC,0001505413,1311,Crude Petroleum & Natural Gas
VOGX,0001903784,2834,Pharmaceutical Preparations
VOR,0001817229,2836,"Biological Products, (No Diagnostic Substances)"
VOXR,0001907909,1040,Gold and Silver Ores
VOXX,0000807707,5065,"Wholesale-Electronic Parts & Equipment, NEC"
VOYA,0001535929,6311,Life Insurance
VOYG,0001788060,3760,Guided Missiles & Space Vehicles & Parts
VPG,0001487952,3670,Electronic Components & Accessories
VRA,0001495320,3100,Leather & Leather Products
VRAR,0001854445,7371,Services-Computer Programming Services
VRAX,0001885827,2835,In Vitro & In Vivo Diagnostic Substances
VRCA,0001660334,2834,Pharmaceutical Preparations
VRDN,0001590750,2834,Pharmaceutical Preparations
VRE,0000924901,6798,Real Estate Investment Trusts
VREX,0001681622,3679,"Electronic Components, NEC"
VRM,0001580864,5500,Retail-Auto Dealers & Gasoline Stations
VRME,0001104038,6199,Finance Services
VRN,0001545851,1311,Crude Petroleum & Natural Gas
VRNS,0001361113,7372,Services-Prepackaged Software
VRNT,0001166388,7373,Services-Computer Integrated Systems Design
VRPX,0001708331,2834,Pharmaceutical Preparations
VRRM,0001682745,4700,Transportation Services
VRSK,0001442145,7374,Services-Computer Processing & Data Preparation
VRSN,0001014473,7371,Services-Computer Programming Services
VRT,0001674101,3679,"Electronic Components, NEC"
VRTS,0000883237,6282,Investment Advice
VRTX,0000875320,2834,Pharmaceutical Preparations
VRXA,0002079109,2834,Pharmaceutical Preparations
VS,0001701963,7374,Services-Computer Processing & Data Preparation
VSA,0001592560,8200,Services-Educational Services
VSAC,0001883983,6770,Blank Checks
VSAT,0000797721,4899,"Communications Services, NEC"
VSCO,0001856437,5621,Retail-Women's Clothing Stores
VSEC,0000102752,8711,Services-Engineering Services
VSEE,0001864531,8000,Services-Health Services
VSH,0000103730,3670,Electronic Components & Accessories
VSME,0001951294,7311,Services-Advertising Agencies
VSNT,0002067876,4833,Television Broadcasting Stations
VSNTV,0002067876,4833,Television Broadcasting Stations
VST,0001692819,4911,Electric Services
VSTA,0001792829,8200,Services-Educational Services
VSTD,0001898604,5812,Retail-Eating  Places
VSTE,0001964630,3433,"Heating Equipment, Except Electric & Warm Air Furnaces"
VSTM,0001526119,2834,Pharmaceutical Preparations
VSTO,0001616318,3480,"Ordnance & Accessories, (No Vehicles/Guided Missiles)"
VSTS,0001967649,5190,Wholesale-Miscellaneous Nondurable Goods
VSXY,0001856437,5621,Retail-Women's Clothing Stores
VTAK,0001716621,3841,Surgical & Medical Instruments & Apparatus
VTEX,0001793663,7372,Services-Prepackaged Software
VTGN,0001411685,2834,Pharmaceutical Preparations
VTIX,0001606242,3577,"Computer Peripheral Equipment, NEC"
VTLE,0001528129,1311,Crude Petroleum & Natural Gas
VTNR,0000890447,2911,Petroleum Refining
VTOL,0001525221,4522,"Air Transportation, Nonscheduled"
VTR,0000740260,6798,Real Estate Investment Trusts
VTRS,0001792044,2834,Pharmaceutical Preparations
VTS,0001944558,1311,Crude Petroleum & Natural Gas
VTSI,0001085243,3990,Miscellaneous Manufacturing Industries
VTVT,0001641489,2834,Pharmaceutical Preparations
VTYX,0001851194,2834,Pharmaceutical Preparations
VUZI,0001463972,3663,Radio & Tv Broadcasting & Communications Equipment
VVI,0000884219,7990,Services-Miscellaneous Amusement & Recreation
VVOS,0001716166,3841,Surgical & Medical Instruments & Apparatus
VVPR,0001681348,4931,Electric & Other Services Combined
VVV,0001674910,2990,Miscellaneous Products of  Petroleum & Coal
VVX,0001601548,8744,Services-Facilities Support Management Services
VWAV,0002038439,7372,Services-Prepackaged Software
VXRT,0000072444,2836,"Biological Products, (No Diagnostic Substances)"
VXX,0000312070,6029,"Commercial Banks, NEC"
VXZ,0000312070,6029,"Commercial Banks, NEC"
VYGR,0001640266,2836,"Biological Products, (No Diagnostic Substances)"
VYNE,0001566044,2834,Pharmaceutical Preparations
VYX,0000070866,3578,Calculating & Accounting Machines (No Electronic Computers)
VZ,0000732712,4813,Telephone Communications (No Radiotelephone)
VZIO,0001835591,3651,Household Audio & Video Equipment
VZLA,0001796073,1040,Gold and Silver Ores
W,0001616707,5961,Retail-Catalog & Mail-Order Houses
WAB,0000943452,3743,Railroad Equipment
WABC,0000311094,6021,National Commercial Banks
WAFD,0000936528,6021,National Commercial Banks
WAFDP,0000936528,6021,National Commercial Banks
WAFU,0001716770,8200,Services-Educational Services
WAL,0001212545,6022,State Commercial Banks
WALD,0001840199,2844,"Perfumes, Cosmetics & Other Toilet Preparations"
WASH,0000737468,6022,State Commercial Banks
WAT,0001000697,3826,Laboratory Analytical Instruments
WATR,0002092314,2080,Beverages
WATT,0001575793,3663,Radio & Tv Broadcasting & Communications Equipment
WAVS,0001868419,7371,Services-Computer Programming Services
WAY,0001990354,7373,Services-Computer Integrated Systems Design
WBA,0001618921,5912,Retail-Drug Stores and Proprietary Stores
WBD,0001437107,4841,Cable & Other Pay Television Services
WBI,0002064947,1389,"Oil & Gas Field Services, NEC"
WBS,0000801337,6021,National Commercial Banks
WBTN,0001997859,2741,Miscellaneous Publishing
WBUY,0001946703,5900,Retail-Miscellaneous Retail
WBX,0001866501,3690,"Miscellaneous Electrical Machinery, Equipment & Supplies"
WCC,0000929008,5063,"Wholesale-Electrical Apparatus & Equipment, Wiring Supplies "
WCCB,0002105965,6022,State Commercial Banks
WCN,0001318220,4953,Refuse Systems
WCT,0001990251,7372,Services-Prepackaged Software
WD,0001497770,6199,Finance Services
WDAY,0001327811,7374,Services-Computer Processing & Data Preparation
WDC,0000106040,3572,Computer Storage Devices
WDFC,0000105132,2890,Miscellaneous Chemical Products
WEAT,0001471824,6221,Commodity Contracts Brokers & Dealers
WEAV,0001609151,7372,Services-Prepackaged Software
WEC,0000783325,4931,Electric & Other Services Combined
WEL,0001877557,5960,Retail-Nonstore Retailers
WELL,0000766704,6798,Real Estate Investment Trusts
WEN,0000030697,5810,Retail-Eating & Drinking Places
WENC,0002104260,6770,Blank Checks
WENN,0002057043,6770,Blank Checks
WERN,0000793074,4213,Trucking (No Local)
WES,0001423902,4922,Natural Gas Transmission
WEST,0001806347,2080,Beverages
WETH,0001826660,3577,"Computer Peripheral Equipment, NEC"
WETO,0001941158,4100,Local & Suburban Transit & Interurban Hwy Passenger Trans
WEX,0001309108,7389,"Services-Business Services, NEC"
WEYS,0000106532,5130,"Wholesale-Apparel, Piece Goods & Notions"
WFC,0000072971,6021,National Commercial Banks
WFCF,0001360565,7372,Services-Prepackaged Software
WFF,0001980210,3990,Miscellaneous Manufacturing Industries
WFG,0001402388,2421,"Sawmills & Planting Mills, General"
WFRD,0001603923,3533,Oil & Gas Field Machinery & Equipment
WGO,0000107687,3716,Motor Homes
WGS,0001818331,8000,Services-Health Services
WH,0001722684,7011,Hotels & Motels
WHD,0001699136,3533,Oil & Gas Field Machinery & Equipment
WHG,0001165002,6282,Investment Advice
WHK,0001921603,1311,Crude Petroleum & Natural Gas
WHLM,0001013706,8742,Services-Management Consulting Services
WHLR,0001527541,6798,Real Estate Investment Trusts
WHLRL,0001527541,6798,Real Estate Investment Trusts
WHR,0000106640,3630,Household Appliances
WHWK,0001422142,2834,Pharmaceutical Preparations
WILC,0001030997,5141,"Wholesale-Groceries, General Line"
WIMI,0001770088,7372,Services-Prepackaged Software
WINA,0000908315,5900,Retail-Miscellaneous Retail
WING,0001636222,5812,Retail-Eating  Places
WINT,0000946486,2836,"Biological Products, (No Diagnostic Substances)"
WINV,0001854463,6770,Blank Checks
WISA,0001682149,7389,"Services-Business Services, NEC"
WIT,0001123799,7371,Services-Computer Programming Services
WIX,0001576789,7370,"Services-Computer Programming, Data Processing, Etc."
WK,0001445305,7372,Services-Prepackaged Software
WKC,0000789460,5172,Wholesale-Petroleum & Petroleum Products (No Bulk Stations)
WKHS,0001425287,3711,Motor Vehicles & Passenger Car Bodies
WKSP,0001096275,3714,Motor Vehicle Parts & Accessories
WLAC,0002032379,6770,Blank Checks
WLCO,0002101470,6770,Blank Checks
WLDN,0001370450,8711,Services-Engineering Services
WLDS,0001887673,3576,Computer Communications Equipment
WLDSW,0001887673,3576,Computer Communications Equipment
WLFC,0001018164,5080,"Wholesale-Machinery, Equipment & Supplies"
WLGS,0001899658,1700,Construction - Special Trade Contractors
WLII,0002083946,6770,Blank Checks
WLK,0001262823,2860,Industrial Organic Chemicals
WLKP,0001604665,2860,Industrial Organic Chemicals
WLTH,0001524566,6199,Finance Services
WLY,0000107140,2731,Books: Publishing or  Publishing & Printing
WLYB,0000107140,2731,Books: Publishing or  Publishing & Printing
WM,0000823768,4953,Refuse Systems
WMB,0000107263,4922,Natural Gas Transmission
WMG,0001319161,7900,Services-Amusement & Recreation Services
WMK,0000105418,5411,Retail-Grocery Stores
WMPN,0001828376,6036,"Savings Institutions, Not Federally Chartered"
WMS,0001604028,3086,Plastics Foam Products
WMT,0000104169,5331,Retail-Variety Stores
WNC,0000879526,3715,Truck Trailers
WNEB,0001157647,6035,"Savings Institution, Federally Chartered"
WNS,0001356570,7389,"Services-Business Services, NEC"
WNW,0001787803,2840,"Soap, Detergents, Cleang Preparations, Perfumes, Cosmetics"
WOK,0001929783,3841,Surgical & Medical Instruments & Apparatus
WOLF,0000895419,3674,Semiconductors & Related Devices
WOOF,0001826470,5990,"Retail-Retail Stores, NEC"
WOR,0000108516,3310,"Steel Works, Blast Furnaces & Rolling & Finishing Mills"
WORX,0001674227,7374,Services-Computer Processing & Data Preparation
WOW,0001701051,4841,Cable & Other Pay Television Services
WPAC,0002081536,6770,Blank Checks
WPC,0001025378,6798,Real Estate Investment Trusts
WPM,0001323404,1040,Gold and Silver Ores
WPRT,0001370416,3510,Engines & Turbines
WRAP,0001702924,3480,"Ordnance & Accessories, (No Vehicles/Guided Missiles)"
WRB,0000011544,6331,"Fire, Marine & Casualty Insurance"
WRBY,0001504776,3851,Ophthalmic Goods
WRLD,0000108385,6141,Personal Credit Institutions
WRN,0001364125,1000,Metal Mining
WS,0001968487,3310,"Steel Works, Blast Furnaces & Rolling & Finishing Mills"
WSBC,0000203596,6021,National Commercial Banks
WSBCO,0000203596,6021,National Commercial Banks
WSBF,0001569994,6035,"Savings Institution, Federally Chartered"
WSBK,0002047235,6036,"Savings Institutions, Not Federally Chartered"
WSC,0001647088,7350,Services-Miscellaneous Equipment Rental & Leasing
WSE,0002099039,7389,"Services-Business Services, NEC"
WSFS,0000828944,6021,National Commercial Banks
WSHP,0002048271,5900,Retail-Miscellaneous Retail
WSM,0000719955,5700,"Retail-Home Furniture, Furnishings & Equipment Stores"
WSO,0000105016,5070,Wholesale-Hardware & Plumbing & Heating Equipment & Supplies
WSO.B,0000105016,5070,Wholesale-Hardware & Plumbing & Heating Equipment & Supplies
WSR,0001175535,6798,Real Estate Investment Trusts
WST,0000105770,3841,Surgical & Medical Instruments & Apparatus
WSTN,0002076192,8011,Services-Offices & Clinics of  Doctors of  Medicine
WT,0000880631,6211,"Security Brokers, Dealers & Flotation Companies"
WTBA,0001166928,6022,State Commercial Banks
WTF,0001987363,6200,"Security & Commodity Brokers, Dealers, Exchanges & Services"
WTFC,0001015328,6022,State Commercial Banks
WTG,0002053927,7370,"Services-Computer Programming, Data Processing, Etc."
WTI,0001288403,1311,Crude Petroleum & Natural Gas
WTM,0000776867,6331,"Fire, Marine & Casualty Insurance"
WTMA,0001866226,3690,"Miscellaneous Electrical Machinery, Equipment & Supplies"
WTO,0001789299,3600,Electronic & Other Electrical Equipment (No Computer Equip)
WTRG,0000078128,4941,Water Supply
WTS,0000795403,3490,Miscellaneous Fabricated Metal Products
WTTR,0001693256,1389,"Oil & Gas Field Services, NEC"
WTW,0001140536,6411,"Insurance Agents, Brokers & Service"
WU,0001365135,7389,"Services-Business Services, NEC"
WULF,0001083301,6199,Finance Services
WVE,0001631574,2834,Pharmaceutical Preparations
WVVI,0000838875,2080,Beverages
WW,0000105319,7200,Services-Personal Services
WWD,0000108312,3620,Electrical Industrial Apparatus
WWR,0000839470,1000,Metal Mining
WWW,0000110471,3140,"Footwear, (No Rubber)"
WXM,0001979610,1700,Construction - Special Trade Contractors
WY,0000106535,6798,Real Estate Investment Trusts
WYFI,0002042022,6199,Finance Services
WYHG,0001999860,2013,Sausages & Other Prepared Meat Products
WYNN,0001174922,7011,Hotels & Motels
WYY,0001034760,7373,Services-Computer Integrated Systems Design
X,0001163302,3312,"Steel Works, Blast Furnaces & Rolling Mills (Coke Ovens)"
XAGE,0001842939,2840,"Soap, Detergents, Cleang Preparations, Perfumes, Cosmetics"
XAIR,0001641631,3841,Surgical & Medical Instruments & Apparatus
XBIO,0001534525,2834,Pharmaceutical Preparations
XBIT,0001626878,2834,Pharmaceutical Preparations
XBP,0001839530,7389,"Services-Business Services, NEC"
XCBE,0002083493,6770,Blank Checks
XCH,0001979887,3690,"Miscellaneous Electrical Machinery, Equipment & Supplies"
XCUR,0001698530,2834,Pharmaceutical Preparations
XE,0002088896,3443,Fabricated Plate Work (Boiler Shops)
XEL,0000072903,4931,Electric & Other Services Combined
XELA,0001620179,7389,"Services-Business Services, NEC"
XELB,0001083220,6794,Patent Owners & Lessors
XELLL,0000072903,4931,Electric & Other Services Combined
XENE,0001582313,2834,Pharmaceutical Preparations
XERS,0001867096,2834,Pharmaceutical Preparations
XFIN,0001852749,6770,Blank Checks
XFLH,0002088103,6770,Blank Checks
XFOR,0001501697,2836,"Biological Products, (No Diagnostic Substances)"
XGN,0001274737,8071,Services-Medical Laboratories
XHG,0001769256,6411,"Insurance Agents, Brokers & Service"
XHLD,0002030954,7389,"Services-Business Services, NEC"
XHR,0001616000,7011,Hotels & Motels
XIFR,0001603145,4911,Electric Services
XIII,0002114229,6770,Blank Checks
XLAB,0002109869,7372,Services-Prepackaged Software
XLO,0001840233,2834,Pharmaceutical Preparations
XMAX,0001473334,2510,Household Furniture
XMTR,0001657573,7389,"Services-Business Services, NEC"
XNCR,0001326732,2834,Pharmaceutical Preparations
XNDU,0002097163,3571,Electronic Computers
XOM,0000034088,2911,Petroleum Refining
XOMA,0000791908,2834,Pharmaceutical Preparations
XOMAO,0000791908,2834,Pharmaceutical Preparations
XOS,0001819493,3714,Motor Vehicle Parts & Accessories
XP,0001787425,6211,"Security Brokers, Dealers & Flotation Companies"
XPEL,0001767258,3470,"Coating, Engraving & Allied Services"
XPER,0001788999,7372,Services-Prepackaged Software
XPL,0000917225,1040,Gold and Silver Ores
XPO,0001166003,4700,Transportation Services
XPOF,0001802156,7990,Services-Miscellaneous Amusement & Recreation
XPON,0001894954,3690,"Miscellaneous Electrical Machinery, Equipment & Supplies"
XPRO,0001575828,1389,"Oil & Gas Field Services, NEC"
XRAY,0000818479,3843,Dental Equipment & Supplies
XRN,0001533615,6798,Real Estate Investment Trusts
XRPN,0002044009,6770,Blank Checks
XRTX,0001729214,2834,Pharmaceutical Preparations
XRX,0001770450,3577,"Computer Peripheral Equipment, NEC"
XSLL,0002088807,6770,Blank Checks
XTER,0002134856,6770,Blank Checks
XTIA,0001529113,7371,Services-Computer Programming Services
XTKG,0001754323,7371,Services-Computer Programming Services
XTLB,0001023549,2834,Pharmaceutical Preparations
XTND,0002111860,3760,Guided Missiles & Space Vehicles & Parts
XTNT,0001453593,3841,Surgical & Medical Instruments & Apparatus
XWEL,0001410428,7200,Services-Personal Services
XWIN,0001473334,2510,Household Furniture
XXI,0002070457,6199,Finance Services
XXII,0001347858,2111,Cigarettes
XYL,0001524472,3561,Pumps & Pumping Equipment
XYZ,0001512673,7372,Services-Prepackaged Software
XZO,0001873951,7372,Services-Prepackaged Software
YAAS,0001964946,7372,Services-Prepackaged Software
YARW,0001566044,2834,Pharmaceutical Preparations
YCBD,0001644903,2844,"Perfumes, Cosmetics & Other Toilet Preparations"
YCS,0001415311,6221,Commodity Contracts Brokers & Dealers
YCY,0002075336,6770,Blank Checks
YDDL,0002034723,5090,Wholesale-Misc Durable Goods
YDES,0002011674,8071,Services-Medical Laboratories
YDKG,0001413745,6199,Finance Services
YELP,0001345016,7200,Services-Personal Services
YETI,0001670592,3949,"Sporting & Athletic Goods, NEC"
YEXT,0001614178,7374,Services-Computer Processing & Data Preparation
YFOR,0001985337,7363,Services-Help Supply Services
YGMZ,0001782037,4700,Transportation Services
YHC,0001843165,2080,Beverages
YHGJ,0001042187,3060,"Fabricated Rubber Products, NEC"
YHNA,0002020987,6770,Blank Checks
YI,0001738906,5912,Retail-Drug Stores and Proprietary Stores
YIBO,0001868395,3577,"Computer Peripheral Equipment, NEC"
YICC,0002130386,6770,Blank Checks
YJ,0001759614,5990,"Retail-Retail Stores, NEC"
YMAB,0001722964,2834,Pharmaceutical Preparations
YMAT,0001875016,3949,"Sporting & Athletic Goods, NEC"
YMT,0001991605,7374,Services-Computer Processing & Data Preparation
YOOV,0002001794,7381,"Services-Detective, Guard & Armored Car Services"
YORW,0000108985,4941,Water Supply
YOSH,0001898604,5812,Retail-Eating  Places
YOTA,0001907730,5500,Retail-Auto Dealers & Gasoline Stations
YOU,0001856314,7372,Services-Prepackaged Software
YSS,0002086587,3760,Guided Missiles & Space Vehicles & Parts
YSWY,0001859836,5411,Retail-Grocery Stores
YSXT,0001993463,7500,"Services-Automotive Repair, Services & Parking"
YTRA,0001516899,4700,Transportation Services
YUM,0001041061,5812,Retail-Eating  Places
YUMC,0001673358,5812,Retail-Eating  Places
YXT,0001872090,7372,Services-Prepackaged Software
YYAI,0001674440,7370,"Services-Computer Programming, Data Processing, Etc."
YYGH,0001985337,7363,Services-Help Supply Services
Z,0001617640,7389,"Services-Business Services, NEC"
ZAPP,0001955104,3751,"Motorcycles, Bicycles & Parts"
ZBAO,0001966750,6411,"Insurance Agents, Brokers & Service"
ZBH,0001136869,3842,"Orthopedic, Prosthetic & Surgical Appliances & Supplies"
ZBIO,0001953926,2834,Pharmaceutical Preparations
ZBRA,0000877212,3560,General Industrial Machinery & Equipment
ZCAR,0001854275,7510,Services-Auto Rental & Leasing (No Drivers)
ZCMD,0001785566,8200,Services-Educational Services
ZCSH,0001720265,6221,Commodity Contracts Brokers & Dealers
ZD,0001084048,4822,Telegraph & Other Message Communications
ZDAI,0001966678,1540,General Bldg Contractors - Nonresidential Bldgs
ZDGE,0001667313,7372,Services-Prepackaged Software
ZENA,0001997403,7372,Services-Prepackaged Software
ZENV,0001836934,7372,Services-Prepackaged Software
ZEO,0001865506,1700,Construction - Special Trade Contractors
ZEPP,0001720446,3571,Electronic Computers
ZETA,0001851003,7372,Services-Prepackaged Software
ZEUS,0000917470,5051,Wholesale-Metals Service Centers & of fices
ZG,0001617640,7389,"Services-Business Services, NEC"
ZGM,0002011458,8742,Services-Management Consulting Services
ZGN,0001877787,2300,Apparel & Other Finishd Prods of  Fabrics & Similar Matl
ZI,0001794515,7372,Services-Prepackaged Software
ZIM,0001654126,4412,Deep Sea Foreign Transportation of  Freight
ZIMV,0001876588,3843,Dental Equipment & Supplies
ZION,0000109380,6021,National Commercial Banks
ZIONL,0000109380,6021,National Commercial Banks
ZIP,0001617553,7370,"Services-Computer Programming, Data Processing, Etc."
ZJK,0001941506,3452,"Bolts, Nuts, Screws, Rivets & Washers"
ZJYL,0001837821,3842,"Orthopedic, Prosthetic & Surgical Appliances & Supplies"
ZKIN,0001687451,3490,Miscellaneous Fabricated Metal Products
ZKP,0002087447,6770,Blank Checks
ZM,0001585521,7370,"Services-Computer Programming, Data Processing, Etc."
ZNB,0001747661,8200,Services-Educational Services
ZNTL,0001725160,2834,Pharmaceutical Preparations
ZOM,0001684144,2834,Pharmaceutical Preparations
ZONE,0001956741,2842,"Specialty Cleaning, Polishing and Sanitation Preparations"
ZOOZ,0001992818,3590,Misc Industrial & Commercial Machinery & Equipment
ZPTA,0001843714,7372,Services-Prepackaged Software
ZS,0001713683,7371,Services-Computer Programming Services
ZSL,0001415311,6221,Commodity Contracts Brokers & Dealers
ZSPC,0001637147,7372,Services-Prepackaged Software
ZSQR,0001759186,6199,Finance Services
ZSTK,0001790169,6199,Finance Services
ZTEK,0001904501,2890,Miscellaneous Chemical Products
ZTG,0002011458,8742,Services-Management Consulting Services
ZTS,0001555280,2834,Pharmaceutical Preparations
ZUMZ,0001318008,5600,Retail-Apparel & Accessory Stores
ZUO,0001423774,7372,Services-Prepackaged Software
ZURA,0001855644,2836,"Biological Products, (No Diagnostic Substances)"
ZVIA,0001854139,2086,Bottled & Canned Soft Drinks & Carbonated Waters
ZVRA,0001434647,2834,Pharmaceutical Preparations
ZVSA,0001859007,2834,Pharmaceutical Preparations
ZWS,0001439288,3560,General Industrial Machinery & Equipment
ZYBT,0001975641,2834,Pharmaceutical Preparations
ZYME,0001937653,2834,Pharmaceutical Preparations
ZYXI,0000846475,3845,Electromedical & Electrotherapeutic Apparatus
