ts,o,h,l,c,v,n
2026-03-09 03:00:00+00:00,66511.0,67632.0,66478.0,67170.0,2877.06617,44850
2026-03-09 04:00:00+00:00,67170.0,67599.0,67014.0,67070.0,3812.78035,25922
2026-03-09 05:00:00+00:00,67070.0,68041.0,67070.0,67871.0,2776.79473,30721
2026-03-09 06:00:00+00:00,67872.0,67896.0,67216.0,67228.0,2461.19407,23633
2026-03-09 07:00:00+00:00,67228.0,67534.0,66862.0,67513.0,1546.70338,24464
2026-03-09 08:00:00+00:00,67513.0,67890.0,67339.0,67780.0,1441.62251,24736
2026-03-09 09:00:00+00:00,67779.0,68426.0,67544.0,67949.0,3039.66316,33362
2026-03-09 10:00:00+00:00,67950.0,68046.0,67524.0,67568.0,1130.4985,19087
2026-03-09 11:00:00+00:00,67569.0,67832.0,67314.0,67732.0,1300.58091,20386
2026-03-09 12:00:00+00:00,67733.0,68331.0,67729.0,68134.0,1583.60796,23707
2026-03-09 13:00:00+00:00,68135.0,69249.0,68121.0,68961.0,3796.80121,44894
2026-03-09 14:00:00+00:00,68960.0,69444.0,68640.0,69105.0,3795.19559,39729
2026-03-09 15:00:00+00:00,69104.0,69209.0,68651.0,68832.0,2685.02277,27959
2026-03-09 16:00:00+00:00,68831.0,69214.0,68594.0,68929.0,2706.80053,26297
2026-03-09 17:00:00+00:00,68930.0,69047.0,68235.0,68563.0,2142.60498,24268
2026-03-09 18:00:00+00:00,68563.0,68665.0,68183.0,68311.0,1002.68274,21272
2026-03-09 19:00:00+00:00,68312.0,69460.0,68312.0,68953.0,4981.96994,38256
2026-03-09 20:00:00+00:00,68949.0,69092.0,68710.0,68919.0,1143.93204,17523
2026-03-09 21:00:00+00:00,68919.0,69055.0,68571.0,68884.0,3592.68988,23502
2026-03-09 22:00:00+00:00,68885.0,68989.0,68537.0,68587.0,1157.83077,18405
2026-03-09 23:00:00+00:00,68588.0,68646.0,68334.0,68389.0,624.08331,13590
2026-03-10 00:00:00+00:00,68388.0,69256.0,68346.0,69117.0,1588.84829,27322
2026-03-10 01:00:00+00:00,69117.0,69341.0,68765.0,69230.0,1033.93846,24104
2026-03-10 02:00:00+00:00,69231.0,70598.0,69066.0,70240.0,5348.8411,51132
2026-03-10 03:00:00+00:00,70241.0,70338.0,69342.0,69394.0,2031.57161,28971
2026-03-10 04:00:00+00:00,69394.0,70095.0,69394.0,70043.0,1527.23119,23999
2026-03-10 05:00:00+00:00,70046.0,70338.0,69871.0,69940.0,1486.85116,22534
2026-03-10 06:00:00+00:00,69941.0,70155.0,69715.0,69886.0,1432.26777,21472
2026-03-10 07:00:00+00:00,69885.0,70500.0,69800.0,70363.0,1282.4551,24311
2026-03-10 08:00:00+00:00,70363.0,71072.0,70336.0,70642.0,2593.63299,34730
2026-03-10 09:00:00+00:00,70644.0,71269.0,70610.0,71024.0,2408.66534,22268
2026-03-10 10:00:00+00:00,71025.0,71037.0,70627.0,70730.0,1271.87552,13418
2026-03-10 11:00:00+00:00,70730.0,70800.0,70503.0,70555.0,1762.98004,14752
2026-03-10 12:00:00+00:00,70553.0,70586.0,70254.0,70480.0,785.08291,15491
2026-03-10 13:00:00+00:00,70480.0,70877.0,69667.0,69881.0,2071.35623,37891
2026-03-10 14:00:00+00:00,69880.0,71500.0,69250.0,71448.0,3889.61129,54139
2026-03-10 15:00:00+00:00,71447.0,71760.0,70861.0,71307.0,4605.61779,44863
2026-03-10 16:00:00+00:00,71308.0,71650.0,70906.0,71222.0,1439.09643,21907
2026-03-10 17:00:00+00:00,71221.0,71412.0,70461.0,70825.0,2876.65458,29171
2026-03-10 18:00:00+00:00,70824.0,70862.0,69844.0,69964.0,3134.69265,36484
2026-03-10 19:00:00+00:00,69964.0,70246.0,69691.0,69997.0,1380.96533,28154
2026-03-10 20:00:00+00:00,69994.0,70308.0,69937.0,70187.0,1044.43984,15169
2026-03-10 21:00:00+00:00,70187.0,70358.0,69467.0,69705.0,1775.04248,23417
2026-03-10 22:00:00+00:00,69704.0,69818.0,69400.0,69655.0,651.70899,16550
2026-03-10 23:00:00+00:00,69655.0,69924.0,69650.0,69898.0,731.41774,12090
2026-03-11 00:00:00+00:00,69897.0,70128.0,69707.0,69996.0,1645.78187,20055
2026-03-11 01:00:00+00:00,69996.0,70096.0,69830.0,70026.0,685.01286,12354
2026-03-11 02:00:00+00:00,70026.0,70074.0,69582.0,69764.0,553.38537,12047
2026-03-11 03:00:00+00:00,69763.0,69843.0,69434.0,69511.0,643.94718,11626
2026-03-11 04:00:00+00:00,69511.0,70244.0,69455.0,70090.0,1368.17428,17285
2026-03-11 05:00:00+00:00,70090.0,70161.0,69364.0,69465.0,1152.62785,15180
2026-03-11 06:00:00+00:00,69460.0,69961.0,69454.0,69906.0,718.43284,11949
2026-03-11 07:00:00+00:00,69906.0,69982.0,69459.0,69614.0,899.60071,12051
2026-03-11 08:00:00+00:00,69619.0,69747.0,69460.0,69620.0,908.80594,13166
2026-03-11 09:00:00+00:00,69619.0,69697.0,69346.0,69429.0,506.72559,11573
2026-03-11 10:00:00+00:00,69428.0,69680.0,69347.0,69574.0,607.37185,9073
2026-03-11 11:00:00+00:00,69574.0,69647.0,69126.0,69129.0,960.98973,13487
2026-03-11 12:00:00+00:00,69128.0,69712.0,68947.0,69303.0,1589.85557,25738
2026-03-11 13:00:00+00:00,69303.0,71046.0,69286.0,70143.0,5596.20278,59200
2026-03-11 14:00:00+00:00,70143.0,70918.0,69922.0,70535.0,5268.03792,51593
2026-03-11 15:00:00+00:00,70534.0,70604.0,69634.0,70180.0,2547.47564,35138
2026-03-11 16:00:00+00:00,70180.0,70794.0,70124.0,70534.0,2257.89873,25485
2026-03-11 17:00:00+00:00,70535.0,71294.0,70480.0,70738.0,3331.52843,35421
2026-03-11 18:00:00+00:00,70733.0,70854.0,70376.0,70587.0,1572.11458,15579
2026-03-11 19:00:00+00:00,70586.0,70712.0,70339.0,70598.0,1388.941,10817
2026-03-11 20:00:00+00:00,70597.0,70658.0,70349.0,70586.0,801.15992,11292
2026-03-11 21:00:00+00:00,70587.0,70737.0,70443.0,70711.0,1001.83711,12490
2026-03-11 22:00:00+00:00,70712.0,70898.0,70200.0,70323.0,1491.7996,18096
2026-03-11 23:00:00+00:00,70324.0,70463.0,70068.0,70135.0,847.16156,15004
2026-03-12 00:00:00+00:00,70136.0,70312.0,70081.0,70174.0,501.56714,14608
2026-03-12 01:00:00+00:00,70175.0,70175.0,69703.0,69780.0,834.84312,20932
2026-03-12 02:00:00+00:00,69780.0,69836.0,69176.0,69231.0,1244.00057,22952
2026-03-12 03:00:00+00:00,69231.0,69571.0,69200.0,69379.0,1196.8161,19904
2026-03-12 04:00:00+00:00,69380.0,69618.0,69241.0,69321.0,675.05358,13704
2026-03-12 05:00:00+00:00,69319.0,69500.0,69163.0,69437.0,699.90362,13945
2026-03-12 06:00:00+00:00,69436.0,69507.0,69320.0,69455.0,622.62867,9815
2026-03-12 07:00:00+00:00,69456.0,69819.0,69368.0,69786.0,1303.68021,15292
2026-03-12 08:00:00+00:00,69787.0,70061.0,69661.0,69862.0,1236.74577,18828
2026-03-12 09:00:00+00:00,69863.0,70349.0,69538.0,69918.0,1393.47222,22597
2026-03-12 10:00:00+00:00,69917.0,70468.0,69825.0,70370.0,1005.5285,21356
2026-03-12 11:00:00+00:00,70370.0,70770.0,70317.0,70388.0,1565.38908,25827
2026-03-12 12:00:00+00:00,70389.0,70577.0,70239.0,70344.0,1487.00486,22431
2026-03-12 13:00:00+00:00,70345.0,70492.0,69655.0,69936.0,2588.12403,42250
2026-03-12 14:00:00+00:00,69936.0,70608.0,69303.0,69554.0,3270.35698,54132
2026-03-12 15:00:00+00:00,69554.0,70516.0,69450.0,70278.0,2588.60424,43136
2026-03-12 16:00:00+00:00,70279.0,70520.0,69865.0,70326.0,2428.29758,41331
2026-03-12 17:00:00+00:00,70326.0,70495.0,70024.0,70167.0,1043.03223,27479
2026-03-12 18:00:00+00:00,70167.0,70241.0,69750.0,69785.0,1001.32198,23964
2026-03-12 19:00:00+00:00,69782.0,70537.0,69725.0,70400.0,2751.33633,33255
2026-03-12 20:00:00+00:00,70403.0,70518.0,70080.0,70128.0,1329.01433,17200
2026-03-12 21:00:00+00:00,70129.0,70435.0,70128.0,70248.0,933.35394,15143
2026-03-12 22:00:00+00:00,70248.0,70280.0,69981.0,70141.0,798.19746,14719
2026-03-12 23:00:00+00:00,70140.0,70700.0,70136.0,70500.0,1195.64322,23894
2026-03-13 00:00:00+00:00,70500.0,71986.0,70353.0,71455.0,5227.4838,66242
2026-03-13 01:00:00+00:00,71455.0,71728.0,71254.0,71640.0,2080.23721,28270
2026-03-13 02:00:00+00:00,71639.0,71677.0,71032.0,71117.0,1836.35388,22378
2026-03-13 03:00:00+00:00,71116.0,71474.0,70926.0,71376.0,1271.39736,19238
2026-03-13 04:00:00+00:00,71375.0,71461.0,71215.0,71364.0,905.15544,13250
2026-03-13 05:00:00+00:00,71363.0,71614.0,71223.0,71520.0,699.55386,16113
2026-03-13 06:00:00+00:00,71519.0,71573.0,71156.0,71320.0,850.46462,16714
2026-03-13 07:00:00+00:00,71322.0,71655.0,71222.0,71598.0,963.13788,18241
2026-03-13 08:00:00+00:00,71599.0,72127.0,71363.0,71794.0,1544.64277,26321
2026-03-13 09:00:00+00:00,71793.0,72073.0,71558.0,71992.0,2728.22868,22688
2026-03-13 10:00:00+00:00,71991.0,72570.0,71979.0,72454.0,2384.1234,33055
2026-03-13 11:00:00+00:00,72454.0,72511.0,72184.0,72202.0,1184.72343,19678
2026-03-13 12:00:00+00:00,72202.0,72855.0,72186.0,72748.0,1546.72626,27160
2026-03-13 13:00:00+00:00,72748.0,73560.0,72664.0,73350.0,4671.82163,53174
2026-03-13 14:00:00+00:00,73349.0,73869.0,72342.0,72342.0,4246.85524,58088
2026-03-13 15:00:00+00:00,72343.0,72799.0,71703.0,71801.0,3390.44246,57945
2026-03-13 16:00:00+00:00,71802.0,72061.0,71128.0,71847.0,3907.62005,52095
2026-03-13 17:00:00+00:00,71848.0,72216.0,70865.0,71004.0,3004.84723,44677
2026-03-13 18:00:00+00:00,71004.0,71328.0,70776.0,71022.0,2098.71139,32211
2026-03-13 19:00:00+00:00,71022.0,71273.0,70970.0,71135.0,1347.19816,23058
2026-03-13 20:00:00+00:00,71135.0,71440.0,71115.0,71316.0,602.08369,15943
2026-03-13 21:00:00+00:00,71316.0,71462.0,71018.0,71053.0,1234.8704,17240
2026-03-13 22:00:00+00:00,71052.0,71140.0,70519.0,70769.0,2454.78256,27922
2026-03-13 23:00:00+00:00,70768.0,70964.0,70660.0,70901.0,752.68233,14277
2026-03-14 00:00:00+00:00,70900.0,70911.0,70514.0,70586.0,1630.05017,18858
2026-03-14 01:00:00+00:00,70586.0,70865.0,70449.0,70795.0,617.5971,15488
2026-03-14 02:00:00+00:00,70794.0,70851.0,70696.0,70757.0,704.9585,9706
2026-03-14 03:00:00+00:00,70757.0,71124.0,70757.0,71039.0,734.07642,13589
2026-03-14 04:00:00+00:00,71039.0,71262.0,70984.0,71001.0,488.28956,11350
2026-03-14 05:00:00+00:00,71001.0,71103.0,70864.0,70978.0,578.84519,10868
2026-03-14 06:00:00+00:00,70977.0,70977.0,70276.0,70598.0,1358.10355,20737
2026-03-14 07:00:00+00:00,70598.0,70714.0,70450.0,70564.0,927.51233,13271
2026-03-14 08:00:00+00:00,70563.0,70672.0,70494.0,70543.0,381.20545,8323
2026-03-14 09:00:00+00:00,70544.0,70688.0,70370.0,70480.0,532.37977,11387
2026-03-14 10:00:00+00:00,70480.0,70537.0,70352.0,70529.0,243.64988,9444
2026-03-14 11:00:00+00:00,70529.0,70734.0,70528.0,70709.0,573.36129,10694
2026-03-14 12:00:00+00:00,70708.0,70809.0,70573.0,70730.0,623.41247,10163
2026-03-14 13:00:00+00:00,70730.0,70891.0,70691.0,70828.0,444.51364,10486
2026-03-14 14:00:00+00:00,70828.0,70911.0,70519.0,70564.0,1074.19388,12853
2026-03-14 15:00:00+00:00,70565.0,70692.0,70444.0,70545.0,1123.33285,11317
2026-03-14 16:00:00+00:00,70544.0,70666.0,70431.0,70642.0,405.21279,8745
2026-03-14 17:00:00+00:00,70642.0,70698.0,70544.0,70582.0,180.76302,7235
2026-03-14 18:00:00+00:00,70582.0,70659.0,70515.0,70626.0,276.32299,6447
2026-03-14 19:00:00+00:00,70626.0,70693.0,70561.0,70660.0,144.94461,5905
2026-03-14 20:00:00+00:00,70661.0,70815.0,70604.0,70765.0,521.73473,8432
2026-03-14 21:00:00+00:00,70764.0,70780.0,70624.0,70765.0,215.88093,7036
2026-03-14 22:00:00+00:00,70765.0,70770.0,70655.0,70677.0,247.53272,6485
2026-03-14 23:00:00+00:00,70677.0,71216.0,70677.0,71180.0,995.3799,18600
2026-03-15 00:00:00+00:00,71181.0,71188.0,70929.0,70952.0,609.96586,14247
2026-03-15 01:00:00+00:00,70952.0,71005.0,70822.0,70968.0,320.80956,10833
2026-03-15 02:00:00+00:00,70968.0,71590.0,70968.0,71426.0,1243.91831,24882
2026-03-15 03:00:00+00:00,71426.0,71500.0,71200.0,71313.0,654.8512,12049
2026-03-15 04:00:00+00:00,71313.0,71642.0,71301.0,71551.0,483.89323,12446
2026-03-15 05:00:00+00:00,71551.0,71750.0,71434.0,71463.0,478.13764,12324
2026-03-15 06:00:00+00:00,71463.0,71558.0,71344.0,71416.0,415.36759,9092
2026-03-15 07:00:00+00:00,71415.0,71633.0,71370.0,71420.0,297.03149,9085
2026-03-15 08:00:00+00:00,71419.0,71679.0,71419.0,71679.0,380.40334,10928
2026-03-15 09:00:00+00:00,71679.0,71931.0,71677.0,71755.0,882.83424,15607
2026-03-15 10:00:00+00:00,71756.0,71879.0,71677.0,71747.0,412.12226,7525
2026-03-15 11:00:00+00:00,71747.0,71859.0,71625.0,71809.0,481.79219,8797
2026-03-15 12:00:00+00:00,71809.0,71809.0,71537.0,71571.0,334.33763,7976
2026-03-15 13:00:00+00:00,71571.0,71636.0,71205.0,71571.0,753.67633,19026
2026-03-15 14:00:00+00:00,71570.0,71587.0,71301.0,71585.0,839.16817,11542
2026-03-15 15:00:00+00:00,71585.0,71585.0,71372.0,71444.0,234.58031,8614
2026-03-15 16:00:00+00:00,71445.0,71545.0,71256.0,71383.0,744.07293,11507
2026-03-15 17:00:00+00:00,71383.0,71950.0,71367.0,71780.0,1116.48441,16085
2026-03-15 18:00:00+00:00,71783.0,71842.0,71276.0,71341.0,776.55977,15919
2026-03-15 19:00:00+00:00,71340.0,71539.0,71287.0,71516.0,782.24768,11069
2026-03-15 20:00:00+00:00,71516.0,71896.0,71382.0,71685.0,992.2862,14858
2026-03-15 21:00:00+00:00,71685.0,72257.0,71581.0,72072.0,1317.11886,22377
2026-03-15 22:00:00+00:00,72072.0,73057.0,71684.0,72710.0,3497.08837,49289
2026-03-15 23:00:00+00:00,72711.0,73182.0,72369.0,72778.0,2649.88309,40743
2026-03-16 00:00:00+00:00,72778.0,72978.0,72403.0,72492.0,1128.46579,24856
2026-03-16 01:00:00+00:00,72500.0,72823.0,72237.0,72727.0,1210.4246,23730
2026-03-16 02:00:00+00:00,72728.0,72824.0,72331.0,72480.0,673.45059,17221
2026-03-16 03:00:00+00:00,72480.0,74263.0,72400.0,73535.0,3004.24816,48679
2026-03-16 04:00:00+00:00,73536.0,74395.0,73535.0,73800.0,2035.67342,35696
2026-03-16 05:00:00+00:00,73800.0,74232.0,73686.0,74166.0,1596.73913,27187
2026-03-16 06:00:00+00:00,74170.0,74171.0,73568.0,73686.0,864.12506,18814
2026-03-16 07:00:00+00:00,73686.0,73886.0,73357.0,73413.0,803.70268,18343
2026-03-16 08:00:00+00:00,73414.0,73733.0,72856.0,73103.0,1462.54075,27209
2026-03-16 09:00:00+00:00,73103.0,73302.0,73026.0,73226.0,580.13921,12854
2026-03-16 10:00:00+00:00,73227.0,73750.0,73168.0,73750.0,848.19554,21312
2026-03-16 11:00:00+00:00,73749.0,73794.0,73480.0,73519.0,749.29532,15169
2026-03-16 12:00:00+00:00,73520.0,74019.0,73421.0,73830.0,1491.57211,27248
2026-03-16 13:00:00+00:00,73831.0,74472.0,73741.0,74074.0,2767.97774,42672
2026-03-16 14:00:00+00:00,74076.0,74421.0,72947.0,73521.0,4355.79552,55148
2026-03-16 15:00:00+00:00,73521.0,73987.0,73154.0,73235.0,2456.03657,35609
2026-03-16 16:00:00+00:00,73235.0,73879.0,73128.0,73734.0,1496.17679,29753
2026-03-16 17:00:00+00:00,73735.0,74009.0,73602.0,73905.0,1903.01574,29548
2026-03-16 18:00:00+00:00,73904.0,74313.0,73811.0,73859.0,2668.02988,33652
2026-03-16 19:00:00+00:00,73859.0,74381.0,73757.0,73930.0,1704.527,29937
2026-03-16 20:00:00+00:00,73931.0,74218.0,73816.0,74202.0,1228.99037,18313
2026-03-16 21:00:00+00:00,74202.0,74760.0,74123.0,74358.0,3091.63811,34557
2026-03-16 22:00:00+00:00,74358.0,74878.0,74331.0,74719.0,2995.60788,30251
2026-03-16 23:00:00+00:00,74720.0,74898.0,74200.0,74854.0,2663.94212,25698
2026-03-17 00:00:00+00:00,74854.0,75496.0,74576.0,75300.0,5178.73283,49079
2026-03-17 01:00:00+00:00,75300.0,75972.0,75036.0,75585.0,4674.44757,42512
2026-03-17 02:00:00+00:00,75586.0,75642.0,75073.0,75148.0,1726.41071,19859
2026-03-17 03:00:00+00:00,75148.0,75281.0,74233.0,74426.0,2161.78297,27934
2026-03-17 04:00:00+00:00,74427.0,74649.0,73943.0,74209.0,2292.65797,30147
2026-03-17 05:00:00+00:00,74209.0,74426.0,73735.0,73999.0,2156.91276,24183
2026-03-17 06:00:00+00:00,74000.0,74264.0,73836.0,74044.0,1469.16916,20122
2026-03-17 07:00:00+00:00,74045.0,74413.0,74025.0,74210.0,812.45821,15038
2026-03-17 08:00:00+00:00,74211.0,74415.0,74061.0,74156.0,697.93212,17242
2026-03-17 09:00:00+00:00,74156.0,74379.0,73813.0,73897.0,1505.09098,21966
2026-03-17 10:00:00+00:00,73898.0,73928.0,73479.0,73701.0,1493.40353,21696
2026-03-17 11:00:00+00:00,73702.0,74177.0,73655.0,73996.0,654.03149,16940
2026-03-17 12:00:00+00:00,73996.0,74144.0,73627.0,73701.0,1549.58308,21933
2026-03-17 13:00:00+00:00,73702.0,74119.0,73318.0,73569.0,2627.17528,35936
2026-03-17 14:00:00+00:00,73569.0,74375.0,73383.0,74358.0,2007.47184,38680
2026-03-17 15:00:00+00:00,74358.0,74866.0,73624.0,73881.0,3326.74848,49183
2026-03-17 16:00:00+00:00,73881.0,74319.0,73833.0,74116.0,1921.33124,29187
2026-03-17 17:00:00+00:00,74116.0,74574.0,73961.0,74488.0,1645.11357,25583
2026-03-17 18:00:00+00:00,74489.0,74739.0,74336.0,74646.0,1217.1698,23389
2026-03-17 19:00:00+00:00,74647.0,74774.0,74383.0,74477.0,958.13353,23935
2026-03-17 20:00:00+00:00,74477.0,74654.0,74304.0,74475.0,854.82807,15302
2026-03-17 21:00:00+00:00,74476.0,74775.0,74419.0,74654.0,856.34235,16141
2026-03-17 22:00:00+00:00,74655.0,74743.0,73899.0,74273.0,1379.98461,20338
2026-03-17 23:00:00+00:00,74272.0,74358.0,73826.0,73864.0,674.23056,16165
2026-03-18 00:00:00+00:00,73863.0,74021.0,73500.0,73827.0,1205.35504,22981
2026-03-18 01:00:00+00:00,73828.0,74177.0,73791.0,74037.0,948.7688,16434
2026-03-18 02:00:00+00:00,74037.0,74432.0,74013.0,74296.0,1119.52159,13745
2026-03-18 03:00:00+00:00,74296.0,74638.0,74220.0,74416.0,912.05303,13278
2026-03-18 04:00:00+00:00,74416.0,74457.0,74095.0,74131.0,570.10587,9996
2026-03-18 05:00:00+00:00,74132.0,74262.0,73785.0,73907.0,1090.76283,11496
2026-03-18 06:00:00+00:00,73906.0,74196.0,73895.0,73914.0,654.25733,11344
2026-03-18 07:00:00+00:00,73914.0,73948.0,73655.0,73850.0,611.83319,12195
2026-03-18 08:00:00+00:00,73850.0,74084.0,73832.0,74010.0,636.85918,11007
2026-03-18 09:00:00+00:00,74010.0,74250.0,74009.0,74146.0,377.79843,9092
2026-03-18 10:00:00+00:00,74146.0,74229.0,73777.0,73906.0,611.25515,13840
2026-03-18 11:00:00+00:00,73906.0,74034.0,72746.0,72915.0,2939.34728,39090
2026-03-18 12:00:00+00:00,72915.0,72935.0,72244.0,72332.0,2169.9905,39893
2026-03-18 13:00:00+00:00,72332.0,72541.0,71946.0,72108.0,2919.74539,36947
2026-03-18 14:00:00+00:00,72108.0,72188.0,71100.0,71144.0,4442.29099,50144
2026-03-18 15:00:00+00:00,71147.0,71494.0,70811.0,71442.0,4409.13231,45169
2026-03-18 16:00:00+00:00,71442.0,71568.0,71000.0,71293.0,1915.60108,28398
2026-03-18 17:00:00+00:00,71292.0,71729.0,71171.0,71563.0,1843.8217,26974
2026-03-18 18:00:00+00:00,71563.0,71951.0,70900.0,71067.0,3167.65374,36495
2026-03-18 19:00:00+00:00,71064.0,71462.0,70901.0,71032.0,1725.81732,26132
2026-03-18 20:00:00+00:00,71033.0,71282.0,70440.0,71197.0,2718.18983,33049
2026-03-18 21:00:00+00:00,71198.0,71390.0,71120.0,71226.0,938.5158,15754
2026-03-18 22:00:00+00:00,71226.0,71227.0,70899.0,71118.0,1260.03984,16005
2026-03-18 23:00:00+00:00,71117.0,71332.0,71033.0,71213.0,1040.39237,14495
2026-03-19 00:00:00+00:00,71213.0,71289.0,70935.0,70963.0,1687.73528,14772
2026-03-19 01:00:00+00:00,70963.0,71147.0,70921.0,71082.0,573.19236,12505
2026-03-19 02:00:00+00:00,71082.0,71213.0,70851.0,71023.0,653.5029,12314
2026-03-19 03:00:00+00:00,71023.0,71570.0,71023.0,71181.0,1629.07098,17911
2026-03-19 04:00:00+00:00,71182.0,71182.0,70600.0,70780.0,1907.69784,18518
2026-03-19 05:00:00+00:00,70781.0,70869.0,70626.0,70794.0,500.50204,13128
2026-03-19 06:00:00+00:00,70793.0,70973.0,70454.0,70547.0,1278.80169,16679
2026-03-19 07:00:00+00:00,70547.0,70553.0,69425.0,70151.0,3746.68557,44284
2026-03-19 08:00:00+00:00,70151.0,70251.0,69852.0,69945.0,1172.12655,21289
2026-03-19 09:00:00+00:00,69944.0,70527.0,69935.0,70467.0,1396.34241,25880
2026-03-19 10:00:00+00:00,70466.0,70483.0,70065.0,70087.0,881.64164,18983
2026-03-19 11:00:00+00:00,70088.0,70207.0,69850.0,69896.0,1232.62727,20995
2026-03-19 12:00:00+00:00,69896.0,69896.0,69067.0,69243.0,2422.71472,36400
2026-03-19 13:00:00+00:00,69244.0,70034.0,69044.0,69859.0,2579.97012,38926
2026-03-19 14:00:00+00:00,69860.0,70111.0,69051.0,69454.0,2429.59282,36536
2026-03-19 15:00:00+00:00,69454.0,69876.0,68750.0,69376.0,3673.0829,45537
2026-03-19 16:00:00+00:00,69376.0,69608.0,69147.0,69427.0,1731.99863,31077
2026-03-19 17:00:00+00:00,69427.0,69916.0,69068.0,69824.0,2518.41792,30013
2026-03-19 18:00:00+00:00,69824.0,69889.0,69539.0,69786.0,1183.2866,20037
2026-03-19 19:00:00+00:00,69786.0,70603.0,69770.0,70254.0,5286.36418,59075
2026-03-19 20:00:00+00:00,70260.0,70692.0,70178.0,70480.0,1540.62574,24269
2026-03-19 21:00:00+00:00,70481.0,70701.0,70366.0,70408.0,1038.83553,22552
2026-03-19 22:00:00+00:00,70409.0,70500.0,69950.0,70175.0,1080.15941,21332
2026-03-19 23:00:00+00:00,70175.0,70300.0,69697.0,69919.0,2179.97634,51310
2026-03-20 00:00:00+00:00,69920.0,70300.0,69830.0,70189.0,636.67611,46446
2026-03-20 01:00:00+00:00,70190.0,70581.0,70179.0,70386.0,788.69897,21042
2026-03-20 02:00:00+00:00,70386.0,70504.0,70068.0,70401.0,707.33769,15924
2026-03-20 03:00:00+00:00,70401.0,70824.0,70368.0,70715.0,1140.78025,17961
2026-03-20 04:00:00+00:00,70716.0,70950.0,70540.0,70771.0,860.14498,19206
2026-03-20 05:00:00+00:00,70772.0,70858.0,70508.0,70566.0,827.8764,13397
2026-03-20 06:00:00+00:00,70566.0,70626.0,70308.0,70472.0,801.00094,13029
2026-03-20 07:00:00+00:00,70473.0,70919.0,70200.0,70829.0,896.41092,20182
2026-03-20 08:00:00+00:00,70830.0,71360.0,70773.0,71016.0,1110.74157,24210
2026-03-20 09:00:00+00:00,71017.0,71017.0,70390.0,70558.0,1167.1548,21342
2026-03-20 10:00:00+00:00,70559.0,70636.0,70187.0,70580.0,1189.58316,21463
2026-03-20 11:00:00+00:00,70580.0,70801.0,70272.0,70446.0,1375.78819,18860
2026-03-20 12:00:00+00:00,70445.0,70650.0,70210.0,70309.0,1325.15807,20093
2026-03-20 13:00:00+00:00,70309.0,70583.0,69739.0,69825.0,2464.70474,43737
2026-03-20 14:00:00+00:00,69825.0,70229.0,69551.0,69707.0,3304.57152,51037
2026-03-20 15:00:00+00:00,69706.0,69983.0,69441.0,69829.0,2292.49959,36163
2026-03-20 16:00:00+00:00,69829.0,70071.0,69578.0,69803.0,1359.70874,27353
2026-03-20 17:00:00+00:00,69804.0,69990.0,69344.0,69976.0,1463.97675,28749
2026-03-20 18:00:00+00:00,69975.0,70050.0,69488.0,69743.0,2565.4465,31815
2026-03-20 19:00:00+00:00,69744.0,70161.0,69638.0,70137.0,1642.54656,27355
2026-03-20 20:00:00+00:00,70138.0,70225.0,69700.0,70026.0,3340.01197,23065
2026-03-20 21:00:00+00:00,70027.0,70673.0,69905.0,70511.0,1617.04694,25008
2026-03-20 22:00:00+00:00,70511.0,70882.0,70499.0,70747.0,1747.44082,20301
2026-03-20 23:00:00+00:00,70748.0,70748.0,70381.0,70474.0,866.80544,13390
2026-03-21 00:00:00+00:00,70474.0,70787.0,70417.0,70645.0,506.50694,11339
2026-03-21 01:00:00+00:00,70644.0,70728.0,70439.0,70440.0,357.35513,8833
2026-03-21 02:00:00+00:00,70439.0,70754.0,70414.0,70707.0,275.05327,7937
2026-03-21 03:00:00+00:00,70706.0,70755.0,70594.0,70637.0,201.68444,6080
2026-03-21 04:00:00+00:00,70636.0,70784.0,70585.0,70607.0,283.16362,7716
2026-03-21 05:00:00+00:00,70607.0,70798.0,70601.0,70676.0,606.97538,7971
2026-03-21 06:00:00+00:00,70676.0,70785.0,70670.0,70743.0,249.20997,6693
2026-03-21 07:00:00+00:00,70742.0,70849.0,70637.0,70688.0,324.75213,8620
2026-03-21 08:00:00+00:00,70687.0,70727.0,70464.0,70558.0,343.49,9087
2026-03-21 09:00:00+00:00,70557.0,70702.0,70536.0,70616.0,623.83311,7666
2026-03-21 10:00:00+00:00,70616.0,70634.0,70523.0,70566.0,606.03163,5959
2026-03-21 11:00:00+00:00,70567.0,70610.0,70531.0,70610.0,232.46495,4278
2026-03-21 12:00:00+00:00,70610.0,70768.0,70609.0,70687.0,485.92342,6641
2026-03-21 13:00:00+00:00,70688.0,70775.0,70668.0,70699.0,389.59655,5581
2026-03-21 14:00:00+00:00,70699.0,71076.0,70549.0,70587.0,929.89836,16601
2026-03-21 15:00:00+00:00,70587.0,70727.0,70416.0,70594.0,456.39537,12015
2026-03-21 16:00:00+00:00,70594.0,70623.0,70200.0,70261.0,998.64811,13347
2026-03-21 17:00:00+00:00,70260.0,70384.0,70175.0,70279.0,372.08492,9094
2026-03-21 18:00:00+00:00,70279.0,70490.0,70257.0,70363.0,546.58992,8381
2026-03-21 19:00:00+00:00,70362.0,70416.0,70284.0,70358.0,196.57695,5032
2026-03-21 20:00:00+00:00,70358.0,70475.0,70327.0,70425.0,440.64789,17201
2026-03-21 21:00:00+00:00,70424.0,70470.0,70233.0,70323.0,439.0792,6441
2026-03-21 22:00:00+00:00,70322.0,70354.0,70231.0,70249.0,371.53676,5967
2026-03-21 23:00:00+00:00,70249.0,70251.0,68507.0,68874.0,3432.19855,34970
2026-03-22 00:00:00+00:00,68875.0,69106.0,68190.0,68895.0,4298.81747,40440
2026-03-22 01:00:00+00:00,68895.0,69057.0,68731.0,68925.0,1086.32176,16383
2026-03-22 02:00:00+00:00,68924.0,69377.0,68904.0,69228.0,915.51362,14688
2026-03-22 03:00:00+00:00,69229.0,69554.0,69082.0,69300.0,926.28607,15084
2026-03-22 04:00:00+00:00,69300.0,69475.0,69149.0,69311.0,464.92781,11108
2026-03-22 05:00:00+00:00,69310.0,69310.0,69102.0,69111.0,295.11786,8208
2026-03-22 06:00:00+00:00,69112.0,69189.0,69023.0,69118.0,288.16511,7957
2026-03-22 07:00:00+00:00,69117.0,69206.0,68850.0,68874.0,579.5667,10957
2026-03-22 08:00:00+00:00,68874.0,68943.0,68503.0,68765.0,887.64231,16789
2026-03-22 09:00:00+00:00,68765.0,68852.0,68548.0,68792.0,281.2386,10670
2026-03-22 10:00:00+00:00,68790.0,68808.0,68534.0,68602.0,387.09127,9844
2026-03-22 11:00:00+00:00,68599.0,68634.0,68059.0,68172.0,1308.07007,19907
2026-03-22 12:00:00+00:00,68174.0,68717.0,68141.0,68620.0,1770.15288,19998
2026-03-22 13:00:00+00:00,68620.0,68913.0,68508.0,68660.0,774.94443,17534
2026-03-22 14:00:00+00:00,68660.0,68879.0,68500.0,68671.0,1053.72076,17351
2026-03-22 15:00:00+00:00,68671.0,68960.0,68664.0,68805.0,695.41749,16606
2026-03-22 16:00:00+00:00,68806.0,68842.0,68625.0,68767.0,466.653,11282
2026-03-22 17:00:00+00:00,68767.0,68817.0,68631.0,68633.0,317.21119,9338
2026-03-22 18:00:00+00:00,68633.0,68709.0,68298.0,68585.0,777.3841,15778
2026-03-22 19:00:00+00:00,68585.0,68598.0,68098.0,68160.0,1114.36359,17213
2026-03-22 20:00:00+00:00,68160.0,68465.0,68046.0,68133.0,1022.42032,17583
2026-03-22 21:00:00+00:00,68133.0,68186.0,67313.0,67864.0,4769.14718,46117
2026-03-22 22:00:00+00:00,67864.0,68373.0,67542.0,68304.0,3313.79845,39704
2026-03-22 23:00:00+00:00,68305.0,68438.0,67808.0,67831.0,1849.46212,24904
2026-03-23 00:00:00+00:00,67831.0,68133.0,67404.0,67635.0,1763.32341,35508
2026-03-23 01:00:00+00:00,67635.0,68129.0,67501.0,67889.0,1203.55168,25185
2026-03-23 02:00:00+00:00,67888.0,68370.0,67774.0,68285.0,1189.5709,22373
2026-03-23 03:00:00+00:00,68286.0,68570.0,68028.0,68043.0,462.04603,21126
2026-03-23 04:00:00+00:00,68043.0,68515.0,68020.0,68512.0,568.88652,15759
2026-03-23 05:00:00+00:00,68513.0,68880.0,68512.0,68870.0,1614.1089,25097
2026-03-23 06:00:00+00:00,68871.0,68871.0,67674.0,67844.0,1877.24817,27696
2026-03-23 07:00:00+00:00,67844.0,68426.0,67474.0,68286.0,1648.1072,30506
2026-03-23 08:00:00+00:00,68287.0,68665.0,68287.0,68400.0,1081.25029,22757
2026-03-23 09:00:00+00:00,68400.0,68431.0,67889.0,68311.0,755.10683,20074
2026-03-23 10:00:00+00:00,68311.0,68697.0,68259.0,68515.0,701.9634,19420
2026-03-23 11:00:00+00:00,68515.0,71502.0,68513.0,70075.0,13494.75475,115862
2026-03-23 12:00:00+00:00,70076.0,70845.0,69635.0,70703.0,4195.33611,57133
2026-03-23 13:00:00+00:00,70703.0,71573.0,70560.0,71443.0,4665.47466,58124
2026-03-23 14:00:00+00:00,71444.0,71785.0,71082.0,71402.0,3019.19389,52436
2026-03-23 15:00:00+00:00,71402.0,71613.0,70051.0,70088.0,3881.4576,52643
2026-03-23 16:00:00+00:00,70087.0,70731.0,70087.0,70520.0,2211.09368,38163
2026-03-23 17:00:00+00:00,70520.0,71081.0,70326.0,71045.0,1825.21158,31643
2026-03-23 18:00:00+00:00,71044.0,71141.0,70815.0,71022.0,1365.22259,24992
2026-03-23 19:00:00+00:00,71027.0,71218.0,70603.0,70636.0,1732.73877,23450
2026-03-23 20:00:00+00:00,70638.0,70955.0,70526.0,70874.0,710.06234,13440
2026-03-23 21:00:00+00:00,70875.0,70966.0,70777.0,70804.0,832.79612,10942
2026-03-23 22:00:00+00:00,70803.0,70856.0,70464.0,70754.0,1912.57851,20998
2026-03-23 23:00:00+00:00,70753.0,70963.0,70369.0,70860.0,1317.1216,19818
2026-03-24 00:00:00+00:00,70861.0,71074.0,70345.0,70648.0,1560.85222,25236
2026-03-24 01:00:00+00:00,70648.0,70841.0,70250.0,70473.0,804.51049,22208
2026-03-24 02:00:00+00:00,70473.0,70664.0,70330.0,70415.0,487.81629,16530
2026-03-24 03:00:00+00:00,70415.0,70552.0,70370.0,70499.0,520.77276,8853
2026-03-24 04:00:00+00:00,70500.0,70711.0,70214.0,70338.0,402.55476,14131
2026-03-24 05:00:00+00:00,70340.0,70351.0,70097.0,70242.0,627.11709,13481
2026-03-24 06:00:00+00:00,70242.0,70541.0,70216.0,70512.0,735.07389,10890
2026-03-24 07:00:00+00:00,70512.0,71385.0,70465.0,71266.0,1954.62628,25178
2026-03-24 08:00:00+00:00,71267.0,71319.0,70828.0,70929.0,701.70169,17621
2026-03-24 09:00:00+00:00,70930.0,71336.0,70817.0,71291.0,624.44374,13633
2026-03-24 10:00:00+00:00,71291.0,71304.0,71045.0,71239.0,811.04252,12772
2026-03-24 11:00:00+00:00,71238.0,71291.0,70926.0,71126.0,689.95053,17080
2026-03-24 12:00:00+00:00,71126.0,71153.0,70837.0,70920.0,715.03754,14596
2026-03-24 13:00:00+00:00,70919.0,71038.0,69903.0,70057.0,3770.19317,49090
2026-03-24 14:00:00+00:00,70056.0,70418.0,69466.0,69841.0,4633.36503,64145
2026-03-24 15:00:00+00:00,69841.0,70231.0,69734.0,69837.0,2570.97408,40804
2026-03-24 16:00:00+00:00,69836.0,69973.0,69295.0,69435.0,1870.22944,35844
2026-03-24 17:00:00+00:00,69434.0,69481.0,68904.0,69217.0,3886.21638,42814
2026-03-24 18:00:00+00:00,69216.0,69718.0,69152.0,69406.0,1886.1627,28360
2026-03-24 19:00:00+00:00,69405.0,69680.0,69248.0,69335.0,1310.71481,21553
2026-03-24 20:00:00+00:00,69335.0,70299.0,69265.0,70072.0,3579.41575,43632
2026-03-24 21:00:00+00:00,70072.0,70407.0,69888.0,70313.0,1369.92202,25251
2026-03-24 22:00:00+00:00,70314.0,70589.0,70108.0,70290.0,1423.57383,24940
2026-03-24 23:00:00+00:00,70290.0,70824.0,70244.0,70553.0,1189.75933,23316
2026-03-25 00:00:00+00:00,70554.0,71045.0,70454.0,70821.0,1485.78015,26477
2026-03-25 01:00:00+00:00,70822.0,70968.0,70610.0,70655.0,621.63714,16933
2026-03-25 02:00:00+00:00,70655.0,70740.0,70465.0,70503.0,1552.96618,17283
2026-03-25 03:00:00+00:00,70502.0,70792.0,70387.0,70691.0,1083.07916,16477
2026-03-25 04:00:00+00:00,70690.0,70951.0,70678.0,70950.0,1911.18597,17572
2026-03-25 05:00:00+00:00,70950.0,71338.0,70923.0,71094.0,1534.74828,18631
2026-03-25 06:00:00+00:00,71095.0,71235.0,70976.0,70976.0,466.7428,11775
2026-03-25 07:00:00+00:00,70977.0,71259.0,70851.0,70900.0,1183.66275,15112
2026-03-25 08:00:00+00:00,70900.0,71487.0,70771.0,71223.0,1984.35129,25570
2026-03-25 09:00:00+00:00,71222.0,71385.0,71061.0,71308.0,1374.11354,15940
2026-03-25 10:00:00+00:00,71307.0,71616.0,71243.0,71466.0,1673.09626,16958
2026-03-25 11:00:00+00:00,71465.0,71998.0,71445.0,71656.0,2323.15834,26537
2026-03-25 12:00:00+00:00,71655.0,72034.0,71080.0,71710.0,3964.07142,32952
2026-03-25 13:00:00+00:00,71709.0,71949.0,71483.0,71561.0,2132.31618,31814
2026-03-25 14:00:00+00:00,71562.0,71661.0,71199.0,71208.0,1521.20301,28087
2026-03-25 15:00:00+00:00,71209.0,71273.0,70538.0,70814.0,2644.03292,42941
2026-03-25 16:00:00+00:00,70814.0,71770.0,70711.0,71294.0,2781.13977,39895
2026-03-25 17:00:00+00:00,71295.0,71368.0,70685.0,70743.0,1482.04339,28053
2026-03-25 18:00:00+00:00,70743.0,71106.0,70665.0,70785.0,1116.75658,23688
2026-03-25 19:00:00+00:00,70784.0,71058.0,70739.0,70845.0,993.16766,21211
2026-03-25 20:00:00+00:00,70846.0,71032.0,70605.0,70977.0,975.85287,17028
2026-03-25 21:00:00+00:00,70977.0,71154.0,70921.0,71005.0,514.22944,13924
2026-03-25 22:00:00+00:00,71006.0,71546.0,70911.0,71334.0,805.73154,19814
2026-03-25 23:00:00+00:00,71335.0,71407.0,71150.0,71303.0,889.63584,16474
2026-03-26 00:00:00+00:00,71302.0,71411.0,71084.0,71269.0,798.1094,17538
2026-03-26 01:00:00+00:00,71269.0,71342.0,71132.0,71216.0,500.81676,13987
2026-03-26 02:00:00+00:00,71216.0,71258.0,70640.0,70861.0,1001.9401,20193
2026-03-26 03:00:00+00:00,70861.0,70949.0,70649.0,70871.0,1086.98193,14827
2026-03-26 04:00:00+00:00,70872.0,70877.0,70676.0,70730.0,547.7799,10743
2026-03-26 05:00:00+00:00,70730.0,70760.0,69897.0,69981.0,1738.99356,24212
2026-03-26 06:00:00+00:00,69980.0,70122.0,69823.0,70063.0,1162.10161,16237
2026-03-26 07:00:00+00:00,70063.0,70140.0,69770.0,70066.0,980.09626,16718
2026-03-26 08:00:00+00:00,70066.0,70102.0,69770.0,69984.0,691.61005,15702
2026-03-26 09:00:00+00:00,69985.0,70106.0,69371.0,69538.0,1613.17046,27040
2026-03-26 10:00:00+00:00,69538.0,69675.0,69429.0,69480.0,502.47505,14791
2026-03-26 11:00:00+00:00,69479.0,69627.0,69151.0,69221.0,1551.69864,26060
2026-03-26 12:00:00+00:00,69221.0,69432.0,69184.0,69415.0,1806.65354,21330
2026-03-26 13:00:00+00:00,69416.0,69848.0,69189.0,69618.0,2141.54899,32828
2026-03-26 14:00:00+00:00,69616.0,69798.0,69212.0,69455.0,1696.23116,32944
2026-03-26 15:00:00+00:00,69456.0,69473.0,68654.0,69063.0,3380.8318,41255
2026-03-26 16:00:00+00:00,69064.0,69064.0,68801.0,68908.0,1438.7763,21413
2026-03-26 17:00:00+00:00,68909.0,69149.0,68321.0,68463.0,1741.68334,24926
2026-03-26 18:00:00+00:00,68463.0,68591.0,68123.0,68477.0,2420.51,28587
2026-03-26 19:00:00+00:00,68476.0,68678.0,68328.0,68524.0,2031.74307,24552
2026-03-26 20:00:00+00:00,68520.0,69477.0,68424.0,68982.0,3811.9724,34950
2026-03-26 21:00:00+00:00,68982.0,69155.0,68846.0,68893.0,1430.65127,18458
2026-03-26 22:00:00+00:00,68892.0,68998.0,68578.0,68877.0,879.29347,19785
2026-03-26 23:00:00+00:00,68876.0,68969.0,68601.0,68806.0,862.48116,14861
2026-03-27 00:00:00+00:00,68806.0,68960.0,68500.0,68755.0,1020.21152,19534
2026-03-27 01:00:00+00:00,68755.0,69047.0,68674.0,69022.0,408.27409,13090
2026-03-27 02:00:00+00:00,69021.0,69152.0,68830.0,68879.0,611.59591,12541
2026-03-27 03:00:00+00:00,68878.0,68901.0,68650.0,68735.0,363.67348,11482
2026-03-27 04:00:00+00:00,68735.0,68767.0,68267.0,68550.0,915.08803,17320
2026-03-27 05:00:00+00:00,68549.0,68833.0,68469.0,68599.0,661.57445,15358
2026-03-27 06:00:00+00:00,68599.0,68815.0,68539.0,68623.0,431.8424,10678
2026-03-27 07:00:00+00:00,68622.0,68926.0,68441.0,68507.0,1458.33455,17529
2026-03-27 08:00:00+00:00,68507.0,68600.0,67541.0,67888.0,2633.76864,33587
2026-03-27 09:00:00+00:00,67888.0,67915.0,67513.0,67663.0,1141.20703,20410
2026-03-27 10:00:00+00:00,67663.0,67744.0,66316.0,66464.0,4145.26824,44115
2026-03-27 11:00:00+00:00,66463.0,66827.0,66144.0,66676.0,2272.14989,25923
2026-03-27 12:00:00+00:00,66675.0,66755.0,66415.0,66599.0,1341.87135,21620
2026-03-27 13:00:00+00:00,66598.0,66708.0,66010.0,66164.0,3413.92709,37158
2026-03-27 14:00:00+00:00,66164.0,66372.0,65703.0,66184.0,3132.43576,45079
2026-03-27 15:00:00+00:00,66185.0,66627.0,65947.0,66097.0,2333.19223,35500
2026-03-27 16:00:00+00:00,66097.0,66152.0,65800.0,65966.0,2148.08187,29483
2026-03-27 17:00:00+00:00,65966.0,66281.0,65579.0,65612.0,1968.26882,29399
2026-03-27 18:00:00+00:00,65613.0,65940.0,65550.0,65825.0,1491.19862,25582
2026-03-27 19:00:00+00:00,65826.0,66140.0,65684.0,66032.0,1349.28341,23088
2026-03-27 20:00:00+00:00,66032.0,66167.0,65801.0,65996.0,1764.34663,18223
2026-03-27 21:00:00+00:00,65998.0,66165.0,65994.0,66063.0,513.59895,12749
2026-03-27 22:00:00+00:00,66064.0,66079.0,65890.0,66002.0,436.86499,10927
2026-03-27 23:00:00+00:00,66002.0,66399.0,65952.0,66396.0,665.95044,11526
2026-03-28 00:00:00+00:00,66397.0,66489.0,66267.0,66402.0,447.91401,10948
2026-03-28 01:00:00+00:00,66403.0,66403.0,66035.0,66142.0,581.13921,10840
2026-03-28 02:00:00+00:00,66143.0,66219.0,65903.0,66027.0,332.23998,9249
2026-03-28 03:00:00+00:00,66028.0,66215.0,66027.0,66203.0,310.62676,7304
2026-03-28 04:00:00+00:00,66203.0,66271.0,66088.0,66252.0,240.26177,6196
2026-03-28 05:00:00+00:00,66253.0,66360.0,66176.0,66328.0,527.33324,7354
2026-03-28 06:00:00+00:00,66328.0,66472.0,66296.0,66381.0,266.69721,9877
2026-03-28 07:00:00+00:00,66380.0,66548.0,66359.0,66537.0,308.99734,7531
2026-03-28 08:00:00+00:00,66538.0,66551.0,66377.0,66391.0,265.03771,8016
2026-03-28 09:00:00+00:00,66392.0,66393.0,66219.0,66280.0,367.91478,8673
2026-03-28 10:00:00+00:00,66280.0,66385.0,66108.0,66195.0,505.0843,9355
2026-03-28 11:00:00+00:00,66196.0,66336.0,66175.0,66302.0,222.72078,6247
2026-03-28 12:00:00+00:00,66303.0,66501.0,66217.0,66433.0,773.77535,11050
2026-03-28 13:00:00+00:00,66433.0,67128.0,66395.0,66817.0,1831.39849,24810
2026-03-28 14:00:00+00:00,66817.0,66951.0,66660.0,66733.0,1288.34772,17656
2026-03-28 15:00:00+00:00,66733.0,67280.0,66701.0,66997.0,1116.57039,21888
2026-03-28 16:00:00+00:00,66996.0,67086.0,66834.0,66912.0,815.09024,16318
2026-03-28 17:00:00+00:00,66911.0,66975.0,66672.0,66826.0,428.49878,16036
2026-03-28 18:00:00+00:00,66825.0,66935.0,66820.0,66896.0,364.16274,13794
2026-03-28 19:00:00+00:00,66895.0,66940.0,66785.0,66888.0,454.36147,12187
2026-03-28 20:00:00+00:00,66889.0,66995.0,66888.0,66898.0,674.87393,13254
2026-03-28 21:00:00+00:00,66899.0,66909.0,66555.0,66657.0,581.33291,14903
2026-03-28 22:00:00+00:00,66657.0,66768.0,66571.0,66742.0,666.91481,10767
2026-03-28 23:00:00+00:00,66741.0,66741.0,66261.0,66353.0,780.57513,16514
2026-03-29 00:00:00+00:00,66353.0,66478.0,66267.0,66466.0,443.76597,10860
2026-03-29 01:00:00+00:00,66465.0,66603.0,66356.0,66552.0,537.12502,11105
2026-03-29 02:00:00+00:00,66551.0,66832.0,66517.0,66795.0,368.20058,9536
2026-03-29 03:00:00+00:00,66794.0,67096.0,66746.0,66886.0,402.04279,11655
2026-03-29 04:00:00+00:00,66885.0,66921.0,66696.0,66710.0,342.90119,7053
2026-03-29 05:00:00+00:00,66710.0,66795.0,66580.0,66754.0,350.8976,8422
2026-03-29 06:00:00+00:00,66754.0,66861.0,66615.0,66724.0,376.4711,8407
2026-03-29 07:00:00+00:00,66723.0,66723.0,66531.0,66649.0,333.85348,7963
2026-03-29 08:00:00+00:00,66648.0,66755.0,66575.0,66699.0,184.04802,7354
2026-03-29 09:00:00+00:00,66700.0,66747.0,66517.0,66604.0,331.39769,7855
2026-03-29 10:00:00+00:00,66605.0,66605.0,66378.0,66475.0,507.23268,10147
2026-03-29 11:00:00+00:00,66475.0,66942.0,66475.0,66782.0,469.65387,13783
2026-03-29 12:00:00+00:00,66782.0,66841.0,66674.0,66820.0,232.28059,8505
2026-03-29 13:00:00+00:00,66820.0,66844.0,66501.0,66543.0,759.51706,16293
2026-03-29 14:00:00+00:00,66542.0,66767.0,66438.0,66560.0,413.55058,17474
2026-03-29 15:00:00+00:00,66560.0,66693.0,66295.0,66493.0,992.77637,20923
2026-03-29 16:00:00+00:00,66494.0,66633.0,66405.0,66466.0,438.62153,16309
2026-03-29 17:00:00+00:00,66465.0,66512.0,66115.0,66351.0,780.81772,20452
2026-03-29 18:00:00+00:00,66351.0,66500.0,66291.0,66400.0,480.37073,14369
2026-03-29 19:00:00+00:00,66399.0,66452.0,66294.0,66318.0,268.44835,12412
2026-03-29 20:00:00+00:00,66318.0,66793.0,66317.0,66577.0,695.49039,17390
2026-03-29 21:00:00+00:00,66577.0,66732.0,66478.0,66675.0,326.51868,15165
2026-03-29 22:00:00+00:00,66674.0,66675.0,64904.0,65818.0,4843.98904,66619
2026-03-29 23:00:00+00:00,65819.0,66351.0,65811.0,65970.0,2669.88457,43410
2026-03-30 00:00:00+00:00,65969.0,67040.0,65759.0,66246.0,3150.96386,51000
2026-03-30 01:00:00+00:00,66246.0,66785.0,66246.0,66606.0,1078.43469,26518
2026-03-30 02:00:00+00:00,66607.0,67400.0,66538.0,67091.0,1384.13958,27535
2026-03-30 03:00:00+00:00,67090.0,67288.0,66946.0,67133.0,855.0219,18607
2026-03-30 04:00:00+00:00,67135.0,67617.0,67129.0,67581.0,1214.02938,25008
2026-03-30 05:00:00+00:00,67580.0,67773.0,67409.0,67461.0,674.83847,21513
2026-03-30 06:00:00+00:00,67461.0,67550.0,67237.0,67277.0,565.62764,18451
2026-03-30 07:00:00+00:00,67276.0,67600.0,67200.0,67600.0,592.79597,18986
2026-03-30 08:00:00+00:00,67599.0,67890.0,67579.0,67627.0,949.58138,25407
2026-03-30 09:00:00+00:00,67632.0,67659.0,67417.0,67463.0,718.42375,16515
2026-03-30 10:00:00+00:00,67463.0,67486.0,67325.0,67455.0,437.21146,15122
2026-03-30 11:00:00+00:00,67455.0,67971.0,67446.0,67632.0,1349.48453,22215
2026-03-30 12:00:00+00:00,67632.0,67941.0,67624.0,67864.0,849.65292,18124
2026-03-30 13:00:00+00:00,67864.0,68127.0,67403.0,67480.0,2465.93716,29791
2026-03-30 14:00:00+00:00,67479.0,67824.0,67043.0,67754.0,2423.39393,36450
2026-03-30 15:00:00+00:00,67754.0,67849.0,67375.0,67587.0,1835.60684,27090
2026-03-30 16:00:00+00:00,67586.0,67606.0,67191.0,67327.0,1096.10233,19760
2026-03-30 17:00:00+00:00,67328.0,67421.0,66600.0,66797.0,2184.60841,35669
2026-03-30 18:00:00+00:00,66797.0,66899.0,66468.0,66629.0,1304.56738,29437
2026-03-30 19:00:00+00:00,66628.0,66636.0,66184.0,66515.0,1714.09063,33472
2026-03-30 20:00:00+00:00,66515.0,66659.0,66492.0,66605.0,740.24003,21629
2026-03-30 21:00:00+00:00,66606.0,66957.0,66545.0,66769.0,992.31859,21321
2026-03-30 22:00:00+00:00,66768.0,66956.0,66649.0,66745.0,463.70121,13113
2026-03-30 23:00:00+00:00,66745.0,66766.0,66361.0,66766.0,786.71754,17196
2026-03-31 00:00:00+00:00,66766.0,67285.0,66491.0,67177.0,1705.92441,25979
2026-03-31 01:00:00+00:00,67176.0,68370.0,67011.0,67910.0,3297.489,41388
2026-03-31 02:00:00+00:00,67910.0,68061.0,67740.0,67919.0,986.38821,18804
2026-03-31 03:00:00+00:00,67918.0,67975.0,67613.0,67671.0,933.41951,17872
2026-03-31 04:00:00+00:00,67672.0,67837.0,67466.0,67508.0,1143.77458,18591
2026-03-31 05:00:00+00:00,67508.0,67753.0,67352.0,67646.0,1273.5226,16994
2026-03-31 06:00:00+00:00,67646.0,67679.0,67298.0,67464.0,1097.97043,17489
2026-03-31 07:00:00+00:00,67464.0,67492.0,67069.0,67343.0,2065.07872,45128
2026-03-31 08:00:00+00:00,67342.0,67468.0,66652.0,66740.0,2587.79838,24215
2026-03-31 09:00:00+00:00,66737.0,66884.0,65951.0,66079.0,3318.92537,28379
2026-03-31 10:00:00+00:00,66078.0,66440.0,66056.0,66323.0,1577.59828,17005
2026-03-31 11:00:00+00:00,66324.0,66827.0,66200.0,66652.0,2499.03959,27027
2026-03-31 12:00:00+00:00,66652.0,66912.0,66489.0,66616.0,967.75191,19098
2026-03-31 13:00:00+00:00,66617.0,67387.0,66616.0,67266.0,1976.78294,33622
2026-03-31 14:00:00+00:00,67267.0,67749.0,66395.0,66555.0,5058.58919,53601
2026-03-31 15:00:00+00:00,66556.0,67266.0,66555.0,66691.0,1842.17159,35164
2026-03-31 16:00:00+00:00,66690.0,67983.0,66690.0,67627.0,3507.56722,47149
2026-03-31 17:00:00+00:00,67626.0,68559.0,67358.0,67484.0,5775.43457,72758
2026-03-31 18:00:00+00:00,67484.0,67906.0,67479.0,67798.0,1891.84216,38760
2026-03-31 19:00:00+00:00,67797.0,67996.0,67666.0,67803.0,961.73177,31108
2026-03-31 20:00:00+00:00,67803.0,68239.0,67782.0,68234.0,2242.9396,31488
2026-03-31 21:00:00+00:00,68234.0,68375.0,67845.0,68241.0,2168.61663,32936
2026-03-31 22:00:00+00:00,68241.0,68300.0,67912.0,68128.0,1434.61121,28934
2026-03-31 23:00:00+00:00,68130.0,68341.0,68055.0,68244.0,726.84175,24883
2026-04-01 00:00:00+00:00,68243.0,68295.0,67825.0,68288.0,1156.15275,30348
2026-04-01 01:00:00+00:00,68289.0,68321.0,67733.0,67744.0,864.86268,20563
2026-04-01 02:00:00+00:00,67745.0,67875.0,67553.0,67629.0,941.54301,18668
2026-04-01 03:00:00+00:00,67628.0,68218.0,67628.0,68136.0,536.07054,18355
2026-04-01 04:00:00+00:00,68136.0,68441.0,67992.0,68278.0,1582.26614,23619
2026-04-01 05:00:00+00:00,68278.0,68730.0,68122.0,68430.0,1131.85588,24869
2026-04-01 06:00:00+00:00,68431.0,69205.0,68430.0,69070.0,3098.42729,30631
2026-04-01 07:00:00+00:00,69069.0,69265.0,68637.0,68653.0,2177.29272,23723
2026-04-01 08:00:00+00:00,68653.0,68835.0,68428.0,68632.0,1948.06522,23069
2026-04-01 09:00:00+00:00,68632.0,68701.0,68350.0,68614.0,1246.34858,17392
2026-04-01 10:00:00+00:00,68615.0,68625.0,68361.0,68546.0,1247.44449,16973
2026-04-01 11:00:00+00:00,68547.0,68703.0,68474.0,68675.0,460.90726,12421
2026-04-01 12:00:00+00:00,68676.0,68726.0,68225.0,68341.0,1452.07491,22476
2026-04-01 13:00:00+00:00,68344.0,68650.0,67845.0,68075.0,2839.75816,40636
2026-04-01 14:00:00+00:00,68075.0,68638.0,68026.0,68551.0,2092.35749,30304
2026-04-01 15:00:00+00:00,68555.0,68914.0,68381.0,68878.0,1498.29953,33290
2026-04-01 16:00:00+00:00,68878.0,68951.0,68561.0,68775.0,1876.12364,33241
2026-04-01 17:00:00+00:00,68775.0,69117.0,68203.0,68228.0,1890.43487,38687
2026-04-01 18:00:00+00:00,68228.0,68284.0,67904.0,68040.0,2156.91659,40898
2026-04-01 19:00:00+00:00,68039.0,68250.0,67978.0,68137.0,1172.87546,31818
2026-04-01 20:00:00+00:00,68136.0,68206.0,67914.0,68148.0,1291.61562,25899
2026-04-01 21:00:00+00:00,68148.0,68499.0,68130.0,68319.0,1761.46316,31247
2026-04-01 22:00:00+00:00,68319.0,68320.0,68019.0,68083.0,1350.69466,29592
2026-04-01 23:00:00+00:00,68084.0,68201.0,67956.0,68084.0,708.09933,14409
2026-04-02 00:00:00+00:00,68083.0,68624.0,68012.0,68564.0,1573.37921,22745
2026-04-02 01:00:00+00:00,68565.0,68565.0,67009.0,67315.0,6453.82321,78894
2026-04-02 02:00:00+00:00,67315.0,67315.0,66601.0,66814.0,2458.71453,34446
2026-04-02 03:00:00+00:00,66813.0,66926.0,66445.0,66538.0,1130.40236,22320
2026-04-02 04:00:00+00:00,66538.0,66612.0,66179.0,66290.0,1499.18206,19975
2026-04-02 05:00:00+00:00,66290.0,66603.0,66263.0,66548.0,1636.48828,19453
2026-04-02 06:00:00+00:00,66547.0,66795.0,66509.0,66646.0,1431.9017,16129
2026-04-02 07:00:00+00:00,66646.0,66888.0,66514.0,66878.0,811.37404,17824
2026-04-02 08:00:00+00:00,66878.0,66878.0,66375.0,66401.0,1459.43376,38767
2026-04-02 09:00:00+00:00,66401.0,66465.0,66263.0,66422.0,745.84531,35841
2026-04-02 10:00:00+00:00,66422.0,66464.0,66168.0,66421.0,770.94498,20709
2026-04-02 11:00:00+00:00,66422.0,66447.0,66103.0,66171.0,890.63318,16453
2026-04-02 12:00:00+00:00,66172.0,66204.0,65911.0,66007.0,1263.89602,25256
2026-04-02 13:00:00+00:00,66008.0,66244.0,65697.0,66240.0,2673.98403,41788
2026-04-02 14:00:00+00:00,66240.0,67070.0,66130.0,66830.0,5213.82221,61223
2026-04-02 15:00:00+00:00,66831.0,66951.0,66606.0,66798.0,2395.45758,34534
2026-04-02 16:00:00+00:00,66798.0,67241.0,66709.0,67053.0,1749.63358,33262
2026-04-02 17:00:00+00:00,67052.0,67390.0,66620.0,66638.0,2244.64869,35320
2026-04-02 18:00:00+00:00,66638.0,67038.0,66549.0,66940.0,1823.30919,27546
2026-04-02 19:00:00+00:00,66941.0,67080.0,66829.0,66930.0,1538.81955,22760
2026-04-02 20:00:00+00:00,66937.0,67078.0,66754.0,66900.0,992.09892,18325
2026-04-02 21:00:00+00:00,66899.0,66976.0,66673.0,66906.0,830.10945,15635
2026-04-02 22:00:00+00:00,66905.0,67011.0,66790.0,66950.0,539.84553,14914
2026-04-02 23:00:00+00:00,66951.0,67057.0,66816.0,66866.0,217.34958,11988
2026-04-03 00:00:00+00:00,66866.0,66971.0,66661.0,66748.0,556.75582,15312
2026-04-03 01:00:00+00:00,66749.0,66869.0,66426.0,66589.0,1057.467,18669
2026-04-03 02:00:00+00:00,66588.0,66710.0,66246.0,66498.0,924.64265,24554
2026-04-03 03:00:00+00:00,66497.0,66690.0,66453.0,66558.0,935.34767,16937
2026-04-03 04:00:00+00:00,66558.0,66668.0,66471.0,66572.0,562.23227,10324
2026-04-03 05:00:00+00:00,66572.0,66783.0,66384.0,66575.0,738.88601,12652
2026-04-03 06:00:00+00:00,66574.0,66768.0,66526.0,66768.0,612.70305,12373
2026-04-03 07:00:00+00:00,66767.0,67229.0,66726.0,67013.0,1324.10748,21016
2026-04-03 08:00:00+00:00,67013.0,67268.0,66854.0,66935.0,1567.01012,18508
2026-04-03 09:00:00+00:00,66936.0,66978.0,66706.0,66832.0,689.82828,10440
2026-04-03 10:00:00+00:00,66833.0,66865.0,66631.0,66851.0,949.83341,11792
2026-04-03 11:00:00+00:00,66852.0,67031.0,66800.0,66975.0,879.33908,12087
2026-04-03 12:00:00+00:00,66976.0,67371.0,66597.0,66691.0,2649.72117,25091
2026-04-03 13:00:00+00:00,66691.0,66705.0,66480.0,66640.0,848.06082,16255
2026-04-03 14:00:00+00:00,66639.0,66971.0,66601.0,66916.0,1241.11471,17116
2026-04-03 15:00:00+00:00,66915.0,66987.0,66788.0,66806.0,1062.70217,14934
2026-04-03 16:00:00+00:00,66806.0,67053.0,66797.0,66980.0,690.1734,13674
2026-04-03 17:00:00+00:00,66980.0,67044.0,66720.0,66817.0,1025.86387,16214
2026-04-03 18:00:00+00:00,66818.0,66900.0,66743.0,66782.0,360.21823,12173
2026-04-03 19:00:00+00:00,66782.0,66868.0,66736.0,66856.0,342.90589,11221
2026-04-03 20:00:00+00:00,66856.0,66891.0,66798.0,66798.0,270.76173,7780
2026-04-03 21:00:00+00:00,66799.0,66950.0,66785.0,66937.0,625.75786,9606
2026-04-03 22:00:00+00:00,66938.0,66938.0,66800.0,66856.0,770.75601,10656
2026-04-03 23:00:00+00:00,66857.0,66943.0,66793.0,66942.0,235.24466,7547
2026-04-04 00:00:00+00:00,66930.0,66942.0,66837.0,66861.0,214.3362,7488
2026-04-04 01:00:00+00:00,66862.0,66888.0,66787.0,66810.0,344.25314,7525
2026-04-04 02:00:00+00:00,66810.0,66889.0,66772.0,66804.0,386.28508,7328
2026-04-04 03:00:00+00:00,66805.0,66868.0,66793.0,66794.0,71.37796,5030
2026-04-04 04:00:00+00:00,66795.0,66833.0,66728.0,66824.0,146.44487,6883
2026-04-04 05:00:00+00:00,66824.0,66905.0,66814.0,66866.0,193.07514,7531
2026-04-04 06:00:00+00:00,66866.0,67019.0,66866.0,66985.0,516.14575,8849
2026-04-04 07:00:00+00:00,66985.0,67003.0,66900.0,66977.0,280.05365,7018
2026-04-04 08:00:00+00:00,66977.0,67015.0,66864.0,66897.0,455.20922,11563
2026-04-04 09:00:00+00:00,66896.0,66957.0,66879.0,66944.0,156.74464,8924
2026-04-04 10:00:00+00:00,66944.0,67141.0,66880.0,67137.0,524.74947,12599
2026-04-04 11:00:00+00:00,67137.0,67198.0,67053.0,67126.0,727.18326,12763
2026-04-04 12:00:00+00:00,67125.0,67145.0,67000.0,67057.0,556.42218,14110
2026-04-04 13:00:00+00:00,67056.0,67241.0,67044.0,67167.0,454.05257,15370
2026-04-04 14:00:00+00:00,67166.0,67170.0,66989.0,67167.0,377.8873,11321
2026-04-04 15:00:00+00:00,67167.0,67493.0,67140.0,67337.0,816.20544,19881
2026-04-04 16:00:00+00:00,67336.0,67483.0,67282.0,67319.0,493.02723,15388
2026-04-04 17:00:00+00:00,67319.0,67377.0,67242.0,67293.0,460.87746,14281
2026-04-04 18:00:00+00:00,67292.0,67339.0,67227.0,67257.0,158.84718,13237
2026-04-04 19:00:00+00:00,67257.0,67513.0,67239.0,67256.0,478.27014,18297
2026-04-04 20:00:00+00:00,67256.0,67257.0,67151.0,67223.0,367.09138,13542
2026-04-04 21:00:00+00:00,67223.0,67430.0,67159.0,67316.0,504.69518,16797
2026-04-04 22:00:00+00:00,67315.0,67429.0,67300.0,67361.0,292.84345,13733
2026-04-04 23:00:00+00:00,67360.0,67361.0,67221.0,67264.0,166.39334,12131
2026-04-05 00:00:00+00:00,67263.0,67264.0,67112.0,67169.0,341.26896,10135
2026-04-05 01:00:00+00:00,67169.0,67185.0,67043.0,67051.0,218.54962,6017
2026-04-05 02:00:00+00:00,67050.0,67141.0,66922.0,67136.0,570.00884,9593
2026-04-05 03:00:00+00:00,67136.0,67152.0,67047.0,67095.0,150.82099,4056
2026-04-05 04:00:00+00:00,67095.0,67154.0,67032.0,67054.0,401.70006,6318
2026-04-05 05:00:00+00:00,67054.0,67116.0,66845.0,66885.0,634.25796,8209
2026-04-05 06:00:00+00:00,66886.0,66901.0,66565.0,66764.0,1115.54098,16315
2026-04-05 07:00:00+00:00,66764.0,66868.0,66672.0,66770.0,1026.06818,8806
2026-04-05 08:00:00+00:00,66770.0,66890.0,66770.0,66888.0,486.64324,7243
2026-04-05 09:00:00+00:00,66889.0,67007.0,66840.0,66987.0,593.50216,8969
2026-04-05 10:00:00+00:00,66987.0,67119.0,66919.0,67003.0,366.32691,7991
2026-04-05 11:00:00+00:00,67002.0,67040.0,66927.0,66953.0,428.17117,7649
2026-04-05 12:00:00+00:00,66953.0,66953.0,66637.0,66749.0,692.74298,14781
2026-04-05 13:00:00+00:00,66749.0,66884.0,66662.0,66853.0,369.71037,9202
2026-04-05 14:00:00+00:00,66853.0,66926.0,66776.0,66874.0,493.52891,9281
2026-04-05 15:00:00+00:00,66874.0,67809.0,66790.0,67259.0,2516.64754,33068
2026-04-05 16:00:00+00:00,67259.0,67372.0,67134.0,67166.0,653.36706,16539
2026-04-05 17:00:00+00:00,67167.0,67362.0,67145.0,67333.0,505.20901,20906
2026-04-05 18:00:00+00:00,67332.0,67419.0,67234.0,67361.0,379.18545,20841
2026-04-05 19:00:00+00:00,67361.0,67525.0,67240.0,67320.0,592.58439,26083
2026-04-05 20:00:00+00:00,67320.0,67653.0,67290.0,67619.0,849.23384,28642
2026-04-05 21:00:00+00:00,67619.0,67639.0,67374.0,67498.0,677.57856,24804
2026-04-05 22:00:00+00:00,67497.0,68340.0,67305.0,68295.0,3194.99586,52940
2026-04-05 23:00:00+00:00,68295.0,69096.0,68223.0,68988.0,3791.51418,40924
2026-04-06 00:00:00+00:00,68989.0,69700.0,68988.0,69042.0,4766.48091,36567
2026-04-06 01:00:00+00:00,69043.0,69102.0,68763.0,68779.0,1432.45933,20032
2026-04-06 02:00:00+00:00,68771.0,69379.0,68753.0,69183.0,1519.80405,24042
2026-04-06 03:00:00+00:00,69182.0,69229.0,69028.0,69085.0,1067.9435,14244
2026-04-06 04:00:00+00:00,69085.0,69183.0,68943.0,69106.0,693.56529,10772
2026-04-06 05:00:00+00:00,69106.0,69204.0,69050.0,69166.0,415.81022,9505
2026-04-06 06:00:00+00:00,69167.0,69324.0,68752.0,68939.0,1345.20357,18139
2026-04-06 07:00:00+00:00,68940.0,69187.0,68791.0,69082.0,1138.43759,14338
2026-04-06 08:00:00+00:00,69083.0,69326.0,69051.0,69189.0,1065.69436,15670
2026-04-06 09:00:00+00:00,69189.0,70243.0,69188.0,69695.0,3867.61875,35959
2026-04-06 10:00:00+00:00,69696.0,69919.0,69667.0,69740.0,876.30975,17044
2026-04-06 11:00:00+00:00,69740.0,69740.0,69512.0,69585.0,1414.18808,15675
2026-04-06 12:00:00+00:00,69585.0,69598.0,69271.0,69318.0,992.15318,17336
2026-04-06 13:00:00+00:00,69318.0,69527.0,69195.0,69402.0,1419.43941,27507
2026-04-06 14:00:00+00:00,69402.0,69783.0,69120.0,69621.0,2525.92266,43432
2026-04-06 15:00:00+00:00,69621.0,69926.0,69499.0,69926.0,1273.11752,30427
2026-04-06 16:00:00+00:00,69925.0,70316.0,69741.0,69748.0,2524.02041,33949
2026-04-06 17:00:00+00:00,69748.0,69771.0,69223.0,69529.0,2278.464,34121
2026-04-06 18:00:00+00:00,69529.0,69922.0,69436.0,69851.0,1351.83963,25182
2026-04-06 19:00:00+00:00,69850.0,69851.0,69544.0,69706.0,970.38012,19506
2026-04-06 20:00:00+00:00,69705.0,69941.0,69576.0,69785.0,947.40738,18490
2026-04-06 21:00:00+00:00,69786.0,69787.0,69391.0,69469.0,1548.64227,26658
2026-04-06 22:00:00+00:00,69469.0,69541.0,68758.0,68769.0,2208.08676,38898
2026-04-06 23:00:00+00:00,68769.0,68881.0,68282.0,68818.0,2908.21063,42767
2026-04-07 00:00:00+00:00,68817.0,69080.0,68682.0,68736.0,1399.22391,25529
2026-04-07 01:00:00+00:00,68737.0,68866.0,68306.0,68363.0,1174.47134,25569
2026-04-07 02:00:00+00:00,68363.0,68687.0,68230.0,68648.0,1144.05557,18626
2026-04-07 03:00:00+00:00,68644.0,68772.0,68592.0,68744.0,494.95425,11034
2026-04-07 04:00:00+00:00,68744.0,68966.0,68506.0,68826.0,927.2331,15911
2026-04-07 05:00:00+00:00,68825.0,68835.0,68575.0,68628.0,322.46809,10336
2026-04-07 06:00:00+00:00,68628.0,68628.0,68399.0,68542.0,1177.26377,16726
2026-04-07 07:00:00+00:00,68541.0,68673.0,68459.0,68590.0,470.53767,11640
2026-04-07 08:00:00+00:00,68589.0,68960.0,68564.0,68909.0,664.66015,17413
2026-04-07 09:00:00+00:00,68909.0,69220.0,68898.0,69111.0,919.71243,18891
2026-04-07 10:00:00+00:00,69111.0,69169.0,68157.0,68193.0,2063.55312,33113
2026-04-07 11:00:00+00:00,68193.0,68432.0,68026.0,68316.0,1380.49143,22984
2026-04-07 12:00:00+00:00,68315.0,68584.0,68028.0,68362.0,1773.81123,25613
2026-04-07 13:00:00+00:00,68362.0,68600.0,68161.0,68204.0,1282.84125,29277
2026-04-07 14:00:00+00:00,68204.0,68205.0,67728.0,67830.0,2205.49101,43302
2026-04-07 15:00:00+00:00,67829.0,68217.0,67695.0,68134.0,1328.36007,28640
2026-04-07 16:00:00+00:00,68133.0,68426.0,68045.0,68203.0,1066.50188,27680
2026-04-07 17:00:00+00:00,68203.0,68998.0,68155.0,68668.0,1671.6151,31939
2026-04-07 18:00:00+00:00,68669.0,68742.0,68315.0,68410.0,1221.7998,24199
2026-04-07 19:00:00+00:00,68409.0,69084.0,68321.0,68999.0,3191.1256,41606
2026-04-07 20:00:00+00:00,68999.0,69540.0,68997.0,69290.0,3125.17944,39134
2026-04-07 21:00:00+00:00,69291.0,70211.0,69279.0,69889.0,4936.96881,57870
2026-04-07 22:00:00+00:00,69890.0,71554.0,69890.0,71495.0,8242.63899,93139
2026-04-07 23:00:00+00:00,71494.0,72772.0,71175.0,71919.0,6997.21508,84043
2026-04-08 00:00:00+00:00,71920.0,72111.0,71531.0,71701.0,2547.08291,39464
2026-04-08 01:00:00+00:00,71701.0,71757.0,71425.0,71458.0,1433.21601,23926
2026-04-08 02:00:00+00:00,71459.0,71720.0,71235.0,71352.0,1130.1451,23619
2026-04-08 03:00:00+00:00,71352.0,71476.0,71265.0,71283.0,531.36102,14195
2026-04-08 04:00:00+00:00,71284.0,71700.0,71272.0,71567.0,1073.48784,22997
2026-04-08 05:00:00+00:00,71567.0,71844.0,71553.0,71729.0,628.2012,17692
2026-04-08 06:00:00+00:00,71730.0,71945.0,71573.0,71722.0,886.21537,18309
2026-04-08 07:00:00+00:00,71723.0,71913.0,71577.0,71630.0,921.23347,17435
2026-04-08 08:00:00+00:00,71630.0,71818.0,71630.0,71793.0,392.37243,17700
2026-04-08 09:00:00+00:00,71793.0,71963.0,71580.0,71670.0,654.10758,15248
2026-04-08 10:00:00+00:00,71671.0,71771.0,71400.0,71457.0,638.71359,11002
2026-04-08 11:00:00+00:00,71458.0,71721.0,71378.0,71657.0,845.92733,15355
2026-04-08 12:00:00+00:00,71656.0,72157.0,71557.0,72049.0,1367.61849,25205
2026-04-08 13:00:00+00:00,72048.0,72851.0,71488.0,71581.0,6223.31821,76322
2026-04-08 14:00:00+00:00,71581.0,71738.0,70676.0,70885.0,3515.42533,56807
2026-04-08 15:00:00+00:00,70885.0,71336.0,70811.0,71288.0,943.66027,35382
2026-04-08 16:00:00+00:00,71288.0,71658.0,71226.0,71576.0,1144.21576,33967
2026-04-08 17:00:00+00:00,71577.0,71941.0,71453.0,71858.0,1785.54426,39237
2026-04-08 18:00:00+00:00,71859.0,71859.0,71044.0,71059.0,2334.78041,45227
2026-04-08 19:00:00+00:00,71060.0,71337.0,70979.0,71288.0,1337.89261,37701
2026-04-08 20:00:00+00:00,71288.0,71444.0,71227.0,71336.0,743.81186,26781
2026-04-08 21:00:00+00:00,71336.0,71726.0,71286.0,71516.0,991.77826,29052
2026-04-08 22:00:00+00:00,71516.0,71532.0,71027.0,71028.0,1016.94646,34323
2026-04-08 23:00:00+00:00,71028.0,71168.0,70845.0,71036.0,1344.89769,31651
2026-04-09 00:00:00+00:00,71036.0,71098.0,70596.0,70773.0,1895.88507,37204
2026-04-09 01:00:00+00:00,70774.0,70928.0,70425.0,70895.0,1093.72653,35530
2026-04-09 02:00:00+00:00,70895.0,71167.0,70780.0,71023.0,808.66728,28870
2026-04-09 03:00:00+00:00,71023.0,71079.0,70816.0,70961.0,476.42715,25318
2026-04-09 04:00:00+00:00,70961.0,70977.0,70703.0,70750.0,585.06119,19034
2026-04-09 05:00:00+00:00,70750.0,71060.0,70646.0,70950.0,767.91121,14812
2026-04-09 06:00:00+00:00,70950.0,71050.0,70765.0,70988.0,645.92261,12590
2026-04-09 07:00:00+00:00,70987.0,71076.0,70916.0,70941.0,511.88738,10644
2026-04-09 08:00:00+00:00,70942.0,71343.0,70830.0,71220.0,883.56272,15250
2026-04-09 09:00:00+00:00,71220.0,71535.0,71061.0,71500.0,1188.99419,18986
2026-04-09 10:00:00+00:00,71499.0,71501.0,71230.0,71230.0,516.95906,13651
2026-04-09 11:00:00+00:00,71230.0,71306.0,71009.0,71100.0,1185.68736,19412
2026-04-09 12:00:00+00:00,71099.0,71281.0,71001.0,71241.0,728.16902,18105
2026-04-09 13:00:00+00:00,71242.0,71317.0,70586.0,70763.0,1749.11831,34703
2026-04-09 14:00:00+00:00,70764.0,71218.0,70495.0,71088.0,1762.98542,37339
2026-04-09 15:00:00+00:00,71087.0,72359.0,70876.0,72108.0,6536.76836,73162
2026-04-09 16:00:00+00:00,72109.0,72387.0,71710.0,72050.0,2800.04384,35372
2026-04-09 17:00:00+00:00,72049.0,72525.0,72036.0,72317.0,3571.50082,40488
2026-04-09 18:00:00+00:00,72317.0,72341.0,71714.0,71854.0,1846.02522,32043
2026-04-09 19:00:00+00:00,71855.0,72280.0,71714.0,72071.0,2563.31405,33915
2026-04-09 20:00:00+00:00,72070.0,72439.0,71956.0,72388.0,1184.77193,20231
2026-04-09 21:00:00+00:00,72389.0,72680.0,72108.0,72246.0,1498.91024,37146
2026-04-09 22:00:00+00:00,72245.0,73158.0,71899.0,71915.0,4102.90841,62174
2026-04-09 23:00:00+00:00,71915.0,71998.0,71513.0,71758.0,2458.94258,43099
2026-04-10 00:00:00+00:00,71757.0,71997.0,71564.0,71946.0,1311.30161,25357
2026-04-10 01:00:00+00:00,71946.0,72367.0,71644.0,72128.0,1194.45166,27891
2026-04-10 02:00:00+00:00,72129.0,72271.0,71891.0,71921.0,562.04822,15238
2026-04-10 03:00:00+00:00,71922.0,71987.0,71781.0,71847.0,301.89513,10668
2026-04-10 04:00:00+00:00,71848.0,72191.0,71800.0,72099.0,383.98103,12248
2026-04-10 05:00:00+00:00,72099.0,72259.0,71986.0,72098.0,763.01643,12605
2026-04-10 06:00:00+00:00,72099.0,72153.0,71771.0,71785.0,278.18943,10834
2026-04-10 07:00:00+00:00,71785.0,71819.0,71388.0,71457.0,1104.76079,16320
2026-04-10 08:00:00+00:00,71457.0,71733.0,71405.0,71577.0,1023.863,16657
2026-04-10 09:00:00+00:00,71577.0,71842.0,71571.0,71763.0,754.52168,12113
2026-04-10 10:00:00+00:00,71762.0,71904.0,71685.0,71884.0,322.19169,10338
2026-04-10 11:00:00+00:00,71884.0,72230.0,71875.0,72096.0,652.43386,17390
2026-04-10 12:00:00+00:00,72095.0,72434.0,71969.0,72227.0,2181.21111,31403
2026-04-10 13:00:00+00:00,72227.0,72387.0,71870.0,72276.0,1352.2466,30773
2026-04-10 14:00:00+00:00,72276.0,73132.0,72224.0,72880.0,3424.07831,53523
2026-04-10 15:00:00+00:00,72880.0,73282.0,72336.0,72415.0,2798.29227,41355
2026-04-10 16:00:00+00:00,72416.0,73032.0,72355.0,72967.0,1563.87064,28152
2026-04-10 17:00:00+00:00,72967.0,73104.0,72762.0,73095.0,1068.03433,26772
2026-04-10 18:00:00+00:00,73095.0,73127.0,72836.0,73071.0,626.54134,19100
2026-04-10 19:00:00+00:00,73071.0,73231.0,72852.0,73209.0,1468.74314,24179
2026-04-10 20:00:00+00:00,73208.0,73479.0,73001.0,73321.0,1644.80084,26877
2026-04-10 21:00:00+00:00,73320.0,73326.0,72910.0,73160.0,997.63919,22021
2026-04-10 22:00:00+00:00,73160.0,73200.0,72726.0,72838.0,1025.0632,19720
2026-04-10 23:00:00+00:00,72837.0,72926.0,72750.0,72926.0,295.0356,13292
2026-04-11 00:00:00+00:00,72926.0,72926.0,72760.0,72793.0,338.63219,16021
2026-04-11 01:00:00+00:00,72793.0,72973.0,72650.0,72919.0,372.68846,11765
2026-04-11 02:00:00+00:00,72921.0,73071.0,72885.0,72929.0,231.5743,8767
2026-04-11 03:00:00+00:00,72929.0,73043.0,72783.0,72839.0,198.35259,8806
2026-04-11 04:00:00+00:00,72839.0,72921.0,72649.0,72774.0,287.54342,11006
2026-04-11 05:00:00+00:00,72773.0,72806.0,72631.0,72689.0,210.20545,8584
2026-04-11 06:00:00+00:00,72688.0,72746.0,72592.0,72740.0,283.31509,9039
2026-04-11 07:00:00+00:00,72740.0,72805.0,72645.0,72705.0,151.12987,8854
2026-04-11 08:00:00+00:00,72705.0,72778.0,72622.0,72646.0,238.41543,7442
2026-04-11 09:00:00+00:00,72645.0,72881.0,72593.0,72880.0,449.11918,14099
2026-04-11 10:00:00+00:00,72881.0,72887.0,72734.0,72818.0,292.89634,10231
2026-04-11 11:00:00+00:00,72818.0,72880.0,72798.0,72880.0,177.82975,5581
2026-04-11 12:00:00+00:00,72880.0,72957.0,72792.0,72911.0,285.56942,11193
2026-04-11 13:00:00+00:00,72912.0,72912.0,72500.0,72633.0,800.05334,20903
2026-04-11 14:00:00+00:00,72633.0,72743.0,72571.0,72660.0,427.42424,13689
2026-04-11 15:00:00+00:00,72659.0,72880.0,72648.0,72830.0,302.94884,14619
2026-04-11 16:00:00+00:00,72830.0,73200.0,72786.0,73018.0,1494.70077,26161
2026-04-11 17:00:00+00:00,73019.0,73155.0,72925.0,73080.0,621.80424,17578
2026-04-11 18:00:00+00:00,73079.0,73708.0,73011.0,73527.0,1820.86216,32224
2026-04-11 19:00:00+00:00,73527.0,73773.0,73453.0,73659.0,1322.95484,24376
2026-04-11 20:00:00+00:00,73658.0,73669.0,73211.0,73264.0,1092.90842,22643
2026-04-11 21:00:00+00:00,73265.0,73527.0,73188.0,73408.0,587.71768,17434
2026-04-11 22:00:00+00:00,73408.0,73553.0,73218.0,73350.0,584.75749,17686
2026-04-11 23:00:00+00:00,73349.0,73349.0,72886.0,73015.0,709.97283,20681
2026-04-12 00:00:00+00:00,73015.0,73102.0,72825.0,73060.0,566.53811,17602
2026-04-12 01:00:00+00:00,73061.0,73115.0,71258.0,71596.0,4876.69117,61654
2026-04-12 02:00:00+00:00,71596.0,71897.0,71291.0,71727.0,2112.79657,31082
2026-04-12 03:00:00+00:00,71727.0,71833.0,71564.0,71570.0,957.37465,15049
2026-04-12 04:00:00+00:00,71569.0,71650.0,71409.0,71435.0,571.4833,12807
2026-04-12 05:00:00+00:00,71435.0,71767.0,71380.0,71680.0,1138.25319,15882
2026-04-12 06:00:00+00:00,71680.0,71726.0,71600.0,71617.0,467.46865,9734
2026-04-12 07:00:00+00:00,71617.0,71716.0,71552.0,71643.0,561.13462,9697
2026-04-12 08:00:00+00:00,71642.0,71727.0,71560.0,71589.0,360.74056,8866
2026-04-12 09:00:00+00:00,71590.0,71600.0,71464.0,71498.0,387.17867,8709
2026-04-12 10:00:00+00:00,71498.0,71656.0,71316.0,71411.0,694.90279,11648
2026-04-12 11:00:00+00:00,71411.0,71516.0,71365.0,71438.0,996.37362,9890
2026-04-12 12:00:00+00:00,71438.0,71475.0,71027.0,71053.0,1226.71427,18339
2026-04-12 13:00:00+00:00,71052.0,71106.0,70833.0,70855.0,1726.25425,26227
2026-04-12 14:00:00+00:00,70855.0,71064.0,70666.0,70709.0,1060.90528,20855
2026-04-12 15:00:00+00:00,70709.0,70905.0,70590.0,70849.0,791.90757,17541
2026-04-12 16:00:00+00:00,70848.0,70929.0,70784.0,70900.0,509.46486,14024
2026-04-12 17:00:00+00:00,70900.0,71178.0,70874.0,71099.0,632.02345,12833
2026-04-12 18:00:00+00:00,71100.0,71180.0,71019.0,71099.0,566.01135,10760
2026-04-12 19:00:00+00:00,71099.0,71194.0,71031.0,71044.0,452.0547,7579
2026-04-12 20:00:00+00:00,71044.0,71408.0,70904.0,71308.0,1351.97646,18941
2026-04-12 21:00:00+00:00,71309.0,71413.0,71121.0,71331.0,643.43002,27459
2026-04-12 22:00:00+00:00,71332.0,71332.0,70450.0,70883.0,2807.04503,43381
2026-04-12 23:00:00+00:00,70883.0,70883.0,70524.0,70705.0,1573.54516,20430
2026-04-13 00:00:00+00:00,70708.0,71222.0,70585.0,71135.0,1195.20788,21772
2026-04-13 01:00:00+00:00,71135.0,71195.0,71002.0,71171.0,876.66513,14496
2026-04-13 02:00:00+00:00,71171.0,71248.0,70965.0,71038.0,748.88454,16013
2026-04-13 03:00:00+00:00,71037.0,71123.0,70877.0,70952.0,957.84603,15216
2026-04-13 04:00:00+00:00,70952.0,71105.0,70808.0,70854.0,1114.60068,15386
2026-04-13 05:00:00+00:00,70853.0,70886.0,70614.0,70846.0,935.80073,14168
2026-04-13 06:00:00+00:00,70845.0,71079.0,70844.0,70991.0,696.75697,11112
2026-04-13 07:00:00+00:00,70990.0,71034.0,70650.0,70791.0,837.5993,14869
2026-04-13 08:00:00+00:00,70792.0,70829.0,70529.0,70653.0,1001.42854,16094
2026-04-13 09:00:00+00:00,70653.0,70876.0,70636.0,70757.0,527.81686,10269
2026-04-13 10:00:00+00:00,70757.0,70811.0,70654.0,70707.0,350.18022,8758
2026-04-13 11:00:00+00:00,70708.0,70955.0,70708.0,70888.0,328.11087,9721
2026-04-13 12:00:00+00:00,70888.0,71195.0,70731.0,71056.0,1006.14732,19080
2026-04-13 13:00:00+00:00,71057.0,71696.0,70800.0,71626.0,2758.78215,39439
2026-04-13 14:00:00+00:00,71625.0,72392.0,71364.0,72357.0,3804.27043,50094
2026-04-13 15:00:00+00:00,72357.0,72436.0,71605.0,71830.0,3172.42358,35497
2026-04-13 16:00:00+00:00,71829.0,72388.0,71648.0,72162.0,2418.85534,35605
2026-04-13 17:00:00+00:00,72162.0,72592.0,72022.0,72113.0,1691.71265,26398
2026-04-13 18:00:00+00:00,72108.0,72429.0,72008.0,72390.0,684.06244,16938
2026-04-13 19:00:00+00:00,72390.0,73425.0,72256.0,73267.0,4044.34258,50076
2026-04-13 20:00:00+00:00,73267.0,73340.0,72945.0,73094.0,2682.55071,29929
2026-04-13 21:00:00+00:00,73093.0,73332.0,73031.0,73141.0,1150.8001,15885
2026-04-13 22:00:00+00:00,73141.0,74712.0,73134.0,74599.0,6007.02977,70591
2026-04-13 23:00:00+00:00,74598.0,74907.0,74365.0,74387.0,2486.98174,38060
2026-04-14 00:00:00+00:00,74387.0,74492.0,74046.0,74127.0,1808.48376,24892
2026-04-14 01:00:00+00:00,74128.0,74400.0,73950.0,74358.0,843.87846,19173
2026-04-14 02:00:00+00:00,74357.0,74545.0,74260.0,74304.0,541.50878,14536
2026-04-14 03:00:00+00:00,74304.0,74468.0,74216.0,74417.0,615.00506,13441
2026-04-14 04:00:00+00:00,74417.0,74484.0,74318.0,74352.0,515.56515,9148
2026-04-14 05:00:00+00:00,74353.0,74404.0,74113.0,74174.0,963.79649,11323
2026-04-14 06:00:00+00:00,74174.0,74542.0,74174.0,74517.0,931.31511,10616
2026-04-14 07:00:00+00:00,74516.0,74893.0,74411.0,74508.0,1522.71289,20003
2026-04-14 08:00:00+00:00,74509.0,74876.0,74434.0,74705.0,2350.58507,21753
2026-04-14 09:00:00+00:00,74706.0,74786.0,74392.0,74449.0,1321.62206,17235
2026-04-14 10:00:00+00:00,74448.0,74569.0,74300.0,74316.0,579.57334,12003
2026-04-14 11:00:00+00:00,74315.0,74414.0,74242.0,74339.0,643.41104,13588
2026-04-14 12:00:00+00:00,74338.0,74437.0,74226.0,74416.0,915.70842,16824
2026-04-14 13:00:00+00:00,74416.0,75459.0,74373.0,75459.0,4644.24897,51365
2026-04-14 14:00:00+00:00,75458.0,76000.0,74939.0,74940.0,6265.83143,81588
2026-04-14 15:00:00+00:00,74939.0,75375.0,74480.0,75264.0,3734.51573,63703
2026-04-14 16:00:00+00:00,75265.0,75634.0,74425.0,74592.0,2322.99862,37239
2026-04-14 17:00:00+00:00,74592.0,74889.0,74181.0,74690.0,1749.50524,31685
2026-04-14 18:00:00+00:00,74690.0,74753.0,73800.0,74044.0,2572.93542,42368
2026-04-14 19:00:00+00:00,74043.0,74351.0,73809.0,74158.0,1906.5828,32842
2026-04-14 20:00:00+00:00,74158.0,74381.0,73934.0,74037.0,1230.3084,21916
2026-04-14 21:00:00+00:00,74037.0,74259.0,73888.0,74228.0,1370.11206,19409
2026-04-14 22:00:00+00:00,74228.0,74324.0,73800.0,73986.0,1897.9892,21741
2026-04-14 23:00:00+00:00,73985.0,74188.0,73954.0,74098.0,1168.22979,16996
2026-04-15 00:00:00+00:00,74097.0,74637.0,74079.0,74527.0,1387.31174,26233
2026-04-15 01:00:00+00:00,74527.0,74726.0,74448.0,74559.0,1117.97063,20042
2026-04-15 02:00:00+00:00,74558.0,74647.0,74135.0,74279.0,784.78784,16393
2026-04-15 03:00:00+00:00,74278.0,74333.0,74125.0,74300.0,482.56752,12438
2026-04-15 04:00:00+00:00,74300.0,74400.0,74218.0,74294.0,538.17862,12695
2026-04-15 05:00:00+00:00,74294.0,74388.0,73826.0,73976.0,1493.37887,19962
2026-04-15 06:00:00+00:00,73975.0,74006.0,73817.0,73844.0,332.98924,11318
2026-04-15 07:00:00+00:00,73844.0,73963.0,73451.0,73687.0,1092.17498,21188
2026-04-15 08:00:00+00:00,73688.0,74153.0,73635.0,74080.0,1541.94913,17987
2026-04-15 09:00:00+00:00,74080.0,74140.0,73870.0,73970.0,602.63574,11717
2026-04-15 10:00:00+00:00,73971.0,74197.0,73752.0,73801.0,1581.76122,20276
2026-04-15 11:00:00+00:00,73801.0,74220.0,73800.0,74161.0,939.5349,14747
2026-04-15 12:00:00+00:00,74161.0,74417.0,74001.0,74241.0,1240.03948,20178
2026-04-15 13:00:00+00:00,74241.0,74399.0,73772.0,74020.0,1466.63463,32634
2026-04-15 14:00:00+00:00,74020.0,74470.0,73800.0,74100.0,1581.27993,35757
2026-04-15 15:00:00+00:00,74100.0,74263.0,73550.0,73797.0,1608.75441,30289
2026-04-15 16:00:00+00:00,73797.0,74134.0,73722.0,73898.0,819.32039,23117
2026-04-15 17:00:00+00:00,73898.0,74209.0,73874.0,74087.0,616.80315,19445
2026-04-15 18:00:00+00:00,74086.0,74374.0,74032.0,74348.0,1094.6621,21226
2026-04-15 19:00:00+00:00,74348.0,75255.0,74326.0,74930.0,3094.63988,38780
2026-04-15 20:00:00+00:00,74931.0,74979.0,74444.0,74791.0,2344.0882,29347
2026-04-15 21:00:00+00:00,74791.0,74808.0,74515.0,74700.0,775.05147,14571
2026-04-15 22:00:00+00:00,74700.0,75400.0,74699.0,74912.0,1763.73856,26998
2026-04-15 23:00:00+00:00,74912.0,74913.0,74587.0,74774.0,1003.40945,17101
2026-04-16 00:00:00+00:00,74775.0,74848.0,74422.0,74777.0,1520.4322,20605
2026-04-16 01:00:00+00:00,74777.0,74777.0,74414.0,74605.0,1095.56716,15893
2026-04-16 02:00:00+00:00,74605.0,75228.0,74554.0,74846.0,1314.43128,24137
2026-04-16 03:00:00+00:00,74846.0,75100.0,74824.0,74849.0,913.2772,18170
2026-04-16 04:00:00+00:00,74849.0,75147.0,74664.0,74906.0,1655.37899,18988
2026-04-16 05:00:00+00:00,74905.0,75099.0,74860.0,75008.0,588.12209,12680
2026-04-16 06:00:00+00:00,75009.0,75076.0,74819.0,74992.0,787.44265,14108
2026-04-16 07:00:00+00:00,74991.0,75056.0,74584.0,74671.0,597.55725,13958
2026-04-16 08:00:00+00:00,74671.0,74711.0,74468.0,74632.0,807.17754,15159
2026-04-16 09:00:00+00:00,74632.0,74880.0,74555.0,74555.0,1140.92785,14546
2026-04-16 10:00:00+00:00,74555.0,74609.0,74232.0,74269.0,1523.43897,21767
2026-04-16 11:00:00+00:00,74269.0,74534.0,74236.0,74531.0,1109.70507,16337
2026-04-16 12:00:00+00:00,74531.0,74820.0,74530.0,74583.0,1094.67273,17131
2026-04-16 13:00:00+00:00,74582.0,74974.0,73254.0,73750.0,5122.48537,53896
2026-04-16 14:00:00+00:00,73749.0,74151.0,73371.0,73931.0,3451.35499,43780
2026-04-16 15:00:00+00:00,73931.0,74869.0,73880.0,74653.0,3802.74438,41859
2026-04-16 16:00:00+00:00,74653.0,74896.0,74007.0,74125.0,2076.26018,32478
2026-04-16 17:00:00+00:00,74124.0,74410.0,73816.0,74301.0,1826.47902,27642
2026-04-16 18:00:00+00:00,74301.0,75064.0,74193.0,75012.0,2055.3016,30445
2026-04-16 19:00:00+00:00,75011.0,75386.0,74698.0,75316.0,2239.25097,31877
2026-04-16 20:00:00+00:00,75316.0,75499.0,74960.0,75183.0,1805.51586,22892
2026-04-16 21:00:00+00:00,75184.0,75248.0,74761.0,74900.0,808.21472,14343
2026-04-16 22:00:00+00:00,74900.0,75088.0,74791.0,74830.0,913.09854,13617
2026-04-16 23:00:00+00:00,74829.0,75149.0,74801.0,75130.0,579.85312,11121
2026-04-17 00:00:00+00:00,75129.0,75129.0,74839.0,74909.0,425.7204,10941
2026-04-17 01:00:00+00:00,74909.0,74996.0,74529.0,74708.0,711.92121,12959
2026-04-17 02:00:00+00:00,74709.0,74782.0,74501.0,74671.0,437.01475,12135
2026-04-17 03:00:00+00:00,74672.0,74808.0,74566.0,74578.0,248.88852,8909
2026-04-17 04:00:00+00:00,74578.0,74812.0,74557.0,74746.0,213.11467,7527
2026-04-17 05:00:00+00:00,74746.0,74775.0,74509.0,74604.0,547.26941,10084
2026-04-17 06:00:00+00:00,74604.0,74908.0,74561.0,74891.0,302.41535,11105
2026-04-17 07:00:00+00:00,74890.0,75066.0,74890.0,75042.0,785.3111,11929
2026-04-17 08:00:00+00:00,75041.0,75846.0,74953.0,75721.0,2307.32473,32023
2026-04-17 09:00:00+00:00,75721.0,76316.0,75477.0,75729.0,3052.57932,40587
2026-04-17 10:00:00+00:00,75729.0,75840.0,75050.0,75228.0,1899.62249,24106
2026-04-17 11:00:00+00:00,75227.0,75558.0,75198.0,75541.0,866.32986,15992
2026-04-17 12:00:00+00:00,75542.0,76225.0,75479.0,76201.0,2444.64029,36213
2026-04-17 13:00:00+00:00,76201.0,77407.0,76024.0,77286.0,8996.44275,93485
2026-04-17 14:00:00+00:00,77287.0,78000.0,76961.0,77835.0,5819.38763,63522
2026-04-17 15:00:00+00:00,77835.0,77925.0,77387.0,77717.0,3044.24256,42558
2026-04-17 16:00:00+00:00,77717.0,78279.0,77666.0,77796.0,3296.24216,39370
2026-04-17 17:00:00+00:00,77796.0,77862.0,77050.0,77473.0,2490.43763,40625
2026-04-17 18:00:00+00:00,77474.0,77519.0,77050.0,77117.0,1803.66948,27778
2026-04-17 19:00:00+00:00,77116.0,77413.0,76975.0,77345.0,1364.26092,22194
2026-04-17 20:00:00+00:00,77357.0,77555.0,77108.0,77296.0,958.38249,17291
2026-04-17 21:00:00+00:00,77295.0,77453.0,77228.0,77398.0,617.50071,13162
2026-04-17 22:00:00+00:00,77398.0,77476.0,77214.0,77249.0,897.62831,13664
2026-04-17 23:00:00+00:00,77248.0,77249.0,76835.0,77021.0,822.76366,15217
2026-04-18 00:00:00+00:00,77021.0,77209.0,76930.0,77119.0,721.95162,14363
2026-04-18 01:00:00+00:00,77121.0,77289.0,77062.0,77168.0,622.2759,10351
2026-04-18 02:00:00+00:00,77167.0,77369.0,77071.0,77244.0,357.15383,9377
2026-04-18 03:00:00+00:00,77244.0,77249.0,76924.0,76954.0,301.41337,9165
2026-04-18 04:00:00+00:00,76955.0,77115.0,76850.0,77073.0,474.4232,11541
2026-04-18 05:00:00+00:00,77073.0,77228.0,77061.0,77085.0,329.45029,6936
2026-04-18 06:00:00+00:00,77085.0,77175.0,77013.0,77088.0,165.16108,5915
2026-04-18 07:00:00+00:00,77087.0,77091.0,76860.0,76956.0,528.14828,8136
2026-04-18 08:00:00+00:00,76956.0,77000.0,76457.0,76691.0,1228.0549,24303
2026-04-18 09:00:00+00:00,76692.0,76692.0,76370.0,76559.0,1508.28929,16773
2026-04-18 10:00:00+00:00,76559.0,76560.0,76093.0,76151.0,1200.71615,20979
2026-04-18 11:00:00+00:00,76151.0,76151.0,75728.0,76004.0,1585.02282,27214
2026-04-18 12:00:00+00:00,76005.0,76263.0,76005.0,76172.0,1110.75244,17877
2026-04-18 13:00:00+00:00,76173.0,76180.0,75750.0,76079.0,844.34502,16598
2026-04-18 14:00:00+00:00,76079.0,76246.0,75926.0,76214.0,934.5951,13024
2026-04-18 15:00:00+00:00,76213.0,76315.0,75969.0,76120.0,631.41635,12967
2026-04-18 16:00:00+00:00,76121.0,76164.0,75619.0,75901.0,892.32075,18187
2026-04-18 17:00:00+00:00,75902.0,75919.0,75737.0,75772.0,547.69962,12397
2026-04-18 18:00:00+00:00,75772.0,75799.0,75402.0,75600.0,1834.88463,25831
2026-04-18 19:00:00+00:00,75601.0,75753.0,75517.0,75608.0,784.1347,15135
2026-04-18 20:00:00+00:00,75608.0,75794.0,75552.0,75705.0,509.66197,11897
2026-04-18 21:00:00+00:00,75705.0,75792.0,75532.0,75766.0,535.30872,9374
2026-04-18 22:00:00+00:00,75766.0,75830.0,75550.0,75781.0,552.06536,9157
2026-04-18 23:00:00+00:00,75780.0,75836.0,75639.0,75642.0,966.75172,23385
2026-04-19 00:00:00+00:00,75642.0,75802.0,75500.0,75622.0,620.91686,10778
2026-04-19 01:00:00+00:00,75622.0,75752.0,75408.0,75572.0,698.27575,11068
2026-04-19 02:00:00+00:00,75572.0,75685.0,75354.0,75447.0,676.34129,12278
2026-04-19 03:00:00+00:00,75448.0,75593.0,75308.0,75467.0,465.25852,10770
2026-04-19 04:00:00+00:00,75466.0,75728.0,75378.0,75629.0,550.02124,12062
2026-04-19 05:00:00+00:00,75629.0,75648.0,75450.0,75508.0,524.2833,7454
2026-04-19 06:00:00+00:00,75508.0,75508.0,75232.0,75340.0,624.23852,10073
2026-04-19 07:00:00+00:00,75341.0,75349.0,74851.0,75210.0,1550.32661,22254
2026-04-19 08:00:00+00:00,75209.0,75262.0,75032.0,75221.0,771.76109,12182
2026-04-19 09:00:00+00:00,75221.0,75231.0,74877.0,74973.0,912.16159,11875
2026-04-19 10:00:00+00:00,74973.0,75200.0,74889.0,75183.0,511.17132,10363
2026-04-19 11:00:00+00:00,75183.0,75597.0,75182.0,75565.0,1231.38216,18349
2026-04-19 12:00:00+00:00,75565.0,75664.0,75385.0,75533.0,981.6849,16708
2026-04-19 13:00:00+00:00,75533.0,76195.0,75509.0,75884.0,1638.4907,28881
2026-04-19 14:00:00+00:00,75885.0,76115.0,75634.0,75986.0,962.51916,20897
2026-04-19 15:00:00+00:00,75985.0,76119.0,75374.0,75811.0,1752.40723,26396
2026-04-19 16:00:00+00:00,75810.0,75818.0,75251.0,75343.0,951.43303,27328
2026-04-19 17:00:00+00:00,75343.0,75350.0,74577.0,74737.0,1883.69388,43482
2026-04-19 18:00:00+00:00,74737.0,74861.0,74558.0,74737.0,1262.70455,30664
2026-04-19 19:00:00+00:00,74737.0,75033.0,74737.0,74926.0,1345.04523,21846
2026-04-19 20:00:00+00:00,74927.0,74927.0,74388.0,74591.0,1244.85467,26128
2026-04-19 21:00:00+00:00,74592.0,74779.0,74317.0,74375.0,827.58522,19725
2026-04-19 22:00:00+00:00,74376.0,74380.0,73718.0,74003.0,3675.45526,47848
2026-04-19 23:00:00+00:00,74003.0,74013.0,73740.0,73741.0,1311.59838,23058
2026-04-20 00:00:00+00:00,73741.0,74313.0,73690.0,74248.0,1152.59326,20792
2026-04-20 01:00:00+00:00,74244.0,74722.0,74181.0,74556.0,1671.80316,18763
2026-04-20 02:00:00+00:00,74557.0,74591.0,74265.0,74371.0,748.4037,14308
2026-04-20 03:00:00+00:00,74372.0,74619.0,74307.0,74606.0,753.56193,12887
2026-04-20 04:00:00+00:00,74606.0,74607.0,74400.0,74530.0,286.76868,7724
2026-04-20 05:00:00+00:00,74528.0,74528.0,74067.0,74234.0,625.29644,12288
2026-04-20 06:00:00+00:00,74234.0,74864.0,74222.0,74755.0,950.96638,17538
2026-04-20 07:00:00+00:00,74755.0,75522.0,74614.0,74797.0,2070.54181,36890
2026-04-20 08:00:00+00:00,74797.0,74971.0,74578.0,74694.0,810.48657,22653
2026-04-20 09:00:00+00:00,74693.0,75208.0,74661.0,75030.0,401.24438,18997
2026-04-20 10:00:00+00:00,75030.0,75375.0,74959.0,74987.0,662.21155,17933
2026-04-20 11:00:00+00:00,74987.0,75248.0,74909.0,75154.0,967.55918,18700
2026-04-20 12:00:00+00:00,75154.0,75652.0,75035.0,75253.0,1570.29775,28010
2026-04-20 13:00:00+00:00,75253.0,75397.0,74811.0,75233.0,1402.96465,37985
2026-04-20 14:00:00+00:00,75232.0,75722.0,74870.0,74990.0,2171.57099,46400
2026-04-20 15:00:00+00:00,74989.0,75721.0,74661.0,75668.0,2504.51112,42772
2026-04-20 16:00:00+00:00,75668.0,75679.0,75252.0,75302.0,957.53222,22324
2026-04-20 17:00:00+00:00,75302.0,75949.0,75244.0,75861.0,1794.92751,32596
2026-04-20 18:00:00+00:00,75860.0,76426.0,75860.0,76375.0,2625.18221,34880
2026-04-20 19:00:00+00:00,76375.0,76444.0,76108.0,76260.0,1275.59141,18280
2026-04-20 20:00:00+00:00,76259.0,76540.0,76073.0,76246.0,1181.16959,16416
2026-04-20 21:00:00+00:00,76246.0,76330.0,75738.0,75910.0,1004.2274,16702
2026-04-20 22:00:00+00:00,75910.0,76100.0,75861.0,75926.0,480.95093,12739
2026-04-20 23:00:00+00:00,75925.0,75925.0,75576.0,75802.0,991.41954,13907
2026-04-21 00:00:00+00:00,75801.0,76069.0,75653.0,76059.0,1209.82948,15933
2026-04-21 01:00:00+00:00,76059.0,76223.0,75818.0,75880.0,1545.55326,15104
2026-04-21 02:00:00+00:00,75880.0,75883.0,75535.0,75539.0,1103.68825,15736
2026-04-21 03:00:00+00:00,75540.0,75680.0,75409.0,75669.0,781.44184,16771
2026-04-21 04:00:00+00:00,75670.0,75778.0,75560.0,75768.0,550.38105,10454
2026-04-21 05:00:00+00:00,75769.0,75950.0,75746.0,75767.0,721.07429,11468
2026-04-21 06:00:00+00:00,75768.0,76096.0,75664.0,75938.0,667.62171,14224
2026-04-21 07:00:00+00:00,75939.0,76278.0,75776.0,76054.0,1589.54684,21348
2026-04-21 08:00:00+00:00,76054.0,76881.0,76033.0,76476.0,1853.53122,26641
2026-04-21 09:00:00+00:00,76477.0,76540.0,76122.0,76330.0,718.4508,17506
2026-04-21 10:00:00+00:00,76331.0,76848.0,76312.0,76704.0,945.8109,18962
2026-04-21 11:00:00+00:00,76704.0,76711.0,76300.0,76410.0,1676.51135,23160
2026-04-21 12:00:00+00:00,76411.0,76492.0,75666.0,75977.0,3077.82504,36070
2026-04-21 13:00:00+00:00,75978.0,76139.0,75700.0,75859.0,1260.34024,30626
2026-04-21 14:00:00+00:00,75860.0,76592.0,75586.0,75636.0,3450.61818,47929
2026-04-21 15:00:00+00:00,75636.0,75945.0,75408.0,75802.0,2346.51383,41539
2026-04-21 16:00:00+00:00,75801.0,76146.0,75715.0,75729.0,1242.7048,26448
2026-04-21 17:00:00+00:00,75730.0,75849.0,75021.0,75494.0,2890.78022,47251
2026-04-21 18:00:00+00:00,75501.0,75614.0,75260.0,75570.0,979.75865,23787
2026-04-21 19:00:00+00:00,75570.0,75871.0,74770.0,74972.0,2775.71084,42243
2026-04-21 20:00:00+00:00,74972.0,75832.0,74931.0,75684.0,4068.67904,38176
2026-04-21 21:00:00+00:00,75683.0,75737.0,75402.0,75508.0,797.21642,12177
2026-04-21 22:00:00+00:00,75507.0,75608.0,75256.0,75600.0,633.40272,15071
2026-04-21 23:00:00+00:00,75600.0,76398.0,75586.0,76288.0,1587.73669,35701
2026-04-22 00:00:00+00:00,76289.0,76486.0,76180.0,76323.0,1108.28238,18554
2026-04-22 01:00:00+00:00,76323.0,76389.0,76098.0,76266.0,1026.5194,14500
2026-04-22 02:00:00+00:00,76266.0,77606.0,76188.0,77564.0,3915.57731,49327
2026-04-22 03:00:00+00:00,77564.0,77697.0,77365.0,77497.0,1786.90737,28766
2026-04-22 04:00:00+00:00,77497.0,77675.0,77337.0,77483.0,1238.34404,18437
2026-04-22 05:00:00+00:00,77483.0,78419.0,77408.0,77944.0,2773.21276,38443
2026-04-22 06:00:00+00:00,77944.0,77992.0,77854.0,77964.0,801.55955,15150
2026-04-22 07:00:00+00:00,77964.0,78074.0,77777.0,77965.0,1248.34539,19598
2026-04-22 08:00:00+00:00,77965.0,78176.0,77888.0,77971.0,1226.8593,21606
2026-04-22 09:00:00+00:00,77971.0,78144.0,77908.0,77958.0,711.20649,17193
2026-04-22 10:00:00+00:00,77958.0,78137.0,77894.0,78111.0,580.19085,16316
2026-04-22 11:00:00+00:00,78111.0,78344.0,78069.0,78261.0,881.70737,19877
2026-04-22 12:00:00+00:00,78261.0,78450.0,78049.0,78191.0,1685.09491,27891
2026-04-22 13:00:00+00:00,78191.0,78794.0,78106.0,78791.0,3030.61962,46085
2026-04-22 14:00:00+00:00,78792.0,79113.0,78534.0,78993.0,3178.05088,53705
2026-04-22 15:00:00+00:00,78993.0,79350.0,78811.0,79223.0,1936.7351,37495
2026-04-22 16:00:00+00:00,79224.0,79400.0,78592.0,78688.0,1780.57696,28479
2026-04-22 17:00:00+00:00,78688.0,78995.0,78656.0,78853.0,838.75003,18312
2026-04-22 18:00:00+00:00,78852.0,79122.0,78773.0,78983.0,913.04985,17459
2026-04-22 19:00:00+00:00,78984.0,79028.0,78655.0,78798.0,1350.18974,23784
2026-04-22 20:00:00+00:00,78797.0,78865.0,78362.0,78378.0,1202.97969,40368
2026-04-22 21:00:00+00:00,78377.0,78789.0,78374.0,78723.0,1000.6949,14988
2026-04-22 22:00:00+00:00,78722.0,78785.0,78407.0,78562.0,783.95331,13834
2026-04-22 23:00:00+00:00,78561.0,78561.0,78090.0,78137.0,976.58072,18555
2026-04-23 00:00:00+00:00,78138.0,78530.0,77533.0,78383.0,4159.11197,47112
2026-04-23 01:00:00+00:00,78385.0,78410.0,78016.0,78318.0,1102.29572,20895
2026-04-23 02:00:00+00:00,78320.0,78323.0,77714.0,77898.0,1880.69172,26803
2026-04-23 03:00:00+00:00,77898.0,77994.0,77459.0,77722.0,1668.25412,23731
2026-04-23 04:00:00+00:00,77715.0,77911.0,77638.0,77882.0,636.75909,15196
2026-04-23 05:00:00+00:00,77882.0,78059.0,77735.0,77982.0,479.27281,12146
2026-04-23 06:00:00+00:00,77982.0,78311.0,77982.0,78172.0,705.29218,15718
2026-04-23 07:00:00+00:00,78172.0,78220.0,77945.0,78012.0,590.1596,13909
2026-04-23 08:00:00+00:00,78012.0,78145.0,77691.0,77828.0,1010.08031,19020
2026-04-23 09:00:00+00:00,77828.0,77841.0,77398.0,77619.0,1385.06038,23123
2026-04-23 10:00:00+00:00,77619.0,77675.0,77152.0,77375.0,1515.94175,25770
2026-04-23 11:00:00+00:00,77375.0,77712.0,77339.0,77659.0,1116.02914,20178
2026-04-23 12:00:00+00:00,77659.0,77835.0,77526.0,77835.0,1489.71845,23977
2026-04-23 13:00:00+00:00,77834.0,77877.0,77358.0,77492.0,1304.71707,26090
2026-04-23 14:00:00+00:00,77492.0,78191.0,77388.0,78151.0,2240.22212,38720
2026-04-23 15:00:00+00:00,78151.0,78649.0,77951.0,78343.0,2314.58622,35931
2026-04-23 16:00:00+00:00,78343.0,78479.0,77968.0,78044.0,1518.60322,23070
2026-04-23 17:00:00+00:00,78045.0,78131.0,76910.0,77732.0,4585.44525,59602
2026-04-23 18:00:00+00:00,77733.0,78109.0,77640.0,77644.0,2876.48989,33313
2026-04-23 19:00:00+00:00,77645.0,77855.0,77554.0,77688.0,1809.25892,21046
2026-04-23 20:00:00+00:00,77688.0,78035.0,77615.0,77857.0,1073.08016,37134
2026-04-23 21:00:00+00:00,77857.0,78067.0,77765.0,77852.0,807.53931,33253
2026-04-23 22:00:00+00:00,77851.0,78316.0,77842.0,78207.0,1342.83437,35363
2026-04-23 23:00:00+00:00,78206.0,78277.0,78006.0,78226.0,560.00136,13263
2026-04-24 00:00:00+00:00,78226.0,78472.0,78149.0,78385.0,1042.57706,17186
2026-04-24 01:00:00+00:00,78385.0,78419.0,77933.0,78401.0,1009.52199,18597
2026-04-24 02:00:00+00:00,78401.0,78548.0,78023.0,78090.0,1402.42369,19231
2026-04-24 03:00:00+00:00,78089.0,78142.0,77505.0,77710.0,864.78186,19979
2026-04-24 04:00:00+00:00,77709.0,77829.0,77471.0,77657.0,580.50473,12723
2026-04-24 05:00:00+00:00,77657.0,78000.0,77423.0,77927.0,720.60879,14843
2026-04-24 06:00:00+00:00,77927.0,77968.0,77740.0,77768.0,491.18278,9819
2026-04-24 07:00:00+00:00,77767.0,77836.0,77520.0,77631.0,734.41512,10739
2026-04-24 08:00:00+00:00,77631.0,78003.0,77549.0,77759.0,862.86171,14492
2026-04-24 09:00:00+00:00,77760.0,77782.0,77365.0,77499.0,1500.76749,16546
2026-04-24 10:00:00+00:00,77499.0,77756.0,77418.0,77728.0,422.31476,10980
2026-04-24 11:00:00+00:00,77729.0,78350.0,77726.0,78207.0,2926.73538,29600
2026-04-24 12:00:00+00:00,78207.0,78314.0,77981.0,78244.0,1872.39053,20042
2026-04-24 13:00:00+00:00,78243.0,78424.0,77867.0,78050.0,1916.77495,23185
2026-04-24 14:00:00+00:00,78049.0,78049.0,77643.0,77996.0,1333.76579,23711
2026-04-24 15:00:00+00:00,78000.0,78193.0,77514.0,78021.0,1379.93636,25457
2026-04-24 16:00:00+00:00,78021.0,78031.0,77553.0,77751.0,1099.98078,17060
2026-04-24 17:00:00+00:00,77750.0,77780.0,77455.0,77659.0,1126.24475,16746
2026-04-24 18:00:00+00:00,77659.0,77683.0,77322.0,77582.0,938.38594,16570
2026-04-24 19:00:00+00:00,77585.0,77701.0,77490.0,77594.0,356.9075,9968
2026-04-24 20:00:00+00:00,77594.0,77736.0,77421.0,77698.0,484.97209,10496
2026-04-24 21:00:00+00:00,77698.0,77720.0,77506.0,77507.0,469.67164,21487
2026-04-24 22:00:00+00:00,77507.0,77582.0,77225.0,77310.0,769.5704,25063
2026-04-24 23:00:00+00:00,77311.0,77426.0,77301.0,77402.0,386.45419,6041
2026-04-25 00:00:00+00:00,77402.0,77466.0,77273.0,77421.0,258.36785,5539
2026-04-25 01:00:00+00:00,77421.0,77580.0,77408.0,77507.0,175.06235,5020
2026-04-25 02:00:00+00:00,77507.0,77615.0,77464.0,77570.0,507.26888,5549
2026-04-25 03:00:00+00:00,77570.0,77679.0,77513.0,77634.0,387.6337,5875
2026-04-25 04:00:00+00:00,77634.0,77663.0,77557.0,77588.0,138.43734,4487
2026-04-25 05:00:00+00:00,77589.0,77589.0,77444.0,77474.0,158.21949,3831
2026-04-25 06:00:00+00:00,77474.0,77539.0,77445.0,77468.0,292.82274,4577
2026-04-25 07:00:00+00:00,77468.0,77534.0,77412.0,77467.0,256.26177,5945
2026-04-25 08:00:00+00:00,77467.0,77632.0,77451.0,77615.0,335.9905,6004
2026-04-25 09:00:00+00:00,77615.0,77749.0,77551.0,77700.0,460.82971,7154
2026-04-25 10:00:00+00:00,77700.0,77854.0,77700.0,77765.0,286.10306,7056
2026-04-25 11:00:00+00:00,77765.0,77765.0,77573.0,77642.0,512.51504,7250
2026-04-25 12:00:00+00:00,77642.0,77678.0,77504.0,77524.0,661.79536,7911
2026-04-25 13:00:00+00:00,77524.0,77687.0,77524.0,77664.0,551.28264,5890
2026-04-25 14:00:00+00:00,77663.0,77734.0,77613.0,77624.0,556.76229,6416
2026-04-25 15:00:00+00:00,77624.0,77702.0,77269.0,77294.0,913.92249,11669
2026-04-25 16:00:00+00:00,77294.0,77419.0,77100.0,77368.0,1042.36642,18257
2026-04-25 17:00:00+00:00,77368.0,77381.0,77175.0,77213.0,229.77791,15438
2026-04-25 18:00:00+00:00,77212.0,77361.0,77172.0,77261.0,216.61932,5428
2026-04-25 19:00:00+00:00,77260.0,77307.0,77153.0,77296.0,511.96268,11664
2026-04-25 20:00:00+00:00,77297.0,77455.0,77272.0,77448.0,283.88374,7733
2026-04-25 21:00:00+00:00,77447.0,77500.0,77385.0,77496.0,326.3335,5880
2026-04-25 22:00:00+00:00,77497.0,77606.0,77458.0,77513.0,242.42671,5601
2026-04-25 23:00:00+00:00,77514.0,77608.0,77492.0,77582.0,130.00567,3989
2026-04-26 00:00:00+00:00,77582.0,77604.0,77403.0,77462.0,174.71884,6265
2026-04-26 01:00:00+00:00,77461.0,77535.0,77406.0,77414.0,225.17927,5114
2026-04-26 02:00:00+00:00,77414.0,77565.0,77412.0,77474.0,368.0594,4899
2026-04-26 03:00:00+00:00,77474.0,77505.0,77279.0,77359.0,253.97855,5870
2026-04-26 04:00:00+00:00,77359.0,77774.0,77347.0,77734.0,512.99744,9768
2026-04-26 05:00:00+00:00,77734.0,78172.0,77672.0,77941.0,1362.13399,17672
2026-04-26 06:00:00+00:00,77942.0,78012.0,77861.0,77964.0,320.5617,8339
2026-04-26 07:00:00+00:00,77965.0,78083.0,77924.0,78071.0,383.06158,6473
2026-04-26 08:00:00+00:00,78071.0,78170.0,77980.0,77989.0,742.70494,9315
2026-04-26 09:00:00+00:00,77988.0,78014.0,77888.0,77968.0,413.42569,6372
2026-04-26 10:00:00+00:00,77968.0,78023.0,77933.0,77964.0,169.69502,6674
2026-04-26 11:00:00+00:00,77964.0,78128.0,77963.0,78050.0,509.4224,12551
2026-04-26 12:00:00+00:00,78050.0,78064.0,77724.0,77802.0,593.03658,9244
2026-04-26 13:00:00+00:00,77802.0,77947.0,77759.0,77940.0,610.86298,10157
2026-04-26 14:00:00+00:00,77940.0,78140.0,77842.0,78061.0,442.06095,15587
2026-04-26 15:00:00+00:00,78061.0,78091.0,77955.0,78010.0,388.40958,7035
2026-04-26 16:00:00+00:00,78011.0,78040.0,77892.0,77892.0,242.1195,6233
2026-04-26 17:00:00+00:00,77893.0,78019.0,77810.0,77983.0,175.34867,7200
2026-04-26 18:00:00+00:00,77983.0,78333.0,77954.0,78238.0,755.45007,14341
2026-04-26 19:00:00+00:00,78238.0,78469.0,77979.0,78186.0,1116.12686,15974
2026-04-26 20:00:00+00:00,78187.0,78347.0,78114.0,78159.0,465.22485,7348
2026-04-26 21:00:00+00:00,78159.0,78916.0,77815.0,78377.0,1834.50144,20035
2026-04-26 22:00:00+00:00,78376.0,78792.0,77898.0,78283.0,2058.87734,53487
2026-04-26 23:00:00+00:00,78280.0,78862.0,77984.0,78615.0,1200.73786,71570
2026-04-27 00:00:00+00:00,78616.0,79333.0,78354.0,79207.0,2044.03317,43582
2026-04-27 01:00:00+00:00,79208.0,79434.0,78699.0,79249.0,1914.9335,40947
2026-04-27 02:00:00+00:00,79249.0,79270.0,78996.0,79088.0,1034.67814,22750
2026-04-27 03:00:00+00:00,79088.0,79268.0,79033.0,79061.0,545.05395,13868
2026-04-27 04:00:00+00:00,79061.0,79122.0,78836.0,78890.0,351.94049,9892
2026-04-27 05:00:00+00:00,78891.0,78906.0,77549.0,77756.0,3622.61119,44656
2026-04-27 06:00:00+00:00,77756.0,77848.0,77436.0,77673.0,1171.44444,19730
2026-04-27 07:00:00+00:00,77673.0,77713.0,77536.0,77568.0,561.44853,12098
2026-04-27 08:00:00+00:00,77569.0,77793.0,77517.0,77773.0,604.27003,13652
2026-04-27 09:00:00+00:00,77774.0,77949.0,77673.0,77866.0,819.88313,13501
2026-04-27 10:00:00+00:00,77866.0,77911.0,77749.0,77813.0,256.14811,8121
2026-04-27 11:00:00+00:00,77812.0,77854.0,77701.0,77814.0,378.23774,8003
2026-04-27 12:00:00+00:00,77814.0,77849.0,77578.0,77635.0,943.53482,13340
2026-04-27 13:00:00+00:00,77635.0,77926.0,77528.0,77709.0,1656.49013,24108
2026-04-27 14:00:00+00:00,77710.0,78222.0,77641.0,77761.0,1572.11165,30864
2026-04-27 15:00:00+00:00,77762.0,77791.0,76516.0,76765.0,5548.18507,62201
2026-04-27 16:00:00+00:00,76765.0,76821.0,76495.0,76584.0,2008.55567,19977
2026-04-27 17:00:00+00:00,76584.0,76896.0,76584.0,76705.0,1080.20878,15617
2026-04-27 18:00:00+00:00,76701.0,76873.0,76617.0,76798.0,618.19734,11728
2026-04-27 19:00:00+00:00,76797.0,76869.0,76363.0,76822.0,1443.46649,16791
2026-04-27 20:00:00+00:00,76822.0,77015.0,76801.0,76917.0,547.90974,10112
2026-04-27 21:00:00+00:00,76918.0,76945.0,76739.0,76739.0,481.82445,27196
2026-04-27 22:00:00+00:00,76740.0,77042.0,76722.0,77028.0,493.82776,7905
2026-04-27 23:00:00+00:00,77027.0,77414.0,76972.0,77320.0,856.18618,12550
2026-04-28 00:00:00+00:00,77320.0,77440.0,77166.0,77343.0,1058.29791,14576
2026-04-28 01:00:00+00:00,77343.0,77351.0,76987.0,77042.0,994.64928,11743
2026-04-28 02:00:00+00:00,77043.0,77200.0,76627.0,76846.0,1976.34284,19923
2026-04-28 03:00:00+00:00,76845.0,76846.0,76632.0,76773.0,505.93516,9056
2026-04-28 04:00:00+00:00,76765.0,76900.0,76641.0,76848.0,1633.33958,11684
2026-04-28 05:00:00+00:00,76848.0,77109.0,76747.0,76828.0,2207.5534,13144
2026-04-28 06:00:00+00:00,76828.0,76992.0,76530.0,76657.0,1187.38196,13662
2026-04-28 07:00:00+00:00,76656.0,76883.0,76352.0,76834.0,1699.43003,17231
2026-04-28 08:00:00+00:00,76834.0,76957.0,76700.0,76815.0,410.87013,10684
2026-04-28 09:00:00+00:00,76816.0,76819.0,76440.0,76550.0,1054.86743,12575
2026-04-28 10:00:00+00:00,76550.0,76650.0,76425.0,76565.0,582.08916,10682
2026-04-28 11:00:00+00:00,76564.0,76605.0,76078.0,76193.0,1556.46092,22079
2026-04-28 12:00:00+00:00,76193.0,76382.0,76123.0,76344.0,937.55095,15316
2026-04-28 13:00:00+00:00,76344.0,76381.0,75917.0,76157.0,3031.71412,30662
2026-04-28 14:00:00+00:00,76156.0,76163.0,75649.0,75916.0,3007.96031,33000
2026-04-28 15:00:00+00:00,75917.0,76050.0,75800.0,76024.0,1402.95943,19445
2026-04-28 16:00:00+00:00,76024.0,76186.0,75852.0,76089.0,723.12982,15795
2026-04-28 17:00:00+00:00,76088.0,76239.0,75922.0,76148.0,725.46696,15322
2026-04-28 18:00:00+00:00,76148.0,76245.0,76094.0,76198.0,353.46154,10579
2026-04-28 19:00:00+00:00,76198.0,76350.0,76028.0,76294.0,469.3571,11122
2026-04-28 20:00:00+00:00,76294.0,76443.0,76293.0,76440.0,653.08798,9636
2026-04-28 21:00:00+00:00,76440.0,76451.0,76224.0,76321.0,848.46211,9265
2026-04-28 22:00:00+00:00,76321.0,76408.0,76169.0,76200.0,310.40366,7311
2026-04-28 23:00:00+00:00,76201.0,76333.0,76147.0,76297.0,156.36758,6080
2026-04-29 00:00:00+00:00,76297.0,76521.0,76231.0,76471.0,447.67487,9772
2026-04-29 01:00:00+00:00,76470.0,76585.0,76144.0,76525.0,886.80015,16179
2026-04-29 02:00:00+00:00,76526.0,76622.0,76341.0,76481.0,712.24226,12203
2026-04-29 03:00:00+00:00,76481.0,77090.0,76469.0,76945.0,1565.27334,24449
2026-04-29 04:00:00+00:00,76944.0,77414.0,76842.0,77215.0,1460.07194,20161
2026-04-29 05:00:00+00:00,77216.0,77281.0,77155.0,77246.0,752.5724,10489
2026-04-29 06:00:00+00:00,77247.0,77288.0,76888.0,76977.0,1155.93875,13760
2026-04-29 07:00:00+00:00,76981.0,77152.0,76969.0,77004.0,736.83677,10277
2026-04-29 08:00:00+00:00,77006.0,77114.0,76926.0,76995.0,691.6167,10145
2026-04-29 09:00:00+00:00,76995.0,77757.0,76919.0,77590.0,2067.3117,22946
2026-04-29 10:00:00+00:00,77591.0,77866.0,77508.0,77578.0,1428.80179,18264
2026-04-29 11:00:00+00:00,77579.0,77634.0,77436.0,77548.0,988.03537,11579
2026-04-29 12:00:00+00:00,77548.0,77549.0,76934.0,77090.0,1381.64915,19423
2026-04-29 13:00:00+00:00,77095.0,77200.0,76387.0,76747.0,2596.51692,31284
2026-04-29 14:00:00+00:00,76745.0,76828.0,76460.0,76541.0,1611.93182,20891
2026-04-29 15:00:00+00:00,76540.0,76597.0,75648.0,75867.0,2583.60022,34196
2026-04-29 16:00:00+00:00,75868.0,76091.0,75657.0,75765.0,1598.50697,23583
2026-04-29 17:00:00+00:00,75765.0,76162.0,75764.0,76140.0,2099.09012,20171
2026-04-29 18:00:00+00:00,76140.0,76226.0,74894.0,75477.0,5550.12542,53640
2026-04-29 19:00:00+00:00,75478.0,75555.0,75259.0,75528.0,1413.62831,20626
2026-04-29 20:00:00+00:00,75527.0,75827.0,75459.0,75636.0,1564.25048,20684
2026-04-29 21:00:00+00:00,75637.0,76068.0,75572.0,75891.0,993.30514,40357
2026-04-29 22:00:00+00:00,75890.0,75972.0,75766.0,75885.0,1051.96625,50956
2026-04-29 23:00:00+00:00,75885.0,75951.0,75626.0,75727.0,1300.22838,57685
2026-04-30 00:00:00+00:00,75727.0,76300.0,75610.0,76227.0,2294.07725,22786
2026-04-30 01:00:00+00:00,76226.0,76424.0,76134.0,76196.0,1969.64763,20747
2026-04-30 02:00:00+00:00,76196.0,76325.0,75429.0,75665.0,1730.81381,25786
2026-04-30 03:00:00+00:00,75665.0,75947.0,75622.0,75881.0,946.83122,13871
2026-04-30 04:00:00+00:00,75880.0,75912.0,75353.0,75457.0,665.60079,16491
2026-04-30 05:00:00+00:00,75457.0,75716.0,75286.0,75566.0,915.37745,13363
2026-04-30 06:00:00+00:00,75566.0,75827.0,75536.0,75720.0,912.19445,12699
2026-04-30 07:00:00+00:00,75719.0,76161.0,75688.0,76139.0,1098.43489,15104
2026-04-30 08:00:00+00:00,76138.0,76183.0,76009.0,76016.0,851.58732,13547
2026-04-30 09:00:00+00:00,76016.0,76321.0,75970.0,76065.0,1373.41416,18745
2026-04-30 10:00:00+00:00,76065.0,76127.0,75930.0,75990.0,499.81697,10822
2026-04-30 11:00:00+00:00,75990.0,76204.0,75834.0,76018.0,1383.98442,17879
2026-04-30 12:00:00+00:00,76019.0,76375.0,76000.0,76270.0,1262.8018,16043
2026-04-30 13:00:00+00:00,76270.0,76622.0,76071.0,76369.0,1502.63146,23534
2026-04-30 14:00:00+00:00,76368.0,76540.0,76030.0,76262.0,2353.07917,27171
2026-04-30 15:00:00+00:00,76261.0,76616.0,76114.0,76424.0,1032.87241,16506
2026-04-30 16:00:00+00:00,76423.0,76443.0,76163.0,76213.0,788.13469,11623
2026-04-30 17:00:00+00:00,76213.0,76289.0,76062.0,76200.0,605.6493,11806
2026-04-30 18:00:00+00:00,76201.0,76430.0,76159.0,76310.0,910.50394,13803
2026-04-30 19:00:00+00:00,76311.0,76478.0,76268.0,76372.0,461.09413,9188
2026-04-30 20:00:00+00:00,76371.0,76526.0,76278.0,76461.0,501.10035,12053
2026-04-30 21:00:00+00:00,76460.0,76503.0,76191.0,76201.0,699.19281,9729
2026-04-30 22:00:00+00:00,76200.0,76421.0,76155.0,76183.0,766.32623,9181
2026-04-30 23:00:00+00:00,76184.0,76336.0,76170.0,76300.0,894.19881,8364
2026-05-01 00:00:00+00:00,76300.0,76552.0,76283.0,76414.0,1021.23397,13196
2026-05-01 01:00:00+00:00,76414.0,76723.0,76404.0,76642.0,920.29735,12572
2026-05-01 02:00:00+00:00,76642.0,76699.0,76483.0,76550.0,720.36298,10399
2026-05-01 03:00:00+00:00,76551.0,77404.0,76513.0,77076.0,2056.75198,26986
2026-05-01 04:00:00+00:00,77076.0,77158.0,76932.0,77000.0,588.82983,11295
2026-05-01 05:00:00+00:00,77001.0,77153.0,76997.0,77126.0,365.59871,10503
2026-05-01 06:00:00+00:00,77126.0,77136.0,76837.0,76973.0,650.23527,12687
2026-05-01 07:00:00+00:00,76970.0,77105.0,76912.0,77095.0,472.75062,10686
2026-05-01 08:00:00+00:00,77095.0,77465.0,77005.0,77330.0,881.77325,15549
2026-05-01 09:00:00+00:00,77330.0,77345.0,77160.0,77225.0,491.91812,10834
2026-05-01 10:00:00+00:00,77224.0,77396.0,77116.0,77267.0,386.77247,12182
2026-05-01 11:00:00+00:00,77267.0,77619.0,77234.0,77425.0,1300.41214,15333
2026-05-01 12:00:00+00:00,77425.0,78137.0,77369.0,77840.0,3567.86796,38297
2026-05-01 13:00:00+00:00,77839.0,78900.0,77839.0,78684.0,4113.51306,46247
2026-05-01 14:00:00+00:00,78684.0,78826.0,78013.0,78316.0,2569.60782,35096
2026-05-01 15:00:00+00:00,78316.0,78700.0,78132.0,78414.0,2132.236,26745
2026-05-01 16:00:00+00:00,78413.0,78624.0,78117.0,78170.0,2205.47296,27530
2026-05-01 17:00:00+00:00,78170.0,78549.0,78068.0,78507.0,1224.77393,20188
2026-05-01 18:00:00+00:00,78507.0,78586.0,78330.0,78383.0,718.3011,16370
2026-05-01 19:00:00+00:00,78383.0,78497.0,78263.0,78308.0,850.72275,14851
2026-05-01 20:00:00+00:00,78307.0,78373.0,77710.0,77831.0,1412.12411,18871
2026-05-01 21:00:00+00:00,77830.0,78156.0,77805.0,78155.0,971.31379,16075
2026-05-01 22:00:00+00:00,78155.0,78370.0,78087.0,78103.0,1443.70651,36050
2026-05-01 23:00:00+00:00,78103.0,78206.0,77982.0,78189.0,577.72041,10194
2026-05-02 00:00:00+00:00,78189.0,78359.0,78127.0,78300.0,1129.88719,15193
2026-05-02 01:00:00+00:00,78300.0,78385.0,78247.0,78300.0,201.00628,9891
2026-05-02 02:00:00+00:00,78300.0,78491.0,78213.0,78323.0,450.83461,10187
2026-05-02 03:00:00+00:00,78323.0,78498.0,78190.0,78379.0,527.53772,25157
2026-05-02 04:00:00+00:00,78380.0,78413.0,78092.0,78134.0,346.61223,10044
2026-05-02 05:00:00+00:00,78134.0,78185.0,77981.0,78139.0,850.95345,10543
2026-05-02 06:00:00+00:00,78139.0,78360.0,78102.0,78300.0,738.51693,10104
2026-05-02 07:00:00+00:00,78301.0,78308.0,78169.0,78184.0,273.5564,6852
2026-05-02 08:00:00+00:00,78185.0,78319.0,78119.0,78275.0,412.33911,7896
2026-05-02 09:00:00+00:00,78275.0,78367.0,78182.0,78257.0,241.22653,6754
2026-05-02 10:00:00+00:00,78257.0,78269.0,78184.0,78215.0,292.87681,6612
2026-05-02 11:00:00+00:00,78215.0,78215.0,78061.0,78105.0,201.76097,7328
2026-05-02 12:00:00+00:00,78105.0,78226.0,78077.0,78180.0,404.81915,7837
2026-05-02 13:00:00+00:00,78181.0,78390.0,78180.0,78332.0,506.2939,9537
2026-05-02 14:00:00+00:00,78332.0,78456.0,78265.0,78387.0,514.26584,9440
2026-05-02 15:00:00+00:00,78388.0,78454.0,78328.0,78448.0,425.24885,7863
2026-05-02 16:00:00+00:00,78449.0,78545.0,78388.0,78415.0,443.30456,11357
2026-05-02 17:00:00+00:00,78416.0,78457.0,78333.0,78351.0,241.44771,8010
2026-05-02 18:00:00+00:00,78351.0,78456.0,78270.0,78433.0,366.27226,8461
2026-05-02 19:00:00+00:00,78432.0,78485.0,78411.0,78445.0,154.46274,6915
2026-05-02 20:00:00+00:00,78446.0,78452.0,78385.0,78420.0,147.49927,6501
2026-05-02 21:00:00+00:00,78421.0,79133.0,78409.0,78694.0,1558.40801,21349
2026-05-02 22:00:00+00:00,78694.0,78839.0,78570.0,78798.0,944.64361,14500
2026-05-02 23:00:00+00:00,78798.0,78798.0,78590.0,78651.0,359.34673,8985
2026-05-03 00:00:00+00:00,78651.0,78719.0,78451.0,78509.0,391.80374,12522
2026-05-03 01:00:00+00:00,78510.0,78510.0,78113.0,78204.0,949.76931,16928
2026-05-03 02:00:00+00:00,78205.0,78273.0,78071.0,78125.0,594.1362,11730
2026-05-03 03:00:00+00:00,78125.0,78184.0,78071.0,78162.0,314.06607,7668
2026-05-03 04:00:00+00:00,78163.0,78200.0,78073.0,78123.0,131.56559,6579
2026-05-03 05:00:00+00:00,78124.0,78218.0,78123.0,78212.0,207.55988,7214
2026-05-03 06:00:00+00:00,78213.0,78296.0,78032.0,78253.0,393.64621,10266
2026-05-03 07:00:00+00:00,78254.0,78415.0,78254.0,78329.0,542.18737,11309
2026-05-03 08:00:00+00:00,78329.0,78468.0,78329.0,78358.0,293.83662,9247
2026-05-03 09:00:00+00:00,78357.0,78582.0,78318.0,78500.0,329.03752,9946
2026-05-03 10:00:00+00:00,78500.0,78500.0,78367.0,78368.0,133.79432,6638
2026-05-03 11:00:00+00:00,78367.0,78806.0,78343.0,78618.0,939.02916,16933
2026-05-03 12:00:00+00:00,78618.0,78847.0,78618.0,78699.0,863.25171,14789
2026-05-03 13:00:00+00:00,78700.0,78740.0,78553.0,78636.0,695.83448,12596
2026-05-03 14:00:00+00:00,78635.0,78759.0,78576.0,78705.0,537.70675,10862
2026-05-03 15:00:00+00:00,78704.0,78774.0,78589.0,78624.0,384.63704,8627
2026-05-03 16:00:00+00:00,78623.0,78742.0,78562.0,78627.0,243.80596,9584
2026-05-03 17:00:00+00:00,78627.0,78798.0,78545.0,78698.0,388.80806,12364
2026-05-03 18:00:00+00:00,78698.0,78719.0,78590.0,78708.0,547.32169,8922
2026-05-03 19:00:00+00:00,78707.0,78816.0,78634.0,78741.0,219.00399,7396
2026-05-03 20:00:00+00:00,78740.0,79242.0,78697.0,78879.0,1532.0033,19006
2026-05-03 21:00:00+00:00,78879.0,79032.0,78614.0,78801.0,1050.89269,14370
2026-05-03 22:00:00+00:00,78801.0,79400.0,78801.0,79132.0,2899.99816,33274
2026-05-03 23:00:00+00:00,79132.0,79259.0,78443.0,78533.0,2022.66371,25049
2026-05-04 00:00:00+00:00,78533.0,78533.0,78244.0,78515.0,1329.12756,21594
2026-05-04 01:00:00+00:00,78516.0,79830.0,78368.0,79736.0,2892.2471,40964
2026-05-04 02:00:00+00:00,79737.0,80369.0,79502.0,80128.0,5942.16544,60292
2026-05-04 03:00:00+00:00,80128.0,80418.0,79870.0,80279.0,2014.49076,32986
2026-05-04 04:00:00+00:00,80279.0,80591.0,80185.0,80300.0,1483.72354,29994
2026-05-04 05:00:00+00:00,80300.0,80356.0,79903.0,79978.0,1111.00823,21063
2026-05-04 06:00:00+00:00,79977.0,80000.0,79460.0,79825.0,1243.32942,23056
2026-05-04 07:00:00+00:00,79826.0,79908.0,79639.0,79656.0,962.84627,17053
2026-05-04 08:00:00+00:00,79656.0,79781.0,79557.0,79670.0,1148.34278,18099
2026-05-04 09:00:00+00:00,79670.0,79896.0,79608.0,79801.0,670.42554,13454
2026-05-04 10:00:00+00:00,79800.0,79832.0,78156.0,78906.0,5458.24996,69680
2026-05-04 11:00:00+00:00,78907.0,79090.0,78648.0,78751.0,1300.06472,20820
2026-05-04 12:00:00+00:00,78752.0,78995.0,78677.0,78826.0,930.22217,18772
2026-05-04 13:00:00+00:00,78827.0,79085.0,78537.0,78747.0,1715.52359,28378
2026-05-04 14:00:00+00:00,78747.0,80496.0,78472.0,80156.0,4583.542,61460
2026-05-04 15:00:00+00:00,80155.0,80323.0,79244.0,79984.0,4860.27247,67561
2026-05-04 16:00:00+00:00,79985.0,80351.0,79572.0,79974.0,2987.48566,44299
2026-05-04 17:00:00+00:00,79974.0,80762.0,79974.0,80330.0,2524.83441,33792
2026-05-04 18:00:00+00:00,80331.0,80394.0,79979.0,80063.0,1876.39964,24793
2026-05-04 19:00:00+00:00,80064.0,80092.0,79841.0,79998.0,932.75718,18896
2026-05-04 20:00:00+00:00,79998.0,80105.0,79832.0,79882.0,1259.20191,16151
2026-05-04 21:00:00+00:00,79881.0,80332.0,79881.0,80214.0,834.92153,15387
2026-05-04 22:00:00+00:00,80214.0,80365.0,79996.0,80026.0,580.79287,14887
2026-05-04 23:00:00+00:00,80027.0,80027.0,79697.0,79803.0,608.06632,20800
2026-05-05 00:00:00+00:00,79803.0,80136.0,79754.0,80135.0,642.29793,16394
2026-05-05 01:00:00+00:00,80135.0,80345.0,80038.0,80297.0,688.36863,14915
2026-05-05 02:00:00+00:00,80298.0,80880.0,80259.0,80500.0,2130.80932,28015
2026-05-05 03:00:00+00:00,80500.0,81073.0,80411.0,80851.0,2608.18749,31326
2026-05-05 04:00:00+00:00,80850.0,80952.0,80678.0,80867.0,695.05905,16416
2026-05-05 05:00:00+00:00,80867.0,81294.0,80797.0,80933.0,1405.26725,23994
2026-05-05 06:00:00+00:00,80934.0,80971.0,80750.0,80944.0,829.65552,15253
2026-05-05 07:00:00+00:00,80942.0,81100.0,80796.0,80819.0,733.80801,17619
2026-05-05 08:00:00+00:00,80820.0,80870.0,80689.0,80776.0,1098.04877,17233
2026-05-05 09:00:00+00:00,80776.0,80778.0,80505.0,80550.0,664.8755,13279
2026-05-05 10:00:00+00:00,80550.0,80828.0,80504.0,80799.0,1127.98923,18014
2026-05-05 11:00:00+00:00,80798.0,81073.0,80751.0,80983.0,999.36504,22376
2026-05-05 12:00:00+00:00,80983.0,81297.0,80893.0,81249.0,1414.70072,24258
2026-05-05 13:00:00+00:00,81248.0,81680.0,81146.0,81304.0,3303.4263,44570
2026-05-05 14:00:00+00:00,81303.0,81457.0,80907.0,81285.0,1991.83337,40769
2026-05-05 15:00:00+00:00,81285.0,81659.0,81204.0,81486.0,973.03283,25737
2026-05-05 16:00:00+00:00,81486.0,81580.0,81008.0,81267.0,1868.19852,28932
2026-05-05 17:00:00+00:00,81267.0,81429.0,81191.0,81230.0,845.26503,20699
2026-05-05 18:00:00+00:00,81229.0,81572.0,81229.0,81473.0,961.0463,22180
2026-05-05 19:00:00+00:00,81474.0,81652.0,81363.0,81565.0,781.40664,20171
2026-05-05 20:00:00+00:00,81564.0,81767.0,81465.0,81611.0,1604.45979,25284
2026-05-05 21:00:00+00:00,81611.0,81758.0,81267.0,81362.0,1480.15419,25326
2026-05-05 22:00:00+00:00,81362.0,81587.0,80750.0,81081.0,3327.0724,38810
2026-05-05 23:00:00+00:00,81081.0,81185.0,80749.0,80862.0,1843.97453,26560
2026-05-06 00:00:00+00:00,80863.0,81233.0,80711.0,80991.0,2168.77827,31257
2026-05-06 01:00:00+00:00,80991.0,81485.0,80949.0,81400.0,1104.03881,22758
2026-05-06 02:00:00+00:00,81399.0,81403.0,81010.0,81331.0,1111.61768,20347
2026-05-06 03:00:00+00:00,81332.0,81718.0,81323.0,81547.0,1114.42547,23467
2026-05-06 04:00:00+00:00,81547.0,81607.0,81234.0,81294.0,683.15271,20540
2026-05-06 05:00:00+00:00,81294.0,81312.0,81030.0,81291.0,731.84277,19908
2026-05-06 06:00:00+00:00,81291.0,81498.0,81171.0,81453.0,1288.30257,22435
2026-05-06 07:00:00+00:00,81454.0,81587.0,81279.0,81343.0,783.06441,19702
2026-05-06 08:00:00+00:00,81343.0,81972.0,81297.0,81900.0,1967.74279,31733
2026-05-06 09:00:00+00:00,81899.0,82047.0,81627.0,81961.0,3220.4442,31337
2026-05-06 10:00:00+00:00,81962.0,82369.0,81928.0,82259.0,2317.43096,32193
2026-05-06 11:00:00+00:00,82259.0,82799.0,82229.0,82479.0,2746.28241,38163
2026-05-06 12:00:00+00:00,82480.0,82497.0,82139.0,82190.0,2001.29275,26731
2026-05-06 13:00:00+00:00,82190.0,82190.0,81568.0,81642.0,2876.58356,38734
2026-05-06 14:00:00+00:00,81635.0,81977.0,81088.0,81495.0,3025.90611,50172
2026-05-06 15:00:00+00:00,81495.0,81799.0,81289.0,81680.0,1397.3809,29845
2026-05-06 16:00:00+00:00,81679.0,81866.0,81398.0,81592.0,1362.86141,27291
2026-05-06 17:00:00+00:00,81592.0,81668.0,81351.0,81408.0,859.94132,21307
2026-05-06 18:00:00+00:00,81407.0,81518.0,81219.0,81310.0,589.67389,20225
2026-05-06 19:00:00+00:00,81309.0,81487.0,81144.0,81430.0,838.28071,19493
2026-05-06 20:00:00+00:00,81430.0,81654.0,81257.0,81375.0,719.34568,17800
2026-05-06 21:00:00+00:00,81376.0,81586.0,81259.0,81505.0,361.80645,14397
2026-05-06 22:00:00+00:00,81505.0,81510.0,81195.0,81304.0,564.52493,16129
2026-05-06 23:00:00+00:00,81304.0,81419.0,80888.0,81401.0,1504.76615,20072
2026-05-07 00:00:00+00:00,81402.0,81457.0,80935.0,80982.0,1189.41335,22722
2026-05-07 01:00:00+00:00,80982.0,81258.0,80797.0,81135.0,2060.31306,29893
2026-05-07 02:00:00+00:00,81135.0,81141.0,80850.0,81090.0,1152.49861,22157
2026-05-07 03:00:00+00:00,81089.0,81090.0,80780.0,80798.0,803.09514,18226
2026-05-07 04:00:00+00:00,80797.0,80953.0,80700.0,80953.0,1471.76121,22452
2026-05-07 05:00:00+00:00,80952.0,81139.0,80948.0,81056.0,782.39359,19009
2026-05-07 06:00:00+00:00,81055.0,81386.0,80834.0,81385.0,823.06657,21315
2026-05-07 07:00:00+00:00,81385.0,81675.0,81349.0,81480.0,1356.8172,21857
2026-05-07 08:00:00+00:00,81480.0,81553.0,81160.0,81184.0,775.95953,21671
2026-05-07 09:00:00+00:00,81186.0,81187.0,80814.0,80890.0,1196.87375,23721
2026-05-07 10:00:00+00:00,80890.0,80950.0,80526.0,80820.0,1482.00495,26839
2026-05-07 11:00:00+00:00,80819.0,81000.0,80748.0,80826.0,715.35531,18401
2026-05-07 12:00:00+00:00,80825.0,81148.0,80804.0,81132.0,791.90239,18913
2026-05-07 13:00:00+00:00,81131.0,81132.0,80229.0,80474.0,1857.67336,35502
2026-05-07 14:00:00+00:00,80473.0,80657.0,80000.0,80137.0,2304.17586,40971
2026-05-07 15:00:00+00:00,80136.0,80233.0,79720.0,79868.0,3831.1282,39659
2026-05-07 16:00:00+00:00,79868.0,80004.0,79674.0,79768.0,1756.06945,26789
2026-05-07 17:00:00+00:00,79769.0,80135.0,79500.0,80084.0,1787.38002,27026
2026-05-07 18:00:00+00:00,80084.0,80257.0,79969.0,80178.0,1384.12145,21419
2026-05-07 19:00:00+00:00,80178.0,80198.0,79919.0,80107.0,404.69767,12772
2026-05-07 20:00:00+00:00,80110.0,80343.0,79818.0,79843.0,1383.6492,16461
2026-05-07 21:00:00+00:00,79844.0,79912.0,79619.0,79692.0,1643.24702,17892
2026-05-07 22:00:00+00:00,79691.0,79971.0,79550.0,79900.0,1407.47585,18727
2026-05-07 23:00:00+00:00,79901.0,80058.0,79840.0,79992.0,516.19261,10931
2026-05-08 00:00:00+00:00,79991.0,80100.0,79711.0,79805.0,613.99228,12828
2026-05-08 01:00:00+00:00,79806.0,79880.0,79575.0,79699.0,1356.72481,14363
2026-05-08 02:00:00+00:00,79699.0,79700.0,79296.0,79457.0,1595.78569,21356
2026-05-08 03:00:00+00:00,79457.0,79645.0,79176.0,79543.0,1005.30016,14854
2026-05-08 04:00:00+00:00,79543.0,79706.0,79510.0,79625.0,743.50294,10109
2026-05-08 05:00:00+00:00,79625.0,79752.0,79562.0,79581.0,445.31423,8792
2026-05-08 06:00:00+00:00,79580.0,79619.0,79376.0,79483.0,495.62677,11186
2026-05-08 07:00:00+00:00,79484.0,79712.0,79220.0,79669.0,1324.70615,14752
2026-05-08 08:00:00+00:00,79670.0,79963.0,79649.0,79864.0,1073.89408,13643
2026-05-08 09:00:00+00:00,79865.0,80025.0,79757.0,79840.0,1172.98525,11735
2026-05-08 10:00:00+00:00,79841.0,80217.0,79754.0,80182.0,881.33032,15970
2026-05-08 11:00:00+00:00,80182.0,80300.0,80093.0,80189.0,2210.90945,18276
2026-05-08 12:00:00+00:00,80190.0,80485.0,79950.0,80003.0,1519.78416,20239
2026-05-08 13:00:00+00:00,80003.0,80066.0,79507.0,79613.0,1909.49684,29979
2026-05-08 14:00:00+00:00,79614.0,80406.0,79613.0,80107.0,2517.19909,35607
2026-05-08 15:00:00+00:00,80107.0,80168.0,79576.0,80093.0,1875.01219,26182
2026-05-08 16:00:00+00:00,80094.0,80147.0,79700.0,79770.0,1365.49639,17028
2026-05-08 17:00:00+00:00,79771.0,80232.0,79693.0,80041.0,1581.89765,21774
2026-05-08 18:00:00+00:00,80042.0,80276.0,80040.0,80041.0,862.71222,16062
2026-05-08 19:00:00+00:00,80041.0,80152.0,79912.0,80141.0,465.25338,11654
2026-05-08 20:00:00+00:00,80141.0,80270.0,80043.0,80097.0,830.25854,10437
2026-05-08 21:00:00+00:00,80098.0,80236.0,80074.0,80231.0,471.14062,7840
2026-05-08 22:00:00+00:00,80232.0,80382.0,80214.0,80245.0,1118.78507,11296
2026-05-08 23:00:00+00:00,80245.0,80260.0,80066.0,80152.0,373.80073,6862
2026-05-09 00:00:00+00:00,80153.0,80210.0,80087.0,80203.0,264.36044,6811
2026-05-09 01:00:00+00:00,80204.0,80418.0,80200.0,80301.0,459.19753,8892
2026-05-09 02:00:00+00:00,80300.0,80466.0,80300.0,80387.0,531.80249,9387
2026-05-09 03:00:00+00:00,80387.0,80514.0,80280.0,80354.0,337.95562,8758
2026-05-09 04:00:00+00:00,80354.0,80600.0,80333.0,80347.0,773.0718,10972
2026-05-09 05:00:00+00:00,80347.0,80463.0,80320.0,80356.0,589.78381,7548
2026-05-09 06:00:00+00:00,80355.0,80411.0,80160.0,80227.0,525.95758,9650
2026-05-09 07:00:00+00:00,80227.0,80265.0,80107.0,80187.0,378.04193,8975
2026-05-09 08:00:00+00:00,80187.0,80416.0,80179.0,80371.0,375.86316,8918
2026-05-09 09:00:00+00:00,80370.0,80375.0,80168.0,80193.0,338.92547,7476
2026-05-09 10:00:00+00:00,80192.0,80298.0,80128.0,80222.0,499.54264,8651
2026-05-09 11:00:00+00:00,80222.0,80328.0,80213.0,80310.0,352.103,7134
2026-05-09 12:00:00+00:00,80310.0,80391.0,80223.0,80368.0,549.72437,7986
2026-05-09 13:00:00+00:00,80368.0,80379.0,80272.0,80352.0,202.58212,6731
2026-05-09 14:00:00+00:00,80352.0,80389.0,80203.0,80299.0,911.09106,12835
2026-05-09 15:00:00+00:00,80299.0,80566.0,80193.0,80480.0,1396.38131,12138
2026-05-09 16:00:00+00:00,80480.0,80732.0,80448.0,80576.0,1080.33399,15845
2026-05-09 17:00:00+00:00,80576.0,80879.0,80576.0,80757.0,812.67716,15744
2026-05-09 18:00:00+00:00,80757.0,81038.0,80734.0,80859.0,725.87499,14380
2026-05-09 19:00:00+00:00,80859.0,80921.0,80732.0,80895.0,396.97718,9377
2026-05-09 20:00:00+00:00,80894.0,80897.0,80689.0,80755.0,223.05969,7577
2026-05-09 21:00:00+00:00,80755.0,80860.0,80700.0,80728.0,217.74366,6874
2026-05-09 22:00:00+00:00,80727.0,80784.0,80616.0,80727.0,271.13129,6942
2026-05-09 23:00:00+00:00,80727.0,80801.0,80577.0,80620.0,378.17019,6946
2026-05-10 00:00:00+00:00,80619.0,80734.0,80580.0,80631.0,473.71024,8512
2026-05-10 01:00:00+00:00,80630.0,80655.0,80519.0,80653.0,434.93906,8932
2026-05-10 02:00:00+00:00,80653.0,80754.0,80570.0,80744.0,244.61035,6924
2026-05-10 03:00:00+00:00,80745.0,80855.0,80683.0,80742.0,211.97424,5779
2026-05-10 04:00:00+00:00,80742.0,80804.0,80700.0,80724.0,142.79838,4867
2026-05-10 05:00:00+00:00,80724.0,80779.0,80635.0,80656.0,256.84011,7040
2026-05-10 06:00:00+00:00,80657.0,80720.0,80604.0,80696.0,256.01858,5367
2026-05-10 07:00:00+00:00,80696.0,80766.0,80686.0,80700.0,83.92893,4610
2026-05-10 08:00:00+00:00,80701.0,80887.0,80681.0,80811.0,840.80212,8091
2026-05-10 09:00:00+00:00,80812.0,80889.0,80720.0,80770.0,174.41301,4930
2026-05-10 10:00:00+00:00,80770.0,80864.0,80682.0,80862.0,290.93759,6442
2026-05-10 11:00:00+00:00,80863.0,80949.0,80718.0,80799.0,217.11646,6885
2026-05-10 12:00:00+00:00,80799.0,80931.0,80766.0,80907.0,214.02995,5790
2026-05-10 13:00:00+00:00,80907.0,80986.0,80837.0,80946.0,250.81815,7417
2026-05-10 14:00:00+00:00,80946.0,80972.0,80788.0,80952.0,465.95505,10733
2026-05-10 15:00:00+00:00,80952.0,81400.0,80897.0,81375.0,2801.44807,20214
2026-05-10 16:00:00+00:00,81376.0,81463.0,81149.0,81335.0,1092.50175,15515
2026-05-10 17:00:00+00:00,81335.0,81567.0,81180.0,81421.0,903.20113,14324
2026-05-10 18:00:00+00:00,81421.0,81454.0,81180.0,81215.0,895.85001,13537
2026-05-10 19:00:00+00:00,81215.0,81440.0,81082.0,81381.0,624.10327,12020
2026-05-10 20:00:00+00:00,81381.0,81415.0,80203.0,80696.0,3383.91308,34522
2026-05-10 21:00:00+00:00,80696.0,80912.0,80521.0,80675.0,793.19743,19950
2026-05-10 22:00:00+00:00,80674.0,82140.0,80619.0,82000.0,3233.47163,49774
2026-05-10 23:00:00+00:00,82000.0,82436.0,82000.0,82164.0,1938.68561,33375
2026-05-11 00:00:00+00:00,82165.0,82344.0,81250.0,81441.0,1993.40619,32930
2026-05-11 01:00:00+00:00,81442.0,81711.0,81250.0,81465.0,1286.7684,19330
2026-05-11 02:00:00+00:00,81464.0,81530.0,81079.0,81146.0,959.75423,16322
2026-05-11 03:00:00+00:00,81145.0,81158.0,80491.0,80720.0,1886.30997,25865
2026-05-11 04:00:00+00:00,80719.0,80854.0,80621.0,80797.0,601.42179,11967
2026-05-11 05:00:00+00:00,80797.0,80957.0,80732.0,80814.0,414.73938,10182
2026-05-11 06:00:00+00:00,80814.0,81032.0,80733.0,80798.0,488.31426,11703
2026-05-11 07:00:00+00:00,80798.0,80824.0,80656.0,80715.0,590.90592,10613
2026-05-11 08:00:00+00:00,80715.0,80845.0,80592.0,80744.0,511.40026,11423
2026-05-11 09:00:00+00:00,80742.0,80989.0,80730.0,80936.0,358.35108,9865
2026-05-11 10:00:00+00:00,80935.0,81185.0,80909.0,80909.0,1285.24694,14522
2026-05-11 11:00:00+00:00,80910.0,81164.0,80871.0,81162.0,876.50738,10745
2026-05-11 12:00:00+00:00,81164.0,81327.0,81000.0,81011.0,1378.8576,16595
2026-05-11 13:00:00+00:00,81012.0,81295.0,80710.0,81034.0,1641.73535,26515
2026-05-11 14:00:00+00:00,81034.0,81216.0,80401.0,80917.0,2377.16068,32931
2026-05-11 15:00:00+00:00,80917.0,81414.0,80788.0,81405.0,1701.97234,24081
2026-05-11 16:00:00+00:00,81405.0,81857.0,81311.0,81535.0,1901.58807,27500
2026-05-11 17:00:00+00:00,81536.0,81999.0,81311.0,81894.0,1986.02077,23083
2026-05-11 18:00:00+00:00,81894.0,82087.0,81788.0,81811.0,1651.91916,18525
2026-05-11 19:00:00+00:00,81811.0,82053.0,81691.0,81906.0,877.76299,14450
2026-05-11 20:00:00+00:00,81907.0,82039.0,81706.0,81775.0,1034.15297,12900
2026-05-11 21:00:00+00:00,81776.0,81855.0,81550.0,81772.0,898.47325,11347
2026-05-11 22:00:00+00:00,81772.0,81927.0,81684.0,81794.0,540.64884,10472
2026-05-11 23:00:00+00:00,81795.0,81795.0,81577.0,81703.0,487.14862,7313
2026-05-12 00:00:00+00:00,81704.0,81747.0,81436.0,81506.0,699.90276,11953
2026-05-12 01:00:00+00:00,81506.0,81577.0,80700.0,81173.0,2414.81392,27369
2026-05-12 02:00:00+00:00,81173.0,81301.0,81043.0,81216.0,988.98954,11128
2026-05-12 03:00:00+00:00,81217.0,81267.0,81000.0,81025.0,284.75483,8119
2026-05-12 04:00:00+00:00,81026.0,81295.0,80974.0,81190.0,718.3507,9040
2026-05-12 05:00:00+00:00,81191.0,81282.0,81159.0,81194.0,268.34186,7282
2026-05-12 06:00:00+00:00,81194.0,81278.0,80983.0,80991.0,295.69276,7206
2026-05-12 07:00:00+00:00,80991.0,81105.0,80795.0,80843.0,568.64984,12109
2026-05-12 08:00:00+00:00,80843.0,80927.0,80728.0,80812.0,559.91854,11087
2026-05-12 09:00:00+00:00,80812.0,80930.0,80676.0,80806.0,811.33064,12753
2026-05-12 10:00:00+00:00,80806.0,80807.0,80592.0,80628.0,498.71953,10313
2026-05-12 11:00:00+00:00,80628.0,80750.0,80475.0,80750.0,734.21046,12139
2026-05-12 12:00:00+00:00,80750.0,80975.0,80578.0,80854.0,1517.62088,17866
2026-05-12 13:00:00+00:00,80855.0,80893.0,80363.0,80422.0,1151.66935,22708
2026-05-12 14:00:00+00:00,80422.0,80847.0,80355.0,80510.0,2475.02439,28647
2026-05-12 15:00:00+00:00,80511.0,80642.0,80153.0,80301.0,2195.7466,26766
2026-05-12 16:00:00+00:00,80301.0,80402.0,79804.0,79967.0,1654.73668,24442
2026-05-12 17:00:00+00:00,79967.0,80547.0,79920.0,80482.0,1282.18183,18073
2026-05-12 18:00:00+00:00,80482.0,80732.0,80399.0,80637.0,1117.17298,14486
2026-05-12 19:00:00+00:00,80638.0,80830.0,80637.0,80802.0,577.47453,12205
2026-05-12 20:00:00+00:00,80802.0,80843.0,80591.0,80654.0,727.83938,9398
2026-05-12 21:00:00+00:00,80653.0,80701.0,80454.0,80543.0,499.07663,8349
2026-05-12 22:00:00+00:00,80543.0,80759.0,80543.0,80607.0,341.75446,8368
2026-05-12 23:00:00+00:00,80608.0,80678.0,80389.0,80459.0,230.22851,7601
2026-05-13 00:00:00+00:00,80459.0,80731.0,80372.0,80673.0,402.27166,10972
2026-05-13 01:00:00+00:00,80674.0,81158.0,80640.0,80957.0,867.79665,17116
2026-05-13 02:00:00+00:00,80957.0,81235.0,80889.0,81017.0,443.91504,10925
2026-05-13 03:00:00+00:00,81018.0,81268.0,80946.0,81222.0,797.60768,13211
2026-05-13 04:00:00+00:00,81222.0,81254.0,81095.0,81203.0,376.94427,8484
2026-05-13 05:00:00+00:00,81203.0,81221.0,80961.0,80979.0,293.16211,7312
2026-05-13 06:00:00+00:00,80980.0,81122.0,80921.0,80939.0,505.60519,7887
2026-05-13 07:00:00+00:00,80940.0,81005.0,80849.0,80988.0,321.37375,9761
2026-05-13 08:00:00+00:00,80987.0,81182.0,80912.0,81159.0,404.27469,11118
2026-05-13 09:00:00+00:00,81160.0,81271.0,81083.0,81256.0,471.53287,9743
2026-05-13 10:00:00+00:00,81257.0,81264.0,80758.0,80767.0,1029.36365,13684
2026-05-13 11:00:00+00:00,80767.0,80796.0,80433.0,80459.0,1292.76677,16940
2026-05-13 12:00:00+00:00,80459.0,80554.0,79810.0,80165.0,2280.79061,31913
2026-05-13 13:00:00+00:00,80166.0,80299.0,79529.0,79620.0,2484.17334,33166
2026-05-13 14:00:00+00:00,79621.0,79875.0,79450.0,79725.0,1946.67129,26015
2026-05-13 15:00:00+00:00,79725.0,79826.0,78800.0,78801.0,3543.02024,32773
2026-05-13 16:00:00+00:00,78800.0,79204.0,78735.0,79086.0,2316.06289,27133
2026-05-13 17:00:00+00:00,79086.0,79547.0,79081.0,79494.0,1822.2787,15813
2026-05-13 18:00:00+00:00,79494.0,79780.0,79494.0,79571.0,912.56,15039
2026-05-13 19:00:00+00:00,79571.0,79618.0,79357.0,79611.0,893.50117,12249
2026-05-13 20:00:00+00:00,79612.0,79731.0,79588.0,79670.0,390.03622,8276
2026-05-13 21:00:00+00:00,79670.0,79676.0,79307.0,79363.0,688.22625,11442
2026-05-13 22:00:00+00:00,79363.0,79440.0,79191.0,79392.0,582.94122,11673
2026-05-13 23:00:00+00:00,79392.0,79468.0,79193.0,79283.0,400.33643,10292
2026-05-14 00:00:00+00:00,79283.0,79652.0,79282.0,79537.0,502.70138,12241
2026-05-14 01:00:00+00:00,79537.0,79656.0,79376.0,79569.0,349.57657,10130
2026-05-14 02:00:00+00:00,79569.0,79633.0,79173.0,79330.0,630.83642,11025
2026-05-14 03:00:00+00:00,79329.0,79424.0,78880.0,79000.0,1312.40271,20858
2026-05-14 04:00:00+00:00,79000.0,79435.0,78931.0,79405.0,509.33928,11433
2026-05-14 05:00:00+00:00,79405.0,79959.0,79333.0,79776.0,845.89157,16131
2026-05-14 06:00:00+00:00,79776.0,79908.0,79717.0,79765.0,547.4299,11527
2026-05-14 07:00:00+00:00,79764.0,79904.0,79652.0,79702.0,563.28738,12144
2026-05-14 08:00:00+00:00,79701.0,79900.0,79594.0,79781.0,345.8476,11965
2026-05-14 09:00:00+00:00,79780.0,79867.0,79541.0,79600.0,519.42738,11059
2026-05-14 10:00:00+00:00,79600.0,79734.0,79360.0,79529.0,1617.36308,16411
2026-05-14 11:00:00+00:00,79529.0,79562.0,79176.0,79208.0,1129.08255,17644
2026-05-14 12:00:00+00:00,79207.0,79750.0,79200.0,79732.0,1273.25996,15676
2026-05-14 13:00:00+00:00,79732.0,80022.0,79644.0,79672.0,2208.46559,28283
2026-05-14 14:00:00+00:00,79673.0,80995.0,79520.0,80933.0,5297.54095,49453
2026-05-14 15:00:00+00:00,80933.0,81297.0,80769.0,81264.0,2335.31178,33164
2026-05-14 16:00:00+00:00,81264.0,81850.0,81026.0,81838.0,5882.78042,43847
2026-05-14 17:00:00+00:00,81839.0,81992.0,81225.0,81616.0,4497.17693,41767
2026-05-14 18:00:00+00:00,81617.0,81899.0,81387.0,81535.0,1244.21998,21632
2026-05-14 19:00:00+00:00,81535.0,81662.0,81272.0,81368.0,1027.86397,18421
2026-05-14 20:00:00+00:00,81369.0,81538.0,81107.0,81360.0,1561.16132,19346
2026-05-14 21:00:00+00:00,81360.0,81471.0,81211.0,81354.0,666.3381,12070
2026-05-14 22:00:00+00:00,81353.0,81515.0,81284.0,81408.0,654.17096,10623
2026-05-14 23:00:00+00:00,81408.0,81408.0,81015.0,81044.0,869.50617,11284
2026-05-15 00:00:00+00:00,81044.0,81623.0,81026.0,81475.0,1043.53824,19514
2026-05-15 01:00:00+00:00,81473.0,81578.0,81067.0,81088.0,845.11588,16938
2026-05-15 02:00:00+00:00,81088.0,81323.0,80709.0,81260.0,1770.51086,26715
2026-05-15 03:00:00+00:00,81260.0,81312.0,80886.0,81015.0,547.85736,12319
2026-05-15 04:00:00+00:00,81016.0,81064.0,80661.0,80681.0,448.30535,11613
2026-05-15 05:00:00+00:00,80682.0,80846.0,80279.0,80324.0,1235.95914,22718
2026-05-15 06:00:00+00:00,80324.0,80595.0,80274.0,80543.0,1161.8811,14434
2026-05-15 07:00:00+00:00,80542.0,80973.0,80530.0,80782.0,908.0715,13491
2026-05-15 08:00:00+00:00,80783.0,80793.0,80363.0,80603.0,918.0097,14515
2026-05-15 09:00:00+00:00,80603.0,80637.0,80319.0,80441.0,599.41315,12350
2026-05-15 10:00:00+00:00,80442.0,80741.0,80362.0,80674.0,573.5384,11864
2026-05-15 11:00:00+00:00,80674.0,80722.0,80551.0,80591.0,362.49512,8651
2026-05-15 12:00:00+00:00,80590.0,80598.0,80291.0,80329.0,1174.50415,14958
2026-05-15 13:00:00+00:00,80329.0,80329.0,78648.0,78715.0,6350.03674,55013
2026-05-15 14:00:00+00:00,78715.0,79300.0,78608.0,79127.0,4720.004,43955
2026-05-15 15:00:00+00:00,79127.0,79338.0,79000.0,79118.0,1121.34811,18688
2026-05-15 16:00:00+00:00,79119.0,79348.0,79097.0,79262.0,829.14955,14570
2026-05-15 17:00:00+00:00,79262.0,79464.0,79187.0,79430.0,749.77572,12691
2026-05-15 18:00:00+00:00,79429.0,79518.0,79131.0,79247.0,942.02779,13891
2026-05-15 19:00:00+00:00,79247.0,79249.0,79021.0,79100.0,719.6792,12137
2026-05-15 20:00:00+00:00,79100.0,79174.0,78949.0,79074.0,1180.8943,10414
2026-05-15 21:00:00+00:00,79073.0,79153.0,78824.0,78921.0,606.44839,8326
2026-05-15 22:00:00+00:00,78921.0,79107.0,78921.0,79068.0,323.12764,6557
2026-05-15 23:00:00+00:00,79067.0,79108.0,79033.0,79063.0,504.7548,5075
2026-05-16 00:00:00+00:00,79062.0,79177.0,79025.0,79053.0,407.30517,6866
2026-05-16 01:00:00+00:00,79053.0,79141.0,78955.0,79122.0,476.5564,8243
2026-05-16 02:00:00+00:00,79122.0,79169.0,79019.0,79109.0,409.3673,6814
2026-05-16 03:00:00+00:00,79110.0,79147.0,79009.0,79048.0,507.06967,5519
2026-05-16 04:00:00+00:00,79048.0,79076.0,78806.0,78990.0,1002.99628,8057
2026-05-16 05:00:00+00:00,78990.0,78992.0,78871.0,78984.0,345.47709,4796
2026-05-16 06:00:00+00:00,78984.0,79000.0,78359.0,78583.0,1839.88842,16313
2026-05-16 07:00:00+00:00,78583.0,78583.0,78000.0,78331.0,2868.99668,26344
2026-05-16 08:00:00+00:00,78332.0,78487.0,78282.0,78376.0,677.83256,10121
2026-05-16 09:00:00+00:00,78376.0,78393.0,77852.0,78043.0,2049.77956,21624
2026-05-16 10:00:00+00:00,78044.0,78055.0,77600.0,77915.0,2033.84035,21527
2026-05-16 11:00:00+00:00,77915.0,78132.0,77915.0,78034.0,845.70845,9690
2026-05-16 12:00:00+00:00,78035.0,78071.0,77873.0,77967.0,625.2347,8776
2026-05-16 13:00:00+00:00,77966.0,77972.0,77795.0,77972.0,661.82186,8910
2026-05-16 14:00:00+00:00,77971.0,78297.0,77851.0,78096.0,1885.6381,14720
2026-05-16 15:00:00+00:00,78096.0,78258.0,78044.0,78198.0,454.21725,7552
2026-05-16 16:00:00+00:00,78198.0,78336.0,78093.0,78159.0,1178.71566,9720
2026-05-16 17:00:00+00:00,78159.0,78282.0,78159.0,78175.0,283.51232,5238
2026-05-16 18:00:00+00:00,78176.0,78294.0,78112.0,78198.0,411.7755,6203
2026-05-16 19:00:00+00:00,78199.0,78270.0,78166.0,78226.0,187.76811,3952
2026-05-16 20:00:00+00:00,78226.0,78265.0,78166.0,78216.0,289.74462,4128
2026-05-16 21:00:00+00:00,78216.0,78264.0,78180.0,78223.0,211.06983,4009
2026-05-16 22:00:00+00:00,78222.0,78244.0,78138.0,78151.0,161.98405,4073
2026-05-16 23:00:00+00:00,78150.0,78240.0,78079.0,78104.0,423.05868,4989
2026-05-17 00:00:00+00:00,78104.0,78200.0,77751.0,77903.0,904.26921,9168
2026-05-17 01:00:00+00:00,77903.0,78064.0,77676.0,77697.0,1185.49236,13810
2026-05-17 02:00:00+00:00,77697.0,77906.0,77690.0,77857.0,663.10568,8196
2026-05-17 03:00:00+00:00,77857.0,78045.0,77843.0,77989.0,415.99906,6553
2026-05-17 04:00:00+00:00,77988.0,78169.0,77962.0,78120.0,571.9456,7118
2026-05-17 05:00:00+00:00,78120.0,78264.0,78072.0,78082.0,453.9689,6190
2026-05-17 06:00:00+00:00,78083.0,78167.0,77971.0,78064.0,610.34341,6342
2026-05-17 07:00:00+00:00,78064.0,78164.0,78024.0,78138.0,329.3929,5252
2026-05-17 08:00:00+00:00,78138.0,78158.0,77983.0,78050.0,298.28586,5873
2026-05-17 09:00:00+00:00,78050.0,78266.0,78041.0,78211.0,294.93415,5358
2026-05-17 10:00:00+00:00,78211.0,78562.0,78210.0,78428.0,1080.96118,13808
2026-05-17 11:00:00+00:00,78428.0,78440.0,78256.0,78369.0,744.08752,8057
2026-05-17 12:00:00+00:00,78370.0,78519.0,78297.0,78324.0,606.48796,7905
2026-05-17 13:00:00+00:00,78325.0,78325.0,78113.0,78164.0,470.47952,8707
2026-05-17 14:00:00+00:00,78164.0,78171.0,77796.0,78012.0,774.27782,16404
2026-05-17 15:00:00+00:00,78012.0,78075.0,77886.0,78015.0,428.30037,7829
2026-05-17 16:00:00+00:00,78015.0,78141.0,77988.0,77989.0,322.75225,6676
2026-05-17 17:00:00+00:00,77989.0,78050.0,77812.0,78050.0,776.75624,9763
2026-05-17 18:00:00+00:00,78050.0,78245.0,77966.0,78237.0,604.05155,9304
2026-05-17 19:00:00+00:00,78237.0,78444.0,78184.0,78381.0,894.4772,9998
2026-05-17 20:00:00+00:00,78382.0,78405.0,78212.0,78247.0,885.03332,10508
2026-05-17 21:00:00+00:00,78248.0,78450.0,78195.0,78368.0,437.54359,10286
2026-05-17 22:00:00+00:00,78368.0,78378.0,77781.0,77967.0,1708.42278,24351
2026-05-17 23:00:00+00:00,77966.0,77967.0,76700.0,77431.0,4307.59185,45443
2026-05-18 00:00:00+00:00,77430.0,77448.0,76876.0,77175.0,1923.50575,33569
2026-05-18 01:00:00+00:00,77174.0,77257.0,76712.0,77076.0,1317.31917,29300
2026-05-18 02:00:00+00:00,77076.0,77190.0,76667.0,76797.0,1519.44017,21181
2026-05-18 03:00:00+00:00,76797.0,76985.0,76771.0,76897.0,565.96609,15109
2026-05-18 04:00:00+00:00,76896.0,77046.0,76744.0,77010.0,625.90873,12207
2026-05-18 05:00:00+00:00,77010.0,77049.0,76843.0,76879.0,543.9772,11646
2026-05-18 06:00:00+00:00,76878.0,76934.0,76552.0,76879.0,848.00382,16669
2026-05-18 07:00:00+00:00,76878.0,77048.0,76734.0,77039.0,616.23301,13674
2026-05-18 08:00:00+00:00,77039.0,77142.0,76840.0,76997.0,562.25594,13362
2026-05-18 09:00:00+00:00,76996.0,77016.0,76836.0,76903.0,212.91589,8349
2026-05-18 10:00:00+00:00,76902.0,76914.0,76674.0,76730.0,613.00823,12318
2026-05-18 11:00:00+00:00,76730.0,77374.0,76631.0,77253.0,1255.73582,20256
2026-05-18 12:00:00+00:00,77254.0,77754.0,77249.0,77596.0,2133.81941,31002
2026-05-18 13:00:00+00:00,77598.0,77607.0,76659.0,76903.0,2802.90238,38835
2026-05-18 14:00:00+00:00,76904.0,76922.0,76200.0,76359.0,2796.68786,38731
2026-05-18 15:00:00+00:00,76360.0,76461.0,76037.0,76394.0,2886.09219,32175
2026-05-18 16:00:00+00:00,76393.0,76638.0,76171.0,76385.0,1457.28024,22842
2026-05-18 17:00:00+00:00,76385.0,76739.0,76349.0,76683.0,1034.78901,16580
2026-05-18 18:00:00+00:00,76683.0,76683.0,76122.0,76222.0,1048.59252,19581
2026-05-18 19:00:00+00:00,76222.0,76977.0,76204.0,76882.0,2469.99344,29225
2026-05-18 20:00:00+00:00,76882.0,77167.0,76857.0,76876.0,1825.62958,18409
2026-05-18 21:00:00+00:00,76877.0,77161.0,76763.0,77082.0,928.85388,14170
2026-05-18 22:00:00+00:00,77082.0,77213.0,76921.0,77058.0,792.79454,13031
2026-05-18 23:00:00+00:00,77058.0,77138.0,76921.0,76984.0,280.53411,7575
2026-05-19 00:00:00+00:00,76984.0,77399.0,76933.0,77123.0,1077.06943,16930
2026-05-19 01:00:00+00:00,77123.0,77137.0,76634.0,76635.0,1528.06105,18977
2026-05-19 02:00:00+00:00,76635.0,76974.0,76443.0,76594.0,919.00019,16046
2026-05-19 03:00:00+00:00,76594.0,76841.0,76553.0,76756.0,306.77566,9517
2026-05-19 04:00:00+00:00,76757.0,76927.0,76676.0,76905.0,658.64712,10165
2026-05-19 05:00:00+00:00,76905.0,77003.0,76620.0,76886.0,371.457,10356
2026-05-19 06:00:00+00:00,76887.0,77085.0,76861.0,77004.0,209.62149,8111
2026-05-19 07:00:00+00:00,77005.0,77264.0,76944.0,77199.0,457.32525,10253
2026-05-19 08:00:00+00:00,77199.0,77291.0,76941.0,77020.0,622.07719,12550
2026-05-19 09:00:00+00:00,77020.0,77043.0,76669.0,76786.0,1019.73312,11978
2026-05-19 10:00:00+00:00,76785.0,77085.0,76679.0,77017.0,879.95497,12388
2026-05-19 11:00:00+00:00,77017.0,77061.0,76597.0,76694.0,809.16119,10063
2026-05-19 12:00:00+00:00,76694.0,76964.0,76621.0,76916.0,381.91239,8995
2026-05-19 13:00:00+00:00,76917.0,77038.0,76564.0,76846.0,1828.31542,24206
2026-05-19 14:00:00+00:00,76846.0,76984.0,76125.0,76377.0,2672.71867,37031
2026-05-19 15:00:00+00:00,76378.0,76661.0,76317.0,76489.0,1080.67162,16050
2026-05-19 16:00:00+00:00,76490.0,76906.0,76386.0,76871.0,1189.80669,15025
2026-05-19 17:00:00+00:00,76872.0,76996.0,76733.0,76827.0,841.1818,13159
2026-05-19 18:00:00+00:00,76827.0,76925.0,76715.0,76777.0,607.42936,9177
2026-05-19 19:00:00+00:00,76778.0,77055.0,76739.0,76792.0,433.39671,9968
2026-05-19 20:00:00+00:00,76792.0,77015.0,76792.0,76994.0,424.22887,7000
2026-05-19 21:00:00+00:00,76995.0,77017.0,76943.0,76956.0,312.64136,5710
2026-05-19 22:00:00+00:00,76957.0,76957.0,76612.0,76689.0,970.40917,11949
2026-05-19 23:00:00+00:00,76689.0,76954.0,76644.0,76806.0,319.4351,8026
2026-05-20 00:00:00+00:00,76807.0,76873.0,76490.0,76760.0,756.84776,15187
2026-05-20 01:00:00+00:00,76761.0,76886.0,76505.0,76784.0,824.65035,15691
2026-05-20 02:00:00+00:00,76785.0,76880.0,76570.0,76657.0,382.50392,9722
2026-05-20 03:00:00+00:00,76658.0,76803.0,76574.0,76692.0,309.25674,6518
2026-05-20 04:00:00+00:00,76693.0,76800.0,76663.0,76749.0,819.29994,6521
2026-05-20 05:00:00+00:00,76750.0,77299.0,76750.0,77173.0,962.18474,14568
2026-05-20 06:00:00+00:00,77173.0,77391.0,77165.0,77384.0,535.19445,9763
2026-05-20 07:00:00+00:00,77385.0,77441.0,77207.0,77248.0,329.68367,7714
2026-05-20 08:00:00+00:00,77249.0,77616.0,77179.0,77438.0,890.95397,11744
2026-05-20 09:00:00+00:00,77438.0,77520.0,77340.0,77456.0,413.01122,7389
2026-05-20 10:00:00+00:00,77456.0,77636.0,77455.0,77488.0,408.5365,8322
2026-05-20 11:00:00+00:00,77489.0,77542.0,77287.0,77359.0,420.94148,8109
2026-05-20 12:00:00+00:00,77359.0,77722.0,77335.0,77598.0,989.06614,11265
2026-05-20 13:00:00+00:00,77598.0,77636.0,76933.0,77185.0,1878.55543,26660
2026-05-20 14:00:00+00:00,77186.0,77547.0,76851.0,77448.0,4234.17084,30873
2026-05-20 15:00:00+00:00,77445.0,77839.0,77300.0,77439.0,3406.65698,21187
2026-05-20 16:00:00+00:00,77439.0,77544.0,77013.0,77325.0,1119.38412,17132
2026-05-20 17:00:00+00:00,77325.0,77704.0,77222.0,77555.0,915.87674,13541
2026-05-20 18:00:00+00:00,77556.0,77625.0,77375.0,77397.0,472.37807,10800
2026-05-20 19:00:00+00:00,77398.0,77706.0,77329.0,77646.0,622.17165,10279
2026-05-20 20:00:00+00:00,77646.0,77766.0,77454.0,77706.0,1958.31989,15003
2026-05-20 21:00:00+00:00,77707.0,77768.0,77489.0,77489.0,535.81585,8774
2026-05-20 22:00:00+00:00,77489.0,77489.0,77205.0,77484.0,1085.68789,12764
2026-05-20 23:00:00+00:00,77483.0,77540.0,77365.0,77533.0,343.18984,6924
2026-05-21 00:00:00+00:00,77533.0,78055.0,77500.0,77955.0,1584.11153,18304
2026-05-21 01:00:00+00:00,77955.0,78174.0,77786.0,77847.0,1544.7825,15617
2026-05-21 02:00:00+00:00,77846.0,78095.0,77809.0,77939.0,611.52669,9354
2026-05-21 03:00:00+00:00,77939.0,78085.0,77878.0,78075.0,658.13073,8135
2026-05-21 04:00:00+00:00,78074.0,78158.0,77936.0,78010.0,1093.32183,8080
2026-05-21 05:00:00+00:00,78010.0,78117.0,77700.0,77801.0,785.86793,8191
2026-05-21 06:00:00+00:00,77800.0,77851.0,77480.0,77585.0,1057.12325,8660
2026-05-21 07:00:00+00:00,77585.0,77874.0,77476.0,77853.0,657.00262,9438
2026-05-21 08:00:00+00:00,77853.0,78157.0,77852.0,77888.0,1444.96476,14772
2026-05-21 09:00:00+00:00,77887.0,77950.0,77603.0,77604.0,1360.08128,9732
2026-05-21 10:00:00+00:00,77603.0,77649.0,77135.0,77158.0,2347.57511,18854
2026-05-21 11:00:00+00:00,77158.0,77346.0,77106.0,77147.0,1088.15705,11831
2026-05-21 12:00:00+00:00,77148.0,77342.0,77035.0,77253.0,890.52326,12771
2026-05-21 13:00:00+00:00,77253.0,77320.0,76700.0,77099.0,1808.08151,25930
2026-05-21 14:00:00+00:00,77099.0,77222.0,76746.0,76945.0,1274.85968,20875
2026-05-21 15:00:00+00:00,76946.0,77374.0,76867.0,77229.0,1302.59046,15901
2026-05-21 16:00:00+00:00,77230.0,77310.0,76969.0,77159.0,1260.67428,12645
2026-05-21 17:00:00+00:00,77159.0,78053.0,77144.0,77828.0,3708.54596,29763
2026-05-21 18:00:00+00:00,77828.0,77885.0,77207.0,77356.0,2597.46941,19900
2026-05-21 19:00:00+00:00,77356.0,77771.0,77332.0,77667.0,1214.62809,13284
2026-05-21 20:00:00+00:00,77667.0,77769.0,77604.0,77674.0,856.48888,8178
2026-05-21 21:00:00+00:00,77675.0,77787.0,77621.0,77641.0,642.85624,8721
2026-05-21 22:00:00+00:00,77640.0,77720.0,77516.0,77587.0,213.86077,7163
2026-05-21 23:00:00+00:00,77588.0,77724.0,77501.0,77587.0,337.01293,6881
2026-05-22 00:00:00+00:00,77587.0,77608.0,77320.0,77345.0,526.5254,9509
2026-05-22 01:00:00+00:00,77344.0,77636.0,77290.0,77581.0,557.82341,8198
2026-05-22 02:00:00+00:00,77582.0,77699.0,77555.0,77641.0,632.89768,6874
2026-05-22 03:00:00+00:00,77641.0,77779.0,77640.0,77740.0,315.44011,5131
2026-05-22 04:00:00+00:00,77739.0,77870.0,77609.0,77620.0,314.29807,5647
2026-05-22 05:00:00+00:00,77619.0,77689.0,77418.0,77446.0,430.42325,6390
2026-05-22 06:00:00+00:00,77447.0,77491.0,77340.0,77375.0,478.46793,8073
2026-05-22 07:00:00+00:00,77374.0,77505.0,77247.0,77363.0,400.84401,7223
2026-05-22 08:00:00+00:00,77363.0,77507.0,77162.0,77239.0,742.67548,11562
2026-05-22 09:00:00+00:00,77239.0,77333.0,77161.0,77285.0,739.07719,9467
2026-05-22 10:00:00+00:00,77285.0,77338.0,77241.0,77285.0,258.68583,4804
2026-05-22 11:00:00+00:00,77285.0,77406.0,77136.0,77406.0,624.82104,7755
2026-05-22 12:00:00+00:00,77406.0,77540.0,77369.0,77496.0,703.69958,9140
2026-05-22 13:00:00+00:00,77496.0,77519.0,77091.0,77262.0,1323.47217,16330
2026-05-22 14:00:00+00:00,77262.0,77262.0,76731.0,76735.0,2247.24528,24971
2026-05-22 15:00:00+00:00,76736.0,76995.0,76517.0,76770.0,2227.17905,20901
2026-05-22 16:00:00+00:00,76770.0,76970.0,76738.0,76919.0,756.68933,11138
2026-05-22 17:00:00+00:00,76919.0,77084.0,76730.0,76731.0,1006.84174,13220
2026-05-22 18:00:00+00:00,76731.0,76880.0,76051.0,76504.0,2983.07029,22028
2026-05-22 19:00:00+00:00,76504.0,76555.0,75621.0,75823.0,4668.4874,34774
2026-05-22 20:00:00+00:00,75828.0,76050.0,75782.0,75955.0,1490.67912,15497
2026-05-22 21:00:00+00:00,75955.0,76051.0,75902.0,75943.0,628.33171,8625
2026-05-22 22:00:00+00:00,75943.0,75945.0,75507.0,75707.0,1405.93219,13732
2026-05-22 23:00:00+00:00,75707.0,75846.0,75350.0,75500.0,1200.74458,15528
2026-05-23 00:00:00+00:00,75500.0,75598.0,75173.0,75331.0,1243.81627,19084
2026-05-23 01:00:00+00:00,75327.0,75474.0,75313.0,75452.0,407.59773,8527
2026-05-23 02:00:00+00:00,75452.0,75560.0,75382.0,75537.0,572.39135,8457
2026-05-23 03:00:00+00:00,75536.0,75631.0,75530.0,75602.0,418.39158,6246
2026-05-23 04:00:00+00:00,75601.0,75613.0,75472.0,75494.0,586.9731,4886
2026-05-23 05:00:00+00:00,75493.0,75519.0,75432.0,75447.0,210.93611,4283
2026-05-23 06:00:00+00:00,75447.0,75464.0,75353.0,75361.0,203.8306,5133
2026-05-23 07:00:00+00:00,75360.0,75400.0,74234.0,74568.0,4013.11669,31128
2026-05-23 08:00:00+00:00,74569.0,74700.0,74290.0,74643.0,2269.47584,22762
2026-05-23 09:00:00+00:00,74643.0,74714.0,74585.0,74610.0,533.89017,8701
2026-05-23 10:00:00+00:00,74611.0,74746.0,74611.0,74663.0,332.60276,6573
2026-05-23 11:00:00+00:00,74665.0,74831.0,74664.0,74761.0,606.04609,6468
2026-05-23 12:00:00+00:00,74761.0,74761.0,74615.0,74718.0,310.4531,5938
2026-05-23 13:00:00+00:00,74719.0,75223.0,74718.0,75172.0,1291.63197,16520
2026-05-23 14:00:00+00:00,75173.0,75664.0,75050.0,75495.0,1366.57789,21098
2026-05-23 15:00:00+00:00,75496.0,75631.0,75356.0,75478.0,901.21584,13239
2026-05-23 16:00:00+00:00,75478.0,75582.0,75370.0,75394.0,497.92866,8876
2026-05-23 17:00:00+00:00,75395.0,75476.0,75323.0,75439.0,402.84069,7792
2026-05-23 18:00:00+00:00,75439.0,75943.0,75414.0,75809.0,2103.95458,20884
2026-05-23 19:00:00+00:00,75810.0,75962.0,75735.0,75947.0,567.9038,10091
2026-05-23 20:00:00+00:00,75947.0,77266.0,75907.0,77258.0,7490.59427,53360
2026-05-23 21:00:00+00:00,77257.0,77375.0,76478.0,76769.0,4465.68001,38840
2026-05-23 22:00:00+00:00,76769.0,76858.0,76356.0,76544.0,1461.56355,17958
2026-05-23 23:00:00+00:00,76543.0,76781.0,76489.0,76712.0,955.45271,12638
2026-05-24 00:00:00+00:00,76711.0,76908.0,76600.0,76806.0,387.4282,11178
2026-05-24 01:00:00+00:00,76805.0,76887.0,76720.0,76852.0,378.09761,9147
2026-05-24 02:00:00+00:00,76851.0,76937.0,76659.0,76786.0,310.8065,7373
2026-05-24 03:00:00+00:00,76786.0,76969.0,76694.0,76706.0,334.36526,7100
2026-05-24 04:00:00+00:00,76706.0,76812.0,76689.0,76737.0,250.73192,5530
2026-05-24 05:00:00+00:00,76737.0,76834.0,76597.0,76780.0,380.04013,6433
2026-05-24 06:00:00+00:00,76780.0,77042.0,76668.0,76949.0,464.42288,8821
2026-05-24 07:00:00+00:00,76948.0,76975.0,76745.0,76759.0,595.12523,8904
2026-05-24 08:00:00+00:00,76760.0,76815.0,76689.0,76796.0,255.71738,6647
2026-05-24 09:00:00+00:00,76795.0,77000.0,76778.0,76986.0,530.72886,7509
2026-05-24 10:00:00+00:00,76987.0,77534.0,76881.0,77153.0,1740.98391,16363
2026-05-24 11:00:00+00:00,77153.0,77330.0,77150.0,77286.0,361.04041,9534
2026-05-24 12:00:00+00:00,77287.0,77287.0,77000.0,77068.0,917.74094,11136
2026-05-24 13:00:00+00:00,77068.0,77077.0,76639.0,76752.0,867.43128,13059
2026-05-24 14:00:00+00:00,76751.0,76795.0,76086.0,76403.0,3547.63483,33371
2026-05-24 15:00:00+00:00,76404.0,76486.0,76305.0,76318.0,393.19915,10499
2026-05-24 16:00:00+00:00,76317.0,76700.0,76317.0,76629.0,1909.70504,14910
2026-05-24 17:00:00+00:00,76628.0,76742.0,76525.0,76651.0,745.59311,10578
2026-05-24 18:00:00+00:00,76650.0,76751.0,76548.0,76628.0,736.88876,8999
2026-05-24 19:00:00+00:00,76627.0,76741.0,76572.0,76719.0,192.12728,7395
2026-05-24 20:00:00+00:00,76719.0,76754.0,76568.0,76619.0,408.21447,8900
2026-05-24 21:00:00+00:00,76618.0,76700.0,76060.0,76096.0,1202.96677,18514
2026-05-24 22:00:00+00:00,76096.0,76985.0,76089.0,76759.0,2459.76055,30666
2026-05-24 23:00:00+00:00,76758.0,77185.0,76758.0,77015.0,792.01915,17146
2026-05-25 00:00:00+00:00,77015.0,77243.0,77015.0,77102.0,759.47564,15123
2026-05-25 01:00:00+00:00,77102.0,77211.0,76867.0,76891.0,958.47143,14985
2026-05-25 02:00:00+00:00,76891.0,77445.0,76891.0,77065.0,1375.06849,16672
2026-05-25 03:00:00+00:00,77065.0,77121.0,76959.0,76977.0,553.53689,8897
2026-05-25 04:00:00+00:00,76977.0,77407.0,76943.0,77346.0,574.62567,10529
2026-05-25 05:00:00+00:00,77345.0,77446.0,77275.0,77361.0,507.50254,9869
2026-05-25 06:00:00+00:00,77360.0,77591.0,77175.0,77379.0,803.0112,14108
2026-05-25 07:00:00+00:00,77379.0,77480.0,77123.0,77366.0,542.22888,10877
2026-05-25 08:00:00+00:00,77365.0,77430.0,77235.0,77417.0,494.82971,8268
2026-05-25 09:00:00+00:00,77417.0,77673.0,77379.0,77567.0,703.01399,10753
2026-05-25 10:00:00+00:00,77567.0,77645.0,77447.0,77500.0,431.10226,7983
2026-05-25 11:00:00+00:00,77500.0,77501.0,77274.0,77306.0,640.60585,7584
2026-05-25 12:00:00+00:00,77305.0,77394.0,77239.0,77311.0,559.85245,9202
2026-05-25 13:00:00+00:00,77311.0,77398.0,77245.0,77295.0,552.33304,8692
2026-05-25 14:00:00+00:00,77294.0,77744.0,77270.0,77672.0,760.23629,17795
2026-05-25 15:00:00+00:00,77671.0,77865.0,77508.0,77590.0,1089.09318,17020
2026-05-25 16:00:00+00:00,77589.0,77773.0,77464.0,77699.0,452.94279,10030
2026-05-25 17:00:00+00:00,77698.0,77764.0,77526.0,77537.0,415.55469,7966
2026-05-25 18:00:00+00:00,77536.0,77625.0,77501.0,77501.0,366.94597,6107
2026-05-25 19:00:00+00:00,77501.0,77504.0,77299.0,77404.0,512.90559,9572
2026-05-25 20:00:00+00:00,77404.0,77468.0,77175.0,77237.0,730.06424,10014
2026-05-25 21:00:00+00:00,77236.0,77354.0,77228.0,77325.0,538.86142,8038
2026-05-25 22:00:00+00:00,77324.0,77400.0,76987.0,77072.0,926.66629,13551
2026-05-25 23:00:00+00:00,77072.0,77331.0,77028.0,77282.0,559.75789,7778
2026-05-26 00:00:00+00:00,77281.0,77310.0,76520.0,76755.0,1504.40763,19518
2026-05-26 01:00:00+00:00,76755.0,76844.0,76550.0,76711.0,1021.19741,15504
2026-05-26 02:00:00+00:00,76711.0,76775.0,76456.0,76614.0,627.51839,10973
2026-05-26 03:00:00+00:00,76615.0,76672.0,76414.0,76619.0,893.88128,9382
2026-05-26 04:00:00+00:00,76620.0,76781.0,76564.0,76716.0,619.72847,6810
2026-05-26 05:00:00+00:00,76716.0,76941.0,76666.0,76877.0,479.21818,7066
2026-05-26 06:00:00+00:00,76878.0,77009.0,76733.0,76867.0,385.58794,7116
2026-05-26 07:00:00+00:00,76868.0,76880.0,76556.0,76671.0,869.30082,9515
2026-05-26 08:00:00+00:00,76671.0,76807.0,76640.0,76672.0,276.20376,7252
2026-05-26 09:00:00+00:00,76671.0,76763.0,76601.0,76632.0,230.60114,7844
2026-05-26 10:00:00+00:00,76632.0,77595.0,76524.0,77397.0,3259.0388,30615
2026-05-26 11:00:00+00:00,77397.0,77476.0,77124.0,77144.0,1300.04523,12515
2026-05-26 12:00:00+00:00,77144.0,77192.0,76809.0,77094.0,699.08909,13586
2026-05-26 13:00:00+00:00,77094.0,77439.0,76638.0,77181.0,1774.6093,24251
2026-05-26 14:00:00+00:00,77181.0,78060.0,76678.0,76870.0,6109.78507,58942
2026-05-26 15:00:00+00:00,76870.0,76969.0,76234.0,76482.0,2200.24068,31766
2026-05-26 16:00:00+00:00,76482.0,76683.0,76199.0,76537.0,1301.16541,19467
2026-05-26 17:00:00+00:00,76537.0,76616.0,75802.0,75901.0,3841.96754,25430
2026-05-26 18:00:00+00:00,75901.0,76240.0,75754.0,75811.0,1330.53753,13554
2026-05-26 19:00:00+00:00,75812.0,76067.0,75765.0,76015.0,782.77875,9605
2026-05-26 20:00:00+00:00,76019.0,76141.0,75943.0,76049.0,725.31048,7615
2026-05-26 21:00:00+00:00,76049.0,76077.0,75804.0,75838.0,733.57689,7340
2026-05-26 22:00:00+00:00,75838.0,75961.0,75623.0,75707.0,959.37836,9969
2026-05-26 23:00:00+00:00,75706.0,75943.0,75706.0,75894.0,1003.2636,7129
2026-05-27 00:00:00+00:00,75895.0,76051.0,75847.0,76050.0,262.55229,5764
2026-05-27 01:00:00+00:00,76051.0,76067.0,75784.0,75838.0,533.00954,7374
2026-05-27 02:00:00+00:00,75838.0,75857.0,75643.0,75838.0,1334.14448,8130
2026-05-27 03:00:00+00:00,75838.0,75933.0,75590.0,75628.0,685.99536,9957
2026-05-27 04:00:00+00:00,75629.0,75664.0,75251.0,75522.0,2201.73184,18193
2026-05-27 05:00:00+00:00,75522.0,75693.0,75521.0,75668.0,489.15997,10835
2026-05-27 06:00:00+00:00,75669.0,75858.0,75628.0,75793.0,475.39628,10638
2026-05-27 07:00:00+00:00,75793.0,75933.0,75718.0,75927.0,234.98059,8563
2026-05-27 08:00:00+00:00,75927.0,76030.0,75800.0,75817.0,386.08548,9396
2026-05-27 09:00:00+00:00,75816.0,75939.0,75667.0,75879.0,601.44279,9327
2026-05-27 10:00:00+00:00,75880.0,75998.0,75833.0,75858.0,280.46433,7677
2026-05-27 11:00:00+00:00,75858.0,75993.0,75711.0,75724.0,463.2804,9882
2026-05-27 12:00:00+00:00,75724.0,76120.0,75530.0,75631.0,1745.27948,21111
2026-05-27 13:00:00+00:00,75631.0,75719.0,74832.0,75043.0,3544.63811,38560
2026-05-27 14:00:00+00:00,75042.0,75228.0,74738.0,75009.0,2290.90584,27680
2026-05-27 15:00:00+00:00,75007.0,75480.0,74953.0,75300.0,2349.95144,20724
2026-05-27 16:00:00+00:00,75300.0,75390.0,74959.0,75271.0,1618.91264,16150
2026-05-27 17:00:00+00:00,75272.0,75310.0,74630.0,74830.0,1496.40464,19002
2026-05-27 18:00:00+00:00,74830.0,74998.0,74628.0,74991.0,1185.29932,13318
2026-05-27 19:00:00+00:00,74990.0,75069.0,74921.0,75027.0,634.37418,8325
2026-05-27 20:00:00+00:00,75031.0,75378.0,75021.0,75238.0,1095.18789,11017
2026-05-27 21:00:00+00:00,75238.0,75239.0,74310.0,74443.0,3429.3031,23202
2026-05-27 22:00:00+00:00,74443.0,74744.0,74236.0,74384.0,1905.57115,19231
2026-05-27 23:00:00+00:00,74384.0,74547.0,74202.0,74420.0,1156.04411,13610
2026-05-28 00:00:00+00:00,74420.0,74557.0,74331.0,74535.0,603.75977,10684
2026-05-28 01:00:00+00:00,74536.0,74547.0,74119.0,74300.0,1612.15085,16478
2026-05-28 02:00:00+00:00,74301.0,74350.0,74100.0,74249.0,818.22007,12255
2026-05-28 03:00:00+00:00,74249.0,74341.0,73035.0,73234.0,5620.11459,40215
2026-05-28 04:00:00+00:00,73234.0,73235.0,72684.0,73155.0,3696.92131,27791
2026-05-28 05:00:00+00:00,73156.0,73156.0,72869.0,72950.0,1979.64165,13131
2026-05-28 06:00:00+00:00,72951.0,73175.0,72729.0,73171.0,1216.90414,13005
2026-05-28 07:00:00+00:00,73171.0,73471.0,73120.0,73461.0,1438.7144,12234
2026-05-28 08:00:00+00:00,73462.0,73468.0,73175.0,73297.0,1171.44397,11873
2026-05-28 09:00:00+00:00,73298.0,73537.0,73231.0,73514.0,822.60153,9471
2026-05-28 10:00:00+00:00,73514.0,73586.0,73318.0,73370.0,514.80293,8433
2026-05-28 11:00:00+00:00,73369.0,73502.0,73293.0,73474.0,381.72127,6937
2026-05-28 12:00:00+00:00,73474.0,73541.0,73221.0,73491.0,596.70427,10052
2026-05-28 13:00:00+00:00,73490.0,73541.0,72745.0,72999.0,2593.67478,24568
2026-05-28 14:00:00+00:00,72999.0,73549.0,72555.0,73007.0,5725.97917,48763
2026-05-28 15:00:00+00:00,73007.0,73164.0,72680.0,72924.0,1987.83312,18220
2026-05-28 16:00:00+00:00,72925.0,73433.0,72724.0,73426.0,2482.96995,21626
2026-05-28 17:00:00+00:00,73426.0,73756.0,73275.0,73519.0,1863.92506,16292
2026-05-28 18:00:00+00:00,73519.0,73723.0,73479.0,73636.0,1317.44142,13422
2026-05-28 19:00:00+00:00,73637.0,73637.0,73356.0,73392.0,821.04869,11856
2026-05-28 20:00:00+00:00,73392.0,73704.0,73215.0,73560.0,1799.2186,16185
2026-05-28 21:00:00+00:00,73560.0,73904.0,73537.0,73807.0,828.35732,12397
2026-05-28 22:00:00+00:00,73807.0,73932.0,73431.0,73445.0,781.24732,11679
2026-05-28 23:00:00+00:00,73446.0,73700.0,73446.0,73587.0,257.74939,7556
2026-05-29 00:00:00+00:00,73588.0,73834.0,73588.0,73692.0,504.42184,10793
2026-05-29 01:00:00+00:00,73692.0,73847.0,73418.0,73563.0,1031.16773,12099
2026-05-29 02:00:00+00:00,73563.0,73626.0,73151.0,73186.0,1312.43991,12939
2026-05-29 03:00:00+00:00,73186.0,73430.0,73186.0,73261.0,845.50475,8727
2026-05-29 04:00:00+00:00,73261.0,73480.0,73182.0,73476.0,275.07265,8583
2026-05-29 05:00:00+00:00,73476.0,73696.0,73464.0,73678.0,402.97776,9620
2026-05-29 06:00:00+00:00,73676.0,73924.0,73609.0,73746.0,1343.76602,9875
2026-05-29 07:00:00+00:00,73747.0,73791.0,73340.0,73494.0,654.77605,10507
2026-05-29 08:00:00+00:00,73493.0,73803.0,73493.0,73615.0,760.36672,11792
2026-05-29 09:00:00+00:00,73615.0,73866.0,73610.0,73697.0,415.93387,8415
2026-05-29 10:00:00+00:00,73697.0,73700.0,73548.0,73605.0,240.87048,7456
2026-05-29 11:00:00+00:00,73604.0,73665.0,73299.0,73428.0,345.54692,9091
2026-05-29 12:00:00+00:00,73428.0,73428.0,73159.0,73259.0,1167.59878,12700
2026-05-29 13:00:00+00:00,73259.0,73327.0,72863.0,73107.0,2114.167,23577
2026-05-29 14:00:00+00:00,73110.0,73177.0,72476.0,73069.0,3521.43264,40342
2026-05-29 15:00:00+00:00,73069.0,74210.0,72978.0,73776.0,7018.03109,56338
2026-05-29 16:00:00+00:00,73777.0,74094.0,73528.0,74021.0,2426.76882,30321
2026-05-29 17:00:00+00:00,74022.0,74300.0,73889.0,73942.0,1720.99084,22107
2026-05-29 18:00:00+00:00,73941.0,74032.0,73150.0,73345.0,3016.16118,27873
2026-05-29 19:00:00+00:00,73345.0,73698.0,73208.0,73487.0,1138.00566,19422
2026-05-29 20:00:00+00:00,73487.0,73735.0,73473.0,73642.0,457.24686,10885
2026-05-29 21:00:00+00:00,73642.0,73820.0,73365.0,73375.0,974.15351,13061
2026-05-29 22:00:00+00:00,73375.0,73527.0,73339.0,73445.0,482.77051,9938
2026-05-29 23:00:00+00:00,73445.0,73484.0,73269.0,73431.0,595.53486,9590
2026-05-30 00:00:00+00:00,73432.0,73551.0,73372.0,73467.0,301.34181,7620
2026-05-30 01:00:00+00:00,73466.0,73625.0,73430.0,73618.0,333.55282,6666
2026-05-30 02:00:00+00:00,73618.0,73765.0,73576.0,73765.0,670.26043,6892
2026-05-30 03:00:00+00:00,73765.0,73765.0,73484.0,73493.0,495.23014,6079
2026-05-30 04:00:00+00:00,73494.0,73539.0,73163.0,73361.0,968.08971,12901
2026-05-30 05:00:00+00:00,73361.0,73614.0,73312.0,73569.0,570.52462,8265
2026-05-30 06:00:00+00:00,73569.0,73678.0,73491.0,73552.0,533.78174,6647
2026-05-30 07:00:00+00:00,73552.0,73552.0,73439.0,73511.0,368.1789,5936
2026-05-30 08:00:00+00:00,73512.0,73524.0,73470.0,73488.0,255.73937,4531
2026-05-30 09:00:00+00:00,73488.0,73581.0,73471.0,73576.0,447.98072,6225
2026-05-30 10:00:00+00:00,73577.0,73652.0,73556.0,73612.0,424.90268,6970
2026-05-30 11:00:00+00:00,73613.0,73614.0,73532.0,73574.0,178.1071,4225
2026-05-30 12:00:00+00:00,73574.0,73695.0,73563.0,73678.0,442.2694,6918
2026-05-30 13:00:00+00:00,73677.0,73828.0,73654.0,73801.0,1124.71646,11020
2026-05-30 14:00:00+00:00,73801.0,74065.0,73794.0,73892.0,1144.96266,15282
2026-05-30 15:00:00+00:00,73892.0,74005.0,73808.0,73885.0,1659.54219,11018
2026-05-30 16:00:00+00:00,73886.0,73943.0,73835.0,73893.0,470.47636,6111
2026-05-30 17:00:00+00:00,73893.0,73994.0,73777.0,73985.0,659.32074,8689
2026-05-30 18:00:00+00:00,73986.0,74095.0,73896.0,74007.0,509.64994,7199
2026-05-30 19:00:00+00:00,74008.0,74038.0,73926.0,73980.0,209.96098,5260
2026-05-30 20:00:00+00:00,73980.0,73980.0,73888.0,73944.0,190.40359,4722
2026-05-30 21:00:00+00:00,73944.0,74018.0,73893.0,73950.0,141.47465,5301
2026-05-30 22:00:00+00:00,73950.0,73950.0,73756.0,73844.0,344.48281,7129
2026-05-30 23:00:00+00:00,73845.0,73968.0,73745.0,73853.0,309.74353,7015
2026-05-31 00:00:00+00:00,73853.0,74016.0,73827.0,74015.0,847.98643,8734
2026-05-31 01:00:00+00:00,74016.0,74250.0,74000.0,74017.0,2066.48969,13427
2026-05-31 02:00:00+00:00,74018.0,74208.0,73839.0,74049.0,1167.5933,10885
2026-05-31 03:00:00+00:00,74049.0,74196.0,74030.0,74118.0,361.0683,8040
2026-05-31 04:00:00+00:00,74118.0,74195.0,74072.0,74156.0,221.46664,6453
2026-05-31 05:00:00+00:00,74154.0,74182.0,74030.0,74037.0,264.01553,6120
2026-05-31 06:00:00+00:00,74037.0,74067.0,73959.0,74022.0,130.6524,4151
2026-05-31 07:00:00+00:00,74022.0,74023.0,73802.0,73843.0,398.00182,6989
2026-05-31 08:00:00+00:00,73843.0,73953.0,73815.0,73918.0,221.27312,5769
2026-05-31 09:00:00+00:00,73918.0,74000.0,73774.0,73806.0,260.71826,5899
2026-05-31 10:00:00+00:00,73806.0,73872.0,73708.0,73872.0,309.49395,6147
2026-05-31 11:00:00+00:00,73871.0,73943.0,73863.0,73915.0,339.34307,5225
2026-05-31 12:00:00+00:00,73914.0,73959.0,73830.0,73883.0,283.60473,5226
2026-05-31 13:00:00+00:00,73884.0,73984.0,73780.0,73835.0,625.64844,6282
2026-05-31 14:00:00+00:00,73835.0,73837.0,73424.0,73583.0,1453.21409,20030
2026-05-31 15:00:00+00:00,73583.0,73750.0,73563.0,73631.0,479.69205,7419
2026-05-31 16:00:00+00:00,73632.0,73707.0,73377.0,73505.0,1195.50731,12323
2026-05-31 17:00:00+00:00,73505.0,73710.0,73445.0,73683.0,290.58801,6818
2026-05-31 18:00:00+00:00,73684.0,73702.0,73555.0,73594.0,659.12321,7205
2026-05-31 19:00:00+00:00,73594.0,73634.0,73426.0,73541.0,667.57752,7338
2026-05-31 20:00:00+00:00,73541.0,73747.0,73541.0,73717.0,729.5953,9943
2026-05-31 21:00:00+00:00,73717.0,73920.0,73604.0,73874.0,846.80072,18098
2026-05-31 22:00:00+00:00,73874.0,73995.0,73652.0,73934.0,1371.40402,18324
2026-05-31 23:00:00+00:00,73935.0,74180.0,73462.0,73658.0,2382.7511,22767
2026-06-01 00:00:00+00:00,73658.0,74075.0,73626.0,73870.0,778.67433,18725
2026-06-01 01:00:00+00:00,73871.0,73900.0,73250.0,73268.0,1980.76588,22605
2026-06-01 02:00:00+00:00,73269.0,73833.0,73204.0,73766.0,1821.88012,26448
2026-06-01 03:00:00+00:00,73766.0,74000.0,73700.0,73737.0,1440.19694,21302
2026-06-01 04:00:00+00:00,73737.0,73810.0,73325.0,73502.0,1164.4606,13363
2026-06-01 05:00:00+00:00,73503.0,73509.0,73300.0,73327.0,361.91616,7820
2026-06-01 06:00:00+00:00,73327.0,73347.0,72944.0,73131.0,1146.7482,17806
2026-06-01 07:00:00+00:00,73132.0,73187.0,72684.0,72792.0,1970.43287,18909
2026-06-01 08:00:00+00:00,72793.0,72925.0,72606.0,72890.0,895.09122,15846
2026-06-01 09:00:00+00:00,72890.0,73090.0,72819.0,72864.0,738.86198,11108
2026-06-01 10:00:00+00:00,72864.0,72888.0,72571.0,72740.0,692.30468,12246
2026-06-01 11:00:00+00:00,72741.0,72759.0,72258.0,72456.0,1682.12619,17068
2026-06-01 12:00:00+00:00,72456.0,72606.0,71845.0,72204.0,5390.63662,40873
2026-06-01 13:00:00+00:00,72205.0,72225.0,71327.0,71700.0,6055.46957,55151
2026-06-01 14:00:00+00:00,71699.0,71877.0,71397.0,71559.0,3528.76489,35702
2026-06-01 15:00:00+00:00,71559.0,71672.0,71060.0,71128.0,4085.48095,38465
2026-06-01 16:00:00+00:00,71129.0,71595.0,70683.0,71552.0,4014.26862,37570
2026-06-01 17:00:00+00:00,71553.0,71788.0,71460.0,71648.0,1848.63991,22501
2026-06-01 18:00:00+00:00,71647.0,71683.0,71359.0,71484.0,2424.59386,20131
2026-06-01 19:00:00+00:00,71484.0,71657.0,71369.0,71586.0,736.67417,12602
2026-06-01 20:00:00+00:00,71586.0,71691.0,71395.0,71425.0,801.15048,11685
2026-06-01 21:00:00+00:00,71424.0,71428.0,70914.0,71022.0,2868.17279,20667
2026-06-01 22:00:00+00:00,71023.0,71475.0,70828.0,71413.0,2722.35503,22696
2026-06-01 23:00:00+00:00,71413.0,71589.0,71218.0,71411.0,3376.80433,17583
2026-06-02 00:00:00+00:00,71411.0,71412.0,71091.0,71279.0,1224.24481,14287
2026-06-02 01:00:00+00:00,71280.0,71350.0,70620.0,70633.0,1764.29228,20183
2026-06-02 02:00:00+00:00,70641.0,70854.0,70127.0,70822.0,5314.56334,41007
2026-06-02 03:00:00+00:00,70822.0,71027.0,70782.0,70943.0,1137.27514,14552
2026-06-02 04:00:00+00:00,70944.0,71032.0,70711.0,70801.0,887.58689,14863
2026-06-02 05:00:00+00:00,70801.0,70831.0,70240.0,70253.0,1735.12883,21973
2026-06-02 06:00:00+00:00,70253.0,70422.0,69924.0,70074.0,3419.1335,30179
2026-06-02 07:00:00+00:00,70075.0,70244.0,69709.0,70089.0,3042.28561,32161
2026-06-02 08:00:00+00:00,70096.0,70142.0,69673.0,69792.0,1212.85806,24036
2026-06-02 09:00:00+00:00,69792.0,69822.0,69300.0,69409.0,3130.66523,31847
2026-06-02 10:00:00+00:00,69409.0,69747.0,69330.0,69633.0,1491.4325,20295
2026-06-02 11:00:00+00:00,69633.0,69646.0,69390.0,69452.0,581.73959,15233
2026-06-02 12:00:00+00:00,69453.0,69529.0,68974.0,68975.0,2449.81919,30799
2026-06-02 13:00:00+00:00,68975.0,69154.0,68734.0,68785.0,5664.63865,44298
2026-06-02 14:00:00+00:00,68785.0,68812.0,67591.0,68006.0,10478.38261,81187
2026-06-02 15:00:00+00:00,68007.0,68073.0,67050.0,67288.0,8543.20774,69272
2026-06-02 16:00:00+00:00,67288.0,68132.0,67221.0,67390.0,4970.55446,50790
2026-06-02 17:00:00+00:00,67389.0,67823.0,67345.0,67471.0,3057.3568,33299
2026-06-02 18:00:00+00:00,67472.0,67636.0,67100.0,67315.0,2566.12105,29318
2026-06-02 19:00:00+00:00,67315.0,67475.0,66356.0,67291.0,8499.61281,58650
2026-06-02 20:00:00+00:00,67291.0,67684.0,66877.0,67567.0,4921.71312,40621
2026-06-02 21:00:00+00:00,67567.0,67899.0,67377.0,67532.0,3344.53686,29308
2026-06-02 22:00:00+00:00,67533.0,67533.0,66211.0,66345.0,8616.49533,53385
2026-06-02 23:00:00+00:00,66345.0,66837.0,66169.0,66732.0,6402.44771,45718
2026-06-03 00:00:00+00:00,66732.0,67155.0,66624.0,66897.0,2936.35283,30940
2026-06-03 01:00:00+00:00,66897.0,67015.0,66437.0,66881.0,2071.82454,29750
2026-06-03 02:00:00+00:00,66881.0,66904.0,66550.0,66578.0,1095.3173,22005
2026-06-03 03:00:00+00:00,66578.0,66629.0,65417.0,65812.0,6249.90172,46943
2026-06-03 04:00:00+00:00,65811.0,66590.0,65792.0,66425.0,2700.38493,31306
2026-06-03 05:00:00+00:00,66425.0,67367.0,66425.0,67295.0,4657.07401,37940
2026-06-03 06:00:00+00:00,67295.0,67479.0,66918.0,66938.0,2795.6037,26245
2026-06-03 07:00:00+00:00,66938.0,67301.0,66836.0,67192.0,1193.50711,21012
2026-06-03 08:00:00+00:00,67193.0,67226.0,66934.0,66987.0,841.20571,19325
2026-06-03 09:00:00+00:00,66988.0,67300.0,66615.0,67051.0,1306.77607,21837
2026-06-03 10:00:00+00:00,67050.0,67442.0,67033.0,67268.0,2355.5081,22718
2026-06-03 11:00:00+00:00,67268.0,67345.0,67017.0,67044.0,1488.11748,17431
2026-06-03 12:00:00+00:00,67045.0,67148.0,66759.0,67061.0,1731.98472,23861
2026-06-03 13:00:00+00:00,67062.0,67230.0,66618.0,66887.0,3093.94595,38036
2026-06-03 14:00:00+00:00,66888.0,66981.0,66638.0,66841.0,2066.70315,34275
2026-06-03 15:00:00+00:00,66841.0,66870.0,66053.0,66055.0,3386.96207,45059
2026-06-03 16:00:00+00:00,66054.0,66365.0,65535.0,66050.0,6482.47035,59563
2026-06-03 17:00:00+00:00,66049.0,66181.0,65692.0,65945.0,1883.48877,32566
2026-06-03 18:00:00+00:00,65944.0,66148.0,65730.0,66022.0,1593.72219,28576
2026-06-03 19:00:00+00:00,66022.0,66037.0,65204.0,65465.0,2983.45032,37205
2026-06-03 20:00:00+00:00,65461.0,65598.0,64688.0,64988.0,6285.19884,51833
2026-06-03 21:00:00+00:00,64988.0,65853.0,64936.0,65750.0,4611.99968,46479
2026-06-03 22:00:00+00:00,65749.0,65822.0,64762.0,64884.0,5041.29801,48890
2026-06-03 23:00:00+00:00,64884.0,64959.0,64061.0,64118.0,6882.91177,61403
2026-06-04 00:00:00+00:00,64118.0,64413.0,62980.0,63310.0,8198.336,81013
2026-06-04 01:00:00+00:00,63312.0,63496.0,62076.0,62148.0,7562.7258,80193
2026-06-04 02:00:00+00:00,62148.0,63603.0,61350.0,63190.0,12606.95184,106026
2026-06-04 03:00:00+00:00,63189.0,64508.0,63181.0,64342.0,6377.23223,59416
2026-06-04 04:00:00+00:00,64341.0,64752.0,64240.0,64374.0,3053.52815,35171
2026-06-04 05:00:00+00:00,64374.0,64374.0,63615.0,63927.0,3157.62682,43362
2026-06-04 06:00:00+00:00,63927.0,64468.0,63861.0,63994.0,1740.94493,34276
2026-06-04 07:00:00+00:00,63997.0,64046.0,63456.0,63566.0,2520.10491,37047
2026-06-04 08:00:00+00:00,63565.0,63878.0,63212.0,63605.0,2963.29414,39171
2026-06-04 09:00:00+00:00,63606.0,63618.0,62680.0,63230.0,3677.18068,48086
2026-06-04 10:00:00+00:00,63231.0,63250.0,62266.0,62386.0,3965.43342,49150
2026-06-04 11:00:00+00:00,62387.0,62802.0,62160.0,62514.0,3136.88503,43466
2026-06-04 12:00:00+00:00,62515.0,63959.0,62360.0,63736.0,6547.47893,57801
2026-06-04 13:00:00+00:00,63736.0,64244.0,63045.0,64184.0,7128.15872,66804
2026-06-04 14:00:00+00:00,64185.0,64464.0,63750.0,63925.0,3342.89059,51352
2026-06-04 15:00:00+00:00,63923.0,64380.0,63662.0,63862.0,2198.99678,41590
2026-06-04 16:00:00+00:00,63861.0,63891.0,63418.0,63536.0,2992.87915,40647
2026-06-04 17:00:00+00:00,63536.0,63692.0,62935.0,63518.0,4189.18918,46711
2026-06-04 18:00:00+00:00,63514.0,64117.0,63108.0,63788.0,3507.95321,44543
2026-06-04 19:00:00+00:00,63787.0,64138.0,63499.0,63596.0,3834.17274,39491
2026-06-04 20:00:00+00:00,63597.0,63630.0,63138.0,63615.0,3656.90641,34927
2026-06-04 21:00:00+00:00,63615.0,63848.0,63071.0,63255.0,3799.27999,37484
2026-06-04 22:00:00+00:00,63255.0,63753.0,63160.0,63715.0,2400.61581,32915
2026-06-04 23:00:00+00:00,63715.0,63896.0,63352.0,63855.0,2121.73411,25290
2026-06-05 00:00:00+00:00,63854.0,63949.0,63373.0,63399.0,1158.31383,27833
2026-06-05 01:00:00+00:00,63399.0,63542.0,63017.0,63341.0,2261.22089,33270
2026-06-05 02:00:00+00:00,63342.0,63414.0,62556.0,62574.0,2657.92111,38497
2026-06-05 03:00:00+00:00,62574.0,62864.0,62293.0,62707.0,3172.90832,35304
2026-06-05 04:00:00+00:00,62706.0,63671.0,62440.0,63601.0,3368.97071,36161
2026-06-05 05:00:00+00:00,63601.0,63707.0,62222.0,62274.0,4465.38716,39160
2026-06-05 06:00:00+00:00,62280.0,62600.0,61095.0,61923.0,9965.0801,73502
2026-06-05 07:00:00+00:00,61925.0,63094.0,61350.0,63091.0,4551.06413,54634
2026-06-05 08:00:00+00:00,63091.0,63104.0,62260.0,62437.0,2786.55761,34436
2026-06-05 09:00:00+00:00,62436.0,63258.0,62421.0,62838.0,3698.35285,36604
2026-06-05 10:00:00+00:00,62838.0,62907.0,62350.0,62524.0,1895.36516,25046
2026-06-05 11:00:00+00:00,62516.0,62600.0,61929.0,61930.0,2611.88441,30603
2026-06-05 12:00:00+00:00,61930.0,62426.0,61579.0,61931.0,4545.21368,48090
2026-06-05 13:00:00+00:00,61931.0,62300.0,60685.0,60700.0,5240.02021,56037
2026-06-05 14:00:00+00:00,60700.0,61203.0,60304.0,60822.0,9201.79366,79334
2026-06-05 15:00:00+00:00,60828.0,61086.0,60006.0,60405.0,8088.38282,67710
2026-06-05 16:00:00+00:00,60406.0,61536.0,59738.0,61372.0,12051.61248,95687
2026-06-05 17:00:00+00:00,61371.0,61496.0,60630.0,60780.0,4909.6186,47575
2026-06-05 18:00:00+00:00,60779.0,60932.0,59107.0,59364.0,8120.51199,71090
2026-06-05 19:00:00+00:00,59363.0,60449.0,59100.0,60272.0,7045.90478,67336
2026-06-05 20:00:00+00:00,60272.0,61792.0,59909.0,61624.0,12240.25117,70526
2026-06-05 21:00:00+00:00,61624.0,61998.0,61436.0,61666.0,4068.06496,40861
2026-06-05 22:00:00+00:00,61666.0,61994.0,61204.0,61570.0,9492.57061,55349
2026-06-05 23:00:00+00:00,61570.0,61751.0,60482.0,61033.0,6893.36931,45001
2026-06-06 00:00:00+00:00,61033.0,61508.0,61013.0,61254.0,2923.39724,31495
2026-06-06 01:00:00+00:00,61254.0,61365.0,60931.0,61045.0,1327.49682,22383
2026-06-06 02:00:00+00:00,61046.0,61170.0,60650.0,60933.0,1366.52208,22924
2026-06-06 03:00:00+00:00,60932.0,60949.0,60498.0,60663.0,1260.84052,24179
2026-06-06 04:00:00+00:00,60665.0,60854.0,59459.0,60074.0,6524.57667,55374
2026-06-06 05:00:00+00:00,60074.0,61046.0,59587.0,60926.0,7721.4639,46717
2026-06-06 06:00:00+00:00,60923.0,61240.0,60656.0,60760.0,4390.88134,32003
2026-06-06 07:00:00+00:00,60761.0,61210.0,60706.0,60975.0,1824.4845,17892
2026-06-06 08:00:00+00:00,60976.0,61475.0,60855.0,61232.0,1170.46192,21004
2026-06-06 09:00:00+00:00,61233.0,61313.0,60858.0,60953.0,1544.93434,20142
2026-06-06 10:00:00+00:00,60953.0,60953.0,60176.0,60574.0,2805.96915,33619
2026-06-06 11:00:00+00:00,60574.0,60937.0,60521.0,60774.0,1264.24587,18551
2026-06-06 12:00:00+00:00,60774.0,61166.0,60603.0,60992.0,1536.61656,25617
2026-06-06 13:00:00+00:00,60992.0,61076.0,60672.0,60771.0,1745.31155,22863
2026-06-06 14:00:00+00:00,60771.0,60978.0,60744.0,60760.0,1113.80445,23787
2026-06-06 15:00:00+00:00,60759.0,60891.0,60323.0,60751.0,2906.12741,31876
2026-06-06 16:00:00+00:00,60751.0,60936.0,60462.0,60737.0,1274.18533,21827
2026-06-06 17:00:00+00:00,60737.0,60818.0,60458.0,60559.0,2367.49644,21824
2026-06-06 18:00:00+00:00,60559.0,60724.0,60382.0,60608.0,1100.11623,17419
2026-06-06 19:00:00+00:00,60609.0,60766.0,60514.0,60571.0,704.6564,14268
2026-06-06 20:00:00+00:00,60570.0,60730.0,60500.0,60680.0,540.97087,13030
2026-06-06 21:00:00+00:00,60681.0,60988.0,60680.0,60722.0,1561.55514,15261
2026-06-06 22:00:00+00:00,60723.0,60797.0,60400.0,60518.0,1337.46772,19418
2026-06-06 23:00:00+00:00,60516.0,60937.0,60511.0,60861.0,1167.72245,15901
2026-06-07 00:00:00+00:00,60860.0,60974.0,60714.0,60750.0,1293.43482,15829
2026-06-07 01:00:00+00:00,60749.0,61636.0,60727.0,61455.0,3594.08795,33697
2026-06-07 02:00:00+00:00,61455.0,61551.0,61136.0,61480.0,2513.39837,22664
2026-06-07 03:00:00+00:00,61480.0,61754.0,61400.0,61686.0,862.68391,15510
2026-06-07 04:00:00+00:00,61685.0,61888.0,61463.0,61871.0,1376.39573,18040
2026-06-07 05:00:00+00:00,61871.0,62130.0,61630.0,61721.0,1733.82548,24641
2026-06-07 06:00:00+00:00,61721.0,62258.0,61599.0,62079.0,1931.72904,25660
2026-06-07 07:00:00+00:00,62078.0,62401.0,61972.0,62384.0,834.97275,18156
2026-06-07 08:00:00+00:00,62384.0,62955.0,62238.0,62839.0,2105.09211,31120
2026-06-07 09:00:00+00:00,62838.0,62879.0,62384.0,62521.0,960.19142,21834
2026-06-07 10:00:00+00:00,62521.0,62558.0,62302.0,62360.0,1004.28655,17672
2026-06-07 11:00:00+00:00,62359.0,62763.0,62350.0,62615.0,893.61041,16621
2026-06-07 12:00:00+00:00,62615.0,62636.0,61558.0,61895.0,4064.83129,42047
2026-06-07 13:00:00+00:00,61894.0,61897.0,61646.0,61701.0,1059.39583,21094
2026-06-07 14:00:00+00:00,61701.0,62300.0,61692.0,61901.0,1559.32984,26444
2026-06-07 15:00:00+00:00,61900.0,62207.0,61661.0,62072.0,1303.32995,20146
2026-06-07 16:00:00+00:00,62072.0,62300.0,61938.0,62056.0,1255.04733,17340
2026-06-07 17:00:00+00:00,62056.0,62308.0,62024.0,62138.0,999.36424,15829
2026-06-07 18:00:00+00:00,62137.0,62284.0,61985.0,61998.0,840.15639,11767
2026-06-07 19:00:00+00:00,61998.0,62008.0,61145.0,61300.0,4450.7319,41884
2026-06-07 20:00:00+00:00,61299.0,61946.0,61192.0,61851.0,1876.34309,25118
2026-06-07 21:00:00+00:00,61851.0,61986.0,61619.0,61749.0,1022.0508,17213
2026-06-07 22:00:00+00:00,61750.0,64228.0,61696.0,62833.0,7837.80708,64245
2026-06-07 23:00:00+00:00,62834.0,63443.0,62779.0,63309.0,2255.14119,27701
2026-06-08 00:00:00+00:00,63309.0,63862.0,63120.0,63612.0,2105.50408,27649
2026-06-08 01:00:00+00:00,63613.0,63627.0,62700.0,63192.0,2374.77521,27590
2026-06-08 02:00:00+00:00,63191.0,63239.0,62885.0,63109.0,1732.84186,16836
2026-06-08 03:00:00+00:00,63105.0,63464.0,62956.0,63100.0,1074.72601,14444
2026-06-08 04:00:00+00:00,63100.0,63158.0,62628.0,62661.0,1362.95836,17256
2026-06-08 05:00:00+00:00,62660.0,62796.0,62375.0,62739.0,2103.14635,22042
2026-06-08 06:00:00+00:00,62739.0,63118.0,62711.0,62960.0,921.9829,16396
2026-06-08 07:00:00+00:00,62959.0,63329.0,62781.0,63263.0,1484.12856,21954
2026-06-08 08:00:00+00:00,63261.0,63261.0,62959.0,63100.0,631.22099,16700
2026-06-08 09:00:00+00:00,63101.0,63575.0,63094.0,63480.0,3275.05201,24510
2026-06-08 10:00:00+00:00,63479.0,63541.0,63059.0,63122.0,1323.05288,14911
2026-06-08 11:00:00+00:00,63123.0,63854.0,63021.0,63454.0,2293.08325,24118
2026-06-08 12:00:00+00:00,63454.0,63927.0,62676.0,63808.0,6011.59426,50667
2026-06-08 13:00:00+00:00,63822.0,63921.0,63320.0,63728.0,3069.40862,37507
2026-06-08 14:00:00+00:00,63729.0,64066.0,63541.0,63943.0,1503.67337,28757
2026-06-08 15:00:00+00:00,63944.0,64196.0,63683.0,63755.0,2238.46195,28121
2026-06-08 16:00:00+00:00,63755.0,64030.0,63453.0,63505.0,2000.96916,20973
2026-06-08 17:00:00+00:00,63504.0,63630.0,63262.0,63536.0,2008.93465,18788
2026-06-08 18:00:00+00:00,63536.0,63665.0,63303.0,63440.0,934.08498,12181
2026-06-08 19:00:00+00:00,63441.0,63573.0,63322.0,63349.0,548.27682,13638
2026-06-08 20:00:00+00:00,63350.0,63460.0,63143.0,63459.0,882.59406,14625
2026-06-08 21:00:00+00:00,63459.0,63835.0,63459.0,63693.0,1193.54701,15287
2026-06-08 22:00:00+00:00,63694.0,63694.0,63186.0,63417.0,1276.86561,16609
2026-06-08 23:00:00+00:00,63419.0,63586.0,62951.0,63058.0,1981.18886,19307
2026-06-09 00:00:00+00:00,63058.0,63151.0,62395.0,62537.0,2648.46901,27302
2026-06-09 01:00:00+00:00,62537.0,62856.0,62522.0,62730.0,2155.01826,17771
2026-06-09 02:00:00+00:00,62731.0,62851.0,62506.0,62850.0,1663.84738,16084
2026-06-09 03:00:00+00:00,62849.0,62947.0,62665.0,62847.0,1269.05796,12364
2026-06-09 04:00:00+00:00,62846.0,63417.0,62723.0,63222.0,1501.3151,17564
2026-06-09 05:00:00+00:00,63221.0,63514.0,63085.0,63323.0,1797.13589,15930
2026-06-09 06:00:00+00:00,63323.0,63500.0,63208.0,63280.0,835.73587,11311
2026-06-09 07:00:00+00:00,63280.0,63421.0,62977.0,63178.0,1037.73661,11642
2026-06-09 08:00:00+00:00,63177.0,63196.0,62748.0,62823.0,1264.7218,13855
2026-06-09 09:00:00+00:00,62824.0,62930.0,62566.0,62687.0,1210.26026,13650
2026-06-09 10:00:00+00:00,62688.0,62811.0,62573.0,62764.0,643.30915,10940
2026-06-09 11:00:00+00:00,62763.0,62783.0,62461.0,62682.0,1686.06056,13367
2026-06-09 12:00:00+00:00,62681.0,62882.0,62403.0,62613.0,1722.91154,15593
2026-06-09 13:00:00+00:00,62613.0,62735.0,62136.0,62254.0,3498.08327,27815
2026-06-09 14:00:00+00:00,62254.0,62369.0,61140.0,61533.0,5711.31619,53789
2026-06-09 15:00:00+00:00,61529.0,61684.0,61003.0,61111.0,4882.27346,38099
2026-06-09 16:00:00+00:00,61110.0,61468.0,60765.0,61369.0,5515.31202,48241
2026-06-09 17:00:00+00:00,61369.0,61870.0,61369.0,61671.0,3970.04407,32721
2026-06-09 18:00:00+00:00,61670.0,61938.0,61566.0,61763.0,1997.34565,17212
2026-06-09 19:00:00+00:00,61760.0,62084.0,61691.0,62074.0,1798.96874,19363
2026-06-09 20:00:00+00:00,62076.0,62250.0,61926.0,62139.0,871.81666,15323
2026-06-09 21:00:00+00:00,62139.0,62153.0,61663.0,61728.0,1538.05889,14481
2026-06-09 22:00:00+00:00,61729.0,61950.0,61634.0,61689.0,1194.05341,13059
2026-06-09 23:00:00+00:00,61689.0,61855.0,61528.0,61695.0,531.35242,11558
2026-06-10 00:00:00+00:00,61699.0,61900.0,61413.0,61889.0,1048.40974,17199
2026-06-10 01:00:00+00:00,61888.0,61947.0,61555.0,61684.0,662.81874,16178
2026-06-10 02:00:00+00:00,61685.0,61809.0,61201.0,61272.0,1190.79167,16297
2026-06-10 03:00:00+00:00,61272.0,61579.0,61259.0,61521.0,1354.67205,12017
2026-06-10 04:00:00+00:00,61521.0,61536.0,61160.0,61269.0,1164.63178,10412
2026-06-10 05:00:00+00:00,61272.0,61374.0,61043.0,61316.0,1309.11431,11896
2026-06-10 06:00:00+00:00,61316.0,61491.0,61111.0,61433.0,716.54306,11705
2026-06-10 07:00:00+00:00,61434.0,61777.0,61399.0,61645.0,715.83201,11530
2026-06-10 08:00:00+00:00,61650.0,61700.0,61133.0,61230.0,990.65792,15270
2026-06-10 09:00:00+00:00,61230.0,61402.0,60733.0,61299.0,2808.35535,21223
2026-06-10 10:00:00+00:00,61300.0,61432.0,61124.0,61354.0,795.6315,11893
2026-06-10 11:00:00+00:00,61355.0,61414.0,60832.0,61000.0,1737.48262,21168
2026-06-10 12:00:00+00:00,61000.0,61902.0,60930.0,61537.0,3813.10095,31030
2026-06-10 13:00:00+00:00,61537.0,62436.0,61409.0,62115.0,4468.37077,38171
2026-06-10 14:00:00+00:00,62115.0,62241.0,61786.0,62181.0,2680.34964,32827
2026-06-10 15:00:00+00:00,62178.0,62827.0,61846.0,62609.0,5848.12687,42690
2026-06-10 16:00:00+00:00,62609.0,62621.0,61900.0,62189.0,3079.55393,26211
2026-06-10 17:00:00+00:00,62190.0,62343.0,61625.0,61954.0,2821.40007,28464
2026-06-10 18:00:00+00:00,61953.0,62130.0,61594.0,61850.0,2252.45072,19562
2026-06-10 19:00:00+00:00,61849.0,62052.0,61651.0,61921.0,1552.90586,19972
2026-06-10 20:00:00+00:00,61919.0,61933.0,61664.0,61779.0,1606.01852,17227
2026-06-10 21:00:00+00:00,61778.0,61779.0,61150.0,61325.0,2993.94229,24304
2026-06-10 22:00:00+00:00,61325.0,61571.0,61069.0,61346.0,2276.23348,26301
2026-06-10 23:00:00+00:00,61351.0,61578.0,61134.0,61481.0,1350.06003,17373
2026-06-11 00:00:00+00:00,61484.0,61976.0,61484.0,61795.0,1772.70372,19782
2026-06-11 01:00:00+00:00,61796.0,62345.0,61796.0,62181.0,2122.66784,19436
2026-06-11 02:00:00+00:00,62181.0,62278.0,61900.0,62127.0,958.18911,14366
2026-06-11 03:00:00+00:00,62127.0,62800.0,61973.0,62659.0,1503.48945,17678
2026-06-11 04:00:00+00:00,62659.0,62825.0,62516.0,62692.0,1420.29891,15392
2026-06-11 05:00:00+00:00,62692.0,62694.0,62526.0,62574.0,615.63787,10804
2026-06-11 06:00:00+00:00,62575.0,62971.0,62508.0,62732.0,1688.64012,17952
2026-06-11 07:00:00+00:00,62731.0,62813.0,62574.0,62689.0,716.07492,11201
2026-06-11 08:00:00+00:00,62690.0,63026.0,62685.0,62915.0,908.07339,13118
2026-06-11 09:00:00+00:00,62915.0,62972.0,62753.0,62895.0,979.17913,11724
2026-06-11 10:00:00+00:00,62902.0,63175.0,62772.0,63119.0,1776.25222,16433
2026-06-11 11:00:00+00:00,63120.0,63244.0,63007.0,63072.0,1522.85274,14410
2026-06-11 12:00:00+00:00,63073.0,63164.0,62475.0,62976.0,3179.49857,31835
2026-06-11 13:00:00+00:00,62976.0,63201.0,62648.0,63042.0,1808.33718,26343
2026-06-11 14:00:00+00:00,63043.0,63056.0,62701.0,62707.0,1441.00471,28150
2026-06-11 15:00:00+00:00,62707.0,62843.0,62510.0,62717.0,1928.39465,25137
2026-06-11 16:00:00+00:00,62717.0,62811.0,62530.0,62552.0,1066.24506,17848
2026-06-11 17:00:00+00:00,62553.0,63638.0,62314.0,63631.0,7292.29719,49090
2026-06-11 18:00:00+00:00,63631.0,63777.0,63306.0,63430.0,2804.78547,30143
2026-06-11 19:00:00+00:00,63430.0,63919.0,63369.0,63581.0,3782.34877,29682
2026-06-11 20:00:00+00:00,63580.0,63641.0,63240.0,63369.0,2517.10571,14562
2026-06-11 21:00:00+00:00,63370.0,63579.0,63369.0,63493.0,729.52066,10218
2026-06-11 22:00:00+00:00,63493.0,63650.0,63440.0,63471.0,913.47197,12096
2026-06-11 23:00:00+00:00,63471.0,63685.0,63334.0,63621.0,845.79805,12589
2026-06-12 00:00:00+00:00,63621.0,63775.0,63501.0,63628.0,725.13061,14604
2026-06-12 01:00:00+00:00,63629.0,63629.0,63277.0,63399.0,738.33567,12876
2026-06-12 02:00:00+00:00,63400.0,63760.0,63400.0,63592.0,558.51451,9860
2026-06-12 03:00:00+00:00,63593.0,63621.0,63322.0,63496.0,510.21306,7821
2026-06-12 04:00:00+00:00,63496.0,63846.0,63400.0,63675.0,754.44813,12536
2026-06-12 05:00:00+00:00,63675.0,63702.0,63265.0,63328.0,1331.38779,12513
2026-06-12 06:00:00+00:00,63329.0,63394.0,62801.0,62947.0,2714.32743,16685
2026-06-12 07:00:00+00:00,62948.0,63166.0,62914.0,63062.0,587.21691,9318
2026-06-12 08:00:00+00:00,63064.0,63576.0,63064.0,63443.0,1540.55484,13716
2026-06-12 09:00:00+00:00,63442.0,63928.0,63410.0,63723.0,2298.50706,17058
2026-06-12 10:00:00+00:00,63723.0,63817.0,63552.0,63667.0,832.35749,10223
2026-06-12 11:00:00+00:00,63668.0,63865.0,63645.0,63724.0,1462.43874,13273
2026-06-12 12:00:00+00:00,63723.0,63740.0,63343.0,63429.0,1086.38567,15447
2026-06-12 13:00:00+00:00,63430.0,63506.0,63016.0,63215.0,1726.87418,22983
2026-06-12 14:00:00+00:00,63205.0,63985.0,63176.0,63969.0,5596.80723,37335
2026-06-12 15:00:00+00:00,63970.0,64383.0,63529.0,63575.0,6442.29742,43406
2026-06-12 16:00:00+00:00,63570.0,64011.0,63490.0,63957.0,2941.94198,24189
2026-06-12 17:00:00+00:00,63957.0,64093.0,63714.0,63841.0,1210.42074,15798
2026-06-12 18:00:00+00:00,63841.0,63909.0,63661.0,63670.0,676.58415,13254
2026-06-12 19:00:00+00:00,63670.0,63790.0,63567.0,63567.0,472.08886,11943
2026-06-12 20:00:00+00:00,63567.0,63673.0,63375.0,63438.0,834.65604,12593
2026-06-12 21:00:00+00:00,63438.0,63618.0,63418.0,63460.0,1043.83309,11295
2026-06-12 22:00:00+00:00,63461.0,63670.0,63446.0,63497.0,1094.34961,10408
2026-06-12 23:00:00+00:00,63497.0,63571.0,63409.0,63561.0,574.81777,8874
2026-06-13 00:00:00+00:00,63560.0,63630.0,63484.0,63584.0,512.18865,8617
2026-06-13 01:00:00+00:00,63585.0,63854.0,63585.0,63813.0,437.72666,7752
2026-06-13 02:00:00+00:00,63813.0,63815.0,63536.0,63625.0,316.31242,6306
2026-06-13 03:00:00+00:00,63626.0,63702.0,63420.0,63510.0,894.49804,6866
2026-06-13 04:00:00+00:00,63509.0,63634.0,63453.0,63481.0,847.35263,7433
2026-06-13 05:00:00+00:00,63482.0,63579.0,63467.0,63563.0,293.96369,5262
2026-06-13 06:00:00+00:00,63564.0,63722.0,63526.0,63710.0,301.54213,5691
2026-06-13 07:00:00+00:00,63714.0,63861.0,63650.0,63829.0,662.86489,7584
2026-06-13 08:00:00+00:00,63829.0,63910.0,63730.0,63786.0,732.46096,8898
2026-06-13 09:00:00+00:00,63786.0,63849.0,63712.0,63713.0,296.72752,4844
2026-06-13 10:00:00+00:00,63713.0,63881.0,63705.0,63811.0,555.79908,5875
2026-06-13 11:00:00+00:00,63811.0,63965.0,63810.0,63945.0,1421.36716,10235
2026-06-13 12:00:00+00:00,63944.0,64209.0,63883.0,64115.0,1199.15306,11317
2026-06-13 13:00:00+00:00,64114.0,64219.0,64029.0,64084.0,696.4273,11910
2026-06-13 14:00:00+00:00,64084.0,64221.0,64063.0,64207.0,296.35806,9938
2026-06-13 15:00:00+00:00,64207.0,64332.0,64174.0,64288.0,680.92435,12298
2026-06-13 16:00:00+00:00,64289.0,64298.0,63899.0,64010.0,1612.673,14391
2026-06-13 17:00:00+00:00,64011.0,64106.0,63917.0,63957.0,533.74768,8537
2026-06-13 18:00:00+00:00,63958.0,64271.0,63953.0,64130.0,697.98981,9173
2026-06-13 19:00:00+00:00,64130.0,64315.0,64120.0,64271.0,774.5655,8758
2026-06-13 20:00:00+00:00,64272.0,64280.0,64204.0,64263.0,209.28401,6230
2026-06-13 21:00:00+00:00,64264.0,64750.0,64201.0,64450.0,1643.92998,15509
2026-06-13 22:00:00+00:00,64449.0,64545.0,64350.0,64431.0,880.6945,9247
2026-06-13 23:00:00+00:00,64430.0,64574.0,64363.0,64427.0,377.62912,7056
2026-06-14 00:00:00+00:00,64427.0,64568.0,64351.0,64544.0,1125.00115,9034
2026-06-14 01:00:00+00:00,64544.0,64697.0,64481.0,64555.0,865.23285,9817
2026-06-14 02:00:00+00:00,64555.0,64617.0,64445.0,64471.0,524.62912,7337
2026-06-14 03:00:00+00:00,64471.0,64529.0,64447.0,64525.0,446.19717,5337
2026-06-14 04:00:00+00:00,64526.0,64540.0,64298.0,64313.0,668.02939,6834
2026-06-14 05:00:00+00:00,64312.0,64383.0,64275.0,64320.0,247.81263,4968
2026-06-14 06:00:00+00:00,64321.0,64461.0,64213.0,64261.0,3455.60842,17595
2026-06-14 07:00:00+00:00,64261.0,64435.0,64207.0,64408.0,888.19121,7741
2026-06-14 08:00:00+00:00,64409.0,64488.0,64377.0,64438.0,323.71303,5452
2026-06-14 09:00:00+00:00,64438.0,64600.0,64283.0,64600.0,988.66187,9092
2026-06-14 10:00:00+00:00,64600.0,64655.0,64454.0,64494.0,914.42417,7395
2026-06-14 11:00:00+00:00,64494.0,64618.0,64431.0,64518.0,394.42477,5570
2026-06-14 12:00:00+00:00,64518.0,64540.0,64274.0,64300.0,644.29549,7765
2026-06-14 13:00:00+00:00,64300.0,64374.0,64221.0,64281.0,809.39715,8667
2026-06-14 14:00:00+00:00,64282.0,64317.0,63838.0,63966.0,1414.48083,17175
2026-06-14 15:00:00+00:00,63966.0,64126.0,63951.0,63996.0,521.50549,9743
2026-06-14 16:00:00+00:00,63997.0,64184.0,63899.0,63900.0,908.46865,9762
2026-06-14 17:00:00+00:00,63900.0,63993.0,63648.0,63702.0,992.07127,12669
2026-06-14 18:00:00+00:00,63702.0,63806.0,63648.0,63800.0,656.10264,11900
2026-06-14 19:00:00+00:00,63800.0,63836.0,63705.0,63786.0,290.13291,5929
2026-06-14 20:00:00+00:00,63787.0,64112.0,63776.0,63983.0,671.93629,7984
2026-06-14 21:00:00+00:00,63984.0,65650.0,63983.0,65303.0,7832.15828,53419
2026-06-14 22:00:00+00:00,65305.0,65515.0,64923.0,65389.0,4325.57662,35815
2026-06-14 23:00:00+00:00,65388.0,65780.0,65230.0,65720.0,2527.17875,26766
2026-06-15 00:00:00+00:00,65719.0,65872.0,65456.0,65608.0,2215.9772,21826
2026-06-15 01:00:00+00:00,65608.0,65702.0,65325.0,65487.0,1142.55416,16914
2026-06-15 02:00:00+00:00,65487.0,65756.0,65407.0,65446.0,543.90907,12429
2026-06-15 03:00:00+00:00,65445.0,65980.0,65412.0,65898.0,1084.82876,15740
2026-06-15 04:00:00+00:00,65897.0,65898.0,65596.0,65611.0,1222.4054,11674
2026-06-15 05:00:00+00:00,65611.0,65851.0,65583.0,65834.0,1691.63901,10579
2026-06-15 06:00:00+00:00,65834.0,65955.0,65753.0,65801.0,515.17264,10155
2026-06-15 07:00:00+00:00,65800.0,66020.0,65620.0,65648.0,1283.31676,13828
2026-06-15 08:00:00+00:00,65647.0,65776.0,65593.0,65648.0,689.86051,10253
2026-06-15 09:00:00+00:00,65647.0,65755.0,65487.0,65570.0,928.24972,9642
2026-06-15 10:00:00+00:00,65570.0,65938.0,65554.0,65888.0,940.46041,10540
2026-06-15 11:00:00+00:00,65887.0,66353.0,65822.0,66221.0,2842.09097,26262
2026-06-15 12:00:00+00:00,66220.0,66587.0,66086.0,66547.0,1906.95928,19174
2026-06-15 13:00:00+00:00,66547.0,66940.0,66383.0,66412.0,3467.50153,31520
2026-06-15 14:00:00+00:00,66413.0,66642.0,66270.0,66567.0,1310.29462,16812
2026-06-15 15:00:00+00:00,66561.0,67261.0,66554.0,67261.0,1826.10422,19690
2026-06-15 16:00:00+00:00,67250.0,67283.0,67064.0,67131.0,1456.53641,19758
2026-06-15 17:00:00+00:00,67131.0,67131.0,66644.0,66825.0,1354.64008,18553
2026-06-15 18:00:00+00:00,66825.0,66904.0,66688.0,66729.0,617.70019,12938
2026-06-15 19:00:00+00:00,66730.0,66861.0,66323.0,66561.0,1388.19625,17323
2026-06-15 20:00:00+00:00,66562.0,66649.0,66454.0,66484.0,679.96223,12540
2026-06-15 21:00:00+00:00,66484.0,66524.0,66285.0,66338.0,904.6379,11798
2026-06-15 22:00:00+00:00,66339.0,66442.0,66057.0,66167.0,1454.65466,17694
2026-06-15 23:00:00+00:00,66168.0,66330.0,66094.0,66294.0,314.7141,10384
2026-06-16 00:00:00+00:00,66293.0,66441.0,66206.0,66215.0,923.91959,12664
2026-06-16 01:00:00+00:00,66215.0,66389.0,66214.0,66314.0,396.19811,8732
2026-06-16 02:00:00+00:00,66315.0,66330.0,65647.0,65710.0,2414.16819,20848
2026-06-16 03:00:00+00:00,65711.0,66128.0,65603.0,66128.0,1209.13049,15161
2026-06-16 04:00:00+00:00,66127.0,66245.0,65771.0,65807.0,647.51075,12541
2026-06-16 05:00:00+00:00,65807.0,66111.0,65807.0,66032.0,620.13479,11024
2026-06-16 06:00:00+00:00,66033.0,66552.0,66032.0,66408.0,1207.11742,14102
2026-06-16 07:00:00+00:00,66409.0,66499.0,66259.0,66343.0,950.16641,11345
2026-06-16 08:00:00+00:00,66343.0,66964.0,66314.0,66858.0,1518.52337,18748
2026-06-16 09:00:00+00:00,66859.0,66887.0,66445.0,66482.0,1577.11901,16405
2026-06-16 10:00:00+00:00,66482.0,66745.0,66450.0,66481.0,963.27756,13170
2026-06-16 11:00:00+00:00,66481.0,66612.0,66336.0,66456.0,439.87729,11020
2026-06-16 12:00:00+00:00,66456.0,66792.0,66349.0,66397.0,1270.06408,19803
2026-06-16 13:00:00+00:00,66396.0,66431.0,65907.0,66019.0,2189.8396,27708
2026-06-16 14:00:00+00:00,66020.0,66240.0,65320.0,65624.0,3134.61053,36630
2026-06-16 15:00:00+00:00,65624.0,65974.0,65585.0,65851.0,1673.83955,21238
2026-06-16 16:00:00+00:00,65851.0,65930.0,65677.0,65732.0,917.04394,13866
2026-06-16 17:00:00+00:00,65733.0,65995.0,65692.0,65958.0,732.76061,13457
2026-06-16 18:00:00+00:00,65958.0,66216.0,65784.0,65822.0,1756.1345,15199
2026-06-16 19:00:00+00:00,65822.0,65822.0,65545.0,65642.0,918.21215,14456
2026-06-16 20:00:00+00:00,65642.0,65848.0,65567.0,65834.0,1046.20317,10308
2026-06-16 21:00:00+00:00,65835.0,65919.0,65615.0,65749.0,883.10557,8798
2026-06-16 22:00:00+00:00,65749.0,65863.0,65648.0,65748.0,607.22633,8021
2026-06-16 23:00:00+00:00,65748.0,65806.0,65587.0,65639.0,277.05046,7071
2026-06-17 00:00:00+00:00,65640.0,65823.0,65639.0,65682.0,329.41515,8615
2026-06-17 01:00:00+00:00,65683.0,65931.0,65450.0,65913.0,1093.10494,13513
2026-06-17 02:00:00+00:00,65914.0,66121.0,65756.0,65882.0,600.67455,12201
2026-06-17 03:00:00+00:00,65882.0,65882.0,65686.0,65822.0,284.07189,7701
2026-06-17 04:00:00+00:00,65823.0,66020.0,65765.0,65858.0,608.21797,7909
2026-06-17 05:00:00+00:00,65858.0,65954.0,65731.0,65813.0,696.76787,7559
2026-06-17 06:00:00+00:00,65813.0,65889.0,65555.0,65595.0,865.2545,8355
2026-06-17 07:00:00+00:00,65595.0,65692.0,65215.0,65511.0,1533.98153,14388
2026-06-17 08:00:00+00:00,65512.0,65550.0,64821.0,64896.0,2345.93198,22311
2026-06-17 09:00:00+00:00,64897.0,65066.0,64813.0,64886.0,1131.07727,13525
2026-06-17 10:00:00+00:00,64887.0,64986.0,64750.0,64782.0,1268.31872,13537
2026-06-17 11:00:00+00:00,64781.0,64849.0,64518.0,64796.0,1786.68587,21561
2026-06-17 12:00:00+00:00,64797.0,65098.0,64572.0,65033.0,996.14889,18175
2026-06-17 13:00:00+00:00,65033.0,65354.0,64826.0,65271.0,1608.29832,21434
2026-06-17 14:00:00+00:00,65271.0,65439.0,64754.0,65085.0,1252.21009,26365
2026-06-17 15:00:00+00:00,65085.0,65848.0,64951.0,65731.0,2129.69477,26360
2026-06-17 16:00:00+00:00,65730.0,66429.0,65702.0,65833.0,3894.93788,37882
2026-06-17 17:00:00+00:00,65834.0,66159.0,65756.0,66050.0,1525.09657,17005
2026-06-17 18:00:00+00:00,66051.0,66066.0,64668.0,65493.0,7649.40612,62812
2026-06-17 19:00:00+00:00,65492.0,65629.0,64000.0,64287.0,6745.7211,59035
2026-06-17 20:00:00+00:00,64286.0,64456.0,64159.0,64386.0,1615.46763,20425
2026-06-17 21:00:00+00:00,64387.0,64418.0,64106.0,64227.0,1630.46525,15592
2026-06-17 22:00:00+00:00,64228.0,64400.0,63878.0,64264.0,2402.72284,20147
2026-06-17 23:00:00+00:00,64265.0,64493.0,64206.0,64470.0,830.4888,11802
2026-06-18 00:00:00+00:00,64470.0,64666.0,64421.0,64431.0,1065.73128,13953
2026-06-18 01:00:00+00:00,64431.0,64771.0,64429.0,64513.0,913.46394,12594
2026-06-18 02:00:00+00:00,64514.0,64714.0,64452.0,64651.0,1049.26149,10670
2026-06-18 03:00:00+00:00,64652.0,64652.0,64222.0,64247.0,755.86735,11512
2026-06-18 04:00:00+00:00,64247.0,64296.0,63779.0,63852.0,3238.15401,25139
2026-06-18 05:00:00+00:00,63852.0,63993.0,63655.0,63961.0,1982.2226,17730
2026-06-18 06:00:00+00:00,63961.0,64095.0,63812.0,64053.0,535.02162,10991
2026-06-18 07:00:00+00:00,64052.0,64478.0,63979.0,64476.0,1288.58922,14337
2026-06-18 08:00:00+00:00,64476.0,64617.0,64327.0,64362.0,1150.70129,18247
2026-06-18 09:00:00+00:00,64363.0,64451.0,64148.0,64162.0,873.59865,13230
2026-06-18 10:00:00+00:00,64163.0,64190.0,63879.0,64061.0,1651.50321,14609
2026-06-18 11:00:00+00:00,64061.0,64167.0,63846.0,63952.0,1994.84893,11445
2026-06-18 12:00:00+00:00,63952.0,64379.0,63897.0,64348.0,1110.07185,12009
2026-06-18 13:00:00+00:00,64349.0,64420.0,63760.0,63945.0,2728.31121,24930
2026-06-18 14:00:00+00:00,63944.0,64176.0,63559.0,63777.0,3282.07103,39920
2026-06-18 15:00:00+00:00,63776.0,63778.0,62254.0,62339.0,7484.92023,56867
2026-06-18 16:00:00+00:00,62338.0,62784.0,62305.0,62663.0,4021.6617,24978
2026-06-18 17:00:00+00:00,62664.0,62725.0,62235.0,62580.0,2034.54317,19537
2026-06-18 18:00:00+00:00,62579.0,62954.0,62560.0,62674.0,2645.71722,18427
2026-06-18 19:00:00+00:00,62674.0,62980.0,62598.0,62917.0,1176.23915,13606
2026-06-18 20:00:00+00:00,62917.0,63253.0,62917.0,63069.0,2125.20328,19468
2026-06-18 21:00:00+00:00,63069.0,63107.0,62841.0,62945.0,792.39653,15555
2026-06-18 22:00:00+00:00,62945.0,62968.0,62709.0,62862.0,1669.00895,12328
2026-06-18 23:00:00+00:00,62863.0,62969.0,62726.0,62935.0,1086.50028,10135
2026-06-19 00:00:00+00:00,62936.0,63062.0,62809.0,62997.0,757.42376,11353
2026-06-19 01:00:00+00:00,62997.0,63077.0,62818.0,62999.0,909.01704,11986
2026-06-19 02:00:00+00:00,62998.0,63088.0,62864.0,62975.0,900.65933,9470
2026-06-19 03:00:00+00:00,62975.0,63001.0,62350.0,62753.0,2900.86653,22114
2026-06-19 04:00:00+00:00,62752.0,62900.0,62386.0,62432.0,883.63077,13612
2026-06-19 05:00:00+00:00,62431.0,62722.0,62425.0,62708.0,798.4247,11360
2026-06-19 06:00:00+00:00,62707.0,62890.0,62701.0,62867.0,440.75633,8893
2026-06-19 07:00:00+00:00,62867.0,62894.0,62468.0,62599.0,741.23205,12400
2026-06-19 08:00:00+00:00,62598.0,62759.0,62522.0,62554.0,1282.41429,13173
2026-06-19 09:00:00+00:00,62554.0,62622.0,62292.0,62360.0,1147.66513,11996
2026-06-19 10:00:00+00:00,62359.0,62572.0,62355.0,62506.0,892.02692,12407
2026-06-19 11:00:00+00:00,62506.0,62663.0,62420.0,62604.0,496.16637,9471
2026-06-19 12:00:00+00:00,62605.0,62853.0,62312.0,62800.0,1423.75297,16983
2026-06-19 13:00:00+00:00,62799.0,63423.0,62629.0,63189.0,2812.87547,27171
2026-06-19 14:00:00+00:00,63188.0,63386.0,62980.0,63179.0,1283.90321,22370
2026-06-19 15:00:00+00:00,63179.0,63269.0,63000.0,63184.0,919.33217,20239
2026-06-19 16:00:00+00:00,63183.0,63380.0,62902.0,62943.0,1201.46596,16986
2026-06-19 17:00:00+00:00,62942.0,63205.0,62835.0,63180.0,680.8849,14988
2026-06-19 18:00:00+00:00,63180.0,63180.0,62964.0,63083.0,501.97763,9440
2026-06-19 19:00:00+00:00,63083.0,63123.0,62915.0,62995.0,455.33887,7558
2026-06-19 20:00:00+00:00,62995.0,63263.0,62930.0,63230.0,458.79934,7773
2026-06-19 21:00:00+00:00,63230.0,63255.0,63030.0,63044.0,557.77376,7050
2026-06-19 22:00:00+00:00,63044.0,63359.0,63030.0,63293.0,637.32982,7944
2026-06-19 23:00:00+00:00,63293.0,63630.0,63251.0,63512.0,1169.02242,10168
2026-06-20 00:00:00+00:00,63513.0,63762.0,63437.0,63511.0,843.41651,12145
2026-06-20 01:00:00+00:00,63510.0,63591.0,63376.0,63550.0,290.41417,7888
2026-06-20 02:00:00+00:00,63551.0,63551.0,63310.0,63312.0,560.95783,7728
2026-06-20 03:00:00+00:00,63312.0,63486.0,63285.0,63444.0,142.28957,5442
2026-06-20 04:00:00+00:00,63444.0,63589.0,63368.0,63551.0,362.71487,6704
2026-06-20 05:00:00+00:00,63550.0,63878.0,63515.0,63653.0,930.34787,12329
2026-06-20 06:00:00+00:00,63653.0,63741.0,63611.0,63722.0,779.8692,8919
2026-06-20 07:00:00+00:00,63721.0,63776.0,63570.0,63617.0,676.12137,8973
2026-06-20 08:00:00+00:00,63618.0,63624.0,63354.0,63399.0,955.39739,9287
2026-06-20 09:00:00+00:00,63399.0,63764.0,63394.0,63704.0,426.00203,6835
2026-06-20 10:00:00+00:00,63705.0,63751.0,63564.0,63651.0,543.16596,6393
2026-06-20 11:00:00+00:00,63651.0,63773.0,63593.0,63658.0,315.38382,5386
2026-06-20 12:00:00+00:00,63659.0,63766.0,63513.0,63623.0,815.90781,8159
2026-06-20 13:00:00+00:00,63623.0,63623.0,63248.0,63373.0,1577.86098,12377
2026-06-20 14:00:00+00:00,63373.0,64122.0,63170.0,63930.0,2510.55934,26723
2026-06-20 15:00:00+00:00,63929.0,64361.0,63815.0,64120.0,1846.54792,21105
2026-06-20 16:00:00+00:00,64121.0,64136.0,63871.0,63990.0,776.18832,11182
2026-06-20 17:00:00+00:00,63991.0,64009.0,63725.0,63814.0,645.05,11691
2026-06-20 18:00:00+00:00,63815.0,63896.0,63753.0,63777.0,176.60731,5412
2026-06-20 19:00:00+00:00,63778.0,63947.0,63765.0,63906.0,247.29901,6142
2026-06-20 20:00:00+00:00,63907.0,63954.0,63828.0,63899.0,151.86369,4867
2026-06-20 21:00:00+00:00,63900.0,64068.0,63896.0,63989.0,305.99849,6059
2026-06-20 22:00:00+00:00,63989.0,64336.0,63957.0,64252.0,736.75935,10204
2026-06-20 23:00:00+00:00,64251.0,64315.0,64230.0,64276.0,341.26841,6320
2026-06-21 00:00:00+00:00,64276.0,64305.0,64211.0,64268.0,861.10432,7591
2026-06-21 01:00:00+00:00,64268.0,64312.0,64187.0,64229.0,801.40424,6755
2026-06-21 02:00:00+00:00,64228.0,64256.0,64196.0,64230.0,305.59457,4301
2026-06-21 03:00:00+00:00,64231.0,64449.0,64210.0,64399.0,855.10699,9219
2026-06-21 04:00:00+00:00,64399.0,64555.0,64235.0,64251.0,1496.11429,11479
2026-06-21 05:00:00+00:00,64252.0,64343.0,64196.0,64221.0,600.91225,6954
2026-06-21 06:00:00+00:00,64221.0,64301.0,64167.0,64265.0,294.12944,4882
2026-06-21 07:00:00+00:00,64265.0,64273.0,64117.0,64160.0,815.51906,6201
2026-06-21 08:00:00+00:00,64160.0,64186.0,63864.0,63985.0,680.33293,10303
2026-06-21 09:00:00+00:00,63985.0,64220.0,63923.0,64175.0,698.37607,8375
2026-06-21 10:00:00+00:00,64176.0,64383.0,64169.0,64336.0,575.88758,7898
2026-06-21 11:00:00+00:00,64336.0,64452.0,64067.0,64130.0,1409.34645,13664
2026-06-21 12:00:00+00:00,64134.0,64197.0,63910.0,64161.0,674.71756,10934
2026-06-21 13:00:00+00:00,64161.0,64162.0,63982.0,64105.0,424.08121,7249
2026-06-21 14:00:00+00:00,64106.0,64117.0,63968.0,64110.0,240.97644,8569
2026-06-21 15:00:00+00:00,64110.0,64306.0,64087.0,64185.0,499.49092,9157
2026-06-21 16:00:00+00:00,64186.0,64219.0,64007.0,64107.0,351.74118,8444
2026-06-21 17:00:00+00:00,64108.0,64189.0,64036.0,64111.0,220.96741,6895
2026-06-21 18:00:00+00:00,64111.0,64211.0,63922.0,64162.0,564.43893,11937
2026-06-21 19:00:00+00:00,64162.0,64255.0,64130.0,64168.0,200.86544,6331
2026-06-21 20:00:00+00:00,64168.0,64232.0,63654.0,63800.0,1670.0507,14008
2026-06-21 21:00:00+00:00,63800.0,63921.0,63461.0,63760.0,2622.87025,22362
2026-06-21 22:00:00+00:00,63760.0,63820.0,63541.0,63762.0,1391.48803,17182
2026-06-21 23:00:00+00:00,63763.0,63763.0,63242.0,63270.0,1387.95988,18708
2026-06-22 00:00:00+00:00,63270.0,64057.0,63270.0,63861.0,1287.55725,21687
2026-06-22 01:00:00+00:00,63860.0,64775.0,63814.0,64576.0,3786.05635,32016
2026-06-22 02:00:00+00:00,64575.0,64636.0,64211.0,64218.0,1027.96927,14837
2026-06-22 03:00:00+00:00,64218.0,64425.0,63884.0,63937.0,3766.25578,24406
2026-06-22 04:00:00+00:00,63936.0,64080.0,63832.0,64067.0,515.29044,9607
2026-06-22 05:00:00+00:00,64066.0,64313.0,64058.0,64204.0,736.25586,10765
2026-06-22 06:00:00+00:00,64204.0,64291.0,63919.0,63971.0,520.28014,8634
2026-06-22 07:00:00+00:00,63971.0,64363.0,63940.0,64178.0,744.27974,8952
2026-06-22 08:00:00+00:00,64177.0,64320.0,64009.0,64139.0,497.39054,10357
2026-06-22 09:00:00+00:00,64138.0,64225.0,64016.0,64108.0,193.91429,6399
2026-06-22 10:00:00+00:00,64108.0,64247.0,64042.0,64112.0,337.96316,5844
2026-06-22 11:00:00+00:00,64111.0,64741.0,64070.0,64630.0,2300.34531,21709
2026-06-22 12:00:00+00:00,64630.0,65200.0,64558.0,65116.0,5626.79447,34203
2026-06-22 13:00:00+00:00,65116.0,65555.0,64911.0,65537.0,3377.16257,38034
2026-06-22 14:00:00+00:00,65536.0,65587.0,64816.0,64946.0,2615.57677,50357
2026-06-22 15:00:00+00:00,64946.0,65105.0,64722.0,64802.0,1941.86517,21450
2026-06-22 16:00:00+00:00,64802.0,64826.0,64494.0,64702.0,1990.25875,21127
2026-06-22 17:00:00+00:00,64702.0,64750.0,64363.0,64587.0,1166.78882,16255
2026-06-22 18:00:00+00:00,64586.0,64710.0,64287.0,64309.0,1186.70803,16427
2026-06-22 19:00:00+00:00,64309.0,64486.0,64268.0,64482.0,2092.4829,19478
2026-06-22 20:00:00+00:00,64482.0,64653.0,64334.0,64420.0,2144.17898,13808
2026-06-22 21:00:00+00:00,64419.0,64467.0,64131.0,64298.0,912.55826,10467
2026-06-22 22:00:00+00:00,64298.0,64375.0,63785.0,63964.0,3299.93345,22667
2026-06-22 23:00:00+00:00,63964.0,64043.0,63880.0,64012.0,715.63008,10521
2026-06-23 00:00:00+00:00,64012.0,64145.0,63820.0,64138.0,910.07588,13143
2026-06-23 01:00:00+00:00,64138.0,64254.0,63871.0,64131.0,1607.21869,12824
2026-06-23 02:00:00+00:00,64132.0,64236.0,64019.0,64167.0,1387.86498,9677
2026-06-23 03:00:00+00:00,64167.0,64167.0,63936.0,64035.0,443.54906,8255
2026-06-23 04:00:00+00:00,64035.0,64068.0,63572.0,63595.0,1414.44315,12561
2026-06-23 05:00:00+00:00,63595.0,63705.0,63331.0,63371.0,1535.6246,17048
2026-06-23 06:00:00+00:00,63372.0,63372.0,62532.0,62900.0,5766.13396,37199
2026-06-23 07:00:00+00:00,62900.0,63051.0,62832.0,62852.0,1465.54835,15843
2026-06-23 08:00:00+00:00,62851.0,62910.0,61901.0,62348.0,4673.8126,38204
2026-06-23 09:00:00+00:00,62348.0,62478.0,62308.0,62349.0,1440.52282,13696
2026-06-23 10:00:00+00:00,62349.0,62549.0,62202.0,62294.0,1182.8059,13996
2026-06-23 11:00:00+00:00,62294.0,62617.0,62294.0,62481.0,1583.8692,16609
2026-06-23 12:00:00+00:00,62482.0,62537.0,62190.0,62231.0,837.97758,13003
2026-06-23 13:00:00+00:00,62232.0,62517.0,61935.0,62449.0,4479.42073,34782
2026-06-23 14:00:00+00:00,62449.0,62818.0,62390.0,62458.0,2536.26771,34380
2026-06-23 15:00:00+00:00,62458.0,62479.0,62157.0,62460.0,1887.89524,23776
2026-06-23 16:00:00+00:00,62461.0,62794.0,62396.0,62526.0,2365.7637,22019
2026-06-23 17:00:00+00:00,62526.0,62664.0,62300.0,62330.0,653.60423,14459
2026-06-23 18:00:00+00:00,62331.0,62424.0,62080.0,62219.0,1010.42987,15940
2026-06-23 19:00:00+00:00,62218.0,62453.0,62204.0,62381.0,676.11658,15198
2026-06-23 20:00:00+00:00,62381.0,62507.0,62357.0,62440.0,567.75253,11127
2026-06-23 21:00:00+00:00,62440.0,62638.0,62440.0,62568.0,514.1885,10631
2026-06-23 22:00:00+00:00,62568.0,62757.0,62505.0,62560.0,893.02809,12345
2026-06-23 23:00:00+00:00,62561.0,62768.0,62500.0,62706.0,1102.94061,11153
2026-06-24 00:00:00+00:00,62706.0,63000.0,62706.0,62991.0,1026.07616,16088
2026-06-24 01:00:00+00:00,62991.0,63087.0,62751.0,62910.0,1215.08474,14554
2026-06-24 02:00:00+00:00,62910.0,62984.0,62573.0,62599.0,889.60427,12852
2026-06-24 03:00:00+00:00,62598.0,62812.0,62441.0,62703.0,1153.8214,11629
2026-06-24 04:00:00+00:00,62704.0,62778.0,62511.0,62741.0,584.82833,8939
2026-06-24 05:00:00+00:00,62741.0,63065.0,62690.0,62857.0,1890.28622,12383
2026-06-24 06:00:00+00:00,62857.0,62885.0,62700.0,62747.0,586.96332,8097
2026-06-24 07:00:00+00:00,62748.0,62821.0,62568.0,62616.0,813.84929,10821
2026-06-24 08:00:00+00:00,62616.0,62791.0,62578.0,62781.0,742.97442,10220
2026-06-24 09:00:00+00:00,62781.0,62781.0,62610.0,62657.0,265.34469,6626
2026-06-24 10:00:00+00:00,62658.0,62658.0,62400.0,62416.0,750.33844,9703
2026-06-24 11:00:00+00:00,62416.0,63196.0,62293.0,62884.0,2348.60159,21915
2026-06-24 12:00:00+00:00,62883.0,62939.0,62555.0,62587.0,1110.42866,15984
2026-06-24 13:00:00+00:00,62587.0,62595.0,61223.0,61308.0,7114.41646,61577
2026-06-24 14:00:00+00:00,61309.0,61444.0,60856.0,61084.0,4860.24015,48877
2026-06-24 15:00:00+00:00,61083.0,61110.0,60227.0,60245.0,4163.62149,43867
2026-06-24 16:00:00+00:00,60245.0,60639.0,59565.0,59822.0,6392.66059,52210
2026-06-24 17:00:00+00:00,59822.0,60026.0,59060.0,59373.0,7640.22114,63688
2026-06-24 18:00:00+00:00,59373.0,59914.0,59280.0,59570.0,3585.6111,39176
2026-06-24 19:00:00+00:00,59570.0,59966.0,59495.0,59943.0,1852.81423,26337
2026-06-24 20:00:00+00:00,59942.0,61181.0,59823.0,60931.0,6697.27608,53155
2026-06-24 21:00:00+00:00,60931.0,61115.0,60640.0,61083.0,1722.64814,20670
2026-06-24 22:00:00+00:00,61082.0,61231.0,60780.0,60838.0,903.85791,15401
2026-06-24 23:00:00+00:00,60839.0,61084.0,60796.0,61047.0,542.45138,12031
2026-06-25 00:00:00+00:00,61048.0,61128.0,60703.0,60787.0,1328.86773,16761
2026-06-25 01:00:00+00:00,60788.0,60968.0,60692.0,60895.0,897.33824,13276
2026-06-25 02:00:00+00:00,60896.0,60930.0,60664.0,60756.0,659.96447,11675
2026-06-25 03:00:00+00:00,60757.0,60881.0,60661.0,60854.0,556.21517,9594
2026-06-25 04:00:00+00:00,60855.0,61373.0,60758.0,61337.0,1332.5364,14572
2026-06-25 05:00:00+00:00,61337.0,61777.0,61255.0,61572.0,2655.93238,24093
2026-06-25 06:00:00+00:00,61573.0,61809.0,61572.0,61689.0,1139.93665,13219
2026-06-25 07:00:00+00:00,61690.0,61927.0,61625.0,61874.0,1402.99338,14601
2026-06-25 08:00:00+00:00,61875.0,61884.0,61637.0,61668.0,1064.62462,11400
2026-06-25 09:00:00+00:00,61668.0,61752.0,61571.0,61703.0,763.04642,9680
2026-06-25 10:00:00+00:00,61704.0,61719.0,61217.0,61229.0,947.80987,13287
2026-06-25 11:00:00+00:00,61229.0,61384.0,61028.0,61249.0,1470.26123,18058
2026-06-25 12:00:00+00:00,61249.0,61700.0,61037.0,61213.0,2100.94603,23486
2026-06-25 13:00:00+00:00,61212.0,61336.0,58062.0,58234.0,12985.44539,84600
2026-06-25 14:00:00+00:00,58242.0,60465.0,58236.0,59438.0,14759.20133,107276
2026-06-25 15:00:00+00:00,59439.0,59620.0,58819.0,59530.0,6089.59779,55591
2026-06-25 16:00:00+00:00,59530.0,60030.0,59117.0,59276.0,4108.68347,40173
2026-06-25 17:00:00+00:00,59277.0,59699.0,59102.0,59649.0,2862.52999,29628
2026-06-25 18:00:00+00:00,59649.0,59759.0,59332.0,59466.0,1976.7205,24399
2026-06-25 19:00:00+00:00,59466.0,59490.0,59136.0,59283.0,1771.20098,19904
2026-06-25 20:00:00+00:00,59284.0,59710.0,59284.0,59422.0,1581.78603,18583
2026-06-25 21:00:00+00:00,59423.0,60210.0,59418.0,60180.0,1857.84983,20282
2026-06-25 22:00:00+00:00,60180.0,60180.0,59699.0,59811.0,1051.6982,18675
2026-06-25 23:00:00+00:00,59812.0,60166.0,59691.0,59759.0,1350.74377,17566
2026-06-26 00:00:00+00:00,59760.0,59871.0,59595.0,59634.0,584.87724,14766
2026-06-26 01:00:00+00:00,59633.0,59747.0,59192.0,59405.0,1340.86839,21188
2026-06-26 02:00:00+00:00,59405.0,59411.0,58308.0,58518.0,3370.82564,36803
2026-06-26 03:00:00+00:00,58528.0,60091.0,58311.0,60025.0,4291.06969,38896
2026-06-26 04:00:00+00:00,60024.0,60212.0,59804.0,59892.0,3090.32295,28559
2026-06-26 05:00:00+00:00,59892.0,60017.0,59697.0,59920.0,1591.7406,19079
2026-06-26 06:00:00+00:00,59920.0,60421.0,59670.0,60292.0,2870.94483,28990
2026-06-26 07:00:00+00:00,60291.0,60726.0,60249.0,60500.0,1882.52399,24167
2026-06-26 08:00:00+00:00,60500.0,60542.0,60112.0,60211.0,2203.19917,23303
2026-06-26 09:00:00+00:00,60213.0,60227.0,59554.0,59705.0,1216.58099,19507
2026-06-26 10:00:00+00:00,59704.0,59831.0,59207.0,59283.0,1564.27822,21530
2026-06-26 11:00:00+00:00,59283.0,59563.0,59242.0,59387.0,669.07912,16704
2026-06-26 12:00:00+00:00,59388.0,59979.0,58922.0,59146.0,5446.77574,44315
2026-06-26 13:00:00+00:00,59148.0,60188.0,58482.0,60143.0,6307.13193,61112
2026-06-26 14:00:00+00:00,60142.0,60258.0,59354.0,59557.0,3714.58911,48731
2026-06-26 15:00:00+00:00,59556.0,60477.0,59549.0,60300.0,2966.19011,39870
2026-06-26 16:00:00+00:00,60300.0,60543.0,59931.0,60003.0,1622.68232,28437
2026-06-26 17:00:00+00:00,60003.0,60256.0,59920.0,59992.0,645.98536,21366
2026-06-26 18:00:00+00:00,59991.0,60127.0,59522.0,59634.0,1035.79729,20721
2026-06-26 19:00:00+00:00,59635.0,60060.0,59579.0,59736.0,1295.58197,20222
2026-06-26 20:00:00+00:00,59752.0,59952.0,59560.0,59684.0,1108.49361,17486
2026-06-26 21:00:00+00:00,59685.0,60027.0,59641.0,59882.0,669.8419,12723
2026-06-26 22:00:00+00:00,59883.0,60049.0,59718.0,60009.0,728.92757,10884
2026-06-26 23:00:00+00:00,60010.0,60097.0,59906.0,60074.0,1055.85549,10816
2026-06-27 00:00:00+00:00,60074.0,60159.0,59837.0,60026.0,741.18558,10508
2026-06-27 01:00:00+00:00,60025.0,60033.0,59899.0,59915.0,233.98429,6276
2026-06-27 02:00:00+00:00,59916.0,60357.0,59887.0,60257.0,1044.7199,13442
2026-06-27 03:00:00+00:00,60258.0,60391.0,60138.0,60280.0,720.80631,10549
2026-06-27 04:00:00+00:00,60281.0,60457.0,60184.0,60210.0,501.99798,9577
2026-06-27 05:00:00+00:00,60210.0,60285.0,60103.0,60213.0,478.24364,8608
2026-06-27 06:00:00+00:00,60214.0,60459.0,60082.0,60345.0,742.07032,10060
2026-06-27 07:00:00+00:00,60345.0,60546.0,60265.0,60518.0,652.50388,10019
2026-06-27 08:00:00+00:00,60519.0,60519.0,60333.0,60426.0,600.02412,9855
2026-06-27 09:00:00+00:00,60427.0,60478.0,60249.0,60393.0,592.34799,8265
2026-06-27 10:00:00+00:00,60393.0,60459.0,60340.0,60383.0,212.22625,6063
2026-06-27 11:00:00+00:00,60383.0,60420.0,60166.0,60338.0,751.42184,10310
2026-06-27 12:00:00+00:00,60338.0,60393.0,60224.0,60389.0,496.09709,8028
2026-06-27 13:00:00+00:00,60390.0,60628.0,60353.0,60553.0,918.37609,12177
2026-06-27 14:00:00+00:00,60554.0,60700.0,60473.0,60583.0,672.66985,13378
2026-06-27 15:00:00+00:00,60584.0,60935.0,60541.0,60813.0,1277.52191,16444
2026-06-27 16:00:00+00:00,60814.0,60820.0,60648.0,60785.0,642.80742,9623
2026-06-27 17:00:00+00:00,60784.0,60796.0,60402.0,60498.0,799.14442,12502
2026-06-27 18:00:00+00:00,60498.0,60548.0,60417.0,60536.0,280.21895,7940
2026-06-27 19:00:00+00:00,60537.0,60580.0,60058.0,60145.0,1274.44901,14801
2026-06-27 20:00:00+00:00,60145.0,60276.0,60145.0,60265.0,468.45275,7529
2026-06-27 21:00:00+00:00,60266.0,60455.0,60110.0,60174.0,638.46782,10454
2026-06-27 22:00:00+00:00,60174.0,60225.0,59825.0,60197.0,1152.9071,14221
2026-06-27 23:00:00+00:00,60198.0,60291.0,59913.0,59996.0,737.35092,12252
2026-06-28 00:00:00+00:00,59996.0,60160.0,59979.0,60118.0,237.6679,6782
2026-06-28 01:00:00+00:00,60118.0,60245.0,59938.0,60191.0,971.00072,9606
2026-06-28 02:00:00+00:00,60190.0,60311.0,60014.0,60125.0,270.07699,6948
2026-06-28 03:00:00+00:00,60124.0,60250.0,60122.0,60172.0,346.25749,5180
2026-06-28 04:00:00+00:00,60172.0,60208.0,60059.0,60106.0,277.01111,5022
2026-06-28 05:00:00+00:00,60106.0,60106.0,59732.0,59962.0,907.38563,11653
2026-06-28 06:00:00+00:00,59963.0,60008.0,59785.0,59973.0,386.23208,7467
2026-06-28 07:00:00+00:00,59974.0,60233.0,59974.0,60190.0,467.2837,7405
2026-06-28 08:00:00+00:00,60191.0,60500.0,60110.0,60337.0,1421.782,9921
2026-06-28 09:00:00+00:00,60337.0,60434.0,60208.0,60224.0,991.77014,8164
2026-06-28 10:00:00+00:00,60225.0,60258.0,60032.0,60131.0,382.69236,6874
2026-06-28 11:00:00+00:00,60132.0,60343.0,60089.0,60310.0,629.00691,8478
2026-06-28 12:00:00+00:00,60311.0,60418.0,60157.0,60268.0,444.63921,9156
2026-06-28 13:00:00+00:00,60269.0,60269.0,59946.0,60043.0,589.1966,11196
2026-06-28 14:00:00+00:00,60044.0,60212.0,59981.0,60006.0,408.52598,11461
2026-06-28 15:00:00+00:00,60006.0,60090.0,59790.0,59854.0,737.74317,12625
2026-06-28 16:00:00+00:00,59855.0,59912.0,59550.0,59659.0,1359.78996,19320
2026-06-28 17:00:00+00:00,59660.0,59820.0,59370.0,59559.0,1788.27674,19722
2026-06-28 18:00:00+00:00,59559.0,59680.0,59469.0,59593.0,607.15129,11215
2026-06-28 19:00:00+00:00,59593.0,59650.0,59230.0,59450.0,1384.54068,16460
2026-06-28 20:00:00+00:00,59451.0,59740.0,59442.0,59633.0,1061.90001,11753
2026-06-28 21:00:00+00:00,59633.0,59758.0,59297.0,59418.0,1114.97202,14096
2026-06-28 22:00:00+00:00,59418.0,59884.0,58875.0,59041.0,3236.32754,38791
2026-06-28 23:00:00+00:00,59040.0,59823.0,58974.0,59549.0,2037.88177,25532
2026-06-29 00:00:00+00:00,59549.0,59683.0,58976.0,59648.0,2263.04806,32847
2026-06-29 01:00:00+00:00,59647.0,59660.0,59180.0,59411.0,1201.60136,20767
2026-06-29 02:00:00+00:00,59411.0,59770.0,58871.0,59721.0,1548.96594,26462
2026-06-29 03:00:00+00:00,59722.0,60188.0,59722.0,60015.0,1346.13106,21742
2026-06-29 04:00:00+00:00,60016.0,60029.0,59708.0,59792.0,833.9851,12659
2026-06-29 05:00:00+00:00,59793.0,60076.0,59353.0,60075.0,1078.86504,18735
2026-06-29 06:00:00+00:00,60075.0,60313.0,60015.0,60045.0,1064.45129,17752
2026-06-29 07:00:00+00:00,60046.0,60150.0,59894.0,59996.0,673.78246,13498
2026-06-29 08:00:00+00:00,59997.0,60068.0,59708.0,59807.0,848.422,15503
2026-06-29 09:00:00+00:00,59807.0,60085.0,59757.0,60024.0,660.43881,13871
2026-06-29 10:00:00+00:00,60025.0,60285.0,60025.0,60063.0,901.72114,14715
2026-06-29 11:00:00+00:00,60064.0,60183.0,59761.0,59941.0,1633.00123,17647
2026-06-29 12:00:00+00:00,59935.0,60767.0,59564.0,59922.0,5932.84044,56733
2026-06-29 13:00:00+00:00,59923.0,60300.0,59297.0,59556.0,3294.84645,47209
2026-06-29 14:00:00+00:00,59556.0,59680.0,58990.0,59438.0,3909.13474,52764
2026-06-29 15:00:00+00:00,59440.0,59931.0,59069.0,59792.0,3085.89016,35835
2026-06-29 16:00:00+00:00,59792.0,59974.0,59552.0,59867.0,1377.75447,18915
2026-06-29 17:00:00+00:00,59868.0,60648.0,59863.0,60386.0,3167.58386,34685
2026-06-29 18:00:00+00:00,60386.0,60491.0,60165.0,60274.0,1031.72208,16777
2026-06-29 19:00:00+00:00,60275.0,60537.0,60129.0,60404.0,1265.01732,18336
2026-06-29 20:00:00+00:00,60405.0,60524.0,60270.0,60270.0,1039.57086,11815
2026-06-29 21:00:00+00:00,60271.0,60570.0,60227.0,60453.0,1004.92367,11154
2026-06-29 22:00:00+00:00,60453.0,60493.0,60317.0,60321.0,706.47366,9263
2026-06-29 23:00:00+00:00,60322.0,60355.0,60175.0,60227.0,400.14722,8695
2026-06-30 00:00:00+00:00,60228.0,60248.0,59671.0,59818.0,1727.29702,22514
2026-06-30 01:00:00+00:00,59818.0,60027.0,59755.0,59915.0,663.1982,13481
2026-06-30 02:00:00+00:00,59915.0,60003.0,59721.0,59915.0,1134.75531,10332
2026-06-30 03:00:00+00:00,59916.0,60000.0,59565.0,59589.0,1451.35014,13845
2026-06-30 04:00:00+00:00,59589.0,59668.0,59390.0,59477.0,1090.15368,13865
2026-06-30 05:00:00+00:00,59478.0,59638.0,59334.0,59626.0,1720.15578,15026
2026-06-30 06:00:00+00:00,59627.0,59690.0,59479.0,59570.0,1040.61509,12162
2026-06-30 07:00:00+00:00,59571.0,59609.0,59422.0,59508.0,975.79263,10957
2026-06-30 08:00:00+00:00,59508.0,59528.0,59170.0,59287.0,1221.32756,16938
2026-06-30 09:00:00+00:00,59287.0,59395.0,59221.0,59351.0,584.19478,10079
2026-06-30 10:00:00+00:00,59351.0,59400.0,59261.0,59312.0,553.03153,9079
2026-06-30 11:00:00+00:00,59312.0,59390.0,59100.0,59158.0,1536.47886,15752
2026-06-30 12:00:00+00:00,59159.0,59159.0,58363.0,58374.0,4041.96874,34688
2026-06-30 13:00:00+00:00,58373.0,58762.0,58194.0,58711.0,3969.53714,37938
2026-06-30 14:00:00+00:00,58712.0,59293.0,58412.0,58474.0,6481.73152,54620
2026-06-30 15:00:00+00:00,58467.0,58778.0,58160.0,58356.0,5190.19763,37668
2026-06-30 16:00:00+00:00,58356.0,58600.0,58236.0,58479.0,1634.14071,19187
2026-06-30 17:00:00+00:00,58480.0,58596.0,58282.0,58400.0,1196.99995,13650
2026-06-30 18:00:00+00:00,58400.0,58673.0,58335.0,58661.0,1360.2229,14161
2026-06-30 19:00:00+00:00,58662.0,58815.0,58561.0,58796.0,1099.97484,12590
2026-06-30 20:00:00+00:00,58797.0,58857.0,58611.0,58704.0,1166.66628,12062
2026-06-30 21:00:00+00:00,58705.0,58742.0,58474.0,58610.0,536.82865,9300
2026-06-30 22:00:00+00:00,58611.0,58765.0,58479.0,58581.0,356.38815,7189
2026-06-30 23:00:00+00:00,58582.0,58640.0,58510.0,58603.0,479.32056,6537
2026-07-01 00:00:00+00:00,58604.0,58729.0,58275.0,58549.0,1357.75046,12976
2026-07-01 01:00:00+00:00,58549.0,58975.0,57768.0,58739.0,5992.8005,45156
2026-07-01 02:00:00+00:00,58739.0,59150.0,58627.0,59063.0,1772.57802,20441
2026-07-01 03:00:00+00:00,59063.0,59293.0,58821.0,59171.0,1801.7614,20224
2026-07-01 04:00:00+00:00,59172.0,59433.0,59039.0,59303.0,2048.23976,18727
2026-07-01 05:00:00+00:00,59302.0,59353.0,59095.0,59119.0,967.12313,11986
2026-07-01 06:00:00+00:00,59119.0,59128.0,58507.0,58735.0,2149.22334,19616
2026-07-01 07:00:00+00:00,58735.0,58807.0,58568.0,58745.0,1160.94758,10614
2026-07-01 08:00:00+00:00,58744.0,58969.0,58468.0,58953.0,2020.18358,14435
2026-07-01 09:00:00+00:00,58953.0,59070.0,58819.0,58923.0,907.25477,12651
2026-07-01 10:00:00+00:00,58922.0,58925.0,58590.0,58631.0,733.79319,9973
2026-07-01 11:00:00+00:00,58631.0,58731.0,58524.0,58591.0,1031.36237,10439
2026-07-01 12:00:00+00:00,58591.0,58651.0,58306.0,58503.0,1937.67677,18848
2026-07-01 13:00:00+00:00,58502.0,59500.0,58501.0,59468.0,4852.7329,44926
2026-07-01 14:00:00+00:00,59467.0,60063.0,59255.0,59519.0,5636.0498,58840
2026-07-01 15:00:00+00:00,59518.0,60569.0,59512.0,60123.0,6292.83948,48200
2026-07-01 16:00:00+00:00,60122.0,60239.0,59843.0,59901.0,1533.87365,23061
2026-07-01 17:00:00+00:00,59900.0,60221.0,59764.0,60174.0,1813.86569,20655
2026-07-01 18:00:00+00:00,60174.0,60288.0,60000.0,60153.0,1367.22646,18035
2026-07-01 19:00:00+00:00,60153.0,60340.0,59975.0,59996.0,1756.04889,19461
2026-07-01 20:00:00+00:00,59996.0,60187.0,59853.0,60112.0,1606.02228,17282
2026-07-01 21:00:00+00:00,60112.0,60825.0,60110.0,60801.0,3136.27876,34130
2026-07-01 22:00:00+00:00,60801.0,61357.0,60350.0,60464.0,3225.71362,33926
2026-07-01 23:00:00+00:00,60465.0,60465.0,59965.0,60010.0,1405.37013,20016
2026-07-02 00:00:00+00:00,60010.0,60013.0,59561.0,59736.0,2090.27122,23222
2026-07-02 01:00:00+00:00,59737.0,60308.0,59703.0,60169.0,1937.23199,24129
2026-07-02 02:00:00+00:00,60169.0,60490.0,60010.0,60409.0,1027.7156,17687
2026-07-02 03:00:00+00:00,60410.0,61152.0,60284.0,61067.0,2714.03963,26343
2026-07-02 04:00:00+00:00,61068.0,61068.0,60731.0,60786.0,1119.22983,16963
2026-07-02 05:00:00+00:00,60786.0,60880.0,60476.0,60497.0,1314.63547,17684
2026-07-02 06:00:00+00:00,60497.0,60661.0,60245.0,60267.0,1373.03203,18219
2026-07-02 07:00:00+00:00,60267.0,60293.0,60102.0,60150.0,1204.90346,17961
2026-07-02 08:00:00+00:00,60150.0,60551.0,60135.0,60516.0,1058.44009,16732
2026-07-02 09:00:00+00:00,60516.0,61465.0,60371.0,61188.0,3212.54461,33166
2026-07-02 10:00:00+00:00,61188.0,61354.0,61048.0,61267.0,1410.49849,21773
2026-07-02 11:00:00+00:00,61267.0,61391.0,61126.0,61365.0,1241.43158,20272
2026-07-02 12:00:00+00:00,61364.0,61600.0,61166.0,61532.0,2931.70606,33942
2026-07-02 13:00:00+00:00,61531.0,62043.0,61500.0,61932.0,6006.69467,49570
2026-07-02 14:00:00+00:00,61933.0,62224.0,61381.0,61688.0,7345.69805,55395
2026-07-02 15:00:00+00:00,61688.0,61830.0,61404.0,61593.0,1701.9864,26465
2026-07-02 16:00:00+00:00,61601.0,61806.0,61131.0,61684.0,3739.01892,32642
2026-07-02 17:00:00+00:00,61684.0,61947.0,61627.0,61669.0,1408.33825,19413
2026-07-02 18:00:00+00:00,61669.0,61868.0,61663.0,61756.0,880.99727,12096
2026-07-02 19:00:00+00:00,61757.0,61764.0,61423.0,61482.0,1431.774,16512
2026-07-02 20:00:00+00:00,61483.0,61617.0,61354.0,61597.0,1126.16963,16286
2026-07-02 21:00:00+00:00,61597.0,61679.0,61527.0,61612.0,869.33773,11475
2026-07-02 22:00:00+00:00,61612.0,61612.0,61410.0,61478.0,618.45949,8940
2026-07-02 23:00:00+00:00,61479.0,61636.0,61357.0,61587.0,1604.59201,16181
2026-07-03 00:00:00+00:00,61587.0,61602.0,61264.0,61331.0,665.94341,12925
2026-07-03 01:00:00+00:00,61331.0,61762.0,61306.0,61620.0,586.91826,14761
2026-07-03 02:00:00+00:00,61621.0,61697.0,61300.0,61460.0,1325.41643,15548
2026-07-03 03:00:00+00:00,61460.0,61598.0,61345.0,61451.0,573.19508,10534
2026-07-03 04:00:00+00:00,61452.0,61563.0,61353.0,61469.0,1199.98846,12557
2026-07-03 05:00:00+00:00,61469.0,61840.0,61442.0,61729.0,1320.83568,14601
2026-07-03 06:00:00+00:00,61730.0,61894.0,61629.0,61743.0,932.99673,12716
2026-07-03 07:00:00+00:00,61744.0,61911.0,61702.0,61788.0,940.64036,12905
2026-07-03 08:00:00+00:00,61788.0,61951.0,61563.0,61602.0,1253.2756,15523
2026-07-03 09:00:00+00:00,61601.0,61800.0,61531.0,61745.0,1088.75503,12907
2026-07-03 10:00:00+00:00,61744.0,62105.0,61693.0,61943.0,1234.30196,14307
2026-07-03 11:00:00+00:00,61945.0,62127.0,61870.0,62046.0,1149.90618,16872
2026-07-03 12:00:00+00:00,62044.0,62197.0,61886.0,61996.0,1175.41502,17258
2026-07-03 13:00:00+00:00,61996.0,62279.0,61963.0,62125.0,884.76799,15582
2026-07-03 14:00:00+00:00,62126.0,62288.0,61708.0,62176.0,1960.07195,23615
2026-07-03 15:00:00+00:00,62177.0,62400.0,61829.0,61934.0,1297.68574,21451
2026-07-03 16:00:00+00:00,61933.0,62133.0,61915.0,62110.0,477.57443,10274
2026-07-03 17:00:00+00:00,62109.0,62301.0,62079.0,62189.0,675.10712,10834
2026-07-03 18:00:00+00:00,62191.0,62252.0,62122.0,62214.0,402.3096,7379
2026-07-03 19:00:00+00:00,62213.0,62320.0,62154.0,62210.0,691.46466,9480
2026-07-03 20:00:00+00:00,62210.0,62914.0,62190.0,62781.0,3483.14203,31772
2026-07-03 21:00:00+00:00,62782.0,62949.0,62505.0,62737.0,2261.03581,20675
2026-07-03 22:00:00+00:00,62738.0,62753.0,62524.0,62564.0,2144.95569,12719
2026-07-03 23:00:00+00:00,62563.0,62677.0,62522.0,62576.0,728.15706,9195
2026-07-04 00:00:00+00:00,62575.0,62939.0,62574.0,62758.0,2093.23247,15750
2026-07-04 01:00:00+00:00,62757.0,62758.0,62388.0,62454.0,1263.62389,14035
2026-07-04 02:00:00+00:00,62454.0,62570.0,62414.0,62526.0,473.71262,7678
2026-07-04 03:00:00+00:00,62526.0,62730.0,62466.0,62621.0,509.60983,7944
2026-07-04 04:00:00+00:00,62620.0,62743.0,62585.0,62683.0,363.95667,7485
2026-07-04 05:00:00+00:00,62683.0,62684.0,62433.0,62464.0,535.61318,8176
2026-07-04 06:00:00+00:00,62463.0,62555.0,62319.0,62492.0,893.03848,10415
2026-07-04 07:00:00+00:00,62490.0,62621.0,62452.0,62570.0,433.1741,6777
2026-07-04 08:00:00+00:00,62570.0,62668.0,62498.0,62552.0,421.60709,7094
2026-07-04 09:00:00+00:00,62551.0,62577.0,62401.0,62484.0,566.24294,8016
2026-07-04 10:00:00+00:00,62483.0,62534.0,62434.0,62503.0,198.09171,4981
2026-07-04 11:00:00+00:00,62503.0,62541.0,62459.0,62473.0,216.88615,4849
2026-07-04 12:00:00+00:00,62472.0,62681.0,62472.0,62649.0,249.2418,5488
2026-07-04 13:00:00+00:00,62648.0,62772.0,62533.0,62578.0,409.4537,7393
2026-07-04 14:00:00+00:00,62578.0,62719.0,62578.0,62690.0,181.76421,8416
2026-07-04 15:00:00+00:00,62688.0,63051.0,62687.0,62921.0,1388.83059,19605
2026-07-04 16:00:00+00:00,62921.0,62954.0,62772.0,62911.0,713.27357,10879
2026-07-04 17:00:00+00:00,62911.0,63419.0,62800.0,63258.0,2524.78253,26376
2026-07-04 18:00:00+00:00,63258.0,63342.0,63094.0,63160.0,1571.42166,18008
2026-07-04 19:00:00+00:00,63159.0,63460.0,63111.0,63292.0,1826.98817,17237
2026-07-04 20:00:00+00:00,63291.0,63387.0,63143.0,63224.0,2044.51551,17028
2026-07-04 21:00:00+00:00,63224.0,63460.0,63196.0,63305.0,1554.50217,14274
2026-07-04 22:00:00+00:00,63304.0,63311.0,63157.0,63180.0,713.7679,8848
2026-07-04 23:00:00+00:00,63181.0,63243.0,62923.0,63127.0,1631.71301,15104
2026-07-05 00:00:00+00:00,63128.0,63128.0,62897.0,62986.0,853.70343,12015
2026-07-05 01:00:00+00:00,62986.0,63039.0,62794.0,62891.0,793.63764,11365
2026-07-05 02:00:00+00:00,62891.0,62926.0,62589.0,62686.0,1105.80089,12757
2026-07-05 03:00:00+00:00,62687.0,62790.0,62646.0,62764.0,425.42999,7475
2026-07-05 04:00:00+00:00,62765.0,62961.0,62705.0,62823.0,683.14014,8893
2026-07-05 05:00:00+00:00,62822.0,62823.0,62640.0,62738.0,466.94098,7694
2026-07-05 06:00:00+00:00,62737.0,62818.0,62659.0,62766.0,194.94028,5420
2026-07-05 07:00:00+00:00,62766.0,63063.0,62716.0,63024.0,624.16628,8664
2026-07-05 08:00:00+00:00,63024.0,63100.0,62885.0,62911.0,355.0483,8465
2026-07-05 09:00:00+00:00,62911.0,62923.0,62434.0,62609.0,1035.76424,11407
2026-07-05 10:00:00+00:00,62615.0,62759.0,62540.0,62757.0,316.46197,7037
2026-07-05 11:00:00+00:00,62757.0,62810.0,62603.0,62644.0,329.28422,6693
2026-07-05 12:00:00+00:00,62645.0,62775.0,62550.0,62750.0,722.88157,8606
2026-07-05 13:00:00+00:00,62750.0,62828.0,62643.0,62801.0,742.97014,7034
2026-07-05 14:00:00+00:00,62802.0,62826.0,62650.0,62817.0,658.6585,9121
2026-07-05 15:00:00+00:00,62817.0,62953.0,62680.0,62735.0,700.02251,10551
2026-07-05 16:00:00+00:00,62736.0,62760.0,62600.0,62637.0,467.56867,7488
2026-07-05 17:00:00+00:00,62636.0,62822.0,62600.0,62627.0,364.29747,7059
2026-07-05 18:00:00+00:00,62628.0,62879.0,62612.0,62819.0,627.76482,8145
2026-07-05 19:00:00+00:00,62819.0,62879.0,62726.0,62772.0,530.53841,7595
2026-07-05 20:00:00+00:00,62772.0,62838.0,62691.0,62730.0,347.27195,6061
2026-07-05 21:00:00+00:00,62731.0,63233.0,62592.0,63092.0,1954.1657,18371
2026-07-05 22:00:00+00:00,63092.0,63941.0,63008.0,63735.0,2744.55314,35656
2026-07-05 23:00:00+00:00,63736.0,63997.0,63558.0,63635.0,1443.55648,23576
2026-07-06 00:00:00+00:00,63635.0,63761.0,63323.0,63757.0,1901.59809,22583
2026-07-06 01:00:00+00:00,63757.0,63919.0,63543.0,63564.0,1210.02519,16952
2026-07-06 02:00:00+00:00,63564.0,63663.0,63371.0,63458.0,1000.08127,14588
2026-07-06 03:00:00+00:00,63459.0,63491.0,63123.0,63292.0,879.18815,13312
2026-07-06 04:00:00+00:00,63292.0,63390.0,63176.0,63266.0,524.91847,10027
2026-07-06 05:00:00+00:00,63267.0,63267.0,62939.0,63107.0,597.37265,12087
2026-07-06 06:00:00+00:00,63107.0,63140.0,62962.0,62991.0,763.19963,10309
2026-07-06 07:00:00+00:00,62991.0,63133.0,62880.0,63104.0,609.17974,9800
2026-07-06 08:00:00+00:00,63104.0,63253.0,62828.0,62903.0,884.25629,12381
2026-07-06 09:00:00+00:00,62904.0,62914.0,62625.0,62668.0,936.10925,12181
2026-07-06 10:00:00+00:00,62668.0,63046.0,62663.0,62815.0,903.44566,12693
2026-07-06 11:00:00+00:00,62816.0,63017.0,62500.0,62501.0,1815.24252,15542
2026-07-06 12:00:00+00:00,62501.0,62501.0,61673.0,61766.0,5960.89062,52927
2026-07-06 13:00:00+00:00,61766.0,62060.0,61342.0,61780.0,5802.7736,55749
2026-07-06 14:00:00+00:00,61781.0,62421.0,61728.0,62058.0,2740.73994,40535
2026-07-06 15:00:00+00:00,62058.0,63558.0,62058.0,63538.0,6215.77275,58353
2026-07-06 16:00:00+00:00,63539.0,63903.0,63390.0,63737.0,3896.88179,42193
2026-07-06 17:00:00+00:00,63737.0,63962.0,63576.0,63586.0,2672.84632,26844
2026-07-06 18:00:00+00:00,63586.0,63885.0,63556.0,63698.0,1599.81339,18521
2026-07-06 19:00:00+00:00,63698.0,63893.0,63655.0,63741.0,1021.33615,14315
2026-07-06 20:00:00+00:00,63741.0,63894.0,63582.0,63826.0,1025.05699,13923
2026-07-06 21:00:00+00:00,63826.0,64698.0,63811.0,64499.0,4095.01946,40849
2026-07-06 22:00:00+00:00,64500.0,64515.0,64175.0,64260.0,736.18504,13689
2026-07-06 23:00:00+00:00,64263.0,64357.0,64031.0,64054.0,797.41671,12659
2026-07-07 00:00:00+00:00,64054.0,64331.0,64026.0,64215.0,675.78866,16632
2026-07-07 01:00:00+00:00,64216.0,64216.0,63798.0,63844.0,844.99881,17213
2026-07-07 02:00:00+00:00,63844.0,63910.0,63291.0,63332.0,1453.63208,20444
2026-07-07 03:00:00+00:00,63332.0,63418.0,63155.0,63189.0,754.87104,13472
2026-07-07 04:00:00+00:00,63190.0,63294.0,63072.0,63105.0,1157.52757,13746
2026-07-07 05:00:00+00:00,63105.0,63278.0,62800.0,63138.0,1264.25748,16262
2026-07-07 06:00:00+00:00,63137.0,63426.0,63000.0,63364.0,820.59457,13824
2026-07-07 07:00:00+00:00,63364.0,63460.0,63079.0,63088.0,1576.22269,13866
2026-07-07 08:00:00+00:00,63088.0,63201.0,63003.0,63111.0,721.53542,11203
2026-07-07 09:00:00+00:00,63111.0,63354.0,63069.0,63268.0,523.33957,10721
2026-07-07 10:00:00+00:00,63269.0,63485.0,63234.0,63283.0,728.58173,10473
2026-07-07 11:00:00+00:00,63284.0,63461.0,63125.0,63420.0,1167.43004,12955
2026-07-07 12:00:00+00:00,63421.0,63892.0,63420.0,63479.0,1633.22927,21244
2026-07-07 13:00:00+00:00,63480.0,63480.0,62993.0,63059.0,3089.27065,37032
2026-07-07 14:00:00+00:00,63059.0,63640.0,62667.0,63569.0,4085.17387,48778
2026-07-07 15:00:00+00:00,63570.0,64100.0,63382.0,63942.0,2739.60831,35255
2026-07-07 16:00:00+00:00,63942.0,64260.0,63820.0,63987.0,1882.20407,25661
2026-07-07 17:00:00+00:00,63988.0,64242.0,63896.0,64194.0,558.84208,16033
2026-07-07 18:00:00+00:00,64194.0,64203.0,63675.0,63683.0,1157.22904,21480
2026-07-07 19:00:00+00:00,63683.0,63900.0,63397.0,63825.0,1893.2003,26279
2026-07-07 20:00:00+00:00,63826.0,63912.0,63624.0,63699.0,741.22811,11893
2026-07-07 21:00:00+00:00,63700.0,63873.0,63310.0,63421.0,2485.85782,21323
2026-07-07 22:00:00+00:00,63421.0,63668.0,63198.0,63543.0,1500.21245,17056
2026-07-07 23:00:00+00:00,63544.0,63718.0,63312.0,63355.0,1007.56109,12834
2026-07-08 00:00:00+00:00,63355.0,63750.0,63292.0,63608.0,914.36203,15715
2026-07-08 01:00:00+00:00,63607.0,63646.0,62879.0,63015.0,2659.50562,24629
2026-07-08 02:00:00+00:00,63016.0,63050.0,62510.0,62974.0,2365.90635,27419
2026-07-08 03:00:00+00:00,62974.0,63091.0,62678.0,62746.0,848.82048,12100
2026-07-08 04:00:00+00:00,62747.0,62900.0,62663.0,62790.0,1082.08821,12877
2026-07-08 05:00:00+00:00,62791.0,62864.0,62535.0,62621.0,976.27826,12454
2026-07-08 06:00:00+00:00,62622.0,62736.0,62458.0,62646.0,1543.02156,17765
2026-07-08 07:00:00+00:00,62646.0,62893.0,62541.0,62887.0,1520.87644,16953
2026-07-08 08:00:00+00:00,62888.0,62933.0,61856.0,62006.0,3532.92044,41964
2026-07-08 09:00:00+00:00,62006.0,62164.0,61731.0,62064.0,1752.34627,23152
2026-07-08 10:00:00+00:00,62063.0,62185.0,61894.0,62171.0,681.61751,13773
2026-07-08 11:00:00+00:00,62171.0,62378.0,62053.0,62301.0,1030.477,13951
2026-07-08 12:00:00+00:00,62300.0,62443.0,61956.0,61956.0,1472.93892,17809
2026-07-08 13:00:00+00:00,61956.0,62094.0,61626.0,61948.0,1942.18405,27507
2026-07-08 14:00:00+00:00,61947.0,62175.0,61716.0,61885.0,1106.49763,29897
2026-07-08 15:00:00+00:00,61885.0,61915.0,61550.0,61705.0,1668.13789,22448
2026-07-08 16:00:00+00:00,61706.0,62148.0,61680.0,62112.0,1472.7748,20857
2026-07-08 17:00:00+00:00,62113.0,62390.0,62027.0,62105.0,1487.98213,18526
2026-07-08 18:00:00+00:00,62106.0,62349.0,62029.0,62173.0,881.0278,14583
2026-07-08 19:00:00+00:00,62174.0,62283.0,62057.0,62272.0,806.34268,11990
2026-07-08 20:00:00+00:00,62272.0,62295.0,62066.0,62088.0,535.00228,10160
2026-07-08 21:00:00+00:00,62089.0,62248.0,61955.0,62185.0,1217.24372,12968
2026-07-08 22:00:00+00:00,62186.0,62345.0,62175.0,62335.0,422.3136,8832
2026-07-08 23:00:00+00:00,62335.0,62350.0,62158.0,62283.0,482.26543,9015
2026-07-09 00:00:00+00:00,62283.0,62303.0,62035.0,62117.0,1581.28753,17333
2026-07-09 01:00:00+00:00,62118.0,62628.0,61802.0,61895.0,2680.20839,28888
2026-07-09 02:00:00+00:00,61895.0,62100.0,61695.0,61771.0,1286.86471,15790
2026-07-09 03:00:00+00:00,61771.0,62064.0,61717.0,61963.0,841.53659,12932
2026-07-09 04:00:00+00:00,61964.0,62468.0,61952.0,62451.0,1455.41698,14100
2026-07-09 05:00:00+00:00,62451.0,62620.0,62228.0,62591.0,1202.03483,16002
2026-07-09 06:00:00+00:00,62591.0,62969.0,62478.0,62962.0,1108.96818,19475
2026-07-09 07:00:00+00:00,62963.0,63263.0,62789.0,63001.0,1814.71688,23784
2026-07-09 08:00:00+00:00,63001.0,63087.0,62851.0,62894.0,1342.39837,15415
2026-07-09 09:00:00+00:00,62894.0,62999.0,62782.0,62943.0,475.68072,11620
2026-07-09 10:00:00+00:00,62943.0,63051.0,62672.0,62779.0,804.37461,11496
2026-07-09 11:00:00+00:00,62778.0,62822.0,62604.0,62770.0,671.88994,12885
2026-07-09 12:00:00+00:00,62769.0,62957.0,62456.0,62605.0,1915.07262,26418
2026-07-09 13:00:00+00:00,62605.0,63239.0,62505.0,63026.0,1571.4652,28931
2026-07-09 14:00:00+00:00,63026.0,63144.0,62659.0,63006.0,1104.85247,24816
2026-07-09 15:00:00+00:00,63007.0,63247.0,62790.0,62848.0,1387.04191,22598
2026-07-09 16:00:00+00:00,62847.0,62983.0,62546.0,62678.0,1113.32444,15374
2026-07-09 17:00:00+00:00,62679.0,63158.0,62654.0,63129.0,807.95084,13416
2026-07-09 18:00:00+00:00,63129.0,63500.0,63060.0,63218.0,1885.42456,22699
2026-07-09 19:00:00+00:00,63217.0,63381.0,63145.0,63244.0,971.79712,11954
2026-07-09 20:00:00+00:00,63244.0,63331.0,63184.0,63309.0,412.31544,8188
2026-07-09 21:00:00+00:00,63309.0,63403.0,63216.0,63275.0,598.57448,11422
2026-07-09 22:00:00+00:00,63275.0,63412.0,63219.0,63220.0,371.79726,8795
2026-07-09 23:00:00+00:00,63219.0,63324.0,63055.0,63225.0,557.78395,10524
2026-07-10 00:00:00+00:00,63224.0,63249.0,62922.0,63107.0,860.57139,14363
2026-07-10 01:00:00+00:00,63107.0,63945.0,62959.0,63754.0,2771.23338,24774
2026-07-10 02:00:00+00:00,63753.0,64038.0,63691.0,63958.0,1597.97462,18477
2026-07-10 03:00:00+00:00,63958.0,64037.0,63818.0,63949.0,990.49307,11858
2026-07-10 04:00:00+00:00,63948.0,64168.0,63845.0,64035.0,1094.8841,12329
2026-07-10 05:00:00+00:00,64036.0,64200.0,63936.0,64109.0,753.0751,10945
2026-07-10 06:00:00+00:00,64110.0,64155.0,63841.0,63858.0,1172.23102,10459
2026-07-10 07:00:00+00:00,63858.0,64010.0,63811.0,63989.0,1426.74383,12802
2026-07-10 08:00:00+00:00,63988.0,64390.0,63979.0,64247.0,1439.5771,18208
2026-07-10 09:00:00+00:00,64247.0,64496.0,64109.0,64383.0,958.31788,17024
2026-07-10 10:00:00+00:00,64383.0,64494.0,64271.0,64413.0,446.54672,10188
2026-07-10 11:00:00+00:00,64413.0,64482.0,64335.0,64423.0,700.13359,10732
2026-07-10 12:00:00+00:00,64423.0,64609.0,64263.0,64286.0,1186.37644,16613
2026-07-10 13:00:00+00:00,64285.0,64690.0,64153.0,64477.0,1437.5903,23329
2026-07-10 14:00:00+00:00,64477.0,64512.0,63810.0,63900.0,3224.02856,36557
2026-07-10 15:00:00+00:00,63900.0,64214.0,63884.0,64039.0,1250.64934,18451
2026-07-10 16:00:00+00:00,64039.0,64220.0,63808.0,64138.0,1695.60325,18679
2026-07-10 17:00:00+00:00,64139.0,64156.0,63808.0,63815.0,1268.20988,15821
2026-07-10 18:00:00+00:00,63816.0,63988.0,63725.0,63800.0,720.3756,11378
2026-07-10 19:00:00+00:00,63800.0,64045.0,63768.0,63920.0,1131.7377,14185
2026-07-10 20:00:00+00:00,63921.0,63922.0,63647.0,63842.0,735.89954,11164
2026-07-10 21:00:00+00:00,63842.0,64088.0,63830.0,64006.0,805.48619,10188
2026-07-10 22:00:00+00:00,64006.0,64153.0,63981.0,64104.0,614.30435,8152
2026-07-10 23:00:00+00:00,64104.0,64200.0,64009.0,64155.0,638.43499,7912
2026-07-11 00:00:00+00:00,64156.0,64156.0,64020.0,64113.0,286.57607,5076
2026-07-11 01:00:00+00:00,64113.0,64297.0,63981.0,63999.0,907.14492,9348
2026-07-11 02:00:00+00:00,64000.0,64151.0,63965.0,64141.0,484.33347,7651
2026-07-11 03:00:00+00:00,64142.0,64184.0,64066.0,64147.0,326.53306,5918
2026-07-11 04:00:00+00:00,64147.0,64199.0,64065.0,64140.0,137.21307,5559
2026-07-11 05:00:00+00:00,64141.0,64217.0,64109.0,64159.0,328.85268,5539
2026-07-11 06:00:00+00:00,64159.0,64261.0,64109.0,64207.0,386.51275,7059
2026-07-11 07:00:00+00:00,64207.0,64252.0,64140.0,64145.0,696.2139,8068
2026-07-11 08:00:00+00:00,64146.0,64288.0,64139.0,64250.0,298.42476,5264
2026-07-11 09:00:00+00:00,64250.0,64289.0,64146.0,64163.0,256.16928,5080
2026-07-11 10:00:00+00:00,64163.0,64204.0,64131.0,64179.0,195.31276,3959
2026-07-11 11:00:00+00:00,64179.0,64209.0,64165.0,64191.0,91.60535,3321
2026-07-11 12:00:00+00:00,64191.0,64222.0,64123.0,64186.0,420.61671,5384
2026-07-11 13:00:00+00:00,64186.0,64264.0,64160.0,64230.0,167.30859,3894
2026-07-11 14:00:00+00:00,64231.0,64494.0,64230.0,64347.0,836.36277,12090
2026-07-11 15:00:00+00:00,64347.0,64481.0,63950.0,64175.0,1322.82026,13922
2026-07-11 16:00:00+00:00,64175.0,64274.0,64085.0,64173.0,576.59052,9142
2026-07-11 17:00:00+00:00,64172.0,64400.0,64163.0,64319.0,552.09546,7508
2026-07-11 18:00:00+00:00,64318.0,64390.0,64288.0,64331.0,311.7476,6825
2026-07-11 19:00:00+00:00,64331.0,64348.0,64241.0,64287.0,257.79193,5771
2026-07-11 20:00:00+00:00,64287.0,64482.0,64286.0,64391.0,388.71345,7073
2026-07-11 21:00:00+00:00,64391.0,64439.0,64345.0,64362.0,168.81367,5070
2026-07-11 22:00:00+00:00,64363.0,64440.0,64150.0,64209.0,502.48279,8550
2026-07-11 23:00:00+00:00,64209.0,64259.0,63818.0,63823.0,1341.72103,17405
2026-07-12 00:00:00+00:00,63823.0,63916.0,63713.0,63829.0,459.69628,12584
2026-07-12 01:00:00+00:00,63830.0,64179.0,63816.0,64135.0,572.76111,10248
2026-07-12 02:00:00+00:00,64135.0,64140.0,64030.0,64081.0,416.86121,5988
2026-07-12 03:00:00+00:00,64081.0,64226.0,64036.0,64218.0,493.77765,7133
2026-07-12 04:00:00+00:00,64218.0,64250.0,63935.0,63994.0,515.11925,6335
2026-07-12 05:00:00+00:00,63994.0,64015.0,63892.0,63969.0,365.65869,5961
2026-07-12 06:00:00+00:00,63968.0,63968.0,63642.0,63755.0,758.57079,10600
2026-07-12 07:00:00+00:00,63755.0,63903.0,63736.0,63883.0,195.62899,4740
2026-07-12 08:00:00+00:00,63883.0,64129.0,63882.0,63982.0,1000.02048,8169
2026-07-12 09:00:00+00:00,63982.0,64049.0,63769.0,63963.0,333.57374,7662
2026-07-12 10:00:00+00:00,63963.0,63964.0,63846.0,63887.0,241.43793,4298
2026-07-12 11:00:00+00:00,63888.0,64043.0,63837.0,64027.0,223.10631,5478
2026-07-12 12:00:00+00:00,64026.0,64141.0,63978.0,64032.0,406.5628,6201
2026-07-12 13:00:00+00:00,64031.0,64100.0,64000.0,64032.0,303.5382,5077
2026-07-12 14:00:00+00:00,64031.0,64297.0,63964.0,64202.0,818.4434,11855
2026-07-12 15:00:00+00:00,64202.0,64259.0,64120.0,64167.0,510.0207,8576
2026-07-12 16:00:00+00:00,64168.0,64211.0,64057.0,64176.0,533.4698,7194
2026-07-12 17:00:00+00:00,64177.0,64178.0,64037.0,64082.0,168.57224,5041
2026-07-12 18:00:00+00:00,64082.0,64153.0,64015.0,64146.0,443.55772,5740
2026-07-12 19:00:00+00:00,64145.0,64267.0,64140.0,64240.0,359.77164,5831
2026-07-12 20:00:00+00:00,64240.0,64261.0,64176.0,64202.0,111.98165,3991
2026-07-12 21:00:00+00:00,64203.0,64237.0,63883.0,63926.0,1243.69693,12347
2026-07-12 22:00:00+00:00,63925.0,63927.0,63675.0,63890.0,1615.49586,17093
2026-07-12 23:00:00+00:00,63890.0,63917.0,63725.0,63780.0,605.69488,9804
2026-07-13 00:00:00+00:00,63780.0,64420.0,63525.0,64058.0,3364.75175,34082
2026-07-13 01:00:00+00:00,64059.0,64059.0,63364.0,63404.0,1555.50589,23698
2026-07-13 02:00:00+00:00,63405.0,63550.0,63235.0,63364.0,1165.62703,19279
2026-07-13 03:00:00+00:00,63365.0,63376.0,62740.0,62811.0,2489.64839,28278
2026-07-13 04:00:00+00:00,62811.0,62916.0,62648.0,62685.0,933.43693,13949
2026-07-13 05:00:00+00:00,62685.0,62931.0,62499.0,62814.0,1256.45204,15717
2026-07-13 06:00:00+00:00,62814.0,62891.0,62731.0,62812.0,459.16074,8409
2026-07-13 07:00:00+00:00,62813.0,63080.0,62767.0,63003.0,624.72986,10111
2026-07-13 08:00:00+00:00,63003.0,63320.0,62954.0,63214.0,1284.63077,10468
2026-07-13 09:00:00+00:00,63213.0,63214.0,63088.0,63098.0,749.58854,7994
2026-07-13 10:00:00+00:00,63099.0,63150.0,62874.0,62875.0,725.02463,6423
2026-07-13 11:00:00+00:00,62875.0,63144.0,62875.0,62910.0,372.32656,5545
2026-07-13 12:00:00+00:00,62911.0,62991.0,62577.0,62639.0,1264.44859,12002
2026-07-13 13:00:00+00:00,62639.0,62774.0,62172.0,62326.0,2883.23423,27883
2026-07-13 14:00:00+00:00,62327.0,62816.0,62120.0,62814.0,3040.56999,30472
2026-07-13 15:00:00+00:00,62815.0,63000.0,62570.0,62635.0,1503.94959,15656
2026-07-13 16:00:00+00:00,62635.0,62647.0,62202.0,62277.0,1678.13421,15993
2026-07-13 17:00:00+00:00,62277.0,62373.0,61896.0,61908.0,1676.94901,18484
2026-07-13 18:00:00+00:00,61907.0,62113.0,61821.0,62027.0,1762.86365,16084
2026-07-13 19:00:00+00:00,62028.0,62289.0,62000.0,62287.0,723.55071,9380
2026-07-13 20:00:00+00:00,62287.0,62322.0,62043.0,62200.0,1229.29169,10721
2026-07-13 21:00:00+00:00,62199.0,62206.0,61879.0,62054.0,1162.80181,9589
2026-07-13 22:00:00+00:00,62054.0,62220.0,61898.0,61907.0,1377.68688,10184
2026-07-13 23:00:00+00:00,61907.0,62346.0,61867.0,62331.0,1303.49082,11550
2026-07-14 00:00:00+00:00,62331.0,62641.0,62264.0,62540.0,740.93569,13128
2026-07-14 01:00:00+00:00,62539.0,62631.0,62450.0,62521.0,579.95755,8888
2026-07-14 02:00:00+00:00,62521.0,62631.0,62305.0,62528.0,421.9107,7709
2026-07-14 03:00:00+00:00,62528.0,62591.0,62294.0,62554.0,487.68038,7438
2026-07-14 04:00:00+00:00,62555.0,62751.0,62517.0,62734.0,929.28524,7356
2026-07-14 05:00:00+00:00,62734.0,62866.0,62691.0,62717.0,864.574,10339
2026-07-14 06:00:00+00:00,62717.0,62762.0,62556.0,62614.0,659.34499,7064
2026-07-14 07:00:00+00:00,62614.0,62640.0,62492.0,62536.0,336.83429,6125
2026-07-14 08:00:00+00:00,62537.0,62790.0,62490.0,62688.0,831.74683,7680
2026-07-14 09:00:00+00:00,62688.0,62732.0,62512.0,62609.0,581.78325,6659
2026-07-14 10:00:00+00:00,62609.0,62903.0,62587.0,62773.0,1055.96744,9475
2026-07-14 11:00:00+00:00,62774.0,62910.0,62700.0,62833.0,823.32126,9885
2026-07-14 12:00:00+00:00,62833.0,63942.0,62771.0,63927.0,7347.9072,52877
2026-07-14 13:00:00+00:00,63927.0,64140.0,63673.0,63815.0,4144.70974,36289
2026-07-14 14:00:00+00:00,63815.0,64329.0,63596.0,64294.0,3911.27635,33040
2026-07-14 15:00:00+00:00,64294.0,64970.0,64173.0,64727.0,6240.40528,45265
2026-07-14 16:00:00+00:00,64727.0,64877.0,64607.0,64696.0,2152.5412,19904
2026-07-14 17:00:00+00:00,64697.0,64697.0,64268.0,64609.0,2456.13232,18209
2026-07-14 18:00:00+00:00,64609.0,64636.0,64464.0,64551.0,909.53924,9369
2026-07-14 19:00:00+00:00,64551.0,64698.0,64475.0,64543.0,666.91824,8965
2026-07-14 20:00:00+00:00,64543.0,64591.0,64414.0,64564.0,1091.41751,10354
2026-07-14 21:00:00+00:00,64564.0,64883.0,64516.0,64656.0,1587.82831,14081
2026-07-14 22:00:00+00:00,64656.0,65079.0,64522.0,64840.0,2817.45986,19947
2026-07-14 23:00:00+00:00,64840.0,65016.0,64761.0,65000.0,1236.28891,10918
2026-07-15 00:00:00+00:00,65000.0,65032.0,64763.0,64819.0,1126.25935,12207
2026-07-15 01:00:00+00:00,64819.0,64854.0,64647.0,64672.0,1177.82273,11457
2026-07-15 02:00:00+00:00,64673.0,64759.0,64483.0,64493.0,1028.72209,8802
2026-07-15 03:00:00+00:00,64494.0,64847.0,64493.0,64789.0,850.61837,8505
2026-07-15 04:00:00+00:00,64788.0,64902.0,64709.0,64750.0,613.39339,7045
2026-07-15 05:00:00+00:00,64749.0,64997.0,64611.0,64954.0,1189.25821,8821
2026-07-15 06:00:00+00:00,64954.0,65271.0,64806.0,64806.0,2694.96611,17693
2026-07-15 07:00:00+00:00,64805.0,64875.0,64491.0,64554.0,1021.75523,11523
2026-07-15 08:00:00+00:00,64554.0,64779.0,64554.0,64764.0,620.87308,10157
2026-07-15 09:00:00+00:00,64764.0,64922.0,64646.0,64660.0,411.58566,7996
2026-07-15 10:00:00+00:00,64661.0,64838.0,64605.0,64654.0,430.95102,6927
2026-07-15 11:00:00+00:00,64654.0,64739.0,64610.0,64729.0,308.34784,6216
2026-07-15 12:00:00+00:00,64729.0,65257.0,64601.0,65157.0,1334.2628,18200
2026-07-15 13:00:00+00:00,65157.0,65572.0,64871.0,65106.0,3504.66556,36078
2026-07-15 14:00:00+00:00,65106.0,65520.0,65049.0,65389.0,2629.21398,25151
2026-07-15 15:00:00+00:00,65388.0,65577.0,65250.0,65407.0,1767.54197,17737
2026-07-15 16:00:00+00:00,65406.0,65453.0,64768.0,65106.0,1728.24769,20398
2026-07-15 17:00:00+00:00,65108.0,65173.0,64956.0,65049.0,826.27992,12592
2026-07-15 18:00:00+00:00,65048.0,65136.0,64827.0,64845.0,670.05692,10846
2026-07-15 19:00:00+00:00,64849.0,64977.0,64721.0,64947.0,835.5931,9750
2026-07-15 20:00:00+00:00,64948.0,65036.0,64896.0,64952.0,235.62919,4619
2026-07-15 21:00:00+00:00,64952.0,64998.0,64756.0,64802.0,1378.1259,7844
2026-07-15 22:00:00+00:00,64803.0,64944.0,64740.0,64843.0,689.18082,6974
2026-07-15 23:00:00+00:00,64844.0,64924.0,64675.0,64738.0,518.05567,6053
2026-07-16 00:00:00+00:00,64738.0,64836.0,64469.0,64563.0,1113.43718,11039
2026-07-16 01:00:00+00:00,64564.0,64817.0,64357.0,64713.0,739.8398,9767
2026-07-16 02:00:00+00:00,64713.0,64719.0,64555.0,64628.0,349.54095,4719
2026-07-16 03:00:00+00:00,64628.0,64737.0,64532.0,64602.0,414.41703,5238
2026-07-16 04:00:00+00:00,64602.0,64680.0,64532.0,64625.0,341.14189,4020
2026-07-16 05:00:00+00:00,64626.0,64999.0,64589.0,64912.0,1705.24199,11230
2026-07-16 06:00:00+00:00,64913.0,64967.0,64620.0,64759.0,511.74647,8433
2026-07-16 07:00:00+00:00,64759.0,64765.0,64052.0,64222.0,1738.64034,17315
2026-07-16 08:00:00+00:00,64222.0,64349.0,63865.0,64104.0,2452.11754,19151
2026-07-16 09:00:00+00:00,64104.0,64179.0,63997.0,64070.0,376.63173,6536
2026-07-16 10:00:00+00:00,64071.0,64250.0,64064.0,64201.0,542.25048,8013
2026-07-16 11:00:00+00:00,64202.0,64250.0,64076.0,64235.0,525.2952,10331
2026-07-16 12:00:00+00:00,64235.0,64235.0,63845.0,63945.0,1220.16303,12179
2026-07-16 13:00:00+00:00,63946.0,64451.0,63939.0,64363.0,2255.429,19172
2026-07-16 14:00:00+00:00,64363.0,64850.0,64313.0,64515.0,2613.03094,24602
2026-07-16 15:00:00+00:00,64516.0,64885.0,64294.0,64689.0,2196.19087,18571
2026-07-16 16:00:00+00:00,64688.0,64700.0,64305.0,64461.0,1258.81019,14227
2026-07-16 17:00:00+00:00,64461.0,64461.0,63977.0,64057.0,1181.54913,12834
2026-07-16 18:00:00+00:00,64057.0,64315.0,64040.0,64248.0,719.45608,9143
2026-07-16 19:00:00+00:00,64242.0,64294.0,64136.0,64263.0,712.38377,7344
2026-07-16 20:00:00+00:00,64262.0,64268.0,64091.0,64102.0,589.19812,6267
2026-07-16 21:00:00+00:00,64103.0,64242.0,64085.0,64153.0,442.41246,5934
2026-07-16 22:00:00+00:00,64154.0,64240.0,63942.0,63952.0,820.20852,10573
2026-07-16 23:00:00+00:00,63953.0,63992.0,63723.0,63815.0,1178.55425,12503
2026-07-17 00:00:00+00:00,63815.0,63900.0,63594.0,63868.0,1043.35478,11257
2026-07-17 01:00:00+00:00,63867.0,64048.0,63473.0,63539.0,2379.63383,15886
2026-07-17 02:00:00+00:00,63539.0,63653.0,63377.0,63491.0,997.12884,11131
2026-07-17 03:00:00+00:00,63491.0,63729.0,63490.0,63572.0,882.41949,9008
2026-07-17 04:00:00+00:00,63572.0,63581.0,63312.0,63492.0,766.45024,8055
2026-07-17 05:00:00+00:00,63492.0,63492.0,62812.0,62844.0,1852.1331,16463
2026-07-17 06:00:00+00:00,62845.0,63030.0,62725.0,62966.0,1835.02986,15439
2026-07-17 07:00:00+00:00,62966.0,63008.0,62822.0,62839.0,797.0915,9793
2026-07-17 08:00:00+00:00,62839.0,62966.0,62684.0,62908.0,1093.86818,11738
2026-07-17 09:00:00+00:00,62909.0,63091.0,62884.0,63013.0,429.03207,8424
2026-07-17 10:00:00+00:00,63014.0,63233.0,63013.0,63200.0,977.59135,10796
2026-07-17 11:00:00+00:00,63201.0,63379.0,63077.0,63301.0,931.14915,10835
2026-07-17 12:00:00+00:00,63300.0,63366.0,63069.0,63093.0,871.58075,12550
2026-07-17 13:00:00+00:00,63099.0,63218.0,62550.0,63182.0,2219.10373,24702
2026-07-17 14:00:00+00:00,63181.0,63547.0,63095.0,63201.0,2365.24987,23590
2026-07-17 15:00:00+00:00,63201.0,63484.0,62859.0,63478.0,1082.29869,14805
2026-07-17 16:00:00+00:00,63478.0,63728.0,63329.0,63604.0,1944.27086,19607
2026-07-17 17:00:00+00:00,63605.0,64233.0,63604.0,64049.0,2748.52786,23565
2026-07-17 18:00:00+00:00,64050.0,64398.0,63887.0,64250.0,1613.63638,20670
2026-07-17 19:00:00+00:00,64251.0,64253.0,63966.0,64156.0,822.57188,12681
2026-07-17 20:00:00+00:00,64153.0,64203.0,63965.0,64118.0,1366.08969,10327
2026-07-17 21:00:00+00:00,64119.0,64231.0,64065.0,64106.0,574.29974,6133
2026-07-17 22:00:00+00:00,64106.0,64158.0,63910.0,63971.0,889.85304,7143
2026-07-17 23:00:00+00:00,63970.0,64000.0,63876.0,63928.0,242.82366,4911
2026-07-18 00:00:00+00:00,63927.0,64000.0,63884.0,63892.0,243.50548,4586
2026-07-18 01:00:00+00:00,63897.0,63999.0,63873.0,63948.0,344.25957,4741
2026-07-18 02:00:00+00:00,63947.0,64029.0,63921.0,63950.0,247.29273,4150
2026-07-18 03:00:00+00:00,63950.0,64010.0,63922.0,64009.0,110.49714,3557
2026-07-18 04:00:00+00:00,64009.0,64010.0,63929.0,63955.0,370.06418,3691
2026-07-18 05:00:00+00:00,63955.0,63986.0,63914.0,63942.0,314.5643,4152
2026-07-18 06:00:00+00:00,63943.0,63990.0,63930.0,63970.0,137.34261,2805
2026-07-18 07:00:00+00:00,63970.0,64020.0,63969.0,63995.0,196.80484,3166
2026-07-18 08:00:00+00:00,63993.0,64014.0,63944.0,63986.0,346.67682,5418
2026-07-18 09:00:00+00:00,63987.0,63992.0,63924.0,63973.0,126.63278,3080
2026-07-18 10:00:00+00:00,63973.0,63996.0,63969.0,63991.0,90.4099,2143
2026-07-18 11:00:00+00:00,63992.0,64088.0,63991.0,64049.0,429.62692,3732
2026-07-18 12:00:00+00:00,64048.0,64250.0,64035.0,64196.0,894.13034,10211
2026-07-18 13:00:00+00:00,64197.0,64197.0,63943.0,64094.0,468.85354,5543
2026-07-18 14:00:00+00:00,64095.0,64181.0,64083.0,64102.0,249.67754,6282
2026-07-18 15:00:00+00:00,64102.0,64153.0,64020.0,64104.0,242.11882,4985
2026-07-18 16:00:00+00:00,64105.0,64300.0,64070.0,64277.0,383.46936,6564
2026-07-18 17:00:00+00:00,64287.0,64505.0,64259.0,64477.0,1322.24187,11840
2026-07-18 18:00:00+00:00,64477.0,64619.0,64455.0,64513.0,1292.53771,14007
2026-07-18 19:00:00+00:00,64514.0,64589.0,64467.0,64546.0,960.33177,8905
2026-07-18 20:00:00+00:00,64545.0,64742.0,64500.0,64694.0,1113.97809,10138
2026-07-18 21:00:00+00:00,64693.0,64847.0,64609.0,64729.0,1322.41824,10896
2026-07-18 22:00:00+00:00,64730.0,64873.0,64703.0,64805.0,379.91361,6471
2026-07-18 23:00:00+00:00,64805.0,64839.0,64710.0,64827.0,498.58162,5946
2026-07-19 00:00:00+00:00,64828.0,64901.0,64757.0,64766.0,940.22292,8611
2026-07-19 01:00:00+00:00,64766.0,64781.0,64749.0,64757.0,213.12113,3480
2026-07-19 02:00:00+00:00,64758.0,64957.0,64696.0,64814.0,780.96749,8438
2026-07-19 03:00:00+00:00,64814.0,64830.0,64616.0,64694.0,305.42015,4518
2026-07-19 04:00:00+00:00,64695.0,64787.0,64601.0,64712.0,431.75151,5174
2026-07-19 05:00:00+00:00,64712.0,64810.0,64657.0,64715.0,239.40858,3505
2026-07-19 06:00:00+00:00,64716.0,64752.0,64687.0,64706.0,216.09087,3424
2026-07-19 07:00:00+00:00,64706.0,64776.0,64665.0,64713.0,250.94737,5299
2026-07-19 08:00:00+00:00,64714.0,64740.0,64620.0,64697.0,305.46286,4007
2026-07-19 09:00:00+00:00,64697.0,64715.0,64488.0,64507.0,939.04506,6373
2026-07-19 10:00:00+00:00,64508.0,64686.0,64465.0,64565.0,503.28605,5252
2026-07-19 11:00:00+00:00,64566.0,64622.0,64424.0,64452.0,559.33589,5925
2026-07-19 12:00:00+00:00,64453.0,64453.0,64275.0,64437.0,991.92145,8848
2026-07-19 13:00:00+00:00,64437.0,64515.0,64293.0,64482.0,546.14081,6162
2026-07-19 14:00:00+00:00,64482.0,64641.0,64410.0,64588.0,464.63741,8942
2026-07-19 15:00:00+00:00,64588.0,64618.0,64488.0,64574.0,613.28285,6385
2026-07-19 16:00:00+00:00,64575.0,64648.0,64514.0,64536.0,406.62482,6465
2026-07-19 17:00:00+00:00,64536.0,64762.0,64401.0,64536.0,786.70523,11089
2026-07-19 18:00:00+00:00,64536.0,64545.0,64285.0,64411.0,756.78329,8487
2026-07-19 19:00:00+00:00,64411.0,64456.0,64338.0,64456.0,231.09384,4217
2026-07-19 20:00:00+00:00,64456.0,64537.0,64455.0,64536.0,144.62497,4218
2026-07-19 21:00:00+00:00,64536.0,64559.0,64339.0,64404.0,552.7159,7063
2026-07-19 22:00:00+00:00,64404.0,64890.0,64345.0,64659.0,2487.80939,17529
2026-07-19 23:00:00+00:00,64660.0,64767.0,64553.0,64718.0,402.63192,7368
2026-07-20 00:00:00+00:00,64719.0,65082.0,64400.0,64539.0,2180.8028,18311
2026-07-20 01:00:00+00:00,64539.0,65018.0,64482.0,64604.0,1679.1089,13668
2026-07-20 02:00:00+00:00,64604.0,64900.0,64560.0,64799.0,1884.07001,12591
2026-07-20 03:00:00+00:00,64800.0,64896.0,64616.0,64841.0,1148.74589,8358
2026-07-20 04:00:00+00:00,64840.0,64841.0,64506.0,64510.0,1396.82185,7981
2026-07-20 05:00:00+00:00,64510.0,64529.0,64060.0,64099.0,1412.54755,15590
2026-07-20 06:00:00+00:00,64100.0,64200.0,63730.0,63883.0,2392.63577,14952
2026-07-20 07:00:00+00:00,63884.0,64275.0,63865.0,64241.0,740.95258,9797
2026-07-20 08:00:00+00:00,64241.0,64334.0,63808.0,64025.0,1638.41157,13450
2026-07-20 09:00:00+00:00,64025.0,64258.0,63986.0,64187.0,609.06998,8781
2026-07-20 10:00:00+00:00,64187.0,64396.0,64139.0,64278.0,615.12727,10355
2026-07-20 11:00:00+00:00,64278.0,65057.0,64242.0,64989.0,2486.86905,19328
2026-07-20 12:00:00+00:00,64989.0,64989.0,64582.0,64629.0,1237.10549,13450
2026-07-20 13:00:00+00:00,64629.0,64750.0,64199.0,64327.0,1873.24554,19554
2026-07-20 14:00:00+00:00,64326.0,64548.0,64031.0,64392.0,1841.10714,19765
2026-07-20 15:00:00+00:00,64391.0,65600.0,64391.0,65565.0,4779.15699,36279
2026-07-20 16:00:00+00:00,65564.0,65599.0,65321.0,65474.0,1731.53687,19209
2026-07-20 17:00:00+00:00,65474.0,65600.0,65315.0,65558.0,1076.89958,12465
2026-07-20 18:00:00+00:00,65557.0,65778.0,65157.0,65200.0,4557.94756,27476
2026-07-20 19:00:00+00:00,65200.0,65237.0,65010.0,65100.0,2721.54221,21355
2026-07-20 20:00:00+00:00,65100.0,65416.0,65020.0,65348.0,2394.56,14374
2026-07-20 21:00:00+00:00,65349.0,65427.0,65246.0,65262.0,683.22343,7300
2026-07-20 22:00:00+00:00,65261.0,65262.0,65051.0,65100.0,866.49983,8969
2026-07-20 23:00:00+00:00,65100.0,65247.0,65093.0,65226.0,787.96474,7533
2026-07-21 00:00:00+00:00,65227.0,65553.0,65124.0,65545.0,766.06615,11222
2026-07-21 01:00:00+00:00,65544.0,65635.0,65204.0,65205.0,842.57826,11038
2026-07-21 02:00:00+00:00,65205.0,65464.0,65137.0,65380.0,1007.74608,9722
2026-07-21 03:00:00+00:00,65381.0,65565.0,65379.0,65539.0,1178.31984,8772
2026-07-21 04:00:00+00:00,65538.0,65719.0,65456.0,65502.0,1024.86351,11321
2026-07-21 05:00:00+00:00,65502.0,65860.0,65451.0,65720.0,1550.49254,12925
2026-07-21 06:00:00+00:00,65720.0,65970.0,65608.0,65892.0,984.21042,12966
2026-07-21 07:00:00+00:00,65893.0,66215.0,65840.0,66170.0,2515.52882,18435
2026-07-21 08:00:00+00:00,66168.0,66329.0,66102.0,66194.0,1791.43727,19247
2026-07-21 09:00:00+00:00,66195.0,66316.0,66113.0,66259.0,807.15009,10971
2026-07-21 10:00:00+00:00,66260.0,66382.0,66151.0,66160.0,1109.56199,13534
2026-07-21 11:00:00+00:00,66160.0,66326.0,66110.0,66320.0,393.03795,8186
2026-07-21 12:00:00+00:00,66321.0,66620.0,66238.0,66528.0,2085.21216,16767
2026-07-21 13:00:00+00:00,66529.0,66778.0,66301.0,66748.0,2558.57786,23386
2026-07-21 14:00:00+00:00,66748.0,66918.0,66606.0,66806.0,2916.64238,28712
2026-07-21 15:00:00+00:00,66807.0,66807.0,66489.0,66644.0,1286.74716,18439
2026-07-21 16:00:00+00:00,66645.0,66729.0,66437.0,66511.0,763.49988,14168
2026-07-21 17:00:00+00:00,66510.0,66536.0,66100.0,66189.0,2326.82222,19926
2026-07-21 18:00:00+00:00,66188.0,66341.0,66065.0,66302.0,1672.97811,15141
2026-07-21 19:00:00+00:00,66301.0,66469.0,66236.0,66417.0,1051.87411,10609
2026-07-21 20:00:00+00:00,66417.0,66469.0,66326.0,66374.0,786.47567,8572
2026-07-21 21:00:00+00:00,66373.0,66383.0,66248.0,66352.0,686.68275,10239
2026-07-21 22:00:00+00:00,66353.0,66354.0,66185.0,66272.0,385.79044,8909
2026-07-21 23:00:00+00:00,66271.0,66553.0,66188.0,66527.0,982.17791,10519
2026-07-22 00:00:00+00:00,66526.0,66714.0,66510.0,66593.0,790.09848,13106
2026-07-22 01:00:00+00:00,66591.0,66627.0,66261.0,66399.0,1681.71235,14236
2026-07-22 02:00:00+00:00,66400.0,66513.0,66271.0,66285.0,441.91538,7917
2026-07-22 03:00:00+00:00,66286.0,66349.0,66152.0,66180.0,700.8109,9822
2026-07-22 04:00:00+00:00,66179.0,66400.0,66165.0,66359.0,358.77491,8285
2026-07-22 05:00:00+00:00,66360.0,66360.0,65917.0,65955.0,2278.88082,16663
2026-07-22 06:00:00+00:00,65954.0,66000.0,65790.0,65898.0,1600.4677,14753
2026-07-22 07:00:00+00:00,65898.0,65930.0,65663.0,65808.0,837.57469,11972
2026-07-22 08:00:00+00:00,65808.0,66142.0,65808.0,65958.0,1146.46452,13881
2026-07-22 09:00:00+00:00,65958.0,66060.0,65823.0,65902.0,415.06037,11328
2026-07-22 10:00:00+00:00,65903.0,66097.0,65868.0,66027.0,380.14471,10347
2026-07-22 11:00:00+00:00,66027.0,66075.0,65882.0,65990.0,467.93503,11897
2026-07-22 12:00:00+00:00,65989.0,65993.0,65534.0,65613.0,1145.58883,14892
2026-07-22 13:00:00+00:00,65613.0,65962.0,65544.0,65939.0,1433.1311,19069
2026-07-22 14:00:00+00:00,65939.0,66190.0,65555.0,65780.0,3641.89642,31519
2026-07-22 15:00:00+00:00,65780.0,66114.0,65780.0,66022.0,2444.25172,19927
2026-07-22 16:00:00+00:00,66022.0,66358.0,65891.0,66208.0,2422.20933,19321
2026-07-22 17:00:00+00:00,66207.0,66250.0,65909.0,66000.0,1640.84049,14048
2026-07-22 18:00:00+00:00,66000.0,66058.0,65692.0,65866.0,1767.31318,16624
2026-07-22 19:00:00+00:00,65866.0,65945.0,65666.0,65906.0,850.88628,12259
2026-07-22 20:00:00+00:00,65902.0,65971.0,65770.0,65890.0,719.56634,10918
2026-07-22 21:00:00+00:00,65890.0,66107.0,65867.0,66040.0,626.87377,9600
2026-07-22 22:00:00+00:00,66040.0,66054.0,65907.0,66019.0,537.41759,8169
2026-07-22 23:00:00+00:00,66018.0,66125.0,65809.0,66086.0,1636.91766,11452
2026-07-23 00:00:00+00:00,66086.0,66295.0,66017.0,66028.0,1294.32117,13013
2026-07-23 01:00:00+00:00,66027.0,66181.0,65703.0,65803.0,2064.26877,16976
2026-07-23 02:00:00+00:00,65802.0,65811.0,65612.0,65779.0,1143.15261,11350
2026-07-23 03:00:00+00:00,65778.0,65789.0,65540.0,65626.0,876.65481,10665
2026-07-23 04:00:00+00:00,65625.0,65708.0,65559.0,65577.0,389.16158,8202
2026-07-23 05:00:00+00:00,65580.0,65768.0,65539.0,65662.0,289.91678,7430
2026-07-23 06:00:00+00:00,65661.0,65794.0,65592.0,65766.0,660.10683,7206
2026-07-23 07:00:00+00:00,65766.0,65766.0,65323.0,65416.0,1091.3183,14549
2026-07-23 08:00:00+00:00,65417.0,65641.0,65390.0,65611.0,763.24487,13734
2026-07-23 09:00:00+00:00,65612.0,65739.0,65580.0,65611.0,923.45001,11332
2026-07-23 10:00:00+00:00,65611.0,65774.0,65550.0,65699.0,1361.46256,9472
2026-07-23 11:00:00+00:00,65698.0,65710.0,65502.0,65523.0,343.1374,7984
2026-07-23 12:00:00+00:00,65523.0,65566.0,64967.0,65153.0,2179.65403,22832
2026-07-23 13:00:00+00:00,65153.0,65206.0,64848.0,64860.0,2504.1453,25612
2026-07-23 14:00:00+00:00,64860.0,65194.0,64807.0,64884.0,2255.51532,20871
2026-07-23 15:00:00+00:00,64885.0,65000.0,64700.0,64942.0,1706.02844,21477
2026-07-23 16:00:00+00:00,64941.0,64942.0,64697.0,64735.0,972.85693,13968
2026-07-23 17:00:00+00:00,64735.0,64872.0,64637.0,64656.0,1177.4359,12866
2026-07-23 18:00:00+00:00,64657.0,64929.0,64656.0,64846.0,738.90143,10506
2026-07-23 19:00:00+00:00,64847.0,64914.0,64675.0,64834.0,460.53106,8877
2026-07-23 20:00:00+00:00,64837.0,65174.0,64810.0,65117.0,1372.88614,12913
2026-07-23 21:00:00+00:00,65118.0,65181.0,64975.0,65144.0,610.14517,8405
2026-07-23 22:00:00+00:00,65144.0,65187.0,64985.0,65158.0,915.60797,9407
2026-07-23 23:00:00+00:00,65157.0,65187.0,65020.0,65069.0,347.87617,6451
2026-07-24 00:00:00+00:00,65070.0,65083.0,64721.0,64941.0,1120.6807,12751
2026-07-24 01:00:00+00:00,64942.0,65144.0,64909.0,65054.0,880.97982,9153
2026-07-24 02:00:00+00:00,65054.0,65158.0,64887.0,65093.0,1185.28788,9852
2026-07-24 03:00:00+00:00,65094.0,65440.0,65052.0,65426.0,2060.74147,15827
2026-07-24 04:00:00+00:00,65426.0,65426.0,65232.0,65271.0,567.79341,7488
2026-07-24 05:00:00+00:00,65271.0,65367.0,65216.0,65287.0,836.15073,6555
2026-07-24 06:00:00+00:00,65287.0,65500.0,65254.0,65453.0,680.59184,8225
2026-07-24 07:00:00+00:00,65454.0,65795.0,65340.0,65483.0,2350.91075,20350
2026-07-24 08:00:00+00:00,65488.0,65496.0,65283.0,65285.0,638.65444,9779
2026-07-24 09:00:00+00:00,65285.0,65295.0,64923.0,65089.0,2629.22596,19102
2026-07-24 10:00:00+00:00,65089.0,65141.0,64878.0,64928.0,1013.05924,13151
2026-07-24 11:00:00+00:00,64929.0,65077.0,64828.0,65065.0,1439.82809,11268
2026-07-24 12:00:00+00:00,65065.0,65125.0,64727.0,64751.0,1125.05003,10347
2026-07-24 13:00:00+00:00,64751.0,64780.0,63900.0,64138.0,5085.77283,40406
2026-07-24 14:00:00+00:00,64140.0,64201.0,63730.0,64052.0,3621.43615,28818
2026-07-24 15:00:00+00:00,64052.0,64323.0,63846.0,64085.0,1984.41105,22378
2026-07-24 16:00:00+00:00,64087.0,64185.0,63862.0,63939.0,1254.89786,12250
2026-07-24 17:00:00+00:00,63939.0,64194.0,63892.0,64169.0,1317.93206,11237
2026-07-24 18:00:00+00:00,64169.0,64279.0,64110.0,64258.0,868.56967,9947
2026-07-24 19:00:00+00:00,64258.0,64280.0,64111.0,64199.0,814.32525,9830
2026-07-24 20:00:00+00:00,64199.0,64264.0,64099.0,64144.0,589.39254,7381
2026-07-24 21:00:00+00:00,64144.0,64201.0,64110.0,64125.0,549.56136,5894
2026-07-24 22:00:00+00:00,64125.0,64205.0,64111.0,64144.0,320.01134,5108
2026-07-24 23:00:00+00:00,64143.0,64157.0,64115.0,64123.0,188.42194,4127
2026-07-25 00:00:00+00:00,64122.0,64155.0,64016.0,64048.0,341.11903,5293
2026-07-25 01:00:00+00:00,64047.0,64135.0,63983.0,64041.0,620.25634,6321
2026-07-25 02:00:00+00:00,64040.0,64068.0,63990.0,64013.0,331.87857,4627
2026-07-25 03:00:00+00:00,64012.0,64072.0,63991.0,64062.0,213.81707,4348
2026-07-25 04:00:00+00:00,64060.0,64173.0,64055.0,64150.0,318.71325,4622
2026-07-25 05:00:00+00:00,64150.0,64171.0,63949.0,63995.0,446.1534,4604
2026-07-25 06:00:00+00:00,63995.0,64037.0,63926.0,63978.0,1135.94505,7144
2026-07-25 07:00:00+00:00,63979.0,64007.0,63970.0,63984.0,212.76366,4564
2026-07-25 08:00:00+00:00,63985.0,63985.0,63736.0,63841.0,1648.79484,9418
2026-07-25 09:00:00+00:00,63842.0,64000.0,63800.0,63975.0,923.57807,8221
2026-07-25 10:00:00+00:00,63976.0,64053.0,63971.0,64047.0,450.34524,5915
2026-07-25 11:00:00+00:00,64047.0,64087.0,64024.0,64032.0,329.77794,6033
2026-07-25 12:00:00+00:00,64032.0,64103.0,64010.0,64103.0,271.50068,3627
2026-07-25 13:00:00+00:00,64103.0,64233.0,64082.0,64155.0,486.01299,5632
2026-07-25 14:00:00+00:00,64155.0,64198.0,64101.0,64197.0,217.17007,4079
2026-07-25 15:00:00+00:00,64197.0,64250.0,64153.0,64157.0,301.3342,5226
2026-07-25 16:00:00+00:00,64157.0,64219.0,64094.0,64184.0,239.56479,4159
2026-07-25 17:00:00+00:00,64184.0,64314.0,64170.0,64240.0,505.08496,5893
2026-07-25 18:00:00+00:00,64241.0,64434.0,64240.0,64398.0,702.02261,7812
2026-07-25 19:00:00+00:00,64399.0,64427.0,64367.0,64368.0,384.95921,4930
2026-07-25 20:00:00+00:00,64369.0,64374.0,64282.0,64309.0,334.59043,4364
2026-07-25 21:00:00+00:00,64309.0,64400.0,64234.0,64318.0,188.90741,4037
2026-07-25 22:00:00+00:00,64318.0,64408.0,64318.0,64390.0,216.01668,2969
2026-07-25 23:00:00+00:00,64391.0,64410.0,64355.0,64361.0,160.132,2631
2026-07-26 00:00:00+00:00,64361.0,64490.0,64334.0,64490.0,273.55116,4594
2026-07-26 01:00:00+00:00,64490.0,64530.0,64426.0,64436.0,281.24274,3698
2026-07-26 02:00:00+00:00,64436.0,64498.0,64399.0,64496.0,81.67744,2695
2026-07-26 03:00:00+00:00,64496.0,64558.0,64460.0,64520.0,357.547,4151
2026-07-26 04:00:00+00:00,64520.0,64571.0,64463.0,64501.0,165.6269,3287
2026-07-26 05:00:00+00:00,64501.0,64501.0,64387.0,64388.0,348.00322,3434
2026-07-26 06:00:00+00:00,64388.0,64429.0,64262.0,64407.0,437.72676,4840
2026-07-26 07:00:00+00:00,64407.0,64433.0,64320.0,64346.0,225.86615,3287
2026-07-26 08:00:00+00:00,64347.0,64470.0,64333.0,64458.0,197.07607,4717
2026-07-26 09:00:00+00:00,64458.0,64528.0,64449.0,64508.0,194.76129,3814
2026-07-26 10:00:00+00:00,64508.0,64543.0,64469.0,64488.0,118.58331,2722
2026-07-26 11:00:00+00:00,64488.0,64512.0,64467.0,64476.0,119.19223,2909
2026-07-26 12:00:00+00:00,64477.0,64630.0,64407.0,64438.0,649.72467,7399
2026-07-26 13:00:00+00:00,64439.0,64541.0,64377.0,64490.0,246.05447,4777
2026-07-26 14:00:00+00:00,64490.0,64725.0,64489.0,64683.0,904.69315,10060
2026-07-26 15:00:00+00:00,64684.0,64780.0,64641.0,64737.0,448.41523,6668
2026-07-26 16:00:00+00:00,64737.0,64907.0,64668.0,64702.0,967.36344,7945
2026-07-26 17:00:00+00:00,64703.0,64768.0,64638.0,64666.0,426.54102,6069
2026-07-26 18:00:00+00:00,64666.0,64746.0,64637.0,64710.0,179.34865,5132
2026-07-26 19:00:00+00:00,64710.0,64730.0,64642.0,64669.0,299.09441,6486
2026-07-26 20:00:00+00:00,64670.0,64670.0,64599.0,64616.0,416.32527,5878
2026-07-26 21:00:00+00:00,64617.0,64895.0,64616.0,64819.0,500.16477,9110
2026-07-26 22:00:00+00:00,64819.0,65484.0,64819.0,65377.0,2521.09556,22506
2026-07-26 23:00:00+00:00,65377.0,65561.0,65253.0,65366.0,1125.26094,12498
2026-07-27 00:00:00+00:00,65372.0,65395.0,65045.0,65099.0,915.98925,13158
2026-07-27 01:00:00+00:00,65100.0,65198.0,64866.0,65180.0,554.45739,11250
2026-07-27 02:00:00+00:00,65180.0,65259.0,65083.0,65148.0,593.26931,8130
2026-07-27 03:00:00+00:00,65148.0,65342.0,65143.0,65261.0,318.24114,6956
2026-07-27 04:00:00+00:00,65261.0,65470.0,65225.0,65256.0,529.65314,8193
2026-07-27 05:00:00+00:00,65257.0,65470.0,65251.0,65437.0,399.23276,6410
2026-07-27 06:00:00+00:00,65438.0,65715.0,65379.0,65381.0,1007.29423,11373
2026-07-27 07:00:00+00:00,65380.0,65417.0,65180.0,65191.0,575.96225,8822
2026-07-27 08:00:00+00:00,65190.0,65226.0,65090.0,65139.0,616.48705,11047
2026-07-27 09:00:00+00:00,65138.0,65316.0,65069.0,65234.0,367.54945,8416
2026-07-27 10:00:00+00:00,65232.0,65411.0,65203.0,65304.0,270.37862,7731
2026-07-27 11:00:00+00:00,65304.0,65305.0,65058.0,65074.0,606.5374,9068
2026-07-27 12:00:00+00:00,65073.0,65232.0,64796.0,65057.0,2096.75979,17116
2026-07-27 13:00:00+00:00,65057.0,65680.0,64893.0,65182.0,2954.34462,27599
2026-07-27 14:00:00+00:00,65181.0,65395.0,64450.0,64667.0,3688.51446,36361
2026-07-27 15:00:00+00:00,64667.0,64756.0,64394.0,64514.0,2742.85515,22255
2026-07-27 16:00:00+00:00,64515.0,64938.0,64500.0,64865.0,1664.90042,18936
2026-07-27 17:00:00+00:00,64865.0,65059.0,64749.0,64984.0,1489.21261,15549
2026-07-27 18:00:00+00:00,64985.0,65031.0,64718.0,64849.0,703.76435,11694
2026-07-27 19:00:00+00:00,64848.0,65046.0,64776.0,64949.0,828.24091,10896
2026-07-27 20:00:00+00:00,64948.0,65027.0,64865.0,64933.0,396.3068,7964
2026-07-27 21:00:00+00:00,64934.0,64934.0,64755.0,64787.0,717.8564,9374
2026-07-27 22:00:00+00:00,64787.0,64788.0,63768.0,63769.0,3558.89633,27067
2026-07-27 23:00:00+00:00,63768.0,63920.0,63576.0,63736.0,3433.7327,24545
2026-07-28 00:00:00+00:00,63737.0,63804.0,63442.0,63451.0,2020.53231,18753
2026-07-28 01:00:00+00:00,63453.0,63504.0,63026.0,63200.0,2658.93447,22742
2026-07-28 02:00:00+00:00,63200.0,63278.0,63069.0,63159.0,820.91433,10223
2026-07-28 03:00:00+00:00,63160.0,63355.0,63146.0,63320.0,1615.15432,11578
2026-07-28 04:00:00+00:00,63320.0,63342.0,63200.0,63332.0,427.12117,6937
2026-07-28 05:00:00+00:00,63333.0,63600.0,63307.0,63429.0,768.05021,8799
2026-07-28 06:00:00+00:00,63430.0,63641.0,63377.0,63621.0,609.6549,7904
2026-07-28 07:00:00+00:00,63622.0,63636.0,63430.0,63480.0,373.50661,6506
2026-07-28 08:00:00+00:00,63480.0,63506.0,63377.0,63402.0,283.20344,7388
2026-07-28 09:00:00+00:00,63403.0,63557.0,63345.0,63374.0,361.55564,6722
2026-07-28 10:00:00+00:00,63374.0,63531.0,63265.0,63451.0,419.91225,9032
2026-07-28 11:00:00+00:00,63452.0,63567.0,63330.0,63441.0,588.32891,11566
2026-07-28 12:00:00+00:00,63440.0,63567.0,63363.0,63543.0,763.11305,9046
2026-07-28 13:00:00+00:00,63543.0,63565.0,62703.0,63089.0,2960.18831,27257
2026-07-28 14:00:00+00:00,63089.0,63532.0,62946.0,63400.0,2557.15089,24709
2026-07-28 15:00:00+00:00,63400.0,64000.0,63250.0,63911.0,3280.91911,26895
2026-07-28 16:00:00+00:00,63910.0,64100.0,63755.0,64025.0,1414.60059,12900
2026-07-28 17:00:00+00:00,64025.0,64025.0,63476.0,63664.0,1926.28583,16502
2026-07-28 18:00:00+00:00,63663.0,63810.0,63628.0,63701.0,735.376,11753
2026-07-28 19:00:00+00:00,63701.0,63875.0,63653.0,63870.0,1002.87576,11343
2026-07-28 20:00:00+00:00,63873.0,63992.0,63847.0,63885.0,814.25754,11478
2026-07-28 21:00:00+00:00,63886.0,64039.0,63860.0,63946.0,580.71362,10704
2026-07-28 22:00:00+00:00,63947.0,63995.0,63738.0,63751.0,841.55489,11676
2026-07-28 23:00:00+00:00,63750.0,63933.0,63525.0,63906.0,1928.35873,17366
2026-07-29 00:00:00+00:00,63907.0,64164.0,63858.0,63934.0,1121.53971,14633
2026-07-29 01:00:00+00:00,63934.0,63981.0,63663.0,63677.0,850.47812,12776
2026-07-29 02:00:00+00:00,63678.0,64106.0,63635.0,63948.0,623.53954,12171
2026-07-29 03:00:00+00:00,63948.0,63981.0,63681.0,63721.0,714.47004,10068
2026-07-29 04:00:00+00:00,63722.0,63944.0,63565.0,63944.0,790.0595,12005
2026-07-29 05:00:00+00:00,63944.0,64073.0,63859.0,64042.0,591.27829,9677
2026-07-29 06:00:00+00:00,64041.0,64439.0,64002.0,64402.0,1265.97183,15393
2026-07-29 07:00:00+00:00,64402.0,64548.0,64374.0,64530.0,510.18695,10565
2026-07-29 08:00:00+00:00,64531.0,64577.0,64250.0,64392.0,1031.77277,12971
2026-07-29 09:00:00+00:00,64392.0,64696.0,64354.0,64659.0,941.77418,15523
2026-07-29 10:00:00+00:00,64660.0,64685.0,64378.0,64438.0,984.05624,12567
2026-07-29 11:00:00+00:00,64437.0,64568.0,64386.0,64482.0,716.08352,9880
2026-07-29 12:00:00+00:00,64483.0,64483.0,64200.0,64249.0,713.22689,12275
2026-07-29 13:00:00+00:00,64249.0,64640.0,64116.0,64627.0,1600.55938,20930
2026-07-29 14:00:00+00:00,64628.0,64689.0,64025.0,64079.0,1742.26519,22722
2026-07-29 15:00:00+00:00,64080.0,64173.0,63848.0,63943.0,1487.64613,16616
2026-07-29 16:00:00+00:00,63943.0,64108.0,63581.0,63789.0,2032.09829,20720
2026-07-29 17:00:00+00:00,63789.0,64255.0,63685.0,64254.0,2040.69127,19473
2026-07-29 18:00:00+00:00,64254.0,64690.0,63714.0,64474.0,5827.73751,49472
2026-07-29 19:00:00+00:00,64474.0,64566.0,63478.0,63563.0,4229.95742,39409
2026-07-29 20:00:00+00:00,63562.0,63700.0,63345.0,63497.0,2441.02948,25888
2026-07-29 21:00:00+00:00,63498.0,63853.0,63245.0,63848.0,2421.15541,21099
2026-07-29 22:00:00+00:00,63848.0,64094.0,63843.0,63918.0,1884.47504,17011
2026-07-29 23:00:00+00:00,63917.0,64044.0,63838.0,63962.0,877.98303,9494
2026-07-30 00:00:00+00:00,63961.0,64090.0,63588.0,63676.0,740.68813,11881
2026-07-30 01:00:00+00:00,63675.0,64345.0,63661.0,64243.0,1827.48415,16994
2026-07-30 02:00:00+00:00,64243.0,64390.0,64129.0,64158.0,519.32367,9955
2026-07-30 03:00:00+00:00,64158.0,64273.0,64108.0,64138.0,368.87496,7824
2026-07-30 04:00:00+00:00,64141.0,64156.0,63974.0,63994.0,378.39369,7027
2026-07-30 05:00:00+00:00,63995.0,64142.0,63877.0,64009.0,893.62246,9237
2026-07-30 06:00:00+00:00,64009.0,64057.0,63930.0,63968.0,206.06049,4575
2026-07-30 07:00:00+00:00,63969.0,64115.0,63904.0,63977.0,295.26215,5687
2026-07-30 08:00:00+00:00,63979.0,64324.0,63954.0,64277.0,1005.76673,11413
2026-07-30 09:00:00+00:00,64278.0,64600.0,64257.0,64540.0,869.61223,12385
2026-07-30 10:00:00+00:00,64540.0,64600.0,64534.0,64553.0,411.65,6670
2026-07-30 11:00:00+00:00,64554.0,64850.0,64516.0,64747.0,996.55731,10434
2026-07-30 12:00:00+00:00,64748.0,64997.0,64748.0,64892.0,1036.13242,13654
2026-07-30 13:00:00+00:00,64892.0,65153.0,64657.0,64986.0,1654.50002,18428
2026-07-30 14:00:00+00:00,64987.0,65006.0,64575.0,64645.0,1937.7111,19049
2026-07-30 15:00:00+00:00,64644.0,64854.0,64569.0,64692.0,1205.54974,13721
2026-07-30 16:00:00+00:00,64692.0,64930.0,64690.0,64789.0,943.69709,10649
2026-07-30 17:00:00+00:00,64789.0,64951.0,64738.0,64836.0,572.43555,8147
2026-07-30 18:00:00+00:00,64837.0,64860.0,64642.0,64669.0,344.60821,6976
2026-07-30 19:00:00+00:00,64669.0,64879.0,64668.0,64769.0,771.74148,7919
2026-07-30 20:00:00+00:00,64768.0,64905.0,64724.0,64744.0,694.47068,7159
2026-07-30 21:00:00+00:00,64744.0,64771.0,64669.0,64701.0,251.47061,5082
2026-07-30 22:00:00+00:00,64701.0,64992.0,64623.0,64828.0,1007.84825,10513
2026-07-30 23:00:00+00:00,64827.0,65066.0,64720.0,64754.0,700.93889,7945
2026-07-31 00:00:00+00:00,64755.0,64870.0,64667.0,64702.0,401.21061,6172
2026-07-31 01:00:00+00:00,64703.0,65385.0,64469.0,64530.0,2029.95971,20561
2026-07-31 02:00:00+00:00,64531.0,64583.0,64157.0,64267.0,2118.61196,15648
2026-07-31 03:00:00+00:00,64268.0,64412.0,64150.0,64347.0,1594.62371,9612
2026-07-31 04:00:00+00:00,64345.0,64413.0,64195.0,64284.0,521.16463,5813
2026-07-31 05:00:00+00:00,64285.0,64405.0,64237.0,64330.0,855.17838,6683
2026-07-31 06:00:00+00:00,64331.0,64470.0,64168.0,64203.0,972.91181,8404
2026-07-31 07:00:00+00:00,64204.0,64204.0,63849.0,63918.0,1618.84667,15078
2026-07-31 08:00:00+00:00,63919.0,63956.0,63800.0,63806.0,690.39775,9992
2026-07-31 09:00:00+00:00,63806.0,63819.0,63601.0,63696.0,935.12855,12138
2026-07-31 10:00:00+00:00,63697.0,63928.0,63582.0,63894.0,636.28181,10020
2026-07-31 11:00:00+00:00,63893.0,63983.0,63755.0,63771.0,1040.09919,8875
2026-07-31 12:00:00+00:00,63771.0,63793.0,63593.0,63728.0,826.8357,8777
2026-07-31 13:00:00+00:00,63729.0,63807.0,63205.0,63258.0,3316.35463,21578
2026-07-31 14:00:00+00:00,63258.0,63295.0,62440.0,62669.0,5667.62746,45738
2026-07-31 15:00:00+00:00,62669.0,62752.0,62470.0,62705.0,1532.7342,13915
2026-07-31 16:00:00+00:00,62705.0,62920.0,62693.0,62847.0,2411.83108,13148
2026-07-31 17:00:00+00:00,62847.0,63279.0,62779.0,63209.0,2301.19258,15388
2026-07-31 18:00:00+00:00,63210.0,63267.0,62934.0,63071.0,1206.46357,13106
2026-07-31 19:00:00+00:00,63072.0,63132.0,62902.0,62935.0,287.33742,7127
2026-07-31 20:00:00+00:00,62938.0,63007.0,62894.0,62921.0,274.60644,4956
2026-07-31 21:00:00+00:00,62922.0,63025.0,62813.0,62920.0,681.86939,6171
2026-07-31 22:00:00+00:00,62921.0,63003.0,62835.0,62900.0,531.87994,4947
2026-07-31 23:00:00+00:00,62900.0,62988.0,62821.0,62856.0,342.63743,5046
2026-08-01 00:00:00+00:00,62857.0,62993.0,62856.0,62906.0,281.6698,4440
2026-08-01 01:00:00+00:00,62906.0,62960.0,62899.0,62940.0,132.64688,2916
2026-08-01 02:00:00+00:00,62940.0,63078.0,62939.0,63042.0,273.19104,3342
2026-08-01 03:00:00+00:00,63043.0,63047.0,62950.0,62975.0,366.34507,3867
2026-08-01 04:00:00+00:00,62976.0,63080.0,62971.0,63073.0,97.44346,2707
2026-08-01 05:00:00+00:00,63073.0,63115.0,62967.0,63008.0,143.73327,3321
2026-08-01 06:00:00+00:00,63008.0,63040.0,62965.0,63040.0,218.78274,2429
2026-08-01 07:00:00+00:00,63040.0,63073.0,63000.0,63018.0,213.57813,2731
2026-08-01 08:00:00+00:00,63018.0,63114.0,63017.0,63103.0,112.73468,3118
2026-08-01 09:00:00+00:00,63103.0,63114.0,63015.0,63024.0,115.17166,2832
2026-08-01 10:00:00+00:00,63024.0,63083.0,62951.0,63021.0,187.32019,3670
2026-08-01 11:00:00+00:00,63022.0,63059.0,63010.0,63046.0,77.45119,2441
2026-08-01 12:00:00+00:00,63046.0,63093.0,63045.0,63070.0,112.5681,2419
2026-08-01 13:00:00+00:00,63069.0,63082.0,63025.0,63041.0,117.00408,2350
2026-08-01 14:00:00+00:00,63042.0,63098.0,63041.0,63098.0,269.41907,3350
2026-08-01 15:00:00+00:00,63097.0,63099.0,62982.0,62982.0,323.30985,3296
2026-08-01 16:00:00+00:00,62982.0,62995.0,62846.0,62885.0,486.69234,5943
2026-08-01 17:00:00+00:00,62885.0,62969.0,62630.0,62675.0,1316.45111,11368
2026-08-01 18:00:00+00:00,62675.0,62700.0,62237.0,62550.0,2567.42923,22657
2026-08-01 19:00:00+00:00,62549.0,62598.0,62419.0,62503.0,745.05452,8407
2026-08-01 20:00:00+00:00,62503.0,62646.0,62456.0,62635.0,600.37305,8042
2026-08-01 21:00:00+00:00,62634.0,62840.0,62634.0,62792.0,1180.20545,10943
2026-08-01 22:00:00+00:00,62791.0,62852.0,62769.0,62804.0,440.91704,5023
2026-08-01 23:00:00+00:00,62804.0,62830.0,62739.0,62790.0,271.50744,3963
2026-08-02 00:00:00+00:00,62789.0,62946.0,62786.0,62811.0,816.11388,6964
2026-08-02 01:00:00+00:00,62810.0,63064.0,62810.0,62971.0,432.14,6488
2026-08-02 02:00:00+00:00,62970.0,63550.0,62939.0,63431.0,3582.43561,19877
2026-08-02 03:00:00+00:00,63431.0,63534.0,63365.0,63436.0,376.18492,6040
2026-08-02 04:00:00+00:00,63436.0,63600.0,63436.0,63567.0,526.79894,5526
2026-08-02 05:00:00+00:00,63566.0,63617.0,63398.0,63432.0,583.54995,6089
2026-08-02 06:00:00+00:00,63431.0,63480.0,63408.0,63472.0,276.32124,4231
2026-08-02 07:00:00+00:00,63471.0,63524.0,63457.0,63467.0,147.61498,3253
2026-08-02 08:00:00+00:00,63466.0,63517.0,63142.0,63165.0,956.18236,8041
2026-08-02 09:00:00+00:00,63164.0,63299.0,63070.0,63256.0,475.71394,5705
2026-08-02 10:00:00+00:00,63255.0,63256.0,63098.0,63173.0,296.27112,4952
2026-08-02 11:00:00+00:00,63173.0,63182.0,62960.0,63011.0,499.39967,6016
2026-08-02 12:00:00+00:00,63010.0,63214.0,63010.0,63097.0,653.26636,6699
2026-08-02 13:00:00+00:00,63097.0,63122.0,62989.0,63099.0,321.64384,4632
2026-08-02 14:00:00+00:00,63099.0,63160.0,63037.0,63047.0,422.55671,4945
2026-08-02 15:00:00+00:00,63048.0,63168.0,63029.0,63102.0,513.90615,4999
2026-08-02 16:00:00+00:00,63102.0,63257.0,63044.0,63174.0,555.43302,6180
2026-08-02 17:00:00+00:00,63172.0,63340.0,63129.0,63297.0,447.22237,5809
2026-08-02 18:00:00+00:00,63296.0,63611.0,63271.0,63362.0,842.4428,8762
2026-08-02 19:00:00+00:00,63361.0,63461.0,63309.0,63443.0,470.50678,5661
2026-08-02 20:00:00+00:00,63442.0,63492.0,63382.0,63484.0,246.42922,4699
2026-08-02 21:00:00+00:00,63483.0,63777.0,63464.0,63560.0,1231.88874,12030
2026-08-02 22:00:00+00:00,63560.0,63784.0,63342.0,63400.0,2031.85176,12324
2026-08-02 23:00:00+00:00,63401.0,63580.0,63320.0,63556.0,1198.89466,8979
2026-08-03 00:00:00+00:00,63557.0,63590.0,63202.0,63296.0,837.05133,7984
2026-08-03 01:00:00+00:00,63297.0,63337.0,63100.0,63196.0,314.74569,6591
2026-08-03 02:00:00+00:00,63197.0,63267.0,63081.0,63128.0,368.61501,5361
2026-08-03 03:00:00+00:00,63129.0,63152.0,62764.0,62846.0,779.93815,8771
2026-08-03 04:00:00+00:00,62847.0,62983.0,62760.0,62768.0,490.0741,7056
2026-08-03 05:00:00+00:00,62768.0,62862.0,62720.0,62808.0,1009.41613,7296
2026-08-03 06:00:00+00:00,62809.0,62852.0,62583.0,62594.0,569.12894,8780
2026-08-03 07:00:00+00:00,62595.0,62681.0,62535.0,62597.0,617.52629,8596
2026-08-03 08:00:00+00:00,62596.0,62618.0,62270.0,62518.0,1252.65633,14215
2026-08-03 09:00:00+00:00,62518.0,62835.0,62499.0,62812.0,1176.29094,10417
2026-08-03 10:00:00+00:00,62813.0,62835.0,62599.0,62720.0,425.94576,7761
2026-08-03 11:00:00+00:00,62720.0,62759.0,62511.0,62534.0,746.60055,8148
2026-08-03 12:00:00+00:00,62534.0,62781.0,62423.0,62677.0,886.21035,11237
2026-08-03 13:00:00+00:00,62677.0,63377.0,62545.0,63340.0,2762.4072,29920
2026-08-03 14:00:00+00:00,63341.0,63946.0,63120.0,63940.0,5273.04484,45510
2026-08-03 15:00:00+00:00,63940.0,63955.0,63609.0,63661.0,2769.72563,18815
2026-08-03 16:00:00+00:00,63661.0,63916.0,63630.0,63745.0,1120.9341,14220
2026-08-03 17:00:00+00:00,63744.0,64017.0,63686.0,63874.0,920.85502,11798
2026-08-03 18:00:00+00:00,63875.0,63963.0,63728.0,63839.0,864.6098,7841
2026-08-03 19:00:00+00:00,63839.0,64050.0,63814.0,63832.0,1281.89843,10945
2026-08-03 20:00:00+00:00,63832.0,64006.0,63736.0,63761.0,962.81851,7929
2026-08-03 21:00:00+00:00,63761.0,63761.0,63521.0,63560.0,724.59295,9878
2026-08-03 22:00:00+00:00,63560.0,63651.0,63367.0,63579.0,877.23847,12140
2026-08-03 23:00:00+00:00,63580.0,63593.0,63429.0,63492.0,403.05421,6006
2026-08-04 00:00:00+00:00,63492.0,63562.0,63287.0,63339.0,483.73838,9697
2026-08-04 01:00:00+00:00,63338.0,63905.0,63333.0,63823.0,2236.69529,17157
2026-08-04 02:00:00+00:00,63823.0,63948.0,63657.0,63799.0,962.50758,10058
2026-08-04 03:00:00+00:00,63806.0,63835.0,63629.0,63777.0,376.12125,7433
2026-08-04 04:00:00+00:00,63776.0,64220.0,63719.0,64007.0,3185.27298,15974
2026-08-04 05:00:00+00:00,64006.0,64025.0,63749.0,63777.0,815.067,11066
2026-08-04 06:00:00+00:00,63778.0,63828.0,63632.0,63647.0,804.53868,9643
2026-08-04 07:00:00+00:00,63647.0,63738.0,63486.0,63659.0,855.22337,11674
2026-08-04 08:00:00+00:00,63660.0,63712.0,63531.0,63557.0,488.36423,10102
2026-08-04 09:00:00+00:00,63558.0,63575.0,63492.0,63569.0,761.17047,10920
2026-08-04 10:00:00+00:00,63569.0,63820.0,63423.0,63739.0,1226.8679,15509
2026-08-04 11:00:00+00:00,63739.0,63930.0,63685.0,63899.0,584.77911,9966
2026-08-04 12:00:00+00:00,63900.0,64044.0,63761.0,63879.0,838.58458,10757
2026-08-04 13:00:00+00:00,63878.0,64076.0,63621.0,63655.0,1512.95764,17537
2026-08-04 14:00:00+00:00,63655.0,64160.0,63587.0,64097.0,2102.64072,24619
2026-08-04 15:00:00+00:00,64096.0,64195.0,63781.0,64091.0,1135.27375,15342
2026-08-04 16:00:00+00:00,64090.0,64097.0,63866.0,63923.0,604.72337,11441
2026-08-04 17:00:00+00:00,63924.0,64153.0,63853.0,63943.0,668.69986,11644
2026-08-04 18:00:00+00:00,63944.0,64370.0,63943.0,64268.0,1815.5216,19443
2026-08-04 19:00:00+00:00,64268.0,64385.0,64170.0,64202.0,1073.54903,13342
2026-08-04 20:00:00+00:00,64202.0,64400.0,63974.0,64318.0,1308.76551,15016
2026-08-04 21:00:00+00:00,64318.0,64321.0,64148.0,64163.0,563.98109,9082
2026-08-04 22:00:00+00:00,64163.0,64269.0,64107.0,64242.0,578.52659,8435
2026-08-04 23:00:00+00:00,64243.0,64500.0,64047.0,64068.0,2632.52579,22723
2026-08-05 00:00:00+00:00,64068.0,64164.0,63953.0,63962.0,1472.9177,14955
2026-08-05 01:00:00+00:00,63962.0,64321.0,63921.0,64304.0,1996.91273,12639
2026-08-05 02:00:00+00:00,64304.0,64469.0,64299.0,64339.0,1256.71394,11173
2026-08-05 03:00:00+00:00,64338.0,64424.0,64030.0,64157.0,564.25002,8750
2026-08-05 04:00:00+00:00,64157.0,64193.0,64070.0,64148.0,330.23198,6242
2026-08-05 05:00:00+00:00,64148.0,64490.0,64144.0,64315.0,637.82127,8886
2026-08-05 06:00:00+00:00,64315.0,64344.0,64206.0,64222.0,458.17685,6951
2026-08-05 07:00:00+00:00,64222.0,64246.0,63971.0,64138.0,1180.31575,11780
2026-08-05 08:00:00+00:00,64139.0,64250.0,64062.0,64092.0,885.35762,11343
2026-08-05 09:00:00+00:00,64093.0,64183.0,64085.0,64127.0,242.45636,6343
2026-08-05 10:00:00+00:00,64127.0,64212.0,63990.0,64032.0,694.50998,9404
2026-08-05 11:00:00+00:00,64033.0,64115.0,64014.0,64041.0,767.4381,9300
2026-08-05 12:00:00+00:00,64042.0,64540.0,64024.0,64291.0,1912.48705,19941
2026-08-05 13:00:00+00:00,64292.0,64382.0,63850.0,64381.0,2905.32206,32264
2026-08-05 14:00:00+00:00,64381.0,64532.0,64268.0,64440.0,2112.87054,26333
2026-08-05 15:00:00+00:00,64441.0,64700.0,64351.0,64351.0,2256.71052,22899
2026-08-05 16:00:00+00:00,64352.0,64723.0,64351.0,64628.0,1706.90708,13134
2026-08-05 17:00:00+00:00,64628.0,64755.0,64505.0,64730.0,1074.6566,10662
2026-08-05 18:00:00+00:00,64729.0,64825.0,64650.0,64766.0,1196.73684,12275
2026-08-05 19:00:00+00:00,64767.0,64901.0,64751.0,64796.0,1684.3143,12117
2026-08-05 20:00:00+00:00,64797.0,64986.0,64780.0,64794.0,1570.6535,12857
2026-08-05 21:00:00+00:00,64795.0,64799.0,64621.0,64699.0,920.04898,9440
2026-08-05 22:00:00+00:00,64699.0,64746.0,64589.0,64596.0,487.40132,6575
2026-08-05 23:00:00+00:00,64596.0,64717.0,64546.0,64625.0,549.17899,5722
2026-08-06 00:00:00+00:00,64625.0,64690.0,64547.0,64618.0,476.70583,5588
2026-08-06 01:00:00+00:00,64618.0,64629.0,64478.0,64565.0,566.33478,5579
2026-08-06 02:00:00+00:00,64563.0,64627.0,64425.0,64552.0,568.25242,5620
2026-08-06 03:00:00+00:00,64552.0,64559.0,64465.0,64511.0,242.28839,3756
2026-08-06 04:00:00+00:00,64511.0,64719.0,64473.0,64703.0,427.57263,5267
2026-08-06 05:00:00+00:00,64702.0,64966.0,64701.0,64865.0,832.38549,9384
2026-08-06 06:00:00+00:00,64865.0,64867.0,64710.0,64824.0,352.95895,4939
2026-08-06 07:00:00+00:00,64824.0,64938.0,64726.0,64784.0,941.74879,5910
2026-08-06 08:00:00+00:00,64784.0,64967.0,64713.0,64913.0,385.07039,6974
2026-08-06 09:00:00+00:00,64912.0,64913.0,64600.0,64654.0,596.54013,8253
2026-08-06 10:00:00+00:00,64653.0,64653.0,64555.0,64589.0,345.60234,6131
2026-08-06 11:00:00+00:00,64589.0,64634.0,64466.0,64598.0,778.10299,7781
2026-08-06 12:00:00+00:00,64597.0,64610.0,64365.0,64393.0,785.89648,7356
2026-08-06 13:00:00+00:00,64394.0,64496.0,64156.0,64405.0,2529.02559,18290
2026-08-06 14:00:00+00:00,64405.0,64817.0,64333.0,64745.0,1093.47742,15449
2026-08-06 15:00:00+00:00,64746.0,64945.0,64597.0,64598.0,1616.47387,16399
2026-08-06 16:00:00+00:00,64599.0,64747.0,64557.0,64724.0,639.82491,9983
2026-08-06 17:00:00+00:00,64725.0,64801.0,64512.0,64585.0,477.45627,7777
2026-08-06 18:00:00+00:00,64586.0,64586.0,64341.0,64390.0,1195.46861,10065
2026-08-06 19:00:00+00:00,64391.0,64443.0,64318.0,64416.0,626.43126,6406
2026-08-06 20:00:00+00:00,64423.0,64505.0,64391.0,64406.0,769.50512,5852
2026-08-06 21:00:00+00:00,64407.0,64485.0,64375.0,64414.0,413.15609,5820
2026-08-06 22:00:00+00:00,64414.0,64421.0,64285.0,64320.0,336.67296,5101
2026-08-06 23:00:00+00:00,64320.0,64333.0,64171.0,64293.0,758.6074,6076
2026-08-07 00:00:00+00:00,64294.0,64388.0,64205.0,64288.0,321.11342,5236
2026-08-07 01:00:00+00:00,64289.0,64442.0,64267.0,64393.0,201.50367,5319
2026-08-07 02:00:00+00:00,64394.0,64518.0,64227.0,64363.0,687.45966,6583
2026-08-07 03:00:00+00:00,64364.0,64378.0,64236.0,64259.0,422.41946,4235
2026-08-07 04:00:00+00:00,64260.0,64337.0,64137.0,64228.0,581.60104,5237
2026-08-07 05:00:00+00:00,64228.0,64364.0,64140.0,64306.0,380.56531,4667
2026-08-07 06:00:00+00:00,64306.0,64444.0,64251.0,64270.0,427.8785,4806
2026-08-07 07:00:00+00:00,64270.0,64389.0,64231.0,64288.0,382.62776,4123
2026-08-07 08:00:00+00:00,64288.0,64635.0,64270.0,64570.0,966.50197,9294
2026-08-07 09:00:00+00:00,64571.0,64925.0,64570.0,64795.0,996.9927,12379
2026-08-07 10:00:00+00:00,64795.0,64878.0,64764.0,64859.0,502.27699,7720
2026-08-07 11:00:00+00:00,64859.0,65183.0,64858.0,64994.0,2023.78548,17622
2026-08-07 12:00:00+00:00,64995.0,65356.0,64936.0,65254.0,2654.41907,20527
2026-08-07 13:00:00+00:00,65253.0,65297.0,64967.0,64985.0,1743.96213,15953
2026-08-07 14:00:00+00:00,64985.0,65237.0,64746.0,64927.0,2084.79374,25069
2026-08-07 15:00:00+00:00,64929.0,65103.0,64858.0,64876.0,544.88466,9147
2026-08-07 16:00:00+00:00,64877.0,65044.0,64775.0,64776.0,490.99732,7786
2026-08-07 17:00:00+00:00,64776.0,64797.0,64484.0,64736.0,1581.26672,14002
2026-08-07 18:00:00+00:00,64736.0,64850.0,64644.0,64690.0,1098.69825,9407
2026-08-07 19:00:00+00:00,64690.0,64990.0,64690.0,64919.0,782.06391,10699
2026-08-07 20:00:00+00:00,64920.0,64999.0,64910.0,64940.0,270.11417,6197
2026-08-07 21:00:00+00:00,64941.0,65063.0,64884.0,64884.0,477.30321,12320
2026-08-07 22:00:00+00:00,64885.0,64913.0,64813.0,64852.0,299.41764,6766
2026-08-07 23:00:00+00:00,64851.0,64886.0,64839.0,64885.0,186.34967,7129
2026-08-08 00:00:00+00:00,64886.0,64920.0,64778.0,64888.0,271.88408,8895
2026-08-08 01:00:00+00:00,64887.0,64923.0,64870.0,64885.0,99.91812,7133
2026-08-08 02:00:00+00:00,64886.0,64921.0,64860.0,64887.0,199.9889,6942
2026-08-08 03:00:00+00:00,64886.0,65045.0,64886.0,64998.0,208.15115,8218
2026-08-08 04:00:00+00:00,64997.0,65041.0,64939.0,64974.0,280.78952,8180
2026-08-08 05:00:00+00:00,64973.0,64992.0,64946.0,64967.0,175.5186,6894
2026-08-08 06:00:00+00:00,64967.0,64989.0,64928.0,64975.0,201.95495,6931
2026-08-08 07:00:00+00:00,64976.0,64976.0,64914.0,64926.0,161.6845,6866
2026-08-08 08:00:00+00:00,64926.0,64983.0,64919.0,64961.0,109.42002,6492
2026-08-08 09:00:00+00:00,64960.0,65025.0,64955.0,64959.0,153.28044,7807
2026-08-08 10:00:00+00:00,64959.0,64992.0,64959.0,64981.0,144.98524,6848
2026-08-08 11:00:00+00:00,64982.0,64995.0,64927.0,64939.0,211.61852,6189
2026-08-08 12:00:00+00:00,64940.0,65015.0,64883.0,64970.0,245.86138,6635
2026-08-08 13:00:00+00:00,64971.0,64988.0,64969.0,64988.0,100.70549,5161
2026-08-08 14:00:00+00:00,64987.0,65168.0,64976.0,65103.0,790.58615,12399
2026-08-08 15:00:00+00:00,65104.0,65132.0,65020.0,65051.0,426.27144,7832
2026-08-08 16:00:00+00:00,65051.0,65078.0,65006.0,65062.0,313.86515,7031
2026-08-08 17:00:00+00:00,65062.0,65125.0,65049.0,65088.0,355.13148,8630
2026-08-08 18:00:00+00:00,65087.0,65097.0,65000.0,65014.0,272.85677,6251
2026-08-08 19:00:00+00:00,65013.0,65054.0,64977.0,65044.0,287.80768,5963
2026-08-08 20:00:00+00:00,65044.0,65061.0,65017.0,65045.0,333.66029,5712
2026-08-08 21:00:00+00:00,65045.0,65046.0,64981.0,64987.0,250.10484,6714
2026-08-08 22:00:00+00:00,64987.0,65009.0,64912.0,64912.0,253.39132,5977
2026-08-08 23:00:00+00:00,64913.0,64946.0,64901.0,64933.0,283.1193,6610
2026-08-09 00:00:00+00:00,64933.0,64959.0,64928.0,64946.0,115.81003,6672
2026-08-09 01:00:00+00:00,64946.0,64979.0,64817.0,64838.0,284.26873,7849
2026-08-09 02:00:00+00:00,64838.0,64838.0,64753.0,64795.0,242.13915,6699
2026-08-09 03:00:00+00:00,64795.0,64795.0,64700.0,64759.0,234.87454,7040
2026-08-09 04:00:00+00:00,64760.0,64800.0,64756.0,64757.0,144.00941,6019
2026-08-09 05:00:00+00:00,64757.0,64776.0,64748.0,64775.0,91.70434,5062
2026-08-09 06:00:00+00:00,64776.0,64836.0,64775.0,64822.0,159.60292,5646
2026-08-09 07:00:00+00:00,64821.0,64827.0,64794.0,64795.0,119.0132,4803
2026-08-09 08:00:00+00:00,64795.0,64909.0,64758.0,64789.0,268.53905,6910
2026-08-09 09:00:00+00:00,64790.0,64854.0,64781.0,64854.0,311.82179,5640
2026-08-09 10:00:00+00:00,64854.0,64946.0,64853.0,64927.0,290.84236,4987
2026-08-09 11:00:00+00:00,64927.0,64969.0,64914.0,64914.0,224.41709,4131
2026-08-09 12:00:00+00:00,64914.0,64921.0,64884.0,64921.0,152.53655,6468
2026-08-09 13:00:00+00:00,64921.0,65236.0,64920.0,65191.0,1011.49387,14827
2026-08-09 14:00:00+00:00,65192.0,65266.0,65121.0,65231.0,645.66156,13371
2026-08-09 15:00:00+00:00,65231.0,65238.0,65173.0,65200.0,440.98517,7548
2026-08-09 16:00:00+00:00,65200.0,65241.0,65148.0,65197.0,517.09469,9307
2026-08-09 17:00:00+00:00,65197.0,65200.0,65161.0,65161.0,255.26664,6925
2026-08-09 18:00:00+00:00,65162.0,65192.0,65154.0,65162.0,205.64014,6795
2026-08-09 19:00:00+00:00,65162.0,65187.0,65141.0,65149.0,232.59296,7399
2026-08-09 20:00:00+00:00,65150.0,65159.0,65042.0,65106.0,550.31358,7456
2026-08-09 21:00:00+00:00,65105.0,65225.0,65091.0,65174.0,601.94576,11459
2026-08-09 22:00:00+00:00,65174.0,65475.0,64940.0,65044.0,1846.65909,22233
2026-08-09 23:00:00+00:00,65044.0,65074.0,64805.0,64868.0,962.22271,15700
2026-08-10 00:00:00+00:00,64868.0,65304.0,64779.0,64933.0,2300.90409,14384
2026-08-10 01:00:00+00:00,64933.0,65365.0,64868.0,65166.0,886.33093,8291
2026-08-10 02:00:00+00:00,65166.0,65191.0,64885.0,65077.0,687.40125,6913
2026-08-10 03:00:00+00:00,65077.0,65134.0,64869.0,64952.0,624.14687,5886
2026-08-10 04:00:00+00:00,64952.0,65077.0,64899.0,64985.0,369.49753,4239
2026-08-10 05:00:00+00:00,64985.0,65127.0,64958.0,65100.0,444.37206,3875
2026-08-10 06:00:00+00:00,65101.0,65300.0,65099.0,65263.0,295.91429,5048
2026-08-10 07:00:00+00:00,65264.0,65344.0,65176.0,65182.0,604.31351,7141
2026-08-10 08:00:00+00:00,65181.0,65295.0,65164.0,65220.0,243.23213,4767
2026-08-10 09:00:00+00:00,65220.0,65220.0,64934.0,64946.0,354.00561,7238
2026-08-10 10:00:00+00:00,64945.0,65050.0,64944.0,64988.0,364.66675,5268
2026-08-10 11:00:00+00:00,64989.0,65113.0,64960.0,65107.0,381.64112,5336
2026-08-10 12:00:00+00:00,65107.0,65220.0,64828.0,64852.0,1013.91119,9750
2026-08-10 13:00:00+00:00,64852.0,64953.0,64500.0,64542.0,2004.32951,17246
2026-08-10 14:00:00+00:00,64542.0,64863.0,64520.0,64604.0,1613.29423,14747
2026-08-10 15:00:00+00:00,64604.0,64693.0,64170.0,64275.0,3776.12385,21637
2026-08-10 16:00:00+00:00,64276.0,64334.0,63797.0,63886.0,3316.7779,25818
2026-08-10 17:00:00+00:00,63886.0,64005.0,63807.0,63934.0,1812.11159,12621
2026-08-10 18:00:00+00:00,63934.0,64003.0,63783.0,63873.0,852.20244,8852
2026-08-10 19:00:00+00:00,63873.0,64101.0,63873.0,64030.0,1519.35561,9828
2026-08-10 20:00:00+00:00,64030.0,64194.0,64004.0,64149.0,803.07783,8459
2026-08-10 21:00:00+00:00,64149.0,64149.0,63956.0,63959.0,697.13451,6317
2026-08-10 22:00:00+00:00,63959.0,64046.0,63922.0,63999.0,404.26183,4909
2026-08-10 23:00:00+00:00,63999.0,64005.0,63896.0,63952.0,400.03947,4114
2026-08-11 00:00:00+00:00,63951.0,64043.0,63874.0,64025.0,363.35188,5077
2026-08-11 01:00:00+00:00,64026.0,64065.0,63934.0,64039.0,578.09839,4662
2026-08-11 02:00:00+00:00,64040.0,64074.0,64012.0,64025.0,211.39137,3488
2026-08-11 03:00:00+00:00,64026.0,64164.0,64025.0,64127.0,259.93848,4008
2026-08-11 04:00:00+00:00,64126.0,64139.0,64011.0,64011.0,351.13086,3999
2026-08-11 05:00:00+00:00,64012.0,64034.0,63946.0,63979.0,469.21824,5480
2026-08-11 06:00:00+00:00,63980.0,64045.0,63850.0,63953.0,387.53034,5460
2026-08-11 07:00:00+00:00,63953.0,64088.0,63891.0,64044.0,468.4537,5635
2026-08-11 08:00:00+00:00,64045.0,64125.0,64030.0,64117.0,492.8848,5834
2026-08-11 09:00:00+00:00,64118.0,64278.0,64109.0,64277.0,476.60868,7060
2026-08-11 10:00:00+00:00,64278.0,64286.0,64172.0,64206.0,851.76039,6979
2026-08-11 11:00:00+00:00,64207.0,64373.0,64206.0,64359.0,535.31582,6995
2026-08-11 12:00:00+00:00,64360.0,64460.0,64260.0,64298.0,975.17545,8487
2026-08-11 13:00:00+00:00,64299.0,64344.0,64019.0,64168.0,1206.11885,12391
2026-08-11 14:00:00+00:00,64168.0,64238.0,63677.0,63744.0,2079.36903,19421
2026-08-11 15:00:00+00:00,63744.0,63849.0,63410.0,63584.0,2837.87659,20964
2026-08-11 16:00:00+00:00,63585.0,63631.0,63427.0,63468.0,971.95608,10745
2026-08-11 17:00:00+00:00,63476.0,63614.0,63433.0,63577.0,833.60146,10172
2026-08-11 18:00:00+00:00,63578.0,63599.0,63229.0,63344.0,1397.48006,14192
2026-08-11 19:00:00+00:00,63344.0,63508.0,63195.0,63507.0,941.47645,11295
2026-08-11 20:00:00+00:00,63508.0,63720.0,63507.0,63712.0,980.68293,11028
2026-08-11 21:00:00+00:00,63712.0,63736.0,63586.0,63636.0,708.83971,7808
2026-08-11 22:00:00+00:00,63636.0,63742.0,63592.0,63637.0,480.24963,6646
2026-08-11 23:00:00+00:00,63637.0,63637.0,63513.0,63560.0,454.65186,5839
2026-08-12 00:00:00+00:00,63560.0,63722.0,63514.0,63718.0,662.72495,6444
2026-08-12 01:00:00+00:00,63718.0,63832.0,63671.0,63791.0,586.6813,6520
2026-08-12 02:00:00+00:00,63792.0,63879.0,63699.0,63715.0,489.45127,5440
2026-08-12 03:00:00+00:00,63715.0,63822.0,63672.0,63799.0,561.84306,4442
2026-08-12 04:00:00+00:00,63799.0,63864.0,63708.0,63744.0,358.48129,4542
2026-08-12 05:00:00+00:00,63743.0,63843.0,63698.0,63821.0,626.82485,5104
2026-08-12 06:00:00+00:00,63817.0,63818.0,63574.0,63687.0,1087.67919,7445
2026-08-12 07:00:00+00:00,63686.0,63810.0,63617.0,63810.0,276.62444,5049
2026-08-12 08:00:00+00:00,63809.0,63837.0,63744.0,63764.0,335.53984,5394
2026-08-12 09:00:00+00:00,63763.0,64086.0,63740.0,64082.0,2027.12404,12505
2026-08-12 10:00:00+00:00,64083.0,64200.0,64037.0,64114.0,1236.98973,9712
2026-08-12 11:00:00+00:00,64114.0,64217.0,64086.0,64207.0,466.94622,5958
2026-08-12 12:00:00+00:00,64207.0,64487.0,63939.0,64101.0,4783.08999,24831
2026-08-12 13:00:00+00:00,64101.0,64142.0,63811.0,63820.0,2196.37392,15691
2026-08-12 14:00:00+00:00,63819.0,63904.0,63334.0,63340.0,3817.21,27365
2026-08-12 15:00:00+00:00,63341.0,63565.0,63297.0,63424.0,1694.75448,13474
2026-08-12 16:00:00+00:00,63424.0,63571.0,63350.0,63472.0,799.33956,8647
2026-08-12 17:00:00+00:00,63472.0,63536.0,63400.0,63456.0,315.20212,6084
2026-08-12 18:00:00+00:00,63456.0,63501.0,63358.0,63367.0,397.22712,5970
2026-08-12 19:00:00+00:00,63367.0,63450.0,63286.0,63417.0,898.68807,8491
2026-08-12 20:00:00+00:00,63416.0,63586.0,63408.0,63586.0,880.54443,7726
2026-08-12 21:00:00+00:00,63585.0,63636.0,63408.0,63457.0,1131.56889,8475
2026-08-12 22:00:00+00:00,63457.0,63528.0,63354.0,63413.0,602.06631,6384
2026-08-12 23:00:00+00:00,63413.0,63476.0,63353.0,63468.0,432.97219,5042
2026-08-13 00:00:00+00:00,63467.0,63700.0,63449.0,63550.0,1539.52942,9162
2026-08-13 01:00:00+00:00,63550.0,63617.0,63364.0,63434.0,905.12428,6665
2026-08-13 02:00:00+00:00,63434.0,63570.0,63365.0,63528.0,856.65684,5181
2026-08-13 03:00:00+00:00,63528.0,63658.0,63490.0,63622.0,946.0935,4566
2026-08-13 04:00:00+00:00,63621.0,63750.0,63565.0,63664.0,420.12174,4574
2026-08-13 05:00:00+00:00,63664.0,63978.0,63647.0,63850.0,855.81632,8664
2026-08-13 06:00:00+00:00,63849.0,63911.0,63726.0,63911.0,587.8269,7321
2026-08-13 07:00:00+00:00,63910.0,63917.0,63820.0,63831.0,384.12231,5538
2026-08-13 08:00:00+00:00,63831.0,63889.0,63711.0,63731.0,533.80771,6669
2026-08-13 09:00:00+00:00,63732.0,63751.0,63560.0,63751.0,467.21344,7333
2026-08-13 10:00:00+00:00,63751.0,63789.0,63560.0,63625.0,342.18827,6388
2026-08-13 11:00:00+00:00,63625.0,63636.0,63318.0,63462.0,1561.56823,8661
2026-08-13 12:00:00+00:00,63462.0,63691.0,63415.0,63674.0,1542.9834,10760
2026-08-13 13:00:00+00:00,63675.0,63828.0,63532.0,63695.0,2235.88067,19133
2026-08-13 14:00:00+00:00,63696.0,63953.0,63660.0,63836.0,1706.63103,17752
2026-08-13 15:00:00+00:00,63837.0,63915.0,63381.0,63381.0,1266.17908,13897
2026-08-13 16:00:00+00:00,63397.0,63547.0,62816.0,63132.0,4948.07485,31262
2026-08-13 17:00:00+00:00,63132.0,63298.0,63060.0,63129.0,2418.04295,15747
2026-08-13 18:00:00+00:00,63129.0,63364.0,63096.0,63299.0,2128.35294,10951
2026-08-13 19:00:00+00:00,63299.0,63520.0,63298.0,63395.0,998.65771,11450
2026-08-13 20:00:00+00:00,63395.0,63459.0,63356.0,63399.0,398.49013,7023
2026-08-13 21:00:00+00:00,63398.0,63501.0,63382.0,63475.0,642.76825,6721
2026-08-13 22:00:00+00:00,63474.0,63650.0,63474.0,63527.0,645.95968,8263
2026-08-13 23:00:00+00:00,63528.0,63534.0,63395.0,63480.0,583.52388,4655
2026-08-14 00:00:00+00:00,63479.0,63561.0,63411.0,63544.0,342.01755,5916
2026-08-14 01:00:00+00:00,63543.0,63590.0,63461.0,63574.0,313.45234,4885
2026-08-14 02:00:00+00:00,63574.0,63615.0,63469.0,63469.0,449.166,4917
2026-08-14 03:00:00+00:00,63470.0,63582.0,63305.0,63319.0,726.74318,6231
2026-08-14 04:00:00+00:00,63319.0,63473.0,63282.0,63379.0,343.66162,4563
2026-08-14 05:00:00+00:00,63378.0,63405.0,63281.0,63387.0,326.97858,4490
2026-08-14 06:00:00+00:00,63386.0,63387.0,62933.0,62970.0,962.91533,11362
2026-08-14 07:00:00+00:00,62969.0,63110.0,62909.0,62909.0,881.95342,10680
2026-08-14 08:00:00+00:00,62909.0,62980.0,62680.0,62921.0,1669.22237,16750
2026-08-14 09:00:00+00:00,62922.0,62922.0,62729.0,62777.0,401.93225,8051
2026-08-14 10:00:00+00:00,62776.0,62936.0,62727.0,62806.0,679.80161,9594
2026-08-14 11:00:00+00:00,62806.0,62931.0,62806.0,62851.0,402.78293,7891
2026-08-14 12:00:00+00:00,62851.0,62895.0,62716.0,62729.0,598.69644,9417
2026-08-14 13:00:00+00:00,62728.0,62812.0,62581.0,62642.0,2666.8056,20784
2026-08-14 14:00:00+00:00,62641.0,62779.0,62523.0,62606.0,1397.49515,19317
2026-08-14 15:00:00+00:00,62605.0,63068.0,62605.0,62969.0,1839.29062,17347
2026-08-14 16:00:00+00:00,62969.0,63209.0,62948.0,63115.0,1293.44475,15529
2026-08-14 17:00:00+00:00,63115.0,63224.0,62976.0,62988.0,1364.09526,13370
2026-08-14 18:00:00+00:00,62988.0,63066.0,62873.0,62910.0,742.27636,10389
2026-08-14 19:00:00+00:00,62910.0,62983.0,62820.0,62952.0,735.30725,10170
2026-08-14 20:00:00+00:00,62951.0,63013.0,62880.0,62891.0,625.60735,8796
2026-08-14 21:00:00+00:00,62891.0,62925.0,62867.0,62917.0,278.14388,5578
2026-08-14 22:00:00+00:00,62917.0,62950.0,62778.0,62860.0,697.12044,7668
2026-08-14 23:00:00+00:00,62860.0,63058.0,62838.0,63029.0,501.21314,6966
2026-08-15 00:00:00+00:00,63029.0,63043.0,62981.0,63004.0,279.80588,4408
2026-08-15 01:00:00+00:00,63005.0,63033.0,62979.0,63022.0,215.30113,4313
2026-08-15 02:00:00+00:00,63023.0,63131.0,63022.0,63130.0,231.01178,5196
2026-08-15 03:00:00+00:00,63131.0,63176.0,63035.0,63037.0,177.70304,4163
2026-08-15 04:00:00+00:00,63037.0,63139.0,63036.0,63108.0,150.92058,3123
2026-08-15 05:00:00+00:00,63107.0,63144.0,63032.0,63069.0,179.67788,3263
2026-08-15 06:00:00+00:00,63069.0,63108.0,63014.0,63089.0,149.22862,4313
2026-08-15 07:00:00+00:00,63090.0,63109.0,63023.0,63050.0,136.64133,3850
2026-08-15 08:00:00+00:00,63051.0,63064.0,62904.0,62906.0,342.25635,5241
2026-08-15 09:00:00+00:00,62906.0,63024.0,62890.0,63010.0,298.28255,5013
2026-08-15 10:00:00+00:00,63011.0,63031.0,62978.0,63030.0,97.38635,3332
2026-08-15 11:00:00+00:00,63031.0,63033.0,62973.0,63000.0,61.76468,2571
2026-08-15 12:00:00+00:00,63000.0,63029.0,62923.0,63029.0,145.14315,3958
2026-08-15 13:00:00+00:00,63028.0,63066.0,63001.0,63020.0,321.78958,5316
2026-08-15 14:00:00+00:00,63021.0,63035.0,62967.0,63017.0,91.0433,4614
2026-08-15 15:00:00+00:00,63017.0,63112.0,63006.0,63074.0,314.26979,6356
2026-08-15 16:00:00+00:00,63075.0,63092.0,63042.0,63082.0,295.33015,5114
2026-08-15 17:00:00+00:00,63083.0,63088.0,63037.0,63043.0,163.8176,3350
2026-08-15 18:00:00+00:00,63043.0,63077.0,63017.0,63026.0,106.42012,3014
2026-08-15 19:00:00+00:00,63026.0,63103.0,63025.0,63097.0,195.96794,3215
2026-08-15 20:00:00+00:00,63097.0,63097.0,63047.0,63072.0,143.32509,2296
2026-08-15 21:00:00+00:00,63073.0,63144.0,63072.0,63135.0,288.12298,3805
2026-08-15 22:00:00+00:00,63135.0,63143.0,63106.0,63106.0,238.24582,3985
2026-08-15 23:00:00+00:00,63107.0,63117.0,63056.0,63056.0,223.61167,2286
2026-08-16 00:00:00+00:00,63057.0,63069.0,63035.0,63061.0,125.79463,2610
2026-08-16 01:00:00+00:00,63061.0,63061.0,62977.0,63053.0,179.10693,3086
2026-08-16 02:00:00+00:00,63053.0,63130.0,63000.0,63098.0,185.90768,2999
2026-08-16 03:00:00+00:00,63098.0,63102.0,63093.0,63101.0,34.13328,1896
2026-08-16 04:00:00+00:00,63101.0,63128.0,63060.0,63061.0,116.59411,2187
2026-08-16 05:00:00+00:00,63061.0,63066.0,63010.0,63037.0,138.5963,2306
2026-08-16 06:00:00+00:00,63036.0,63062.0,63030.0,63041.0,66.14774,1747
2026-08-16 07:00:00+00:00,63041.0,63041.0,63036.0,63040.0,32.07959,1259
2026-08-16 08:00:00+00:00,63040.0,63052.0,63039.0,63052.0,40.33463,1964
2026-08-16 09:00:00+00:00,63052.0,63052.0,62950.0,62964.0,100.93001,3189
2026-08-16 10:00:00+00:00,62964.0,62983.0,62942.0,62980.0,124.75982,2583
2026-08-16 11:00:00+00:00,62980.0,63000.0,62956.0,62992.0,316.9042,2951
2026-08-16 12:00:00+00:00,62992.0,63000.0,62966.0,62988.0,202.63418,4035
2026-08-16 13:00:00+00:00,62987.0,63047.0,62987.0,63040.0,207.41938,4957
2026-08-16 14:00:00+00:00,63040.0,63081.0,63035.0,63078.0,260.56345,4968
2026-08-16 15:00:00+00:00,63078.0,63115.0,63077.0,63113.0,248.71839,6190
2026-08-16 16:00:00+00:00,63114.0,63368.0,63106.0,63230.0,1393.70378,11070
2026-08-16 17:00:00+00:00,63230.0,63247.0,63095.0,63135.0,582.18354,5845
2026-08-16 18:00:00+00:00,63136.0,63145.0,63090.0,63121.0,156.96081,2920
2026-08-16 19:00:00+00:00,63121.0,63207.0,63062.0,63081.0,617.57505,4896
2026-08-16 20:00:00+00:00,63082.0,63110.0,63001.0,63034.0,276.24117,3835
2026-08-16 21:00:00+00:00,63034.0,63059.0,62737.0,62900.0,990.71782,9638
2026-08-16 22:00:00+00:00,62899.0,62932.0,62678.0,62894.0,1471.79359,12516
2026-08-16 23:00:00+00:00,62894.0,62982.0,62798.0,62873.0,2084.4495,8521
2026-08-17 00:00:00+00:00,62874.0,62942.0,62730.0,62889.0,1862.43176,9809
2026-08-17 01:00:00+00:00,62890.0,63222.0,62873.0,63077.0,3176.5237,15282
2026-08-17 02:00:00+00:00,63078.0,63441.0,62996.0,63371.0,1979.87169,11729
2026-08-17 03:00:00+00:00,63371.0,63489.0,63316.0,63402.0,800.92939,5931
2026-08-17 04:00:00+00:00,63403.0,63559.0,63402.0,63508.0,828.24862,6752
2026-08-17 05:00:00+00:00,63508.0,63553.0,63416.0,63488.0,379.41099,5190
2026-08-17 06:00:00+00:00,63489.0,63685.0,63446.0,63635.0,1268.00503,8087
2026-08-17 07:00:00+00:00,63635.0,63635.0,63489.0,63492.0,305.69821,5192
2026-08-17 08:00:00+00:00,63492.0,63514.0,63318.0,63350.0,643.00891,8576
2026-08-17 09:00:00+00:00,63351.0,63400.0,63252.0,63282.0,345.17673,6307
2026-08-17 10:00:00+00:00,63283.0,63663.0,63266.0,63659.0,854.53219,10683
2026-08-17 11:00:00+00:00,63658.0,63750.0,63554.0,63599.0,913.22394,10902
2026-08-17 12:00:00+00:00,63598.0,63650.0,63495.0,63520.0,570.15615,15639
2026-08-17 13:00:00+00:00,63520.0,63756.0,63407.0,63637.0,1407.85646,25480
2026-08-17 14:00:00+00:00,63638.0,63870.0,63550.0,63870.0,998.94461,14686
2026-08-17 15:00:00+00:00,63870.0,64196.0,63771.0,64164.0,4086.01664,23700
2026-08-17 16:00:00+00:00,64164.0,64182.0,64025.0,64081.0,1257.99842,15018
2026-08-17 17:00:00+00:00,64080.0,64401.0,63938.0,64298.0,2714.76909,20331
2026-08-17 18:00:00+00:00,64298.0,64580.0,64245.0,64391.0,2927.70199,22042
2026-08-17 19:00:00+00:00,64392.0,64392.0,64240.0,64275.0,1063.18689,10711
2026-08-17 20:00:00+00:00,64274.0,64400.0,64226.0,64355.0,542.76395,7482
2026-08-17 21:00:00+00:00,64356.0,64394.0,64244.0,64341.0,531.11551,6134
2026-08-17 22:00:00+00:00,64341.0,64382.0,64236.0,64249.0,305.21368,4765
2026-08-17 23:00:00+00:00,64250.0,64543.0,64249.0,64494.0,751.26285,8198
2026-08-18 00:00:00+00:00,64494.0,64523.0,64314.0,64343.0,1142.94254,8598
2026-08-18 01:00:00+00:00,64344.0,64348.0,64107.0,64165.0,535.39535,7721
2026-08-18 02:00:00+00:00,64166.0,64239.0,64003.0,64069.0,796.30104,8974
2026-08-18 03:00:00+00:00,64069.0,64149.0,64000.0,64147.0,406.27946,5487
2026-08-18 04:00:00+00:00,64147.0,64213.0,64050.0,64180.0,336.78933,4360
2026-08-18 05:00:00+00:00,64181.0,64242.0,64103.0,64199.0,367.74682,4615
2026-08-18 06:00:00+00:00,64198.0,64418.0,64124.0,64287.0,688.07032,7527
2026-08-18 07:00:00+00:00,64287.0,64326.0,64120.0,64166.0,802.52965,6424
2026-08-18 08:00:00+00:00,64167.0,64303.0,64049.0,64249.0,700.96363,7373
2026-08-18 09:00:00+00:00,64250.0,64250.0,64108.0,64145.0,368.00528,6229
2026-08-18 10:00:00+00:00,64145.0,64190.0,64083.0,64172.0,295.73467,4778
2026-08-18 11:00:00+00:00,64173.0,64376.0,64168.0,64324.0,677.19463,7985
2026-08-18 12:00:00+00:00,64324.0,64324.0,64191.0,64191.0,335.67622,7100
2026-08-18 13:00:00+00:00,64192.0,64257.0,64016.0,64190.0,893.89712,12852
2026-08-18 14:00:00+00:00,64191.0,65018.0,64190.0,64684.0,6058.49073,40822
2026-08-18 15:00:00+00:00,64684.0,64852.0,64620.0,64820.0,1088.94647,13041
2026-08-18 16:00:00+00:00,64821.0,64861.0,64636.0,64807.0,1372.2617,11304
2026-08-18 17:00:00+00:00,64806.0,64806.0,64633.0,64634.0,710.93106,7561
2026-08-18 18:00:00+00:00,64633.0,64795.0,64617.0,64733.0,1119.89852,6549
2026-08-18 19:00:00+00:00,64734.0,64772.0,64612.0,64621.0,496.89085,6143
2026-08-18 20:00:00+00:00,64621.0,64631.0,64530.0,64544.0,588.99396,6226
2026-08-18 21:00:00+00:00,64545.0,64626.0,64538.0,64571.0,391.28994,6212
2026-08-18 22:00:00+00:00,64572.0,64623.0,64529.0,64605.0,255.13437,5372
2026-08-18 23:00:00+00:00,64606.0,64760.0,64605.0,64696.0,984.51633,6953
2026-08-19 00:00:00+00:00,64696.0,64710.0,64442.0,64454.0,1417.05562,11271
2026-08-19 01:00:00+00:00,64454.0,64500.0,64361.0,64368.0,884.43819,7770
2026-08-19 02:00:00+00:00,64369.0,64388.0,64310.0,64320.0,455.71359,5429
2026-08-19 03:00:00+00:00,64319.0,64388.0,64239.0,64300.0,777.71122,5929
2026-08-19 04:00:00+00:00,64300.0,64371.0,64262.0,64286.0,397.55896,4279
2026-08-19 05:00:00+00:00,64286.0,64388.0,64202.0,64203.0,345.75507,4295
2026-08-19 06:00:00+00:00,64203.0,64319.0,64122.0,64311.0,992.13628,8022
2026-08-19 07:00:00+00:00,64310.0,64369.0,64240.0,64266.0,301.74882,5828
2026-08-19 08:00:00+00:00,64267.0,64492.0,64216.0,64388.0,439.68842,6346
2026-08-19 09:00:00+00:00,64388.0,64440.0,64326.0,64398.0,151.11188,5599
2026-08-19 10:00:00+00:00,64397.0,64432.0,64337.0,64431.0,285.07341,5509
2026-08-19 11:00:00+00:00,64431.0,64500.0,64421.0,64479.0,915.41144,7572
2026-08-19 12:00:00+00:00,64479.0,64952.0,64437.0,64841.0,2850.33451,16977
2026-08-19 13:00:00+00:00,64840.0,65200.0,64745.0,64980.0,4453.82552,36992
2026-08-19 14:00:00+00:00,64979.0,65941.0,64977.0,65892.0,6994.26327,50580
2026-08-19 15:00:00+00:00,65892.0,70224.0,65851.0,68532.0,27314.3548,139931
2026-08-19 16:00:00+00:00,68533.0,68956.0,68372.0,68430.0,6303.47638,43934
2026-08-19 17:00:00+00:00,68430.0,68496.0,67792.0,68170.0,7850.9191,38653
2026-08-19 18:00:00+00:00,68170.0,68426.0,68001.0,68369.0,2400.67246,20574
2026-08-19 19:00:00+00:00,68369.0,68459.0,68067.0,68404.0,2275.75066,20235
2026-08-19 20:00:00+00:00,68403.0,69628.0,68354.0,69028.0,5521.97045,34498
2026-08-19 21:00:00+00:00,69027.0,70046.0,68966.0,69714.0,6136.24316,51704
2026-08-19 22:00:00+00:00,69713.0,69830.0,68967.0,69244.0,2586.3031,36188
2026-08-19 23:00:00+00:00,69243.0,69445.0,69139.0,69323.0,1459.6837,13755
2026-08-20 00:00:00+00:00,69323.0,69773.0,69311.0,69400.0,1748.9291,17995
2026-08-20 01:00:00+00:00,69399.0,69874.0,69256.0,69701.0,1048.53265,13079
2026-08-20 02:00:00+00:00,69702.0,69813.0,69257.0,69304.0,766.78213,11163
2026-08-20 03:00:00+00:00,69302.0,69351.0,68898.0,69188.0,1458.53577,12773
2026-08-20 04:00:00+00:00,69188.0,69585.0,69161.0,69486.0,1201.64052,10144
2026-08-20 05:00:00+00:00,69486.0,69661.0,69352.0,69407.0,645.39962,8373
2026-08-20 06:00:00+00:00,69413.0,69950.0,69352.0,69843.0,1532.6131,12541
2026-08-20 07:00:00+00:00,69843.0,69999.0,69493.0,69838.0,1383.72752,13257
2026-08-20 08:00:00+00:00,69839.0,71801.0,69792.0,71565.0,11497.52632,62700
2026-08-20 09:00:00+00:00,71565.0,72055.0,71485.0,71792.0,5084.81358,32053
2026-08-20 10:00:00+00:00,71790.0,72501.0,71691.0,71984.0,6223.80131,35665
2026-08-20 11:00:00+00:00,71983.0,72319.0,71800.0,71902.0,3050.15173,23148
2026-08-20 12:00:00+00:00,71902.0,71988.0,71454.0,71931.0,3036.12053,25463
2026-08-20 13:00:00+00:00,71931.0,72068.0,71134.0,71650.0,4743.78542,32320
2026-08-20 14:00:00+00:00,71650.0,71961.0,71349.0,71803.0,2644.84075,25804
2026-08-20 15:00:00+00:00,71804.0,72824.0,71771.0,72453.0,7024.95612,46480
2026-08-20 16:00:00+00:00,72454.0,72956.0,72191.0,72834.0,2018.75364,23885
2026-08-20 17:00:00+00:00,72834.0,72969.0,72525.0,72717.0,1891.59336,20438
2026-08-20 18:00:00+00:00,72718.0,72800.0,72359.0,72408.0,1732.85541,18695
2026-08-20 19:00:00+00:00,72409.0,72750.0,72303.0,72609.0,1154.51172,15660
2026-08-20 20:00:00+00:00,72613.0,73028.0,72565.0,72642.0,1753.2687,17274
2026-08-20 21:00:00+00:00,72643.0,72826.0,72522.0,72699.0,856.40748,9350
2026-08-20 22:00:00+00:00,72700.0,72843.0,72448.0,72649.0,1323.56019,11048
2026-08-20 23:00:00+00:00,72650.0,73370.0,72632.0,72996.0,3103.44475,21028
2026-08-21 00:00:00+00:00,73001.0,73998.0,73001.0,73700.0,5416.92367,34396
2026-08-21 01:00:00+00:00,73699.0,75816.0,73651.0,75121.0,11670.06921,62840
2026-08-21 02:00:00+00:00,75121.0,75184.0,74362.0,74425.0,5905.63821,33166
2026-08-21 03:00:00+00:00,74425.0,74905.0,74227.0,74516.0,3256.61235,19237
2026-08-21 04:00:00+00:00,74515.0,75058.0,74515.0,75032.0,1787.3913,18605
2026-08-21 05:00:00+00:00,75031.0,75499.0,74896.0,75463.0,3477.56416,22401
2026-08-21 06:00:00+00:00,75462.0,75737.0,75083.0,75633.0,3223.44822,22910
2026-08-21 07:00:00+00:00,75632.0,76941.0,75613.0,76339.0,6557.46207,45032
2026-08-21 08:00:00+00:00,76338.0,79584.0,76287.0,79317.0,10011.10647,76934
2026-08-21 09:00:00+00:00,79316.0,79408.0,77302.0,77936.0,10264.46221,73672
2026-08-21 10:00:00+00:00,77935.0,78301.0,77639.0,77838.0,2868.95722,28921
2026-08-21 11:00:00+00:00,77837.0,77877.0,76444.0,76768.0,4853.46506,40855
2026-08-21 12:00:00+00:00,76768.0,77510.0,76551.0,77230.0,2730.33848,29239
2026-08-21 13:00:00+00:00,77231.0,77730.0,76256.0,77278.0,5689.55188,45542
2026-08-21 14:00:00+00:00,77278.0,77475.0,76549.0,77413.0,3333.97811,35730
2026-08-21 15:00:00+00:00,77412.0,77894.0,77184.0,77242.0,3252.35726,29592
2026-08-21 16:00:00+00:00,77243.0,77583.0,76814.0,77499.0,2588.62902,23256
2026-08-21 17:00:00+00:00,77499.0,77727.0,77200.0,77400.0,1350.94657,16937
2026-08-21 18:00:00+00:00,77401.0,77559.0,76620.0,77136.0,1747.00248,19754
2026-08-21 19:00:00+00:00,77135.0,77366.0,76848.0,77018.0,1259.52149,19015
2026-08-21 20:00:00+00:00,77019.0,77525.0,76853.0,77510.0,1729.01584,17378
2026-08-21 21:00:00+00:00,77509.0,78745.0,77364.0,78556.0,4321.43331,33527
2026-08-21 22:00:00+00:00,78557.0,78800.0,78131.0,78485.0,2716.34066,27734
2026-08-21 23:00:00+00:00,78493.0,78760.0,78157.0,78383.0,2185.55139,19308
2026-08-22 00:00:00+00:00,78382.0,78566.0,77686.0,77970.0,2687.73259,24967
2026-08-22 01:00:00+00:00,77970.0,78269.0,77830.0,77859.0,1130.99756,14586
2026-08-22 02:00:00+00:00,77859.0,78600.0,77817.0,78518.0,1351.59085,16259
2026-08-22 03:00:00+00:00,78518.0,78885.0,78399.0,78463.0,1693.34675,18621
2026-08-22 04:00:00+00:00,78463.0,78874.0,78247.0,78518.0,1558.72917,17748
2026-08-22 05:00:00+00:00,78518.0,78644.0,76600.0,77421.0,7347.10845,53473
2026-08-22 06:00:00+00:00,77437.0,77637.0,77013.0,77538.0,1894.93986,18538
2026-08-22 07:00:00+00:00,77538.0,77715.0,77259.0,77326.0,1800.13009,14821
2026-08-22 08:00:00+00:00,77326.0,77497.0,77083.0,77244.0,2065.35724,16470
2026-08-22 09:00:00+00:00,77244.0,77428.0,76828.0,77072.0,3248.95066,20946
2026-08-22 10:00:00+00:00,77071.0,77225.0,76558.0,77008.0,2166.7475,20607
2026-08-22 11:00:00+00:00,77009.0,77253.0,76840.0,77163.0,841.26034,11780
2026-08-22 12:00:00+00:00,77164.0,77434.0,77108.0,77351.0,1712.32964,12028
2026-08-22 13:00:00+00:00,77351.0,77416.0,77155.0,77341.0,513.1836,8186
2026-08-22 14:00:00+00:00,77342.0,77371.0,76976.0,77053.0,1003.77159,12476
2026-08-22 15:00:00+00:00,77054.0,77158.0,76932.0,77035.0,731.80292,9152
2026-08-22 16:00:00+00:00,77035.0,77608.0,77009.0,77340.0,1526.7872,15804
2026-08-22 17:00:00+00:00,77340.0,77431.0,77127.0,77322.0,824.12643,11178
2026-08-22 18:00:00+00:00,77323.0,77400.0,77187.0,77312.0,444.96395,7075
2026-08-22 19:00:00+00:00,77312.0,77536.0,77259.0,77473.0,623.81045,8498
2026-08-22 20:00:00+00:00,77473.0,77522.0,77320.0,77389.0,700.2505,10752
2026-08-22 21:00:00+00:00,77389.0,77389.0,76844.0,76903.0,1666.10987,12982
2026-08-22 22:00:00+00:00,76903.0,77217.0,76811.0,77053.0,1004.08688,10137
2026-08-22 23:00:00+00:00,77057.0,77196.0,76958.0,77133.0,427.04015,6163
2026-08-23 00:00:00+00:00,77132.0,77416.0,77106.0,77359.0,582.38849,8577
2026-08-23 01:00:00+00:00,77361.0,77470.0,77213.0,77247.0,438.8449,7140
2026-08-23 02:00:00+00:00,77246.0,77266.0,77068.0,77128.0,708.30892,8959
2026-08-23 03:00:00+00:00,77129.0,77208.0,76886.0,76976.0,846.20879,9437
2026-08-23 04:00:00+00:00,76977.0,77090.0,76526.0,76653.0,1237.39309,12641
2026-08-23 05:00:00+00:00,76651.0,76775.0,75608.0,76104.0,5375.63146,35167
2026-08-23 06:00:00+00:00,76101.0,76379.0,75921.0,76141.0,1862.22333,13948
2026-08-23 07:00:00+00:00,76142.0,76379.0,75957.0,76058.0,963.08782,9726
2026-08-23 08:00:00+00:00,76060.0,76707.0,76000.0,76541.0,1606.03138,13353
2026-08-23 09:00:00+00:00,76541.0,76703.0,76525.0,76595.0,565.95122,8782
2026-08-23 10:00:00+00:00,76595.0,76972.0,76587.0,76823.0,960.76556,14537
2026-08-23 11:00:00+00:00,76824.0,77442.0,76777.0,77353.0,1556.7088,19370
2026-08-23 12:00:00+00:00,77354.0,77354.0,77049.0,77259.0,1007.68938,10509
2026-08-23 13:00:00+00:00,77259.0,77848.0,77253.0,77531.0,2287.83783,20771
2026-08-23 14:00:00+00:00,77531.0,77718.0,76801.0,77217.0,2547.4252,24581
2026-08-23 15:00:00+00:00,77218.0,77387.0,76963.0,77185.0,777.02304,11060
2026-08-23 16:00:00+00:00,77186.0,77507.0,77185.0,77456.0,740.7376,9192
2026-08-23 17:00:00+00:00,77455.0,77482.0,77178.0,77241.0,857.18028,8727
2026-08-23 18:00:00+00:00,77234.0,77447.0,77150.0,77377.0,507.81868,7920
2026-08-23 19:00:00+00:00,77379.0,77511.0,77285.0,77375.0,365.9267,6429
2026-08-23 20:00:00+00:00,77375.0,77481.0,77225.0,77430.0,598.89588,6474
2026-08-23 21:00:00+00:00,77431.0,78118.0,77431.0,77902.0,3503.60479,25926
2026-08-23 22:00:00+00:00,77902.0,78050.0,77629.0,77659.0,1014.34433,14648
2026-08-23 23:00:00+00:00,77660.0,77877.0,77347.0,77804.0,1694.04288,14867
2026-08-24 00:00:00+00:00,77805.0,77820.0,77204.0,77738.0,1535.86251,16846
2026-08-24 01:00:00+00:00,77738.0,77780.0,76943.0,76944.0,1457.16994,13637
2026-08-24 02:00:00+00:00,76943.0,77578.0,76901.0,77522.0,1535.01507,13075
2026-08-24 03:00:00+00:00,77522.0,77576.0,76971.0,76975.0,1573.80872,10738
2026-08-24 04:00:00+00:00,76976.0,77300.0,76693.0,76943.0,1299.83135,12888
2026-08-24 05:00:00+00:00,76944.0,77271.0,76874.0,77207.0,1406.96418,15947
2026-08-24 06:00:00+00:00,77208.0,77560.0,77115.0,77514.0,681.16198,12126
2026-08-24 07:00:00+00:00,77514.0,77859.0,77333.0,77362.0,793.90862,13401
2026-08-24 08:00:00+00:00,77362.0,77460.0,76862.0,77083.0,1932.74452,18417
2026-08-24 09:00:00+00:00,77084.0,77633.0,77069.0,77584.0,701.66262,11913
2026-08-24 10:00:00+00:00,77585.0,78072.0,77582.0,77661.0,1327.82091,17555
2026-08-24 11:00:00+00:00,77661.0,78708.0,77486.0,78521.0,4704.88965,37759
2026-08-24 12:00:00+00:00,78521.0,79408.0,78050.0,79221.0,4022.24546,41693
2026-08-24 13:00:00+00:00,79221.0,79479.0,77923.0,78648.0,7080.41533,60779
2026-08-24 14:00:00+00:00,78647.0,79895.0,78647.0,79565.0,7593.46384,64502
2026-08-24 15:00:00+00:00,79565.0,80035.0,78835.0,79120.0,7755.56991,50778
2026-08-24 16:00:00+00:00,79119.0,79880.0,78901.0,79069.0,4413.04137,34763
2026-08-24 17:00:00+00:00,79068.0,79217.0,78450.0,78760.0,5063.42575,34668
2026-08-24 18:00:00+00:00,78759.0,79088.0,78729.0,78932.0,1629.6202,20555
2026-08-24 19:00:00+00:00,78931.0,79123.0,78569.0,78740.0,2248.45347,19384
2026-08-24 20:00:00+00:00,78740.0,78997.0,78554.0,78924.0,1316.17142,11992
2026-08-24 21:00:00+00:00,78924.0,79041.0,78842.0,78971.0,1002.39327,8993
2026-08-24 22:00:00+00:00,78970.0,78987.0,78683.0,78729.0,845.79954,9469
2026-08-24 23:00:00+00:00,78729.0,79017.0,78622.0,78996.0,1356.19304,11012
2026-08-25 00:00:00+00:00,78995.0,79900.0,78708.0,79755.0,3568.06088,25776
2026-08-25 01:00:00+00:00,79754.0,79999.0,79500.0,79838.0,2221.15456,20192
2026-08-25 02:00:00+00:00,79837.0,81299.0,79755.0,80672.0,7167.0585,48744
2026-08-25 03:00:00+00:00,80672.0,80978.0,80307.0,80490.0,4395.06521,25439
2026-08-25 04:00:00+00:00,80490.0,80615.0,80168.0,80385.0,1995.48584,16153
2026-08-25 05:00:00+00:00,80385.0,80843.0,80341.0,80753.0,2071.2425,16307
2026-08-25 06:00:00+00:00,80753.0,80941.0,80424.0,80590.0,1935.53262,15366
2026-08-25 07:00:00+00:00,80590.0,80843.0,79335.0,79713.0,3509.3241,26940
2026-08-25 08:00:00+00:00,79713.0,80254.0,79624.0,79924.0,2285.39025,19580
2026-08-25 09:00:00+00:00,79926.0,79967.0,78822.0,79170.0,3418.46566,24618
2026-08-25 10:00:00+00:00,79171.0,79482.0,78971.0,79289.0,2035.5323,17190
2026-08-25 11:00:00+00:00,79288.0,79445.0,79017.0,79108.0,1832.66182,16434
2026-08-25 12:00:00+00:00,79107.0,79164.0,78591.0,78967.0,2450.49302,22536
2026-08-25 13:00:00+00:00,78967.0,79207.0,78060.0,78617.0,4092.76207,34936
2026-08-25 14:00:00+00:00,78622.0,79381.0,78527.0,79222.0,4106.40471,30268
2026-08-25 15:00:00+00:00,79222.0,79538.0,79000.0,79490.0,2818.27729,21129
2026-08-25 16:00:00+00:00,79491.0,79560.0,79063.0,79139.0,2029.89083,16897
2026-08-25 17:00:00+00:00,79139.0,79238.0,78664.0,79217.0,2854.04165,17580
2026-08-25 18:00:00+00:00,79217.0,79338.0,79010.0,79105.0,1383.48431,11287
2026-08-25 19:00:00+00:00,79105.0,79220.0,78706.0,78901.0,1294.45558,12882
2026-08-25 20:00:00+00:00,78905.0,78944.0,78129.0,78162.0,2843.88235,21871
2026-08-25 21:00:00+00:00,78161.0,78641.0,77794.0,78547.0,4469.52126,28307
2026-08-25 22:00:00+00:00,78546.0,78998.0,78546.0,78866.0,2504.93878,19326
2026-08-25 23:00:00+00:00,78865.0,78940.0,78346.0,78494.0,2075.50201,16743
2026-08-26 00:00:00+00:00,78494.0,78677.0,78270.0,78605.0,1748.21045,17413
2026-08-26 01:00:00+00:00,78604.0,78928.0,78577.0,78792.0,1000.63458,10723
2026-08-26 02:00:00+00:00,78791.0,79226.0,78728.0,79099.0,1532.29221,12538
2026-08-26 03:00:00+00:00,79099.0,79175.0,78894.0,79071.0,735.5936,9276
2026-08-26 04:00:00+00:00,79072.0,79182.0,78786.0,78817.0,890.17406,10752
2026-08-26 05:00:00+00:00,78817.0,79127.0,78616.0,79079.0,1650.35785,13684
2026-08-26 06:00:00+00:00,79081.0,79206.0,78792.0,78930.0,1823.20798,11810
2026-08-26 07:00:00+00:00,78930.0,79084.0,78850.0,78917.0,821.70852,8403
2026-08-26 08:00:00+00:00,78917.0,79108.0,78585.0,78691.0,1468.62321,12968
2026-08-26 09:00:00+00:00,78691.0,78873.0,78203.0,78433.0,2274.78672,19412
2026-08-26 10:00:00+00:00,78432.0,78858.0,78267.0,78700.0,1212.39731,13021
2026-08-26 11:00:00+00:00,78700.0,78768.0,78273.0,78474.0,1290.10129,12292
2026-08-26 12:00:00+00:00,78474.0,78699.0,77955.0,78300.0,2723.1711,22553
2026-08-26 13:00:00+00:00,78301.0,78532.0,77875.0,78437.0,3651.68469,26603
2026-08-26 14:00:00+00:00,78429.0,78602.0,77729.0,77775.0,3373.12591,25670
2026-08-26 15:00:00+00:00,77774.0,78160.0,77618.0,77998.0,3338.67632,23775
2026-08-26 16:00:00+00:00,77998.0,78154.0,77832.0,77972.0,1140.5123,10441
2026-08-26 17:00:00+00:00,77971.0,78606.0,77971.0,78435.0,2027.16111,17475
2026-08-26 18:00:00+00:00,78436.0,78659.0,78263.0,78469.0,1298.44321,10949
2026-08-26 19:00:00+00:00,78469.0,78535.0,78272.0,78445.0,1430.37113,9050
2026-08-26 20:00:00+00:00,78454.0,78503.0,78170.0,78424.0,996.06491,10542
2026-08-26 21:00:00+00:00,78424.0,78831.0,78369.0,78718.0,1945.85728,13820
2026-08-26 22:00:00+00:00,78719.0,79007.0,78542.0,78690.0,2891.71614,16028
2026-08-26 23:00:00+00:00,78690.0,79173.0,78644.0,79026.0,1234.80584,11786
2026-08-27 00:00:00+00:00,79025.0,79034.0,78679.0,78681.0,1305.79341,11790
2026-08-27 01:00:00+00:00,78681.0,78994.0,78547.0,78881.0,1264.55068,10133
2026-08-27 02:00:00+00:00,78881.0,78951.0,78696.0,78710.0,357.34826,6110
2026-08-27 03:00:00+00:00,78710.0,78971.0,78621.0,78809.0,303.87258,7056
2026-08-27 04:00:00+00:00,78809.0,78885.0,78674.0,78770.0,714.42527,7330
2026-08-27 05:00:00+00:00,78771.0,78936.0,78585.0,78897.0,1486.99953,9925
2026-08-27 06:00:00+00:00,78897.0,78898.0,78596.0,78826.0,1429.08479,9648
2026-08-27 07:00:00+00:00,78825.0,79080.0,78743.0,79066.0,417.82199,6540
2026-08-27 08:00:00+00:00,79066.0,80041.0,79029.0,79758.0,4959.14105,32484
2026-08-27 09:00:00+00:00,79758.0,80542.0,79670.0,79995.0,3162.16604,24713
2026-08-27 10:00:00+00:00,79996.0,80171.0,79298.0,79612.0,3648.30757,24827
2026-08-27 11:00:00+00:00,79614.0,79765.0,79167.0,79477.0,2450.84695,17116
2026-08-27 12:00:00+00:00,79477.0,79588.0,79254.0,79266.0,1170.03615,11271
2026-08-27 13:00:00+00:00,79265.0,79561.0,78881.0,79521.0,2778.52714,21101
2026-08-27 14:00:00+00:00,79520.0,80380.0,79335.0,80186.0,4132.51664,33258
2026-08-27 15:00:00+00:00,80186.0,80786.0,80064.0,80271.0,4422.07988,31340
2026-08-27 16:00:00+00:00,80270.0,80603.0,80148.0,80328.0,2092.0616,17290
2026-08-27 17:00:00+00:00,80328.0,80801.0,80187.0,80414.0,2475.74262,18855
2026-08-27 18:00:00+00:00,80414.0,80414.0,79705.0,80127.0,2424.30193,19321
2026-08-27 19:00:00+00:00,80128.0,80263.0,79857.0,79859.0,874.94859,12195
2026-08-27 20:00:00+00:00,79876.0,80091.0,79839.0,80064.0,644.04267,7075
2026-08-27 21:00:00+00:00,80063.0,80166.0,79943.0,80154.0,873.71815,7657
2026-08-27 22:00:00+00:00,80156.0,80400.0,80104.0,80269.0,1608.07905,11823
2026-08-27 23:00:00+00:00,80269.0,80368.0,80092.0,80221.0,1172.59616,8646
2026-08-28 00:00:00+00:00,80220.0,80679.0,80106.0,80548.0,1413.9773,12639
2026-08-28 01:00:00+00:00,80548.0,81483.0,80400.0,80472.0,5164.88955,34659
2026-08-28 02:00:00+00:00,80472.0,80473.0,79703.0,79895.0,2794.38081,23245
2026-08-28 03:00:00+00:00,79895.0,80013.0,79738.0,79791.0,1077.48389,10494
2026-08-28 04:00:00+00:00,79790.0,79940.0,79557.0,79611.0,1134.26618,11436
2026-08-28 05:00:00+00:00,79612.0,79848.0,79534.0,79650.0,879.72077,9216
2026-08-28 06:00:00+00:00,79649.0,79979.0,79649.0,79876.0,906.8049,8486
2026-08-28 07:00:00+00:00,79877.0,79877.0,79552.0,79641.0,1186.1758,10344
2026-08-28 08:00:00+00:00,79642.0,79819.0,79456.0,79483.0,1356.71582,11655
2026-08-28 09:00:00+00:00,79483.0,79483.0,79218.0,79252.0,1528.00353,11991
2026-08-28 10:00:00+00:00,79252.0,79553.0,78975.0,79540.0,1708.9884,14193
2026-08-28 11:00:00+00:00,79539.0,79742.0,79511.0,79567.0,1173.49125,10074
2026-08-28 12:00:00+00:00,79568.0,79686.0,79261.0,79391.0,990.85896,11156
2026-08-28 13:00:00+00:00,79391.0,79529.0,78993.0,79319.0,1613.82388,18598
2026-08-28 14:00:00+00:00,79319.0,79700.0,78404.0,79505.0,10238.52168,67888
2026-08-28 15:00:00+00:00,79506.0,79830.0,78275.0,78297.0,3759.38439,29659
2026-08-28 16:00:00+00:00,78296.0,78368.0,76831.0,77752.0,9840.49008,70452
2026-08-28 17:00:00+00:00,77753.0,78091.0,77630.0,77873.0,2259.49312,21726
2026-08-28 18:00:00+00:00,77873.0,77914.0,77231.0,77526.0,2687.27322,19212
2026-08-28 19:00:00+00:00,77526.0,77765.0,77353.0,77550.0,1913.92104,13878
2026-08-28 20:00:00+00:00,77534.0,77582.0,77283.0,77376.0,962.50114,9900
2026-08-28 21:00:00+00:00,77377.0,77511.0,77234.0,77345.0,824.24774,8681
2026-08-28 22:00:00+00:00,77346.0,77746.0,77308.0,77729.0,1447.31464,11521
2026-08-28 23:00:00+00:00,77729.0,77834.0,77598.0,77832.0,904.86425,8837
2026-08-29 00:00:00+00:00,77832.0,77924.0,77685.0,77696.0,890.9506,8568
2026-08-29 01:00:00+00:00,77696.0,77817.0,77603.0,77763.0,230.2761,4831
2026-08-29 02:00:00+00:00,77763.0,77788.0,77535.0,77636.0,655.51848,6482
2026-08-29 03:00:00+00:00,77636.0,77698.0,77468.0,77469.0,426.60281,5360
2026-08-29 04:00:00+00:00,77469.0,77650.0,77469.0,77624.0,199.92893,4449
2026-08-29 05:00:00+00:00,77624.0,77698.0,77575.0,77613.0,287.32243,4539
2026-08-29 06:00:00+00:00,77613.0,77613.0,77341.0,77436.0,526.66067,6191
2026-08-29 07:00:00+00:00,77437.0,77648.0,77398.0,77591.0,650.30824,5648
2026-08-29 08:00:00+00:00,77591.0,77603.0,77444.0,77603.0,388.06589,5212
2026-08-29 09:00:00+00:00,77604.0,77727.0,77531.0,77624.0,289.81518,4823
2026-08-29 10:00:00+00:00,77625.0,77702.0,77485.0,77607.0,175.14233,4536
2026-08-29 11:00:00+00:00,77607.0,77700.0,77534.0,77564.0,122.09081,3485
2026-08-29 12:00:00+00:00,77564.0,77627.0,77467.0,77554.0,306.99937,4728
2026-08-29 13:00:00+00:00,77554.0,77698.0,77542.0,77681.0,214.86497,4483
2026-08-29 14:00:00+00:00,77681.0,78162.0,77634.0,77987.0,1148.26495,12984
2026-08-29 15:00:00+00:00,77986.0,77991.0,77776.0,77827.0,816.3655,7666
2026-08-29 16:00:00+00:00,77827.0,78110.0,77827.0,77995.0,1407.07399,10611
2026-08-29 17:00:00+00:00,77996.0,78074.0,77866.0,78070.0,1008.95507,7151
2026-08-29 18:00:00+00:00,78069.0,78241.0,77987.0,78131.0,1354.98433,8847
2026-08-29 19:00:00+00:00,78132.0,78331.0,78116.0,78160.0,682.31224,8663
2026-08-29 20:00:00+00:00,78160.0,78272.0,78089.0,78100.0,337.80233,5727
2026-08-29 21:00:00+00:00,78100.0,78189.0,78025.0,78145.0,386.85919,5367
2026-08-29 22:00:00+00:00,78145.0,78209.0,78055.0,78202.0,308.85486,4596
2026-08-29 23:00:00+00:00,78202.0,78264.0,78174.0,78228.0,246.40589,5037
2026-08-30 00:00:00+00:00,78229.0,78312.0,78132.0,78146.0,389.93337,6439
2026-08-30 01:00:00+00:00,78149.0,78162.0,77955.0,78050.0,745.91636,6544
2026-08-30 02:00:00+00:00,78050.0,78160.0,77981.0,78086.0,227.82408,4163
2026-08-30 03:00:00+00:00,78086.0,78220.0,78030.0,78124.0,370.85899,4763
2026-08-30 04:00:00+00:00,78118.0,78202.0,77962.0,78079.0,691.39021,5301
2026-08-30 05:00:00+00:00,78079.0,78188.0,78078.0,78099.0,109.53487,3660
2026-08-30 06:00:00+00:00,78099.0,78288.0,78084.0,78265.0,566.71206,4887
2026-08-30 07:00:00+00:00,78265.0,78276.0,78085.0,78086.0,185.59386,3987
2026-08-30 08:00:00+00:00,78086.0,78177.0,78013.0,78064.0,157.47661,4747
2026-08-30 09:00:00+00:00,78064.0,78100.0,77964.0,77982.0,133.01966,4190
2026-08-30 10:00:00+00:00,77983.0,78134.0,77936.0,78125.0,159.13119,4375
2026-08-30 11:00:00+00:00,78130.0,78221.0,78093.0,78149.0,180.20874,4312
2026-08-30 12:00:00+00:00,78149.0,78879.0,78149.0,78775.0,2855.63405,20831
2026-08-30 13:00:00+00:00,78776.0,78950.0,78567.0,78851.0,958.94837,11228
2026-08-30 14:00:00+00:00,78851.0,78940.0,78696.0,78755.0,804.3552,11585
2026-08-30 15:00:00+00:00,78754.0,78885.0,78622.0,78809.0,419.20736,6866
2026-08-30 16:00:00+00:00,78809.0,79389.0,78724.0,79318.0,2136.79469,20729
2026-08-30 17:00:00+00:00,79319.0,79329.0,78759.0,79000.0,1139.03335,15823
2026-08-30 18:00:00+00:00,79001.0,79172.0,78757.0,79023.0,890.56087,9891
2026-08-30 19:00:00+00:00,79023.0,79030.0,78699.0,78841.0,892.95213,8910
2026-08-30 20:00:00+00:00,78842.0,78915.0,78407.0,78563.0,1164.79563,10975
2026-08-30 21:00:00+00:00,78563.0,78720.0,78199.0,78644.0,1232.85952,14769
2026-08-30 22:00:00+00:00,78645.0,78806.0,78260.0,78404.0,799.10665,10644
2026-08-30 23:00:00+00:00,78404.0,78425.0,76971.0,77659.0,5022.74028,36521
2026-08-31 00:00:00+00:00,77660.0,78163.0,77409.0,77924.0,2011.76644,18003
2026-08-31 01:00:00+00:00,77924.0,77987.0,77546.0,77622.0,1116.29765,13393
2026-08-31 02:00:00+00:00,77623.0,78004.0,77357.0,77446.0,1493.43902,12248
2026-08-31 03:00:00+00:00,77446.0,77853.0,77353.0,77738.0,1006.1021,8745
2026-08-31 04:00:00+00:00,77738.0,77755.0,77436.0,77612.0,763.48898,8660
2026-08-31 05:00:00+00:00,77613.0,78155.0,77506.0,78012.0,1620.75194,14194
2026-08-31 06:00:00+00:00,78012.0,78143.0,77857.0,78088.0,830.51778,9442
2026-08-31 07:00:00+00:00,78087.0,78318.0,78028.0,78195.0,426.93846,8700
2026-08-31 08:00:00+00:00,78196.0,78516.0,77967.0,78463.0,1117.78356,12288
2026-08-31 09:00:00+00:00,78464.0,78790.0,78389.0,78505.0,1276.39011,13257
2026-08-31 10:00:00+00:00,78505.0,78733.0,78301.0,78704.0,855.40999,11385
2026-08-31 11:00:00+00:00,78705.0,78705.0,78280.0,78300.0,786.17792,7975
2026-08-31 12:00:00+00:00,78300.0,78533.0,77678.0,77905.0,2064.49252,21038
2026-08-31 13:00:00+00:00,77905.0,78293.0,77711.0,77855.0,3150.21381,27371
2026-08-31 14:00:00+00:00,77856.0,78677.0,77740.0,78572.0,2400.74753,26498
2026-08-31 15:00:00+00:00,78574.0,78773.0,78208.0,78566.0,1847.64501,16338
2026-08-31 16:00:00+00:00,78566.0,78882.0,78510.0,78624.0,1815.47416,14383
2026-08-31 17:00:00+00:00,78623.0,78985.0,78471.0,78885.0,1590.32037,14171
2026-08-31 18:00:00+00:00,78886.0,79203.0,78761.0,79010.0,2266.36817,16462
2026-08-31 19:00:00+00:00,79010.0,79250.0,78837.0,78872.0,1334.58032,11611
2026-08-31 20:00:00+00:00,78872.0,79164.0,78783.0,78842.0,1113.05606,8564
2026-08-31 21:00:00+00:00,78842.0,79066.0,78715.0,78950.0,589.32767,7086
2026-08-31 22:00:00+00:00,78950.0,79008.0,78560.0,78572.0,464.92276,6839
2026-08-31 23:00:00+00:00,78573.0,78581.0,78373.0,78574.0,525.77116,6807
2026-09-01 00:00:00+00:00,78575.0,78889.0,78555.0,78637.0,891.6037,8906
2026-09-01 01:00:00+00:00,78637.0,78789.0,78360.0,78382.0,1164.37851,8752
2026-09-01 02:00:00+00:00,78382.0,78444.0,78153.0,78429.0,879.93797,8587
2026-09-01 03:00:00+00:00,78429.0,78871.0,78388.0,78665.0,1071.50931,9517
2026-09-01 04:00:00+00:00,78665.0,78914.0,78643.0,78722.0,877.45069,9653
2026-09-01 05:00:00+00:00,78722.0,79233.0,78722.0,79182.0,3242.35658,19481
2026-09-01 06:00:00+00:00,79182.0,79183.0,78740.0,78741.0,842.83628,10786
2026-09-01 07:00:00+00:00,78740.0,78813.0,78499.0,78642.0,665.677,11393
2026-09-01 08:00:00+00:00,78642.0,78663.0,77820.0,77883.0,2205.44634,24338
2026-09-01 09:00:00+00:00,77882.0,78050.0,77773.0,77899.0,799.90402,11495
2026-09-01 10:00:00+00:00,77899.0,78184.0,77740.0,78018.0,786.9853,12165
2026-09-01 11:00:00+00:00,78018.0,78193.0,77890.0,78094.0,1200.92151,10583
2026-09-01 12:00:00+00:00,78095.0,78150.0,77740.0,78000.0,673.19308,11764
2026-09-01 13:00:00+00:00,78000.0,78204.0,77500.0,78049.0,3155.18753,26307
2026-09-01 14:00:00+00:00,78050.0,78418.0,78035.0,78156.0,1821.55597,21354
2026-09-01 15:00:00+00:00,78155.0,78156.0,77718.0,77910.0,1342.28258,14917
2026-09-01 16:00:00+00:00,77910.0,77968.0,77290.0,77583.0,2697.54021,20832
2026-09-01 17:00:00+00:00,77582.0,77722.0,77219.0,77238.0,1320.26369,13544
2026-09-01 18:00:00+00:00,77246.0,77282.0,76397.0,77146.0,6884.30975,44650
2026-09-01 19:00:00+00:00,77147.0,77453.0,77097.0,77290.0,1474.97834,17895
2026-09-01 20:00:00+00:00,77298.0,77475.0,77218.0,77436.0,508.03239,10243
2026-09-01 21:00:00+00:00,77436.0,77501.0,76897.0,77195.0,1339.11342,14217
2026-09-01 22:00:00+00:00,77195.0,77350.0,77010.0,77255.0,699.47371,9174
2026-09-01 23:00:00+00:00,77255.0,77611.0,77193.0,77419.0,599.4287,9544
2026-09-02 00:00:00+00:00,77420.0,77506.0,77109.0,77194.0,563.11099,8896
2026-09-02 01:00:00+00:00,77195.0,77368.0,76687.0,77000.0,1344.20381,14965
2026-09-02 02:00:00+00:00,77001.0,77343.0,76925.0,77313.0,777.1363,11286
2026-09-02 03:00:00+00:00,77314.0,77777.0,77288.0,77549.0,2131.03829,17580
2026-09-02 04:00:00+00:00,77550.0,77599.0,77274.0,77546.0,762.18657,9793
2026-09-02 05:00:00+00:00,77546.0,77777.0,77412.0,77635.0,1220.64917,12276
2026-09-02 06:00:00+00:00,77636.0,77715.0,77446.0,77600.0,845.12561,9753
2026-09-02 07:00:00+00:00,77601.0,77755.0,77453.0,77457.0,608.17486,10171
2026-09-02 08:00:00+00:00,77458.0,77540.0,76730.0,76844.0,2894.24777,20850
2026-09-02 09:00:00+00:00,76844.0,77050.0,76470.0,76735.0,2018.48492,19913
2026-09-02 10:00:00+00:00,76735.0,76749.0,76234.0,76669.0,1280.32333,18434
2026-09-02 11:00:00+00:00,76669.0,76905.0,76314.0,76836.0,3533.70141,25591
2026-09-02 12:00:00+00:00,76835.0,77069.0,76598.0,76599.0,2972.91343,21191
2026-09-02 13:00:00+00:00,76599.0,77465.0,76599.0,77133.0,3014.96566,26794
2026-09-02 14:00:00+00:00,77133.0,77495.0,77004.0,77062.0,2534.45557,24218
2026-09-02 15:00:00+00:00,77061.0,77378.0,76722.0,77283.0,1665.39732,19442
2026-09-02 16:00:00+00:00,77284.0,77581.0,77150.0,77150.0,1498.81076,16322
2026-09-02 17:00:00+00:00,77150.0,77399.0,76928.0,77374.0,1035.7325,12339
2026-09-02 18:00:00+00:00,77374.0,77519.0,77273.0,77356.0,737.79071,10172
2026-09-02 19:00:00+00:00,77357.0,77393.0,77100.0,77319.0,840.36458,10607
2026-09-02 20:00:00+00:00,77318.0,77501.0,77179.0,77383.0,1020.10013,11447
2026-09-02 21:00:00+00:00,77384.0,77413.0,77210.0,77264.0,474.04828,7466
2026-09-02 22:00:00+00:00,77265.0,77265.0,76980.0,77001.0,1075.27469,10926
2026-09-02 23:00:00+00:00,77002.0,77361.0,76983.0,77319.0,615.67808,7708
2026-09-03 00:00:00+00:00,77320.0,77368.0,76958.0,77043.0,990.53674,9875
2026-09-03 01:00:00+00:00,77044.0,77535.0,76951.0,77337.0,2064.43201,16621
2026-09-03 02:00:00+00:00,77338.0,77911.0,77216.0,77798.0,1704.49593,17135
2026-09-03 03:00:00+00:00,77801.0,77851.0,77622.0,77684.0,598.96185,8636
2026-09-03 04:00:00+00:00,77685.0,77826.0,77518.0,77761.0,1638.38354,11502
2026-09-03 05:00:00+00:00,77763.0,77827.0,77090.0,77799.0,2381.40128,20200
2026-09-03 06:00:00+00:00,77800.0,77839.0,77679.0,77822.0,742.52362,11927
2026-09-03 07:00:00+00:00,77823.0,78177.0,77569.0,77635.0,2354.81572,23209
2026-09-03 08:00:00+00:00,77636.0,78056.0,77636.0,77815.0,967.31275,14576
2026-09-03 09:00:00+00:00,77814.0,77970.0,77587.0,77593.0,892.71153,11535
2026-09-03 10:00:00+00:00,77594.0,77752.0,77456.0,77706.0,1124.00022,12254
2026-09-03 11:00:00+00:00,77707.0,77972.0,77687.0,77911.0,759.73163,11762
2026-09-03 12:00:00+00:00,77911.0,78748.0,77859.0,78617.0,3446.82477,25569
2026-09-03 13:00:00+00:00,78617.0,78973.0,78420.0,78797.0,3025.80226,24715
2026-09-03 14:00:00+00:00,78798.0,80546.0,78667.0,80533.0,8863.0725,58686
2026-09-03 15:00:00+00:00,80519.0,81346.0,80305.0,81311.0,6210.5149,50376
2026-09-03 16:00:00+00:00,81311.0,81336.0,80600.0,80942.0,4744.73833,31855
2026-09-03 17:00:00+00:00,80945.0,81161.0,80863.0,81000.0,1366.03142,15011
2026-09-03 18:00:00+00:00,81000.0,81300.0,80849.0,81227.0,1710.69349,17078
2026-09-03 19:00:00+00:00,81228.0,81755.0,81129.0,81698.0,3502.70365,27722
2026-09-03 20:00:00+00:00,81704.0,81748.0,81341.0,81417.0,1963.39908,18966
2026-09-03 21:00:00+00:00,81416.0,82268.0,81250.0,81546.0,3287.75192,31696
2026-09-03 22:00:00+00:00,81547.0,81572.0,80850.0,81105.0,2530.46749,22242
2026-09-03 23:00:00+00:00,81106.0,81311.0,81057.0,81244.0,953.44763,11379
2026-09-04 00:00:00+00:00,81244.0,81400.0,80913.0,80925.0,1235.0542,14669
2026-09-04 01:00:00+00:00,80925.0,81064.0,80733.0,80936.0,892.58261,13919
2026-09-04 02:00:00+00:00,80936.0,80936.0,80630.0,80795.0,1048.27039,11041
2026-09-04 03:00:00+00:00,80795.0,80995.0,80764.0,80796.0,921.39055,8997
2026-09-04 04:00:00+00:00,80797.0,81270.0,80778.0,81041.0,800.9033,10918
2026-09-04 05:00:00+00:00,81041.0,81108.0,80809.0,80954.0,517.382,8747
2026-09-04 06:00:00+00:00,80954.0,81063.0,80528.0,80778.0,1149.07632,11217
2026-09-04 07:00:00+00:00,80778.0,80947.0,80614.0,80636.0,752.70842,9128
2026-09-04 08:00:00+00:00,80630.0,81221.0,80497.0,81124.0,1133.96902,13892
2026-09-04 09:00:00+00:00,81125.0,81280.0,80903.0,81031.0,1009.82442,12383
2026-09-04 10:00:00+00:00,81031.0,81165.0,80792.0,81161.0,750.22537,9713
2026-09-04 11:00:00+00:00,81161.0,81374.0,81056.0,81181.0,795.66818,10197
2026-09-04 12:00:00+00:00,81181.0,81318.0,79156.0,79434.0,7646.35573,55364
2026-09-04 13:00:00+00:00,79434.0,79690.0,78953.0,79366.0,5176.72969,38848
2026-09-04 14:00:00+00:00,79366.0,79568.0,78600.0,78881.0,5300.81066,36053
2026-09-04 15:00:00+00:00,78880.0,79511.0,78763.0,79378.0,2864.3375,20920
2026-09-04 16:00:00+00:00,79377.0,79862.0,79341.0,79723.0,2686.1827,17115
2026-09-04 17:00:00+00:00,79718.0,79729.0,79340.0,79442.0,1313.91286,10604
2026-09-04 18:00:00+00:00,79443.0,79626.0,79442.0,79585.0,730.35435,7265
2026-09-04 19:00:00+00:00,79587.0,79778.0,79587.0,79761.0,894.37352,9767
2026-09-04 20:00:00+00:00,79762.0,79834.0,79635.0,79670.0,521.00793,7955
2026-09-04 21:00:00+00:00,79670.0,79790.0,79476.0,79588.0,453.0757,6413
2026-09-04 22:00:00+00:00,79588.0,79677.0,79583.0,79593.0,299.1493,4904
2026-09-04 23:00:00+00:00,79594.0,79730.0,79549.0,79623.0,416.27528,5138
2026-09-05 00:00:00+00:00,79624.0,79689.0,79525.0,79539.0,399.82136,5815
2026-09-05 01:00:00+00:00,79538.0,79691.0,79490.0,79490.0,1894.8917,11790
2026-09-05 02:00:00+00:00,79491.0,79590.0,79439.0,79544.0,193.24821,4297
2026-09-05 03:00:00+00:00,79544.0,79601.0,79483.0,79547.0,73.67551,3812
2026-09-05 04:00:00+00:00,79547.0,79559.0,79460.0,79463.0,282.9147,4525
2026-09-05 05:00:00+00:00,79464.0,79567.0,79413.0,79555.0,187.38559,4353
2026-09-05 06:00:00+00:00,79556.0,79683.0,79555.0,79614.0,211.26384,4375
2026-09-05 07:00:00+00:00,79614.0,79731.0,79610.0,79679.0,213.55621,4345
2026-09-05 08:00:00+00:00,79679.0,79693.0,79536.0,79621.0,172.21508,4560
2026-09-05 09:00:00+00:00,79622.0,79723.0,79586.0,79592.0,160.16016,3611
2026-09-05 10:00:00+00:00,79591.0,79618.0,79555.0,79584.0,121.49075,3319
2026-09-05 11:00:00+00:00,79584.0,79618.0,79570.0,79571.0,205.35728,3443
2026-09-05 12:00:00+00:00,79571.0,79729.0,79570.0,79668.0,129.55143,3789
2026-09-05 13:00:00+00:00,79669.0,79738.0,79497.0,79581.0,420.8403,4974
2026-09-05 14:00:00+00:00,79582.0,79719.0,79581.0,79681.0,133.17971,4838
2026-09-05 15:00:00+00:00,79682.0,79788.0,79648.0,79765.0,393.72305,4969
2026-09-05 16:00:00+00:00,79764.0,80192.0,79728.0,80012.0,2005.11644,14061
2026-09-05 17:00:00+00:00,80013.0,80146.0,79966.0,80040.0,798.3908,8899
2026-09-05 18:00:00+00:00,80040.0,80056.0,79900.0,79969.0,400.98362,5208
2026-09-05 19:00:00+00:00,79970.0,79970.0,79670.0,79718.0,1205.49429,7762
2026-09-05 20:00:00+00:00,79718.0,79800.0,79658.0,79698.0,324.5553,4722
2026-09-05 21:00:00+00:00,79698.0,79908.0,79697.0,79872.0,444.51953,4180
2026-09-05 22:00:00+00:00,79873.0,79915.0,79725.0,79760.0,314.84834,4380
2026-09-05 23:00:00+00:00,79759.0,79867.0,79683.0,79804.0,291.99293,3701
2026-09-06 00:00:00+00:00,79804.0,79906.0,79799.0,79838.0,422.74152,4635
2026-09-06 01:00:00+00:00,79838.0,80050.0,79838.0,79917.0,487.21749,5467
2026-09-06 02:00:00+00:00,79919.0,79977.0,79845.0,79875.0,232.54324,3794
2026-09-06 03:00:00+00:00,79876.0,80081.0,79866.0,79995.0,284.84051,4435
2026-09-06 04:00:00+00:00,79994.0,79995.0,79836.0,79836.0,264.67843,4066
2026-09-06 05:00:00+00:00,79837.0,80100.0,79756.0,79958.0,1019.92953,6473
2026-09-06 06:00:00+00:00,79962.0,79965.0,79669.0,79753.0,480.46793,5290
2026-09-06 07:00:00+00:00,79753.0,79844.0,79568.0,79787.0,394.38843,6503
2026-09-06 08:00:00+00:00,79788.0,79876.0,79745.0,79825.0,153.64882,3935
2026-09-06 09:00:00+00:00,79826.0,79973.0,79774.0,79870.0,247.53053,4466
2026-09-06 10:00:00+00:00,79870.0,79994.0,79869.0,79978.0,280.95534,3520
2026-09-06 11:00:00+00:00,79979.0,79979.0,79874.0,79895.0,192.99272,3627
2026-09-06 12:00:00+00:00,79896.0,79988.0,79843.0,79904.0,160.71009,3830
2026-09-06 13:00:00+00:00,79904.0,79942.0,79737.0,79809.0,314.53864,5134
2026-09-06 14:00:00+00:00,79809.0,79824.0,79214.0,79522.0,1044.96056,13797
2026-09-06 15:00:00+00:00,79522.0,79690.0,79370.0,79684.0,341.62615,5729
2026-09-06 16:00:00+00:00,79682.0,79750.0,79580.0,79657.0,317.25197,4764
2026-09-06 17:00:00+00:00,79656.0,79745.0,79549.0,79725.0,277.22679,5263
2026-09-06 18:00:00+00:00,79725.0,79947.0,79722.0,79922.0,382.34459,5802
2026-09-06 19:00:00+00:00,79923.0,79923.0,79773.0,79809.0,149.86146,3835
2026-09-06 20:00:00+00:00,79808.0,79950.0,79759.0,79879.0,248.91976,4055
2026-09-06 21:00:00+00:00,79878.0,79998.0,79838.0,79919.0,361.47319,5195
2026-09-06 22:00:00+00:00,79919.0,80061.0,79619.0,80021.0,845.34577,8645
2026-09-06 23:00:00+00:00,80020.0,80514.0,79978.0,80314.0,1754.47875,15651
2026-09-07 00:00:00+00:00,80315.0,80428.0,80034.0,80112.0,633.43665,8006
2026-09-07 01:00:00+00:00,80114.0,80202.0,79802.0,79910.0,591.33664,6973
2026-09-07 02:00:00+00:00,79907.0,80400.0,79765.0,79851.0,775.81371,8590
2026-09-07 03:00:00+00:00,79852.0,79961.0,79537.0,79571.0,566.28747,6976
2026-09-07 04:00:00+00:00,79569.0,79709.0,79511.0,79704.0,302.77522,4476
2026-09-07 05:00:00+00:00,79704.0,79888.0,79646.0,79724.0,210.88316,4204
2026-09-07 06:00:00+00:00,79724.0,79798.0,79624.0,79624.0,314.55009,4266
2026-09-07 07:00:00+00:00,79625.0,79661.0,78945.0,79360.0,2272.57915,16102
2026-09-07 08:00:00+00:00,79360.0,79513.0,79360.0,79397.0,783.18675,6935
2026-09-07 09:00:00+00:00,79397.0,79515.0,79254.0,79284.0,534.1429,6135
2026-09-07 10:00:00+00:00,79283.0,79429.0,79283.0,79330.0,226.4755,4496
2026-09-07 11:00:00+00:00,79330.0,79446.0,79247.0,79395.0,304.68697,4730
2026-09-07 12:00:00+00:00,79396.0,79608.0,79372.0,79588.0,477.41395,6329
2026-09-07 13:00:00+00:00,79589.0,79620.0,79297.0,79329.0,678.94623,7594
2026-09-07 14:00:00+00:00,79329.0,79372.0,78926.0,79159.0,3082.59295,17914
2026-09-07 15:00:00+00:00,79159.0,79159.0,78632.0,78776.0,2358.46176,22788
2026-09-07 16:00:00+00:00,78777.0,78993.0,78763.0,78989.0,1136.40387,10968
2026-09-07 17:00:00+00:00,78990.0,79172.0,78976.0,79147.0,659.99135,7495
2026-09-07 18:00:00+00:00,79148.0,79200.0,79047.0,79161.0,482.59917,6815
2026-09-07 19:00:00+00:00,79161.0,79373.0,79112.0,79319.0,402.98957,6816
2026-09-07 20:00:00+00:00,79319.0,79337.0,79122.0,79191.0,603.99934,6371
2026-09-07 21:00:00+00:00,79192.0,79220.0,79110.0,79112.0,364.26909,4722
2026-09-07 22:00:00+00:00,79113.0,79179.0,78741.0,78908.0,1604.88981,13169
2026-09-07 23:00:00+00:00,78907.0,79171.0,78893.0,79072.0,822.34285,8118
2026-09-08 00:00:00+00:00,79073.0,79271.0,78928.0,79270.0,579.17397,8471
2026-09-08 01:00:00+00:00,79271.0,79424.0,79224.0,79386.0,345.63037,6281
2026-09-08 02:00:00+00:00,79393.0,79430.0,78888.0,78893.0,600.4167,8077
2026-09-08 03:00:00+00:00,78892.0,78970.0,78685.0,78869.0,1138.35163,10753
2026-09-08 04:00:00+00:00,78870.0,78884.0,78632.0,78641.0,788.34678,7671
2026-09-08 05:00:00+00:00,78640.0,78840.0,78470.0,78535.0,1667.81416,14682
2026-09-08 06:00:00+00:00,78534.0,78586.0,78220.0,78285.0,1839.11093,17129
2026-09-08 07:00:00+00:00,78287.0,78565.0,78140.0,78438.0,1172.57649,12126
2026-09-08 08:00:00+00:00,78438.0,78532.0,78250.0,78362.0,905.15607,10036
2026-09-08 09:00:00+00:00,78362.0,78761.0,78300.0,78728.0,1335.98915,10188
2026-09-08 10:00:00+00:00,78728.0,78987.0,78525.0,78525.0,1331.13223,11350
2026-09-08 11:00:00+00:00,78526.0,78542.0,78248.0,78395.0,1151.67644,12107
2026-09-08 12:00:00+00:00,78395.0,78446.0,78174.0,78422.0,948.24909,10829
2026-09-08 13:00:00+00:00,78422.0,78520.0,77617.0,77941.0,4158.74562,33009
2026-09-08 14:00:00+00:00,77944.0,78599.0,77841.0,78533.0,1964.15581,23967
2026-09-08 15:00:00+00:00,78533.0,78888.0,78424.0,78881.0,1648.63388,17504
2026-09-08 16:00:00+00:00,78881.0,78950.0,78547.0,78704.0,1529.22427,15288
2026-09-08 17:00:00+00:00,78704.0,78860.0,78462.0,78472.0,990.9826,10722
2026-09-08 18:00:00+00:00,78471.0,78783.0,78241.0,78402.0,1149.80982,13320
2026-09-08 19:00:00+00:00,78402.0,78494.0,78280.0,78412.0,1325.04901,12461
2026-09-08 20:00:00+00:00,78411.0,78588.0,78377.0,78448.0,755.72107,9144
2026-09-08 21:00:00+00:00,78447.0,78587.0,78367.0,78460.0,522.73997,7260
2026-09-08 22:00:00+00:00,78460.0,78631.0,78407.0,78527.0,579.54792,7325
2026-09-08 23:00:00+00:00,78527.0,78537.0,78369.0,78417.0,196.06784,4390
2026-09-09 00:00:00+00:00,78419.0,78750.0,78418.0,78737.0,512.97074,7122
2026-09-09 01:00:00+00:00,78737.0,78876.0,78608.0,78864.0,905.99583,8852
2026-09-09 02:00:00+00:00,78862.0,78900.0,78666.0,78706.0,203.2557,5422
2026-09-09 03:00:00+00:00,78704.0,78704.0,78516.0,78609.0,218.59108,4823
2026-09-09 04:00:00+00:00,78609.0,79189.0,78609.0,79141.0,813.64727,11773
2026-09-09 05:00:00+00:00,79142.0,79353.0,78810.0,78910.0,1292.01466,14953
2026-09-09 06:00:00+00:00,78911.0,79271.0,78822.0,79142.0,1383.64865,12954
2026-09-09 07:00:00+00:00,79142.0,79372.0,79141.0,79261.0,561.2682,10100
2026-09-09 08:00:00+00:00,79261.0,79730.0,79255.0,79667.0,1706.98206,18941
2026-09-09 09:00:00+00:00,79667.0,79690.0,78852.0,78917.0,2119.6714,17471
2026-09-09 10:00:00+00:00,78917.0,79157.0,78829.0,78890.0,1574.96208,14723
2026-09-09 11:00:00+00:00,78890.0,79374.0,78714.0,79309.0,2072.6581,17125
2026-09-09 12:00:00+00:00,79309.0,79636.0,79268.0,79581.0,1075.18936,15283
2026-09-09 13:00:00+00:00,79581.0,79650.0,79090.0,79122.0,1925.03121,21285
2026-09-09 14:00:00+00:00,79122.0,79398.0,78863.0,78939.0,3430.15745,28528
2026-09-09 15:00:00+00:00,78939.0,79385.0,78044.0,78581.0,6456.28742,44118
2026-09-09 16:00:00+00:00,78580.0,78917.0,78437.0,78794.0,1483.78557,15170
2026-09-09 17:00:00+00:00,78793.0,78911.0,78657.0,78767.0,873.21173,11041
2026-09-09 18:00:00+00:00,78766.0,78786.0,78376.0,78385.0,1158.36493,9743
2026-09-09 19:00:00+00:00,78385.0,78537.0,78104.0,78188.0,2234.67656,17208
2026-09-09 20:00:00+00:00,78189.0,78307.0,77909.0,78279.0,2225.99842,15280
2026-09-09 21:00:00+00:00,78279.0,78303.0,77941.0,78095.0,1058.61497,10637
2026-09-09 22:00:00+00:00,78096.0,78142.0,77718.0,77881.0,1664.86501,17871
2026-09-09 23:00:00+00:00,77881.0,78279.0,77880.0,78275.0,1199.18177,10998
2026-09-10 00:00:00+00:00,78269.0,78340.0,78053.0,78135.0,1193.54251,10544
2026-09-10 01:00:00+00:00,78134.0,78467.0,77903.0,78066.0,1152.52864,13535
2026-09-10 02:00:00+00:00,78066.0,78330.0,77934.0,78320.0,1143.57589,10345
2026-09-10 03:00:00+00:00,78319.0,78494.0,78246.0,78295.0,693.02763,8265
2026-09-10 04:00:00+00:00,78296.0,78421.0,78272.0,78365.0,461.24529,4979
2026-09-10 05:00:00+00:00,78365.0,78527.0,78229.0,78499.0,701.46477,7786
2026-09-10 06:00:00+00:00,78498.0,78511.0,78124.0,78384.0,956.21181,10755
2026-09-10 07:00:00+00:00,78384.0,78386.0,77868.0,78086.0,1472.5011,12568
2026-09-10 08:00:00+00:00,78086.0,78139.0,77995.0,78068.0,530.42594,7558
2026-09-10 09:00:00+00:00,78069.0,78207.0,77887.0,77954.0,1087.23549,8183
2026-09-10 10:00:00+00:00,77953.0,78017.0,77764.0,77831.0,1189.76276,9441
2026-09-10 11:00:00+00:00,77830.0,78024.0,77680.0,77822.0,1036.7095,11536
2026-09-10 12:00:00+00:00,77821.0,77935.0,76666.0,76875.0,6752.60569,52826
2026-09-10 13:00:00+00:00,76874.0,77224.0,76702.0,77147.0,2873.40986,27427
2026-09-10 14:00:00+00:00,77148.0,77399.0,76929.0,77383.0,1170.04572,18714
2026-09-10 15:00:00+00:00,77383.0,77383.0,77073.0,77227.0,1072.3337,11686
2026-09-10 16:00:00+00:00,77226.0,77286.0,76772.0,77176.0,1757.64636,17633
2026-09-10 17:00:00+00:00,77176.0,77520.0,77105.0,77305.0,1199.53513,12276
2026-09-10 18:00:00+00:00,77305.0,77313.0,76959.0,77228.0,1140.84951,10894
2026-09-10 19:00:00+00:00,77229.0,77281.0,77060.0,77132.0,538.76396,7118
2026-09-10 20:00:00+00:00,77132.0,77332.0,77085.0,77243.0,652.27561,6378
2026-09-10 21:00:00+00:00,77243.0,77272.0,77090.0,77122.0,471.42141,5304
2026-09-10 22:00:00+00:00,77121.0,77192.0,76781.0,76798.0,690.19823,7909
2026-09-10 23:00:00+00:00,76798.0,76846.0,76440.0,76533.0,1362.81275,15590
2026-09-11 00:00:00+00:00,76534.0,76914.0,76527.0,76885.0,820.95498,9441
2026-09-11 01:00:00+00:00,76886.0,76979.0,76643.0,76946.0,397.42815,8168
2026-09-11 02:00:00+00:00,76947.0,76990.0,76739.0,76816.0,252.5728,5675
2026-09-11 03:00:00+00:00,76816.0,76872.0,76681.0,76866.0,325.06639,7182
2026-09-11 04:00:00+00:00,76866.0,77176.0,76855.0,77093.0,545.57491,7777
2026-09-11 05:00:00+00:00,77092.0,77238.0,77034.0,77238.0,450.20341,6033
2026-09-11 06:00:00+00:00,77238.0,77419.0,77148.0,77278.0,1007.91004,8420
2026-09-11 07:00:00+00:00,77278.0,77375.0,77177.0,77195.0,562.36645,6865
2026-09-11 08:00:00+00:00,77194.0,77470.0,77107.0,77329.0,533.19656,7980
2026-09-11 09:00:00+00:00,77329.0,77341.0,76822.0,77006.0,1833.85449,11416
2026-09-11 10:00:00+00:00,77004.0,77129.0,76911.0,76970.0,514.69131,7772
2026-09-11 11:00:00+00:00,76965.0,77020.0,76718.0,77020.0,715.88876,9542
2026-09-11 12:00:00+00:00,77019.0,78139.0,76021.0,78008.0,12957.6432,60785
2026-09-11 13:00:00+00:00,78007.0,79334.0,77227.0,79223.0,7916.75151,50186
2026-09-11 14:00:00+00:00,79223.0,79867.0,78482.0,78774.0,5645.57022,44286
2026-09-11 15:00:00+00:00,78774.0,78812.0,77255.0,77709.0,3743.25979,26742
2026-09-11 16:00:00+00:00,77709.0,78037.0,77355.0,77889.0,1770.09316,20739
2026-09-11 17:00:00+00:00,77890.0,77930.0,77455.0,77496.0,1109.18744,9617
2026-09-11 18:00:00+00:00,77497.0,77503.0,76851.0,77002.0,2834.33765,20534
2026-09-11 19:00:00+00:00,77011.0,77339.0,76975.0,77243.0,1093.30557,8985
2026-09-11 20:00:00+00:00,77243.0,77458.0,77150.0,77291.0,928.0491,8087
2026-09-11 21:00:00+00:00,77291.0,77388.0,77036.0,77073.0,667.15385,6372
2026-09-11 22:00:00+00:00,77072.0,77195.0,76926.0,77108.0,709.76996,7693
2026-09-11 23:00:00+00:00,77108.0,77189.0,77076.0,77180.0,316.76375,4013
2026-09-12 00:00:00+00:00,77180.0,77307.0,77176.0,77259.0,925.92808,5031
2026-09-12 01:00:00+00:00,77260.0,77350.0,77231.0,77242.0,221.40547,3324
2026-09-12 02:00:00+00:00,77243.0,77291.0,77181.0,77260.0,322.46906,2770
2026-09-12 03:00:00+00:00,77260.0,77318.0,77200.0,77227.0,192.97391,2768
2026-09-12 04:00:00+00:00,77227.0,77288.0,77188.0,77188.0,165.78908,2731
2026-09-12 05:00:00+00:00,77188.0,77217.0,77127.0,77178.0,177.53988,2978
2026-09-12 06:00:00+00:00,77179.0,77315.0,77172.0,77260.0,229.68016,3414
2026-09-12 07:00:00+00:00,77260.0,77294.0,77218.0,77244.0,362.32465,3521
2026-09-12 08:00:00+00:00,77244.0,77315.0,77226.0,77314.0,707.63076,4582
2026-09-12 09:00:00+00:00,77314.0,77335.0,77285.0,77308.0,256.02714,4056
2026-09-12 10:00:00+00:00,77309.0,77360.0,77273.0,77289.0,166.31735,2558
2026-09-12 11:00:00+00:00,77290.0,77323.0,77252.0,77322.0,113.00987,2434
2026-09-12 12:00:00+00:00,77321.0,77326.0,77269.0,77299.0,268.46104,2582
2026-09-12 13:00:00+00:00,77299.0,77359.0,77224.0,77332.0,295.39023,3178
2026-09-12 14:00:00+00:00,77332.0,77460.0,77328.0,77417.0,625.25667,6359
2026-09-12 15:00:00+00:00,77418.0,77442.0,77337.0,77348.0,376.30717,4396
2026-09-12 16:00:00+00:00,77348.0,77377.0,77309.0,77326.0,210.26867,2686
2026-09-12 17:00:00+00:00,77327.0,77354.0,77142.0,77182.0,279.33627,4824
2026-09-12 18:00:00+00:00,77182.0,77189.0,77069.0,77103.0,555.46041,5367
2026-09-12 19:00:00+00:00,77104.0,77146.0,77034.0,77091.0,531.43608,4140
2026-09-12 20:00:00+00:00,77091.0,77181.0,77090.0,77128.0,119.10267,2792
2026-09-12 21:00:00+00:00,77129.0,77246.0,77115.0,77218.0,318.08804,3725
2026-09-12 22:00:00+00:00,77219.0,77277.0,77160.0,77197.0,269.27323,3264
2026-09-12 23:00:00+00:00,77197.0,77271.0,77196.0,77248.0,206.77298,2347
2026-09-13 00:00:00+00:00,77249.0,77274.0,77107.0,77243.0,485.85581,2976
2026-09-13 01:00:00+00:00,77243.0,77311.0,77215.0,77284.0,181.44767,3018
2026-09-13 02:00:00+00:00,77285.0,77285.0,77211.0,77270.0,131.938,2270
2026-09-13 03:00:00+00:00,77270.0,77280.0,77159.0,77159.0,271.9548,2245
2026-09-13 04:00:00+00:00,77160.0,77222.0,77160.0,77180.0,71.48452,1564
2026-09-13 05:00:00+00:00,77181.0,77288.0,77180.0,77284.0,94.69142,1381
2026-09-13 06:00:00+00:00,77285.0,77285.0,77021.0,77076.0,530.27314,2913
2026-09-13 07:00:00+00:00,77077.0,77134.0,77055.0,77094.0,266.66742,2964
2026-09-13 08:00:00+00:00,77093.0,77138.0,76694.0,76764.0,1465.11696,9729
2026-09-13 09:00:00+00:00,76765.0,76843.0,76526.0,76767.0,1508.5777,11688
2026-09-13 10:00:00+00:00,76767.0,76768.0,76585.0,76633.0,411.61458,5479
2026-09-13 11:00:00+00:00,76633.0,76753.0,76469.0,76736.0,636.74567,8437
2026-09-13 12:00:00+00:00,76736.0,76810.0,76619.0,76714.0,349.84582,5422
2026-09-13 13:00:00+00:00,76714.0,76881.0,76509.0,76804.0,951.2353,8016
2026-09-13 14:00:00+00:00,76805.0,77228.0,76805.0,77186.0,1436.9962,10446
2026-09-13 15:00:00+00:00,77187.0,77187.0,76979.0,77090.0,1125.84208,7701
2026-09-13 16:00:00+00:00,77091.0,77328.0,77090.0,77255.0,1141.00894,8368
2026-09-13 17:00:00+00:00,77256.0,77382.0,77203.0,77303.0,652.84202,6554
2026-09-13 18:00:00+00:00,77303.0,77362.0,77278.0,77317.0,278.2334,5567
2026-09-13 19:00:00+00:00,77318.0,77381.0,77193.0,77256.0,476.40937,4793
2026-09-13 20:00:00+00:00,77257.0,77336.0,77225.0,77317.0,224.80462,3861
2026-09-13 21:00:00+00:00,77318.0,77423.0,77273.0,77287.0,746.54519,6339
2026-09-13 22:00:00+00:00,77288.0,77288.0,76639.0,76697.0,2362.49871,18771
2026-09-13 23:00:00+00:00,76697.0,76847.0,76604.0,76810.0,824.7102,9279
2026-09-14 00:00:00+00:00,76811.0,77047.0,76346.0,76780.0,1331.19616,15706
2026-09-14 01:00:00+00:00,76780.0,77140.0,76617.0,77091.0,1119.63201,10205
2026-09-14 02:00:00+00:00,77090.0,77696.0,76985.0,77573.0,2444.79931,18494
2026-09-14 03:00:00+00:00,77573.0,77850.0,77474.0,77571.0,1345.56734,12983
2026-09-14 04:00:00+00:00,77571.0,77680.0,77507.0,77650.0,437.46107,6895
2026-09-14 05:00:00+00:00,77649.0,77657.0,77461.0,77578.0,256.31593,5077
2026-09-14 06:00:00+00:00,77577.0,77850.0,77347.0,77561.0,595.3267,9274
2026-09-14 07:00:00+00:00,77561.0,77855.0,77491.0,77854.0,635.86774,7835
2026-09-14 08:00:00+00:00,77855.0,77961.0,77629.0,77713.0,656.71049,10788
2026-09-14 09:00:00+00:00,77712.0,78344.0,77564.0,78094.0,1890.14663,17411
2026-09-14 10:00:00+00:00,78103.0,78128.0,77859.0,77867.0,514.68091,9649
2026-09-14 11:00:00+00:00,77868.0,77894.0,77660.0,77753.0,429.78824,7932
2026-09-14 12:00:00+00:00,77752.0,78047.0,77572.0,77667.0,886.9004,10720
2026-09-14 13:00:00+00:00,77667.0,78488.0,77435.0,78155.0,5678.73798,32225
2026-09-14 14:00:00+00:00,78156.0,78699.0,78148.0,78498.0,2370.7879,27191
2026-09-14 15:00:00+00:00,78499.0,78663.0,78284.0,78550.0,1058.72674,14075
2026-09-14 16:00:00+00:00,78550.0,78860.0,78403.0,78746.0,1903.99269,16516
2026-09-14 17:00:00+00:00,78746.0,79028.0,78685.0,78931.0,2313.00026,17629
2026-09-14 18:00:00+00:00,78931.0,79310.0,78825.0,79199.0,1358.05585,16515
2026-09-14 19:00:00+00:00,79199.0,79219.0,78930.0,78956.0,1170.21291,11018
2026-09-14 20:00:00+00:00,78965.0,79576.0,78947.0,79075.0,1466.16097,16072
2026-09-14 21:00:00+00:00,79074.0,79091.0,78711.0,78726.0,1731.9408,13308
2026-09-14 22:00:00+00:00,78725.0,78826.0,78467.0,78520.0,2079.82643,11690
2026-09-14 23:00:00+00:00,78519.0,78538.0,78081.0,78182.0,2844.09364,14195
2026-09-15 00:00:00+00:00,78175.0,78235.0,77909.0,77933.0,911.56714,8272
2026-09-15 01:00:00+00:00,77933.0,78049.0,77715.0,77897.0,879.35937,9563
2026-09-15 02:00:00+00:00,77896.0,77993.0,77762.0,77886.0,315.05017,4932
2026-09-15 03:00:00+00:00,77886.0,77886.0,77627.0,77628.0,877.63095,7414
2026-09-15 04:00:00+00:00,77628.0,77706.0,77503.0,77560.0,681.54908,6687
2026-09-15 05:00:00+00:00,77560.0,77671.0,77264.0,77609.0,2070.90308,12838
2026-09-15 06:00:00+00:00,77609.0,77715.0,77147.0,77233.0,2223.91011,11863
2026-09-15 07:00:00+00:00,77240.0,77270.0,76825.0,76907.0,1905.05517,14407
2026-09-15 08:00:00+00:00,76902.0,76993.0,76672.0,76981.0,3235.52742,17968
2026-09-15 09:00:00+00:00,76981.0,77054.0,76851.0,76962.0,715.9065,8253
2026-09-15 10:00:00+00:00,76962.0,77162.0,76857.0,77027.0,785.40612,10584
2026-09-15 11:00:00+00:00,77027.0,77209.0,76812.0,76908.0,1726.02734,11287
2026-09-15 12:00:00+00:00,76908.0,77122.0,76819.0,76940.0,2460.36377,14733
2026-09-15 13:00:00+00:00,76940.0,77111.0,76092.0,76605.0,4793.60781,32876
2026-09-15 14:00:00+00:00,76605.0,76694.0,75600.0,75900.0,7864.91028,47912
2026-09-15 15:00:00+00:00,75900.0,76576.0,75800.0,76480.0,6377.81241,28751
2026-09-15 16:00:00+00:00,76480.0,76548.0,76244.0,76349.0,1411.47712,14265
2026-09-15 17:00:00+00:00,76349.0,77366.0,76151.0,76930.0,7335.73094,36260
2026-09-15 18:00:00+00:00,76931.0,77205.0,74903.0,75957.0,15340.56302,83122
2026-09-15 19:00:00+00:00,75957.0,76283.0,75775.0,76148.0,4161.98297,27641
2026-09-15 20:00:00+00:00,76149.0,76218.0,75581.0,75901.0,1546.1567,14052
2026-09-15 21:00:00+00:00,75902.0,75929.0,75368.0,75427.0,1753.01074,13134
2026-09-15 22:00:00+00:00,75427.0,75710.0,75111.0,75633.0,2389.53915,18101
2026-09-15 23:00:00+00:00,75633.0,75910.0,75533.0,75608.0,659.60881,9470
2026-09-16 00:00:00+00:00,75608.0,75883.0,75542.0,75745.0,683.10394,7921
2026-09-16 01:00:00+00:00,75746.0,75937.0,75430.0,75464.0,518.60732,8903
2026-09-16 02:00:00+00:00,75464.0,76083.0,75456.0,75859.0,773.3285,8951
2026-09-16 03:00:00+00:00,75859.0,76065.0,75741.0,75798.0,449.99308,7110
2026-09-16 04:00:00+00:00,75798.0,75993.0,75788.0,75843.0,560.7034,6319
2026-09-16 05:00:00+00:00,75843.0,75954.0,75661.0,75943.0,459.36959,7265
2026-09-16 06:00:00+00:00,75943.0,76000.0,75791.0,75999.0,386.5685,6978
2026-09-16 07:00:00+00:00,76000.0,76076.0,75698.0,75742.0,1648.94367,10383
2026-09-16 08:00:00+00:00,75742.0,75742.0,75326.0,75708.0,812.11221,10879
2026-09-16 09:00:00+00:00,75708.0,75971.0,75699.0,75965.0,938.60448,8328
2026-09-16 10:00:00+00:00,75965.0,76020.0,75862.0,75921.0,565.57846,6352
2026-09-16 11:00:00+00:00,75921.0,76275.0,75858.0,76217.0,1079.88686,11630
2026-09-16 12:00:00+00:00,76217.0,76276.0,75758.0,75939.0,1326.83096,11888
2026-09-16 13:00:00+00:00,75939.0,75939.0,75562.0,75629.0,1720.84037,16498
2026-09-16 14:00:00+00:00,75629.0,75812.0,75411.0,75666.0,1749.41996,18078
2026-09-16 15:00:00+00:00,75666.0,75930.0,75531.0,75777.0,811.1644,11832
2026-09-16 16:00:00+00:00,75778.0,75870.0,75632.0,75757.0,616.70674,10050
2026-09-16 17:00:00+00:00,75753.0,75882.0,75321.0,75668.0,2332.26121,18158
2026-09-16 18:00:00+00:00,75670.0,76547.0,75000.0,75601.0,12314.25975,73241
2026-09-16 19:00:00+00:00,75601.0,76157.0,75215.0,76056.0,5513.61158,30519
2026-09-16 20:00:00+00:00,76056.0,76389.0,75987.0,76145.0,2326.58215,15946
2026-09-16 21:00:00+00:00,76145.0,76191.0,75900.0,75935.0,662.35855,7624
2026-09-16 22:00:00+00:00,75935.0,75946.0,75600.0,75643.0,905.46951,10513
2026-09-16 23:00:00+00:00,75643.0,76247.0,75607.0,76180.0,993.03803,9880
2026-09-17 00:00:00+00:00,76180.0,76474.0,76145.0,76305.0,845.3703,9727
2026-09-17 01:00:00+00:00,76306.0,76750.0,76188.0,76339.0,1351.61202,14567
2026-09-17 02:00:00+00:00,76339.0,76460.0,76040.0,76346.0,946.01994,10061
2026-09-17 03:00:00+00:00,76346.0,76500.0,76345.0,76406.0,482.44306,7183
2026-09-17 04:00:00+00:00,76407.0,76576.0,76144.0,76520.0,1002.19489,9950
2026-09-17 05:00:00+00:00,76520.0,76613.0,76274.0,76300.0,823.83175,8139
2026-09-17 06:00:00+00:00,76300.0,76579.0,76273.0,76439.0,1131.4808,7687
2026-09-17 07:00:00+00:00,76438.0,76643.0,76391.0,76424.0,274.30292,6014
2026-09-17 08:00:00+00:00,76426.0,76567.0,76355.0,76547.0,370.27427,5858
2026-09-17 09:00:00+00:00,76547.0,76740.0,76436.0,76437.0,477.85528,8323
2026-09-17 10:00:00+00:00,76436.0,76437.0,76228.0,76370.0,702.90991,7485
2026-09-17 11:00:00+00:00,76370.0,76449.0,76138.0,76448.0,804.40473,9151
2026-09-17 12:00:00+00:00,76448.0,77150.0,76362.0,76701.0,2568.26039,22369
2026-09-17 13:00:00+00:00,76701.0,76857.0,76001.0,76669.0,2857.4161,25446
2026-09-17 14:00:00+00:00,76669.0,77031.0,76359.0,76468.0,2847.9207,25185
2026-09-17 15:00:00+00:00,76469.0,76839.0,76238.0,76736.0,1302.36597,15686
2026-09-17 16:00:00+00:00,76751.0,76786.0,76506.0,76729.0,908.24252,9789
2026-09-17 17:00:00+00:00,76730.0,76943.0,76557.0,76641.0,1308.14222,11317
2026-09-17 18:00:00+00:00,76641.0,76750.0,76429.0,76542.0,643.38468,8093
2026-09-17 19:00:00+00:00,76543.0,76652.0,76470.0,76557.0,534.73737,7335
2026-09-17 20:00:00+00:00,76557.0,76709.0,76466.0,76518.0,328.84318,6452
2026-09-17 21:00:00+00:00,76518.0,76583.0,76363.0,76378.0,511.72798,6764
2026-09-17 22:00:00+00:00,76379.0,76426.0,76210.0,76388.0,635.90608,8733
2026-09-17 23:00:00+00:00,76388.0,76478.0,76353.0,76396.0,339.99695,5986
2026-09-18 00:00:00+00:00,76397.0,76567.0,76259.0,76565.0,512.64013,7696
2026-09-18 01:00:00+00:00,76565.0,76727.0,76486.0,76706.0,441.12834,7336
2026-09-18 02:00:00+00:00,76707.0,76996.0,76606.0,76945.0,559.72664,8812
2026-09-18 03:00:00+00:00,76946.0,77570.0,76941.0,77346.0,2413.67668,19831
2026-09-18 04:00:00+00:00,77346.0,77533.0,77187.0,77533.0,779.16109,9161
2026-09-18 05:00:00+00:00,77533.0,77683.0,77405.0,77455.0,1427.88272,12901
2026-09-18 06:00:00+00:00,77455.0,77642.0,77369.0,77571.0,410.41174,7346
2026-09-18 07:00:00+00:00,77564.0,77820.0,77542.0,77777.0,1568.15626,13621
2026-09-18 08:00:00+00:00,77777.0,78263.0,77638.0,78254.0,2139.04436,17801
2026-09-18 09:00:00+00:00,78254.0,78446.0,78000.0,78181.0,2303.32322,18981
2026-09-18 10:00:00+00:00,78182.0,78355.0,78084.0,78265.0,941.59498,10798
2026-09-18 11:00:00+00:00,78265.0,78419.0,78003.0,78039.0,1707.29221,13426
2026-09-18 12:00:00+00:00,78039.0,78168.0,78000.0,78025.0,1835.87954,13725
2026-09-18 13:00:00+00:00,78026.0,80509.0,78000.0,80061.0,9691.01227,66346
2026-09-18 14:00:00+00:00,80062.0,80994.0,80061.0,80945.0,6545.76056,53547
2026-09-18 15:00:00+00:00,80945.0,81147.0,80501.0,80728.0,3575.38753,32593
2026-09-18 16:00:00+00:00,80728.0,81292.0,80685.0,80876.0,3797.67644,31403
2026-09-18 17:00:00+00:00,80877.0,81042.0,80594.0,81041.0,1409.34447,17959
2026-09-18 18:00:00+00:00,81041.0,81182.0,80827.0,80962.0,1145.26078,13989
2026-09-18 19:00:00+00:00,80962.0,81440.0,80930.0,81228.0,1878.328,18428
2026-09-18 20:00:00+00:00,81227.0,81259.0,80973.0,81137.0,913.99013,11561
2026-09-18 21:00:00+00:00,81137.0,81321.0,81116.0,81260.0,614.04591,8984
2026-09-18 22:00:00+00:00,81260.0,81409.0,81095.0,81158.0,959.08449,9762
2026-09-18 23:00:00+00:00,81159.0,81228.0,80887.0,80916.0,955.33097,9485
2026-09-19 00:00:00+00:00,80917.0,81735.0,80873.0,81730.0,1559.21859,15130
2026-09-19 01:00:00+00:00,81729.0,81799.0,81091.0,81320.0,1076.91826,13062
2026-09-19 02:00:00+00:00,81319.0,81486.0,81301.0,81333.0,585.11892,7234
2026-09-19 03:00:00+00:00,81335.0,81444.0,81164.0,81168.0,263.8325,5682
2026-09-19 04:00:00+00:00,81168.0,81266.0,80960.0,81067.0,434.63253,7226
2026-09-19 05:00:00+00:00,81066.0,81185.0,81051.0,81082.0,203.39218,5218
2026-09-19 06:00:00+00:00,81081.0,81150.0,80984.0,81097.0,272.92561,5561
2026-09-19 07:00:00+00:00,81097.0,81320.0,81079.0,81151.0,374.50428,6315
2026-09-19 08:00:00+00:00,81151.0,81458.0,81120.0,81361.0,401.40581,7434
2026-09-19 09:00:00+00:00,81360.0,81574.0,81294.0,81378.0,445.10619,8181
2026-09-19 10:00:00+00:00,81372.0,81375.0,81250.0,81257.0,183.34172,4962
2026-09-19 11:00:00+00:00,81256.0,81416.0,81247.0,81352.0,650.72616,5582
2026-09-19 12:00:00+00:00,81351.0,81380.0,81259.0,81374.0,335.95233,5191
2026-09-19 13:00:00+00:00,81374.0,81398.0,81212.0,81385.0,780.30502,7536
2026-09-19 14:00:00+00:00,81385.0,81672.0,81364.0,81617.0,1131.34833,12148
2026-09-19 15:00:00+00:00,81617.0,81996.0,81582.0,81687.0,2241.32181,17406
2026-09-19 16:00:00+00:00,81687.0,81942.0,81511.0,81870.0,1088.9956,11162
2026-09-19 17:00:00+00:00,81869.0,81892.0,81462.0,81498.0,788.05638,10181
2026-09-19 18:00:00+00:00,81498.0,81569.0,81341.0,81459.0,573.22479,7970
2026-09-19 19:00:00+00:00,81458.0,81492.0,81348.0,81382.0,283.87349,5387
2026-09-19 20:00:00+00:00,81382.0,81471.0,81097.0,81180.0,1181.89493,10195
2026-09-19 21:00:00+00:00,81180.0,81253.0,80933.0,81119.0,647.0671,9421
2026-09-19 22:00:00+00:00,81119.0,81289.0,81000.0,81287.0,289.0026,5573
2026-09-19 23:00:00+00:00,81286.0,81403.0,81252.0,81292.0,302.18103,4923
2026-09-20 00:00:00+00:00,81292.0,81364.0,81233.0,81330.0,456.33562,5288
2026-09-20 01:00:00+00:00,81328.0,81328.0,81044.0,81125.0,528.89961,6464
2026-09-20 02:00:00+00:00,81125.0,81185.0,80277.0,80360.0,1885.99984,16987
2026-09-20 03:00:00+00:00,80360.0,80550.0,80148.0,80511.0,1959.48362,16288
2026-09-20 04:00:00+00:00,80512.0,80548.0,80330.0,80452.0,579.82906,8861
2026-09-20 05:00:00+00:00,80452.0,80650.0,80420.0,80501.0,315.13508,7506
2026-09-20 06:00:00+00:00,80500.0,80616.0,80224.0,80321.0,457.24277,7940
2026-09-20 07:00:00+00:00,80321.0,80429.0,80296.0,80327.0,322.43249,5624
2026-09-20 08:00:00+00:00,80327.0,80465.0,80172.0,80276.0,713.96944,7382
2026-09-20 09:00:00+00:00,80276.0,80587.0,80252.0,80464.0,331.52763,6136
2026-09-20 10:00:00+00:00,80465.0,80519.0,80312.0,80313.0,528.32769,5961
2026-09-20 11:00:00+00:00,80312.0,80540.0,80279.0,80490.0,627.59002,7414
2026-09-20 12:00:00+00:00,80490.0,80540.0,80333.0,80503.0,353.53529,5961
2026-09-20 13:00:00+00:00,80503.0,80664.0,80437.0,80585.0,607.5619,6639
2026-09-20 14:00:00+00:00,80585.0,80800.0,80414.0,80689.0,993.98109,11972
2026-09-20 15:00:00+00:00,80689.0,80983.0,80670.0,80929.0,876.83284,11419
2026-09-20 16:00:00+00:00,80930.0,81505.0,80801.0,81374.0,2931.4513,23844
2026-09-20 17:00:00+00:00,81374.0,81484.0,81086.0,81179.0,669.26923,12120
2026-09-20 18:00:00+00:00,81179.0,81341.0,81046.0,81054.0,514.91825,8474
2026-09-20 19:00:00+00:00,81055.0,81316.0,81055.0,81207.0,353.04679,6708
2026-09-20 20:00:00+00:00,81207.0,81249.0,81092.0,81102.0,356.02725,5846
2026-09-20 21:00:00+00:00,81103.0,81103.0,80587.0,80965.0,1438.843,12998
2026-09-20 22:00:00+00:00,80965.0,81343.0,80815.0,81261.0,1027.91742,11220
2026-09-20 23:00:00+00:00,81261.0,81374.0,81164.0,81221.0,466.71697,7111
2026-09-21 00:00:00+00:00,81221.0,81893.0,81207.0,81665.0,2526.19566,22799
2026-09-21 01:00:00+00:00,81665.0,82150.0,80888.0,81037.0,3169.48039,25279
2026-09-21 02:00:00+00:00,81036.0,81556.0,80996.0,81357.0,1249.87509,13580
2026-09-21 03:00:00+00:00,81356.0,81626.0,81290.0,81464.0,549.2806,10870
2026-09-21 04:00:00+00:00,81463.0,81551.0,81255.0,81438.0,364.49909,8390
2026-09-21 05:00:00+00:00,81437.0,81837.0,81339.0,81593.0,515.33131,9106
2026-09-21 06:00:00+00:00,81592.0,81902.0,81440.0,81688.0,953.90576,11234
2026-09-21 07:00:00+00:00,81687.0,81772.0,81509.0,81768.0,250.33856,7116
2026-09-21 08:00:00+00:00,81767.0,84371.0,81767.0,83849.0,7915.08003,66599
2026-09-21 09:00:00+00:00,83845.0,85500.0,83775.0,84735.0,6272.33769,65741
2026-09-21 10:00:00+00:00,84734.0,84900.0,84165.0,84478.0,3593.74845,29046
2026-09-21 11:00:00+00:00,84477.0,84950.0,84432.0,84921.0,1321.80564,18053
2026-09-21 12:00:00+00:00,84921.0,85569.0,84865.0,85399.0,5884.64674,55554
2026-09-21 13:00:00+00:00,85399.0,85910.0,84830.0,85524.0,4228.56627,45504
2026-09-21 14:00:00+00:00,85524.0,86212.0,85100.0,85916.0,3884.91152,46564
2026-09-21 15:00:00+00:00,85916.0,86439.0,85900.0,85985.0,3597.78001,32973
2026-09-21 16:00:00+00:00,85985.0,86188.0,85660.0,86011.0,1213.9303,18339
2026-09-21 17:00:00+00:00,86010.0,86172.0,85727.0,85946.0,1350.58764,14341
2026-09-21 18:00:00+00:00,85946.0,86151.0,85857.0,86122.0,1360.54849,14111
2026-09-21 19:00:00+00:00,86121.0,86954.0,86037.0,86566.0,3410.48697,27877
2026-09-21 20:00:00+00:00,86566.0,87471.0,86566.0,87047.0,4329.2012,31381
2026-09-21 21:00:00+00:00,87046.0,87047.0,86590.0,86621.0,1192.46068,14985
2026-09-21 22:00:00+00:00,86620.0,86798.0,86338.0,86489.0,814.39646,12871
2026-09-21 23:00:00+00:00,86488.0,86737.0,86409.0,86662.0,455.31575,9548
2026-09-22 00:00:00+00:00,86662.0,86680.0,85892.0,85933.0,1192.05462,18338
2026-09-22 01:00:00+00:00,85932.0,86017.0,85440.0,85658.0,2060.75221,21743
2026-09-22 02:00:00+00:00,85658.0,85919.0,85444.0,85768.0,1770.87751,18346
2026-09-22 03:00:00+00:00,85767.0,85800.0,85342.0,85747.0,996.13307,12789
2026-09-22 04:00:00+00:00,85747.0,85791.0,85470.0,85503.0,562.93098,10193
2026-09-22 05:00:00+00:00,85502.0,85663.0,85158.0,85455.0,1208.66153,15091
2026-09-22 06:00:00+00:00,85454.0,85630.0,85296.0,85426.0,587.40373,10641
2026-09-22 07:00:00+00:00,85425.0,85556.0,85214.0,85407.0,804.54263,11699
2026-09-22 08:00:00+00:00,85408.0,86418.0,85380.0,86263.0,3375.58155,28745
2026-09-22 09:00:00+00:00,86262.0,86348.0,85720.0,86319.0,2174.93599,19733
2026-09-22 10:00:00+00:00,86320.0,86326.0,85812.0,85973.0,998.93292,12112
2026-09-22 11:00:00+00:00,85968.0,86200.0,85830.0,86043.0,818.28409,18927
2026-09-22 12:00:00+00:00,86043.0,86243.0,85836.0,86085.0,860.79427,13340
2026-09-22 13:00:00+00:00,86085.0,86435.0,85600.0,86396.0,1837.9494,21111
2026-09-22 14:00:00+00:00,86396.0,86499.0,85483.0,86316.0,2852.14151,28603
2026-09-22 15:00:00+00:00,86316.0,86762.0,86163.0,86453.0,1943.94075,20084
2026-09-22 16:00:00+00:00,86453.0,86636.0,86102.0,86468.0,1311.20253,15652
2026-09-22 17:00:00+00:00,86467.0,86707.0,86281.0,86614.0,1777.25428,13528
2026-09-22 18:00:00+00:00,86613.0,86689.0,86294.0,86500.0,722.42725,10295
2026-09-22 19:00:00+00:00,86500.0,86633.0,86185.0,86227.0,1089.49809,11377
2026-09-22 20:00:00+00:00,86228.0,86419.0,86169.0,86287.0,509.69125,7318
2026-09-22 21:00:00+00:00,86293.0,86383.0,86207.0,86222.0,677.18307,7004
2026-09-22 22:00:00+00:00,86222.0,86325.0,86050.0,86147.0,953.87306,9826
2026-09-22 23:00:00+00:00,86147.0,86553.0,86123.0,86237.0,1032.71364,9832
2026-09-23 00:00:00+00:00,86237.0,86638.0,86174.0,86509.0,1033.47437,10190
2026-09-23 01:00:00+00:00,86509.0,86890.0,86224.0,86419.0,1420.62425,12782
2026-09-23 02:00:00+00:00,86418.0,86685.0,86306.0,86595.0,630.28428,18318
2026-09-23 03:00:00+00:00,86595.0,87000.0,86471.0,86761.0,1215.4171,13226
2026-09-23 04:00:00+00:00,86760.0,87333.0,86683.0,87217.0,1961.56253,17088
2026-09-23 05:00:00+00:00,87217.0,87217.0,86466.0,86556.0,1697.42896,14731
2026-09-23 06:00:00+00:00,86555.0,86673.0,86437.0,86542.0,574.13118,8856
2026-09-23 07:00:00+00:00,86542.0,86542.0,86051.0,86178.0,1024.13072,12601
2026-09-23 08:00:00+00:00,86179.0,86319.0,85735.0,85956.0,1235.32877,14433
2026-09-23 09:00:00+00:00,85956.0,86065.0,85785.0,85904.0,882.73543,11496
2026-09-23 10:00:00+00:00,85905.0,85976.0,85700.0,85966.0,919.19314,19244
2026-09-23 11:00:00+00:00,85967.0,86006.0,85468.0,85702.0,1368.07313,15451
2026-09-23 12:00:00+00:00,85701.0,85723.0,85282.0,85545.0,1616.4112,16032
2026-09-23 13:00:00+00:00,85546.0,85922.0,85325.0,85845.0,1238.73158,17281
2026-09-23 14:00:00+00:00,85845.0,85985.0,83844.0,84548.0,14850.77238,91791
2026-09-23 15:00:00+00:00,84548.0,84800.0,83924.0,83989.0,3601.45856,29619
2026-09-23 16:00:00+00:00,83989.0,84333.0,83440.0,84016.0,6734.98419,43990
2026-09-23 17:00:00+00:00,84019.0,84370.0,83693.0,84295.0,2065.96201,22081
2026-09-23 18:00:00+00:00,84295.0,84397.0,84102.0,84293.0,1116.97876,12253
2026-09-23 19:00:00+00:00,84294.0,84537.0,84186.0,84488.0,625.08633,10037
2026-09-23 20:00:00+00:00,84487.0,84536.0,84182.0,84206.0,911.45113,11431
2026-09-23 21:00:00+00:00,84207.0,84489.0,84172.0,84391.0,496.9218,7973
2026-09-23 22:00:00+00:00,84391.0,84650.0,84306.0,84538.0,976.19408,10173
2026-09-23 23:00:00+00:00,84538.0,84544.0,84314.0,84366.0,614.79929,6625
2026-09-24 00:00:00+00:00,84365.0,84469.0,84190.0,84298.0,915.80466,9508
2026-09-24 01:00:00+00:00,84298.0,84448.0,84029.0,84072.0,1145.86849,10360
2026-09-24 02:00:00+00:00,84072.0,84328.0,83599.0,84322.0,3816.48086,23606
2026-09-24 03:00:00+00:00,84322.0,84437.0,83806.0,83894.0,932.87023,11780
2026-09-24 04:00:00+00:00,83894.0,84011.0,83737.0,84005.0,604.4524,9688
2026-09-24 05:00:00+00:00,84005.0,84360.0,83907.0,83932.0,738.11897,8780
2026-09-24 06:00:00+00:00,83932.0,84186.0,83854.0,84064.0,746.38395,9394
2026-09-24 07:00:00+00:00,84064.0,84578.0,83904.0,84483.0,1990.2766,14978
2026-09-24 08:00:00+00:00,84484.0,84587.0,83203.0,83623.0,3956.76829,26918
2026-09-24 09:00:00+00:00,83624.0,83697.0,82835.0,83223.0,4486.53735,28696
2026-09-24 10:00:00+00:00,83224.0,83540.0,83121.0,83484.0,1841.14929,13975
2026-09-24 11:00:00+00:00,83484.0,83586.0,83366.0,83464.0,840.80251,9471
2026-09-24 12:00:00+00:00,83464.0,83650.0,83303.0,83573.0,1028.68672,11687
2026-09-24 13:00:00+00:00,83572.0,84321.0,83572.0,84239.0,3513.97375,27288
2026-09-24 14:00:00+00:00,84240.0,84925.0,83351.0,83649.0,5421.83084,41400
2026-09-24 15:00:00+00:00,83645.0,84459.0,83465.0,84407.0,4441.42929,22782
2026-09-24 16:00:00+00:00,84407.0,84919.0,84012.0,84471.0,3666.02195,25637
2026-09-24 17:00:00+00:00,84471.0,84540.0,83980.0,84086.0,2051.19197,16024
2026-09-24 18:00:00+00:00,84086.0,84527.0,83850.0,84445.0,1815.18708,14825
2026-09-24 19:00:00+00:00,84445.0,84641.0,84271.0,84399.0,857.58556,11092
2026-09-24 20:00:00+00:00,84392.0,84447.0,84133.0,84348.0,647.53939,8378
2026-09-24 21:00:00+00:00,84349.0,84485.0,84267.0,84325.0,448.04683,6443
2026-09-24 22:00:00+00:00,84326.0,84342.0,83891.0,84256.0,2466.33478,14743
2026-09-24 23:00:00+00:00,84256.0,84445.0,84242.0,84385.0,259.40536,5696
2026-09-25 00:00:00+00:00,84386.0,84688.0,84385.0,84581.0,711.81021,9165
2026-09-25 01:00:00+00:00,84581.0,84777.0,84333.0,84589.0,660.54669,7993
2026-09-25 02:00:00+00:00,84589.0,84876.0,84149.0,84203.0,1222.77447,12359
2026-09-25 03:00:00+00:00,84211.0,84378.0,84052.0,84221.0,1470.69911,9951
2026-09-25 04:00:00+00:00,84221.0,84285.0,84050.0,84198.0,1310.9231,8933
2026-09-25 05:00:00+00:00,84199.0,84339.0,84081.0,84186.0,362.56677,5287
2026-09-25 06:00:00+00:00,84186.0,84279.0,83930.0,84029.0,459.08346,7515
2026-09-25 07:00:00+00:00,84030.0,84091.0,83742.0,84027.0,1076.85492,10795
2026-09-25 08:00:00+00:00,84027.0,84499.0,84024.0,84401.0,780.97698,10031
2026-09-25 09:00:00+00:00,84401.0,84830.0,84401.0,84556.0,877.0556,11124
2026-09-25 10:00:00+00:00,84556.0,84853.0,84366.0,84700.0,1259.61354,11671
2026-09-25 11:00:00+00:00,84701.0,85277.0,84563.0,84567.0,2747.15709,25915
2026-09-25 12:00:00+00:00,84568.0,84700.0,83859.0,84450.0,4023.78666,24060
2026-09-25 13:00:00+00:00,84450.0,84558.0,83508.0,83911.0,3954.05448,26409
2026-09-25 14:00:00+00:00,83912.0,84039.0,83133.0,84010.0,3997.94344,35095
2026-09-25 15:00:00+00:00,84010.0,84097.0,83328.0,83772.0,2718.73729,20343
2026-09-25 16:00:00+00:00,83772.0,84114.0,83700.0,83728.0,1753.01762,15687
2026-09-25 17:00:00+00:00,83737.0,83977.0,83600.0,83767.0,910.98068,8461
2026-09-25 18:00:00+00:00,83766.0,84074.0,83766.0,83944.0,850.85586,8029
2026-09-25 19:00:00+00:00,83944.0,84053.0,83896.0,83988.0,617.39315,7578
2026-09-25 20:00:00+00:00,83988.0,84173.0,83799.0,83859.0,384.42245,6414
2026-09-25 21:00:00+00:00,83860.0,83898.0,83580.0,83765.0,1366.8225,10462
2026-09-25 22:00:00+00:00,83765.0,84103.0,83729.0,84037.0,499.00652,7826
2026-09-25 23:00:00+00:00,84037.0,84068.0,83983.0,84066.0,207.04902,4697
2026-09-26 00:00:00+00:00,84066.0,84100.0,83748.0,83871.0,659.81228,6900
2026-09-26 01:00:00+00:00,83871.0,84048.0,83863.0,84040.0,200.4821,3992
2026-09-26 02:00:00+00:00,84040.0,84111.0,83956.0,83981.0,216.03376,3896
2026-09-26 03:00:00+00:00,83981.0,84019.0,83874.0,83905.0,541.54031,5013
2026-09-26 04:00:00+00:00,83905.0,84009.0,83816.0,83949.0,209.15761,3973
2026-09-26 05:00:00+00:00,83948.0,83965.0,83853.0,83891.0,180.67648,3837
2026-09-26 06:00:00+00:00,83891.0,83941.0,83843.0,83865.0,124.28773,3632
2026-09-26 07:00:00+00:00,83865.0,84091.0,83864.0,84076.0,280.4493,4247
2026-09-26 08:00:00+00:00,84076.0,84321.0,83992.0,84191.0,955.41617,9451
2026-09-26 09:00:00+00:00,84191.0,84191.0,83929.0,83976.0,605.25085,6460
2026-09-26 10:00:00+00:00,83984.0,84167.0,83983.0,84148.0,557.75268,5699
2026-09-26 11:00:00+00:00,84148.0,84180.0,84088.0,84142.0,322.88472,4374
2026-09-26 12:00:00+00:00,84142.0,84176.0,84002.0,84026.0,432.32971,4867
2026-09-26 13:00:00+00:00,84020.0,84086.0,83819.0,83915.0,510.2525,6073
2026-09-26 14:00:00+00:00,83915.0,84019.0,83885.0,83989.0,89.47826,4853
2026-09-26 15:00:00+00:00,83989.0,84163.0,83976.0,84133.0,440.62016,5241
2026-09-26 16:00:00+00:00,84134.0,84134.0,84061.0,84078.0,185.61963,4031
2026-09-26 17:00:00+00:00,84078.0,84110.0,84001.0,84110.0,217.24168,3638
2026-09-26 18:00:00+00:00,84110.0,84148.0,83943.0,83968.0,780.51428,5175
2026-09-26 19:00:00+00:00,83968.0,84018.0,83935.0,83981.0,203.09889,3315
2026-09-26 20:00:00+00:00,83982.0,84053.0,83797.0,83995.0,689.45068,6190
2026-09-26 21:00:00+00:00,83995.0,84219.0,83988.0,84125.0,833.09907,7624
2026-09-26 22:00:00+00:00,84125.0,84404.0,84124.0,84251.0,677.19101,7224
2026-09-26 23:00:00+00:00,84251.0,84444.0,84250.0,84413.0,723.30452,7229
2026-09-27 00:00:00+00:00,84414.0,84422.0,84224.0,84284.0,355.67965,4830
2026-09-27 01:00:00+00:00,84284.0,84550.0,84249.0,84471.0,191.93956,4929
2026-09-27 02:00:00+00:00,84471.0,84515.0,84416.0,84428.0,227.88675,4511
2026-09-27 03:00:00+00:00,84428.0,84494.0,84345.0,84382.0,253.44323,4470
2026-09-27 04:00:00+00:00,84383.0,84487.0,84277.0,84310.0,196.00216,4654
2026-09-27 05:00:00+00:00,84311.0,84616.0,84300.0,84450.0,285.33355,5447
2026-09-27 06:00:00+00:00,84451.0,84614.0,84442.0,84496.0,318.82944,5250
2026-09-27 07:00:00+00:00,84492.0,84774.0,84457.0,84770.0,351.1907,6143
2026-09-27 08:00:00+00:00,84770.0,84869.0,84668.0,84777.0,1293.07605,10599
2026-09-27 09:00:00+00:00,84777.0,84944.0,84563.0,84926.0,841.22455,8579
2026-09-27 10:00:00+00:00,84926.0,85100.0,84763.0,84851.0,1035.3959,9867
2026-09-27 11:00:00+00:00,84851.0,84938.0,84813.0,84881.0,388.58939,5262
2026-09-27 12:00:00+00:00,84881.0,85026.0,84769.0,84769.0,536.96426,6297
2026-09-27 13:00:00+00:00,84770.0,85138.0,84608.0,85006.0,965.04302,12958
2026-09-27 14:00:00+00:00,85007.0,85031.0,84408.0,84501.0,816.07084,13035
2026-09-27 15:00:00+00:00,84502.0,84611.0,84313.0,84434.0,790.58406,10360
2026-09-27 16:00:00+00:00,84434.0,84642.0,84338.0,84401.0,348.16591,6375
2026-09-27 17:00:00+00:00,84401.0,84556.0,84299.0,84555.0,230.41403,4908
2026-09-27 18:00:00+00:00,84555.0,84800.0,84539.0,84798.0,323.0483,5506
2026-09-27 19:00:00+00:00,84798.0,84829.0,84624.0,84703.0,639.82809,6880
2026-09-27 20:00:00+00:00,84703.0,84767.0,84502.0,84503.0,834.26291,6320
2026-09-27 21:00:00+00:00,84503.0,84694.0,84419.0,84644.0,389.94988,5697
2026-09-27 22:00:00+00:00,84644.0,84738.0,84082.0,84160.0,1757.69621,13896
2026-09-27 23:00:00+00:00,84160.0,84507.0,84087.0,84437.0,1159.15205,9027
2026-09-28 00:00:00+00:00,84438.0,84978.0,84085.0,84085.0,1048.67945,14745
2026-09-28 01:00:00+00:00,84086.0,84188.0,83553.0,83651.0,2180.26702,19755
2026-09-28 02:00:00+00:00,83652.0,83743.0,83350.0,83367.0,1965.27621,15410
2026-09-28 03:00:00+00:00,83373.0,83485.0,83162.0,83295.0,997.456,12288
2026-09-28 04:00:00+00:00,83296.0,83478.0,83187.0,83451.0,552.60746,7197
2026-09-28 05:00:00+00:00,83450.0,83492.0,82642.0,83143.0,2122.1265,18208
2026-09-28 06:00:00+00:00,83143.0,83252.0,83001.0,83125.0,578.9228,8076
2026-09-28 07:00:00+00:00,83126.0,83256.0,82884.0,82922.0,1325.41682,11748
2026-09-28 08:00:00+00:00,82922.0,83121.0,82754.0,82934.0,1003.73737,11618
2026-09-28 09:00:00+00:00,82934.0,82978.0,82562.0,82630.0,1199.60638,12616
2026-09-28 10:00:00+00:00,82630.0,83025.0,82630.0,82939.0,518.48407,8146
2026-09-28 11:00:00+00:00,82933.0,83102.0,82933.0,83068.0,823.22235,8503
2026-09-28 12:00:00+00:00,83068.0,83626.0,82995.0,83556.0,1609.09171,16868
2026-09-28 13:00:00+00:00,83556.0,83815.0,83289.0,83620.0,1590.95507,17478
2026-09-28 14:00:00+00:00,83620.0,83620.0,82551.0,83003.0,2941.92001,28045
2026-09-28 15:00:00+00:00,83003.0,83386.0,82766.0,83364.0,1369.29218,15361
2026-09-28 16:00:00+00:00,83356.0,84188.0,83226.0,83702.0,3396.33958,27903
2026-09-28 17:00:00+00:00,83703.0,84370.0,83550.0,83862.0,1267.41333,17739
2026-09-28 18:00:00+00:00,83862.0,84044.0,83788.0,84037.0,451.57113,8118
2026-09-28 19:00:00+00:00,84038.0,84038.0,83050.0,83354.0,2979.44215,20224
2026-09-28 20:00:00+00:00,83354.0,83569.0,83224.0,83502.0,602.23343,7480
2026-09-28 21:00:00+00:00,83502.0,83630.0,83171.0,83179.0,690.22303,7758
2026-09-28 22:00:00+00:00,83179.0,83508.0,83050.0,83507.0,1008.36373,11167
2026-09-28 23:00:00+00:00,83508.0,83596.0,83400.0,83457.0,516.25824,5826
2026-09-29 00:00:00+00:00,83458.0,83579.0,83139.0,83140.0,664.20409,7839
2026-09-29 01:00:00+00:00,83140.0,83196.0,82732.0,83031.0,1286.78337,12751
2026-09-29 02:00:00+00:00,83030.0,83115.0,82851.0,82923.0,438.97281,7392
2026-09-29 03:00:00+00:00,82923.0,83178.0,82830.0,83032.0,472.46164,6271
2026-09-29 04:00:00+00:00,83031.0,83258.0,82985.0,83167.0,311.0278,5522
2026-09-29 05:00:00+00:00,83167.0,83399.0,82924.0,83397.0,573.50385,8593
2026-09-29 06:00:00+00:00,83397.0,83970.0,83383.0,83965.0,957.85272,12792
2026-09-29 07:00:00+00:00,83965.0,84170.0,83829.0,83936.0,692.07393,10140
2026-09-29 08:00:00+00:00,83937.0,84334.0,83752.0,83830.0,1241.29876,11587
2026-09-29 09:00:00+00:00,83831.0,84311.0,83716.0,84213.0,926.2508,8781
2026-09-29 10:00:00+00:00,84214.0,84286.0,83939.0,83986.0,515.5994,7149
2026-09-29 11:00:00+00:00,83987.0,84469.0,83881.0,84312.0,1121.11319,11275
2026-09-29 12:00:00+00:00,84313.0,84455.0,84095.0,84306.0,1726.46448,12983
2026-09-29 13:00:00+00:00,84306.0,84522.0,83975.0,84189.0,2289.40951,17511
2026-09-29 14:00:00+00:00,84186.0,84260.0,83650.0,83724.0,2196.78458,20148
2026-09-29 15:00:00+00:00,83724.0,83724.0,82858.0,83048.0,3936.88441,33590
2026-09-29 16:00:00+00:00,83052.0,83283.0,82880.0,83035.0,1441.60104,12928
2026-09-29 17:00:00+00:00,83035.0,83193.0,82951.0,83049.0,408.6901,8208
2026-09-29 18:00:00+00:00,83050.0,83678.0,83050.0,83621.0,933.06542,17071
2026-09-29 19:00:00+00:00,83622.0,83679.0,83374.0,83565.0,962.97621,9615
2026-09-29 20:00:00+00:00,83571.0,83627.0,83474.0,83587.0,180.05427,4567
2026-09-29 21:00:00+00:00,83587.0,83587.0,83334.0,83464.0,837.87334,7788
2026-09-29 22:00:00+00:00,83465.0,83697.0,83464.0,83573.0,648.69592,8004
2026-09-29 23:00:00+00:00,83573.0,83801.0,83568.0,83620.0,489.27094,6156
2026-09-30 00:00:00+00:00,83620.0,83689.0,83301.0,83411.0,656.57928,8016
2026-09-30 01:00:00+00:00,83412.0,83521.0,83294.0,83405.0,381.18808,5677
2026-09-30 02:00:00+00:00,83405.0,83581.0,83250.0,83344.0,302.27044,6077
2026-09-30 03:00:00+00:00,83349.0,83399.0,83133.0,83271.0,698.61482,7729
2026-09-30 04:00:00+00:00,83271.0,83390.0,83161.0,83166.0,633.37814,6440
2026-09-30 05:00:00+00:00,83166.0,83483.0,83135.0,83338.0,761.97536,7858
2026-09-30 06:00:00+00:00,83338.0,83396.0,82922.0,83007.0,1346.55667,11410
2026-09-30 07:00:00+00:00,83006.0,83423.0,82914.0,83258.0,507.6583,10343
2026-09-30 08:00:00+00:00,83259.0,83295.0,82987.0,83023.0,662.16465,12718
2026-09-30 09:00:00+00:00,83023.0,83769.0,83010.0,83589.0,1377.31812,22615
2026-09-30 10:00:00+00:00,83589.0,83915.0,83588.0,83873.0,1223.13396,14167
2026-09-30 11:00:00+00:00,83873.0,83942.0,83642.0,83878.0,722.63222,11826
2026-09-30 12:00:00+00:00,83878.0,85500.0,83720.0,85262.0,6305.23515,43841
2026-09-30 13:00:00+00:00,85263.0,85645.0,84017.0,84630.0,5262.59081,57714
2026-09-30 14:00:00+00:00,84630.0,84631.0,83342.0,83789.0,4813.51318,47628
2026-09-30 15:00:00+00:00,83788.0,84281.0,83668.0,84121.0,1650.68369,18610
2026-09-30 16:00:00+00:00,84122.0,84493.0,84121.0,84342.0,1180.38607,16938
2026-09-30 17:00:00+00:00,84342.0,84427.0,83910.0,84011.0,961.01225,12917
2026-09-30 18:00:00+00:00,84012.0,84066.0,83770.0,83926.0,824.03744,11155
2026-09-30 19:00:00+00:00,83925.0,83950.0,83475.0,83587.0,1488.86441,14681
2026-09-30 20:00:00+00:00,83586.0,83762.0,83513.0,83663.0,726.19689,9180
2026-09-30 21:00:00+00:00,83664.0,83826.0,83664.0,83748.0,587.60311,8718
2026-09-30 22:00:00+00:00,83749.0,83856.0,83576.0,83683.0,503.71871,7044
2026-09-30 23:00:00+00:00,83682.0,83844.0,83507.0,83607.0,1060.4744,8717
2026-10-01 00:00:00+00:00,83607.0,83648.0,83400.0,83486.0,706.2241,8003
2026-10-01 01:00:00+00:00,83487.0,83670.0,83466.0,83501.0,474.7189,7944
2026-10-01 02:00:00+00:00,83500.0,83647.0,83389.0,83467.0,266.00019,5824
2026-10-01 03:00:00+00:00,83466.0,83760.0,83399.0,83733.0,450.26181,5953
2026-10-01 04:00:00+00:00,83733.0,84182.0,83700.0,84094.0,1043.12066,10960
2026-10-01 05:00:00+00:00,84093.0,84354.0,84003.0,84278.0,461.33978,8829
2026-10-01 06:00:00+00:00,84278.0,84383.0,84084.0,84095.0,469.19291,7374
2026-10-01 07:00:00+00:00,84096.0,84196.0,83301.0,83388.0,1734.80058,17974
2026-10-01 08:00:00+00:00,83388.0,83540.0,83133.0,83535.0,1128.13826,13038
2026-10-01 09:00:00+00:00,83535.0,83865.0,83530.0,83744.0,785.09703,9430
2026-10-01 10:00:00+00:00,83745.0,84061.0,83377.0,83928.0,1251.02506,12390
2026-10-01 11:00:00+00:00,83929.0,84022.0,83752.0,83876.0,409.06638,7437
2026-10-01 12:00:00+00:00,83875.0,84029.0,83630.0,83708.0,505.49395,8504
2026-10-01 13:00:00+00:00,83708.0,84000.0,83425.0,83930.0,2126.195,20313
2026-10-01 14:00:00+00:00,83923.0,84320.0,83514.0,84019.0,2252.10056,25675
2026-10-01 15:00:00+00:00,84019.0,84298.0,83789.0,84125.0,1403.88777,17812
2026-10-01 16:00:00+00:00,84126.0,84600.0,84023.0,84170.0,1472.01506,18637
2026-10-01 17:00:00+00:00,84170.0,85053.0,84164.0,84871.0,2353.39691,25790
2026-10-01 18:00:00+00:00,84871.0,85250.0,84633.0,84769.0,2041.64783,20910
2026-10-01 19:00:00+00:00,84768.0,84866.0,84528.0,84623.0,1754.93638,13521
2026-10-01 20:00:00+00:00,84624.0,84827.0,84519.0,84587.0,677.65854,8577
2026-10-01 21:00:00+00:00,84586.0,84647.0,84447.0,84500.0,554.01459,6504
2026-10-01 22:00:00+00:00,84501.0,84746.0,84500.0,84715.0,474.56999,7126
2026-10-01 23:00:00+00:00,84715.0,84866.0,84601.0,84837.0,390.58115,5611
2026-10-02 00:00:00+00:00,84837.0,84910.0,84666.0,84749.0,597.10273,8612
2026-10-02 01:00:00+00:00,84754.0,84966.0,84480.0,84876.0,458.57522,7897
2026-10-02 02:00:00+00:00,84877.0,85175.0,84823.0,85163.0,1000.85094,10969
2026-10-02 03:00:00+00:00,85163.0,85534.0,85160.0,85481.0,1188.33487,14407
2026-10-02 04:00:00+00:00,85481.0,86874.0,85425.0,86627.0,3895.63668,34018
2026-10-02 05:00:00+00:00,86627.0,86643.0,85856.0,85972.0,1642.51674,15643
2026-10-02 06:00:00+00:00,85972.0,86081.0,85850.0,85963.0,614.26764,9673
2026-10-02 07:00:00+00:00,85963.0,86144.0,85737.0,86076.0,961.3463,10415
2026-10-02 08:00:00+00:00,86075.0,86613.0,86045.0,86213.0,1628.14194,16271
2026-10-02 09:00:00+00:00,86213.0,86417.0,86089.0,86338.0,1157.23156,12199
2026-10-02 10:00:00+00:00,86338.0,86489.0,86146.0,86273.0,757.49914,9049
2026-10-02 11:00:00+00:00,86272.0,86535.0,86260.0,86398.0,829.78108,10839
2026-10-02 12:00:00+00:00,86397.0,87235.0,86280.0,86801.0,4210.13512,32183
2026-10-02 13:00:00+00:00,86801.0,87162.0,86451.0,86540.0,3157.09569,26808
2026-10-02 14:00:00+00:00,86540.0,86822.0,85324.0,85668.0,4485.05505,35448
2026-10-02 15:00:00+00:00,85667.0,85736.0,85133.0,85317.0,3806.54064,25104
2026-10-02 16:00:00+00:00,85317.0,85497.0,85000.0,85152.0,1381.01878,16223
2026-10-02 17:00:00+00:00,85152.0,85256.0,84505.0,84774.0,2492.55469,22347
2026-10-02 18:00:00+00:00,84775.0,84886.0,83846.0,84232.0,3160.84978,27287
2026-10-02 19:00:00+00:00,84233.0,84313.0,83942.0,84281.0,1507.18034,14606
2026-10-02 20:00:00+00:00,84281.0,84513.0,84192.0,84422.0,884.02892,11269
2026-10-02 21:00:00+00:00,84422.0,84509.0,84375.0,84473.0,477.59504,6643
2026-10-02 22:00:00+00:00,84474.0,84520.0,84415.0,84520.0,485.56371,5913
2026-10-02 23:00:00+00:00,84520.0,84538.0,84443.0,84482.0,236.66131,4522
2026-10-03 00:00:00+00:00,84483.0,84645.0,84410.0,84613.0,457.48006,7067
2026-10-03 01:00:00+00:00,84613.0,84684.0,84574.0,84601.0,247.54899,5010
2026-10-03 02:00:00+00:00,84601.0,84665.0,84562.0,84563.0,112.39282,4052
2026-10-03 03:00:00+00:00,84563.0,84657.0,84483.0,84657.0,198.09893,4646
2026-10-03 04:00:00+00:00,84658.0,84690.0,84481.0,84545.0,206.62844,5074
2026-10-03 05:00:00+00:00,84546.0,84620.0,84506.0,84597.0,168.48236,3727
2026-10-03 06:00:00+00:00,84599.0,84637.0,84512.0,84539.0,153.6956,3559
2026-10-03 07:00:00+00:00,84539.0,84620.0,84529.0,84529.0,84.63917,3531
2026-10-03 08:00:00+00:00,84529.0,84612.0,84517.0,84575.0,85.96925,3770
2026-10-03 09:00:00+00:00,84572.0,84610.0,84544.0,84549.0,70.74227,2332
2026-10-03 10:00:00+00:00,84549.0,84600.0,84534.0,84600.0,98.4072,2129
2026-10-03 11:00:00+00:00,84597.0,84600.0,84579.0,84600.0,8.13278,264
