ts,o,h,l,c,v,n
2026-08-12 08:45:00+00:00,63747.0,63791.0,63747.0,63764.0,26.28184,1338
2026-08-12 09:00:00+00:00,63763.0,63832.0,63740.0,63824.0,32.92944,1168
2026-08-12 09:15:00+00:00,63823.0,63972.0,63823.0,63951.0,990.02602,4642
2026-08-12 09:30:00+00:00,63951.0,64054.0,63951.0,64011.0,517.72491,4214
2026-08-12 09:45:00+00:00,64010.0,64086.0,64000.0,64082.0,486.44367,2481
2026-08-12 10:00:00+00:00,64083.0,64200.0,64072.0,64103.0,739.54401,4622
2026-08-12 10:15:00+00:00,64103.0,64110.0,64037.0,64039.0,300.26871,2377
2026-08-12 10:30:00+00:00,64038.0,64136.0,64038.0,64116.0,119.70778,1505
2026-08-12 10:45:00+00:00,64115.0,64131.0,64057.0,64114.0,77.46923,1208
2026-08-12 11:00:00+00:00,64114.0,64187.0,64086.0,64112.0,68.45112,1488
2026-08-12 11:15:00+00:00,64111.0,64175.0,64107.0,64175.0,54.31083,1178
2026-08-12 11:30:00+00:00,64174.0,64190.0,64133.0,64163.0,140.68174,1407
2026-08-12 11:45:00+00:00,64162.0,64217.0,64161.0,64207.0,203.50253,1885
2026-08-12 12:00:00+00:00,64207.0,64288.0,64135.0,64240.0,1520.91177,4429
2026-08-12 12:15:00+00:00,64236.0,64416.0,64234.0,64387.0,832.11411,5326
2026-08-12 12:30:00+00:00,64388.0,64487.0,64024.0,64076.0,1575.34276,10062
2026-08-12 12:45:00+00:00,64075.0,64160.0,63939.0,64101.0,854.72135,5014
2026-08-12 13:00:00+00:00,64101.0,64142.0,63916.0,63964.0,470.54548,3344
2026-08-12 13:15:00+00:00,63964.0,64022.0,63887.0,63936.0,376.7915,3074
2026-08-12 13:30:00+00:00,63936.0,63996.0,63843.0,63966.0,905.85149,5252
2026-08-12 13:45:00+00:00,63965.0,64060.0,63811.0,63820.0,443.18545,4021
2026-08-12 14:00:00+00:00,63819.0,63904.0,63588.0,63771.0,1501.97575,11822
2026-08-12 14:15:00+00:00,63771.0,63811.0,63624.0,63638.0,520.80252,3508
2026-08-12 14:30:00+00:00,63633.0,63679.0,63503.0,63590.0,965.61617,5753
2026-08-12 14:45:00+00:00,63590.0,63624.0,63334.0,63340.0,828.81556,6282
2026-08-12 15:00:00+00:00,63341.0,63516.0,63297.0,63482.0,707.25242,4885
2026-08-12 15:15:00+00:00,63482.0,63520.0,63426.0,63475.0,185.73444,2534
2026-08-12 15:30:00+00:00,63475.0,63565.0,63378.0,63513.0,465.94184,3287
2026-08-12 15:45:00+00:00,63513.0,63541.0,63400.0,63424.0,335.82578,2768
2026-08-12 16:00:00+00:00,63424.0,63486.0,63350.0,63461.0,178.13784,2474
2026-08-12 16:15:00+00:00,63462.0,63550.0,63445.0,63550.0,370.4882,2658
2026-08-12 16:30:00+00:00,63550.0,63571.0,63489.0,63504.0,114.0736,1790
2026-08-12 16:45:00+00:00,63504.0,63504.0,63453.0,63472.0,136.63992,1725
2026-08-12 17:00:00+00:00,63472.0,63525.0,63459.0,63521.0,63.1229,1454
2026-08-12 17:15:00+00:00,63521.0,63536.0,63405.0,63427.0,165.8598,1966
2026-08-12 17:30:00+00:00,63427.0,63493.0,63400.0,63457.0,39.33489,1389
2026-08-12 17:45:00+00:00,63457.0,63517.0,63434.0,63456.0,46.88453,1275
2026-08-12 18:00:00+00:00,63456.0,63487.0,63409.0,63460.0,46.07488,1339
2026-08-12 18:15:00+00:00,63461.0,63461.0,63359.0,63411.0,182.47283,1863
2026-08-12 18:30:00+00:00,63412.0,63501.0,63403.0,63424.0,119.21704,1527
2026-08-12 18:45:00+00:00,63424.0,63424.0,63358.0,63367.0,49.46237,1241
2026-08-12 19:00:00+00:00,63367.0,63416.0,63361.0,63366.0,44.98745,1353
2026-08-12 19:15:00+00:00,63366.0,63450.0,63286.0,63362.0,451.96006,3109
2026-08-12 19:30:00+00:00,63362.0,63388.0,63322.0,63322.0,105.06476,1778
2026-08-12 19:45:00+00:00,63323.0,63423.0,63306.0,63417.0,296.6758,2251
2026-08-12 20:00:00+00:00,63416.0,63510.0,63408.0,63451.0,272.68762,2025
2026-08-12 20:15:00+00:00,63451.0,63503.0,63411.0,63494.0,89.62043,1513
2026-08-12 20:30:00+00:00,63495.0,63555.0,63494.0,63527.0,221.8147,2088
2026-08-12 20:45:00+00:00,63527.0,63586.0,63509.0,63586.0,296.42168,2100
2026-08-12 21:00:00+00:00,63585.0,63636.0,63534.0,63564.0,242.01943,2367
2026-08-12 21:15:00+00:00,63563.0,63574.0,63450.0,63469.0,272.38017,2115
2026-08-12 21:30:00+00:00,63469.0,63531.0,63408.0,63517.0,441.64058,2308
2026-08-12 21:45:00+00:00,63518.0,63560.0,63440.0,63457.0,175.52871,1685
2026-08-12 22:00:00+00:00,63457.0,63528.0,63420.0,63482.0,148.53762,1901
2026-08-12 22:15:00+00:00,63483.0,63517.0,63469.0,63470.0,54.30048,1107
2026-08-12 22:30:00+00:00,63470.0,63483.0,63354.0,63384.0,222.76892,1995
2026-08-12 22:45:00+00:00,63384.0,63428.0,63381.0,63413.0,176.45929,1381
2026-08-12 23:00:00+00:00,63413.0,63422.0,63365.0,63399.0,84.70613,1326
2026-08-12 23:15:00+00:00,63399.0,63432.0,63353.0,63420.0,185.71609,1578
2026-08-12 23:30:00+00:00,63419.0,63458.0,63389.0,63403.0,116.03021,1295
2026-08-12 23:45:00+00:00,63405.0,63476.0,63392.0,63468.0,46.51976,843
2026-08-13 00:00:00+00:00,63467.0,63582.0,63449.0,63581.0,276.93154,2120
2026-08-13 00:15:00+00:00,63581.0,63700.0,63562.0,63603.0,589.20029,3419
2026-08-13 00:30:00+00:00,63603.0,63604.0,63485.0,63497.0,353.58474,1944
2026-08-13 00:45:00+00:00,63496.0,63587.0,63486.0,63550.0,319.81285,1679
2026-08-13 01:00:00+00:00,63550.0,63617.0,63512.0,63616.0,98.15549,1254
2026-08-13 01:15:00+00:00,63616.0,63617.0,63386.0,63401.0,353.22511,2227
2026-08-13 01:30:00+00:00,63400.0,63527.0,63397.0,63398.0,157.58989,1368
2026-08-13 01:45:00+00:00,63397.0,63499.0,63364.0,63434.0,296.15379,1816
2026-08-13 02:00:00+00:00,63434.0,63455.0,63400.0,63443.0,211.53381,1385
2026-08-13 02:15:00+00:00,63443.0,63462.0,63407.0,63447.0,70.34396,899
2026-08-13 02:30:00+00:00,63447.0,63471.0,63365.0,63471.0,398.7049,1522
2026-08-13 02:45:00+00:00,63472.0,63570.0,63455.0,63528.0,176.07417,1375
2026-08-13 03:00:00+00:00,63528.0,63561.0,63490.0,63556.0,123.01752,963
2026-08-13 03:15:00+00:00,63557.0,63608.0,63546.0,63547.0,551.81029,1429
2026-08-13 03:30:00+00:00,63547.0,63608.0,63538.0,63554.0,57.44401,975
2026-08-13 03:45:00+00:00,63554.0,63658.0,63553.0,63622.0,213.82168,1199
2026-08-13 04:00:00+00:00,63621.0,63654.0,63600.0,63654.0,96.62898,990
2026-08-13 04:15:00+00:00,63653.0,63653.0,63565.0,63573.0,62.30808,803
2026-08-13 04:30:00+00:00,63572.0,63689.0,63572.0,63678.0,53.08802,983
2026-08-13 04:45:00+00:00,63677.0,63750.0,63664.0,63664.0,208.09666,1798
2026-08-13 05:00:00+00:00,63664.0,63860.0,63647.0,63855.0,327.34401,2662
2026-08-13 05:15:00+00:00,63856.0,63978.0,63855.0,63912.0,250.05228,2914
2026-08-13 05:30:00+00:00,63912.0,63922.0,63876.0,63902.0,147.11795,1809
2026-08-13 05:45:00+00:00,63901.0,63903.0,63849.0,63850.0,131.30208,1279
2026-08-13 06:00:00+00:00,63849.0,63852.0,63790.0,63810.0,195.1749,1930
2026-08-13 06:15:00+00:00,63810.0,63817.0,63785.0,63797.0,126.74418,1757
2026-08-13 06:30:00+00:00,63796.0,63797.0,63730.0,63731.0,106.37663,1686
2026-08-13 06:45:00+00:00,63730.0,63911.0,63726.0,63911.0,159.53119,1948
2026-08-13 07:00:00+00:00,63910.0,63917.0,63841.0,63843.0,94.35861,1518
2026-08-13 07:15:00+00:00,63843.0,63884.0,63830.0,63868.0,72.12656,1222
2026-08-13 07:30:00+00:00,63868.0,63871.0,63843.0,63843.0,106.73803,1426
2026-08-13 07:45:00+00:00,63843.0,63844.0,63820.0,63831.0,110.89911,1372
2026-08-13 08:00:00+00:00,63831.0,63889.0,63802.0,63802.0,325.81691,1853
2026-08-13 08:15:00+00:00,63802.0,63805.0,63755.0,63755.0,76.74159,1710
2026-08-13 08:30:00+00:00,63756.0,63770.0,63744.0,63769.0,57.00693,1618
2026-08-13 08:45:00+00:00,63769.0,63770.0,63711.0,63731.0,74.24228,1488
2026-08-13 09:00:00+00:00,63732.0,63737.0,63589.0,63590.0,165.928,2286
2026-08-13 09:15:00+00:00,63589.0,63687.0,63560.0,63628.0,143.01202,2034
2026-08-13 09:30:00+00:00,63628.0,63675.0,63625.0,63672.0,80.70761,1553
2026-08-13 09:45:00+00:00,63673.0,63751.0,63672.0,63751.0,77.56581,1460
2026-08-13 10:00:00+00:00,63751.0,63789.0,63586.0,63589.0,84.57332,2602
2026-08-13 10:15:00+00:00,63590.0,63650.0,63589.0,63596.0,42.06347,1096
2026-08-13 10:30:00+00:00,63595.0,63620.0,63560.0,63615.0,166.46427,1395
2026-08-13 10:45:00+00:00,63615.0,63630.0,63614.0,63625.0,49.08721,1295
2026-08-13 11:00:00+00:00,63625.0,63636.0,63588.0,63593.0,33.64107,993
2026-08-13 11:15:00+00:00,63592.0,63602.0,63410.0,63411.0,480.60079,2560
2026-08-13 11:30:00+00:00,63411.0,63457.0,63318.0,63436.0,832.31082,3584
2026-08-13 11:45:00+00:00,63437.0,63473.0,63426.0,63462.0,215.01555,1524
2026-08-13 12:00:00+00:00,63462.0,63539.0,63415.0,63539.0,439.99086,2065
2026-08-13 12:15:00+00:00,63539.0,63560.0,63530.0,63557.0,122.42015,1259
2026-08-13 12:30:00+00:00,63556.0,63656.0,63435.0,63568.0,544.82696,4030
2026-08-13 12:45:00+00:00,63568.0,63691.0,63541.0,63674.0,435.74543,3406
2026-08-13 13:00:00+00:00,63675.0,63785.0,63675.0,63716.0,452.64085,4978
2026-08-13 13:15:00+00:00,63717.0,63717.0,63550.0,63579.0,301.562,3023
2026-08-13 13:30:00+00:00,63577.0,63826.0,63532.0,63768.0,929.30631,6499
2026-08-13 13:45:00+00:00,63767.0,63828.0,63662.0,63695.0,552.37151,4633
2026-08-13 14:00:00+00:00,63696.0,63829.0,63660.0,63795.0,365.06497,5610
2026-08-13 14:15:00+00:00,63796.0,63867.0,63744.0,63792.0,370.75526,4413
2026-08-13 14:30:00+00:00,63793.0,63953.0,63749.0,63937.0,624.82032,5260
2026-08-13 14:45:00+00:00,63936.0,63937.0,63832.0,63836.0,345.99048,2469
2026-08-13 15:00:00+00:00,63837.0,63915.0,63789.0,63800.0,134.49035,2485
2026-08-13 15:15:00+00:00,63800.0,63869.0,63564.0,63597.0,357.67132,3493
2026-08-13 15:30:00+00:00,63597.0,63732.0,63575.0,63702.0,392.04384,3762
2026-08-13 15:45:00+00:00,63702.0,63702.0,63381.0,63381.0,381.97357,4157
2026-08-13 16:00:00+00:00,63397.0,63487.0,63364.0,63449.0,490.73745,5554
2026-08-13 16:15:00+00:00,63448.0,63547.0,63289.0,63342.0,298.71602,3203
2026-08-13 16:30:00+00:00,63341.0,63415.0,62816.0,62965.0,2974.24858,15022
2026-08-13 16:45:00+00:00,62965.0,63220.0,62901.0,63132.0,1184.3728,7483
2026-08-13 17:00:00+00:00,63132.0,63134.0,63060.0,63121.0,549.26325,3990
2026-08-13 17:15:00+00:00,63120.0,63254.0,63094.0,63175.0,957.94506,5696
2026-08-13 17:30:00+00:00,63175.0,63247.0,63092.0,63235.0,634.88228,3679
2026-08-13 17:45:00+00:00,63236.0,63298.0,63128.0,63129.0,275.95236,2382
2026-08-13 18:00:00+00:00,63129.0,63301.0,63108.0,63189.0,915.63537,3248
2026-08-13 18:15:00+00:00,63190.0,63241.0,63100.0,63109.0,514.20836,2029
2026-08-13 18:30:00+00:00,63109.0,63190.0,63096.0,63190.0,497.85379,2169
2026-08-13 18:45:00+00:00,63189.0,63364.0,63176.0,63299.0,200.65542,3505
2026-08-13 19:00:00+00:00,63299.0,63520.0,63298.0,63403.0,696.8161,5579
2026-08-13 19:15:00+00:00,63403.0,63420.0,63375.0,63405.0,149.88727,2288
2026-08-13 19:30:00+00:00,63406.0,63438.0,63379.0,63413.0,83.66426,1868
2026-08-13 19:45:00+00:00,63412.0,63464.0,63384.0,63395.0,68.29008,1715
2026-08-13 20:00:00+00:00,63395.0,63457.0,63356.0,63415.0,198.78422,2308
2026-08-13 20:15:00+00:00,63414.0,63456.0,63414.0,63450.0,76.65111,1744
2026-08-13 20:30:00+00:00,63449.0,63459.0,63397.0,63410.0,56.47976,1628
2026-08-13 20:45:00+00:00,63409.0,63410.0,63380.0,63399.0,66.57504,1343
2026-08-13 21:00:00+00:00,63398.0,63462.0,63382.0,63433.0,145.36543,1948
2026-08-13 21:15:00+00:00,63432.0,63444.0,63410.0,63444.0,55.73087,1523
2026-08-13 21:30:00+00:00,63443.0,63501.0,63443.0,63450.0,353.44525,1917
2026-08-13 21:45:00+00:00,63450.0,63475.0,63434.0,63475.0,88.2267,1333
2026-08-13 22:00:00+00:00,63474.0,63642.0,63474.0,63612.0,404.88153,3903
2026-08-13 22:15:00+00:00,63611.0,63650.0,63573.0,63624.0,124.72108,2070
2026-08-13 22:30:00+00:00,63624.0,63633.0,63553.0,63554.0,75.86674,1371
2026-08-13 22:45:00+00:00,63553.0,63559.0,63525.0,63527.0,40.49033,919
2026-08-13 23:00:00+00:00,63528.0,63534.0,63446.0,63474.0,286.02787,1686
2026-08-13 23:15:00+00:00,63474.0,63488.0,63448.0,63471.0,27.94061,778
2026-08-13 23:30:00+00:00,63471.0,63510.0,63443.0,63455.0,210.96572,1112
2026-08-13 23:45:00+00:00,63455.0,63480.0,63395.0,63480.0,58.58968,1079
2026-08-14 00:00:00+00:00,63479.0,63520.0,63439.0,63510.0,171.72571,1882
2026-08-14 00:15:00+00:00,63510.0,63559.0,63427.0,63450.0,65.99951,1432
2026-08-14 00:30:00+00:00,63450.0,63561.0,63411.0,63527.0,75.01924,1577
2026-08-14 00:45:00+00:00,63526.0,63550.0,63482.0,63544.0,29.27309,1025
2026-08-14 01:00:00+00:00,63543.0,63590.0,63482.0,63513.0,57.61492,1418
2026-08-14 01:15:00+00:00,63512.0,63579.0,63461.0,63493.0,104.87899,1311
2026-08-14 01:30:00+00:00,63494.0,63575.0,63469.0,63569.0,122.83891,1300
2026-08-14 01:45:00+00:00,63569.0,63574.0,63526.0,63574.0,28.11952,856
2026-08-14 02:00:00+00:00,63574.0,63615.0,63529.0,63562.0,70.43834,1181
2026-08-14 02:15:00+00:00,63562.0,63585.0,63481.0,63484.0,64.87549,1059
2026-08-14 02:30:00+00:00,63484.0,63566.0,63484.0,63507.0,251.78254,1641
2026-08-14 02:45:00+00:00,63507.0,63556.0,63469.0,63469.0,62.06963,1036
2026-08-14 03:00:00+00:00,63470.0,63488.0,63417.0,63487.0,195.81121,1498
2026-08-14 03:15:00+00:00,63488.0,63582.0,63461.0,63461.0,47.3312,1170
2026-08-14 03:30:00+00:00,63462.0,63462.0,63351.0,63379.0,365.27566,2067
2026-08-14 03:45:00+00:00,63379.0,63380.0,63305.0,63319.0,118.32511,1496
2026-08-14 04:00:00+00:00,63319.0,63417.0,63282.0,63413.0,160.49076,1760
2026-08-14 04:15:00+00:00,63413.0,63473.0,63367.0,63429.0,139.87749,1372
2026-08-14 04:30:00+00:00,63428.0,63430.0,63399.0,63403.0,19.18718,728
2026-08-14 04:45:00+00:00,63403.0,63404.0,63378.0,63379.0,24.10619,703
2026-08-14 05:00:00+00:00,63378.0,63405.0,63337.0,63337.0,98.29451,1194
2026-08-14 05:15:00+00:00,63338.0,63358.0,63281.0,63330.0,126.87915,1434
2026-08-14 05:30:00+00:00,63329.0,63375.0,63315.0,63361.0,66.74387,1002
2026-08-14 05:45:00+00:00,63360.0,63400.0,63353.0,63387.0,35.06105,860
2026-08-14 06:00:00+00:00,63386.0,63387.0,63293.0,63298.0,116.16765,1493
2026-08-14 06:15:00+00:00,63298.0,63299.0,63186.0,63186.0,292.12903,3212
2026-08-14 06:30:00+00:00,63187.0,63239.0,63173.0,63174.0,171.59894,1931
2026-08-14 06:45:00+00:00,63174.0,63205.0,62933.0,62970.0,383.01971,4726
2026-08-14 07:00:00+00:00,62969.0,63091.0,62946.0,63065.0,440.3367,3578
2026-08-14 07:15:00+00:00,63064.0,63110.0,63064.0,63098.0,115.11931,2297
2026-08-14 07:30:00+00:00,63098.0,63099.0,62955.0,63019.0,143.64025,2268
2026-08-14 07:45:00+00:00,63019.0,63019.0,62909.0,62909.0,182.85716,2537
2026-08-14 08:00:00+00:00,62909.0,62937.0,62881.0,62905.0,239.66284,3150
2026-08-14 08:15:00+00:00,62904.0,62980.0,62719.0,62769.0,811.45708,6419
2026-08-14 08:30:00+00:00,62768.0,62864.0,62680.0,62830.0,490.04984,4470
2026-08-14 08:45:00+00:00,62829.0,62922.0,62805.0,62921.0,128.05261,2711
2026-08-14 09:00:00+00:00,62922.0,62922.0,62843.0,62859.0,87.33732,1811
2026-08-14 09:15:00+00:00,62859.0,62899.0,62781.0,62785.0,101.26833,1835
2026-08-14 09:30:00+00:00,62784.0,62800.0,62729.0,62749.0,109.03643,2261
2026-08-14 09:45:00+00:00,62748.0,62834.0,62748.0,62777.0,104.29017,2144
2026-08-14 10:00:00+00:00,62776.0,62842.0,62727.0,62842.0,120.96012,2265
2026-08-14 10:15:00+00:00,62841.0,62905.0,62833.0,62872.0,153.11715,2242
2026-08-14 10:30:00+00:00,62872.0,62936.0,62845.0,62866.0,332.81672,3174
2026-08-14 10:45:00+00:00,62866.0,62884.0,62798.0,62806.0,72.90762,1913
2026-08-14 11:00:00+00:00,62806.0,62870.0,62806.0,62846.0,74.00914,1987
2026-08-14 11:15:00+00:00,62845.0,62919.0,62831.0,62884.0,122.89889,1827
2026-08-14 11:30:00+00:00,62884.0,62931.0,62836.0,62878.0,110.98959,2008
2026-08-14 11:45:00+00:00,62877.0,62917.0,62842.0,62851.0,94.88531,2069
2026-08-14 12:00:00+00:00,62851.0,62894.0,62750.0,62806.0,160.41075,2515
2026-08-14 12:15:00+00:00,62805.0,62879.0,62789.0,62879.0,121.47638,2165
2026-08-14 12:30:00+00:00,62878.0,62895.0,62747.0,62748.0,193.00991,2266
2026-08-14 12:45:00+00:00,62747.0,62798.0,62716.0,62729.0,123.7994,2471
2026-08-14 13:00:00+00:00,62728.0,62740.0,62581.0,62669.0,702.12803,5894
2026-08-14 13:15:00+00:00,62668.0,62781.0,62623.0,62768.0,617.86329,4735
2026-08-14 13:30:00+00:00,62768.0,62812.0,62600.0,62703.0,442.51166,5938
2026-08-14 13:45:00+00:00,62703.0,62738.0,62586.0,62642.0,904.30262,4217
2026-08-14 14:00:00+00:00,62641.0,62710.0,62581.0,62589.0,442.50774,7167
2026-08-14 14:15:00+00:00,62588.0,62688.0,62555.0,62649.0,383.18199,4696
2026-08-14 14:30:00+00:00,62648.0,62779.0,62639.0,62728.0,315.22375,3866
2026-08-14 14:45:00+00:00,62727.0,62756.0,62523.0,62606.0,256.58167,3588
2026-08-14 15:00:00+00:00,62605.0,62701.0,62605.0,62686.0,123.33653,2558
2026-08-14 15:15:00+00:00,62685.0,62833.0,62664.0,62833.0,335.01609,2960
2026-08-14 15:30:00+00:00,62832.0,63018.0,62773.0,62983.0,992.91909,7587
2026-08-14 15:45:00+00:00,62982.0,63068.0,62931.0,62969.0,388.01891,4242
2026-08-14 16:00:00+00:00,62969.0,63084.0,62948.0,63021.0,343.7269,4281
2026-08-14 16:15:00+00:00,63020.0,63143.0,63009.0,63097.0,253.86375,3699
2026-08-14 16:30:00+00:00,63096.0,63209.0,63077.0,63189.0,488.32473,4110
2026-08-14 16:45:00+00:00,63189.0,63189.0,63082.0,63115.0,207.52937,3439
2026-08-14 17:00:00+00:00,63115.0,63165.0,63094.0,63155.0,258.85569,3064
2026-08-14 17:15:00+00:00,63156.0,63224.0,63144.0,63182.0,307.7986,4003
2026-08-14 17:30:00+00:00,63181.0,63200.0,63050.0,63095.0,550.05236,3328
2026-08-14 17:45:00+00:00,63096.0,63110.0,62976.0,62988.0,247.38861,2975
2026-08-14 18:00:00+00:00,62988.0,63051.0,62931.0,62980.0,171.65076,2824
2026-08-14 18:15:00+00:00,62980.0,63066.0,62980.0,63017.0,165.96607,2651
2026-08-14 18:30:00+00:00,63016.0,63022.0,62929.0,62952.0,146.75907,2211
2026-08-14 18:45:00+00:00,62951.0,62957.0,62873.0,62910.0,257.90046,2703
2026-08-14 19:00:00+00:00,62910.0,62911.0,62834.0,62852.0,258.16593,3074
2026-08-14 19:15:00+00:00,62851.0,62923.0,62820.0,62914.0,181.20252,2712
2026-08-14 19:30:00+00:00,62914.0,62967.0,62868.0,62967.0,183.06731,2318
2026-08-14 19:45:00+00:00,62966.0,62983.0,62931.0,62952.0,112.87149,2066
2026-08-14 20:00:00+00:00,62951.0,63013.0,62951.0,62962.0,193.91222,2294
2026-08-14 20:15:00+00:00,62962.0,62975.0,62906.0,62933.0,165.16174,1730
2026-08-14 20:30:00+00:00,62934.0,62938.0,62890.0,62893.0,170.24039,2525
2026-08-14 20:45:00+00:00,62895.0,62922.0,62880.0,62891.0,96.293,2247
2026-08-14 21:00:00+00:00,62891.0,62925.0,62886.0,62890.0,59.2691,1696
2026-08-14 21:15:00+00:00,62889.0,62912.0,62875.0,62875.0,66.119,1318
2026-08-14 21:30:00+00:00,62875.0,62902.0,62868.0,62874.0,90.66683,1256
2026-08-14 21:45:00+00:00,62873.0,62918.0,62867.0,62917.0,62.08895,1308
2026-08-14 22:00:00+00:00,62917.0,62950.0,62825.0,62825.0,151.6187,2427
2026-08-14 22:15:00+00:00,62826.0,62826.0,62778.0,62806.0,402.67153,2727
2026-08-14 22:30:00+00:00,62807.0,62862.0,62806.0,62861.0,77.08165,1493
2026-08-14 22:45:00+00:00,62861.0,62877.0,62845.0,62860.0,65.74856,1021
2026-08-14 23:00:00+00:00,62860.0,62913.0,62859.0,62912.0,42.47656,933
2026-08-14 23:15:00+00:00,62913.0,62936.0,62838.0,62929.0,134.11435,1722
2026-08-14 23:30:00+00:00,62929.0,63021.0,62888.0,62993.0,126.47144,2237
2026-08-14 23:45:00+00:00,62993.0,63058.0,62993.0,63029.0,198.15079,2074
2026-08-15 00:00:00+00:00,63029.0,63043.0,62987.0,62998.0,102.86428,1554
2026-08-15 00:15:00+00:00,62998.0,63021.0,62981.0,63000.0,134.56119,1239
2026-08-15 00:30:00+00:00,63000.0,63013.0,62985.0,63003.0,27.34991,833
2026-08-15 00:45:00+00:00,63008.0,63020.0,62981.0,63004.0,15.0305,782
2026-08-15 01:00:00+00:00,63005.0,63018.0,62979.0,63002.0,99.84818,1072
2026-08-15 01:15:00+00:00,63002.0,63033.0,62984.0,63025.0,36.61042,1120
2026-08-15 01:30:00+00:00,63025.0,63033.0,63008.0,63018.0,53.83031,1180
2026-08-15 01:45:00+00:00,63018.0,63023.0,63014.0,63022.0,25.01222,941
2026-08-15 02:00:00+00:00,63023.0,63052.0,63022.0,63043.0,36.34521,1072
2026-08-15 02:15:00+00:00,63044.0,63105.0,63043.0,63091.0,101.23226,1730
2026-08-15 02:30:00+00:00,63091.0,63128.0,63091.0,63105.0,67.66824,1355
2026-08-15 02:45:00+00:00,63105.0,63131.0,63105.0,63130.0,25.76607,1039
2026-08-15 03:00:00+00:00,63131.0,63141.0,63120.0,63137.0,41.98504,1152
2026-08-15 03:15:00+00:00,63140.0,63176.0,63072.0,63074.0,81.12486,1352
2026-08-15 03:30:00+00:00,63073.0,63078.0,63035.0,63046.0,27.05062,857
2026-08-15 03:45:00+00:00,63046.0,63064.0,63036.0,63037.0,27.54252,802
2026-08-15 04:00:00+00:00,63037.0,63090.0,63036.0,63090.0,9.74832,759
2026-08-15 04:15:00+00:00,63089.0,63117.0,63089.0,63117.0,85.94484,978
2026-08-15 04:30:00+00:00,63117.0,63139.0,63115.0,63139.0,39.96866,767
2026-08-15 04:45:00+00:00,63138.0,63139.0,63105.0,63108.0,15.25876,619
2026-08-15 05:00:00+00:00,63107.0,63136.0,63107.0,63136.0,26.71463,748
2026-08-15 05:15:00+00:00,63136.0,63144.0,63108.0,63108.0,9.24768,650
2026-08-15 05:30:00+00:00,63109.0,63109.0,63034.0,63062.0,70.55278,993
2026-08-15 05:45:00+00:00,63062.0,63073.0,63032.0,63069.0,73.16279,872
2026-08-15 06:00:00+00:00,63069.0,63069.0,63030.0,63030.0,24.41079,729
2026-08-15 06:15:00+00:00,63031.0,63045.0,63014.0,63015.0,65.94255,1571
2026-08-15 06:30:00+00:00,63014.0,63048.0,63014.0,63048.0,19.79782,893
2026-08-15 06:45:00+00:00,63048.0,63108.0,63047.0,63089.0,39.07746,1120
2026-08-15 07:00:00+00:00,63090.0,63109.0,63044.0,63102.0,83.41232,1272
2026-08-15 07:15:00+00:00,63103.0,63109.0,63052.0,63056.0,17.51023,955
2026-08-15 07:30:00+00:00,63057.0,63074.0,63047.0,63059.0,24.53338,888
2026-08-15 07:45:00+00:00,63059.0,63060.0,63023.0,63050.0,11.1854,735
2026-08-15 08:00:00+00:00,63051.0,63064.0,63032.0,63033.0,23.74945,981
2026-08-15 08:15:00+00:00,63033.0,63040.0,63021.0,63022.0,29.52426,1030
2026-08-15 08:30:00+00:00,63023.0,63025.0,62993.0,62994.0,73.35512,1060
2026-08-15 08:45:00+00:00,62993.0,63032.0,62904.0,62906.0,215.62752,2170
2026-08-15 09:00:00+00:00,62906.0,62938.0,62890.0,62938.0,78.46394,1470
2026-08-15 09:15:00+00:00,62938.0,62965.0,62937.0,62965.0,55.95803,1151
2026-08-15 09:30:00+00:00,62964.0,63011.0,62964.0,63004.0,147.27575,1710
2026-08-15 09:45:00+00:00,63004.0,63024.0,63003.0,63010.0,16.58483,682
2026-08-15 10:00:00+00:00,63011.0,63014.0,62978.0,62992.0,44.25733,1166
2026-08-15 10:15:00+00:00,62992.0,62994.0,62991.0,62993.0,6.61345,542
2026-08-15 10:30:00+00:00,62993.0,63021.0,62991.0,63015.0,26.93791,837
2026-08-15 10:45:00+00:00,63015.0,63031.0,63009.0,63030.0,19.57766,787
2026-08-15 11:00:00+00:00,63031.0,63031.0,63005.0,63005.0,24.73784,847
2026-08-15 11:15:00+00:00,63005.0,63020.0,63000.0,63008.0,17.53987,546
2026-08-15 11:30:00+00:00,63008.0,63029.0,63007.0,63028.0,11.21794,497
2026-08-15 11:45:00+00:00,63028.0,63033.0,62973.0,63000.0,8.26903,681
2026-08-15 12:00:00+00:00,63000.0,63000.0,62961.0,62961.0,64.57139,1193
2026-08-15 12:15:00+00:00,62961.0,62965.0,62956.0,62964.0,17.06239,720
2026-08-15 12:30:00+00:00,62964.0,62965.0,62936.0,62936.0,19.94487,997
2026-08-15 12:45:00+00:00,62937.0,63029.0,62923.0,63029.0,43.5645,1048
2026-08-15 13:00:00+00:00,63028.0,63066.0,63001.0,63055.0,70.76196,1711
2026-08-15 13:15:00+00:00,63054.0,63056.0,63007.0,63011.0,123.24562,1205
2026-08-15 13:30:00+00:00,63010.0,63026.0,63002.0,63002.0,98.73606,1424
2026-08-15 13:45:00+00:00,63002.0,63034.0,63002.0,63020.0,29.04594,976
2026-08-15 14:00:00+00:00,63021.0,63021.0,63011.0,63015.0,16.7717,984
2026-08-15 14:15:00+00:00,63014.0,63015.0,62967.0,63010.0,24.10243,1659
2026-08-15 14:30:00+00:00,63009.0,63015.0,63007.0,63014.0,4.57514,841
2026-08-15 14:45:00+00:00,63014.0,63035.0,63014.0,63017.0,45.59403,1130
2026-08-15 15:00:00+00:00,63017.0,63017.0,63013.0,63016.0,9.81426,726
2026-08-15 15:15:00+00:00,63016.0,63057.0,63006.0,63050.0,57.59186,1986
2026-08-15 15:30:00+00:00,63050.0,63112.0,63050.0,63092.0,237.01618,3004
2026-08-15 15:45:00+00:00,63093.0,63093.0,63074.0,63074.0,9.84749,640
2026-08-15 16:00:00+00:00,63075.0,63084.0,63051.0,63061.0,139.94242,1908
2026-08-15 16:15:00+00:00,63060.0,63090.0,63042.0,63090.0,74.95033,1577
2026-08-15 16:30:00+00:00,63089.0,63092.0,63067.0,63070.0,34.38235,939
2026-08-15 16:45:00+00:00,63071.0,63083.0,63070.0,63082.0,46.05505,690
2026-08-15 17:00:00+00:00,63083.0,63088.0,63078.0,63088.0,50.56592,616
2026-08-15 17:15:00+00:00,63087.0,63088.0,63043.0,63043.0,45.12452,1096
2026-08-15 17:30:00+00:00,63044.0,63051.0,63037.0,63038.0,45.50748,1063
2026-08-15 17:45:00+00:00,63038.0,63043.0,63037.0,63043.0,22.61968,575
2026-08-15 18:00:00+00:00,63043.0,63077.0,63042.0,63074.0,27.84994,732
2026-08-15 18:15:00+00:00,63074.0,63075.0,63018.0,63018.0,31.22521,956
2026-08-15 18:30:00+00:00,63018.0,63030.0,63017.0,63021.0,29.53591,683
2026-08-15 18:45:00+00:00,63021.0,63026.0,63021.0,63026.0,17.80906,643
2026-08-15 19:00:00+00:00,63026.0,63067.0,63025.0,63064.0,88.68428,1022
2026-08-15 19:15:00+00:00,63065.0,63095.0,63064.0,63075.0,12.93413,722
2026-08-15 19:30:00+00:00,63075.0,63103.0,63073.0,63085.0,57.67635,761
2026-08-15 19:45:00+00:00,63084.0,63097.0,63084.0,63097.0,36.67318,710
2026-08-15 20:00:00+00:00,63097.0,63097.0,63050.0,63050.0,109.29438,800
2026-08-15 20:15:00+00:00,63050.0,63051.0,63047.0,63048.0,8.57845,585
2026-08-15 20:30:00+00:00,63049.0,63055.0,63048.0,63055.0,6.97558,455
2026-08-15 20:45:00+00:00,63054.0,63073.0,63054.0,63072.0,18.47668,456
2026-08-15 21:00:00+00:00,63073.0,63073.0,63072.0,63072.0,30.3167,551
2026-08-15 21:15:00+00:00,63073.0,63128.0,63072.0,63125.0,167.72325,1810
2026-08-15 21:30:00+00:00,63126.0,63144.0,63115.0,63143.0,67.18272,917
2026-08-15 21:45:00+00:00,63144.0,63144.0,63127.0,63135.0,22.90031,527
2026-08-15 22:00:00+00:00,63135.0,63143.0,63116.0,63117.0,126.31005,1223
2026-08-15 22:15:00+00:00,63118.0,63122.0,63108.0,63122.0,33.76765,1043
2026-08-15 22:30:00+00:00,63122.0,63134.0,63121.0,63125.0,66.81429,1121
2026-08-15 22:45:00+00:00,63125.0,63142.0,63106.0,63106.0,11.35383,598
2026-08-15 23:00:00+00:00,63107.0,63117.0,63084.0,63106.0,23.16011,499
2026-08-15 23:15:00+00:00,63106.0,63106.0,63086.0,63087.0,5.79391,305
2026-08-15 23:30:00+00:00,63087.0,63090.0,63072.0,63083.0,108.06202,703
2026-08-15 23:45:00+00:00,63084.0,63085.0,63056.0,63056.0,86.59563,779
2026-08-16 00:00:00+00:00,63057.0,63057.0,63040.0,63045.0,33.33296,779
2026-08-16 00:15:00+00:00,63045.0,63045.0,63044.0,63044.0,10.29029,481
2026-08-16 00:30:00+00:00,63044.0,63051.0,63035.0,63050.0,37.08905,578
2026-08-16 00:45:00+00:00,63051.0,63069.0,63048.0,63061.0,45.08233,772
2026-08-16 01:00:00+00:00,63061.0,63061.0,63025.0,63026.0,18.56213,554
2026-08-16 01:15:00+00:00,63025.0,63054.0,63025.0,63033.0,98.04804,1100
2026-08-16 01:30:00+00:00,63033.0,63043.0,62977.0,63043.0,51.02304,1024
2026-08-16 01:45:00+00:00,63043.0,63053.0,63026.0,63053.0,11.47372,408
2026-08-16 02:00:00+00:00,63053.0,63057.0,63000.0,63001.0,50.85722,770
2026-08-16 02:15:00+00:00,63002.0,63096.0,63001.0,63096.0,46.23613,862
2026-08-16 02:30:00+00:00,63096.0,63130.0,63090.0,63129.0,76.51302,875
2026-08-16 02:45:00+00:00,63130.0,63130.0,63097.0,63098.0,12.30131,492
2026-08-16 03:00:00+00:00,63098.0,63102.0,63097.0,63100.0,15.72741,574
2026-08-16 03:15:00+00:00,63101.0,63101.0,63093.0,63100.0,7.08179,360
2026-08-16 03:30:00+00:00,63099.0,63101.0,63099.0,63100.0,5.19225,376
2026-08-16 03:45:00+00:00,63100.0,63102.0,63100.0,63101.0,6.13183,586
2026-08-16 04:00:00+00:00,63101.0,63108.0,63101.0,63107.0,9.91,513
2026-08-16 04:15:00+00:00,63108.0,63128.0,63107.0,63127.0,10.61747,457
2026-08-16 04:30:00+00:00,63127.0,63128.0,63099.0,63099.0,27.72964,474
2026-08-16 04:45:00+00:00,63099.0,63100.0,63060.0,63061.0,68.337,743
2026-08-16 05:00:00+00:00,63061.0,63066.0,63047.0,63065.0,15.88007,510
2026-08-16 05:15:00+00:00,63065.0,63066.0,63041.0,63042.0,3.68079,386
2026-08-16 05:30:00+00:00,63042.0,63046.0,63029.0,63029.0,27.03314,632
2026-08-16 05:45:00+00:00,63029.0,63038.0,63010.0,63037.0,92.0023,778
2026-08-16 06:00:00+00:00,63036.0,63041.0,63030.0,63031.0,19.09349,521
2026-08-16 06:15:00+00:00,63031.0,63041.0,63030.0,63040.0,11.082,417
2026-08-16 06:30:00+00:00,63040.0,63040.0,63035.0,63038.0,10.0711,364
2026-08-16 06:45:00+00:00,63038.0,63062.0,63038.0,63041.0,25.90115,445
2026-08-16 07:00:00+00:00,63041.0,63041.0,63036.0,63037.0,8.23131,322
2026-08-16 07:15:00+00:00,63037.0,63038.0,63036.0,63038.0,7.2677,331
2026-08-16 07:30:00+00:00,63037.0,63040.0,63037.0,63040.0,11.19876,316
2026-08-16 07:45:00+00:00,63039.0,63040.0,63039.0,63040.0,5.38182,290
2026-08-16 08:00:00+00:00,63040.0,63048.0,63039.0,63041.0,13.04874,520
2026-08-16 08:15:00+00:00,63041.0,63051.0,63040.0,63051.0,13.1538,548
2026-08-16 08:30:00+00:00,63050.0,63052.0,63050.0,63052.0,9.32263,520
2026-08-16 08:45:00+00:00,63052.0,63052.0,63051.0,63052.0,4.80946,376
2026-08-16 09:00:00+00:00,63052.0,63052.0,63051.0,63052.0,5.14495,372
2026-08-16 09:15:00+00:00,63052.0,63052.0,63048.0,63048.0,6.62329,436
2026-08-16 09:30:00+00:00,63049.0,63049.0,62966.0,62967.0,38.55765,1071
2026-08-16 09:45:00+00:00,62967.0,62991.0,62950.0,62964.0,50.60412,1310
2026-08-16 10:00:00+00:00,62964.0,62964.0,62942.0,62962.0,57.68186,1240
2026-08-16 10:15:00+00:00,62962.0,62983.0,62961.0,62982.0,28.90657,623
2026-08-16 10:30:00+00:00,62981.0,62982.0,62980.0,62980.0,8.74287,403
2026-08-16 10:45:00+00:00,62981.0,62981.0,62980.0,62980.0,29.42852,317
2026-08-16 11:00:00+00:00,62980.0,62996.0,62976.0,62979.0,136.65667,762
2026-08-16 11:15:00+00:00,62979.0,62979.0,62958.0,62960.0,15.08402,382
2026-08-16 11:30:00+00:00,62960.0,62965.0,62959.0,62965.0,13.383,495
2026-08-16 11:45:00+00:00,62964.0,63000.0,62956.0,62992.0,151.78051,1312
2026-08-16 12:00:00+00:00,62992.0,63000.0,62992.0,63000.0,49.73569,1203
2026-08-16 12:15:00+00:00,62999.0,63000.0,62989.0,62990.0,65.26304,1218
2026-08-16 12:30:00+00:00,62991.0,62991.0,62969.0,62970.0,15.24391,782
2026-08-16 12:45:00+00:00,62970.0,62988.0,62966.0,62988.0,72.39154,832
2026-08-16 13:00:00+00:00,62987.0,63042.0,62987.0,63040.0,80.60988,1617
2026-08-16 13:15:00+00:00,63040.0,63047.0,63036.0,63041.0,64.11239,1563
2026-08-16 13:30:00+00:00,63041.0,63041.0,63037.0,63040.0,33.23691,862
2026-08-16 13:45:00+00:00,63040.0,63044.0,63039.0,63040.0,29.4602,915
2026-08-16 14:00:00+00:00,63040.0,63041.0,63035.0,63036.0,22.43718,916
2026-08-16 14:15:00+00:00,63036.0,63081.0,63035.0,63049.0,137.38766,2431
2026-08-16 14:30:00+00:00,63049.0,63076.0,63049.0,63070.0,86.45475,1018
2026-08-16 14:45:00+00:00,63070.0,63078.0,63069.0,63078.0,14.28386,603
2026-08-16 15:00:00+00:00,63078.0,63092.0,63077.0,63085.0,56.39836,1203
2026-08-16 15:15:00+00:00,63086.0,63095.0,63085.0,63094.0,20.27152,809
2026-08-16 15:30:00+00:00,63094.0,63115.0,63090.0,63090.0,55.5722,2180
2026-08-16 15:45:00+00:00,63091.0,63114.0,63090.0,63113.0,116.47631,1998
2026-08-16 16:00:00+00:00,63114.0,63198.0,63106.0,63184.0,183.30661,1832
2026-08-16 16:15:00+00:00,63184.0,63328.0,63179.0,63296.0,669.7026,4759
2026-08-16 16:30:00+00:00,63296.0,63368.0,63264.0,63264.0,220.22706,2544
2026-08-16 16:45:00+00:00,63265.0,63265.0,63177.0,63230.0,320.46751,1935
2026-08-16 17:00:00+00:00,63230.0,63247.0,63189.0,63190.0,119.06981,1497
2026-08-16 17:15:00+00:00,63190.0,63200.0,63155.0,63164.0,84.78401,1441
2026-08-16 17:30:00+00:00,63165.0,63165.0,63100.0,63101.0,321.18812,1830
2026-08-16 17:45:00+00:00,63100.0,63138.0,63095.0,63135.0,57.1416,1077
2026-08-16 18:00:00+00:00,63136.0,63144.0,63090.0,63109.0,102.44911,1396
2026-08-16 18:15:00+00:00,63110.0,63145.0,63109.0,63132.0,24.23729,637
2026-08-16 18:30:00+00:00,63132.0,63132.0,63120.0,63121.0,12.46763,474
2026-08-16 18:45:00+00:00,63121.0,63121.0,63120.0,63121.0,17.80678,413
2026-08-16 19:00:00+00:00,63121.0,63164.0,63120.0,63164.0,101.30071,924
2026-08-16 19:15:00+00:00,63164.0,63194.0,63155.0,63192.0,78.26918,1199
2026-08-16 19:30:00+00:00,63193.0,63207.0,63120.0,63131.0,234.09695,1254
2026-08-16 19:45:00+00:00,63132.0,63146.0,63062.0,63081.0,203.90821,1519
2026-08-16 20:00:00+00:00,63082.0,63110.0,63081.0,63104.0,29.22552,893
2026-08-16 20:15:00+00:00,63104.0,63105.0,63064.0,63064.0,33.06579,556
2026-08-16 20:30:00+00:00,63065.0,63081.0,63016.0,63044.0,116.56661,1260
2026-08-16 20:45:00+00:00,63044.0,63046.0,63001.0,63034.0,97.38325,1126
2026-08-16 21:00:00+00:00,63034.0,63038.0,63000.0,63034.0,69.45929,987
2026-08-16 21:15:00+00:00,63035.0,63059.0,62999.0,62999.0,78.86137,794
2026-08-16 21:30:00+00:00,62999.0,63009.0,62737.0,62912.0,505.4222,5412
2026-08-16 21:45:00+00:00,62912.0,62950.0,62854.0,62900.0,336.97496,2445
2026-08-16 22:00:00+00:00,62899.0,62900.0,62771.0,62897.0,353.28679,3730
2026-08-16 22:15:00+00:00,62897.0,62932.0,62808.0,62827.0,248.33119,2503
2026-08-16 22:30:00+00:00,62827.0,62827.0,62678.0,62770.0,321.01844,3317
2026-08-16 22:45:00+00:00,62770.0,62897.0,62706.0,62894.0,549.15717,2966
2026-08-16 23:00:00+00:00,62894.0,62982.0,62812.0,62818.0,1094.57248,3748
2026-08-16 23:15:00+00:00,62817.0,62889.0,62798.0,62815.0,538.58205,2131
2026-08-16 23:30:00+00:00,62816.0,62877.0,62808.0,62876.0,299.33091,1273
2026-08-16 23:45:00+00:00,62876.0,62907.0,62858.0,62873.0,151.96406,1369
2026-08-17 00:00:00+00:00,62874.0,62910.0,62833.0,62891.0,86.76189,1516
2026-08-17 00:15:00+00:00,62891.0,62891.0,62733.0,62840.0,524.74629,2713
2026-08-17 00:30:00+00:00,62841.0,62942.0,62730.0,62922.0,1001.36737,3544
2026-08-17 00:45:00+00:00,62922.0,62923.0,62817.0,62889.0,249.55621,2036
2026-08-17 01:00:00+00:00,62890.0,63154.0,62873.0,63022.0,788.84951,5169
2026-08-17 01:15:00+00:00,63022.0,63132.0,62991.0,63086.0,673.96058,3400
2026-08-17 01:30:00+00:00,63087.0,63222.0,63087.0,63193.0,1130.24151,4464
2026-08-17 01:45:00+00:00,63193.0,63209.0,63071.0,63077.0,583.4721,2249
2026-08-17 02:00:00+00:00,63078.0,63097.0,62996.0,63058.0,484.35243,2568
2026-08-17 02:15:00+00:00,63057.0,63187.0,63027.0,63162.0,255.76586,1734
2026-08-17 02:30:00+00:00,63162.0,63329.0,63112.0,63232.0,330.33603,2896
2026-08-17 02:45:00+00:00,63232.0,63441.0,63224.0,63371.0,909.41737,4531
2026-08-17 03:00:00+00:00,63371.0,63416.0,63324.0,63384.0,210.52323,1560
2026-08-17 03:15:00+00:00,63383.0,63387.0,63316.0,63328.0,98.57855,1184
2026-08-17 03:30:00+00:00,63327.0,63361.0,63319.0,63322.0,164.00897,1192
2026-08-17 03:45:00+00:00,63323.0,63489.0,63322.0,63402.0,327.81864,1995
2026-08-17 04:00:00+00:00,63403.0,63495.0,63402.0,63458.0,237.39693,2120
2026-08-17 04:15:00+00:00,63458.0,63495.0,63449.0,63483.0,55.68573,1050
2026-08-17 04:30:00+00:00,63483.0,63500.0,63441.0,63466.0,150.29818,1059
2026-08-17 04:45:00+00:00,63465.0,63559.0,63465.0,63508.0,384.86778,2523
2026-08-17 05:00:00+00:00,63508.0,63521.0,63422.0,63508.0,128.78304,1594
2026-08-17 05:15:00+00:00,63506.0,63553.0,63450.0,63460.0,118.59017,1562
2026-08-17 05:30:00+00:00,63459.0,63472.0,63416.0,63431.0,95.09027,1270
2026-08-17 05:45:00+00:00,63431.0,63499.0,63430.0,63488.0,36.94751,764
2026-08-17 06:00:00+00:00,63489.0,63586.0,63446.0,63543.0,338.01287,2570
2026-08-17 06:15:00+00:00,63542.0,63554.0,63532.0,63553.0,55.8752,1023
2026-08-17 06:30:00+00:00,63554.0,63571.0,63540.0,63571.0,59.44974,999
2026-08-17 06:45:00+00:00,63571.0,63685.0,63570.0,63635.0,814.66722,3495
2026-08-17 07:00:00+00:00,63635.0,63635.0,63539.0,63551.0,64.74016,1301
2026-08-17 07:15:00+00:00,63552.0,63552.0,63499.0,63545.0,44.20867,1088
2026-08-17 07:30:00+00:00,63544.0,63546.0,63503.0,63504.0,71.39875,1200
2026-08-17 07:45:00+00:00,63504.0,63531.0,63489.0,63492.0,125.35063,1603
2026-08-17 08:00:00+00:00,63492.0,63514.0,63387.0,63403.0,125.03882,2491
2026-08-17 08:15:00+00:00,63403.0,63427.0,63376.0,63392.0,88.94823,2254
2026-08-17 08:30:00+00:00,63393.0,63405.0,63332.0,63351.0,300.82754,2047
2026-08-17 08:45:00+00:00,63351.0,63379.0,63318.0,63350.0,128.19432,1784
2026-08-17 09:00:00+00:00,63351.0,63395.0,63350.0,63395.0,89.94764,1469
2026-08-17 09:15:00+00:00,63394.0,63400.0,63300.0,63347.0,86.39089,1612
2026-08-17 09:30:00+00:00,63348.0,63348.0,63271.0,63272.0,59.2171,1748
2026-08-17 09:45:00+00:00,63272.0,63283.0,63252.0,63282.0,109.6211,1478
2026-08-17 10:00:00+00:00,63283.0,63308.0,63266.0,63302.0,93.57445,1318
2026-08-17 10:15:00+00:00,63303.0,63419.0,63270.0,63419.0,99.12285,1661
2026-08-17 10:30:00+00:00,63420.0,63600.0,63415.0,63599.0,386.21704,4268
2026-08-17 10:45:00+00:00,63600.0,63663.0,63560.0,63659.0,275.61785,3436
2026-08-17 11:00:00+00:00,63658.0,63670.0,63611.0,63628.0,148.37368,2352
2026-08-17 11:15:00+00:00,63627.0,63667.0,63607.0,63624.0,153.0734,2085
2026-08-17 11:30:00+00:00,63624.0,63666.0,63623.0,63666.0,58.61197,1220
2026-08-17 11:45:00+00:00,63665.0,63750.0,63554.0,63599.0,553.16489,5245
2026-08-17 12:00:00+00:00,63598.0,63650.0,63547.0,63630.0,178.23056,3846
2026-08-17 12:15:00+00:00,63630.0,63630.0,63500.0,63544.0,63.48809,4539
2026-08-17 12:30:00+00:00,63544.0,63600.0,63495.0,63533.0,266.67906,4188
2026-08-17 12:45:00+00:00,63534.0,63586.0,63518.0,63520.0,61.75844,3066
2026-08-17 13:00:00+00:00,63520.0,63545.0,63469.0,63528.0,117.72666,3385
2026-08-17 13:15:00+00:00,63529.0,63529.0,63407.0,63475.0,250.03409,3877
2026-08-17 13:30:00+00:00,63474.0,63756.0,63448.0,63633.0,774.7369,10818
2026-08-17 13:45:00+00:00,63624.0,63704.0,63559.0,63637.0,265.35881,7400
2026-08-17 14:00:00+00:00,63638.0,63698.0,63551.0,63667.0,95.85699,4997
2026-08-17 14:15:00+00:00,63667.0,63706.0,63554.0,63587.0,159.84345,2814
2026-08-17 14:30:00+00:00,63587.0,63668.0,63550.0,63593.0,90.13765,1921
2026-08-17 14:45:00+00:00,63593.0,63870.0,63581.0,63870.0,653.10652,4954
2026-08-17 15:00:00+00:00,63870.0,63964.0,63830.0,63830.0,689.89483,5386
2026-08-17 15:15:00+00:00,63831.0,64000.0,63771.0,63999.0,1586.64575,5054
2026-08-17 15:30:00+00:00,64000.0,64095.0,63949.0,64052.0,1092.19114,7037
2026-08-17 15:45:00+00:00,64051.0,64196.0,64050.0,64164.0,717.28492,6223
2026-08-17 16:00:00+00:00,64164.0,64182.0,64028.0,64032.0,580.13142,5391
2026-08-17 16:15:00+00:00,64031.0,64114.0,64025.0,64060.0,309.46993,3835
2026-08-17 16:30:00+00:00,64060.0,64144.0,64046.0,64047.0,242.10355,3073
2026-08-17 16:45:00+00:00,64046.0,64100.0,64040.0,64081.0,126.29352,2719
2026-08-17 17:00:00+00:00,64080.0,64081.0,63939.0,63939.0,442.90969,3156
2026-08-17 17:15:00+00:00,63940.0,64401.0,63938.0,64166.0,1696.32801,9888
2026-08-17 17:30:00+00:00,64167.0,64262.0,64025.0,64194.0,366.50953,4202
2026-08-17 17:45:00+00:00,64195.0,64313.0,64194.0,64298.0,209.02186,3085
2026-08-17 18:00:00+00:00,64298.0,64360.0,64245.0,64344.0,233.00453,3804
2026-08-17 18:15:00+00:00,64344.0,64580.0,64325.0,64441.0,1034.91962,8369
2026-08-17 18:30:00+00:00,64440.0,64466.0,64364.0,64436.0,926.46231,5228
2026-08-17 18:45:00+00:00,64436.0,64460.0,64370.0,64391.0,733.31553,4641
2026-08-17 19:00:00+00:00,64392.0,64392.0,64281.0,64294.0,215.31184,3160
2026-08-17 19:15:00+00:00,64295.0,64381.0,64283.0,64368.0,630.78292,3615
2026-08-17 19:30:00+00:00,64367.0,64381.0,64302.0,64332.0,63.78914,1915
2026-08-17 19:45:00+00:00,64333.0,64333.0,64240.0,64275.0,153.30299,2021
2026-08-17 20:00:00+00:00,64274.0,64276.0,64226.0,64276.0,79.58787,2053
2026-08-17 20:15:00+00:00,64276.0,64400.0,64249.0,64380.0,185.87121,1807
2026-08-17 20:30:00+00:00,64380.0,64381.0,64313.0,64358.0,101.80095,1729
2026-08-17 20:45:00+00:00,64358.0,64377.0,64290.0,64355.0,175.50392,1893
2026-08-17 21:00:00+00:00,64356.0,64394.0,64326.0,64330.0,89.65607,1592
2026-08-17 21:15:00+00:00,64330.0,64371.0,64285.0,64286.0,91.51917,1572
2026-08-17 21:30:00+00:00,64286.0,64340.0,64244.0,64303.0,322.39573,1920
2026-08-17 21:45:00+00:00,64302.0,64354.0,64301.0,64341.0,27.54454,1050
2026-08-17 22:00:00+00:00,64341.0,64382.0,64271.0,64274.0,154.20326,1620
2026-08-17 22:15:00+00:00,64273.0,64300.0,64242.0,64257.0,23.61103,904
2026-08-17 22:30:00+00:00,64258.0,64299.0,64238.0,64267.0,24.96083,904
2026-08-17 22:45:00+00:00,64268.0,64279.0,64236.0,64249.0,102.43856,1337
2026-08-17 23:00:00+00:00,64250.0,64338.0,64249.0,64323.0,131.0404,1624
2026-08-17 23:15:00+00:00,64323.0,64450.0,64322.0,64450.0,253.32943,2010
2026-08-17 23:30:00+00:00,64449.0,64532.0,64416.0,64449.0,219.76977,2613
2026-08-17 23:45:00+00:00,64449.0,64543.0,64440.0,64494.0,147.12325,1951
2026-08-18 00:00:00+00:00,64494.0,64523.0,64376.0,64399.0,459.18777,2787
2026-08-18 00:15:00+00:00,64399.0,64466.0,64398.0,64421.0,290.5451,2198
2026-08-18 00:30:00+00:00,64421.0,64421.0,64335.0,64356.0,252.69152,1997
2026-08-18 00:45:00+00:00,64357.0,64362.0,64314.0,64343.0,140.51815,1616
2026-08-18 01:00:00+00:00,64344.0,64348.0,64260.0,64311.0,127.49005,1575
2026-08-18 01:15:00+00:00,64311.0,64322.0,64266.0,64287.0,27.39095,1112
2026-08-18 01:30:00+00:00,64289.0,64310.0,64193.0,64241.0,109.01634,1813
2026-08-18 01:45:00+00:00,64241.0,64242.0,64107.0,64165.0,271.49801,3221
2026-08-18 02:00:00+00:00,64166.0,64239.0,64144.0,64144.0,121.8512,1782
2026-08-18 02:15:00+00:00,64144.0,64165.0,64120.0,64123.0,70.08767,1454
2026-08-18 02:30:00+00:00,64123.0,64170.0,64083.0,64090.0,94.8491,1820
2026-08-18 02:45:00+00:00,64090.0,64100.0,64003.0,64069.0,509.51307,3918
2026-08-18 03:00:00+00:00,64069.0,64100.0,64054.0,64054.0,61.99039,1263
2026-08-18 03:15:00+00:00,64055.0,64115.0,64054.0,64072.0,188.1859,1783
2026-08-18 03:30:00+00:00,64073.0,64146.0,64000.0,64146.0,120.24902,1624
2026-08-18 03:45:00+00:00,64145.0,64149.0,64111.0,64147.0,35.85415,817
2026-08-18 04:00:00+00:00,64147.0,64147.0,64050.0,64110.0,54.78544,1272
2026-08-18 04:15:00+00:00,64110.0,64120.0,64086.0,64120.0,15.57541,815
2026-08-18 04:30:00+00:00,64120.0,64213.0,64119.0,64182.0,215.05835,1305
2026-08-18 04:45:00+00:00,64182.0,64192.0,64151.0,64180.0,51.37013,968
2026-08-18 05:00:00+00:00,64181.0,64242.0,64150.0,64199.0,168.0837,1370
2026-08-18 05:15:00+00:00,64200.0,64226.0,64180.0,64226.0,49.01221,944
2026-08-18 05:30:00+00:00,64225.0,64226.0,64103.0,64215.0,117.22718,1332
2026-08-18 05:45:00+00:00,64216.0,64216.0,64162.0,64199.0,33.42373,969
2026-08-18 06:00:00+00:00,64198.0,64237.0,64124.0,64196.0,141.52887,1373
2026-08-18 06:15:00+00:00,64196.0,64325.0,64196.0,64309.0,94.4371,1537
2026-08-18 06:30:00+00:00,64309.0,64418.0,64309.0,64398.0,217.13321,2275
2026-08-18 06:45:00+00:00,64398.0,64399.0,64240.0,64287.0,234.97114,2342
2026-08-18 07:00:00+00:00,64287.0,64317.0,64257.0,64309.0,109.00213,1454
2026-08-18 07:15:00+00:00,64308.0,64326.0,64246.0,64247.0,56.69325,1046
2026-08-18 07:30:00+00:00,64246.0,64249.0,64197.0,64213.0,133.04566,1595
2026-08-18 07:45:00+00:00,64214.0,64214.0,64120.0,64166.0,503.78861,2329
2026-08-18 08:00:00+00:00,64167.0,64177.0,64049.0,64120.0,270.37341,2611
2026-08-18 08:15:00+00:00,64120.0,64207.0,64120.0,64178.0,200.94983,1737
2026-08-18 08:30:00+00:00,64178.0,64303.0,64175.0,64258.0,174.35733,1564
2026-08-18 08:45:00+00:00,64259.0,64259.0,64216.0,64249.0,55.28306,1461
2026-08-18 09:00:00+00:00,64250.0,64250.0,64199.0,64207.0,90.04784,1739
2026-08-18 09:15:00+00:00,64207.0,64207.0,64115.0,64119.0,149.45246,2072
2026-08-18 09:30:00+00:00,64120.0,64158.0,64108.0,64123.0,72.22168,1374
2026-08-18 09:45:00+00:00,64123.0,64146.0,64108.0,64145.0,56.2833,1044
2026-08-18 10:00:00+00:00,64145.0,64174.0,64105.0,64125.0,109.62943,1497
2026-08-18 10:15:00+00:00,64125.0,64147.0,64083.0,64133.0,118.39916,1479
2026-08-18 10:30:00+00:00,64134.0,64190.0,64133.0,64160.0,48.57435,1053
2026-08-18 10:45:00+00:00,64160.0,64176.0,64157.0,64172.0,19.13173,749
2026-08-18 11:00:00+00:00,64173.0,64300.0,64168.0,64292.0,258.04637,2222
2026-08-18 11:15:00+00:00,64293.0,64350.0,64292.0,64333.0,168.8299,2244
2026-08-18 11:30:00+00:00,64333.0,64364.0,64312.0,64355.0,175.82935,1801
2026-08-18 11:45:00+00:00,64355.0,64376.0,64306.0,64324.0,74.48901,1718
2026-08-18 12:00:00+00:00,64324.0,64324.0,64243.0,64263.0,178.47674,1930
2026-08-18 12:15:00+00:00,64263.0,64300.0,64252.0,64270.0,52.98285,1242
2026-08-18 12:30:00+00:00,64270.0,64274.0,64216.0,64217.0,78.18717,2145
2026-08-18 12:45:00+00:00,64217.0,64224.0,64191.0,64191.0,26.02946,1783
2026-08-18 13:00:00+00:00,64192.0,64192.0,64120.0,64163.0,319.65958,3449
2026-08-18 13:15:00+00:00,64163.0,64163.0,64034.0,64044.0,181.36766,2526
2026-08-18 13:30:00+00:00,64043.0,64221.0,64016.0,64160.0,239.36179,3984
2026-08-18 13:45:00+00:00,64161.0,64257.0,64092.0,64190.0,153.50809,2893
2026-08-18 14:00:00+00:00,64191.0,64352.0,64190.0,64216.0,598.66701,6484
2026-08-18 14:15:00+00:00,64217.0,65005.0,64215.0,64968.0,3422.8487,18590
2026-08-18 14:30:00+00:00,64968.0,65018.0,64701.0,64758.0,1426.92642,10070
2026-08-18 14:45:00+00:00,64759.0,64824.0,64632.0,64684.0,610.0486,5678
2026-08-18 15:00:00+00:00,64684.0,64782.0,64620.0,64706.0,307.70354,4602
2026-08-18 15:15:00+00:00,64707.0,64807.0,64685.0,64775.0,470.30468,3309
2026-08-18 15:30:00+00:00,64775.0,64846.0,64771.0,64790.0,187.75862,2829
2026-08-18 15:45:00+00:00,64791.0,64852.0,64770.0,64820.0,123.17963,2301
2026-08-18 16:00:00+00:00,64821.0,64861.0,64702.0,64705.0,973.16918,4014
2026-08-18 16:15:00+00:00,64705.0,64708.0,64659.0,64660.0,86.03237,2413
2026-08-18 16:30:00+00:00,64659.0,64780.0,64636.0,64757.0,223.5747,2954
2026-08-18 16:45:00+00:00,64756.0,64840.0,64748.0,64807.0,89.48545,1923
2026-08-18 17:00:00+00:00,64806.0,64806.0,64740.0,64768.0,78.49459,2053
2026-08-18 17:15:00+00:00,64767.0,64799.0,64722.0,64799.0,140.16071,1649
2026-08-18 17:30:00+00:00,64799.0,64799.0,64673.0,64689.0,384.75109,2149
2026-08-18 17:45:00+00:00,64690.0,64690.0,64633.0,64634.0,107.52467,1710
2026-08-18 18:00:00+00:00,64633.0,64690.0,64617.0,64689.0,392.36186,1925
2026-08-18 18:15:00+00:00,64690.0,64784.0,64689.0,64773.0,570.72205,2189
2026-08-18 18:30:00+00:00,64773.0,64795.0,64726.0,64727.0,127.54954,1375
2026-08-18 18:45:00+00:00,64726.0,64775.0,64726.0,64733.0,29.26507,1060
2026-08-18 19:00:00+00:00,64734.0,64734.0,64685.0,64692.0,79.00079,1554
2026-08-18 19:15:00+00:00,64692.0,64772.0,64680.0,64751.0,39.82333,1077
2026-08-18 19:30:00+00:00,64752.0,64753.0,64648.0,64649.0,68.48008,1306
2026-08-18 19:45:00+00:00,64649.0,64660.0,64612.0,64621.0,309.58665,2206
2026-08-18 20:00:00+00:00,64621.0,64629.0,64567.0,64629.0,193.36567,2400
2026-08-18 20:15:00+00:00,64628.0,64631.0,64582.0,64585.0,53.9347,997
2026-08-18 20:30:00+00:00,64586.0,64623.0,64585.0,64588.0,33.0077,1019
2026-08-18 20:45:00+00:00,64588.0,64588.0,64530.0,64544.0,308.68589,1810
2026-08-18 21:00:00+00:00,64545.0,64626.0,64544.0,64595.0,89.93847,1529
2026-08-18 21:15:00+00:00,64596.0,64602.0,64577.0,64602.0,138.46643,1534
2026-08-18 21:30:00+00:00,64602.0,64602.0,64538.0,64562.0,76.33863,1709
2026-08-18 21:45:00+00:00,64562.0,64580.0,64547.0,64571.0,86.54641,1440
2026-08-18 22:00:00+00:00,64572.0,64583.0,64539.0,64549.0,110.34403,1842
2026-08-18 22:15:00+00:00,64549.0,64574.0,64529.0,64562.0,49.98694,1228
2026-08-18 22:30:00+00:00,64562.0,64623.0,64562.0,64605.0,45.60877,1222
2026-08-18 22:45:00+00:00,64606.0,64606.0,64573.0,64605.0,49.19463,1080
2026-08-18 23:00:00+00:00,64606.0,64691.0,64605.0,64674.0,253.93111,1754
2026-08-18 23:15:00+00:00,64674.0,64712.0,64673.0,64711.0,235.66305,1641
2026-08-18 23:30:00+00:00,64712.0,64757.0,64711.0,64755.0,211.84799,1609
2026-08-18 23:45:00+00:00,64756.0,64760.0,64694.0,64696.0,283.07418,1949
2026-08-19 00:00:00+00:00,64696.0,64710.0,64552.0,64552.0,402.73616,2976
2026-08-19 00:15:00+00:00,64553.0,64639.0,64508.0,64571.0,315.81681,2662
2026-08-19 00:30:00+00:00,64572.0,64632.0,64507.0,64534.0,356.37825,2950
2026-08-19 00:45:00+00:00,64532.0,64549.0,64442.0,64454.0,342.1244,2683
2026-08-19 01:00:00+00:00,64454.0,64500.0,64399.0,64496.0,666.95087,3391
2026-08-19 01:15:00+00:00,64495.0,64497.0,64415.0,64450.0,43.99739,1434
2026-08-19 01:30:00+00:00,64451.0,64457.0,64365.0,64387.0,88.90753,1505
2026-08-19 01:45:00+00:00,64387.0,64415.0,64361.0,64368.0,84.5824,1440
2026-08-19 02:00:00+00:00,64369.0,64385.0,64321.0,64369.0,276.29363,2071
2026-08-19 02:15:00+00:00,64368.0,64388.0,64317.0,64359.0,77.74458,1414
2026-08-19 02:30:00+00:00,64359.0,64380.0,64348.0,64355.0,27.30015,1013
2026-08-19 02:45:00+00:00,64356.0,64386.0,64310.0,64320.0,74.37523,931
2026-08-19 03:00:00+00:00,64319.0,64325.0,64239.0,64318.0,659.25698,3034
2026-08-19 03:15:00+00:00,64318.0,64388.0,64317.0,64335.0,57.10448,1213
2026-08-19 03:30:00+00:00,64334.0,64335.0,64300.0,64317.0,21.42037,808
2026-08-19 03:45:00+00:00,64317.0,64341.0,64299.0,64300.0,39.92939,874
2026-08-19 04:00:00+00:00,64300.0,64300.0,64262.0,64286.0,32.25019,954
2026-08-19 04:15:00+00:00,64286.0,64371.0,64285.0,64328.0,75.8751,1047
2026-08-19 04:30:00+00:00,64327.0,64346.0,64293.0,64320.0,115.05172,1214
2026-08-19 04:45:00+00:00,64319.0,64343.0,64271.0,64286.0,174.38195,1064
2026-08-19 05:00:00+00:00,64286.0,64388.0,64278.0,64380.0,186.64521,1300
2026-08-19 05:15:00+00:00,64381.0,64381.0,64271.0,64333.0,52.69634,849
2026-08-19 05:30:00+00:00,64332.0,64332.0,64285.0,64286.0,24.86213,758
2026-08-19 05:45:00+00:00,64287.0,64287.0,64202.0,64203.0,81.55139,1388
2026-08-19 06:00:00+00:00,64203.0,64217.0,64122.0,64151.0,524.82008,2672
2026-08-19 06:15:00+00:00,64150.0,64284.0,64150.0,64240.0,269.6445,2049
2026-08-19 06:30:00+00:00,64239.0,64259.0,64226.0,64234.0,81.76749,1444
2026-08-19 06:45:00+00:00,64234.0,64319.0,64231.0,64311.0,115.90421,1857
2026-08-19 07:00:00+00:00,64310.0,64344.0,64240.0,64343.0,128.69519,1552
2026-08-19 07:15:00+00:00,64343.0,64344.0,64275.0,64312.0,79.66496,1402
2026-08-19 07:30:00+00:00,64313.0,64369.0,64309.0,64332.0,30.18939,1355
2026-08-19 07:45:00+00:00,64331.0,64347.0,64266.0,64266.0,63.19928,1519
2026-08-19 08:00:00+00:00,64267.0,64296.0,64223.0,64223.0,50.55436,1332
2026-08-19 08:15:00+00:00,64223.0,64258.0,64216.0,64254.0,37.99564,962
2026-08-19 08:30:00+00:00,64254.0,64492.0,64253.0,64424.0,306.67598,2461
2026-08-19 08:45:00+00:00,64424.0,64443.0,64388.0,64388.0,44.46244,1591
2026-08-19 09:00:00+00:00,64388.0,64440.0,64359.0,64360.0,40.66973,1664
2026-08-19 09:15:00+00:00,64359.0,64389.0,64337.0,64353.0,37.82099,1488
2026-08-19 09:30:00+00:00,64352.0,64368.0,64326.0,64332.0,24.4033,1220
2026-08-19 09:45:00+00:00,64334.0,64398.0,64332.0,64398.0,48.21786,1227
2026-08-19 10:00:00+00:00,64397.0,64398.0,64337.0,64361.0,36.22812,1330
2026-08-19 10:15:00+00:00,64361.0,64369.0,64345.0,64369.0,35.62843,1343
2026-08-19 10:30:00+00:00,64369.0,64397.0,64350.0,64377.0,120.10768,1411
2026-08-19 10:45:00+00:00,64376.0,64432.0,64368.0,64431.0,93.10918,1425
2026-08-19 11:00:00+00:00,64431.0,64499.0,64421.0,64475.0,370.45563,2568
2026-08-19 11:15:00+00:00,64475.0,64500.0,64457.0,64476.0,204.32933,1938
2026-08-19 11:30:00+00:00,64477.0,64500.0,64433.0,64434.0,244.65261,1876
2026-08-19 11:45:00+00:00,64434.0,64496.0,64433.0,64479.0,95.97387,1190
2026-08-19 12:00:00+00:00,64479.0,64491.0,64437.0,64478.0,109.96741,1460
2026-08-19 12:15:00+00:00,64478.0,64478.0,64459.0,64467.0,40.98767,1170
2026-08-19 12:30:00+00:00,64467.0,64914.0,64450.0,64913.0,1078.7423,7260
2026-08-19 12:45:00+00:00,64913.0,64952.0,64776.0,64841.0,1620.63713,7087
2026-08-19 13:00:00+00:00,64840.0,64960.0,64745.0,64888.0,683.0507,5502
2026-08-19 13:15:00+00:00,64888.0,65000.0,64881.0,64971.0,783.69852,4925
2026-08-19 13:30:00+00:00,64971.0,65200.0,64778.0,65014.0,2318.9933,14815
2026-08-19 13:45:00+00:00,65014.0,65149.0,64942.0,64980.0,668.083,11750
2026-08-19 14:00:00+00:00,64979.0,65398.0,64977.0,65374.0,1677.71456,15976
2026-08-19 14:15:00+00:00,65373.0,65450.0,65284.0,65385.0,1181.2531,9202
2026-08-19 14:30:00+00:00,65377.0,65469.0,65325.0,65422.0,804.13909,5950
2026-08-19 14:45:00+00:00,65422.0,65941.0,65412.0,65892.0,3331.15652,19452
2026-08-19 15:00:00+00:00,65892.0,66762.0,65851.0,66624.0,5284.15023,28948
2026-08-19 15:15:00+00:00,66625.0,70224.0,66546.0,68269.0,12954.28394,54741
2026-08-19 15:30:00+00:00,68269.0,68819.0,67727.0,68663.0,6033.64398,37236
2026-08-19 15:45:00+00:00,68663.0,68663.0,68201.0,68532.0,3042.27665,19006
2026-08-19 16:00:00+00:00,68533.0,68956.0,68467.0,68535.0,2500.98642,16253
2026-08-19 16:15:00+00:00,68536.0,68891.0,68535.0,68875.0,1045.91908,8825
2026-08-19 16:30:00+00:00,68875.0,68875.0,68517.0,68562.0,1485.61231,9928
2026-08-19 16:45:00+00:00,68562.0,68678.0,68372.0,68430.0,1270.95857,8928
2026-08-19 17:00:00+00:00,68430.0,68496.0,68177.0,68210.0,2848.98601,11869
2026-08-19 17:15:00+00:00,68209.0,68281.0,67811.0,67972.0,3016.2331,12362
2026-08-19 17:30:00+00:00,67975.0,68025.0,67792.0,68018.0,1254.47585,7681
2026-08-19 17:45:00+00:00,68018.0,68233.0,68018.0,68170.0,731.22414,6741
2026-08-19 18:00:00+00:00,68170.0,68227.0,68001.0,68152.0,788.12848,5918
2026-08-19 18:15:00+00:00,68152.0,68299.0,68152.0,68248.0,659.6256,5317
2026-08-19 18:30:00+00:00,68247.0,68400.0,68200.0,68399.0,524.71212,4963
2026-08-19 18:45:00+00:00,68399.0,68426.0,68288.0,68369.0,428.20626,4376
2026-08-19 19:00:00+00:00,68369.0,68414.0,68067.0,68083.0,422.73985,4900
2026-08-19 19:15:00+00:00,68083.0,68363.0,68083.0,68149.0,675.54615,6030
2026-08-19 19:30:00+00:00,68149.0,68380.0,68086.0,68372.0,751.93083,4985
2026-08-19 19:45:00+00:00,68372.0,68459.0,68338.0,68404.0,425.53383,4320
2026-08-19 20:00:00+00:00,68403.0,68691.0,68354.0,68648.0,660.22326,5988
2026-08-19 20:15:00+00:00,68648.0,68786.0,68529.0,68671.0,667.61373,5668
2026-08-19 20:30:00+00:00,68671.0,68761.0,68609.0,68631.0,264.70186,3887
2026-08-19 20:45:00+00:00,68631.0,69628.0,68594.0,69028.0,3929.4316,18955
2026-08-19 21:00:00+00:00,69027.0,69956.0,68966.0,69430.0,2783.52973,22743
2026-08-19 21:15:00+00:00,69429.0,69745.0,69257.0,69632.0,1039.61609,9085
2026-08-19 21:30:00+00:00,69631.0,69837.0,69359.0,69668.0,1022.05877,8826
2026-08-19 21:45:00+00:00,69667.0,70046.0,69493.0,69714.0,1291.03857,11050
2026-08-19 22:00:00+00:00,69713.0,69830.0,69283.0,69283.0,993.46968,7229
2026-08-19 22:15:00+00:00,69284.0,69395.0,69128.0,69130.0,523.55003,9003
2026-08-19 22:30:00+00:00,69130.0,69471.0,68967.0,69331.0,646.79236,12434
2026-08-19 22:45:00+00:00,69331.0,69332.0,69091.0,69244.0,422.49103,7522
2026-08-19 23:00:00+00:00,69243.0,69411.0,69199.0,69331.0,472.71287,3902
2026-08-19 23:15:00+00:00,69330.0,69445.0,69247.0,69352.0,455.77381,3681
2026-08-19 23:30:00+00:00,69351.0,69386.0,69229.0,69312.0,349.97662,3192
2026-08-19 23:45:00+00:00,69308.0,69334.0,69139.0,69323.0,181.2204,2980
2026-08-20 00:00:00+00:00,69323.0,69655.0,69311.0,69553.0,765.17151,6497
2026-08-20 00:15:00+00:00,69552.0,69773.0,69545.0,69600.0,527.86285,4565
2026-08-20 00:30:00+00:00,69599.0,69677.0,69463.0,69561.0,285.62121,3826
2026-08-20 00:45:00+00:00,69559.0,69690.0,69351.0,69400.0,170.27353,3107
2026-08-20 01:00:00+00:00,69399.0,69502.0,69262.0,69353.0,246.06086,3286
2026-08-20 01:15:00+00:00,69352.0,69421.0,69256.0,69310.0,131.18107,2515
2026-08-20 01:30:00+00:00,69310.0,69626.0,69279.0,69626.0,238.61551,3031
2026-08-20 01:45:00+00:00,69626.0,69874.0,69625.0,69701.0,432.67521,4247
2026-08-20 02:00:00+00:00,69702.0,69813.0,69561.0,69663.0,258.14638,3155
2026-08-20 02:15:00+00:00,69663.0,69697.0,69465.0,69499.0,137.83198,2453
2026-08-20 02:30:00+00:00,69500.0,69536.0,69302.0,69305.0,231.71314,3049
2026-08-20 02:45:00+00:00,69305.0,69365.0,69257.0,69304.0,139.09063,2506
2026-08-20 03:00:00+00:00,69302.0,69302.0,68898.0,68991.0,873.78163,5243
2026-08-20 03:15:00+00:00,68986.0,69200.0,68944.0,68963.0,206.9834,2745
2026-08-20 03:30:00+00:00,68962.0,69200.0,68962.0,69196.0,196.14115,2389
2026-08-20 03:45:00+00:00,69195.0,69351.0,69157.0,69188.0,181.62959,2396
2026-08-20 04:00:00+00:00,69188.0,69381.0,69161.0,69368.0,446.15878,2721
2026-08-20 04:15:00+00:00,69367.0,69400.0,69290.0,69351.0,256.40496,2502
2026-08-20 04:30:00+00:00,69350.0,69380.0,69231.0,69333.0,211.38158,2066
2026-08-20 04:45:00+00:00,69332.0,69585.0,69332.0,69486.0,287.6952,2855
2026-08-20 05:00:00+00:00,69486.0,69553.0,69451.0,69458.0,160.18955,1923
2026-08-20 05:15:00+00:00,69457.0,69661.0,69445.0,69576.0,90.58313,2049
2026-08-20 05:30:00+00:00,69575.0,69630.0,69520.0,69558.0,184.44033,1908
2026-08-20 05:45:00+00:00,69557.0,69557.0,69352.0,69407.0,210.18661,2493
2026-08-20 06:00:00+00:00,69413.0,69435.0,69360.0,69377.0,178.41575,2403
2026-08-20 06:15:00+00:00,69376.0,69692.0,69352.0,69587.0,147.59659,2776
2026-08-20 06:30:00+00:00,69588.0,69784.0,69588.0,69774.0,256.27035,3055
2026-08-20 06:45:00+00:00,69773.0,69950.0,69767.0,69843.0,950.33041,4307
2026-08-20 07:00:00+00:00,69843.0,69999.0,69742.0,69789.0,480.53337,4682
2026-08-20 07:15:00+00:00,69787.0,69787.0,69611.0,69673.0,236.82295,2760
2026-08-20 07:30:00+00:00,69674.0,69674.0,69493.0,69609.0,335.92409,2975
2026-08-20 07:45:00+00:00,69609.0,69839.0,69559.0,69838.0,330.44711,2840
2026-08-20 08:00:00+00:00,69839.0,71362.0,69792.0,71309.0,5128.24887,24634
2026-08-20 08:15:00+00:00,71309.0,71646.0,71025.0,71337.0,2099.90738,14641
2026-08-20 08:30:00+00:00,71337.0,71650.0,71155.0,71502.0,2454.44592,12108
2026-08-20 08:45:00+00:00,71502.0,71801.0,71433.0,71565.0,1814.92415,11317
2026-08-20 09:00:00+00:00,71565.0,71970.0,71485.0,71922.0,2167.50185,11645
2026-08-20 09:15:00+00:00,71922.0,72055.0,71735.0,71818.0,1256.41805,8595
2026-08-20 09:30:00+00:00,71818.0,72052.0,71720.0,71983.0,604.99257,5602
2026-08-20 09:45:00+00:00,71981.0,72012.0,71667.0,71792.0,1055.90111,6211
2026-08-20 10:00:00+00:00,71790.0,72154.0,71691.0,72138.0,1095.7515,6284
2026-08-20 10:15:00+00:00,72129.0,72501.0,71970.0,72026.0,3165.21875,14986
2026-08-20 10:30:00+00:00,72025.0,72028.0,71747.0,71791.0,1327.2229,8317
2026-08-20 10:45:00+00:00,71790.0,71984.0,71790.0,71984.0,635.60816,6078
2026-08-20 11:00:00+00:00,71983.0,72140.0,71824.0,71969.0,1461.88087,6691
2026-08-20 11:15:00+00:00,71969.0,72031.0,71844.0,71870.0,399.23653,3941
2026-08-20 11:30:00+00:00,71871.0,72319.0,71836.0,72135.0,667.17998,6813
2026-08-20 11:45:00+00:00,72141.0,72262.0,71800.0,71902.0,521.85435,5703
2026-08-20 12:00:00+00:00,71902.0,71965.0,71454.0,71777.0,1291.02308,9375
2026-08-20 12:15:00+00:00,71776.0,71859.0,71666.0,71818.0,191.95111,3942
2026-08-20 12:30:00+00:00,71819.0,71988.0,71631.0,71653.0,853.57141,5983
2026-08-20 12:45:00+00:00,71654.0,71931.0,71478.0,71931.0,699.57493,6163
2026-08-20 13:00:00+00:00,71931.0,72068.0,71864.0,72039.0,281.5451,4739
2026-08-20 13:15:00+00:00,72036.0,72036.0,71828.0,71931.0,363.96019,4468
2026-08-20 13:30:00+00:00,71932.0,71932.0,71134.0,71643.0,2881.33469,15199
2026-08-20 13:45:00+00:00,71644.0,71830.0,71408.0,71650.0,1216.94544,7914
2026-08-20 14:00:00+00:00,71650.0,71961.0,71575.0,71790.0,848.06704,8453
2026-08-20 14:15:00+00:00,71791.0,71791.0,71349.0,71425.0,781.25217,6644
2026-08-20 14:30:00+00:00,71425.0,71696.0,71394.0,71519.0,450.57279,5224
2026-08-20 14:45:00+00:00,71519.0,71804.0,71398.0,71803.0,564.94875,5483
2026-08-20 15:00:00+00:00,71804.0,72600.0,71771.0,72229.0,3317.65925,18672
2026-08-20 15:15:00+00:00,72230.0,72411.0,71971.0,72399.0,960.01917,8428
2026-08-20 15:30:00+00:00,72400.0,72824.0,72154.0,72226.0,1729.96811,12669
2026-08-20 15:45:00+00:00,72227.0,72571.0,72164.0,72453.0,1017.30959,6711
2026-08-20 16:00:00+00:00,72454.0,72499.0,72261.0,72296.0,352.85531,5260
2026-08-20 16:15:00+00:00,72297.0,72412.0,72191.0,72400.0,217.01911,3958
2026-08-20 16:30:00+00:00,72400.0,72697.0,72270.0,72631.0,466.00344,5905
2026-08-20 16:45:00+00:00,72631.0,72956.0,72508.0,72834.0,982.87578,8762
2026-08-20 17:00:00+00:00,72834.0,72869.0,72525.0,72675.0,819.02258,7417
2026-08-20 17:15:00+00:00,72679.0,72815.0,72546.0,72809.0,278.13568,3879
2026-08-20 17:30:00+00:00,72809.0,72849.0,72663.0,72751.0,376.01465,4155
2026-08-20 17:45:00+00:00,72751.0,72969.0,72691.0,72717.0,418.42045,4987
2026-08-20 18:00:00+00:00,72718.0,72800.0,72460.0,72598.0,692.29502,6538
2026-08-20 18:15:00+00:00,72598.0,72726.0,72477.0,72667.0,289.74208,3913
2026-08-20 18:30:00+00:00,72667.0,72683.0,72359.0,72481.0,501.88873,4930
2026-08-20 18:45:00+00:00,72481.0,72612.0,72401.0,72408.0,248.92958,3314
2026-08-20 19:00:00+00:00,72409.0,72480.0,72303.0,72460.0,566.43569,4705
2026-08-20 19:15:00+00:00,72461.0,72612.0,72460.0,72586.0,180.31067,2775
2026-08-20 19:30:00+00:00,72586.0,72750.0,72532.0,72693.0,243.71978,5028
2026-08-20 19:45:00+00:00,72694.0,72723.0,72564.0,72609.0,164.04558,3152
2026-08-20 20:00:00+00:00,72613.0,72765.0,72607.0,72665.0,209.86175,2769
2026-08-20 20:15:00+00:00,72665.0,72878.0,72599.0,72793.0,285.78552,4237
2026-08-20 20:30:00+00:00,72794.0,73028.0,72674.0,72730.0,764.1624,6447
2026-08-20 20:45:00+00:00,72731.0,72756.0,72565.0,72642.0,493.45903,3821
2026-08-20 21:00:00+00:00,72643.0,72672.0,72522.0,72672.0,325.93395,2894
2026-08-20 21:15:00+00:00,72672.0,72826.0,72624.0,72631.0,183.19671,2476
2026-08-20 21:30:00+00:00,72631.0,72816.0,72630.0,72700.0,295.80788,2553
2026-08-20 21:45:00+00:00,72700.0,72748.0,72671.0,72699.0,51.46894,1427
2026-08-20 22:00:00+00:00,72700.0,72700.0,72448.0,72580.0,817.33717,4536
2026-08-20 22:15:00+00:00,72579.0,72800.0,72514.0,72765.0,349.85454,2923
2026-08-20 22:30:00+00:00,72765.0,72774.0,72643.0,72655.0,74.45133,1641
2026-08-20 22:45:00+00:00,72654.0,72843.0,72649.0,72649.0,81.91715,1948
2026-08-20 23:00:00+00:00,72650.0,72890.0,72632.0,72890.0,246.55754,2069
2026-08-20 23:15:00+00:00,72890.0,73370.0,72870.0,73172.0,1690.72077,10315
2026-08-20 23:30:00+00:00,73180.0,73369.0,73038.0,73077.0,677.35082,4875
2026-08-20 23:45:00+00:00,73076.0,73132.0,72959.0,72996.0,488.81562,3769
2026-08-21 00:00:00+00:00,73001.0,73492.0,73001.0,73468.0,1347.91613,7691
2026-08-21 00:15:00+00:00,73468.0,73883.0,73341.0,73698.0,2377.25284,13277
2026-08-21 00:30:00+00:00,73699.0,73998.0,73518.0,73671.0,1394.18124,9204
2026-08-21 00:45:00+00:00,73675.0,73830.0,73580.0,73700.0,297.57346,4224
2026-08-21 01:00:00+00:00,73699.0,73964.0,73651.0,73963.0,530.17488,5109
2026-08-21 01:15:00+00:00,73963.0,74888.0,73934.0,74705.0,4238.94442,22384
2026-08-21 01:30:00+00:00,74705.0,75000.0,74519.0,74733.0,2191.60635,12127
2026-08-21 01:45:00+00:00,74734.0,75816.0,74700.0,75121.0,4709.34356,23220
2026-08-21 02:00:00+00:00,75121.0,75184.0,74676.0,74870.0,1445.82239,10248
2026-08-21 02:15:00+00:00,74870.0,74999.0,74656.0,74979.0,1779.09037,8302
2026-08-21 02:30:00+00:00,74979.0,75114.0,74574.0,74707.0,1850.83701,7978
2026-08-21 02:45:00+00:00,74707.0,74708.0,74362.0,74425.0,829.88844,6638
2026-08-21 03:00:00+00:00,74425.0,74484.0,74227.0,74437.0,660.44776,5501
2026-08-21 03:15:00+00:00,74437.0,74634.0,74314.0,74599.0,662.70276,3868
2026-08-21 03:30:00+00:00,74599.0,74724.0,74436.0,74679.0,534.82605,3793
2026-08-21 03:45:00+00:00,74678.0,74905.0,74503.0,74516.0,1398.63578,6075
2026-08-21 04:00:00+00:00,74515.0,74900.0,74515.0,74876.0,394.99422,4584
2026-08-21 04:15:00+00:00,74875.0,74954.0,74800.0,74808.0,275.07793,3839
2026-08-21 04:30:00+00:00,74807.0,75002.0,74785.0,74957.0,425.79708,4679
2026-08-21 04:45:00+00:00,74957.0,75058.0,74928.0,75032.0,691.52207,5503
2026-08-21 05:00:00+00:00,75031.0,75354.0,74896.0,75339.0,689.37493,6539
2026-08-21 05:15:00+00:00,75338.0,75499.0,75038.0,75200.0,1519.33471,7366
2026-08-21 05:30:00+00:00,75199.0,75392.0,75098.0,75269.0,709.61357,4419
2026-08-21 05:45:00+00:00,75269.0,75463.0,75220.0,75463.0,559.24095,4077
2026-08-21 06:00:00+00:00,75462.0,75518.0,75270.0,75277.0,473.86861,4394
2026-08-21 06:15:00+00:00,75276.0,75493.0,75083.0,75327.0,593.99376,5165
2026-08-21 06:30:00+00:00,75326.0,75737.0,75311.0,75381.0,1328.88437,8028
2026-08-21 06:45:00+00:00,75380.0,75633.0,75271.0,75633.0,826.70148,5323
2026-08-21 07:00:00+00:00,75632.0,76017.0,75613.0,75960.0,1743.73899,9977
2026-08-21 07:15:00+00:00,75959.0,76941.0,75934.0,76414.0,3329.84514,20203
2026-08-21 07:30:00+00:00,76414.0,76791.0,76283.0,76602.0,956.29668,8211
2026-08-21 07:45:00+00:00,76600.0,76641.0,76239.0,76339.0,527.58126,6641
2026-08-21 08:00:00+00:00,76338.0,77275.0,76287.0,76918.0,1459.13283,12330
2026-08-21 08:15:00+00:00,76917.0,77450.0,76862.0,77253.0,2218.26997,14436
2026-08-21 08:30:00+00:00,77252.0,77844.0,77182.0,77686.0,2317.84562,16921
2026-08-21 08:45:00+00:00,77685.0,79584.0,77632.0,79317.0,4015.85805,33247
2026-08-21 09:00:00+00:00,79316.0,79408.0,77302.0,77910.0,5861.43846,37130
2026-08-21 09:15:00+00:00,77909.0,77977.0,77483.0,77729.0,1670.97461,13534
2026-08-21 09:30:00+00:00,77729.0,78392.0,77645.0,78221.0,1347.81091,11485
2026-08-21 09:45:00+00:00,78223.0,78397.0,77615.0,77936.0,1384.23823,11523
2026-08-21 10:00:00+00:00,77935.0,78125.0,77639.0,78081.0,1066.22857,9011
2026-08-21 10:15:00+00:00,78078.0,78301.0,77687.0,77957.0,871.00175,8672
2026-08-21 10:30:00+00:00,77957.0,77996.0,77642.0,77861.0,531.42251,6795
2026-08-21 10:45:00+00:00,77861.0,78028.0,77766.0,77838.0,400.30439,4443
2026-08-21 11:00:00+00:00,77837.0,77877.0,77341.0,77576.0,955.90896,7122
2026-08-21 11:15:00+00:00,77575.0,77692.0,77257.0,77438.0,927.70326,8127
2026-08-21 11:30:00+00:00,77437.0,77463.0,76444.0,76866.0,2065.25158,17338
2026-08-21 11:45:00+00:00,76866.0,77059.0,76632.0,76768.0,904.60126,8268
2026-08-21 12:00:00+00:00,76768.0,77045.0,76551.0,76968.0,646.88482,7969
2026-08-21 12:15:00+00:00,76968.0,76969.0,76674.0,76718.0,428.65105,5376
2026-08-21 12:30:00+00:00,76717.0,77476.0,76656.0,77455.0,984.0982,9379
2026-08-21 12:45:00+00:00,77455.0,77510.0,77118.0,77230.0,670.70441,6515
2026-08-21 13:00:00+00:00,77231.0,77420.0,77073.0,77218.0,494.49689,5635
2026-08-21 13:15:00+00:00,77217.0,77232.0,76859.0,77117.0,1010.90841,8058
2026-08-21 13:30:00+00:00,77116.0,77364.0,76256.0,77330.0,2779.17628,18637
2026-08-21 13:45:00+00:00,77329.0,77730.0,77145.0,77278.0,1404.9703,13212
2026-08-21 14:00:00+00:00,77278.0,77279.0,76721.0,76794.0,1134.47873,12228
2026-08-21 14:15:00+00:00,76793.0,77230.0,76549.0,77083.0,923.68611,9890
2026-08-21 14:30:00+00:00,77084.0,77268.0,76868.0,77163.0,648.39903,6608
2026-08-21 14:45:00+00:00,77163.0,77475.0,77144.0,77413.0,627.41424,7004
2026-08-21 15:00:00+00:00,77412.0,77831.0,77350.0,77712.0,1538.64335,9550
2026-08-21 15:15:00+00:00,77711.0,77894.0,77541.0,77635.0,572.57982,7507
2026-08-21 15:30:00+00:00,77636.0,77769.0,77500.0,77528.0,491.33601,5722
2026-08-21 15:45:00+00:00,77527.0,77563.0,77184.0,77242.0,649.79808,6813
2026-08-21 16:00:00+00:00,77243.0,77335.0,76883.0,76894.0,1221.19758,8173
2026-08-21 16:15:00+00:00,76891.0,77407.0,76814.0,77404.0,705.48361,7005
2026-08-21 16:30:00+00:00,77404.0,77422.0,77261.0,77372.0,257.40947,3691
2026-08-21 16:45:00+00:00,77371.0,77583.0,77323.0,77499.0,404.53836,4387
2026-08-21 17:00:00+00:00,77499.0,77727.0,77482.0,77574.0,261.25663,4194
2026-08-21 17:15:00+00:00,77573.0,77575.0,77200.0,77574.0,469.58215,5485
2026-08-21 17:30:00+00:00,77575.0,77664.0,77344.0,77386.0,347.71186,4261
2026-08-21 17:45:00+00:00,77385.0,77531.0,77322.0,77400.0,272.39593,2997
2026-08-21 18:00:00+00:00,77401.0,77559.0,77283.0,77337.0,184.33258,3325
2026-08-21 18:15:00+00:00,77337.0,77508.0,77260.0,77397.0,147.31709,2895
2026-08-21 18:30:00+00:00,77397.0,77459.0,76864.0,76955.0,559.33709,5501
2026-08-21 18:45:00+00:00,76948.0,77138.0,76620.0,77136.0,856.01572,8033
2026-08-21 19:00:00+00:00,77135.0,77189.0,76848.0,77139.0,242.23344,4943
2026-08-21 19:15:00+00:00,77139.0,77339.0,76949.0,77323.0,331.64971,5653
2026-08-21 19:30:00+00:00,77323.0,77366.0,77083.0,77164.0,404.21481,5065
2026-08-21 19:45:00+00:00,77168.0,77246.0,77011.0,77018.0,281.42353,3354
2026-08-21 20:00:00+00:00,77019.0,77294.0,76853.0,77269.0,577.53753,6558
2026-08-21 20:15:00+00:00,77268.0,77525.0,77268.0,77483.0,632.80215,4918
2026-08-21 20:30:00+00:00,77482.0,77520.0,77325.0,77455.0,364.95231,3274
2026-08-21 20:45:00+00:00,77457.0,77525.0,77306.0,77510.0,153.72385,2628
2026-08-21 21:00:00+00:00,77509.0,77842.0,77364.0,77692.0,581.21366,4913
2026-08-21 21:15:00+00:00,77692.0,78245.0,77594.0,78110.0,1450.24843,8937
2026-08-21 21:30:00+00:00,78109.0,78575.0,78019.0,78267.0,1285.68227,10896
2026-08-21 21:45:00+00:00,78267.0,78745.0,78259.0,78556.0,1004.28895,8781
2026-08-21 22:00:00+00:00,78557.0,78800.0,78218.0,78789.0,758.54853,8415
2026-08-21 22:15:00+00:00,78789.0,78791.0,78379.0,78541.0,943.59006,7418
2026-08-21 22:30:00+00:00,78544.0,78627.0,78131.0,78547.0,716.81332,7619
2026-08-21 22:45:00+00:00,78547.0,78652.0,78278.0,78485.0,297.38875,4282
2026-08-21 23:00:00+00:00,78493.0,78659.0,78364.0,78579.0,428.77405,4392
2026-08-21 23:15:00+00:00,78579.0,78760.0,78385.0,78441.0,608.67241,5550
2026-08-21 23:30:00+00:00,78441.0,78543.0,78166.0,78423.0,796.32765,5589
2026-08-21 23:45:00+00:00,78424.0,78438.0,78157.0,78383.0,351.77728,3777
2026-08-22 00:00:00+00:00,78382.0,78566.0,77752.0,77947.0,1015.75827,10106
2026-08-22 00:15:00+00:00,77944.0,78141.0,77885.0,77946.0,249.30696,3957
2026-08-22 00:30:00+00:00,77947.0,78078.0,77761.0,77856.0,647.85425,5136
2026-08-22 00:45:00+00:00,77855.0,78009.0,77686.0,77970.0,774.81311,5768
2026-08-22 01:00:00+00:00,77970.0,78208.0,77931.0,78122.0,296.80469,3942
2026-08-22 01:15:00+00:00,78123.0,78190.0,77912.0,78038.0,168.05382,3072
2026-08-22 01:30:00+00:00,78037.0,78269.0,77908.0,77937.0,318.33499,3842
2026-08-22 01:45:00+00:00,77937.0,78036.0,77830.0,77859.0,347.80406,3730
2026-08-22 02:00:00+00:00,77859.0,78132.0,77817.0,78075.0,179.52216,3090
2026-08-22 02:15:00+00:00,78076.0,78530.0,78067.0,78422.0,484.80897,4314
2026-08-22 02:30:00+00:00,78423.0,78549.0,78200.0,78533.0,300.86266,4847
2026-08-22 02:45:00+00:00,78535.0,78600.0,78341.0,78518.0,386.39706,4008
2026-08-22 03:00:00+00:00,78518.0,78748.0,78399.0,78439.0,483.23602,5081
2026-08-22 03:15:00+00:00,78439.0,78853.0,78410.0,78821.0,421.45718,4740
2026-08-22 03:30:00+00:00,78817.0,78885.0,78610.0,78698.0,411.83025,4762
2026-08-22 03:45:00+00:00,78698.0,78745.0,78445.0,78463.0,376.8233,4038
2026-08-22 04:00:00+00:00,78463.0,78521.0,78279.0,78442.0,552.8596,4419
2026-08-22 04:15:00+00:00,78441.0,78649.0,78247.0,78649.0,356.43382,4158
2026-08-22 04:30:00+00:00,78648.0,78874.0,78581.0,78722.0,364.73822,5012
2026-08-22 04:45:00+00:00,78722.0,78748.0,78511.0,78518.0,284.69753,4159
2026-08-22 05:00:00+00:00,78518.0,78644.0,76600.0,77378.0,3838.5571,24427
2026-08-22 05:15:00+00:00,77377.0,77588.0,76783.0,77353.0,1616.86536,13189
2026-08-22 05:30:00+00:00,77354.0,77629.0,76958.0,77233.0,1055.56491,9384
2026-08-22 05:45:00+00:00,77234.0,77566.0,77107.0,77421.0,836.12108,6473
2026-08-22 06:00:00+00:00,77437.0,77498.0,77182.0,77222.0,540.78554,5129
2026-08-22 06:15:00+00:00,77222.0,77448.0,77222.0,77293.0,363.37821,3948
2026-08-22 06:30:00+00:00,77293.0,77637.0,77013.0,77464.0,766.62709,6206
2026-08-22 06:45:00+00:00,77462.0,77608.0,77440.0,77538.0,224.14902,3255
2026-08-22 07:00:00+00:00,77538.0,77715.0,77317.0,77415.0,843.56439,5675
2026-08-22 07:15:00+00:00,77416.0,77544.0,77259.0,77540.0,447.34114,3604
2026-08-22 07:30:00+00:00,77540.0,77561.0,77341.0,77464.0,170.96005,2771
2026-08-22 07:45:00+00:00,77463.0,77490.0,77308.0,77326.0,338.26451,2771
2026-08-22 08:00:00+00:00,77326.0,77497.0,77240.0,77473.0,525.84747,3703
2026-08-22 08:15:00+00:00,77473.0,77492.0,77129.0,77274.0,793.8239,4700
2026-08-22 08:30:00+00:00,77274.0,77396.0,77083.0,77349.0,479.3655,4592
2026-08-22 08:45:00+00:00,77348.0,77348.0,77159.0,77244.0,266.32037,3475
2026-08-22 09:00:00+00:00,77244.0,77419.0,77106.0,77405.0,575.9651,6599
2026-08-22 09:15:00+00:00,77405.0,77428.0,77194.0,77230.0,935.15749,5978
2026-08-22 09:30:00+00:00,77229.0,77252.0,77178.0,77201.0,453.25759,2463
2026-08-22 09:45:00+00:00,77201.0,77201.0,76828.0,77072.0,1284.57048,5906
2026-08-22 10:00:00+00:00,77071.0,77089.0,76702.0,76738.0,432.21032,5365
2026-08-22 10:15:00+00:00,76738.0,76983.0,76558.0,76958.0,961.31082,7751
2026-08-22 10:30:00+00:00,76959.0,77208.0,76887.0,77193.0,397.38881,4067
2026-08-22 10:45:00+00:00,77193.0,77225.0,76917.0,77008.0,375.83755,3424
2026-08-22 11:00:00+00:00,77009.0,77100.0,76850.0,76888.0,318.63565,3248
2026-08-22 11:15:00+00:00,76887.0,77025.0,76840.0,77014.0,185.50982,3342
2026-08-22 11:30:00+00:00,77015.0,77219.0,76984.0,77211.0,249.97578,3004
2026-08-22 11:45:00+00:00,77210.0,77253.0,77103.0,77163.0,87.13909,2186
2026-08-22 12:00:00+00:00,77164.0,77312.0,77108.0,77270.0,302.30439,3085
2026-08-22 12:15:00+00:00,77270.0,77386.0,77240.0,77381.0,447.93505,3171
2026-08-22 12:30:00+00:00,77381.0,77400.0,77260.0,77400.0,406.12343,2934
2026-08-22 12:45:00+00:00,77400.0,77434.0,77306.0,77351.0,555.96677,2838
2026-08-22 13:00:00+00:00,77351.0,77362.0,77229.0,77270.0,122.96646,2011
2026-08-22 13:15:00+00:00,77269.0,77302.0,77162.0,77220.0,95.08354,2012
2026-08-22 13:30:00+00:00,77221.0,77246.0,77155.0,77206.0,149.58338,1822
2026-08-22 13:45:00+00:00,77207.0,77416.0,77206.0,77341.0,145.55022,2341
2026-08-22 14:00:00+00:00,77342.0,77371.0,77002.0,77081.0,322.13467,5262
2026-08-22 14:15:00+00:00,77082.0,77147.0,77006.0,77146.0,178.85873,2078
2026-08-22 14:30:00+00:00,77147.0,77200.0,76995.0,77004.0,306.07926,3002
2026-08-22 14:45:00+00:00,77006.0,77120.0,76976.0,77053.0,196.69893,2134
2026-08-22 15:00:00+00:00,77054.0,77149.0,76995.0,77004.0,256.47111,2658
2026-08-22 15:15:00+00:00,76998.0,77079.0,76932.0,77036.0,107.33687,2377
2026-08-22 15:30:00+00:00,77037.0,77158.0,77030.0,77118.0,128.90016,1863
2026-08-22 15:45:00+00:00,77116.0,77148.0,76961.0,77035.0,239.09478,2254
2026-08-22 16:00:00+00:00,77035.0,77138.0,77009.0,77108.0,156.29991,2509
2026-08-22 16:15:00+00:00,77108.0,77302.0,77107.0,77251.0,391.20051,3054
2026-08-22 16:30:00+00:00,77252.0,77544.0,77231.0,77449.0,437.21881,4724
2026-08-22 16:45:00+00:00,77449.0,77608.0,77340.0,77340.0,542.06797,5517
2026-08-22 17:00:00+00:00,77340.0,77389.0,77295.0,77335.0,159.72822,2728
2026-08-22 17:15:00+00:00,77335.0,77403.0,77127.0,77144.0,273.74222,2805
2026-08-22 17:30:00+00:00,77144.0,77277.0,77144.0,77271.0,144.04375,2396
2026-08-22 17:45:00+00:00,77272.0,77431.0,77271.0,77322.0,246.61224,3249
2026-08-22 18:00:00+00:00,77323.0,77400.0,77251.0,77289.0,209.93739,2183
2026-08-22 18:15:00+00:00,77288.0,77400.0,77288.0,77354.0,83.89038,1424
2026-08-22 18:30:00+00:00,77355.0,77376.0,77272.0,77272.0,63.14126,1754
2026-08-22 18:45:00+00:00,77272.0,77312.0,77187.0,77312.0,87.99492,1714
2026-08-22 19:00:00+00:00,77312.0,77401.0,77259.0,77382.0,132.19345,1819
2026-08-22 19:15:00+00:00,77382.0,77389.0,77300.0,77336.0,56.51742,1606
2026-08-22 19:30:00+00:00,77336.0,77494.0,77335.0,77485.0,155.9803,2038
2026-08-22 19:45:00+00:00,77485.0,77536.0,77464.0,77473.0,279.11928,3035
2026-08-22 20:00:00+00:00,77473.0,77522.0,77414.0,77470.0,159.58965,2838
2026-08-22 20:15:00+00:00,77469.0,77486.0,77351.0,77352.0,127.01884,2565
2026-08-22 20:30:00+00:00,77351.0,77475.0,77320.0,77424.0,332.91705,3710
2026-08-22 20:45:00+00:00,77424.0,77447.0,77333.0,77389.0,80.72496,1639
2026-08-22 21:00:00+00:00,77389.0,77389.0,77082.0,77102.0,575.81955,4203
2026-08-22 21:15:00+00:00,77102.0,77266.0,77102.0,77238.0,191.99151,1917
2026-08-22 21:30:00+00:00,77239.0,77262.0,76966.0,77081.0,471.59529,3855
2026-08-22 21:45:00+00:00,77081.0,77081.0,76844.0,76903.0,426.70352,3007
2026-08-22 22:00:00+00:00,76903.0,77217.0,76811.0,77161.0,602.10659,4446
2026-08-22 22:15:00+00:00,77161.0,77199.0,77101.0,77112.0,190.86999,2025
2026-08-22 22:30:00+00:00,77112.0,77127.0,76940.0,77111.0,125.55343,2071
2026-08-22 22:45:00+00:00,77111.0,77199.0,77012.0,77053.0,85.55687,1595
2026-08-22 23:00:00+00:00,77057.0,77134.0,77001.0,77019.0,70.99446,1316
2026-08-22 23:15:00+00:00,77024.0,77085.0,76996.0,77005.0,86.40972,1279
2026-08-22 23:30:00+00:00,77005.0,77097.0,76958.0,77078.0,139.95098,1768
2026-08-22 23:45:00+00:00,77079.0,77196.0,77065.0,77133.0,129.68499,1800
2026-08-23 00:00:00+00:00,77132.0,77196.0,77110.0,77145.0,59.33785,1681
2026-08-23 00:15:00+00:00,77145.0,77300.0,77106.0,77291.0,240.15744,2675
2026-08-23 00:30:00+00:00,77291.0,77400.0,77287.0,77336.0,177.82671,2469
2026-08-23 00:45:00+00:00,77337.0,77416.0,77308.0,77359.0,105.06649,1752
2026-08-23 01:00:00+00:00,77361.0,77470.0,77229.0,77470.0,218.46646,2325
2026-08-23 01:15:00+00:00,77469.0,77470.0,77311.0,77324.0,68.37236,1650
2026-08-23 01:30:00+00:00,77324.0,77369.0,77225.0,77310.0,73.67584,1598
2026-08-23 01:45:00+00:00,77310.0,77378.0,77213.0,77247.0,78.33024,1567
2026-08-23 02:00:00+00:00,77246.0,77261.0,77107.0,77107.0,188.09855,2126
2026-08-23 02:15:00+00:00,77107.0,77186.0,77068.0,77166.0,235.24914,2586
2026-08-23 02:30:00+00:00,77167.0,77266.0,77166.0,77227.0,114.70686,2134
2026-08-23 02:45:00+00:00,77227.0,77257.0,77116.0,77128.0,170.25437,2113
2026-08-23 03:00:00+00:00,77129.0,77177.0,77067.0,77139.0,101.15532,1843
2026-08-23 03:15:00+00:00,77139.0,77208.0,77043.0,77043.0,131.00476,2307
2026-08-23 03:30:00+00:00,77043.0,77043.0,76886.0,76910.0,198.91564,2657
2026-08-23 03:45:00+00:00,76909.0,77041.0,76909.0,76976.0,415.13307,2630
2026-08-23 04:00:00+00:00,76977.0,77076.0,76756.0,77053.0,407.41725,3940
2026-08-23 04:15:00+00:00,77053.0,77090.0,76832.0,77010.0,206.76824,2260
2026-08-23 04:30:00+00:00,77010.0,77022.0,76868.0,76868.0,131.16134,1543
2026-08-23 04:45:00+00:00,76869.0,76869.0,76526.0,76653.0,492.04626,4898
2026-08-23 05:00:00+00:00,76651.0,76775.0,75897.0,75901.0,2244.86586,14375
2026-08-23 05:15:00+00:00,75900.0,76366.0,75608.0,76286.0,2228.99028,12637
2026-08-23 05:30:00+00:00,76285.0,76382.0,76155.0,76212.0,540.36243,4729
2026-08-23 05:45:00+00:00,76213.0,76297.0,76080.0,76104.0,361.41289,3426
2026-08-23 06:00:00+00:00,76101.0,76198.0,75921.0,76121.0,984.95942,5680
2026-08-23 06:15:00+00:00,76122.0,76339.0,76114.0,76271.0,433.75522,3650
2026-08-23 06:30:00+00:00,76272.0,76379.0,76209.0,76302.0,253.71049,2291
2026-08-23 06:45:00+00:00,76302.0,76315.0,76067.0,76141.0,189.7982,2327
2026-08-23 07:00:00+00:00,76142.0,76370.0,76064.0,76347.0,347.93196,2709
2026-08-23 07:15:00+00:00,76348.0,76379.0,76279.0,76279.0,120.78064,1943
2026-08-23 07:30:00+00:00,76276.0,76277.0,76087.0,76102.0,257.9018,2427
2026-08-23 07:45:00+00:00,76101.0,76197.0,75957.0,76058.0,236.47342,2647
2026-08-23 08:00:00+00:00,76060.0,76338.0,76000.0,76247.0,221.27101,2930
2026-08-23 08:15:00+00:00,76246.0,76299.0,76244.0,76277.0,129.94431,1755
2026-08-23 08:30:00+00:00,76278.0,76707.0,76277.0,76585.0,809.30562,5497
2026-08-23 08:45:00+00:00,76583.0,76675.0,76524.0,76541.0,445.51044,3171
2026-08-23 09:00:00+00:00,76541.0,76703.0,76528.0,76633.0,334.8201,3403
2026-08-23 09:15:00+00:00,76633.0,76655.0,76527.0,76601.0,73.93463,1844
2026-08-23 09:30:00+00:00,76602.0,76624.0,76525.0,76613.0,50.34624,1611
2026-08-23 09:45:00+00:00,76613.0,76684.0,76555.0,76595.0,106.85025,1924
2026-08-23 10:00:00+00:00,76595.0,76782.0,76587.0,76702.0,218.64534,3704
2026-08-23 10:15:00+00:00,76702.0,76965.0,76685.0,76804.0,203.11493,4271
2026-08-23 10:30:00+00:00,76804.0,76972.0,76789.0,76906.0,270.38465,3616
2026-08-23 10:45:00+00:00,76906.0,76924.0,76817.0,76823.0,268.62064,2946
2026-08-23 11:00:00+00:00,76824.0,76934.0,76777.0,76919.0,152.08906,2469
2026-08-23 11:15:00+00:00,76920.0,77360.0,76867.0,77206.0,823.20263,9126
2026-08-23 11:30:00+00:00,77206.0,77442.0,77173.0,77320.0,286.24896,4413
2026-08-23 11:45:00+00:00,77320.0,77442.0,77220.0,77353.0,295.16815,3362
2026-08-23 12:00:00+00:00,77354.0,77354.0,77049.0,77117.0,444.68216,3923
2026-08-23 12:15:00+00:00,77117.0,77179.0,77059.0,77084.0,162.87834,2012
2026-08-23 12:30:00+00:00,77083.0,77300.0,77083.0,77282.0,287.7802,2772
2026-08-23 12:45:00+00:00,77282.0,77312.0,77217.0,77259.0,112.34868,1802
2026-08-23 13:00:00+00:00,77259.0,77391.0,77253.0,77388.0,229.63591,2203
2026-08-23 13:15:00+00:00,77388.0,77848.0,77388.0,77483.0,1014.01939,9745
2026-08-23 13:30:00+00:00,77480.0,77676.0,77400.0,77566.0,454.94831,4643
2026-08-23 13:45:00+00:00,77566.0,77630.0,77427.0,77531.0,589.23422,4180
2026-08-23 14:00:00+00:00,77531.0,77698.0,77384.0,77608.0,602.18213,7355
2026-08-23 14:15:00+00:00,77608.0,77718.0,77467.0,77500.0,417.28901,3660
2026-08-23 14:30:00+00:00,77500.0,77547.0,76801.0,77050.0,1110.88604,8750
2026-08-23 14:45:00+00:00,77050.0,77350.0,77050.0,77217.0,417.06802,4816
2026-08-23 15:00:00+00:00,77218.0,77387.0,77116.0,77201.0,241.68785,3350
2026-08-23 15:15:00+00:00,77202.0,77276.0,76963.0,77225.0,324.45416,3724
2026-08-23 15:30:00+00:00,77226.0,77347.0,77182.0,77309.0,113.20167,2171
2026-08-23 15:45:00+00:00,77309.0,77309.0,77170.0,77185.0,97.67936,1815
2026-08-23 16:00:00+00:00,77186.0,77328.0,77185.0,77308.0,76.49775,1741
2026-08-23 16:15:00+00:00,77307.0,77373.0,77245.0,77360.0,244.2078,2524
2026-08-23 16:30:00+00:00,77360.0,77489.0,77350.0,77422.0,297.2839,3027
2026-08-23 16:45:00+00:00,77421.0,77507.0,77387.0,77456.0,122.74815,1900
2026-08-23 17:00:00+00:00,77455.0,77482.0,77178.0,77316.0,357.83597,3023
2026-08-23 17:15:00+00:00,77317.0,77424.0,77229.0,77293.0,264.98803,2356
2026-08-23 17:30:00+00:00,77293.0,77339.0,77194.0,77267.0,149.72456,1922
2026-08-23 17:45:00+00:00,77268.0,77355.0,77241.0,77241.0,84.63172,1426
2026-08-23 18:00:00+00:00,77234.0,77446.0,77150.0,77382.0,246.52936,2885
2026-08-23 18:15:00+00:00,77381.0,77447.0,77307.0,77393.0,82.39408,1676
2026-08-23 18:30:00+00:00,77392.0,77397.0,77337.0,77370.0,96.32477,1764
2026-08-23 18:45:00+00:00,77369.0,77377.0,77301.0,77377.0,82.57047,1595
2026-08-23 19:00:00+00:00,77379.0,77451.0,77285.0,77355.0,50.57724,1680
2026-08-23 19:15:00+00:00,77355.0,77432.0,77329.0,77393.0,78.02965,1375
2026-08-23 19:30:00+00:00,77394.0,77488.0,77291.0,77482.0,202.83211,2010
2026-08-23 19:45:00+00:00,77479.0,77511.0,77358.0,77375.0,34.4877,1364
2026-08-23 20:00:00+00:00,77375.0,77375.0,77225.0,77307.0,270.13301,2327
2026-08-23 20:15:00+00:00,77308.0,77440.0,77301.0,77411.0,122.02649,1499
2026-08-23 20:30:00+00:00,77410.0,77481.0,77410.0,77455.0,156.42213,1612
2026-08-23 20:45:00+00:00,77455.0,77475.0,77424.0,77430.0,50.31425,1036
2026-08-23 21:00:00+00:00,77431.0,77752.0,77431.0,77751.0,380.9373,3988
2026-08-23 21:15:00+00:00,77751.0,78118.0,77743.0,78099.0,1667.4602,11039
2026-08-23 21:30:00+00:00,78099.0,78110.0,77604.0,77683.0,873.96657,6313
2026-08-23 21:45:00+00:00,77683.0,77926.0,77683.0,77902.0,581.24072,4586
2026-08-23 22:00:00+00:00,77902.0,78050.0,77656.0,77753.0,453.82866,6047
2026-08-23 22:15:00+00:00,77754.0,77876.0,77700.0,77724.0,101.56648,2914
2026-08-23 22:30:00+00:00,77723.0,77790.0,77660.0,77705.0,246.8066,3146
2026-08-23 22:45:00+00:00,77705.0,77759.0,77629.0,77659.0,212.14259,2541
2026-08-23 23:00:00+00:00,77660.0,77660.0,77347.0,77525.0,691.5858,4952
2026-08-23 23:15:00+00:00,77525.0,77732.0,77512.0,77725.0,307.5354,3000
2026-08-23 23:30:00+00:00,77725.0,77877.0,77455.0,77552.0,199.82775,2869
2026-08-23 23:45:00+00:00,77541.0,77872.0,77539.0,77804.0,495.09393,4046
2026-08-24 00:00:00+00:00,77805.0,77820.0,77571.0,77689.0,263.80801,3995
2026-08-24 00:15:00+00:00,77691.0,77712.0,77321.0,77499.0,459.47346,4445
2026-08-24 00:30:00+00:00,77499.0,77662.0,77272.0,77286.0,434.10458,4126
2026-08-24 00:45:00+00:00,77286.0,77740.0,77204.0,77738.0,378.47646,4280
2026-08-24 01:00:00+00:00,77738.0,77780.0,77495.0,77501.0,195.85794,2988
2026-08-24 01:15:00+00:00,77501.0,77530.0,77278.0,77306.0,258.47666,2964
2026-08-24 01:30:00+00:00,77305.0,77427.0,77219.0,77265.0,153.52627,2277
2026-08-24 01:45:00+00:00,77266.0,77322.0,76943.0,76944.0,849.30907,5408
2026-08-24 02:00:00+00:00,76943.0,77468.0,76901.0,77417.0,806.20043,5625
2026-08-24 02:15:00+00:00,77416.0,77547.0,77416.0,77480.0,269.86594,2688
2026-08-24 02:30:00+00:00,77480.0,77578.0,77438.0,77482.0,205.98465,2153
2026-08-24 02:45:00+00:00,77482.0,77577.0,77271.0,77522.0,252.96405,2609
2026-08-24 03:00:00+00:00,77522.0,77576.0,77259.0,77259.0,83.36251,1799
2026-08-24 03:15:00+00:00,77260.0,77319.0,77199.0,77199.0,202.86275,1949
2026-08-24 03:30:00+00:00,77200.0,77207.0,77000.0,77026.0,710.65324,3561
2026-08-24 03:45:00+00:00,77027.0,77215.0,76971.0,76975.0,576.93022,3429
2026-08-24 04:00:00+00:00,76976.0,77144.0,76976.0,77084.0,244.26558,2290
2026-08-24 04:15:00+00:00,77085.0,77300.0,77084.0,77264.0,82.53065,1850
2026-08-24 04:30:00+00:00,77265.0,77271.0,77110.0,77158.0,78.78519,1771
2026-08-24 04:45:00+00:00,77159.0,77179.0,76693.0,76943.0,894.24993,6977
2026-08-24 05:00:00+00:00,76944.0,77271.0,76900.0,77263.0,129.17688,4412
2026-08-24 05:15:00+00:00,77263.0,77271.0,76997.0,77120.0,220.94192,2993
2026-08-24 05:30:00+00:00,77121.0,77231.0,76874.0,77136.0,802.42875,5362
2026-08-24 05:45:00+00:00,77137.0,77225.0,77031.0,77207.0,254.41663,3180
2026-08-24 06:00:00+00:00,77208.0,77489.0,77115.0,77450.0,210.00557,3418
2026-08-24 06:15:00+00:00,77451.0,77526.0,77347.0,77400.0,150.90759,3584
2026-08-24 06:30:00+00:00,77401.0,77426.0,77269.0,77394.0,80.3002,2204
2026-08-24 06:45:00+00:00,77394.0,77560.0,77391.0,77514.0,239.94862,2920
2026-08-24 07:00:00+00:00,77514.0,77859.0,77511.0,77804.0,334.34086,4126
2026-08-24 07:15:00+00:00,77804.0,77804.0,77613.0,77651.0,272.87361,3437
2026-08-24 07:30:00+00:00,77651.0,77652.0,77389.0,77410.0,77.2101,2286
2026-08-24 07:45:00+00:00,77410.0,77469.0,77333.0,77362.0,109.48405,3552
2026-08-24 08:00:00+00:00,77362.0,77460.0,77270.0,77297.0,363.36553,3859
2026-08-24 08:15:00+00:00,77297.0,77298.0,76862.0,76952.0,1007.67822,7652
2026-08-24 08:30:00+00:00,76952.0,77183.0,76946.0,77183.0,360.85108,3678
2026-08-24 08:45:00+00:00,77182.0,77192.0,77054.0,77083.0,200.84969,3228
2026-08-24 09:00:00+00:00,77084.0,77338.0,77069.0,77337.0,136.4637,3491
2026-08-24 09:15:00+00:00,77337.0,77463.0,77256.0,77452.0,164.15808,3222
2026-08-24 09:30:00+00:00,77459.0,77534.0,77445.0,77502.0,186.97236,2454
2026-08-24 09:45:00+00:00,77502.0,77633.0,77489.0,77584.0,214.06848,2746
2026-08-24 10:00:00+00:00,77585.0,77917.0,77582.0,77884.0,409.78508,5054
2026-08-24 10:15:00+00:00,77885.0,77987.0,77813.0,77887.0,345.56243,4372
2026-08-24 10:30:00+00:00,77888.0,78072.0,77734.0,77773.0,344.40283,4836
2026-08-24 10:45:00+00:00,77771.0,77863.0,77583.0,77661.0,228.07057,3293
2026-08-24 11:00:00+00:00,77661.0,77905.0,77486.0,77873.0,486.25462,4910
2026-08-24 11:15:00+00:00,77872.0,77935.0,77766.0,77885.0,278.36443,3583
2026-08-24 11:30:00+00:00,77884.0,78708.0,77880.0,78631.0,2821.6982,18531
2026-08-24 11:45:00+00:00,78631.0,78671.0,78146.0,78521.0,1118.5724,10735
2026-08-24 12:00:00+00:00,78521.0,78521.0,78157.0,78199.0,655.38075,6194
2026-08-24 12:15:00+00:00,78200.0,78566.0,78050.0,78511.0,515.40824,6849
2026-08-24 12:30:00+00:00,78511.0,78969.0,78451.0,78785.0,943.17385,11209
2026-08-24 12:45:00+00:00,78786.0,79408.0,78785.0,79221.0,1908.28262,17441
2026-08-24 13:00:00+00:00,79221.0,79479.0,79019.0,79294.0,1286.81551,13052
2026-08-24 13:15:00+00:00,79294.0,79316.0,78916.0,79074.0,1229.31301,11849
2026-08-24 13:30:00+00:00,79074.0,79098.0,78219.0,78349.0,2285.39307,18465
2026-08-24 13:45:00+00:00,78343.0,78692.0,77923.0,78648.0,2278.89374,17413
2026-08-24 14:00:00+00:00,78647.0,79302.0,78647.0,79279.0,1713.75462,16518
2026-08-24 14:15:00+00:00,79278.0,79772.0,78932.0,79450.0,2118.60911,19032
2026-08-24 14:30:00+00:00,79450.0,79895.0,79405.0,79720.0,2515.62895,17914
2026-08-24 14:45:00+00:00,79720.0,79816.0,79331.0,79565.0,1245.47116,11038
2026-08-24 15:00:00+00:00,79565.0,79786.0,79421.0,79618.0,755.11006,7798
2026-08-24 15:15:00+00:00,79617.0,80016.0,79601.0,79933.0,2951.96602,14286
2026-08-24 15:30:00+00:00,79933.0,80035.0,79048.0,79312.0,2255.26604,14603
2026-08-24 15:45:00+00:00,79312.0,79578.0,78835.0,79120.0,1793.22779,14091
2026-08-24 16:00:00+00:00,79119.0,79574.0,79119.0,79526.0,1326.35551,9799
2026-08-24 16:15:00+00:00,79526.0,79880.0,79512.0,79680.0,973.99876,8239
2026-08-24 16:30:00+00:00,79679.0,79800.0,79388.0,79390.0,821.03683,6802
2026-08-24 16:45:00+00:00,79390.0,79423.0,78901.0,79069.0,1291.65027,9923
2026-08-24 17:00:00+00:00,79068.0,79217.0,78599.0,79122.0,1840.99815,12501
2026-08-24 17:15:00+00:00,79117.0,79195.0,78450.0,78526.0,2105.39083,11635
2026-08-24 17:30:00+00:00,78526.0,78864.0,78479.0,78642.0,843.9467,6506
2026-08-24 17:45:00+00:00,78642.0,78831.0,78568.0,78760.0,273.09007,4026
2026-08-24 18:00:00+00:00,78759.0,79026.0,78747.0,79019.0,646.0322,6905
2026-08-24 18:15:00+00:00,79020.0,79080.0,78934.0,79023.0,383.91637,4690
2026-08-24 18:30:00+00:00,79023.0,79088.0,78729.0,78970.0,442.70626,5138
2026-08-24 18:45:00+00:00,78969.0,79088.0,78857.0,78932.0,156.96537,3822
2026-08-24 19:00:00+00:00,78931.0,79123.0,78791.0,79032.0,542.91402,5000
2026-08-24 19:15:00+00:00,79032.0,79042.0,78633.0,78868.0,577.16896,5197
2026-08-24 19:30:00+00:00,78871.0,78961.0,78758.0,78873.0,456.78496,3968
2026-08-24 19:45:00+00:00,78872.0,78889.0,78569.0,78740.0,671.58553,5219
2026-08-24 20:00:00+00:00,78740.0,78814.0,78554.0,78683.0,529.02992,4239
2026-08-24 20:15:00+00:00,78682.0,78789.0,78606.0,78688.0,107.93905,2211
2026-08-24 20:30:00+00:00,78688.0,78997.0,78628.0,78896.0,499.65454,3538
2026-08-24 20:45:00+00:00,78896.0,78924.0,78812.0,78924.0,179.54791,2004
2026-08-24 21:00:00+00:00,78924.0,79041.0,78924.0,79031.0,176.71513,2317
2026-08-24 21:15:00+00:00,79030.0,79031.0,78842.0,78911.0,156.66457,2238
2026-08-24 21:30:00+00:00,78911.0,79024.0,78911.0,78973.0,461.57547,2354
2026-08-24 21:45:00+00:00,78973.0,79037.0,78914.0,78971.0,207.4381,2084
2026-08-24 22:00:00+00:00,78970.0,78987.0,78831.0,78867.0,223.81036,2626
2026-08-24 22:15:00+00:00,78868.0,78923.0,78753.0,78775.0,236.27889,2429
2026-08-24 22:30:00+00:00,78774.0,78915.0,78723.0,78766.0,186.20958,2194
2026-08-24 22:45:00+00:00,78765.0,78833.0,78683.0,78729.0,199.50071,2220
2026-08-24 23:00:00+00:00,78729.0,78820.0,78622.0,78735.0,493.77211,3718
2026-08-24 23:15:00+00:00,78740.0,78989.0,78728.0,78916.0,572.19611,2976
2026-08-24 23:30:00+00:00,78907.0,78985.0,78869.0,78963.0,149.24343,2208
2026-08-24 23:45:00+00:00,78962.0,79017.0,78843.0,78996.0,140.98139,2110
2026-08-25 00:00:00+00:00,78995.0,79068.0,78898.0,78965.0,219.33548,3367
2026-08-25 00:15:00+00:00,78964.0,78964.0,78708.0,78798.0,309.92357,3159
2026-08-25 00:30:00+00:00,78797.0,79372.0,78752.0,79371.0,561.00344,5751
2026-08-25 00:45:00+00:00,79371.0,79900.0,79355.0,79755.0,2477.79839,13499
2026-08-25 01:00:00+00:00,79754.0,79999.0,79616.0,79664.0,850.79185,6824
2026-08-25 01:15:00+00:00,79664.0,79980.0,79500.0,79850.0,860.37484,5749
2026-08-25 01:30:00+00:00,79851.0,79942.0,79693.0,79732.0,313.43695,4109
2026-08-25 01:45:00+00:00,79723.0,79854.0,79522.0,79838.0,196.55092,3510
2026-08-25 02:00:00+00:00,79837.0,79934.0,79755.0,79874.0,374.93791,4015
2026-08-25 02:15:00+00:00,79874.0,81098.0,79836.0,81038.0,4023.54491,23789
2026-08-25 02:30:00+00:00,81036.0,81299.0,80792.0,80826.0,1517.56322,11692
2026-08-25 02:45:00+00:00,80826.0,80856.0,80436.0,80672.0,1251.01246,9248
2026-08-25 03:00:00+00:00,80672.0,80978.0,80615.0,80816.0,973.70595,7565
2026-08-25 03:15:00+00:00,80817.0,80841.0,80535.0,80666.0,900.9081,5734
2026-08-25 03:30:00+00:00,80665.0,80909.0,80551.0,80604.0,1025.70372,5570
2026-08-25 03:45:00+00:00,80604.0,80695.0,80307.0,80490.0,1494.74744,6570
2026-08-25 04:00:00+00:00,80490.0,80615.0,80269.0,80494.0,1046.41697,5658
2026-08-25 04:15:00+00:00,80492.0,80493.0,80237.0,80258.0,452.2521,4266
2026-08-25 04:30:00+00:00,80259.0,80408.0,80168.0,80247.0,353.75946,3653
2026-08-25 04:45:00+00:00,80246.0,80385.0,80231.0,80385.0,143.05731,2576
2026-08-25 05:00:00+00:00,80385.0,80593.0,80341.0,80554.0,290.81894,3705
2026-08-25 05:15:00+00:00,80554.0,80765.0,80484.0,80662.0,477.05321,4195
2026-08-25 05:30:00+00:00,80661.0,80843.0,80621.0,80721.0,531.85556,4419
2026-08-25 05:45:00+00:00,80720.0,80823.0,80641.0,80753.0,771.51479,3988
2026-08-25 06:00:00+00:00,80753.0,80884.0,80710.0,80870.0,370.85701,3326
2026-08-25 06:15:00+00:00,80871.0,80941.0,80763.0,80775.0,416.12343,3939
2026-08-25 06:30:00+00:00,80775.0,80776.0,80528.0,80547.0,923.72042,4878
2026-08-25 06:45:00+00:00,80546.0,80590.0,80424.0,80590.0,224.83176,3223
2026-08-25 07:00:00+00:00,80590.0,80843.0,80565.0,80735.0,548.58944,4722
2026-08-25 07:15:00+00:00,80734.0,80766.0,80630.0,80685.0,137.8297,2640
2026-08-25 07:30:00+00:00,80684.0,80710.0,80500.0,80527.0,206.48075,2692
2026-08-25 07:45:00+00:00,80528.0,80539.0,79335.0,79713.0,2616.42421,16886
2026-08-25 08:00:00+00:00,79713.0,79992.0,79624.0,79932.0,607.7654,5286
2026-08-25 08:15:00+00:00,79933.0,80254.0,79932.0,80195.0,766.13113,5692
2026-08-25 08:30:00+00:00,80195.0,80242.0,79894.0,80120.0,498.9291,4723
2026-08-25 08:45:00+00:00,80119.0,80128.0,79835.0,79924.0,412.56462,3879
2026-08-25 09:00:00+00:00,79926.0,79967.0,79699.0,79855.0,622.86245,4948
2026-08-25 09:15:00+00:00,79854.0,79958.0,79773.0,79820.0,116.14556,2637
2026-08-25 09:30:00+00:00,79821.0,79952.0,79750.0,79751.0,122.09399,2869
2026-08-25 09:45:00+00:00,79750.0,79786.0,78822.0,79170.0,2557.36366,14164
2026-08-25 10:00:00+00:00,79171.0,79344.0,78971.0,79308.0,734.50297,6361
2026-08-25 10:15:00+00:00,79309.0,79414.0,79205.0,79261.0,548.12056,3949
2026-08-25 10:30:00+00:00,79261.0,79305.0,79225.0,79297.0,185.63004,2945
2026-08-25 10:45:00+00:00,79297.0,79482.0,79288.0,79289.0,567.27873,3935
2026-08-25 11:00:00+00:00,79288.0,79395.0,79073.0,79095.0,644.90925,5193
2026-08-25 11:15:00+00:00,79094.0,79285.0,79059.0,79235.0,281.41186,3353
2026-08-25 11:30:00+00:00,79242.0,79445.0,79141.0,79141.0,413.56038,3977
2026-08-25 11:45:00+00:00,79140.0,79174.0,79017.0,79108.0,492.78033,3911
2026-08-25 12:00:00+00:00,79107.0,79164.0,78652.0,79058.0,1052.44083,8575
2026-08-25 12:15:00+00:00,79059.0,79060.0,78591.0,78866.0,425.59007,5796
2026-08-25 12:30:00+00:00,78865.0,78983.0,78750.0,78905.0,412.88971,4354
2026-08-25 12:45:00+00:00,78905.0,79087.0,78877.0,78967.0,559.57241,3811
2026-08-25 13:00:00+00:00,78967.0,79067.0,78700.0,78793.0,349.03421,4284
2026-08-25 13:15:00+00:00,78792.0,78809.0,78553.0,78631.0,377.9588,4998
2026-08-25 13:30:00+00:00,78630.0,79207.0,78577.0,78623.0,1185.33154,10461
2026-08-25 13:45:00+00:00,78622.0,78646.0,78060.0,78617.0,2180.43752,15193
2026-08-25 14:00:00+00:00,78622.0,79045.0,78527.0,78978.0,1818.9351,11977
2026-08-25 14:15:00+00:00,78977.0,79286.0,78872.0,79196.0,846.44351,7356
2026-08-25 14:30:00+00:00,79194.0,79366.0,79029.0,79146.0,633.94034,5913
2026-08-25 14:45:00+00:00,79146.0,79381.0,79145.0,79222.0,807.08576,5022
2026-08-25 15:00:00+00:00,79222.0,79342.0,79039.0,79073.0,920.17647,6519
2026-08-25 15:15:00+00:00,79073.0,79255.0,79000.0,79199.0,374.95275,4017
2026-08-25 15:30:00+00:00,79199.0,79469.0,79153.0,79380.0,551.07497,4963
2026-08-25 15:45:00+00:00,79380.0,79538.0,79246.0,79490.0,972.0731,5630
2026-08-25 16:00:00+00:00,79491.0,79560.0,79154.0,79160.0,623.09913,5095
2026-08-25 16:15:00+00:00,79159.0,79273.0,79063.0,79150.0,648.77544,4350
2026-08-25 16:30:00+00:00,79149.0,79349.0,79142.0,79208.0,337.86976,3664
2026-08-25 16:45:00+00:00,79208.0,79349.0,79073.0,79139.0,420.1465,3788
2026-08-25 17:00:00+00:00,79139.0,79139.0,78850.0,78948.0,1059.77777,5349
2026-08-25 17:15:00+00:00,78950.0,79015.0,78664.0,78773.0,865.45497,5012
2026-08-25 17:30:00+00:00,78774.0,79151.0,78774.0,79120.0,490.87782,4144
2026-08-25 17:45:00+00:00,79120.0,79238.0,79119.0,79217.0,437.93109,3075
2026-08-25 18:00:00+00:00,79217.0,79338.0,79200.0,79310.0,380.93225,3320
2026-08-25 18:15:00+00:00,79309.0,79320.0,79219.0,79253.0,287.05942,2358
2026-08-25 18:30:00+00:00,79252.0,79253.0,79069.0,79155.0,386.87035,3054
2026-08-25 18:45:00+00:00,79155.0,79226.0,79010.0,79105.0,328.62229,2555
2026-08-25 19:00:00+00:00,79105.0,79162.0,78986.0,79133.0,315.28124,2711
2026-08-25 19:15:00+00:00,79134.0,79220.0,78886.0,78915.0,459.14534,3877
2026-08-25 19:30:00+00:00,78914.0,78932.0,78706.0,78725.0,341.48471,3621
2026-08-25 19:45:00+00:00,78724.0,78925.0,78721.0,78901.0,178.54429,2673
2026-08-25 20:00:00+00:00,78905.0,78943.0,78644.0,78857.0,234.16587,3353
2026-08-25 20:15:00+00:00,78858.0,78944.0,78740.0,78742.0,243.37019,2868
2026-08-25 20:30:00+00:00,78742.0,78765.0,78341.0,78434.0,1078.50404,6474
2026-08-25 20:45:00+00:00,78434.0,78510.0,78129.0,78162.0,1287.84225,9176
2026-08-25 21:00:00+00:00,78161.0,78271.0,77794.0,78250.0,2653.90988,14080
2026-08-25 21:15:00+00:00,78250.0,78454.0,78166.0,78419.0,907.72683,5995
2026-08-25 21:30:00+00:00,78419.0,78619.0,78343.0,78559.0,558.316,4655
2026-08-25 21:45:00+00:00,78559.0,78641.0,78506.0,78547.0,349.56855,3577
2026-08-25 22:00:00+00:00,78546.0,78936.0,78546.0,78909.0,697.53408,6203
2026-08-25 22:15:00+00:00,78908.0,78998.0,78569.0,78600.0,1154.85435,6886
2026-08-25 22:30:00+00:00,78600.0,78834.0,78562.0,78748.0,243.77986,3040
2026-08-25 22:45:00+00:00,78747.0,78922.0,78740.0,78866.0,408.77049,3197
2026-08-25 23:00:00+00:00,78865.0,78940.0,78765.0,78920.0,579.42108,3847
2026-08-25 23:15:00+00:00,78919.0,78937.0,78597.0,78706.0,369.51625,3663
2026-08-25 23:30:00+00:00,78705.0,78781.0,78483.0,78551.0,490.00372,3994
2026-08-25 23:45:00+00:00,78552.0,78560.0,78346.0,78494.0,636.56096,5239
2026-08-26 00:00:00+00:00,78494.0,78577.0,78270.0,78316.0,478.70063,5130
2026-08-26 00:15:00+00:00,78315.0,78573.0,78293.0,78558.0,295.8168,3518
2026-08-26 00:30:00+00:00,78559.0,78624.0,78337.0,78351.0,356.90488,4093
2026-08-26 00:45:00+00:00,78351.0,78677.0,78336.0,78605.0,616.78814,4672
2026-08-26 01:00:00+00:00,78604.0,78873.0,78577.0,78718.0,404.54215,3909
2026-08-26 01:15:00+00:00,78718.0,78858.0,78674.0,78685.0,260.10671,2648
2026-08-26 01:30:00+00:00,78686.0,78928.0,78686.0,78850.0,234.3323,2618
2026-08-26 01:45:00+00:00,78849.0,78850.0,78748.0,78792.0,101.65342,1548
2026-08-26 02:00:00+00:00,78791.0,78853.0,78731.0,78764.0,157.72758,1886
2026-08-26 02:15:00+00:00,78764.0,79226.0,78728.0,79210.0,913.62793,5381
2026-08-26 02:30:00+00:00,79210.0,79222.0,79113.0,79133.0,300.77058,3135
2026-08-26 02:45:00+00:00,79133.0,79165.0,79035.0,79099.0,160.16612,2136
2026-08-26 03:00:00+00:00,79099.0,79175.0,79029.0,79029.0,116.22713,1898
2026-08-26 03:15:00+00:00,79028.0,79106.0,78973.0,79032.0,206.46854,2447
2026-08-26 03:30:00+00:00,79032.0,79100.0,78894.0,79053.0,200.57075,2589
2026-08-26 03:45:00+00:00,79053.0,79100.0,78941.0,79071.0,212.32718,2342
2026-08-26 04:00:00+00:00,79072.0,79182.0,78957.0,79038.0,298.92652,3302
2026-08-26 04:15:00+00:00,79038.0,79135.0,78959.0,79012.0,271.88866,2575
2026-08-26 04:30:00+00:00,79011.0,79047.0,78889.0,78956.0,182.23816,2459
2026-08-26 04:45:00+00:00,78957.0,78957.0,78786.0,78817.0,137.12072,2416
2026-08-26 05:00:00+00:00,78817.0,78958.0,78616.0,78895.0,510.57857,4309
2026-08-26 05:15:00+00:00,78894.0,79052.0,78741.0,79007.0,666.28645,4270
2026-08-26 05:30:00+00:00,79007.0,79127.0,78969.0,79110.0,242.08532,2648
2026-08-26 05:45:00+00:00,79110.0,79111.0,78944.0,79079.0,231.40751,2457
2026-08-26 06:00:00+00:00,79081.0,79206.0,78955.0,78989.0,985.19464,5147
2026-08-26 06:15:00+00:00,78988.0,79042.0,78812.0,78888.0,544.52206,3179
2026-08-26 06:30:00+00:00,78888.0,78941.0,78792.0,78922.0,107.28543,1864
2026-08-26 06:45:00+00:00,78921.0,78949.0,78851.0,78930.0,186.20585,1620
2026-08-26 07:00:00+00:00,78930.0,79084.0,78850.0,78981.0,283.87411,3029
2026-08-26 07:15:00+00:00,78981.0,79020.0,78901.0,78936.0,350.34521,1859
2026-08-26 07:30:00+00:00,78935.0,79041.0,78882.0,78986.0,69.54959,1641
2026-08-26 07:45:00+00:00,78985.0,79042.0,78904.0,78917.0,117.93961,1874
2026-08-26 08:00:00+00:00,78917.0,79108.0,78808.0,79028.0,561.56373,4087
2026-08-26 08:15:00+00:00,79028.0,79106.0,78896.0,78981.0,104.37391,1826
2026-08-26 08:30:00+00:00,78981.0,79013.0,78889.0,78999.0,94.28028,2148
2026-08-26 08:45:00+00:00,78999.0,79004.0,78585.0,78691.0,708.40529,4907
2026-08-26 09:00:00+00:00,78691.0,78873.0,78650.0,78770.0,365.25973,3747
2026-08-26 09:15:00+00:00,78769.0,78769.0,78361.0,78520.0,1069.20926,7630
2026-08-26 09:30:00+00:00,78520.0,78585.0,78291.0,78299.0,424.00058,3624
2026-08-26 09:45:00+00:00,78298.0,78484.0,78203.0,78433.0,416.31715,4411
2026-08-26 10:00:00+00:00,78432.0,78467.0,78267.0,78431.0,363.39116,3284
2026-08-26 10:15:00+00:00,78431.0,78634.0,78420.0,78618.0,292.09486,2972
2026-08-26 10:30:00+00:00,78618.0,78790.0,78542.0,78715.0,218.96159,3485
2026-08-26 10:45:00+00:00,78715.0,78858.0,78679.0,78700.0,337.9497,3280
2026-08-26 11:00:00+00:00,78700.0,78768.0,78636.0,78688.0,110.10254,2103
2026-08-26 11:15:00+00:00,78690.0,78700.0,78587.0,78607.0,148.07819,2013
2026-08-26 11:30:00+00:00,78608.0,78609.0,78273.0,78459.0,671.33674,5034
2026-08-26 11:45:00+00:00,78458.0,78566.0,78361.0,78474.0,360.58382,3142
2026-08-26 12:00:00+00:00,78474.0,78551.0,78327.0,78386.0,541.55339,3842
2026-08-26 12:15:00+00:00,78386.0,78699.0,78269.0,78698.0,486.63249,4356
2026-08-26 12:30:00+00:00,78698.0,78699.0,77955.0,78248.0,1176.20609,10206
2026-08-26 12:45:00+00:00,78245.0,78437.0,78169.0,78300.0,518.77913,4149
2026-08-26 13:00:00+00:00,78301.0,78420.0,77955.0,78100.0,992.97229,6730
2026-08-26 13:15:00+00:00,78101.0,78159.0,77875.0,78017.0,821.82022,6171
2026-08-26 13:30:00+00:00,78018.0,78473.0,78018.0,78469.0,965.9122,7498
2026-08-26 13:45:00+00:00,78470.0,78532.0,78085.0,78437.0,870.97998,6204
2026-08-26 14:00:00+00:00,78429.0,78602.0,78276.0,78442.0,715.225,7581
2026-08-26 14:15:00+00:00,78442.0,78557.0,78185.0,78235.0,168.00589,3302
2026-08-26 14:30:00+00:00,78234.0,78266.0,77876.0,77953.0,1016.13312,6096
2026-08-26 14:45:00+00:00,77952.0,78022.0,77729.0,77775.0,1473.7619,8691
2026-08-26 15:00:00+00:00,77774.0,77950.0,77618.0,77835.0,1239.17799,8954
2026-08-26 15:15:00+00:00,77835.0,78160.0,77715.0,78150.0,809.44815,6738
2026-08-26 15:30:00+00:00,78150.0,78159.0,77913.0,78027.0,669.69737,4615
2026-08-26 15:45:00+00:00,78033.0,78144.0,77955.0,77998.0,620.35281,3468
2026-08-26 16:00:00+00:00,77998.0,78154.0,77969.0,78072.0,165.99722,2473
2026-08-26 16:15:00+00:00,78073.0,78117.0,77963.0,78046.0,185.10517,2129
2026-08-26 16:30:00+00:00,78046.0,78139.0,77832.0,77854.0,486.59975,3172
2026-08-26 16:45:00+00:00,77854.0,78150.0,77853.0,77972.0,302.81016,2667
2026-08-26 17:00:00+00:00,77971.0,78121.0,77971.0,78120.0,410.04839,3399
2026-08-26 17:15:00+00:00,78120.0,78520.0,78120.0,78509.0,780.74575,6720
2026-08-26 17:30:00+00:00,78508.0,78606.0,78488.0,78504.0,480.40083,4205
2026-08-26 17:45:00+00:00,78505.0,78505.0,78351.0,78435.0,355.96614,3151
2026-08-26 18:00:00+00:00,78436.0,78659.0,78386.0,78557.0,403.65338,3604
2026-08-26 18:15:00+00:00,78557.0,78606.0,78428.0,78460.0,189.0764,2346
2026-08-26 18:30:00+00:00,78459.0,78482.0,78263.0,78292.0,466.2485,2758
2026-08-26 18:45:00+00:00,78292.0,78496.0,78278.0,78469.0,239.46493,2241
2026-08-26 19:00:00+00:00,78469.0,78510.0,78370.0,78373.0,143.91536,2125
2026-08-26 19:15:00+00:00,78373.0,78535.0,78272.0,78506.0,962.81148,3511
2026-08-26 19:30:00+00:00,78511.0,78530.0,78361.0,78400.0,122.32923,1606
2026-08-26 19:45:00+00:00,78400.0,78507.0,78399.0,78445.0,201.31506,1808
2026-08-26 20:00:00+00:00,78454.0,78503.0,78359.0,78401.0,176.26039,1982
2026-08-26 20:15:00+00:00,78400.0,78443.0,78170.0,78383.0,351.1373,3609
2026-08-26 20:30:00+00:00,78383.0,78424.0,78268.0,78393.0,394.93235,3251
2026-08-26 20:45:00+00:00,78393.0,78424.0,78366.0,78424.0,73.73487,1700
2026-08-26 21:00:00+00:00,78424.0,78798.0,78369.0,78777.0,750.03463,5054
2026-08-26 21:15:00+00:00,78777.0,78829.0,78695.0,78753.0,763.13288,4406
2026-08-26 21:30:00+00:00,78753.0,78831.0,78650.0,78709.0,164.14388,2248
2026-08-26 21:45:00+00:00,78710.0,78800.0,78663.0,78718.0,268.54589,2112
2026-08-26 22:00:00+00:00,78719.0,78869.0,78671.0,78788.0,664.53868,3913
2026-08-26 22:15:00+00:00,78788.0,79007.0,78765.0,78826.0,1376.55772,6112
2026-08-26 22:30:00+00:00,78823.0,78823.0,78580.0,78686.0,593.26005,3566
2026-08-26 22:45:00+00:00,78685.0,78725.0,78542.0,78690.0,257.35969,2437
2026-08-26 23:00:00+00:00,78690.0,78741.0,78644.0,78700.0,124.34789,1640
2026-08-26 23:15:00+00:00,78699.0,78888.0,78674.0,78851.0,154.63341,2137
2026-08-26 23:30:00+00:00,78852.0,79071.0,78851.0,79050.0,497.22183,3828
2026-08-26 23:45:00+00:00,79050.0,79173.0,78997.0,79026.0,458.60271,4181
2026-08-27 00:00:00+00:00,79025.0,79034.0,78810.0,78835.0,342.30769,3347
2026-08-27 00:15:00+00:00,78835.0,78946.0,78810.0,78904.0,249.46649,2357
2026-08-27 00:30:00+00:00,78904.0,78904.0,78781.0,78872.0,288.31435,2558
2026-08-27 00:45:00+00:00,78872.0,78875.0,78679.0,78681.0,425.70488,3528
2026-08-27 01:00:00+00:00,78681.0,78776.0,78634.0,78652.0,231.71301,2252
2026-08-27 01:15:00+00:00,78649.0,78965.0,78547.0,78924.0,446.04891,3124
2026-08-27 01:30:00+00:00,78924.0,78966.0,78710.0,78710.0,332.91776,2423
2026-08-27 01:45:00+00:00,78710.0,78994.0,78693.0,78881.0,253.871,2334
2026-08-27 02:00:00+00:00,78881.0,78951.0,78831.0,78859.0,71.20291,1570
2026-08-27 02:15:00+00:00,78860.0,78860.0,78700.0,78740.0,228.43504,2152
2026-08-27 02:30:00+00:00,78740.0,78781.0,78696.0,78708.0,39.8433,1299
2026-08-27 02:45:00+00:00,78709.0,78776.0,78696.0,78710.0,17.86701,1089
2026-08-27 03:00:00+00:00,78710.0,78765.0,78647.0,78656.0,82.8905,1508
2026-08-27 03:15:00+00:00,78657.0,78971.0,78621.0,78880.0,107.34283,2251
2026-08-27 03:30:00+00:00,78880.0,78913.0,78823.0,78864.0,61.38134,1829
2026-08-27 03:45:00+00:00,78860.0,78910.0,78756.0,78809.0,52.25791,1468
2026-08-27 04:00:00+00:00,78809.0,78873.0,78788.0,78841.0,40.91291,1298
2026-08-27 04:15:00+00:00,78842.0,78885.0,78778.0,78779.0,33.42755,1094
2026-08-27 04:30:00+00:00,78778.0,78817.0,78674.0,78802.0,210.90674,2143
2026-08-27 04:45:00+00:00,78802.0,78810.0,78686.0,78770.0,429.17807,2795
2026-08-27 05:00:00+00:00,78771.0,78771.0,78627.0,78627.0,236.42325,1993
2026-08-27 05:15:00+00:00,78627.0,78802.0,78611.0,78639.0,445.57369,2662
2026-08-27 05:30:00+00:00,78638.0,78797.0,78585.0,78696.0,398.37806,2514
2026-08-27 05:45:00+00:00,78696.0,78936.0,78690.0,78897.0,406.62453,2756
2026-08-27 06:00:00+00:00,78897.0,78898.0,78637.0,78661.0,305.39577,2166
2026-08-27 06:15:00+00:00,78661.0,78802.0,78596.0,78632.0,780.62502,3878
2026-08-27 06:30:00+00:00,78631.0,78795.0,78631.0,78742.0,277.3534,2229
2026-08-27 06:45:00+00:00,78741.0,78838.0,78734.0,78826.0,65.7106,1375
2026-08-27 07:00:00+00:00,78825.0,78854.0,78757.0,78820.0,45.25938,1266
2026-08-27 07:15:00+00:00,78820.0,78831.0,78743.0,78779.0,35.07262,1075
2026-08-27 07:30:00+00:00,78783.0,78873.0,78778.0,78833.0,53.0834,1326
2026-08-27 07:45:00+00:00,78834.0,79080.0,78833.0,79066.0,284.40659,2873
2026-08-27 08:00:00+00:00,79066.0,79896.0,79029.0,79631.0,2650.28613,15246
2026-08-27 08:15:00+00:00,79637.0,79757.0,79442.0,79748.0,717.0481,5705
2026-08-27 08:30:00+00:00,79747.0,80032.0,79714.0,79930.0,844.00972,6534
2026-08-27 08:45:00+00:00,79930.0,80041.0,79691.0,79758.0,747.7971,4999
2026-08-27 09:00:00+00:00,79758.0,79878.0,79670.0,79878.0,181.91879,3012
2026-08-27 09:15:00+00:00,79877.0,80500.0,79796.0,80499.0,1200.5385,10202
2026-08-27 09:30:00+00:00,80498.0,80542.0,80188.0,80255.0,968.80051,7040
2026-08-27 09:45:00+00:00,80254.0,80268.0,79928.0,79995.0,810.90824,4459
2026-08-27 10:00:00+00:00,79996.0,80171.0,79780.0,79929.0,691.70686,5657
2026-08-27 10:15:00+00:00,79928.0,80019.0,79298.0,79642.0,1888.68242,10222
2026-08-27 10:30:00+00:00,79641.0,79658.0,79342.0,79596.0,784.25484,5725
2026-08-27 10:45:00+00:00,79596.0,79640.0,79483.0,79612.0,283.66345,3223
2026-08-27 11:00:00+00:00,79614.0,79763.0,79545.0,79763.0,423.39065,3474
2026-08-27 11:15:00+00:00,79763.0,79765.0,79481.0,79511.0,760.32282,4314
2026-08-27 11:30:00+00:00,79512.0,79547.0,79368.0,79422.0,471.83801,4099
2026-08-27 11:45:00+00:00,79421.0,79495.0,79167.0,79477.0,795.29547,5229
2026-08-27 12:00:00+00:00,79477.0,79543.0,79370.0,79482.0,197.46219,2865
2026-08-27 12:15:00+00:00,79482.0,79588.0,79369.0,79540.0,312.91866,2571
2026-08-27 12:30:00+00:00,79539.0,79540.0,79257.0,79257.0,465.27428,3520
2026-08-27 12:45:00+00:00,79257.0,79349.0,79254.0,79266.0,194.38102,2315
2026-08-27 13:00:00+00:00,79265.0,79374.0,79257.0,79346.0,96.88319,2095
2026-08-27 13:15:00+00:00,79348.0,79490.0,79303.0,79347.0,412.54382,2961
2026-08-27 13:30:00+00:00,79347.0,79352.0,79092.0,79229.0,906.69022,6648
2026-08-27 13:45:00+00:00,79228.0,79561.0,78881.0,79521.0,1362.40991,9397
2026-08-27 14:00:00+00:00,79520.0,79787.0,79335.0,79422.0,1090.02713,10025
2026-08-27 14:15:00+00:00,79428.0,79900.0,79382.0,79895.0,611.29621,5594
2026-08-27 14:30:00+00:00,79895.0,80380.0,79779.0,80354.0,1473.89311,10689
2026-08-27 14:45:00+00:00,80351.0,80351.0,79976.0,80186.0,957.30019,6950
2026-08-27 15:00:00+00:00,80186.0,80786.0,80064.0,80654.0,1471.00576,10847
2026-08-27 15:15:00+00:00,80656.0,80717.0,80380.0,80566.0,1714.16649,10026
2026-08-27 15:30:00+00:00,80566.0,80583.0,80315.0,80464.0,933.81216,6593
2026-08-27 15:45:00+00:00,80463.0,80482.0,80260.0,80271.0,303.09547,3874
2026-08-27 16:00:00+00:00,80270.0,80500.0,80148.0,80390.0,738.23882,5327
2026-08-27 16:15:00+00:00,80390.0,80505.0,80355.0,80378.0,378.53559,3510
2026-08-27 16:30:00+00:00,80378.0,80603.0,80231.0,80568.0,521.09656,4255
2026-08-27 16:45:00+00:00,80556.0,80576.0,80300.0,80328.0,454.19063,4198
2026-08-27 17:00:00+00:00,80328.0,80631.0,80187.0,80601.0,710.19689,6029
2026-08-27 17:15:00+00:00,80601.0,80801.0,80549.0,80684.0,1066.45728,5538
2026-08-27 17:30:00+00:00,80684.0,80767.0,80426.0,80446.0,525.38883,4669
2026-08-27 17:45:00+00:00,80446.0,80528.0,80389.0,80414.0,173.69962,2619
2026-08-27 18:00:00+00:00,80414.0,80414.0,79958.0,80048.0,756.54385,5221
2026-08-27 18:15:00+00:00,80048.0,80162.0,79705.0,79883.0,826.25105,7647
2026-08-27 18:30:00+00:00,79883.0,79987.0,79792.0,79940.0,516.47107,3370
2026-08-27 18:45:00+00:00,79939.0,80127.0,79872.0,80127.0,325.03596,3083
2026-08-27 19:00:00+00:00,80128.0,80263.0,80077.0,80130.0,329.98903,4221
2026-08-27 19:15:00+00:00,80126.0,80204.0,80013.0,80149.0,166.43048,2525
2026-08-27 19:30:00+00:00,80149.0,80200.0,79944.0,79972.0,200.84732,2969
2026-08-27 19:45:00+00:00,79972.0,80014.0,79857.0,79859.0,177.68176,2480
2026-08-27 20:00:00+00:00,79876.0,80032.0,79839.0,79935.0,393.10529,2713
2026-08-27 20:15:00+00:00,79935.0,80091.0,79922.0,79956.0,164.78413,1871
2026-08-27 20:30:00+00:00,79957.0,80024.0,79945.0,79986.0,38.33088,1112
2026-08-27 20:45:00+00:00,79987.0,80069.0,79931.0,80064.0,47.82237,1379
2026-08-27 21:00:00+00:00,80063.0,80123.0,79978.0,80058.0,209.77254,1811
2026-08-27 21:15:00+00:00,80059.0,80099.0,79958.0,80002.0,237.38337,1733
2026-08-27 21:30:00+00:00,80001.0,80093.0,79943.0,79995.0,88.86852,1652
2026-08-27 21:45:00+00:00,79994.0,80166.0,79977.0,80154.0,337.69372,2461
2026-08-27 22:00:00+00:00,80156.0,80292.0,80156.0,80214.0,332.27561,3145
2026-08-27 22:15:00+00:00,80214.0,80400.0,80160.0,80208.0,568.82925,4105
2026-08-27 22:30:00+00:00,80209.0,80269.0,80104.0,80256.0,640.39989,3434
2026-08-27 22:45:00+00:00,80251.0,80280.0,80190.0,80269.0,66.5743,1139
2026-08-27 23:00:00+00:00,80269.0,80270.0,80098.0,80132.0,261.26542,2124
2026-08-27 23:15:00+00:00,80127.0,80368.0,80092.0,80293.0,382.23663,2523
2026-08-27 23:30:00+00:00,80292.0,80298.0,80214.0,80236.0,105.40987,1329
2026-08-27 23:45:00+00:00,80235.0,80295.0,80141.0,80221.0,423.68424,2670
2026-08-28 00:00:00+00:00,80220.0,80243.0,80106.0,80179.0,355.05001,2935
2026-08-28 00:15:00+00:00,80180.0,80427.0,80179.0,80394.0,395.54187,3289
2026-08-28 00:30:00+00:00,80393.0,80468.0,80329.0,80377.0,298.05671,2955
2026-08-28 00:45:00+00:00,80377.0,80679.0,80310.0,80548.0,365.32871,3460
2026-08-28 01:00:00+00:00,80548.0,80866.0,80548.0,80722.0,471.77148,4399
2026-08-28 01:15:00+00:00,80722.0,81172.0,80653.0,81114.0,1305.57421,10430
2026-08-28 01:30:00+00:00,81114.0,81483.0,80778.0,80816.0,2025.86687,12477
2026-08-28 01:45:00+00:00,80817.0,80862.0,80400.0,80472.0,1361.67699,7353
2026-08-28 02:00:00+00:00,80472.0,80473.0,80192.0,80192.0,560.61155,4983
2026-08-28 02:15:00+00:00,80192.0,80268.0,79869.0,79889.0,894.35437,8003
2026-08-28 02:30:00+00:00,79888.0,80134.0,79794.0,79995.0,861.21571,5457
2026-08-28 02:45:00+00:00,79999.0,80000.0,79703.0,79895.0,478.19918,4802
2026-08-28 03:00:00+00:00,79895.0,79944.0,79738.0,79847.0,581.54645,3769
2026-08-28 03:15:00+00:00,79844.0,80013.0,79844.0,79875.0,225.00769,2439
2026-08-28 03:30:00+00:00,79875.0,79959.0,79775.0,79776.0,150.47179,2427
2026-08-28 03:45:00+00:00,79775.0,79832.0,79750.0,79791.0,120.45796,1859
2026-08-28 04:00:00+00:00,79790.0,79825.0,79557.0,79825.0,502.20473,4656
2026-08-28 04:15:00+00:00,79825.0,79940.0,79777.0,79778.0,181.84597,2490
2026-08-28 04:30:00+00:00,79777.0,79800.0,79589.0,79677.0,129.75446,2098
2026-08-28 04:45:00+00:00,79676.0,79716.0,79579.0,79611.0,320.46102,2192
2026-08-28 05:00:00+00:00,79612.0,79687.0,79534.0,79609.0,352.04319,2942
2026-08-28 05:15:00+00:00,79609.0,79711.0,79538.0,79711.0,278.75824,2438
2026-08-28 05:30:00+00:00,79711.0,79830.0,79677.0,79781.0,125.69597,1896
2026-08-28 05:45:00+00:00,79782.0,79848.0,79608.0,79650.0,123.22337,1940
2026-08-28 06:00:00+00:00,79649.0,79884.0,79649.0,79883.0,105.37793,2046
2026-08-28 06:15:00+00:00,79882.0,79882.0,79776.0,79796.0,216.60256,1745
2026-08-28 06:30:00+00:00,79795.0,79852.0,79753.0,79835.0,147.13378,1880
2026-08-28 06:45:00+00:00,79835.0,79979.0,79835.0,79876.0,437.69063,2815
2026-08-28 07:00:00+00:00,79877.0,79877.0,79627.0,79656.0,603.28364,4110
2026-08-28 07:15:00+00:00,79656.0,79786.0,79638.0,79773.0,377.7327,2525
2026-08-28 07:30:00+00:00,79774.0,79782.0,79552.0,79561.0,118.0771,1929
2026-08-28 07:45:00+00:00,79561.0,79648.0,79561.0,79641.0,87.08236,1780
2026-08-28 08:00:00+00:00,79642.0,79819.0,79641.0,79715.0,312.1945,2874
2026-08-28 08:15:00+00:00,79716.0,79814.0,79715.0,79764.0,142.41258,1875
2026-08-28 08:30:00+00:00,79764.0,79784.0,79692.0,79692.0,136.00285,2071
2026-08-28 08:45:00+00:00,79692.0,79700.0,79456.0,79483.0,766.10589,4835
2026-08-28 09:00:00+00:00,79483.0,79483.0,79218.0,79347.0,1247.77563,6546
2026-08-28 09:15:00+00:00,79348.0,79433.0,79337.0,79350.0,85.39724,1676
2026-08-28 09:30:00+00:00,79350.0,79396.0,79248.0,79248.0,78.37803,2001
2026-08-28 09:45:00+00:00,79247.0,79317.0,79235.0,79252.0,116.45263,1768
2026-08-28 10:00:00+00:00,79252.0,79286.0,78975.0,79186.0,542.27674,6017
2026-08-28 10:15:00+00:00,79186.0,79288.0,79122.0,79280.0,339.20939,2317
2026-08-28 10:30:00+00:00,79280.0,79343.0,79260.0,79310.0,301.75072,2172
2026-08-28 10:45:00+00:00,79309.0,79553.0,79290.0,79540.0,525.75155,3687
2026-08-28 11:00:00+00:00,79539.0,79694.0,79535.0,79679.0,337.71353,3761
2026-08-28 11:15:00+00:00,79679.0,79742.0,79623.0,79639.0,187.20985,2189
2026-08-28 11:30:00+00:00,79638.0,79722.0,79543.0,79584.0,310.2414,2278
2026-08-28 11:45:00+00:00,79584.0,79615.0,79511.0,79567.0,338.32647,1846
2026-08-28 12:00:00+00:00,79568.0,79647.0,79482.0,79508.0,169.41989,2159
2026-08-28 12:15:00+00:00,79508.0,79686.0,79488.0,79488.0,102.88141,2344
2026-08-28 12:30:00+00:00,79488.0,79490.0,79261.0,79373.0,573.47048,4262
2026-08-28 12:45:00+00:00,79374.0,79402.0,79309.0,79391.0,145.08718,2391
2026-08-28 13:00:00+00:00,79391.0,79450.0,79251.0,79328.0,130.58307,2695
2026-08-28 13:15:00+00:00,79328.0,79328.0,79035.0,79149.0,336.61331,3627
2026-08-28 13:30:00+00:00,79148.0,79320.0,78993.0,79056.0,504.54845,5669
2026-08-28 13:45:00+00:00,79056.0,79529.0,79050.0,79319.0,642.07905,6607
2026-08-28 14:00:00+00:00,79319.0,79677.0,78404.0,78601.0,4669.84065,29256
2026-08-28 14:15:00+00:00,78600.0,79010.0,78480.0,78923.0,1919.37141,13382
2026-08-28 14:30:00+00:00,78923.0,79700.0,78817.0,79394.0,2670.22109,17550
2026-08-28 14:45:00+00:00,79395.0,79590.0,79059.0,79505.0,979.08853,7700
2026-08-28 15:00:00+00:00,79506.0,79830.0,79265.0,79287.0,877.02799,7194
2026-08-28 15:15:00+00:00,79287.0,79496.0,79228.0,79307.0,427.41244,4080
2026-08-28 15:30:00+00:00,79307.0,79327.0,78743.0,78765.0,785.015,7661
2026-08-28 15:45:00+00:00,78765.0,78892.0,78275.0,78297.0,1669.92896,10724
2026-08-28 16:00:00+00:00,78296.0,78368.0,77781.0,77787.0,2870.97659,20045
2026-08-28 16:15:00+00:00,77788.0,77833.0,76831.0,77511.0,4165.11071,29815
2026-08-28 16:30:00+00:00,77512.0,77956.0,77500.0,77776.0,1591.81558,12886
2026-08-28 16:45:00+00:00,77775.0,77975.0,77736.0,77752.0,1212.5872,7706
2026-08-28 17:00:00+00:00,77753.0,77985.0,77630.0,77971.0,837.26938,7513
2026-08-28 17:15:00+00:00,77974.0,78091.0,77792.0,77906.0,570.2448,6765
2026-08-28 17:30:00+00:00,77905.0,77972.0,77653.0,77747.0,558.05756,4293
2026-08-28 17:45:00+00:00,77748.0,77958.0,77747.0,77873.0,293.92138,3155
2026-08-28 18:00:00+00:00,77873.0,77914.0,77703.0,77708.0,490.60554,3409
2026-08-28 18:15:00+00:00,77708.0,77765.0,77461.0,77551.0,587.43641,4678
2026-08-28 18:30:00+00:00,77551.0,77586.0,77295.0,77373.0,692.55733,5306
2026-08-28 18:45:00+00:00,77374.0,77526.0,77231.0,77526.0,916.67394,5819
2026-08-28 19:00:00+00:00,77526.0,77715.0,77474.0,77647.0,970.78558,4786
2026-08-28 19:15:00+00:00,77647.0,77765.0,77599.0,77670.0,192.58052,2635
2026-08-28 19:30:00+00:00,77670.0,77676.0,77507.0,77508.0,297.3029,2937
2026-08-28 19:45:00+00:00,77507.0,77551.0,77353.0,77550.0,453.25204,3520
2026-08-28 20:00:00+00:00,77534.0,77582.0,77460.0,77533.0,162.433,2629
2026-08-28 20:15:00+00:00,77534.0,77534.0,77380.0,77484.0,474.84321,2628
2026-08-28 20:30:00+00:00,77485.0,77485.0,77283.0,77389.0,250.68866,2727
2026-08-28 20:45:00+00:00,77388.0,77440.0,77315.0,77376.0,74.53627,1916
2026-08-28 21:00:00+00:00,77377.0,77400.0,77302.0,77378.0,188.64636,2159
2026-08-28 21:15:00+00:00,77379.0,77412.0,77292.0,77372.0,251.13675,2312
2026-08-28 21:30:00+00:00,77373.0,77511.0,77373.0,77455.0,227.45541,2220
2026-08-28 21:45:00+00:00,77455.0,77455.0,77234.0,77345.0,157.00922,1990
2026-08-28 22:00:00+00:00,77346.0,77440.0,77308.0,77429.0,97.11717,1890
2026-08-28 22:15:00+00:00,77430.0,77564.0,77383.0,77554.0,463.817,2840
2026-08-28 22:30:00+00:00,77555.0,77737.0,77544.0,77722.0,493.23671,3604
2026-08-28 22:45:00+00:00,77723.0,77746.0,77657.0,77729.0,393.14376,3187
2026-08-28 23:00:00+00:00,77729.0,77750.0,77647.0,77747.0,76.76042,2071
2026-08-28 23:15:00+00:00,77741.0,77741.0,77641.0,77657.0,120.76296,1659
2026-08-28 23:30:00+00:00,77658.0,77679.0,77639.0,77667.0,101.04871,1427
2026-08-28 23:45:00+00:00,77668.0,77834.0,77598.0,77832.0,606.29216,3680
2026-08-29 00:00:00+00:00,77832.0,77859.0,77759.0,77799.0,508.29593,3487
2026-08-29 00:15:00+00:00,77799.0,77924.0,77790.0,77878.0,121.77668,1845
2026-08-29 00:30:00+00:00,77878.0,77878.0,77738.0,77750.0,176.88623,1851
2026-08-29 00:45:00+00:00,77750.0,77777.0,77685.0,77696.0,83.99176,1385
2026-08-29 01:00:00+00:00,77696.0,77696.0,77603.0,77604.0,50.75712,1306
2026-08-29 01:15:00+00:00,77604.0,77754.0,77603.0,77754.0,62.73242,1221
2026-08-29 01:30:00+00:00,77754.0,77794.0,77722.0,77793.0,37.95392,1068
2026-08-29 01:45:00+00:00,77794.0,77817.0,77723.0,77763.0,78.83264,1236
2026-08-29 02:00:00+00:00,77763.0,77788.0,77707.0,77707.0,55.10984,1066
2026-08-29 02:15:00+00:00,77708.0,77720.0,77535.0,77595.0,355.07686,2354
2026-08-29 02:30:00+00:00,77595.0,77645.0,77556.0,77589.0,192.24296,1864
2026-08-29 02:45:00+00:00,77589.0,77682.0,77589.0,77636.0,53.08882,1198
2026-08-29 03:00:00+00:00,77636.0,77698.0,77635.0,77649.0,39.66826,1105
2026-08-29 03:15:00+00:00,77649.0,77677.0,77600.0,77656.0,82.08253,1247
2026-08-29 03:30:00+00:00,77656.0,77671.0,77539.0,77586.0,214.22083,1554
2026-08-29 03:45:00+00:00,77587.0,77587.0,77468.0,77469.0,90.63119,1454
2026-08-29 04:00:00+00:00,77469.0,77563.0,77469.0,77551.0,31.0852,1190
2026-08-29 04:15:00+00:00,77551.0,77591.0,77550.0,77580.0,98.31341,1150
2026-08-29 04:30:00+00:00,77580.0,77617.0,77563.0,77583.0,18.29104,991
2026-08-29 04:45:00+00:00,77584.0,77650.0,77583.0,77624.0,52.23928,1118
2026-08-29 05:00:00+00:00,77624.0,77692.0,77600.0,77683.0,108.19871,1309
2026-08-29 05:15:00+00:00,77683.0,77683.0,77614.0,77637.0,18.04338,907
2026-08-29 05:30:00+00:00,77637.0,77698.0,77615.0,77668.0,94.44364,1180
2026-08-29 05:45:00+00:00,77669.0,77678.0,77575.0,77613.0,66.6367,1143
2026-08-29 06:00:00+00:00,77613.0,77613.0,77437.0,77445.0,284.43238,1881
2026-08-29 06:15:00+00:00,77445.0,77485.0,77341.0,77376.0,150.19842,2064
2026-08-29 06:30:00+00:00,77377.0,77468.0,77376.0,77417.0,54.16231,1146
2026-08-29 06:45:00+00:00,77417.0,77451.0,77407.0,77436.0,37.86756,1100
2026-08-29 07:00:00+00:00,77437.0,77513.0,77398.0,77434.0,98.13385,1440
2026-08-29 07:15:00+00:00,77435.0,77496.0,77418.0,77492.0,30.54425,936
2026-08-29 07:30:00+00:00,77492.0,77629.0,77475.0,77628.0,450.8385,2289
2026-08-29 07:45:00+00:00,77629.0,77648.0,77591.0,77591.0,70.79164,983
2026-08-29 08:00:00+00:00,77591.0,77591.0,77444.0,77497.0,166.99921,1729
2026-08-29 08:15:00+00:00,77496.0,77568.0,77478.0,77556.0,110.42658,1256
2026-08-29 08:30:00+00:00,77556.0,77556.0,77490.0,77544.0,60.39625,1028
2026-08-29 08:45:00+00:00,77544.0,77603.0,77498.0,77603.0,50.24385,1199
2026-08-29 09:00:00+00:00,77604.0,77649.0,77531.0,77604.0,63.77263,1336
2026-08-29 09:15:00+00:00,77605.0,77648.0,77580.0,77590.0,81.51889,1002
2026-08-29 09:30:00+00:00,77590.0,77727.0,77589.0,77636.0,114.47959,1454
2026-08-29 09:45:00+00:00,77631.0,77652.0,77620.0,77624.0,30.04407,1031
2026-08-29 10:00:00+00:00,77625.0,77625.0,77485.0,77559.0,58.8551,1435
2026-08-29 10:15:00+00:00,77560.0,77693.0,77559.0,77638.0,49.5791,1192
2026-08-29 10:30:00+00:00,77638.0,77698.0,77636.0,77659.0,32.74011,953
2026-08-29 10:45:00+00:00,77659.0,77702.0,77603.0,77607.0,33.96802,956
2026-08-29 11:00:00+00:00,77607.0,77693.0,77588.0,77692.0,28.12331,965
2026-08-29 11:15:00+00:00,77693.0,77700.0,77654.0,77671.0,26.85947,766
2026-08-29 11:30:00+00:00,77671.0,77671.0,77611.0,77612.0,45.62254,847
2026-08-29 11:45:00+00:00,77612.0,77637.0,77534.0,77564.0,21.48549,907
2026-08-29 12:00:00+00:00,77564.0,77593.0,77533.0,77563.0,21.94858,976
2026-08-29 12:15:00+00:00,77564.0,77627.0,77501.0,77560.0,32.54198,1089
2026-08-29 12:30:00+00:00,77560.0,77561.0,77467.0,77545.0,221.20486,1666
2026-08-29 12:45:00+00:00,77546.0,77568.0,77507.0,77554.0,31.30395,997
2026-08-29 13:00:00+00:00,77554.0,77642.0,77542.0,77634.0,40.75243,1035
2026-08-29 13:15:00+00:00,77634.0,77696.0,77612.0,77619.0,69.59238,1319
2026-08-29 13:30:00+00:00,77619.0,77696.0,77615.0,77641.0,81.75886,1229
2026-08-29 13:45:00+00:00,77641.0,77698.0,77634.0,77681.0,22.7613,900
2026-08-29 14:00:00+00:00,77681.0,77697.0,77634.0,77661.0,30.85614,1755
2026-08-29 14:15:00+00:00,77661.0,77730.0,77646.0,77677.0,39.48708,1921
2026-08-29 14:30:00+00:00,77676.0,78000.0,77660.0,77910.0,440.99259,4677
2026-08-29 14:45:00+00:00,77906.0,78162.0,77898.0,77987.0,636.92914,4631
2026-08-29 15:00:00+00:00,77986.0,77991.0,77831.0,77914.0,302.3918,2628
2026-08-29 15:15:00+00:00,77914.0,77965.0,77833.0,77879.0,334.41009,2050
2026-08-29 15:30:00+00:00,77879.0,77880.0,77784.0,77806.0,62.49613,1527
2026-08-29 15:45:00+00:00,77806.0,77909.0,77776.0,77827.0,117.06748,1461
2026-08-29 16:00:00+00:00,77827.0,77981.0,77827.0,77981.0,153.12273,2216
2026-08-29 16:15:00+00:00,77970.0,78110.0,77882.0,77926.0,730.67934,4428
2026-08-29 16:30:00+00:00,77926.0,77998.0,77872.0,77987.0,263.81442,2082
2026-08-29 16:45:00+00:00,77987.0,78067.0,77967.0,77995.0,259.4575,1885
2026-08-29 17:00:00+00:00,77996.0,78057.0,77984.0,78020.0,111.88739,1454
2026-08-29 17:15:00+00:00,78021.0,78074.0,77950.0,77955.0,129.78649,1492
2026-08-29 17:30:00+00:00,77956.0,77997.0,77866.0,77979.0,260.44942,2213
2026-08-29 17:45:00+00:00,77980.0,78072.0,77943.0,78070.0,506.83177,1992
2026-08-29 18:00:00+00:00,78069.0,78151.0,78041.0,78048.0,331.97691,2090
2026-08-29 18:15:00+00:00,78049.0,78083.0,77997.0,78031.0,107.62005,1220
2026-08-29 18:30:00+00:00,78032.0,78200.0,77987.0,78112.0,551.92077,3131
2026-08-29 18:45:00+00:00,78112.0,78241.0,78112.0,78131.0,363.4666,2406
2026-08-29 19:00:00+00:00,78132.0,78293.0,78131.0,78292.0,271.99964,2868
2026-08-29 19:15:00+00:00,78292.0,78331.0,78221.0,78230.0,272.24766,2628
2026-08-29 19:30:00+00:00,78230.0,78242.0,78175.0,78234.0,69.14466,1698
2026-08-29 19:45:00+00:00,78235.0,78240.0,78116.0,78160.0,68.92028,1469
2026-08-29 20:00:00+00:00,78160.0,78272.0,78144.0,78210.0,77.7836,1468
2026-08-29 20:15:00+00:00,78210.0,78234.0,78152.0,78152.0,46.91655,1125
2026-08-29 20:30:00+00:00,78153.0,78153.0,78089.0,78108.0,154.79705,1906
2026-08-29 20:45:00+00:00,78107.0,78130.0,78099.0,78100.0,58.30513,1228
2026-08-29 21:00:00+00:00,78100.0,78166.0,78025.0,78124.0,237.7888,1903
2026-08-29 21:15:00+00:00,78123.0,78151.0,78074.0,78076.0,29.24196,990
2026-08-29 21:30:00+00:00,78076.0,78096.0,78042.0,78077.0,27.65509,1067
2026-08-29 21:45:00+00:00,78077.0,78189.0,78073.0,78145.0,92.17334,1407
2026-08-29 22:00:00+00:00,78145.0,78202.0,78095.0,78115.0,44.03931,1249
2026-08-29 22:15:00+00:00,78116.0,78140.0,78055.0,78120.0,133.81893,1411
2026-08-29 22:30:00+00:00,78120.0,78152.0,78117.0,78146.0,55.65534,943
2026-08-29 22:45:00+00:00,78146.0,78209.0,78145.0,78202.0,75.34128,993
2026-08-29 23:00:00+00:00,78202.0,78231.0,78174.0,78213.0,51.61175,1432
2026-08-29 23:15:00+00:00,78214.0,78257.0,78174.0,78240.0,107.46984,1419
2026-08-29 23:30:00+00:00,78241.0,78249.0,78207.0,78208.0,44.69055,979
2026-08-29 23:45:00+00:00,78207.0,78264.0,78207.0,78228.0,42.63375,1207
2026-08-30 00:00:00+00:00,78229.0,78229.0,78132.0,78154.0,179.34319,1946
2026-08-30 00:15:00+00:00,78154.0,78312.0,78153.0,78198.0,129.24016,1955
2026-08-30 00:30:00+00:00,78197.0,78284.0,78168.0,78189.0,29.08606,1370
2026-08-30 00:45:00+00:00,78186.0,78231.0,78146.0,78146.0,52.26396,1168
2026-08-30 01:00:00+00:00,78149.0,78162.0,78033.0,78047.0,179.33237,1636
2026-08-30 01:15:00+00:00,78047.0,78047.0,77955.0,77984.0,437.87062,2200
2026-08-30 01:30:00+00:00,77985.0,78037.0,77959.0,78031.0,60.7181,1360
2026-08-30 01:45:00+00:00,78031.0,78107.0,78015.0,78050.0,67.99527,1348
2026-08-30 02:00:00+00:00,78050.0,78103.0,78034.0,78060.0,68.38924,1044
2026-08-30 02:15:00+00:00,78060.0,78060.0,77989.0,78013.0,15.67823,874
2026-08-30 02:30:00+00:00,78014.0,78099.0,77981.0,78073.0,21.48806,878
2026-08-30 02:45:00+00:00,78073.0,78160.0,78052.0,78086.0,122.26855,1367
2026-08-30 03:00:00+00:00,78086.0,78102.0,78038.0,78058.0,27.92387,1057
2026-08-30 03:15:00+00:00,78058.0,78144.0,78030.0,78144.0,39.30077,998
2026-08-30 03:30:00+00:00,78148.0,78220.0,78119.0,78175.0,44.43119,1280
2026-08-30 03:45:00+00:00,78175.0,78175.0,78117.0,78124.0,259.20316,1428
2026-08-30 04:00:00+00:00,78118.0,78202.0,78117.0,78138.0,231.90825,1457
2026-08-30 04:15:00+00:00,78138.0,78140.0,78069.0,78096.0,28.91737,1047
2026-08-30 04:30:00+00:00,78095.0,78096.0,77966.0,77993.0,392.82095,1732
2026-08-30 04:45:00+00:00,77992.0,78079.0,77962.0,78079.0,37.74364,1065
2026-08-30 05:00:00+00:00,78079.0,78188.0,78078.0,78118.0,38.8684,1174
2026-08-30 05:15:00+00:00,78118.0,78120.0,78101.0,78117.0,21.99382,833
2026-08-30 05:30:00+00:00,78117.0,78117.0,78084.0,78102.0,35.86932,951
2026-08-30 05:45:00+00:00,78101.0,78102.0,78096.0,78099.0,12.80333,702
2026-08-30 06:00:00+00:00,78099.0,78116.0,78084.0,78085.0,12.20977,786
2026-08-30 06:15:00+00:00,78084.0,78179.0,78084.0,78161.0,104.7667,1147
2026-08-30 06:30:00+00:00,78161.0,78277.0,78158.0,78216.0,377.99711,1752
2026-08-30 06:45:00+00:00,78216.0,78288.0,78212.0,78265.0,71.73848,1202
2026-08-30 07:00:00+00:00,78265.0,78276.0,78234.0,78235.0,42.08676,1006
2026-08-30 07:15:00+00:00,78235.0,78235.0,78200.0,78200.0,34.42355,930
2026-08-30 07:30:00+00:00,78201.0,78201.0,78124.0,78125.0,61.65422,1042
2026-08-30 07:45:00+00:00,78125.0,78145.0,78085.0,78086.0,47.42933,1009
2026-08-30 08:00:00+00:00,78086.0,78177.0,78086.0,78130.0,22.01425,955
2026-08-30 08:15:00+00:00,78129.0,78177.0,78129.0,78138.0,30.46353,966
2026-08-30 08:30:00+00:00,78138.0,78138.0,78019.0,78046.0,77.64757,1616
2026-08-30 08:45:00+00:00,78046.0,78065.0,78013.0,78064.0,27.35126,1210
2026-08-30 09:00:00+00:00,78064.0,78084.0,78044.0,78084.0,18.45052,887
2026-08-30 09:15:00+00:00,78084.0,78100.0,77973.0,77974.0,51.66718,1401
2026-08-30 09:30:00+00:00,77974.0,78033.0,77964.0,78006.0,42.1988,1085
2026-08-30 09:45:00+00:00,78006.0,78041.0,77974.0,77982.0,20.70316,817
2026-08-30 10:00:00+00:00,77983.0,78049.0,77936.0,77988.0,58.51292,1340
2026-08-30 10:15:00+00:00,77988.0,78100.0,77970.0,78027.0,50.26898,1192
2026-08-30 10:30:00+00:00,78027.0,78098.0,78026.0,78097.0,26.44083,1013
2026-08-30 10:45:00+00:00,78097.0,78134.0,78096.0,78125.0,23.90846,830
2026-08-30 11:00:00+00:00,78130.0,78183.0,78116.0,78153.0,69.13733,1100
2026-08-30 11:15:00+00:00,78153.0,78207.0,78122.0,78207.0,42.15098,1004
2026-08-30 11:30:00+00:00,78207.0,78221.0,78129.0,78156.0,47.13896,1291
2026-08-30 11:45:00+00:00,78156.0,78156.0,78093.0,78149.0,21.78147,917
2026-08-30 12:00:00+00:00,78149.0,78706.0,78149.0,78644.0,1516.22078,8538
2026-08-30 12:15:00+00:00,78644.0,78644.0,78476.0,78613.0,334.84266,3495
2026-08-30 12:30:00+00:00,78613.0,78879.0,78533.0,78641.0,807.71591,6238
2026-08-30 12:45:00+00:00,78640.0,78776.0,78577.0,78775.0,196.8547,2560
2026-08-30 13:00:00+00:00,78776.0,78816.0,78615.0,78627.0,284.16648,2521
2026-08-30 13:15:00+00:00,78626.0,78707.0,78567.0,78706.0,75.50262,1563
2026-08-30 13:30:00+00:00,78707.0,78806.0,78659.0,78775.0,211.65955,2142
2026-08-30 13:45:00+00:00,78776.0,78950.0,78775.0,78851.0,387.61972,5002
2026-08-30 14:00:00+00:00,78851.0,78940.0,78751.0,78896.0,291.27328,5188
2026-08-30 14:15:00+00:00,78896.0,78919.0,78777.0,78838.0,74.55796,1568
2026-08-30 14:30:00+00:00,78838.0,78931.0,78696.0,78742.0,351.09001,3421
2026-08-30 14:45:00+00:00,78742.0,78799.0,78700.0,78755.0,87.43395,1408
2026-08-30 15:00:00+00:00,78754.0,78849.0,78632.0,78654.0,87.05467,2090
2026-08-30 15:15:00+00:00,78654.0,78819.0,78622.0,78761.0,127.46238,1916
2026-08-30 15:30:00+00:00,78760.0,78836.0,78760.0,78836.0,40.72752,1133
2026-08-30 15:45:00+00:00,78837.0,78885.0,78781.0,78809.0,163.96279,1727
2026-08-30 16:00:00+00:00,78809.0,79177.0,78724.0,79116.0,745.3366,7117
2026-08-30 16:15:00+00:00,79116.0,79250.0,78995.0,79032.0,552.84463,4757
2026-08-30 16:30:00+00:00,79032.0,79249.0,79012.0,79185.0,475.1783,4402
2026-08-30 16:45:00+00:00,79186.0,79389.0,79139.0,79318.0,363.43516,4453
2026-08-30 17:00:00+00:00,79319.0,79329.0,79125.0,79160.0,166.28221,3151
2026-08-30 17:15:00+00:00,79160.0,79160.0,78759.0,78934.0,597.74205,7350
2026-08-30 17:30:00+00:00,78933.0,79044.0,78870.0,79027.0,248.13511,3144
2026-08-30 17:45:00+00:00,79028.0,79072.0,78954.0,79000.0,126.87398,2178
2026-08-30 18:00:00+00:00,79001.0,79069.0,78757.0,78829.0,313.75957,2914
2026-08-30 18:15:00+00:00,78830.0,78990.0,78829.0,78989.0,195.55287,1900
2026-08-30 18:30:00+00:00,78990.0,79172.0,78989.0,79075.0,245.1001,3461
2026-08-30 18:45:00+00:00,79075.0,79076.0,78998.0,79023.0,136.14833,1616
2026-08-30 19:00:00+00:00,79023.0,79030.0,78915.0,79026.0,228.60741,2049
2026-08-30 19:15:00+00:00,79026.0,79026.0,78902.0,78920.0,118.47566,1569
2026-08-30 19:30:00+00:00,78920.0,78943.0,78755.0,78778.0,381.77085,3196
2026-08-30 19:45:00+00:00,78779.0,78862.0,78699.0,78841.0,164.09821,2096
2026-08-30 20:00:00+00:00,78842.0,78907.0,78825.0,78845.0,58.92931,1655
2026-08-30 20:15:00+00:00,78846.0,78915.0,78817.0,78818.0,32.17113,1222
2026-08-30 20:30:00+00:00,78818.0,78850.0,78407.0,78453.0,736.94253,5002
2026-08-30 20:45:00+00:00,78453.0,78725.0,78452.0,78563.0,336.75266,3096
2026-08-30 21:00:00+00:00,78563.0,78563.0,78199.0,78485.0,694.14863,7962
2026-08-30 21:15:00+00:00,78486.0,78660.0,78446.0,78628.0,373.53546,3264
2026-08-30 21:30:00+00:00,78628.0,78720.0,78585.0,78618.0,120.66436,2113
2026-08-30 21:45:00+00:00,78619.0,78686.0,78526.0,78644.0,44.51107,1430
2026-08-30 22:00:00+00:00,78645.0,78806.0,78521.0,78558.0,322.43123,3252
2026-08-30 22:15:00+00:00,78559.0,78559.0,78283.0,78363.0,302.03007,3596
2026-08-30 22:30:00+00:00,78364.0,78528.0,78260.0,78435.0,127.30335,2275
2026-08-30 22:45:00+00:00,78435.0,78492.0,78354.0,78404.0,47.342,1521
2026-08-30 23:00:00+00:00,78404.0,78425.0,78286.0,78345.0,48.80727,1754
2026-08-30 23:15:00+00:00,78345.0,78392.0,77625.0,77661.0,1394.75499,11324
2026-08-30 23:30:00+00:00,77654.0,77844.0,77316.0,77458.0,2041.00868,11572
2026-08-30 23:45:00+00:00,77458.0,77698.0,76971.0,77659.0,1538.16934,11871
2026-08-31 00:00:00+00:00,77660.0,77797.0,77409.0,77750.0,673.48242,6351
2026-08-31 00:15:00+00:00,77751.0,77982.0,77692.0,77899.0,749.68756,5638
2026-08-31 00:30:00+00:00,77900.0,78163.0,77868.0,78017.0,396.66939,3861
2026-08-31 00:45:00+00:00,78018.0,78021.0,77910.0,77924.0,191.92707,2153
2026-08-31 01:00:00+00:00,77924.0,77987.0,77546.0,77645.0,420.26308,4224
2026-08-31 01:15:00+00:00,77645.0,77844.0,77566.0,77763.0,386.40387,3780
2026-08-31 01:30:00+00:00,77764.0,77933.0,77629.0,77734.0,148.59873,2985
2026-08-31 01:45:00+00:00,77734.0,77838.0,77600.0,77622.0,161.03197,2404
2026-08-31 02:00:00+00:00,77623.0,78004.0,77501.0,77949.0,538.59365,4562
2026-08-31 02:15:00+00:00,77950.0,77951.0,77806.0,77869.0,111.48376,1835
2026-08-31 02:30:00+00:00,77869.0,77918.0,77688.0,77688.0,301.43317,2080
2026-08-31 02:45:00+00:00,77689.0,77748.0,77357.0,77446.0,541.92844,3771
2026-08-31 03:00:00+00:00,77446.0,77676.0,77353.0,77636.0,482.01931,3282
2026-08-31 03:15:00+00:00,77634.0,77749.0,77570.0,77712.0,214.35359,2005
2026-08-31 03:30:00+00:00,77701.0,77823.0,77652.0,77808.0,157.46426,1848
2026-08-31 03:45:00+00:00,77808.0,77853.0,77722.0,77738.0,152.26494,1610
2026-08-31 04:00:00+00:00,77738.0,77755.0,77550.0,77581.0,137.51342,2456
2026-08-31 04:15:00+00:00,77581.0,77584.0,77474.0,77501.0,300.85607,2153
2026-08-31 04:30:00+00:00,77501.0,77577.0,77436.0,77562.0,210.03515,2083
2026-08-31 04:45:00+00:00,77562.0,77651.0,77455.0,77612.0,115.08434,1968
2026-08-31 05:00:00+00:00,77613.0,77800.0,77506.0,77763.0,385.1073,3382
2026-08-31 05:15:00+00:00,77762.0,78155.0,77744.0,77998.0,827.5582,6059
2026-08-31 05:30:00+00:00,77999.0,78063.0,77867.0,77966.0,165.6964,2500
2026-08-31 05:45:00+00:00,77966.0,78051.0,77947.0,78012.0,242.39004,2253
2026-08-31 06:00:00+00:00,78012.0,78076.0,77857.0,78017.0,157.72246,2679
2026-08-31 06:15:00+00:00,78017.0,78134.0,77970.0,78023.0,443.59616,2854
2026-08-31 06:30:00+00:00,78017.0,78143.0,77923.0,78079.0,135.00939,2088
2026-08-31 06:45:00+00:00,78080.0,78129.0,78008.0,78088.0,94.18977,1821
2026-08-31 07:00:00+00:00,78087.0,78173.0,78028.0,78120.0,86.01993,2050
2026-08-31 07:15:00+00:00,78120.0,78318.0,78119.0,78211.0,176.76674,2924
2026-08-31 07:30:00+00:00,78211.0,78289.0,78130.0,78265.0,72.46065,1906
2026-08-31 07:45:00+00:00,78264.0,78288.0,78189.0,78195.0,91.69114,1820
2026-08-31 08:00:00+00:00,78196.0,78333.0,78049.0,78153.0,269.08244,3012
2026-08-31 08:15:00+00:00,78152.0,78154.0,77967.0,78087.0,140.56177,2180
2026-08-31 08:30:00+00:00,78087.0,78443.0,78069.0,78319.0,414.31831,3680
2026-08-31 08:45:00+00:00,78318.0,78516.0,78303.0,78463.0,293.82104,3416
2026-08-31 09:00:00+00:00,78464.0,78790.0,78389.0,78642.0,598.69694,5436
2026-08-31 09:15:00+00:00,78643.0,78790.0,78582.0,78642.0,343.42724,3416
2026-08-31 09:30:00+00:00,78645.0,78700.0,78589.0,78697.0,89.12418,1884
2026-08-31 09:45:00+00:00,78697.0,78788.0,78504.0,78505.0,245.14175,2521
2026-08-31 10:00:00+00:00,78505.0,78525.0,78301.0,78521.0,365.1537,3630
2026-08-31 10:15:00+00:00,78520.0,78520.0,78402.0,78447.0,154.41505,2287
2026-08-31 10:30:00+00:00,78447.0,78540.0,78375.0,78524.0,188.65869,2886
2026-08-31 10:45:00+00:00,78524.0,78733.0,78505.0,78704.0,147.18255,2582
2026-08-31 11:00:00+00:00,78705.0,78705.0,78557.0,78618.0,96.74453,1994
2026-08-31 11:15:00+00:00,78619.0,78627.0,78458.0,78472.0,279.22318,1797
2026-08-31 11:30:00+00:00,78472.0,78483.0,78350.0,78378.0,196.88502,1954
2026-08-31 11:45:00+00:00,78378.0,78410.0,78280.0,78300.0,213.32519,2230
2026-08-31 12:00:00+00:00,78300.0,78533.0,78262.0,78411.0,224.42466,3404
2026-08-31 12:15:00+00:00,78411.0,78465.0,78033.0,78084.0,432.29105,5638
2026-08-31 12:30:00+00:00,78084.0,78151.0,77678.0,77866.0,940.07946,8269
2026-08-31 12:45:00+00:00,77866.0,77905.0,77757.0,77905.0,467.69735,3727
2026-08-31 13:00:00+00:00,77905.0,78196.0,77905.0,78076.0,989.12082,5644
2026-08-31 13:15:00+00:00,78077.0,78081.0,77872.0,78030.0,380.39065,3801
2026-08-31 13:30:00+00:00,78031.0,78293.0,77817.0,77995.0,1084.48194,10414
2026-08-31 13:45:00+00:00,77996.0,78051.0,77711.0,77855.0,696.2204,7512
2026-08-31 14:00:00+00:00,77856.0,78051.0,77780.0,77898.0,647.65426,7882
2026-08-31 14:15:00+00:00,77898.0,78060.0,77740.0,78011.0,225.17146,3444
2026-08-31 14:30:00+00:00,78010.0,78677.0,77965.0,78513.0,933.11086,9736
2026-08-31 14:45:00+00:00,78513.0,78636.0,78367.0,78572.0,594.81095,5436
2026-08-31 15:00:00+00:00,78574.0,78675.0,78303.0,78306.0,511.50288,4614
2026-08-31 15:15:00+00:00,78305.0,78538.0,78208.0,78448.0,239.23476,3416
2026-08-31 15:30:00+00:00,78448.0,78773.0,78390.0,78702.0,668.61457,5047
2026-08-31 15:45:00+00:00,78701.0,78739.0,78542.0,78566.0,428.2928,3261
2026-08-31 16:00:00+00:00,78566.0,78800.0,78512.0,78677.0,619.91066,4069
2026-08-31 16:15:00+00:00,78678.0,78740.0,78510.0,78635.0,332.23482,3065
2026-08-31 16:30:00+00:00,78636.0,78754.0,78558.0,78720.0,192.42751,2395
2026-08-31 16:45:00+00:00,78720.0,78882.0,78623.0,78624.0,670.90117,4854
2026-08-31 17:00:00+00:00,78623.0,78793.0,78596.0,78721.0,186.43145,2397
2026-08-31 17:15:00+00:00,78722.0,78726.0,78471.0,78510.0,373.38483,3390
2026-08-31 17:30:00+00:00,78516.0,78985.0,78515.0,78897.0,780.47984,5644
2026-08-31 17:45:00+00:00,78896.0,78950.0,78829.0,78885.0,250.02425,2740
2026-08-31 18:00:00+00:00,78886.0,78950.0,78761.0,78942.0,268.98713,2595
2026-08-31 18:15:00+00:00,78949.0,79079.0,78823.0,78886.0,805.33388,5489
2026-08-31 18:30:00+00:00,78886.0,79203.0,78871.0,79181.0,662.68357,4929
2026-08-31 18:45:00+00:00,79181.0,79182.0,78987.0,79010.0,529.36359,3449
2026-08-31 19:00:00+00:00,79010.0,79250.0,79010.0,79184.0,278.44313,3220
2026-08-31 19:15:00+00:00,79183.0,79184.0,79008.0,79084.0,300.68138,2566
2026-08-31 19:30:00+00:00,79084.0,79137.0,78913.0,78975.0,387.82946,2905
2026-08-31 19:45:00+00:00,78974.0,79093.0,78837.0,78872.0,367.62635,2920
2026-08-31 20:00:00+00:00,78872.0,78966.0,78846.0,78954.0,144.90181,1756
2026-08-31 20:15:00+00:00,78954.0,79164.0,78905.0,78912.0,522.85582,3183
2026-08-31 20:30:00+00:00,78912.0,78939.0,78783.0,78870.0,196.65392,2118
2026-08-31 20:45:00+00:00,78870.0,78900.0,78811.0,78842.0,248.64451,1507
2026-08-31 21:00:00+00:00,78842.0,78879.0,78715.0,78824.0,180.46192,2416
2026-08-31 21:15:00+00:00,78825.0,78959.0,78800.0,78948.0,147.04662,1641
2026-08-31 21:30:00+00:00,78948.0,79066.0,78946.0,79047.0,158.04435,1806
2026-08-31 21:45:00+00:00,79047.0,79063.0,78941.0,78950.0,103.77478,1223
2026-08-31 22:00:00+00:00,78950.0,79008.0,78883.0,78883.0,94.05554,1544
2026-08-31 22:15:00+00:00,78883.0,78884.0,78729.0,78748.0,71.39654,1503
2026-08-31 22:30:00+00:00,78747.0,78759.0,78625.0,78649.0,137.74965,1879
2026-08-31 22:45:00+00:00,78649.0,78649.0,78560.0,78572.0,161.72103,1913
2026-08-31 23:00:00+00:00,78573.0,78573.0,78373.0,78436.0,275.31538,3127
2026-08-31 23:15:00+00:00,78436.0,78573.0,78436.0,78566.0,105.64338,1404
2026-08-31 23:30:00+00:00,78566.0,78581.0,78491.0,78551.0,81.75398,1303
2026-08-31 23:45:00+00:00,78551.0,78577.0,78538.0,78574.0,63.05842,973
2026-09-01 00:00:00+00:00,78575.0,78782.0,78555.0,78742.0,336.95626,2705
2026-09-01 00:15:00+00:00,78742.0,78887.0,78734.0,78861.0,150.29372,1971
2026-09-01 00:30:00+00:00,78860.0,78889.0,78659.0,78694.0,241.44723,2336
2026-09-01 00:45:00+00:00,78697.0,78804.0,78565.0,78637.0,162.90649,1894
2026-09-01 01:00:00+00:00,78637.0,78789.0,78520.0,78537.0,88.21208,1698
2026-09-01 01:15:00+00:00,78536.0,78631.0,78388.0,78406.0,621.63381,2894
2026-09-01 01:30:00+00:00,78405.0,78558.0,78361.0,78558.0,277.39984,2310
2026-09-01 01:45:00+00:00,78557.0,78559.0,78360.0,78382.0,177.13278,1850
2026-09-01 02:00:00+00:00,78382.0,78383.0,78153.0,78277.0,384.60792,3477
2026-09-01 02:15:00+00:00,78278.0,78316.0,78179.0,78194.0,296.23628,2270
2026-09-01 02:30:00+00:00,78193.0,78391.0,78193.0,78348.0,110.2344,1534
2026-09-01 02:45:00+00:00,78347.0,78444.0,78314.0,78429.0,88.85937,1306
2026-09-01 03:00:00+00:00,78429.0,78484.0,78394.0,78425.0,264.01252,1653
2026-09-01 03:15:00+00:00,78425.0,78495.0,78388.0,78460.0,64.19761,1165
2026-09-01 03:30:00+00:00,78460.0,78871.0,78459.0,78798.0,550.34515,4530
2026-09-01 03:45:00+00:00,78798.0,78801.0,78651.0,78665.0,192.95403,2169
2026-09-01 04:00:00+00:00,78665.0,78805.0,78643.0,78672.0,239.71137,2328
2026-09-01 04:15:00+00:00,78671.0,78914.0,78671.0,78833.0,207.26482,2503
2026-09-01 04:30:00+00:00,78834.0,78856.0,78730.0,78731.0,320.50442,2670
2026-09-01 04:45:00+00:00,78731.0,78780.0,78680.0,78722.0,109.97008,2152
2026-09-01 05:00:00+00:00,78722.0,78982.0,78722.0,78860.0,669.6579,4830
2026-09-01 05:15:00+00:00,78860.0,79017.0,78772.0,78999.0,419.81472,3507
2026-09-01 05:30:00+00:00,78999.0,79187.0,78965.0,79174.0,1151.7159,6378
2026-09-01 05:45:00+00:00,79173.0,79233.0,79085.0,79182.0,1001.16806,4766
2026-09-01 06:00:00+00:00,79182.0,79183.0,78985.0,79024.0,281.46725,3016
2026-09-01 06:15:00+00:00,79023.0,79024.0,78804.0,78887.0,237.41601,3077
2026-09-01 06:30:00+00:00,78886.0,78949.0,78865.0,78876.0,127.29348,1974
2026-09-01 06:45:00+00:00,78875.0,78892.0,78740.0,78741.0,196.65954,2719
2026-09-01 07:00:00+00:00,78740.0,78813.0,78711.0,78722.0,178.23997,2742
2026-09-01 07:15:00+00:00,78721.0,78802.0,78702.0,78785.0,70.12284,2260
2026-09-01 07:30:00+00:00,78784.0,78804.0,78499.0,78630.0,327.56672,4398
2026-09-01 07:45:00+00:00,78630.0,78696.0,78600.0,78642.0,89.74747,1993
2026-09-01 08:00:00+00:00,78642.0,78663.0,78271.0,78316.0,339.71614,5109
2026-09-01 08:15:00+00:00,78316.0,78340.0,77879.0,77888.0,941.67602,8711
2026-09-01 08:30:00+00:00,77888.0,78052.0,77825.0,77969.0,627.87076,6013
2026-09-01 08:45:00+00:00,77969.0,78034.0,77820.0,77883.0,296.18342,4505
2026-09-01 09:00:00+00:00,77882.0,77926.0,77773.0,77819.0,337.68659,4263
2026-09-01 09:15:00+00:00,77819.0,77972.0,77806.0,77930.0,169.80007,2969
2026-09-01 09:30:00+00:00,77930.0,78048.0,77848.0,78045.0,143.7001,2398
2026-09-01 09:45:00+00:00,78044.0,78050.0,77899.0,77899.0,148.71726,1865
2026-09-01 10:00:00+00:00,77899.0,77989.0,77798.0,77866.0,231.77234,2977
2026-09-01 10:15:00+00:00,77865.0,78049.0,77740.0,77998.0,237.59898,3258
2026-09-01 10:30:00+00:00,77998.0,78184.0,77997.0,78134.0,179.76266,3641
2026-09-01 10:45:00+00:00,78135.0,78163.0,77980.0,78018.0,137.85132,2289
2026-09-01 11:00:00+00:00,78018.0,78053.0,77907.0,77981.0,227.93941,2343
2026-09-01 11:15:00+00:00,77981.0,78013.0,77890.0,78000.0,112.00286,1963
2026-09-01 11:30:00+00:00,78000.0,78193.0,77947.0,78100.0,737.09255,3754
2026-09-01 11:45:00+00:00,78101.0,78191.0,78062.0,78094.0,123.88669,2523
2026-09-01 12:00:00+00:00,78095.0,78150.0,77956.0,78031.0,111.89003,2626
2026-09-01 12:15:00+00:00,78032.0,78095.0,77914.0,77986.0,107.07923,2322
2026-09-01 12:30:00+00:00,77985.0,77986.0,77740.0,77969.0,252.59792,4069
2026-09-01 12:45:00+00:00,77969.0,78072.0,77921.0,78000.0,201.6259,2747
2026-09-01 13:00:00+00:00,78000.0,78010.0,77500.0,77814.0,985.80642,7581
2026-09-01 13:15:00+00:00,77813.0,77897.0,77724.0,77885.0,533.17464,3372
2026-09-01 13:30:00+00:00,77885.0,78026.0,77500.0,77910.0,983.03169,7955
2026-09-01 13:45:00+00:00,77910.0,78204.0,77831.0,78049.0,653.17478,7399
2026-09-01 14:00:00+00:00,78050.0,78409.0,78035.0,78265.0,1201.20941,11304
2026-09-01 14:15:00+00:00,78266.0,78408.0,78132.0,78247.0,235.37113,3808
2026-09-01 14:30:00+00:00,78246.0,78396.0,78222.0,78383.0,147.18329,3005
2026-09-01 14:45:00+00:00,78383.0,78418.0,78114.0,78156.0,237.79214,3237
2026-09-01 15:00:00+00:00,78155.0,78156.0,77718.0,77812.0,528.06858,5523
2026-09-01 15:15:00+00:00,77813.0,77874.0,77750.0,77861.0,166.21849,2880
2026-09-01 15:30:00+00:00,77860.0,77988.0,77790.0,77978.0,510.41496,3748
2026-09-01 15:45:00+00:00,77977.0,78096.0,77900.0,77910.0,137.58055,2766
2026-09-01 16:00:00+00:00,77910.0,77968.0,77650.0,77658.0,444.32778,3888
2026-09-01 16:15:00+00:00,77657.0,77740.0,77437.0,77609.0,1284.04121,7582
2026-09-01 16:30:00+00:00,77609.0,77609.0,77290.0,77435.0,726.10584,6155
2026-09-01 16:45:00+00:00,77435.0,77649.0,77426.0,77583.0,243.06538,3207
2026-09-01 17:00:00+00:00,77582.0,77646.0,77490.0,77504.0,168.15371,2557
2026-09-01 17:15:00+00:00,77504.0,77611.0,77392.0,77501.0,237.26714,2790
2026-09-01 17:30:00+00:00,77500.0,77722.0,77496.0,77506.0,197.95632,2824
2026-09-01 17:45:00+00:00,77506.0,77506.0,77219.0,77238.0,716.88652,5373
2026-09-01 18:00:00+00:00,77246.0,77282.0,77102.0,77207.0,689.43462,5883
2026-09-01 18:15:00+00:00,77207.0,77236.0,76740.0,77035.0,1810.55749,11732
2026-09-01 18:30:00+00:00,77035.0,77115.0,76559.0,76559.0,2012.62293,12797
2026-09-01 18:45:00+00:00,76560.0,77148.0,76397.0,77146.0,2371.69471,14238
2026-09-01 19:00:00+00:00,77147.0,77294.0,77097.0,77188.0,585.1937,6070
2026-09-01 19:15:00+00:00,77189.0,77453.0,77116.0,77343.0,511.6889,5570
2026-09-01 19:30:00+00:00,77344.0,77368.0,77275.0,77294.0,189.7611,3152
2026-09-01 19:45:00+00:00,77295.0,77328.0,77182.0,77290.0,188.33464,3103
2026-09-01 20:00:00+00:00,77298.0,77418.0,77218.0,77418.0,157.42949,3174
2026-09-01 20:15:00+00:00,77418.0,77464.0,77320.0,77401.0,129.82778,2688
2026-09-01 20:30:00+00:00,77402.0,77475.0,77328.0,77379.0,167.68496,2648
2026-09-01 20:45:00+00:00,77380.0,77464.0,77334.0,77436.0,53.09016,1733
2026-09-01 21:00:00+00:00,77436.0,77501.0,77033.0,77094.0,560.46236,4636
2026-09-01 21:15:00+00:00,77094.0,77271.0,76897.0,77185.0,496.42116,5196
2026-09-01 21:30:00+00:00,77186.0,77208.0,77012.0,77129.0,175.43405,2567
2026-09-01 21:45:00+00:00,77129.0,77259.0,77113.0,77195.0,106.79585,1818
2026-09-01 22:00:00+00:00,77195.0,77302.0,77168.0,77290.0,77.7778,2030
2026-09-01 22:15:00+00:00,77289.0,77290.0,77051.0,77052.0,191.90856,2577
2026-09-01 22:30:00+00:00,77052.0,77169.0,77010.0,77140.0,325.73248,2323
2026-09-01 22:45:00+00:00,77140.0,77350.0,77139.0,77255.0,104.05487,2244
2026-09-01 23:00:00+00:00,77255.0,77309.0,77193.0,77244.0,56.45534,1666
2026-09-01 23:15:00+00:00,77245.0,77392.0,77243.0,77392.0,96.19412,1835
2026-09-01 23:30:00+00:00,77392.0,77579.0,77374.0,77526.0,316.41519,3628
2026-09-01 23:45:00+00:00,77526.0,77611.0,77399.0,77419.0,130.36405,2415
2026-09-02 00:00:00+00:00,77420.0,77506.0,77341.0,77381.0,143.5547,2318
2026-09-02 00:15:00+00:00,77381.0,77456.0,77246.0,77246.0,212.83161,2290
2026-09-02 00:30:00+00:00,77246.0,77323.0,77109.0,77213.0,102.73986,2398
2026-09-02 00:45:00+00:00,77213.0,77253.0,77168.0,77194.0,103.98482,1890
2026-09-02 01:00:00+00:00,77195.0,77368.0,77130.0,77332.0,121.27573,2506
2026-09-02 01:15:00+00:00,77332.0,77340.0,77127.0,77137.0,98.50982,2120
2026-09-02 01:30:00+00:00,77138.0,77172.0,76812.0,76866.0,451.83487,4619
2026-09-02 01:45:00+00:00,76866.0,77028.0,76687.0,77000.0,672.58339,5720
2026-09-02 02:00:00+00:00,77001.0,77205.0,76925.0,77065.0,233.79176,3397
2026-09-02 02:15:00+00:00,77066.0,77343.0,77065.0,77308.0,407.03552,3815
2026-09-02 02:30:00+00:00,77309.0,77309.0,77156.0,77204.0,72.93249,2333
2026-09-02 02:45:00+00:00,77204.0,77314.0,77190.0,77313.0,63.37653,1741
2026-09-02 03:00:00+00:00,77314.0,77593.0,77288.0,77500.0,247.02248,3705
2026-09-02 03:15:00+00:00,77500.0,77777.0,77487.0,77643.0,782.68425,5749
2026-09-02 03:30:00+00:00,77644.0,77651.0,77483.0,77532.0,874.49648,5449
2026-09-02 03:45:00+00:00,77533.0,77625.0,77488.0,77549.0,226.83508,2677
2026-09-02 04:00:00+00:00,77550.0,77550.0,77330.0,77354.0,163.77523,2313
2026-09-02 04:15:00+00:00,77354.0,77415.0,77274.0,77406.0,292.88257,2483
2026-09-02 04:30:00+00:00,77407.0,77586.0,77407.0,77577.0,236.73655,2729
2026-09-02 04:45:00+00:00,77581.0,77599.0,77524.0,77546.0,68.79222,2268
2026-09-02 05:00:00+00:00,77546.0,77592.0,77412.0,77586.0,252.9684,3170
2026-09-02 05:15:00+00:00,77586.0,77777.0,77586.0,77742.0,456.06384,4063
2026-09-02 05:30:00+00:00,77743.0,77743.0,77659.0,77690.0,399.47892,2669
2026-09-02 05:45:00+00:00,77690.0,77741.0,77569.0,77635.0,112.13801,2374
2026-09-02 06:00:00+00:00,77636.0,77715.0,77542.0,77560.0,374.48909,2761
2026-09-02 06:15:00+00:00,77560.0,77637.0,77533.0,77533.0,39.31901,1442
2026-09-02 06:30:00+00:00,77534.0,77674.0,77446.0,77613.0,356.50975,3347
2026-09-02 06:45:00+00:00,77613.0,77613.0,77491.0,77600.0,74.80776,2203
2026-09-02 07:00:00+00:00,77601.0,77755.0,77581.0,77655.0,137.9128,2583
2026-09-02 07:15:00+00:00,77655.0,77689.0,77578.0,77582.0,74.25581,2454
2026-09-02 07:30:00+00:00,77582.0,77614.0,77536.0,77541.0,66.50282,1970
2026-09-02 07:45:00+00:00,77542.0,77588.0,77453.0,77457.0,329.50343,3164
2026-09-02 08:00:00+00:00,77458.0,77540.0,77359.0,77404.0,441.61942,3989
2026-09-02 08:15:00+00:00,77404.0,77461.0,77188.0,77226.0,844.23696,4878
2026-09-02 08:30:00+00:00,77227.0,77227.0,76924.0,76945.0,792.06911,5891
2026-09-02 08:45:00+00:00,76945.0,77010.0,76730.0,76844.0,816.32228,6092
2026-09-02 09:00:00+00:00,76844.0,77050.0,76843.0,76937.0,261.54836,3930
2026-09-02 09:15:00+00:00,76937.0,76959.0,76601.0,76875.0,540.00538,5580
2026-09-02 09:30:00+00:00,76875.0,76875.0,76496.0,76545.0,740.87285,6034
2026-09-02 09:45:00+00:00,76546.0,76761.0,76470.0,76735.0,476.05833,4369
2026-09-02 10:00:00+00:00,76735.0,76749.0,76549.0,76623.0,157.88484,3248
2026-09-02 10:15:00+00:00,76625.0,76692.0,76558.0,76558.0,72.43056,2381
2026-09-02 10:30:00+00:00,76559.0,76604.0,76456.0,76593.0,337.93683,4096
2026-09-02 10:45:00+00:00,76593.0,76680.0,76234.0,76669.0,712.0711,8709
2026-09-02 11:00:00+00:00,76669.0,76733.0,76492.0,76702.0,477.93007,5960
2026-09-02 11:15:00+00:00,76714.0,76776.0,76314.0,76480.0,1369.13441,7650
2026-09-02 11:30:00+00:00,76481.0,76733.0,76463.0,76633.0,1019.54463,7181
2026-09-02 11:45:00+00:00,76633.0,76905.0,76579.0,76836.0,667.0923,4800
2026-09-02 12:00:00+00:00,76835.0,76859.0,76656.0,76821.0,1490.66901,6163
2026-09-02 12:15:00+00:00,76821.0,77069.0,76765.0,76993.0,680.47873,6977
2026-09-02 12:30:00+00:00,76993.0,76998.0,76785.0,76818.0,530.90191,4536
2026-09-02 12:45:00+00:00,76818.0,76822.0,76598.0,76599.0,270.86378,3515
2026-09-02 13:00:00+00:00,76599.0,76876.0,76599.0,76734.0,334.41189,4942
2026-09-02 13:15:00+00:00,76733.0,76978.0,76700.0,76877.0,460.02206,3843
2026-09-02 13:30:00+00:00,76877.0,77407.0,76608.0,77372.0,1235.02388,9675
2026-09-02 13:45:00+00:00,77390.0,77465.0,76983.0,77133.0,985.50783,8334
2026-09-02 14:00:00+00:00,77133.0,77351.0,77004.0,77348.0,637.9592,8108
2026-09-02 14:15:00+00:00,77348.0,77495.0,77222.0,77336.0,616.41983,5945
2026-09-02 14:30:00+00:00,77336.0,77413.0,77107.0,77335.0,628.11395,5253
2026-09-02 14:45:00+00:00,77335.0,77336.0,77045.0,77062.0,651.96259,4912
2026-09-02 15:00:00+00:00,77061.0,77179.0,76722.0,76802.0,836.14546,7103
2026-09-02 15:15:00+00:00,76801.0,77144.0,76801.0,77036.0,371.43742,4628
2026-09-02 15:30:00+00:00,77035.0,77378.0,76980.0,77361.0,307.03824,4873
2026-09-02 15:45:00+00:00,77361.0,77363.0,77132.0,77283.0,150.7762,2838
2026-09-02 16:00:00+00:00,77284.0,77395.0,77200.0,77350.0,272.32687,3280
2026-09-02 16:15:00+00:00,77350.0,77581.0,77317.0,77458.0,602.04955,5722
2026-09-02 16:30:00+00:00,77457.0,77560.0,77250.0,77250.0,484.11767,4403
2026-09-02 16:45:00+00:00,77250.0,77313.0,77150.0,77150.0,140.31667,2917
2026-09-02 17:00:00+00:00,77150.0,77224.0,77039.0,77112.0,154.99762,2875
2026-09-02 17:15:00+00:00,77112.0,77143.0,76928.0,77077.0,363.319,3603
2026-09-02 17:30:00+00:00,77076.0,77294.0,77064.0,77293.0,298.92668,2756
2026-09-02 17:45:00+00:00,77293.0,77399.0,77293.0,77374.0,218.4892,3105
2026-09-02 18:00:00+00:00,77374.0,77430.0,77314.0,77396.0,142.92429,2772
2026-09-02 18:15:00+00:00,77397.0,77519.0,77364.0,77424.0,172.54078,2630
2026-09-02 18:30:00+00:00,77425.0,77442.0,77277.0,77290.0,157.73233,2290
2026-09-02 18:45:00+00:00,77289.0,77397.0,77273.0,77356.0,264.59331,2480
2026-09-02 19:00:00+00:00,77357.0,77379.0,77300.0,77371.0,187.51482,2567
2026-09-02 19:15:00+00:00,77372.0,77393.0,77123.0,77124.0,292.9971,3079
2026-09-02 19:30:00+00:00,77124.0,77235.0,77100.0,77214.0,234.33512,2705
2026-09-02 19:45:00+00:00,77213.0,77328.0,77128.0,77319.0,125.51754,2256
2026-09-02 20:00:00+00:00,77318.0,77501.0,77254.0,77342.0,415.10375,4113
2026-09-02 20:15:00+00:00,77341.0,77442.0,77179.0,77357.0,332.00329,3207
2026-09-02 20:30:00+00:00,77358.0,77454.0,77291.0,77352.0,180.49541,2225
2026-09-02 20:45:00+00:00,77352.0,77450.0,77270.0,77383.0,92.49768,1902
2026-09-02 21:00:00+00:00,77384.0,77384.0,77285.0,77301.0,86.58579,1792
2026-09-02 21:15:00+00:00,77302.0,77302.0,77210.0,77256.0,57.32051,1615
2026-09-02 21:30:00+00:00,77256.0,77413.0,77216.0,77405.0,192.75411,2086
2026-09-02 21:45:00+00:00,77405.0,77405.0,77244.0,77264.0,137.38787,1973
2026-09-02 22:00:00+00:00,77265.0,77265.0,77035.0,77127.0,577.50236,4734
2026-09-02 22:15:00+00:00,77128.0,77149.0,76980.0,76988.0,164.8655,2548
2026-09-02 22:30:00+00:00,76989.0,77133.0,76988.0,77097.0,277.91873,2167
2026-09-02 22:45:00+00:00,77097.0,77097.0,77001.0,77001.0,54.9881,1477
2026-09-02 23:00:00+00:00,77002.0,77183.0,76983.0,77183.0,269.03557,2463
2026-09-02 23:15:00+00:00,77182.0,77183.0,77106.0,77174.0,66.23007,1491
2026-09-02 23:30:00+00:00,77173.0,77227.0,77088.0,77125.0,113.47407,1671
2026-09-02 23:45:00+00:00,77125.0,77361.0,77125.0,77319.0,166.93837,2083
2026-09-03 00:00:00+00:00,77320.0,77368.0,77150.0,77151.0,231.02816,3013
2026-09-03 00:15:00+00:00,77150.0,77151.0,77012.0,77013.0,378.39297,2528
2026-09-03 00:30:00+00:00,77012.0,77126.0,76958.0,77088.0,339.16098,2738
2026-09-03 00:45:00+00:00,77090.0,77118.0,77000.0,77043.0,41.95463,1596
2026-09-03 01:00:00+00:00,77044.0,77414.0,76951.0,77401.0,487.88613,4953
2026-09-03 01:15:00+00:00,77400.0,77424.0,77251.0,77409.0,428.25796,3590
2026-09-03 01:30:00+00:00,77410.0,77535.0,77297.0,77328.0,909.0341,5333
2026-09-03 01:45:00+00:00,77328.0,77468.0,77274.0,77337.0,239.25382,2745
2026-09-03 02:00:00+00:00,77338.0,77480.0,77216.0,77477.0,290.17511,3775
2026-09-03 02:15:00+00:00,77478.0,77614.0,77424.0,77596.0,231.97918,3369
2026-09-03 02:30:00+00:00,77595.0,77911.0,77553.0,77758.0,1012.59572,7224
2026-09-03 02:45:00+00:00,77759.0,77851.0,77716.0,77798.0,169.74592,2767
2026-09-03 03:00:00+00:00,77801.0,77851.0,77689.0,77819.0,142.32001,2401
2026-09-03 03:15:00+00:00,77818.0,77851.0,77701.0,77732.0,185.99212,2413
2026-09-03 03:30:00+00:00,77732.0,77761.0,77629.0,77650.0,85.30964,1824
2026-09-03 03:45:00+00:00,77650.0,77724.0,77622.0,77684.0,185.34008,1998
2026-09-03 04:00:00+00:00,77685.0,77826.0,77593.0,77621.0,678.59402,3550
2026-09-03 04:15:00+00:00,77620.0,77637.0,77518.0,77547.0,429.74321,3052
2026-09-03 04:30:00+00:00,77548.0,77614.0,77527.0,77539.0,284.81589,1921
2026-09-03 04:45:00+00:00,77540.0,77780.0,77539.0,77761.0,245.23042,2979
2026-09-03 05:00:00+00:00,77763.0,77818.0,77586.0,77614.0,93.15705,2364
2026-09-03 05:15:00+00:00,77615.0,77628.0,77090.0,77178.0,1086.1241,6705
2026-09-03 05:30:00+00:00,77178.0,77506.0,77147.0,77477.0,414.09937,4219
2026-09-03 05:45:00+00:00,77478.0,77827.0,77396.0,77799.0,788.02076,6912
2026-09-03 06:00:00+00:00,77800.0,77831.0,77679.0,77693.0,266.68172,3288
2026-09-03 06:15:00+00:00,77693.0,77769.0,77687.0,77740.0,100.53905,2290
2026-09-03 06:30:00+00:00,77739.0,77827.0,77706.0,77817.0,171.01813,2848
2026-09-03 06:45:00+00:00,77817.0,77839.0,77751.0,77822.0,204.28472,3501
2026-09-03 07:00:00+00:00,77823.0,78177.0,77792.0,78051.0,1089.27188,9262
2026-09-03 07:15:00+00:00,78050.0,78051.0,77863.0,77934.0,368.88356,4209
2026-09-03 07:30:00+00:00,77934.0,78061.0,77841.0,77870.0,433.45056,4723
2026-09-03 07:45:00+00:00,77876.0,77919.0,77569.0,77635.0,463.20972,5015
2026-09-03 08:00:00+00:00,77636.0,78056.0,77636.0,77904.0,559.43169,6267
2026-09-03 08:15:00+00:00,77904.0,77966.0,77806.0,77950.0,160.1069,2901
2026-09-03 08:30:00+00:00,77951.0,77983.0,77845.0,77856.0,153.13938,2809
2026-09-03 08:45:00+00:00,77856.0,77881.0,77743.0,77815.0,94.63478,2599
2026-09-03 09:00:00+00:00,77814.0,77970.0,77783.0,77849.0,373.06698,3775
2026-09-03 09:15:00+00:00,77849.0,77885.0,77729.0,77729.0,151.55476,2088
2026-09-03 09:30:00+00:00,77729.0,77749.0,77634.0,77703.0,214.32745,2891
2026-09-03 09:45:00+00:00,77703.0,77753.0,77587.0,77593.0,153.76234,2781
2026-09-03 10:00:00+00:00,77594.0,77656.0,77497.0,77533.0,267.26265,3457
2026-09-03 10:15:00+00:00,77534.0,77692.0,77497.0,77603.0,351.96716,2977
2026-09-03 10:30:00+00:00,77604.0,77627.0,77456.0,77475.0,386.5816,3328
2026-09-03 10:45:00+00:00,77475.0,77752.0,77475.0,77706.0,118.18881,2492
2026-09-03 11:00:00+00:00,77707.0,77800.0,77687.0,77798.0,87.50629,2419
2026-09-03 11:15:00+00:00,77799.0,77929.0,77798.0,77901.0,341.65555,3709
2026-09-03 11:30:00+00:00,77902.0,77957.0,77808.0,77903.0,259.70788,3468
2026-09-03 11:45:00+00:00,77902.0,77972.0,77852.0,77911.0,70.86191,2166
2026-09-03 12:00:00+00:00,77911.0,78073.0,77859.0,78064.0,337.98662,3572
2026-09-03 12:15:00+00:00,78059.0,78126.0,77901.0,77937.0,500.67562,3761
2026-09-03 12:30:00+00:00,77937.0,78436.0,77936.0,78283.0,1369.91293,8962
2026-09-03 12:45:00+00:00,78283.0,78748.0,78223.0,78617.0,1238.2496,9274
2026-09-03 13:00:00+00:00,78617.0,78680.0,78487.0,78520.0,553.79857,4693
2026-09-03 13:15:00+00:00,78520.0,78574.0,78420.0,78462.0,148.3727,3078
2026-09-03 13:30:00+00:00,78463.0,78902.0,78424.0,78888.0,1156.6108,8611
2026-09-03 13:45:00+00:00,78887.0,78973.0,78697.0,78797.0,1167.02019,8333
2026-09-03 14:00:00+00:00,78798.0,78975.0,78667.0,78967.0,533.61213,7901
2026-09-03 14:15:00+00:00,78967.0,79640.0,78956.0,79639.0,3340.11125,16757
2026-09-03 14:30:00+00:00,79639.0,79823.0,79570.0,79733.0,1673.38791,12995
2026-09-03 14:45:00+00:00,79731.0,80546.0,79722.0,80533.0,3315.96121,21033
2026-09-03 15:00:00+00:00,80519.0,80945.0,80305.0,80526.0,2497.19866,20231
2026-09-03 15:15:00+00:00,80532.0,80762.0,80439.0,80706.0,1196.25425,8506
2026-09-03 15:30:00+00:00,80710.0,80984.0,80673.0,80835.0,1076.49315,8210
2026-09-03 15:45:00+00:00,80837.0,81346.0,80698.0,81311.0,1440.56884,13429
2026-09-03 16:00:00+00:00,81311.0,81336.0,80755.0,80918.0,2028.78558,12684
2026-09-03 16:15:00+00:00,80917.0,80920.0,80600.0,80736.0,1060.17096,8951
2026-09-03 16:30:00+00:00,80735.0,80922.0,80735.0,80777.0,642.17832,4690
2026-09-03 16:45:00+00:00,80777.0,81032.0,80757.0,80942.0,1013.60347,5530
2026-09-03 17:00:00+00:00,80945.0,81084.0,80863.0,81075.0,269.62322,3742
2026-09-03 17:15:00+00:00,81074.0,81111.0,80900.0,80973.0,249.95879,3780
2026-09-03 17:30:00+00:00,80973.0,81151.0,80966.0,81048.0,308.89657,3510
2026-09-03 17:45:00+00:00,81045.0,81161.0,80971.0,81000.0,537.55284,3979
2026-09-03 18:00:00+00:00,81000.0,81300.0,80979.0,81216.0,802.97864,5545
2026-09-03 18:15:00+00:00,81216.0,81239.0,80898.0,80911.0,388.13797,4736
2026-09-03 18:30:00+00:00,80911.0,81003.0,80849.0,80940.0,275.82762,3588
2026-09-03 18:45:00+00:00,80940.0,81236.0,80920.0,81227.0,243.74926,3209
2026-09-03 19:00:00+00:00,81228.0,81596.0,81129.0,81161.0,818.71799,8109
2026-09-03 19:15:00+00:00,81162.0,81599.0,81134.0,81509.0,1004.65592,7017
2026-09-03 19:30:00+00:00,81510.0,81572.0,81326.0,81501.0,727.26162,4601
2026-09-03 19:45:00+00:00,81501.0,81755.0,81415.0,81698.0,952.06812,7995
2026-09-03 20:00:00+00:00,81704.0,81748.0,81341.0,81375.0,949.54393,7504
2026-09-03 20:15:00+00:00,81376.0,81560.0,81348.0,81489.0,473.2107,4292
2026-09-03 20:30:00+00:00,81490.0,81595.0,81355.0,81434.0,290.06019,3699
2026-09-03 20:45:00+00:00,81434.0,81520.0,81375.0,81417.0,250.58426,3471
2026-09-03 21:00:00+00:00,81416.0,81590.0,81250.0,81556.0,452.72192,4650
2026-09-03 21:15:00+00:00,81555.0,81748.0,81467.0,81722.0,216.71978,3961
2026-09-03 21:30:00+00:00,81722.0,82268.0,81489.0,81489.0,2331.25291,18137
2026-09-03 21:45:00+00:00,81490.0,81721.0,81386.0,81546.0,287.05731,4948
2026-09-03 22:00:00+00:00,81547.0,81572.0,81211.0,81333.0,693.51992,6516
2026-09-03 22:15:00+00:00,81332.0,81362.0,81077.0,81077.0,635.96137,4865
2026-09-03 22:30:00+00:00,81077.0,81200.0,80850.0,81153.0,815.6798,6873
2026-09-03 22:45:00+00:00,81154.0,81245.0,81034.0,81105.0,385.3064,3988
2026-09-03 23:00:00+00:00,81106.0,81177.0,81057.0,81145.0,266.15172,2877
2026-09-03 23:15:00+00:00,81145.0,81252.0,81128.0,81252.0,209.76648,2643
2026-09-03 23:30:00+00:00,81252.0,81311.0,81089.0,81202.0,371.60881,3388
2026-09-03 23:45:00+00:00,81202.0,81306.0,81160.0,81244.0,105.92062,2471
2026-09-04 00:00:00+00:00,81244.0,81245.0,81049.0,81223.0,287.98261,3700
2026-09-04 00:15:00+00:00,81224.0,81318.0,81110.0,81122.0,235.15132,3301
2026-09-04 00:30:00+00:00,81122.0,81400.0,81089.0,81194.0,346.09945,3592
2026-09-04 00:45:00+00:00,81194.0,81207.0,80913.0,80925.0,365.82082,4076
2026-09-04 01:00:00+00:00,80925.0,81064.0,80876.0,80901.0,326.61664,3944
2026-09-04 01:15:00+00:00,80900.0,80990.0,80742.0,80780.0,321.55374,4661
2026-09-04 01:30:00+00:00,80780.0,80889.0,80733.0,80754.0,120.00037,2909
2026-09-04 01:45:00+00:00,80754.0,80987.0,80744.0,80936.0,124.41186,2405
2026-09-04 02:00:00+00:00,80936.0,80936.0,80752.0,80761.0,50.31903,1679
2026-09-04 02:15:00+00:00,80761.0,80839.0,80630.0,80680.0,437.69561,3498
2026-09-04 02:30:00+00:00,80681.0,80811.0,80637.0,80690.0,391.42007,3382
2026-09-04 02:45:00+00:00,80690.0,80795.0,80630.0,80795.0,168.83568,2482
2026-09-04 03:00:00+00:00,80795.0,80995.0,80794.0,80899.0,490.63869,3429
2026-09-04 03:15:00+00:00,80900.0,80912.0,80801.0,80801.0,83.44077,1754
2026-09-04 03:30:00+00:00,80802.0,80853.0,80764.0,80838.0,43.87818,1472
2026-09-04 03:45:00+00:00,80838.0,80951.0,80796.0,80796.0,303.43291,2342
2026-09-04 04:00:00+00:00,80797.0,80943.0,80778.0,80938.0,107.88731,1898
2026-09-04 04:15:00+00:00,80939.0,81270.0,80938.0,81244.0,342.96536,4041
2026-09-04 04:30:00+00:00,81245.0,81248.0,80986.0,81001.0,290.98797,2918
2026-09-04 04:45:00+00:00,81002.0,81116.0,80986.0,81041.0,59.06266,2061
2026-09-04 05:00:00+00:00,81041.0,81050.0,80950.0,80955.0,95.58818,2135
2026-09-04 05:15:00+00:00,80955.0,81108.0,80916.0,81002.0,78.51864,1952
2026-09-04 05:30:00+00:00,81003.0,81003.0,80862.0,80942.0,118.6844,2202
2026-09-04 05:45:00+00:00,80946.0,81026.0,80809.0,80954.0,224.59078,2458
2026-09-04 06:00:00+00:00,80954.0,81063.0,80879.0,80982.0,223.67846,2511
2026-09-04 06:15:00+00:00,80982.0,81006.0,80654.0,80684.0,234.84645,2645
2026-09-04 06:30:00+00:00,80685.0,80836.0,80528.0,80814.0,547.17375,3944
2026-09-04 06:45:00+00:00,80814.0,80840.0,80674.0,80778.0,143.37766,2117
2026-09-04 07:00:00+00:00,80778.0,80946.0,80759.0,80911.0,180.02944,2319
2026-09-04 07:15:00+00:00,80912.0,80947.0,80812.0,80835.0,164.28773,1851
2026-09-04 07:30:00+00:00,80834.0,80875.0,80720.0,80749.0,100.26868,1975
2026-09-04 07:45:00+00:00,80748.0,80757.0,80614.0,80636.0,308.12257,2983
2026-09-04 08:00:00+00:00,80630.0,80751.0,80497.0,80751.0,341.06075,3306
2026-09-04 08:15:00+00:00,80752.0,80981.0,80752.0,80959.0,323.1682,3470
2026-09-04 08:30:00+00:00,80960.0,81131.0,80954.0,81032.0,183.43719,3358
2026-09-04 08:45:00+00:00,81033.0,81221.0,80970.0,81124.0,286.30288,3758
2026-09-04 09:00:00+00:00,81125.0,81214.0,81060.0,81069.0,98.76337,2726
2026-09-04 09:15:00+00:00,81069.0,81280.0,80903.0,81018.0,479.58943,4657
2026-09-04 09:30:00+00:00,81018.0,81199.0,80966.0,81140.0,206.80494,2759
2026-09-04 09:45:00+00:00,81140.0,81181.0,81000.0,81031.0,224.66668,2241
2026-09-04 10:00:00+00:00,81031.0,81090.0,80861.0,80937.0,292.29042,2925
2026-09-04 10:15:00+00:00,80938.0,80941.0,80792.0,80923.0,88.03764,2040
2026-09-04 10:30:00+00:00,80923.0,81091.0,80879.0,81041.0,206.46869,2559
2026-09-04 10:45:00+00:00,81041.0,81165.0,81000.0,81161.0,163.42862,2189
2026-09-04 11:00:00+00:00,81161.0,81192.0,81056.0,81150.0,80.17709,2073
2026-09-04 11:15:00+00:00,81150.0,81374.0,81091.0,81299.0,406.95731,3487
2026-09-04 11:30:00+00:00,81300.0,81300.0,81166.0,81220.0,122.33722,2208
2026-09-04 11:45:00+00:00,81220.0,81304.0,81172.0,81181.0,186.19656,2429
2026-09-04 12:00:00+00:00,81181.0,81229.0,81100.0,81211.0,193.54697,2530
2026-09-04 12:15:00+00:00,81211.0,81318.0,81092.0,81310.0,140.00513,2309
2026-09-04 12:30:00+00:00,81310.0,81310.0,79363.0,79652.0,5182.63158,35053
2026-09-04 12:45:00+00:00,79684.0,79684.0,79156.0,79434.0,2130.17205,15472
2026-09-04 13:00:00+00:00,79434.0,79566.0,79167.0,79209.0,1078.91729,8726
2026-09-04 13:15:00+00:00,79210.0,79484.0,79170.0,79295.0,600.84687,6124
2026-09-04 13:30:00+00:00,79295.0,79525.0,78953.0,79387.0,2104.49615,14385
2026-09-04 13:45:00+00:00,79388.0,79690.0,79221.0,79366.0,1392.46938,9613
2026-09-04 14:00:00+00:00,79366.0,79568.0,79237.0,79411.0,739.66712,8961
2026-09-04 14:15:00+00:00,79413.0,79500.0,79068.0,79366.0,1358.63978,7590
2026-09-04 14:30:00+00:00,79360.0,79463.0,78878.0,79018.0,685.0409,6333
2026-09-04 14:45:00+00:00,79018.0,79135.0,78600.0,78881.0,2517.46286,13169
2026-09-04 15:00:00+00:00,78880.0,79165.0,78763.0,79165.0,1224.69295,6996
2026-09-04 15:15:00+00:00,79165.0,79388.0,79135.0,79371.0,731.75981,5662
2026-09-04 15:30:00+00:00,79371.0,79500.0,79314.0,79483.0,508.80173,4737
2026-09-04 15:45:00+00:00,79482.0,79511.0,79347.0,79378.0,399.08301,3525
2026-09-04 16:00:00+00:00,79377.0,79484.0,79341.0,79412.0,200.6215,2463
2026-09-04 16:15:00+00:00,79412.0,79530.0,79398.0,79512.0,209.31119,2288
2026-09-04 16:30:00+00:00,79511.0,79853.0,79504.0,79823.0,1769.42687,8926
2026-09-04 16:45:00+00:00,79824.0,79862.0,79701.0,79723.0,506.82314,3438
2026-09-04 17:00:00+00:00,79718.0,79729.0,79595.0,79595.0,325.23792,3041
2026-09-04 17:15:00+00:00,79595.0,79627.0,79481.0,79485.0,120.88777,2397
2026-09-04 17:30:00+00:00,79485.0,79550.0,79405.0,79450.0,357.239,2366
2026-09-04 17:45:00+00:00,79450.0,79485.0,79340.0,79442.0,510.54817,2800
2026-09-04 18:00:00+00:00,79443.0,79560.0,79442.0,79498.0,416.76506,2033
2026-09-04 18:15:00+00:00,79498.0,79594.0,79497.0,79507.0,115.93929,1693
2026-09-04 18:30:00+00:00,79509.0,79619.0,79507.0,79602.0,109.10411,1716
2026-09-04 18:45:00+00:00,79603.0,79626.0,79558.0,79585.0,88.54589,1823
2026-09-04 19:00:00+00:00,79587.0,79705.0,79587.0,79679.0,100.17446,2174
2026-09-04 19:15:00+00:00,79679.0,79778.0,79661.0,79778.0,225.94397,2530
2026-09-04 19:30:00+00:00,79778.0,79778.0,79592.0,79646.0,430.07371,2862
2026-09-04 19:45:00+00:00,79645.0,79778.0,79600.0,79761.0,138.18138,2201
2026-09-04 20:00:00+00:00,79762.0,79834.0,79734.0,79778.0,158.01016,2441
2026-09-04 20:15:00+00:00,79779.0,79811.0,79719.0,79729.0,242.21113,2561
2026-09-04 20:30:00+00:00,79729.0,79747.0,79663.0,79686.0,63.70361,1605
2026-09-04 20:45:00+00:00,79687.0,79740.0,79635.0,79670.0,57.08303,1348
2026-09-04 21:00:00+00:00,79670.0,79768.0,79669.0,79737.0,44.46115,1169
2026-09-04 21:15:00+00:00,79737.0,79772.0,79698.0,79737.0,62.75783,1223
2026-09-04 21:30:00+00:00,79738.0,79790.0,79714.0,79743.0,145.89249,1633
2026-09-04 21:45:00+00:00,79742.0,79769.0,79476.0,79588.0,199.96423,2388
2026-09-04 22:00:00+00:00,79588.0,79654.0,79588.0,79654.0,46.31714,1317
2026-09-04 22:15:00+00:00,79653.0,79675.0,79612.0,79668.0,54.43382,1133
2026-09-04 22:30:00+00:00,79669.0,79677.0,79618.0,79618.0,80.48066,959
2026-09-04 22:45:00+00:00,79618.0,79646.0,79583.0,79593.0,117.91768,1495
2026-09-04 23:00:00+00:00,79594.0,79612.0,79549.0,79567.0,103.23071,1365
2026-09-04 23:15:00+00:00,79567.0,79730.0,79567.0,79698.0,242.32035,1857
2026-09-04 23:30:00+00:00,79698.0,79698.0,79633.0,79633.0,10.33821,831
2026-09-04 23:45:00+00:00,79634.0,79639.0,79582.0,79623.0,60.38601,1085
2026-09-05 00:00:00+00:00,79624.0,79689.0,79572.0,79639.0,54.88407,1413
2026-09-05 00:15:00+00:00,79639.0,79640.0,79553.0,79612.0,119.37374,1438
2026-09-05 00:30:00+00:00,79612.0,79679.0,79587.0,79590.0,148.79866,1676
2026-09-05 00:45:00+00:00,79591.0,79611.0,79525.0,79539.0,76.76489,1288
2026-09-05 01:00:00+00:00,79538.0,79648.0,79516.0,79586.0,96.37155,1714
2026-09-05 01:15:00+00:00,79587.0,79682.0,79564.0,79666.0,529.15006,3091
2026-09-05 01:30:00+00:00,79666.0,79691.0,79561.0,79598.0,1100.42568,5345
2026-09-05 01:45:00+00:00,79598.0,79643.0,79490.0,79490.0,168.94441,1640
2026-09-05 02:00:00+00:00,79491.0,79547.0,79439.0,79525.0,59.73238,1307
2026-09-05 02:15:00+00:00,79525.0,79566.0,79479.0,79489.0,17.26118,832
2026-09-05 02:30:00+00:00,79489.0,79590.0,79488.0,79582.0,95.29082,1271
2026-09-05 02:45:00+00:00,79582.0,79582.0,79510.0,79544.0,20.96383,887
2026-09-05 03:00:00+00:00,79544.0,79544.0,79483.0,79512.0,27.86629,1059
2026-09-05 03:15:00+00:00,79512.0,79577.0,79512.0,79554.0,12.48513,1067
2026-09-05 03:30:00+00:00,79554.0,79592.0,79553.0,79592.0,23.57615,917
2026-09-05 03:45:00+00:00,79591.0,79601.0,79542.0,79547.0,9.74794,769
2026-09-05 04:00:00+00:00,79547.0,79559.0,79477.0,79505.0,54.57681,1316
2026-09-05 04:15:00+00:00,79505.0,79539.0,79504.0,79521.0,19.02236,709
2026-09-05 04:30:00+00:00,79521.0,79527.0,79493.0,79498.0,14.1522,695
2026-09-05 04:45:00+00:00,79499.0,79521.0,79460.0,79463.0,195.16333,1805
2026-09-05 05:00:00+00:00,79464.0,79528.0,79413.0,79528.0,49.62001,1341
2026-09-05 05:15:00+00:00,79527.0,79554.0,79486.0,79553.0,36.75675,1205
2026-09-05 05:30:00+00:00,79554.0,79566.0,79477.0,79480.0,34.54885,789
2026-09-05 05:45:00+00:00,79480.0,79567.0,79464.0,79555.0,66.45998,1018
2026-09-05 06:00:00+00:00,79556.0,79603.0,79555.0,79596.0,49.71735,1214
2026-09-05 06:15:00+00:00,79597.0,79611.0,79587.0,79610.0,21.05712,886
2026-09-05 06:30:00+00:00,79610.0,79683.0,79604.0,79646.0,60.02929,1125
2026-09-05 06:45:00+00:00,79646.0,79657.0,79613.0,79614.0,80.46008,1150
2026-09-05 07:00:00+00:00,79614.0,79660.0,79610.0,79656.0,22.9496,936
2026-09-05 07:15:00+00:00,79657.0,79680.0,79650.0,79679.0,30.52285,949
2026-09-05 07:30:00+00:00,79680.0,79726.0,79674.0,79688.0,50.47077,1120
2026-09-05 07:45:00+00:00,79689.0,79731.0,79664.0,79679.0,109.61299,1340
2026-09-05 08:00:00+00:00,79679.0,79679.0,79603.0,79636.0,45.08807,1213
2026-09-05 08:15:00+00:00,79635.0,79693.0,79573.0,79607.0,44.22683,1131
2026-09-05 08:30:00+00:00,79607.0,79607.0,79536.0,79586.0,53.58834,1026
2026-09-05 08:45:00+00:00,79587.0,79624.0,79559.0,79621.0,29.31184,1190
2026-09-05 09:00:00+00:00,79622.0,79723.0,79621.0,79698.0,59.18882,1311
2026-09-05 09:15:00+00:00,79699.0,79699.0,79659.0,79659.0,13.56768,697
2026-09-05 09:30:00+00:00,79660.0,79674.0,79620.0,79633.0,34.23512,657
2026-09-05 09:45:00+00:00,79634.0,79634.0,79586.0,79592.0,53.16854,946
2026-09-05 10:00:00+00:00,79591.0,79592.0,79573.0,79574.0,34.54801,941
2026-09-05 10:15:00+00:00,79573.0,79618.0,79567.0,79568.0,26.85726,830
2026-09-05 10:30:00+00:00,79568.0,79618.0,79556.0,79561.0,47.70827,837
2026-09-05 10:45:00+00:00,79562.0,79615.0,79555.0,79584.0,12.37721,711
2026-09-05 11:00:00+00:00,79584.0,79618.0,79583.0,79615.0,25.92301,995
2026-09-05 11:15:00+00:00,79614.0,79615.0,79593.0,79593.0,11.1146,695
2026-09-05 11:30:00+00:00,79593.0,79602.0,79570.0,79570.0,44.54286,817
2026-09-05 11:45:00+00:00,79571.0,79618.0,79570.0,79571.0,123.77681,936
2026-09-05 12:00:00+00:00,79571.0,79618.0,79570.0,79617.0,16.97117,790
2026-09-05 12:15:00+00:00,79618.0,79621.0,79614.0,79620.0,15.2732,722
2026-09-05 12:30:00+00:00,79620.0,79725.0,79579.0,79692.0,36.34656,1185
2026-09-05 12:45:00+00:00,79692.0,79729.0,79668.0,79668.0,60.9605,1092
2026-09-05 13:00:00+00:00,79669.0,79686.0,79623.0,79685.0,82.7362,990
2026-09-05 13:15:00+00:00,79687.0,79738.0,79642.0,79714.0,94.37976,1211
2026-09-05 13:30:00+00:00,79715.0,79719.0,79591.0,79616.0,121.44412,1417
2026-09-05 13:45:00+00:00,79617.0,79646.0,79497.0,79581.0,122.28022,1356
2026-09-05 14:00:00+00:00,79582.0,79650.0,79581.0,79633.0,22.59358,1315
2026-09-05 14:15:00+00:00,79633.0,79698.0,79632.0,79698.0,40.79344,875
2026-09-05 14:30:00+00:00,79698.0,79708.0,79665.0,79675.0,19.50583,1288
2026-09-05 14:45:00+00:00,79675.0,79719.0,79675.0,79681.0,50.28686,1360
2026-09-05 15:00:00+00:00,79682.0,79719.0,79676.0,79690.0,34.87157,1064
2026-09-05 15:15:00+00:00,79691.0,79740.0,79648.0,79655.0,121.08389,1596
2026-09-05 15:30:00+00:00,79655.0,79720.0,79654.0,79709.0,133.46822,894
2026-09-05 15:45:00+00:00,79709.0,79788.0,79703.0,79765.0,104.29937,1415
2026-09-05 16:00:00+00:00,79764.0,79818.0,79728.0,79737.0,76.73818,1293
2026-09-05 16:15:00+00:00,79737.0,79872.0,79737.0,79870.0,167.43948,1611
2026-09-05 16:30:00+00:00,79870.0,79971.0,79867.0,79917.0,812.91621,5194
2026-09-05 16:45:00+00:00,79917.0,80192.0,79910.0,80012.0,948.02257,5963
2026-09-05 17:00:00+00:00,80013.0,80146.0,79980.0,80112.0,347.6986,3259
2026-09-05 17:15:00+00:00,80112.0,80133.0,79966.0,80012.0,185.20033,2107
2026-09-05 17:30:00+00:00,80012.0,80112.0,79966.0,80029.0,184.90504,1962
2026-09-05 17:45:00+00:00,80029.0,80067.0,79994.0,80040.0,80.58683,1571
2026-09-05 18:00:00+00:00,80040.0,80056.0,79950.0,79968.0,149.95886,1623
2026-09-05 18:15:00+00:00,79969.0,80003.0,79935.0,79936.0,79.42799,1264
2026-09-05 18:30:00+00:00,79936.0,80019.0,79906.0,79944.0,117.70381,1293
2026-09-05 18:45:00+00:00,79944.0,79976.0,79900.0,79969.0,53.89296,1028
2026-09-05 19:00:00+00:00,79970.0,79970.0,79900.0,79908.0,79.79485,1174
2026-09-05 19:15:00+00:00,79908.0,79950.0,79870.0,79934.0,108.68817,1274
2026-09-05 19:30:00+00:00,79935.0,79938.0,79712.0,79817.0,786.21881,3397
2026-09-05 19:45:00+00:00,79817.0,79817.0,79670.0,79718.0,230.79246,1917
2026-09-05 20:00:00+00:00,79718.0,79800.0,79687.0,79694.0,164.89199,1512
2026-09-05 20:15:00+00:00,79694.0,79797.0,79659.0,79683.0,91.84896,1386
2026-09-05 20:30:00+00:00,79683.0,79745.0,79658.0,79742.0,39.35316,953
2026-09-05 20:45:00+00:00,79747.0,79765.0,79698.0,79698.0,28.46119,871
2026-09-05 21:00:00+00:00,79698.0,79752.0,79697.0,79748.0,31.01188,690
2026-09-05 21:15:00+00:00,79749.0,79851.0,79748.0,79828.0,230.73942,1394
2026-09-05 21:30:00+00:00,79829.0,79900.0,79810.0,79891.0,111.83138,1091
2026-09-05 21:45:00+00:00,79892.0,79908.0,79822.0,79872.0,70.93685,1005
2026-09-05 22:00:00+00:00,79873.0,79906.0,79826.0,79897.0,23.10521,923
2026-09-05 22:15:00+00:00,79897.0,79915.0,79734.0,79770.0,50.67813,999
2026-09-05 22:30:00+00:00,79781.0,79824.0,79726.0,79749.0,164.67399,1440
2026-09-05 22:45:00+00:00,79749.0,79782.0,79725.0,79760.0,76.39101,1018
2026-09-05 23:00:00+00:00,79759.0,79759.0,79683.0,79716.0,23.11437,810
2026-09-05 23:15:00+00:00,79720.0,79798.0,79714.0,79772.0,41.20082,690
2026-09-05 23:30:00+00:00,79772.0,79813.0,79690.0,79780.0,49.65157,917
2026-09-05 23:45:00+00:00,79780.0,79867.0,79742.0,79804.0,178.02617,1284
2026-09-06 00:00:00+00:00,79804.0,79889.0,79799.0,79879.0,210.62296,1407
2026-09-06 00:15:00+00:00,79879.0,79900.0,79837.0,79898.0,89.75786,1335
2026-09-06 00:30:00+00:00,79898.0,79906.0,79843.0,79847.0,34.33528,915
2026-09-06 00:45:00+00:00,79847.0,79895.0,79834.0,79838.0,88.02542,978
2026-09-06 01:00:00+00:00,79838.0,79975.0,79838.0,79933.0,101.24099,1451
2026-09-06 01:15:00+00:00,79934.0,79973.0,79880.0,79889.0,123.62207,1257
2026-09-06 01:30:00+00:00,79890.0,80050.0,79889.0,79958.0,231.94155,1738
2026-09-06 01:45:00+00:00,79959.0,79986.0,79906.0,79917.0,30.41288,1021
2026-09-06 02:00:00+00:00,79919.0,79977.0,79864.0,79974.0,34.01218,1104
2026-09-06 02:15:00+00:00,79974.0,79977.0,79876.0,79890.0,24.6197,838
2026-09-06 02:30:00+00:00,79888.0,79916.0,79845.0,79862.0,131.92668,1010
2026-09-06 02:45:00+00:00,79863.0,79885.0,79846.0,79875.0,41.98468,842
2026-09-06 03:00:00+00:00,79876.0,79902.0,79870.0,79899.0,35.51259,832
2026-09-06 03:15:00+00:00,79900.0,79939.0,79866.0,79878.0,44.22902,976
2026-09-06 03:30:00+00:00,79877.0,80081.0,79877.0,80079.0,110.29481,1285
2026-09-06 03:45:00+00:00,80079.0,80080.0,79974.0,79995.0,94.80409,1342
2026-09-06 04:00:00+00:00,79994.0,79995.0,79919.0,79945.0,99.5478,1222
2026-09-06 04:15:00+00:00,79946.0,79959.0,79855.0,79895.0,51.36395,1010
2026-09-06 04:30:00+00:00,79898.0,79915.0,79880.0,79890.0,39.77762,752
2026-09-06 04:45:00+00:00,79890.0,79927.0,79836.0,79836.0,73.98906,1082
2026-09-06 05:00:00+00:00,79837.0,79872.0,79756.0,79782.0,100.29094,1418
2026-09-06 05:15:00+00:00,79783.0,79856.0,79767.0,79828.0,86.71685,971
2026-09-06 05:30:00+00:00,79828.0,80100.0,79828.0,80000.0,512.32198,2373
2026-09-06 05:45:00+00:00,80000.0,80009.0,79908.0,79958.0,320.59976,1711
2026-09-06 06:00:00+00:00,79962.0,79965.0,79900.0,79900.0,103.48444,1202
2026-09-06 06:15:00+00:00,79900.0,79901.0,79818.0,79818.0,111.96464,1240
2026-09-06 06:30:00+00:00,79818.0,79819.0,79756.0,79793.0,168.29272,1217
2026-09-06 06:45:00+00:00,79792.0,79793.0,79669.0,79753.0,96.72613,1631
2026-09-06 07:00:00+00:00,79753.0,79774.0,79568.0,79656.0,124.48438,2021
2026-09-06 07:15:00+00:00,79656.0,79834.0,79655.0,79805.0,141.88327,2099
2026-09-06 07:30:00+00:00,79805.0,79844.0,79777.0,79835.0,44.2859,1113
2026-09-06 07:45:00+00:00,79835.0,79835.0,79783.0,79787.0,83.73488,1270
2026-09-06 08:00:00+00:00,79788.0,79876.0,79787.0,79857.0,38.31426,1282
2026-09-06 08:15:00+00:00,79856.0,79857.0,79780.0,79780.0,25.34829,766
2026-09-06 08:30:00+00:00,79781.0,79794.0,79745.0,79762.0,40.69194,831
2026-09-06 08:45:00+00:00,79763.0,79859.0,79745.0,79825.0,49.29433,1056
2026-09-06 09:00:00+00:00,79826.0,79900.0,79774.0,79900.0,78.57534,1219
2026-09-06 09:15:00+00:00,79900.0,79969.0,79899.0,79965.0,66.72958,1285
2026-09-06 09:30:00+00:00,79963.0,79973.0,79836.0,79839.0,78.06101,1280
2026-09-06 09:45:00+00:00,79842.0,79889.0,79834.0,79870.0,24.1646,682
2026-09-06 10:00:00+00:00,79870.0,79920.0,79869.0,79907.0,11.31379,664
2026-09-06 10:15:00+00:00,79907.0,79964.0,79900.0,79955.0,136.75773,1037
2026-09-06 10:30:00+00:00,79956.0,79990.0,79939.0,79989.0,21.90647,801
2026-09-06 10:45:00+00:00,79988.0,79994.0,79952.0,79978.0,110.97735,1018
2026-09-06 11:00:00+00:00,79979.0,79979.0,79910.0,79961.0,33.77571,1012
2026-09-06 11:15:00+00:00,79962.0,79971.0,79880.0,79881.0,75.98233,987
2026-09-06 11:30:00+00:00,79881.0,79952.0,79874.0,79935.0,42.26771,805
2026-09-06 11:45:00+00:00,79935.0,79949.0,79895.0,79895.0,40.96697,823
2026-09-06 12:00:00+00:00,79896.0,79924.0,79843.0,79903.0,49.70826,999
2026-09-06 12:15:00+00:00,79907.0,79987.0,79907.0,79952.0,35.33418,964
2026-09-06 12:30:00+00:00,79951.0,79988.0,79917.0,79917.0,36.50495,935
2026-09-06 12:45:00+00:00,79918.0,79980.0,79903.0,79904.0,39.1627,932
2026-09-06 13:00:00+00:00,79904.0,79942.0,79853.0,79862.0,120.39805,1440
2026-09-06 13:15:00+00:00,79863.0,79869.0,79765.0,79789.0,96.78811,1407
2026-09-06 13:30:00+00:00,79779.0,79835.0,79737.0,79767.0,72.83943,1333
2026-09-06 13:45:00+00:00,79768.0,79825.0,79760.0,79809.0,24.51305,954
2026-09-06 14:00:00+00:00,79809.0,79824.0,79724.0,79730.0,110.76136,2456
2026-09-06 14:15:00+00:00,79730.0,79773.0,79583.0,79647.0,192.64137,3307
2026-09-06 14:30:00+00:00,79648.0,79729.0,79214.0,79688.0,593.3977,6220
2026-09-06 14:45:00+00:00,79689.0,79694.0,79507.0,79522.0,148.16013,1814
2026-09-06 15:00:00+00:00,79522.0,79546.0,79370.0,79515.0,172.29019,2635
2026-09-06 15:15:00+00:00,79516.0,79645.0,79515.0,79617.0,55.40066,1226
2026-09-06 15:30:00+00:00,79618.0,79688.0,79573.0,79665.0,71.35002,1027
2026-09-06 15:45:00+00:00,79665.0,79690.0,79626.0,79684.0,42.58528,841
2026-09-06 16:00:00+00:00,79682.0,79708.0,79580.0,79674.0,110.91304,1371
2026-09-06 16:15:00+00:00,79673.0,79704.0,79613.0,79696.0,41.64642,1119
2026-09-06 16:30:00+00:00,79697.0,79750.0,79663.0,79690.0,118.29699,1408
2026-09-06 16:45:00+00:00,79690.0,79691.0,79611.0,79657.0,46.39552,866
2026-09-06 17:00:00+00:00,79656.0,79657.0,79549.0,79586.0,64.03298,1189
2026-09-06 17:15:00+00:00,79585.0,79745.0,79585.0,79666.0,77.56198,1381
2026-09-06 17:30:00+00:00,79665.0,79745.0,79647.0,79727.0,84.85079,1653
2026-09-06 17:45:00+00:00,79725.0,79745.0,79704.0,79725.0,50.78104,1040
2026-09-06 18:00:00+00:00,79725.0,79851.0,79722.0,79820.0,157.46952,1712
2026-09-06 18:15:00+00:00,79816.0,79895.0,79812.0,79895.0,100.51019,1455
2026-09-06 18:30:00+00:00,79895.0,79947.0,79894.0,79921.0,76.32749,1502
2026-09-06 18:45:00+00:00,79925.0,79937.0,79882.0,79922.0,48.03739,1133
2026-09-06 19:00:00+00:00,79923.0,79923.0,79834.0,79841.0,27.99092,917
2026-09-06 19:15:00+00:00,79841.0,79843.0,79792.0,79822.0,66.85695,1354
2026-09-06 19:30:00+00:00,79821.0,79829.0,79773.0,79779.0,21.27996,777
2026-09-06 19:45:00+00:00,79779.0,79809.0,79779.0,79809.0,33.73363,787
2026-09-06 20:00:00+00:00,79808.0,79809.0,79759.0,79773.0,58.38647,897
2026-09-06 20:15:00+00:00,79773.0,79923.0,79772.0,79901.0,52.50918,1004
2026-09-06 20:30:00+00:00,79902.0,79950.0,79877.0,79924.0,82.49627,1099
2026-09-06 20:45:00+00:00,79923.0,79948.0,79863.0,79879.0,55.52784,1055
2026-09-06 21:00:00+00:00,79878.0,79983.0,79878.0,79977.0,77.093,1338
2026-09-06 21:15:00+00:00,79977.0,79998.0,79872.0,79872.0,163.37986,1766
2026-09-06 21:30:00+00:00,79872.0,79957.0,79838.0,79883.0,74.59318,1066
2026-09-06 21:45:00+00:00,79883.0,79970.0,79882.0,79919.0,46.40715,1025
2026-09-06 22:00:00+00:00,79919.0,79919.0,79655.0,79728.0,190.98379,2604
2026-09-06 22:15:00+00:00,79728.0,79807.0,79619.0,79794.0,123.63942,1673
2026-09-06 22:30:00+00:00,79793.0,79985.0,79792.0,79933.0,190.54282,2221
2026-09-06 22:45:00+00:00,79935.0,80061.0,79912.0,80021.0,340.17974,2147
2026-09-06 23:00:00+00:00,80020.0,80306.0,79978.0,80167.0,606.03661,5102
2026-09-06 23:15:00+00:00,80167.0,80255.0,80070.0,80091.0,157.39411,2343
2026-09-06 23:30:00+00:00,80097.0,80460.0,80097.0,80356.0,718.41228,5112
2026-09-06 23:45:00+00:00,80357.0,80514.0,80273.0,80314.0,272.63575,3094
2026-09-07 00:00:00+00:00,80315.0,80428.0,80213.0,80297.0,200.7241,2781
2026-09-07 00:15:00+00:00,80297.0,80302.0,80034.0,80163.0,197.60983,2219
2026-09-07 00:30:00+00:00,80163.0,80240.0,80079.0,80112.0,172.00337,1767
2026-09-07 00:45:00+00:00,80112.0,80165.0,80038.0,80112.0,63.09935,1239
2026-09-07 01:00:00+00:00,80114.0,80202.0,79920.0,79933.0,242.92451,2556
2026-09-07 01:15:00+00:00,79934.0,79992.0,79829.0,79891.0,182.18266,2230
2026-09-07 01:30:00+00:00,79892.0,79967.0,79816.0,79828.0,83.08181,1109
2026-09-07 01:45:00+00:00,79829.0,79950.0,79802.0,79910.0,83.14766,1078
2026-09-07 02:00:00+00:00,79907.0,79911.0,79765.0,79811.0,106.93824,1504
2026-09-07 02:15:00+00:00,79811.0,80024.0,79810.0,79996.0,46.2474,1165
2026-09-07 02:30:00+00:00,79997.0,80400.0,79975.0,80232.0,366.20053,3494
2026-09-07 02:45:00+00:00,80232.0,80249.0,79805.0,79851.0,256.42754,2427
2026-09-07 03:00:00+00:00,79852.0,79961.0,79733.0,79765.0,140.03633,2142
2026-09-07 03:15:00+00:00,79765.0,79811.0,79693.0,79695.0,83.80782,1294
2026-09-07 03:30:00+00:00,79696.0,79737.0,79540.0,79602.0,149.10847,1756
2026-09-07 03:45:00+00:00,79603.0,79654.0,79537.0,79571.0,193.33485,1784
2026-09-07 04:00:00+00:00,79569.0,79655.0,79522.0,79655.0,67.24138,1237
2026-09-07 04:15:00+00:00,79655.0,79664.0,79575.0,79575.0,35.70485,843
2026-09-07 04:30:00+00:00,79576.0,79655.0,79511.0,79654.0,102.11669,1200
2026-09-07 04:45:00+00:00,79653.0,79709.0,79619.0,79704.0,97.7123,1196
2026-09-07 05:00:00+00:00,79704.0,79750.0,79646.0,79745.0,46.40673,1179
2026-09-07 05:15:00+00:00,79745.0,79888.0,79745.0,79818.0,95.81148,1383
2026-09-07 05:30:00+00:00,79819.0,79819.0,79783.0,79814.0,42.78497,919
2026-09-07 05:45:00+00:00,79815.0,79815.0,79724.0,79724.0,25.87998,723
2026-09-07 06:00:00+00:00,79724.0,79798.0,79715.0,79778.0,93.08772,1333
2026-09-07 06:15:00+00:00,79777.0,79778.0,79663.0,79682.0,133.48803,1325
2026-09-07 06:30:00+00:00,79682.0,79707.0,79643.0,79649.0,52.50523,909
2026-09-07 06:45:00+00:00,79649.0,79657.0,79624.0,79624.0,35.46911,699
2026-09-07 07:00:00+00:00,79625.0,79661.0,79555.0,79591.0,89.62703,1306
2026-09-07 07:15:00+00:00,79591.0,79606.0,79375.0,79391.0,355.94029,3421
2026-09-07 07:30:00+00:00,79390.0,79484.0,78945.0,79255.0,1551.43349,9162
2026-09-07 07:45:00+00:00,79254.0,79372.0,79254.0,79360.0,275.57834,2213
2026-09-07 08:00:00+00:00,79360.0,79463.0,79360.0,79436.0,198.10728,2202
2026-09-07 08:15:00+00:00,79436.0,79489.0,79412.0,79437.0,249.48729,2021
2026-09-07 08:30:00+00:00,79438.0,79513.0,79400.0,79449.0,298.58211,1775
2026-09-07 08:45:00+00:00,79450.0,79469.0,79394.0,79397.0,37.01007,937
2026-09-07 09:00:00+00:00,79397.0,79515.0,79380.0,79512.0,159.56657,1638
2026-09-07 09:15:00+00:00,79507.0,79507.0,79396.0,79453.0,63.65063,1115
2026-09-07 09:30:00+00:00,79454.0,79454.0,79295.0,79352.0,219.89839,1907
2026-09-07 09:45:00+00:00,79353.0,79422.0,79254.0,79284.0,91.02731,1475
2026-09-07 10:00:00+00:00,79283.0,79373.0,79283.0,79341.0,39.46094,1256
2026-09-07 10:15:00+00:00,79342.0,79396.0,79335.0,79395.0,62.3518,1076
2026-09-07 10:30:00+00:00,79396.0,79429.0,79355.0,79427.0,58.61379,1015
2026-09-07 10:45:00+00:00,79428.0,79428.0,79320.0,79330.0,66.04897,1149
2026-09-07 11:00:00+00:00,79330.0,79382.0,79247.0,79382.0,159.534,1661
2026-09-07 11:15:00+00:00,79383.0,79438.0,79369.0,79416.0,32.84526,1028
2026-09-07 11:30:00+00:00,79417.0,79446.0,79381.0,79381.0,57.14619,1071
2026-09-07 11:45:00+00:00,79382.0,79403.0,79350.0,79395.0,55.16152,970
2026-09-07 12:00:00+00:00,79396.0,79472.0,79372.0,79398.0,71.69716,1283
2026-09-07 12:15:00+00:00,79398.0,79511.0,79382.0,79511.0,71.68684,1241
2026-09-07 12:30:00+00:00,79511.0,79511.0,79425.0,79442.0,116.81321,1263
2026-09-07 12:45:00+00:00,79443.0,79608.0,79437.0,79588.0,217.21674,2542
2026-09-07 13:00:00+00:00,79589.0,79620.0,79500.0,79601.0,87.48493,1780
2026-09-07 13:15:00+00:00,79602.0,79620.0,79553.0,79611.0,96.88041,1329
2026-09-07 13:30:00+00:00,79611.0,79611.0,79297.0,79349.0,351.26044,2888
2026-09-07 13:45:00+00:00,79349.0,79403.0,79309.0,79329.0,143.32045,1597
2026-09-07 14:00:00+00:00,79329.0,79372.0,79070.0,79131.0,1047.64416,6502
2026-09-07 14:15:00+00:00,79132.0,79190.0,78989.0,79010.0,1067.84584,4385
2026-09-07 14:30:00+00:00,79010.0,79063.0,78926.0,78996.0,578.3742,3835
2026-09-07 14:45:00+00:00,78996.0,79245.0,78995.0,79159.0,388.72875,3192
2026-09-07 15:00:00+00:00,79159.0,79159.0,78984.0,79003.0,285.14873,3146
2026-09-07 15:15:00+00:00,79004.0,79108.0,78808.0,78982.0,416.03681,4364
2026-09-07 15:30:00+00:00,78983.0,79002.0,78632.0,78721.0,1175.87715,10762
2026-09-07 15:45:00+00:00,78721.0,78829.0,78650.0,78776.0,481.39907,4516
2026-09-07 16:00:00+00:00,78777.0,78888.0,78769.0,78873.0,222.08519,2808
2026-09-07 16:15:00+00:00,78874.0,78874.0,78763.0,78795.0,231.81675,2397
2026-09-07 16:30:00+00:00,78796.0,78993.0,78790.0,78956.0,433.95987,3355
2026-09-07 16:45:00+00:00,78957.0,78992.0,78915.0,78989.0,248.54206,2408
2026-09-07 17:00:00+00:00,78990.0,79118.0,78976.0,79108.0,234.49093,2329
2026-09-07 17:15:00+00:00,79108.0,79120.0,79050.0,79074.0,114.63232,1702
2026-09-07 17:30:00+00:00,79074.0,79137.0,79030.0,79113.0,188.69774,1818
2026-09-07 17:45:00+00:00,79113.0,79172.0,79103.0,79147.0,122.17036,1646
2026-09-07 18:00:00+00:00,79148.0,79172.0,79106.0,79131.0,54.87231,1479
2026-09-07 18:15:00+00:00,79132.0,79151.0,79082.0,79088.0,104.42425,1526
2026-09-07 18:30:00+00:00,79088.0,79113.0,79047.0,79113.0,180.68314,1923
2026-09-07 18:45:00+00:00,79113.0,79200.0,79097.0,79161.0,142.61947,1887
2026-09-07 19:00:00+00:00,79161.0,79161.0,79112.0,79112.0,52.17579,1235
2026-09-07 19:15:00+00:00,79113.0,79206.0,79112.0,79200.0,83.06245,1379
2026-09-07 19:30:00+00:00,79200.0,79373.0,79199.0,79301.0,187.95292,2831
2026-09-07 19:45:00+00:00,79302.0,79347.0,79301.0,79319.0,79.79841,1371
2026-09-07 20:00:00+00:00,79319.0,79337.0,79166.0,79192.0,252.11633,2106
2026-09-07 20:15:00+00:00,79192.0,79223.0,79133.0,79178.0,153.87009,1504
2026-09-07 20:30:00+00:00,79178.0,79203.0,79137.0,79137.0,64.15726,1170
2026-09-07 20:45:00+00:00,79138.0,79224.0,79122.0,79191.0,133.85566,1591
2026-09-07 21:00:00+00:00,79192.0,79220.0,79158.0,79220.0,78.21622,1225
2026-09-07 21:15:00+00:00,79220.0,79220.0,79165.0,79183.0,77.25491,958
2026-09-07 21:30:00+00:00,79184.0,79184.0,79132.0,79151.0,78.75207,1150
2026-09-07 21:45:00+00:00,79143.0,79176.0,79110.0,79112.0,130.04589,1389
2026-09-07 22:00:00+00:00,79113.0,79179.0,79036.0,79111.0,271.83042,2338
2026-09-07 22:15:00+00:00,79110.0,79162.0,78978.0,79060.0,179.43681,2290
2026-09-07 22:30:00+00:00,79060.0,79060.0,78741.0,78760.0,852.61207,5646
2026-09-07 22:45:00+00:00,78760.0,78921.0,78760.0,78908.0,301.01051,2895
2026-09-07 23:00:00+00:00,78907.0,79120.0,78893.0,79086.0,236.6112,2564
2026-09-07 23:15:00+00:00,79087.0,79092.0,78903.0,78969.0,252.63637,2293
2026-09-07 23:30:00+00:00,78970.0,79084.0,78930.0,79084.0,99.02479,1489
2026-09-07 23:45:00+00:00,79084.0,79171.0,79064.0,79072.0,234.07049,1772
2026-09-08 00:00:00+00:00,79073.0,79073.0,78942.0,79009.0,151.65924,2372
2026-09-08 00:15:00+00:00,79010.0,79104.0,78928.0,78960.0,111.90848,1909
2026-09-08 00:30:00+00:00,78960.0,79234.0,78942.0,79176.0,233.02925,2703
2026-09-08 00:45:00+00:00,79177.0,79271.0,79165.0,79270.0,82.577,1487
2026-09-08 01:00:00+00:00,79271.0,79320.0,79229.0,79259.0,127.94449,1727
2026-09-08 01:15:00+00:00,79259.0,79424.0,79224.0,79355.0,133.96591,2005
2026-09-08 01:30:00+00:00,79353.0,79353.0,79262.0,79283.0,37.59931,1317
2026-09-08 01:45:00+00:00,79284.0,79400.0,79269.0,79386.0,46.12066,1232
2026-09-08 02:00:00+00:00,79393.0,79400.0,79220.0,79301.0,46.51287,1344
2026-09-08 02:15:00+00:00,79300.0,79430.0,79195.0,79222.0,51.824,1667
2026-09-08 02:30:00+00:00,79221.0,79225.0,79058.0,79087.0,297.82099,2475
2026-09-08 02:45:00+00:00,79088.0,79100.0,78888.0,78893.0,204.25884,2591
2026-09-08 03:00:00+00:00,78892.0,78970.0,78836.0,78884.0,410.06364,3062
2026-09-08 03:15:00+00:00,78885.0,78911.0,78685.0,78742.0,449.79662,3653
2026-09-08 03:30:00+00:00,78742.0,78955.0,78741.0,78920.0,134.32979,2218
2026-09-08 03:45:00+00:00,78920.0,78920.0,78826.0,78869.0,144.16158,1820
2026-09-08 04:00:00+00:00,78870.0,78884.0,78750.0,78770.0,173.7538,1999
2026-09-08 04:15:00+00:00,78770.0,78822.0,78711.0,78777.0,132.8319,1809
2026-09-08 04:30:00+00:00,78777.0,78829.0,78699.0,78738.0,305.97245,1854
2026-09-08 04:45:00+00:00,78739.0,78769.0,78632.0,78641.0,175.78863,2009
2026-09-08 05:00:00+00:00,78640.0,78765.0,78470.0,78654.0,864.83607,6297
2026-09-08 05:15:00+00:00,78653.0,78840.0,78606.0,78780.0,165.02088,2413
2026-09-08 05:30:00+00:00,78780.0,78782.0,78585.0,78585.0,345.92452,2852
2026-09-08 05:45:00+00:00,78584.0,78673.0,78518.0,78535.0,292.03269,3120
2026-09-08 06:00:00+00:00,78534.0,78583.0,78404.0,78549.0,482.17939,5032
2026-09-08 06:15:00+00:00,78548.0,78586.0,78303.0,78337.0,595.68749,5548
2026-09-08 06:30:00+00:00,78336.0,78403.0,78311.0,78382.0,317.27794,2824
2026-09-08 06:45:00+00:00,78376.0,78446.0,78220.0,78285.0,443.96611,3725
2026-09-08 07:00:00+00:00,78287.0,78403.0,78252.0,78364.0,227.23447,2552
2026-09-08 07:15:00+00:00,78364.0,78473.0,78336.0,78440.0,173.27513,2096
2026-09-08 07:30:00+00:00,78441.0,78565.0,78390.0,78390.0,235.04542,2381
2026-09-08 07:45:00+00:00,78391.0,78438.0,78140.0,78438.0,537.02147,5097
2026-09-08 08:00:00+00:00,78438.0,78445.0,78250.0,78337.0,159.96486,2310
2026-09-08 08:15:00+00:00,78337.0,78463.0,78263.0,78428.0,302.64521,2924
2026-09-08 08:30:00+00:00,78429.0,78522.0,78405.0,78480.0,237.12623,2362
2026-09-08 08:45:00+00:00,78482.0,78532.0,78328.0,78362.0,205.41977,2440
2026-09-08 09:00:00+00:00,78362.0,78469.0,78300.0,78458.0,370.18566,2453
2026-09-08 09:15:00+00:00,78454.0,78465.0,78314.0,78440.0,117.38247,1452
2026-09-08 09:30:00+00:00,78441.0,78759.0,78410.0,78729.0,402.24977,3310
2026-09-08 09:45:00+00:00,78730.0,78761.0,78692.0,78728.0,446.17125,2973
2026-09-08 10:00:00+00:00,78728.0,78728.0,78656.0,78713.0,296.72874,2341
2026-09-08 10:15:00+00:00,78713.0,78987.0,78710.0,78821.0,541.96836,4322
2026-09-08 10:30:00+00:00,78821.0,78839.0,78628.0,78634.0,280.84637,2681
2026-09-08 10:45:00+00:00,78635.0,78649.0,78525.0,78525.0,211.58876,2006
2026-09-08 11:00:00+00:00,78526.0,78542.0,78248.0,78272.0,340.17776,4027
2026-09-08 11:15:00+00:00,78274.0,78434.0,78272.0,78416.0,193.01791,2484
2026-09-08 11:30:00+00:00,78416.0,78434.0,78375.0,78404.0,305.44956,2106
2026-09-08 11:45:00+00:00,78404.0,78433.0,78334.0,78395.0,313.03121,3490
2026-09-08 12:00:00+00:00,78395.0,78396.0,78174.0,78175.0,327.45412,3913
2026-09-08 12:15:00+00:00,78175.0,78365.0,78174.0,78348.0,196.07889,2239
2026-09-08 12:30:00+00:00,78349.0,78410.0,78264.0,78297.0,152.36063,2045
2026-09-08 12:45:00+00:00,78297.0,78446.0,78251.0,78422.0,272.35545,2632
2026-09-08 13:00:00+00:00,78422.0,78520.0,78382.0,78452.0,372.30347,2938
2026-09-08 13:15:00+00:00,78452.0,78462.0,78288.0,78318.0,368.07932,2578
2026-09-08 13:30:00+00:00,78315.0,78341.0,77663.0,77812.0,2272.90627,16960
2026-09-08 13:45:00+00:00,77812.0,78082.0,77617.0,77941.0,1145.45656,10533
2026-09-08 14:00:00+00:00,77944.0,78165.0,77841.0,78124.0,370.43818,8000
2026-09-08 14:15:00+00:00,78125.0,78356.0,78125.0,78311.0,652.68783,5832
2026-09-08 14:30:00+00:00,78310.0,78410.0,78210.0,78378.0,368.1334,4265
2026-09-08 14:45:00+00:00,78378.0,78599.0,78354.0,78533.0,572.8964,5870
2026-09-08 15:00:00+00:00,78533.0,78634.0,78450.0,78618.0,235.04634,3803
2026-09-08 15:15:00+00:00,78619.0,78670.0,78424.0,78430.0,448.12299,4493
2026-09-08 15:30:00+00:00,78430.0,78738.0,78429.0,78687.0,352.50781,3635
2026-09-08 15:45:00+00:00,78688.0,78888.0,78643.0,78881.0,612.95674,5573
2026-09-08 16:00:00+00:00,78881.0,78885.0,78615.0,78619.0,500.82362,4063
2026-09-08 16:15:00+00:00,78620.0,78656.0,78547.0,78612.0,330.77406,3029
2026-09-08 16:30:00+00:00,78612.0,78950.0,78592.0,78770.0,371.48465,4306
2026-09-08 16:45:00+00:00,78769.0,78854.0,78619.0,78704.0,326.14194,3890
2026-09-08 17:00:00+00:00,78704.0,78860.0,78633.0,78679.0,478.17305,3540
2026-09-08 17:15:00+00:00,78678.0,78693.0,78509.0,78568.0,219.53684,2587
2026-09-08 17:30:00+00:00,78568.0,78636.0,78494.0,78495.0,122.91158,2165
2026-09-08 17:45:00+00:00,78494.0,78617.0,78462.0,78472.0,170.36113,2430
2026-09-08 18:00:00+00:00,78471.0,78691.0,78465.0,78645.0,168.81416,2419
2026-09-08 18:15:00+00:00,78644.0,78783.0,78640.0,78708.0,248.68041,2987
2026-09-08 18:30:00+00:00,78708.0,78739.0,78552.0,78573.0,111.78036,2061
2026-09-08 18:45:00+00:00,78573.0,78626.0,78241.0,78402.0,620.53489,5853
2026-09-08 19:00:00+00:00,78402.0,78491.0,78363.0,78427.0,393.74669,3303
2026-09-08 19:15:00+00:00,78428.0,78494.0,78300.0,78429.0,278.24455,3120
2026-09-08 19:30:00+00:00,78443.0,78485.0,78317.0,78385.0,400.74971,3154
2026-09-08 19:45:00+00:00,78385.0,78412.0,78280.0,78412.0,252.30806,2884
2026-09-08 20:00:00+00:00,78411.0,78588.0,78377.0,78577.0,356.18,2812
2026-09-08 20:15:00+00:00,78577.0,78578.0,78421.0,78546.0,161.01187,2362
2026-09-08 20:30:00+00:00,78546.0,78546.0,78380.0,78490.0,140.25047,2165
2026-09-08 20:45:00+00:00,78489.0,78529.0,78434.0,78448.0,98.27873,1805
2026-09-08 21:00:00+00:00,78447.0,78546.0,78432.0,78511.0,31.40845,1403
2026-09-08 21:15:00+00:00,78513.0,78587.0,78472.0,78503.0,139.03763,1781
2026-09-08 21:30:00+00:00,78503.0,78537.0,78402.0,78490.0,144.03414,2107
2026-09-08 21:45:00+00:00,78490.0,78501.0,78367.0,78460.0,208.25975,1969
2026-09-08 22:00:00+00:00,78460.0,78631.0,78407.0,78480.0,336.12832,3061
2026-09-08 22:15:00+00:00,78479.0,78557.0,78435.0,78467.0,152.0278,1607
2026-09-08 22:30:00+00:00,78467.0,78500.0,78425.0,78464.0,59.83785,1341
2026-09-08 22:45:00+00:00,78464.0,78551.0,78460.0,78527.0,31.55395,1316
2026-09-08 23:00:00+00:00,78527.0,78537.0,78427.0,78468.0,37.48592,1222
2026-09-08 23:15:00+00:00,78469.0,78469.0,78402.0,78430.0,36.4903,1064
2026-09-08 23:30:00+00:00,78431.0,78441.0,78406.0,78407.0,69.28336,1014
2026-09-08 23:45:00+00:00,78407.0,78431.0,78369.0,78417.0,52.80826,1090
2026-09-09 00:00:00+00:00,78419.0,78690.0,78418.0,78686.0,146.66352,2249
2026-09-09 00:15:00+00:00,78686.0,78708.0,78556.0,78595.0,129.62558,1882
2026-09-09 00:30:00+00:00,78595.0,78664.0,78528.0,78664.0,63.36017,1214
2026-09-09 00:45:00+00:00,78663.0,78750.0,78663.0,78737.0,173.32147,1777
2026-09-09 01:00:00+00:00,78737.0,78840.0,78678.0,78706.0,109.71423,2092
2026-09-09 01:15:00+00:00,78706.0,78750.0,78608.0,78714.0,590.78658,3300
2026-09-09 01:30:00+00:00,78713.0,78855.0,78677.0,78820.0,69.19354,1467
2026-09-09 01:45:00+00:00,78821.0,78876.0,78799.0,78864.0,136.30148,1993
2026-09-09 02:00:00+00:00,78862.0,78900.0,78772.0,78775.0,94.19077,1949
2026-09-09 02:15:00+00:00,78775.0,78800.0,78666.0,78796.0,68.45493,1736
2026-09-09 02:30:00+00:00,78796.0,78811.0,78727.0,78766.0,22.1156,985
2026-09-09 02:45:00+00:00,78766.0,78768.0,78705.0,78706.0,18.4944,752
2026-09-09 03:00:00+00:00,78704.0,78704.0,78564.0,78564.0,78.71037,1720
2026-09-09 03:15:00+00:00,78565.0,78590.0,78516.0,78550.0,62.52803,1235
2026-09-09 03:30:00+00:00,78549.0,78633.0,78545.0,78622.0,44.75775,997
2026-09-09 03:45:00+00:00,78622.0,78650.0,78579.0,78609.0,32.59493,871
2026-09-09 04:00:00+00:00,78609.0,78923.0,78609.0,78811.0,135.82114,2955
2026-09-09 04:15:00+00:00,78811.0,78926.0,78750.0,78865.0,158.11242,1644
2026-09-09 04:30:00+00:00,78864.0,79183.0,78853.0,79171.0,230.19861,3900
2026-09-09 04:45:00+00:00,79171.0,79189.0,79051.0,79141.0,289.5151,3274
2026-09-09 05:00:00+00:00,79142.0,79275.0,79031.0,79253.0,144.62699,3432
2026-09-09 05:15:00+00:00,79253.0,79353.0,79103.0,79103.0,389.0303,4567
2026-09-09 05:30:00+00:00,79104.0,79110.0,78859.0,78890.0,586.76686,4479
2026-09-09 05:45:00+00:00,78890.0,78930.0,78810.0,78910.0,171.59051,2475
2026-09-09 06:00:00+00:00,78911.0,79115.0,78822.0,79092.0,617.68924,4588
2026-09-09 06:15:00+00:00,79093.0,79271.0,79076.0,79145.0,496.28634,4212
2026-09-09 06:30:00+00:00,79145.0,79212.0,79117.0,79166.0,148.47168,2252
2026-09-09 06:45:00+00:00,79166.0,79181.0,79100.0,79142.0,121.20139,1902
2026-09-09 07:00:00+00:00,79142.0,79372.0,79141.0,79228.0,116.90221,2955
2026-09-09 07:15:00+00:00,79229.0,79281.0,79222.0,79261.0,239.20887,2862
2026-09-09 07:30:00+00:00,79261.0,79285.0,79166.0,79182.0,129.2611,2389
2026-09-09 07:45:00+00:00,79182.0,79269.0,79179.0,79261.0,75.89602,1894
2026-09-09 08:00:00+00:00,79261.0,79510.0,79255.0,79386.0,601.8272,6161
2026-09-09 08:15:00+00:00,79384.0,79680.0,79383.0,79663.0,491.85385,4892
2026-09-09 08:30:00+00:00,79663.0,79730.0,79553.0,79617.0,388.79261,4996
2026-09-09 08:45:00+00:00,79617.0,79677.0,79562.0,79667.0,224.5084,2892
2026-09-09 09:00:00+00:00,79667.0,79690.0,79450.0,79500.0,403.70189,3702
2026-09-09 09:15:00+00:00,79500.0,79500.0,79400.0,79400.0,209.42442,2250
2026-09-09 09:30:00+00:00,79401.0,79420.0,79031.0,79045.0,810.9474,5688
2026-09-09 09:45:00+00:00,79045.0,79094.0,78852.0,78917.0,695.59769,5831
2026-09-09 10:00:00+00:00,78917.0,79023.0,78900.0,78983.0,659.36806,4599
2026-09-09 10:15:00+00:00,78983.0,79097.0,78896.0,79056.0,139.76321,2716
2026-09-09 10:30:00+00:00,79056.0,79157.0,79033.0,79045.0,181.35385,2752
2026-09-09 10:45:00+00:00,79045.0,79045.0,78829.0,78890.0,594.47696,4656
2026-09-09 11:00:00+00:00,78890.0,78934.0,78714.0,78834.0,388.06869,4459
2026-09-09 11:15:00+00:00,78838.0,78970.0,78768.0,78970.0,286.90829,3250
2026-09-09 11:30:00+00:00,78970.0,79076.0,78931.0,78989.0,270.14769,3253
2026-09-09 11:45:00+00:00,78988.0,79374.0,78988.0,79309.0,1127.53343,6163
2026-09-09 12:00:00+00:00,79309.0,79434.0,79268.0,79366.0,409.99316,4887
2026-09-09 12:15:00+00:00,79366.0,79420.0,79302.0,79386.0,135.15555,2787
2026-09-09 12:30:00+00:00,79385.0,79588.0,79385.0,79498.0,246.04527,3829
2026-09-09 12:45:00+00:00,79498.0,79636.0,79498.0,79581.0,283.99538,3780
2026-09-09 13:00:00+00:00,79581.0,79597.0,79467.0,79491.0,417.22125,4181
2026-09-09 13:15:00+00:00,79491.0,79618.0,79435.0,79593.0,156.71478,2834
2026-09-09 13:30:00+00:00,79594.0,79650.0,79092.0,79224.0,755.99625,8534
2026-09-09 13:45:00+00:00,79215.0,79383.0,79090.0,79122.0,595.09893,5736
2026-09-09 14:00:00+00:00,79122.0,79188.0,78877.0,79075.0,1652.7508,11197
2026-09-09 14:15:00+00:00,79074.0,79229.0,78863.0,79229.0,572.49149,5591
2026-09-09 14:30:00+00:00,79228.0,79398.0,78943.0,78992.0,683.74453,6355
2026-09-09 14:45:00+00:00,78991.0,79122.0,78876.0,78939.0,521.17063,5385
2026-09-09 15:00:00+00:00,78939.0,79385.0,78241.0,78455.0,3633.78754,21525
2026-09-09 15:15:00+00:00,78456.0,78605.0,78044.0,78363.0,2083.44924,12739
2026-09-09 15:30:00+00:00,78363.0,78736.0,78322.0,78635.0,458.2792,6784
2026-09-09 15:45:00+00:00,78635.0,78674.0,78538.0,78581.0,280.77144,3070
2026-09-09 16:00:00+00:00,78580.0,78777.0,78478.0,78649.0,260.46122,4324
2026-09-09 16:15:00+00:00,78649.0,78649.0,78437.0,78612.0,215.73254,3078
2026-09-09 16:30:00+00:00,78617.0,78917.0,78617.0,78796.0,774.56599,5297
2026-09-09 16:45:00+00:00,78795.0,78804.0,78742.0,78794.0,233.02582,2471
2026-09-09 17:00:00+00:00,78793.0,78906.0,78707.0,78862.0,219.20833,3131
2026-09-09 17:15:00+00:00,78862.0,78911.0,78781.0,78837.0,129.07616,2389
2026-09-09 17:30:00+00:00,78836.0,78850.0,78671.0,78680.0,349.15384,3191
2026-09-09 17:45:00+00:00,78680.0,78804.0,78657.0,78767.0,175.7734,2330
2026-09-09 18:00:00+00:00,78766.0,78786.0,78570.0,78575.0,400.53044,2999
2026-09-09 18:15:00+00:00,78575.0,78610.0,78549.0,78599.0,204.63351,2035
2026-09-09 18:30:00+00:00,78599.0,78620.0,78478.0,78499.0,226.96417,2227
2026-09-09 18:45:00+00:00,78498.0,78500.0,78376.0,78385.0,326.23681,2482
2026-09-09 19:00:00+00:00,78385.0,78442.0,78298.0,78436.0,762.86482,5458
2026-09-09 19:15:00+00:00,78436.0,78537.0,78428.0,78495.0,252.14595,2777
2026-09-09 19:30:00+00:00,78495.0,78502.0,78239.0,78268.0,409.83064,4000
2026-09-09 19:45:00+00:00,78268.0,78295.0,78104.0,78188.0,809.83515,4973
2026-09-09 20:00:00+00:00,78189.0,78249.0,78151.0,78215.0,191.04795,2792
2026-09-09 20:15:00+00:00,78215.0,78307.0,77909.0,78069.0,879.48257,5601
2026-09-09 20:30:00+00:00,78068.0,78280.0,78068.0,78232.0,553.60045,3685
2026-09-09 20:45:00+00:00,78233.0,78289.0,78059.0,78279.0,601.86745,3202
2026-09-09 21:00:00+00:00,78279.0,78303.0,78115.0,78195.0,412.98114,2677
2026-09-09 21:15:00+00:00,78195.0,78255.0,78091.0,78234.0,192.19476,2380
2026-09-09 21:30:00+00:00,78234.0,78235.0,78097.0,78204.0,199.73903,2190
2026-09-09 21:45:00+00:00,78204.0,78204.0,77941.0,78095.0,253.70004,3390
2026-09-09 22:00:00+00:00,78096.0,78142.0,77718.0,77824.0,857.97309,8300
2026-09-09 22:15:00+00:00,77825.0,78009.0,77728.0,77982.0,318.47764,3629
2026-09-09 22:30:00+00:00,77983.0,78010.0,77896.0,77994.0,159.15013,2798
2026-09-09 22:45:00+00:00,77994.0,78009.0,77863.0,77881.0,329.26415,3144
2026-09-09 23:00:00+00:00,77881.0,78161.0,77880.0,78108.0,323.81007,3699
2026-09-09 23:15:00+00:00,78109.0,78149.0,78050.0,78149.0,244.19394,2585
2026-09-09 23:30:00+00:00,78149.0,78225.0,78129.0,78194.0,491.48508,3012
2026-09-09 23:45:00+00:00,78193.0,78279.0,78181.0,78275.0,139.69268,1702
2026-09-10 00:00:00+00:00,78269.0,78340.0,78227.0,78240.0,358.42101,3092
2026-09-10 00:15:00+00:00,78239.0,78300.0,78169.0,78299.0,156.12866,2342
2026-09-10 00:30:00+00:00,78294.0,78294.0,78129.0,78132.0,146.01056,2109
2026-09-10 00:45:00+00:00,78132.0,78210.0,78053.0,78135.0,532.98228,3001
2026-09-10 01:00:00+00:00,78134.0,78467.0,78123.0,78294.0,572.13653,4686
2026-09-10 01:15:00+00:00,78293.0,78295.0,78124.0,78129.0,101.29518,2165
2026-09-10 01:30:00+00:00,78129.0,78203.0,77903.0,78142.0,401.52865,4395
2026-09-10 01:45:00+00:00,78141.0,78141.0,77957.0,78066.0,77.56828,2289
2026-09-10 02:00:00+00:00,78066.0,78066.0,77948.0,78005.0,380.81258,3006
2026-09-10 02:15:00+00:00,78004.0,78023.0,77934.0,77974.0,96.76044,1931
2026-09-10 02:30:00+00:00,77975.0,78235.0,77970.0,78225.0,464.91398,3300
2026-09-10 02:45:00+00:00,78225.0,78330.0,78222.0,78320.0,201.08889,2108
2026-09-10 03:00:00+00:00,78319.0,78494.0,78307.0,78349.0,317.81054,3384
2026-09-10 03:15:00+00:00,78350.0,78365.0,78267.0,78358.0,164.25351,1981
2026-09-10 03:30:00+00:00,78358.0,78414.0,78289.0,78342.0,124.26884,1619
2026-09-10 03:45:00+00:00,78341.0,78415.0,78246.0,78295.0,86.69474,1281
2026-09-10 04:00:00+00:00,78296.0,78367.0,78273.0,78309.0,212.54712,1320
2026-09-10 04:15:00+00:00,78310.0,78391.0,78309.0,78352.0,41.44889,985
2026-09-10 04:30:00+00:00,78353.0,78390.0,78298.0,78299.0,61.34343,1153
2026-09-10 04:45:00+00:00,78298.0,78421.0,78272.0,78365.0,145.90585,1521
2026-09-10 05:00:00+00:00,78365.0,78441.0,78229.0,78441.0,300.9462,2360
2026-09-10 05:15:00+00:00,78441.0,78480.0,78331.0,78450.0,95.56716,1651
2026-09-10 05:30:00+00:00,78451.0,78481.0,78368.0,78389.0,63.7204,1472
2026-09-10 05:45:00+00:00,78389.0,78527.0,78379.0,78499.0,241.23101,2303
2026-09-10 06:00:00+00:00,78498.0,78511.0,78281.0,78281.0,123.01737,1932
2026-09-10 06:15:00+00:00,78281.0,78282.0,78129.0,78180.0,427.94476,3410
2026-09-10 06:30:00+00:00,78181.0,78230.0,78124.0,78160.0,95.40792,1869
2026-09-10 06:45:00+00:00,78160.0,78495.0,78160.0,78384.0,309.84176,3544
2026-09-10 07:00:00+00:00,78384.0,78386.0,78112.0,78185.0,113.98489,2506
2026-09-10 07:15:00+00:00,78185.0,78186.0,77992.0,77992.0,196.9137,2536
2026-09-10 07:30:00+00:00,77992.0,78013.0,77868.0,77973.0,343.58818,3801
2026-09-10 07:45:00+00:00,77972.0,78129.0,77972.0,78086.0,818.01433,3725
2026-09-10 08:00:00+00:00,78086.0,78129.0,78028.0,78039.0,251.3992,2579
2026-09-10 08:15:00+00:00,78039.0,78139.0,78001.0,78137.0,163.65399,1893
2026-09-10 08:30:00+00:00,78138.0,78138.0,77995.0,78063.0,76.68176,1507
2026-09-10 08:45:00+00:00,78064.0,78136.0,78060.0,78068.0,38.69099,1579
2026-09-10 09:00:00+00:00,78069.0,78176.0,78068.0,78114.0,42.4889,1563
2026-09-10 09:15:00+00:00,78113.0,78207.0,78112.0,78178.0,393.75178,1769
2026-09-10 09:30:00+00:00,78179.0,78179.0,77887.0,77927.0,521.59573,3240
2026-09-10 09:45:00+00:00,77927.0,77985.0,77916.0,77954.0,129.39908,1611
2026-09-10 10:00:00+00:00,77953.0,78003.0,77921.0,77960.0,142.58552,1811
2026-09-10 10:15:00+00:00,77960.0,77994.0,77897.0,77948.0,58.84871,1247
2026-09-10 10:30:00+00:00,77948.0,78017.0,77764.0,77950.0,601.95837,3643
2026-09-10 10:45:00+00:00,77949.0,77991.0,77830.0,77831.0,386.37016,2740
2026-09-10 11:00:00+00:00,77830.0,77890.0,77680.0,77890.0,567.8912,4624
2026-09-10 11:15:00+00:00,77890.0,78024.0,77889.0,77967.0,231.73331,2931
2026-09-10 11:30:00+00:00,77967.0,78024.0,77947.0,77970.0,95.09397,1661
2026-09-10 11:45:00+00:00,77970.0,77991.0,77805.0,77822.0,141.99102,2320
2026-09-10 12:00:00+00:00,77821.0,77860.0,77696.0,77806.0,514.96081,4250
2026-09-10 12:15:00+00:00,77806.0,77810.0,77640.0,77756.0,568.53364,4327
2026-09-10 12:30:00+00:00,77756.0,77935.0,77006.0,77111.0,3299.19746,27679
2026-09-10 12:45:00+00:00,77111.0,77134.0,76666.0,76875.0,2369.91378,16570
2026-09-10 13:00:00+00:00,76874.0,77077.0,76749.0,76803.0,1141.5341,9607
2026-09-10 13:15:00+00:00,76804.0,76945.0,76702.0,76896.0,678.958,6271
2026-09-10 13:30:00+00:00,76896.0,77077.0,76750.0,76921.0,411.19025,5711
2026-09-10 13:45:00+00:00,76921.0,77224.0,76889.0,77147.0,641.72751,5838
2026-09-10 14:00:00+00:00,77148.0,77300.0,76929.0,77054.0,359.33744,7703
2026-09-10 14:15:00+00:00,77053.0,77355.0,76931.0,77246.0,359.92037,5373
2026-09-10 14:30:00+00:00,77246.0,77342.0,77214.0,77250.0,180.92612,2823
2026-09-10 14:45:00+00:00,77249.0,77399.0,77240.0,77383.0,269.86179,2815
2026-09-10 15:00:00+00:00,77383.0,77383.0,77210.0,77307.0,305.38155,3015
2026-09-10 15:15:00+00:00,77307.0,77323.0,77080.0,77087.0,473.5453,3331
2026-09-10 15:30:00+00:00,77086.0,77311.0,77073.0,77192.0,107.19459,2674
2026-09-10 15:45:00+00:00,77191.0,77227.0,77090.0,77227.0,186.21226,2666
2026-09-10 16:00:00+00:00,77226.0,77286.0,76870.0,76962.0,404.32173,4675
2026-09-10 16:15:00+00:00,76962.0,77054.0,76850.0,76903.0,474.01748,3721
2026-09-10 16:30:00+00:00,76902.0,77037.0,76772.0,77023.0,385.86959,4678
2026-09-10 16:45:00+00:00,77023.0,77215.0,77022.0,77176.0,493.43756,4559
2026-09-10 17:00:00+00:00,77176.0,77223.0,77105.0,77159.0,201.58008,2344
2026-09-10 17:15:00+00:00,77158.0,77317.0,77117.0,77308.0,234.54675,2678
2026-09-10 17:30:00+00:00,77307.0,77520.0,77288.0,77346.0,530.73791,4579
2026-09-10 17:45:00+00:00,77346.0,77413.0,77303.0,77305.0,232.67039,2675
2026-09-10 18:00:00+00:00,77305.0,77313.0,76959.0,76997.0,345.58328,3814
2026-09-10 18:15:00+00:00,76996.0,77127.0,76975.0,77049.0,298.28327,2618
2026-09-10 18:30:00+00:00,77049.0,77140.0,77022.0,77134.0,56.21127,1501
2026-09-10 18:45:00+00:00,77134.0,77282.0,77074.0,77228.0,440.77169,2961
2026-09-10 19:00:00+00:00,77229.0,77229.0,77096.0,77154.0,116.06987,1839
2026-09-10 19:15:00+00:00,77154.0,77228.0,77082.0,77167.0,278.41705,2265
2026-09-10 19:30:00+00:00,77167.0,77281.0,77087.0,77232.0,73.92034,1497
2026-09-10 19:45:00+00:00,77233.0,77233.0,77060.0,77132.0,70.3567,1517
2026-09-10 20:00:00+00:00,77132.0,77309.0,77085.0,77308.0,278.09522,2408
2026-09-10 20:15:00+00:00,77308.0,77332.0,77232.0,77257.0,138.72577,1544
2026-09-10 20:30:00+00:00,77257.0,77276.0,77207.0,77269.0,56.62959,1131
2026-09-10 20:45:00+00:00,77269.0,77275.0,77200.0,77243.0,178.82503,1295
2026-09-10 21:00:00+00:00,77243.0,77272.0,77191.0,77238.0,73.26409,1256
2026-09-10 21:15:00+00:00,77238.0,77239.0,77170.0,77206.0,115.31269,1001
2026-09-10 21:30:00+00:00,77207.0,77208.0,77090.0,77133.0,184.94444,1643
2026-09-10 21:45:00+00:00,77133.0,77185.0,77104.0,77122.0,97.90019,1404
2026-09-10 22:00:00+00:00,77121.0,77169.0,77059.0,77120.0,111.14114,1664
2026-09-10 22:15:00+00:00,77119.0,77192.0,77044.0,77044.0,198.99777,1453
2026-09-10 22:30:00+00:00,77045.0,77059.0,76808.0,76831.0,178.71076,2662
2026-09-10 22:45:00+00:00,76831.0,76943.0,76781.0,76798.0,201.34856,2130
2026-09-10 23:00:00+00:00,76798.0,76846.0,76472.0,76479.0,606.99953,6398
2026-09-10 23:15:00+00:00,76479.0,76764.0,76440.0,76701.0,309.75855,3880
2026-09-10 23:30:00+00:00,76702.0,76790.0,76688.0,76740.0,136.35739,2005
2026-09-10 23:45:00+00:00,76740.0,76744.0,76499.0,76533.0,309.69728,3307
2026-09-11 00:00:00+00:00,76534.0,76827.0,76527.0,76782.0,319.53356,3433
2026-09-11 00:15:00+00:00,76783.0,76840.0,76740.0,76817.0,78.55556,1708
2026-09-11 00:30:00+00:00,76818.0,76818.0,76653.0,76738.0,74.58417,1784
2026-09-11 00:45:00+00:00,76737.0,76914.0,76722.0,76885.0,348.28169,2516
2026-09-11 01:00:00+00:00,76886.0,76979.0,76873.0,76878.0,119.45574,2221
2026-09-11 01:15:00+00:00,76878.0,76929.0,76772.0,76795.0,68.81089,1808
2026-09-11 01:30:00+00:00,76795.0,76894.0,76643.0,76869.0,134.29736,2546
2026-09-11 01:45:00+00:00,76870.0,76947.0,76786.0,76946.0,74.86416,1593
2026-09-11 02:00:00+00:00,76947.0,76990.0,76872.0,76957.0,57.23641,1521
2026-09-11 02:15:00+00:00,76957.0,76957.0,76739.0,76781.0,97.28307,1576
2026-09-11 02:30:00+00:00,76781.0,76899.0,76754.0,76844.0,59.15924,1372
2026-09-11 02:45:00+00:00,76845.0,76900.0,76781.0,76816.0,38.89408,1206
2026-09-11 03:00:00+00:00,76816.0,76867.0,76681.0,76859.0,119.1485,2022
2026-09-11 03:15:00+00:00,76858.0,76861.0,76737.0,76797.0,67.6255,1395
2026-09-11 03:30:00+00:00,76797.0,76872.0,76681.0,76844.0,57.68374,2165
2026-09-11 03:45:00+00:00,76844.0,76868.0,76742.0,76866.0,80.60865,1600
2026-09-11 04:00:00+00:00,76866.0,76979.0,76855.0,76946.0,55.88308,1850
2026-09-11 04:15:00+00:00,76947.0,77174.0,76927.0,77156.0,354.4561,2986
2026-09-11 04:30:00+00:00,77156.0,77176.0,77056.0,77080.0,98.27446,1765
2026-09-11 04:45:00+00:00,77079.0,77126.0,77072.0,77093.0,36.96127,1176
2026-09-11 05:00:00+00:00,77092.0,77132.0,77034.0,77114.0,103.52836,1726
2026-09-11 05:15:00+00:00,77113.0,77121.0,77062.0,77073.0,16.23782,989
2026-09-11 05:30:00+00:00,77073.0,77163.0,77053.0,77163.0,187.40097,1559
2026-09-11 05:45:00+00:00,77163.0,77238.0,77135.0,77238.0,143.03626,1759
2026-09-11 06:00:00+00:00,77238.0,77419.0,77208.0,77383.0,250.05689,2611
2026-09-11 06:15:00+00:00,77383.0,77383.0,77225.0,77243.0,446.84877,2636
2026-09-11 06:30:00+00:00,77244.0,77245.0,77148.0,77213.0,257.22303,1974
2026-09-11 06:45:00+00:00,77216.0,77278.0,77216.0,77278.0,53.78135,1199
2026-09-11 07:00:00+00:00,77278.0,77368.0,77267.0,77283.0,80.35301,1634
2026-09-11 07:15:00+00:00,77283.0,77375.0,77281.0,77311.0,166.80784,1947
2026-09-11 07:30:00+00:00,77312.0,77317.0,77224.0,77240.0,116.0173,1540
2026-09-11 07:45:00+00:00,77240.0,77240.0,77177.0,77195.0,199.1883,1744
2026-09-11 08:00:00+00:00,77194.0,77230.0,77107.0,77146.0,232.59212,2511
2026-09-11 08:15:00+00:00,77146.0,77414.0,77146.0,77354.0,119.43189,2234
2026-09-11 08:30:00+00:00,77354.0,77470.0,77326.0,77382.0,135.52706,2155
2026-09-11 08:45:00+00:00,77381.0,77394.0,77305.0,77329.0,45.64549,1080
2026-09-11 09:00:00+00:00,77329.0,77341.0,77221.0,77239.0,120.58253,1824
2026-09-11 09:15:00+00:00,77238.0,77249.0,77099.0,77100.0,490.52736,2389
2026-09-11 09:30:00+00:00,77099.0,77117.0,76822.0,76923.0,1143.34107,5388
2026-09-11 09:45:00+00:00,76922.0,77027.0,76922.0,77006.0,79.40353,1815
2026-09-11 10:00:00+00:00,77004.0,77129.0,76961.0,77040.0,147.87641,2459
2026-09-11 10:15:00+00:00,77040.0,77098.0,76995.0,76996.0,163.07678,1827
2026-09-11 10:30:00+00:00,76995.0,77016.0,76911.0,76977.0,174.95572,2281
2026-09-11 10:45:00+00:00,76976.0,77007.0,76963.0,76970.0,28.7824,1205
2026-09-11 11:00:00+00:00,76965.0,76965.0,76720.0,76748.0,140.3041,3067
2026-09-11 11:15:00+00:00,76747.0,76878.0,76718.0,76812.0,174.1892,2232
2026-09-11 11:30:00+00:00,76812.0,76871.0,76760.0,76870.0,72.64388,1679
2026-09-11 11:45:00+00:00,76869.0,77020.0,76860.0,77020.0,328.75158,2564
2026-09-11 12:00:00+00:00,77019.0,77098.0,76874.0,76888.0,237.0971,2825
2026-09-11 12:15:00+00:00,76888.0,77374.0,76879.0,77065.0,672.94898,4713
2026-09-11 12:30:00+00:00,77064.0,77654.0,76021.0,77553.0,8753.69351,36421
2026-09-11 12:45:00+00:00,77553.0,78139.0,77529.0,78008.0,3293.90361,16826
2026-09-11 13:00:00+00:00,78007.0,78008.0,77490.0,77697.0,1477.51223,8336
2026-09-11 13:15:00+00:00,77698.0,77818.0,77470.0,77500.0,552.2196,5380
2026-09-11 13:30:00+00:00,77500.0,77893.0,77227.0,77853.0,1987.10372,13341
2026-09-11 13:45:00+00:00,77853.0,79334.0,77733.0,79223.0,3899.91596,23129
2026-09-11 14:00:00+00:00,79223.0,79867.0,78794.0,79047.0,3603.00734,23733
2026-09-11 14:15:00+00:00,79040.0,79167.0,78919.0,79028.0,712.04038,5966
2026-09-11 14:30:00+00:00,79028.0,79028.0,78520.0,78622.0,908.25667,8942
2026-09-11 14:45:00+00:00,78622.0,78855.0,78482.0,78774.0,422.26583,5645
2026-09-11 15:00:00+00:00,78774.0,78811.0,78482.0,78484.0,341.59707,4543
2026-09-11 15:15:00+00:00,78481.0,78759.0,78464.0,78693.0,286.77113,3651
2026-09-11 15:30:00+00:00,78693.0,78812.0,78618.0,78622.0,245.92203,3037
2026-09-11 15:45:00+00:00,78622.0,78625.0,77255.0,77709.0,2868.96956,15511
2026-09-11 16:00:00+00:00,77709.0,78037.0,77631.0,77767.0,632.50178,7389
2026-09-11 16:15:00+00:00,77768.0,77803.0,77355.0,77632.0,576.39692,6417
2026-09-11 16:30:00+00:00,77633.0,77774.0,77503.0,77773.0,318.96579,3740
2026-09-11 16:45:00+00:00,77773.0,77969.0,77772.0,77889.0,242.22867,3193
2026-09-11 17:00:00+00:00,77890.0,77930.0,77720.0,77720.0,152.56004,2378
2026-09-11 17:15:00+00:00,77721.0,77888.0,77663.0,77808.0,146.91332,2120
2026-09-11 17:30:00+00:00,77809.0,77840.0,77521.0,77573.0,741.9093,3283
2026-09-11 17:45:00+00:00,77572.0,77586.0,77455.0,77496.0,67.80478,1836
2026-09-11 18:00:00+00:00,77497.0,77503.0,76851.0,77058.0,1527.79389,10901
2026-09-11 18:15:00+00:00,77059.0,77217.0,77021.0,77178.0,607.84233,4134
2026-09-11 18:30:00+00:00,77178.0,77259.0,77055.0,77071.0,338.25969,2663
2026-09-11 18:45:00+00:00,77070.0,77154.0,76905.0,77002.0,360.44174,2836
2026-09-11 19:00:00+00:00,77011.0,77199.0,76975.0,77181.0,326.70122,2748
2026-09-11 19:15:00+00:00,77178.0,77258.0,77050.0,77193.0,300.59726,2116
2026-09-11 19:30:00+00:00,77193.0,77290.0,77151.0,77266.0,183.49507,1791
2026-09-11 19:45:00+00:00,77266.0,77339.0,77202.0,77243.0,282.51202,2330
2026-09-11 20:00:00+00:00,77243.0,77458.0,77240.0,77417.0,351.06118,2751
2026-09-11 20:15:00+00:00,77416.0,77417.0,77327.0,77354.0,119.84605,1435
2026-09-11 20:30:00+00:00,77355.0,77414.0,77239.0,77371.0,102.33808,1473
2026-09-11 20:45:00+00:00,77371.0,77371.0,77150.0,77291.0,354.80379,2428
2026-09-11 21:00:00+00:00,77291.0,77385.0,77282.0,77319.0,62.14139,1161
2026-09-11 21:15:00+00:00,77319.0,77388.0,77303.0,77308.0,357.13218,1695
2026-09-11 21:30:00+00:00,77308.0,77349.0,77290.0,77305.0,122.14798,1394
2026-09-11 21:45:00+00:00,77304.0,77310.0,77036.0,77073.0,125.7323,2122
2026-09-11 22:00:00+00:00,77072.0,77143.0,76926.0,77143.0,204.89748,2522
2026-09-11 22:15:00+00:00,77143.0,77195.0,77064.0,77093.0,135.18508,1470
2026-09-11 22:30:00+00:00,77091.0,77166.0,76962.0,77080.0,225.54898,2053
2026-09-11 22:45:00+00:00,77081.0,77120.0,76965.0,77108.0,144.13842,1648
2026-09-11 23:00:00+00:00,77108.0,77175.0,77076.0,77090.0,105.65293,1505
2026-09-11 23:15:00+00:00,77089.0,77156.0,77089.0,77148.0,117.76568,942
2026-09-11 23:30:00+00:00,77149.0,77189.0,77117.0,77142.0,67.1336,937
2026-09-11 23:45:00+00:00,77143.0,77180.0,77133.0,77180.0,26.21154,629
2026-09-12 00:00:00+00:00,77180.0,77292.0,77176.0,77258.0,574.13803,1947
2026-09-12 00:15:00+00:00,77258.0,77273.0,77253.0,77253.0,130.78484,1090
2026-09-12 00:30:00+00:00,77254.0,77254.0,77223.0,77254.0,93.25681,891
2026-09-12 00:45:00+00:00,77254.0,77307.0,77233.0,77259.0,127.7484,1103
2026-09-12 01:00:00+00:00,77260.0,77348.0,77233.0,77347.0,78.16123,1114
2026-09-12 01:15:00+00:00,77348.0,77350.0,77265.0,77288.0,48.25217,840
2026-09-12 01:30:00+00:00,77289.0,77292.0,77231.0,77244.0,77.66948,765
2026-09-12 01:45:00+00:00,77244.0,77299.0,77234.0,77242.0,17.32259,605
2026-09-12 02:00:00+00:00,77243.0,77288.0,77242.0,77271.0,11.45546,580
2026-09-12 02:15:00+00:00,77271.0,77291.0,77250.0,77250.0,9.76639,438
2026-09-12 02:30:00+00:00,77251.0,77260.0,77188.0,77211.0,261.20895,1144
2026-09-12 02:45:00+00:00,77203.0,77275.0,77181.0,77260.0,40.03826,608
2026-09-12 03:00:00+00:00,77260.0,77318.0,77216.0,77248.0,32.50832,739
2026-09-12 03:15:00+00:00,77248.0,77280.0,77206.0,77251.0,70.34972,801
2026-09-12 03:30:00+00:00,77251.0,77252.0,77202.0,77206.0,54.3543,665
2026-09-12 03:45:00+00:00,77206.0,77228.0,77200.0,77227.0,35.76157,563
2026-09-12 04:00:00+00:00,77227.0,77288.0,77227.0,77251.0,93.8314,864
2026-09-12 04:15:00+00:00,77251.0,77265.0,77194.0,77225.0,22.5876,647
2026-09-12 04:30:00+00:00,77225.0,77260.0,77203.0,77219.0,23.42814,606
2026-09-12 04:45:00+00:00,77219.0,77231.0,77188.0,77188.0,25.94194,614
2026-09-12 05:00:00+00:00,77188.0,77211.0,77127.0,77190.0,85.49239,1039
2026-09-12 05:15:00+00:00,77190.0,77205.0,77157.0,77163.0,20.34475,646
2026-09-12 05:30:00+00:00,77163.0,77217.0,77160.0,77207.0,18.64447,646
2026-09-12 05:45:00+00:00,77207.0,77210.0,77178.0,77178.0,53.05827,647
2026-09-12 06:00:00+00:00,77179.0,77190.0,77172.0,77175.0,11.46758,558
2026-09-12 06:15:00+00:00,77175.0,77201.0,77174.0,77200.0,58.45212,739
2026-09-12 06:30:00+00:00,77201.0,77295.0,77200.0,77288.0,98.42999,1124
2026-09-12 06:45:00+00:00,77288.0,77315.0,77252.0,77260.0,61.33047,993
2026-09-12 07:00:00+00:00,77260.0,77294.0,77260.0,77293.0,181.04986,1096
2026-09-12 07:15:00+00:00,77293.0,77294.0,77273.0,77273.0,58.46568,849
2026-09-12 07:30:00+00:00,77273.0,77274.0,77237.0,77237.0,37.58269,734
2026-09-12 07:45:00+00:00,77237.0,77258.0,77218.0,77244.0,85.22642,842
2026-09-12 08:00:00+00:00,77244.0,77294.0,77226.0,77254.0,223.12471,1432
2026-09-12 08:15:00+00:00,77255.0,77298.0,77254.0,77257.0,228.34266,986
2026-09-12 08:30:00+00:00,77257.0,77289.0,77257.0,77288.0,107.27157,856
2026-09-12 08:45:00+00:00,77288.0,77315.0,77288.0,77314.0,148.89182,1308
2026-09-12 09:00:00+00:00,77314.0,77316.0,77298.0,77314.0,65.01079,1646
2026-09-12 09:15:00+00:00,77313.0,77320.0,77304.0,77320.0,106.13554,885
2026-09-12 09:30:00+00:00,77319.0,77335.0,77285.0,77299.0,64.76582,899
2026-09-12 09:45:00+00:00,77300.0,77317.0,77287.0,77308.0,20.11499,626
2026-09-12 10:00:00+00:00,77309.0,77360.0,77308.0,77355.0,66.70003,833
2026-09-12 10:15:00+00:00,77356.0,77356.0,77326.0,77332.0,49.01993,493
2026-09-12 10:30:00+00:00,77332.0,77333.0,77312.0,77327.0,23.85112,502
2026-09-12 10:45:00+00:00,77327.0,77338.0,77273.0,77289.0,26.74627,730
2026-09-12 11:00:00+00:00,77290.0,77305.0,77270.0,77283.0,36.07426,845
2026-09-12 11:15:00+00:00,77284.0,77284.0,77253.0,77259.0,19.6099,549
2026-09-12 11:30:00+00:00,77260.0,77307.0,77252.0,77305.0,16.13412,522
2026-09-12 11:45:00+00:00,77306.0,77323.0,77305.0,77322.0,41.19159,518
2026-09-12 12:00:00+00:00,77321.0,77326.0,77287.0,77287.0,38.58447,692
2026-09-12 12:15:00+00:00,77288.0,77304.0,77276.0,77290.0,47.51432,654
2026-09-12 12:30:00+00:00,77289.0,77308.0,77289.0,77291.0,16.19669,536
2026-09-12 12:45:00+00:00,77290.0,77302.0,77269.0,77299.0,166.16556,700
2026-09-12 13:00:00+00:00,77299.0,77359.0,77272.0,77287.0,60.68244,909
2026-09-12 13:15:00+00:00,77287.0,77289.0,77224.0,77268.0,161.29943,1093
2026-09-12 13:30:00+00:00,77268.0,77287.0,77242.0,77261.0,52.01218,594
2026-09-12 13:45:00+00:00,77261.0,77332.0,77248.0,77332.0,21.39618,582
2026-09-12 14:00:00+00:00,77332.0,77348.0,77331.0,77333.0,76.18363,1012
2026-09-12 14:15:00+00:00,77334.0,77398.0,77328.0,77392.0,124.46919,1578
2026-09-12 14:30:00+00:00,77391.0,77448.0,77391.0,77416.0,309.10975,2187
2026-09-12 14:45:00+00:00,77416.0,77460.0,77416.0,77417.0,115.4941,1582
2026-09-12 15:00:00+00:00,77418.0,77430.0,77374.0,77382.0,90.683,1278
2026-09-12 15:15:00+00:00,77383.0,77442.0,77382.0,77419.0,113.78439,875
2026-09-12 15:30:00+00:00,77419.0,77420.0,77337.0,77363.0,63.73016,957
2026-09-12 15:45:00+00:00,77364.0,77400.0,77340.0,77348.0,108.10962,1286
2026-09-12 16:00:00+00:00,77348.0,77377.0,77309.0,77333.0,48.791,757
2026-09-12 16:15:00+00:00,77334.0,77342.0,77321.0,77341.0,58.3339,694
2026-09-12 16:30:00+00:00,77342.0,77355.0,77322.0,77327.0,32.7365,505
2026-09-12 16:45:00+00:00,77328.0,77340.0,77311.0,77326.0,70.40727,730
2026-09-12 17:00:00+00:00,77327.0,77354.0,77314.0,77316.0,18.79572,691
2026-09-12 17:15:00+00:00,77316.0,77328.0,77226.0,77253.0,94.13728,1061
2026-09-12 17:30:00+00:00,77254.0,77254.0,77180.0,77195.0,75.6771,1672
2026-09-12 17:45:00+00:00,77195.0,77206.0,77142.0,77182.0,90.72617,1400
2026-09-12 18:00:00+00:00,77182.0,77189.0,77136.0,77136.0,119.97236,1443
2026-09-12 18:15:00+00:00,77137.0,77162.0,77069.0,77155.0,358.1645,1991
2026-09-12 18:30:00+00:00,77155.0,77155.0,77082.0,77134.0,26.08564,816
2026-09-12 18:45:00+00:00,77134.0,77148.0,77103.0,77103.0,51.23791,1117
2026-09-12 19:00:00+00:00,77104.0,77138.0,77096.0,77134.0,126.25805,1174
2026-09-12 19:15:00+00:00,77134.0,77146.0,77096.0,77096.0,42.93151,776
2026-09-12 19:30:00+00:00,77097.0,77116.0,77034.0,77040.0,320.07123,1345
2026-09-12 19:45:00+00:00,77041.0,77130.0,77040.0,77091.0,42.17529,845
2026-09-12 20:00:00+00:00,77091.0,77150.0,77090.0,77147.0,38.32965,891
2026-09-12 20:15:00+00:00,77146.0,77160.0,77128.0,77160.0,20.56398,624
2026-09-12 20:30:00+00:00,77160.0,77173.0,77128.0,77152.0,12.55492,593
2026-09-12 20:45:00+00:00,77152.0,77181.0,77118.0,77128.0,47.65412,684
2026-09-12 21:00:00+00:00,77129.0,77206.0,77115.0,77133.0,69.7069,979
2026-09-12 21:15:00+00:00,77134.0,77181.0,77133.0,77181.0,68.81605,608
2026-09-12 21:30:00+00:00,77181.0,77238.0,77180.0,77203.0,130.83286,1138
2026-09-12 21:45:00+00:00,77204.0,77246.0,77170.0,77218.0,48.73223,1000
2026-09-12 22:00:00+00:00,77219.0,77249.0,77179.0,77222.0,36.69967,836
2026-09-12 22:15:00+00:00,77223.0,77277.0,77160.0,77169.0,201.65913,1158
2026-09-12 22:30:00+00:00,77170.0,77192.0,77160.0,77161.0,15.7345,622
2026-09-12 22:45:00+00:00,77161.0,77215.0,77160.0,77197.0,15.17993,648
2026-09-12 23:00:00+00:00,77197.0,77237.0,77196.0,77236.0,20.8004,531
2026-09-12 23:15:00+00:00,77236.0,77244.0,77207.0,77219.0,8.30958,530
2026-09-12 23:30:00+00:00,77220.0,77227.0,77201.0,77211.0,10.64969,519
2026-09-12 23:45:00+00:00,77211.0,77271.0,77211.0,77248.0,167.01331,767
2026-09-13 00:00:00+00:00,77249.0,77274.0,77232.0,77244.0,29.53124,729
2026-09-13 00:15:00+00:00,77244.0,77249.0,77236.0,77237.0,16.40458,434
2026-09-13 00:30:00+00:00,77238.0,77238.0,77107.0,77182.0,235.11296,1037
2026-09-13 00:45:00+00:00,77182.0,77259.0,77181.0,77243.0,204.80703,776
2026-09-13 01:00:00+00:00,77243.0,77274.0,77226.0,77245.0,49.76831,839
2026-09-13 01:15:00+00:00,77246.0,77311.0,77227.0,77227.0,84.43998,988
2026-09-13 01:30:00+00:00,77228.0,77272.0,77215.0,77269.0,30.71526,648
2026-09-13 01:45:00+00:00,77269.0,77293.0,77257.0,77284.0,16.52412,543
2026-09-13 02:00:00+00:00,77285.0,77285.0,77243.0,77254.0,14.40234,576
2026-09-13 02:15:00+00:00,77254.0,77266.0,77221.0,77235.0,27.31029,557
2026-09-13 02:30:00+00:00,77236.0,77271.0,77211.0,77270.0,58.85908,665
2026-09-13 02:45:00+00:00,77271.0,77280.0,77256.0,77270.0,31.36629,472
2026-09-13 03:00:00+00:00,77270.0,77280.0,77241.0,77250.0,7.97362,449
2026-09-13 03:15:00+00:00,77250.0,77255.0,77218.0,77226.0,11.72741,365
2026-09-13 03:30:00+00:00,77227.0,77227.0,77168.0,77185.0,210.45952,901
2026-09-13 03:45:00+00:00,77186.0,77199.0,77159.0,77159.0,41.79425,530
2026-09-13 04:00:00+00:00,77160.0,77222.0,77160.0,77173.0,48.50459,654
2026-09-13 04:15:00+00:00,77174.0,77219.0,77173.0,77199.0,4.1671,300
2026-09-13 04:30:00+00:00,77199.0,77199.0,77179.0,77182.0,6.34821,304
2026-09-13 04:45:00+00:00,77182.0,77183.0,77168.0,77180.0,12.46462,306
2026-09-13 05:00:00+00:00,77181.0,77200.0,77180.0,77200.0,7.6564,252
2026-09-13 05:15:00+00:00,77199.0,77242.0,77199.0,77241.0,42.41283,370
2026-09-13 05:30:00+00:00,77242.0,77276.0,77241.0,77275.0,15.94674,385
2026-09-13 05:45:00+00:00,77276.0,77288.0,77275.0,77284.0,28.67545,374
2026-09-13 06:00:00+00:00,77285.0,77285.0,77272.0,77282.0,23.5971,375
2026-09-13 06:15:00+00:00,77283.0,77283.0,77258.0,77258.0,7.34032,318
2026-09-13 06:30:00+00:00,77259.0,77267.0,77232.0,77266.0,10.09343,335
2026-09-13 06:45:00+00:00,77267.0,77267.0,77021.0,77076.0,489.24229,1885
2026-09-13 07:00:00+00:00,77077.0,77134.0,77056.0,77133.0,55.70399,793
2026-09-13 07:15:00+00:00,77134.0,77134.0,77091.0,77104.0,20.36676,394
2026-09-13 07:30:00+00:00,77105.0,77126.0,77055.0,77126.0,124.55616,1075
2026-09-13 07:45:00+00:00,77126.0,77129.0,77065.0,77094.0,66.04051,702
2026-09-13 08:00:00+00:00,77093.0,77138.0,77003.0,77029.0,93.40923,1254
2026-09-13 08:15:00+00:00,77030.0,77030.0,76959.0,76998.0,222.88171,1539
2026-09-13 08:30:00+00:00,76999.0,76999.0,76731.0,76775.0,621.03445,3831
2026-09-13 08:45:00+00:00,76775.0,76825.0,76694.0,76764.0,527.79157,3105
2026-09-13 09:00:00+00:00,76765.0,76843.0,76743.0,76777.0,327.71835,2226
2026-09-13 09:15:00+00:00,76777.0,76778.0,76541.0,76599.0,535.36259,4361
2026-09-13 09:30:00+00:00,76599.0,76736.0,76526.0,76674.0,324.73638,3159
2026-09-13 09:45:00+00:00,76675.0,76779.0,76674.0,76767.0,320.76038,1942
2026-09-13 10:00:00+00:00,76767.0,76768.0,76712.0,76751.0,70.87568,1151
2026-09-13 10:15:00+00:00,76751.0,76760.0,76692.0,76713.0,95.28985,1026
2026-09-13 10:30:00+00:00,76714.0,76753.0,76639.0,76639.0,144.9287,1577
2026-09-13 10:45:00+00:00,76639.0,76701.0,76585.0,76633.0,100.52035,1725
2026-09-13 11:00:00+00:00,76633.0,76665.0,76469.0,76469.0,229.37027,3348
2026-09-13 11:15:00+00:00,76470.0,76621.0,76469.0,76619.0,201.72671,1608
2026-09-13 11:30:00+00:00,76619.0,76752.0,76604.0,76726.0,63.13539,2052
2026-09-13 11:45:00+00:00,76727.0,76753.0,76705.0,76736.0,142.5133,1429
2026-09-13 12:00:00+00:00,76736.0,76753.0,76710.0,76752.0,49.19198,1145
2026-09-13 12:15:00+00:00,76752.0,76810.0,76752.0,76795.0,45.23275,1192
2026-09-13 12:30:00+00:00,76796.0,76808.0,76667.0,76685.0,73.99902,1584
2026-09-13 12:45:00+00:00,76685.0,76722.0,76619.0,76714.0,181.42207,1501
2026-09-13 13:00:00+00:00,76714.0,76723.0,76633.0,76719.0,43.89286,1217
2026-09-13 13:15:00+00:00,76719.0,76728.0,76509.0,76531.0,106.20191,1863
2026-09-13 13:30:00+00:00,76531.0,76737.0,76524.0,76723.0,290.61581,1955
2026-09-13 13:45:00+00:00,76724.0,76881.0,76723.0,76804.0,510.52472,2981
2026-09-13 14:00:00+00:00,76805.0,77021.0,76805.0,76974.0,482.79411,2530
2026-09-13 14:15:00+00:00,76975.0,77087.0,76974.0,77086.0,686.72143,4202
2026-09-13 14:30:00+00:00,77086.0,77228.0,77059.0,77149.0,184.79242,2359
2026-09-13 14:45:00+00:00,77149.0,77211.0,77133.0,77186.0,82.68824,1355
2026-09-13 15:00:00+00:00,77187.0,77187.0,77067.0,77076.0,303.13876,1927
2026-09-13 15:15:00+00:00,77076.0,77165.0,76979.0,76992.0,372.59941,2633
2026-09-13 15:30:00+00:00,76993.0,77132.0,76992.0,77126.0,279.96976,1741
2026-09-13 15:45:00+00:00,77125.0,77126.0,77075.0,77090.0,170.13415,1400
2026-09-13 16:00:00+00:00,77091.0,77238.0,77090.0,77170.0,450.23352,2582
2026-09-13 16:15:00+00:00,77170.0,77264.0,77170.0,77214.0,197.17889,1671
2026-09-13 16:30:00+00:00,77215.0,77328.0,77203.0,77282.0,316.11514,2479
2026-09-13 16:45:00+00:00,77282.0,77296.0,77209.0,77255.0,177.48139,1636
2026-09-13 17:00:00+00:00,77256.0,77382.0,77255.0,77341.0,202.72861,2045
2026-09-13 17:15:00+00:00,77341.0,77358.0,77271.0,77272.0,210.28168,1704
2026-09-13 17:30:00+00:00,77272.0,77272.0,77203.0,77246.0,60.38234,1213
2026-09-13 17:45:00+00:00,77245.0,77336.0,77245.0,77303.0,179.44939,1592
2026-09-13 18:00:00+00:00,77303.0,77333.0,77278.0,77332.0,79.98211,1142
2026-09-13 18:15:00+00:00,77332.0,77362.0,77302.0,77303.0,64.78009,1310
2026-09-13 18:30:00+00:00,77304.0,77350.0,77287.0,77345.0,84.86026,2240
2026-09-13 18:45:00+00:00,77346.0,77355.0,77317.0,77317.0,48.61094,875
2026-09-13 19:00:00+00:00,77318.0,77381.0,77244.0,77250.0,73.66932,1333
2026-09-13 19:15:00+00:00,77250.0,77252.0,77199.0,77245.0,152.88957,1271
2026-09-13 19:30:00+00:00,77245.0,77245.0,77193.0,77213.0,100.34209,1076
2026-09-13 19:45:00+00:00,77214.0,77258.0,77197.0,77256.0,149.50839,1113
2026-09-13 20:00:00+00:00,77257.0,77266.0,77225.0,77265.0,28.16202,816
2026-09-13 20:15:00+00:00,77265.0,77300.0,77265.0,77293.0,61.61968,877
2026-09-13 20:30:00+00:00,77292.0,77329.0,77274.0,77292.0,69.92514,1072
2026-09-13 20:45:00+00:00,77293.0,77336.0,77292.0,77317.0,65.09778,1096
2026-09-13 21:00:00+00:00,77318.0,77347.0,77281.0,77335.0,90.63338,1275
2026-09-13 21:15:00+00:00,77336.0,77423.0,77335.0,77382.0,193.53411,1739
2026-09-13 21:30:00+00:00,77382.0,77387.0,77316.0,77362.0,147.68602,1396
2026-09-13 21:45:00+00:00,77361.0,77364.0,77273.0,77287.0,314.69168,1929
2026-09-13 22:00:00+00:00,77288.0,77288.0,76832.0,76904.0,810.36902,6831
2026-09-13 22:15:00+00:00,76903.0,76904.0,76695.0,76814.0,551.30589,5043
2026-09-13 22:30:00+00:00,76813.0,76860.0,76693.0,76704.0,427.06217,3332
2026-09-13 22:45:00+00:00,76704.0,76780.0,76639.0,76697.0,573.76163,3565
2026-09-13 23:00:00+00:00,76697.0,76759.0,76651.0,76703.0,322.77679,2636
2026-09-13 23:15:00+00:00,76703.0,76731.0,76604.0,76717.0,137.15158,2251
2026-09-13 23:30:00+00:00,76718.0,76847.0,76706.0,76798.0,236.43882,2791
2026-09-13 23:45:00+00:00,76798.0,76847.0,76765.0,76810.0,128.34301,1601
2026-09-14 00:00:00+00:00,76811.0,77047.0,76793.0,76874.0,193.63389,3159
2026-09-14 00:15:00+00:00,76875.0,76919.0,76346.0,76456.0,494.90302,6037
2026-09-14 00:30:00+00:00,76452.0,76790.0,76421.0,76772.0,403.62014,3984
2026-09-14 00:45:00+00:00,76773.0,76856.0,76735.0,76780.0,239.03911,2526
2026-09-14 01:00:00+00:00,76780.0,76859.0,76676.0,76726.0,140.68819,2300
2026-09-14 01:15:00+00:00,76726.0,76881.0,76628.0,76828.0,436.43805,2411
2026-09-14 01:30:00+00:00,76824.0,76934.0,76617.0,76795.0,309.23936,2642
2026-09-14 01:45:00+00:00,76794.0,77140.0,76749.0,77091.0,233.26641,2852
2026-09-14 02:00:00+00:00,77090.0,77377.0,76985.0,77360.0,640.81386,4550
2026-09-14 02:15:00+00:00,77359.0,77649.0,77244.0,77515.0,783.84185,6200
2026-09-14 02:30:00+00:00,77515.0,77656.0,77406.0,77451.0,442.41785,3875
2026-09-14 02:45:00+00:00,77450.0,77696.0,77450.0,77573.0,577.72575,3869
2026-09-14 03:00:00+00:00,77573.0,77821.0,77553.0,77764.0,625.30367,5183
2026-09-14 03:15:00+00:00,77764.0,77850.0,77720.0,77801.0,376.19214,3384
2026-09-14 03:30:00+00:00,77800.0,77800.0,77507.0,77519.0,159.44148,2554
2026-09-14 03:45:00+00:00,77519.0,77571.0,77474.0,77571.0,184.63005,1862
2026-09-14 04:00:00+00:00,77571.0,77615.0,77507.0,77551.0,111.56251,1948
2026-09-14 04:15:00+00:00,77551.0,77669.0,77517.0,77605.0,67.19126,1623
2026-09-14 04:30:00+00:00,77604.0,77651.0,77511.0,77608.0,115.51537,1668
2026-09-14 04:45:00+00:00,77609.0,77680.0,77546.0,77650.0,143.19193,1656
2026-09-14 05:00:00+00:00,77649.0,77657.0,77529.0,77611.0,66.08126,1225
2026-09-14 05:15:00+00:00,77610.0,77611.0,77482.0,77491.0,74.07748,1316
2026-09-14 05:30:00+00:00,77492.0,77586.0,77481.0,77524.0,56.33092,1225
2026-09-14 05:45:00+00:00,77523.0,77578.0,77461.0,77578.0,59.82627,1311
2026-09-14 06:00:00+00:00,77577.0,77850.0,77570.0,77742.0,241.96173,3072
2026-09-14 06:15:00+00:00,77753.0,77754.0,77534.0,77534.0,67.88305,1568
2026-09-14 06:30:00+00:00,77534.0,77735.0,77347.0,77705.0,224.25889,3218
2026-09-14 06:45:00+00:00,77704.0,77729.0,77561.0,77561.0,61.22303,1416
2026-09-14 07:00:00+00:00,77561.0,77708.0,77491.0,77637.0,108.1718,1920
2026-09-14 07:15:00+00:00,77636.0,77715.0,77617.0,77676.0,140.91757,1721
2026-09-14 07:30:00+00:00,77676.0,77850.0,77651.0,77828.0,187.12275,2248
2026-09-14 07:45:00+00:00,77827.0,77855.0,77757.0,77854.0,199.65562,1946
2026-09-14 08:00:00+00:00,77855.0,77859.0,77676.0,77751.0,188.754,2928
2026-09-14 08:15:00+00:00,77750.0,77961.0,77674.0,77725.0,223.97968,2982
2026-09-14 08:30:00+00:00,77725.0,77772.0,77674.0,77724.0,65.39237,1932
2026-09-14 08:45:00+00:00,77724.0,77733.0,77629.0,77713.0,178.58444,2946
2026-09-14 09:00:00+00:00,77712.0,77800.0,77672.0,77679.0,88.9436,1927
2026-09-14 09:15:00+00:00,77679.0,77758.0,77564.0,77758.0,231.35586,2591
2026-09-14 09:30:00+00:00,77757.0,77898.0,77753.0,77857.0,148.59511,2674
2026-09-14 09:45:00+00:00,77856.0,78344.0,77856.0,78094.0,1421.25206,10219
2026-09-14 10:00:00+00:00,78103.0,78128.0,77976.0,78006.0,143.63761,2898
2026-09-14 10:15:00+00:00,78005.0,78042.0,77901.0,77940.0,136.62356,2738
2026-09-14 10:30:00+00:00,77939.0,77984.0,77897.0,77916.0,133.35728,2055
2026-09-14 10:45:00+00:00,77916.0,77996.0,77859.0,77867.0,101.06246,1958
2026-09-14 11:00:00+00:00,77868.0,77889.0,77679.0,77731.0,162.11767,2780
2026-09-14 11:15:00+00:00,77731.0,77884.0,77721.0,77882.0,73.3533,1514
2026-09-14 11:30:00+00:00,77881.0,77894.0,77671.0,77792.0,143.64239,2113
2026-09-14 11:45:00+00:00,77793.0,77802.0,77660.0,77753.0,50.67488,1525
2026-09-14 12:00:00+00:00,77752.0,77820.0,77678.0,77802.0,55.0653,1665
2026-09-14 12:15:00+00:00,77801.0,77964.0,77801.0,77963.0,216.98145,2527
2026-09-14 12:30:00+00:00,77963.0,78047.0,77720.0,77876.0,362.73485,3297
2026-09-14 12:45:00+00:00,77870.0,77893.0,77572.0,77667.0,252.1188,3231
2026-09-14 13:00:00+00:00,77667.0,77694.0,77435.0,77677.0,484.38182,4306
2026-09-14 13:15:00+00:00,77678.0,77840.0,77678.0,77840.0,387.36605,3314
2026-09-14 13:30:00+00:00,77839.0,78250.0,77814.0,78128.0,1778.6558,11113
2026-09-14 13:45:00+00:00,78128.0,78488.0,78018.0,78155.0,3028.33431,13492
2026-09-14 14:00:00+00:00,78156.0,78519.0,78148.0,78495.0,716.30011,9458
2026-09-14 14:15:00+00:00,78494.0,78642.0,78185.0,78374.0,619.99472,6904
2026-09-14 14:30:00+00:00,78374.0,78699.0,78314.0,78402.0,699.37449,6604
2026-09-14 14:45:00+00:00,78402.0,78600.0,78381.0,78498.0,335.11858,4225
2026-09-14 15:00:00+00:00,78499.0,78572.0,78284.0,78472.0,423.98785,4581
2026-09-14 15:15:00+00:00,78471.0,78581.0,78378.0,78387.0,137.65579,2630
2026-09-14 15:30:00+00:00,78386.0,78593.0,78318.0,78532.0,215.47941,3360
2026-09-14 15:45:00+00:00,78532.0,78663.0,78336.0,78550.0,281.60369,3504
2026-09-14 16:00:00+00:00,78550.0,78581.0,78403.0,78412.0,109.34958,2443
2026-09-14 16:15:00+00:00,78413.0,78850.0,78413.0,78643.0,1106.52381,7586
2026-09-14 16:30:00+00:00,78643.0,78717.0,78597.0,78614.0,206.16044,2570
2026-09-14 16:45:00+00:00,78614.0,78860.0,78614.0,78746.0,481.95886,3917
2026-09-14 17:00:00+00:00,78746.0,78850.0,78699.0,78806.0,206.20794,2409
2026-09-14 17:15:00+00:00,78805.0,78955.0,78761.0,78865.0,511.97371,3913
2026-09-14 17:30:00+00:00,78866.0,78872.0,78685.0,78831.0,501.8314,3534
2026-09-14 17:45:00+00:00,78832.0,79028.0,78832.0,78931.0,1092.98721,7773
2026-09-14 18:00:00+00:00,78931.0,79001.0,78828.0,78828.0,204.59378,3158
2026-09-14 18:15:00+00:00,78828.0,79240.0,78825.0,79125.0,462.28886,5682
2026-09-14 18:30:00+00:00,79124.0,79215.0,78972.0,79154.0,358.99378,3654
2026-09-14 18:45:00+00:00,79154.0,79310.0,79153.0,79199.0,332.17943,4021
2026-09-14 19:00:00+00:00,79199.0,79200.0,78985.0,79059.0,432.59311,3925
2026-09-14 19:15:00+00:00,79059.0,79219.0,79058.0,79118.0,102.02087,2139
2026-09-14 19:30:00+00:00,79119.0,79174.0,78930.0,79110.0,377.20473,2894
2026-09-14 19:45:00+00:00,79110.0,79137.0,78956.0,78956.0,258.3942,2060
2026-09-14 20:00:00+00:00,78965.0,79207.0,78947.0,79166.0,360.78956,2939
2026-09-14 20:15:00+00:00,79165.0,79576.0,79165.0,79420.0,580.34099,6924
2026-09-14 20:30:00+00:00,79420.0,79473.0,79313.0,79313.0,263.2979,3187
2026-09-14 20:45:00+00:00,79313.0,79370.0,79065.0,79075.0,261.73252,3022
2026-09-14 21:00:00+00:00,79074.0,79091.0,78742.0,78851.0,814.43609,5801
2026-09-14 21:15:00+00:00,78858.0,78966.0,78777.0,78875.0,326.91081,2780
2026-09-14 21:30:00+00:00,78876.0,78937.0,78756.0,78787.0,285.33789,2361
2026-09-14 21:45:00+00:00,78786.0,78803.0,78711.0,78726.0,305.25601,2366
2026-09-14 22:00:00+00:00,78725.0,78826.0,78683.0,78808.0,216.65965,2346
2026-09-14 22:15:00+00:00,78804.0,78817.0,78467.0,78546.0,951.26983,5085
2026-09-14 22:30:00+00:00,78545.0,78653.0,78468.0,78625.0,816.1767,2991
2026-09-14 22:45:00+00:00,78625.0,78629.0,78519.0,78520.0,95.72025,1268
2026-09-14 23:00:00+00:00,78519.0,78538.0,78350.0,78421.0,549.87252,4023
2026-09-14 23:15:00+00:00,78421.0,78456.0,78328.0,78370.0,680.7653,3906
2026-09-14 23:30:00+00:00,78371.0,78371.0,78238.0,78303.0,256.09779,2149
2026-09-14 23:45:00+00:00,78304.0,78304.0,78081.0,78182.0,1357.35803,4117
2026-09-15 00:00:00+00:00,78175.0,78235.0,78097.0,78098.0,465.30362,2603
2026-09-15 00:15:00+00:00,78098.0,78103.0,77960.0,77988.0,203.8928,2289
2026-09-15 00:30:00+00:00,77989.0,78062.0,77909.0,77942.0,126.82051,1964
2026-09-15 00:45:00+00:00,77941.0,77993.0,77920.0,77933.0,115.55021,1416
2026-09-15 01:00:00+00:00,77933.0,77933.0,77715.0,77799.0,336.84677,3661
2026-09-15 01:15:00+00:00,77798.0,78004.0,77772.0,77831.0,296.30771,2905
2026-09-15 01:30:00+00:00,77831.0,77987.0,77826.0,77987.0,134.2077,1519
2026-09-15 01:45:00+00:00,77986.0,78049.0,77896.0,77897.0,111.99719,1478
2026-09-15 02:00:00+00:00,77896.0,77988.0,77847.0,77957.0,141.32427,1443
2026-09-15 02:15:00+00:00,77958.0,77993.0,77890.0,77935.0,67.94706,1204
2026-09-15 02:30:00+00:00,77935.0,77935.0,77835.0,77853.0,46.74873,1074
2026-09-15 02:45:00+00:00,77852.0,77895.0,77762.0,77886.0,59.03011,1211
2026-09-15 03:00:00+00:00,77886.0,77886.0,77672.0,77691.0,476.64911,3213
2026-09-15 03:15:00+00:00,77690.0,77822.0,77686.0,77816.0,114.64083,1408
2026-09-15 03:30:00+00:00,77815.0,77836.0,77750.0,77772.0,100.55594,1325
2026-09-15 03:45:00+00:00,77772.0,77782.0,77627.0,77628.0,185.78507,1468
2026-09-15 04:00:00+00:00,77628.0,77706.0,77609.0,77615.0,161.00511,1736
2026-09-15 04:15:00+00:00,77614.0,77655.0,77535.0,77593.0,217.25097,1997
2026-09-15 04:30:00+00:00,77593.0,77629.0,77503.0,77609.0,203.24532,1980
2026-09-15 04:45:00+00:00,77610.0,77615.0,77547.0,77560.0,100.04768,974
2026-09-15 05:00:00+00:00,77560.0,77625.0,77264.0,77378.0,572.13674,4299
2026-09-15 05:15:00+00:00,77378.0,77449.0,77294.0,77449.0,213.10227,2304
2026-09-15 05:30:00+00:00,77449.0,77473.0,77357.0,77431.0,292.45578,2353
2026-09-15 05:45:00+00:00,77431.0,77671.0,77425.0,77609.0,993.20829,3882
2026-09-15 06:00:00+00:00,77609.0,77715.0,77550.0,77551.0,436.77058,3248
2026-09-15 06:15:00+00:00,77550.0,77559.0,77355.0,77368.0,589.09773,2703
2026-09-15 06:30:00+00:00,77368.0,77420.0,77367.0,77399.0,236.05853,1613
2026-09-15 06:45:00+00:00,77400.0,77411.0,77147.0,77233.0,961.98327,4299
2026-09-15 07:00:00+00:00,77240.0,77270.0,77138.0,77174.0,356.53533,2869
2026-09-15 07:15:00+00:00,77173.0,77270.0,77159.0,77243.0,133.29492,1950
2026-09-15 07:30:00+00:00,77242.0,77243.0,76978.0,76991.0,731.13158,4925
2026-09-15 07:45:00+00:00,76991.0,77055.0,76825.0,76907.0,684.09334,4663
2026-09-15 08:00:00+00:00,76902.0,76917.0,76672.0,76788.0,1666.34038,7846
2026-09-15 08:15:00+00:00,76788.0,76865.0,76688.0,76839.0,847.12379,4878
2026-09-15 08:30:00+00:00,76839.0,76881.0,76802.0,76822.0,212.46578,2079
2026-09-15 08:45:00+00:00,76822.0,76993.0,76821.0,76981.0,509.59747,3165
2026-09-15 09:00:00+00:00,76981.0,76981.0,76876.0,76912.0,438.5066,3053
2026-09-15 09:15:00+00:00,76911.0,76980.0,76851.0,76897.0,99.22142,1822
2026-09-15 09:30:00+00:00,76897.0,76974.0,76884.0,76971.0,68.90061,1296
2026-09-15 09:45:00+00:00,76971.0,77054.0,76942.0,76962.0,109.27787,2082
2026-09-15 10:00:00+00:00,76962.0,77033.0,76892.0,76981.0,108.99914,2137
2026-09-15 10:15:00+00:00,76980.0,77023.0,76874.0,76875.0,124.27384,2062
2026-09-15 10:30:00+00:00,76874.0,77042.0,76857.0,77041.0,136.96394,2442
2026-09-15 10:45:00+00:00,77041.0,77162.0,76991.0,77027.0,415.1692,3943
2026-09-15 11:00:00+00:00,77027.0,77209.0,76990.0,77015.0,281.26688,3237
2026-09-15 11:15:00+00:00,77015.0,77091.0,76953.0,76977.0,150.38639,1956
2026-09-15 11:30:00+00:00,76977.0,76977.0,76814.0,76897.0,891.71834,3889
2026-09-15 11:45:00+00:00,76897.0,76928.0,76812.0,76908.0,402.65573,2205
2026-09-15 12:00:00+00:00,76908.0,76947.0,76819.0,76892.0,588.76595,3264
2026-09-15 12:15:00+00:00,76891.0,76963.0,76873.0,76914.0,428.49676,2397
2026-09-15 12:30:00+00:00,76914.0,76947.0,76823.0,76920.0,355.54738,2945
2026-09-15 12:45:00+00:00,76919.0,77122.0,76857.0,76940.0,1087.55368,6127
2026-09-15 13:00:00+00:00,76940.0,77111.0,76934.0,76958.0,243.00491,3040
2026-09-15 13:15:00+00:00,76957.0,76984.0,76888.0,76924.0,163.57308,1955
2026-09-15 13:30:00+00:00,76924.0,76924.0,76092.0,76406.0,3285.27568,18256
2026-09-15 13:45:00+00:00,76407.0,76606.0,76131.0,76605.0,1101.75414,9625
2026-09-15 14:00:00+00:00,76605.0,76694.0,76294.0,76374.0,1567.2305,10854
2026-09-15 14:15:00+00:00,76374.0,76462.0,76278.0,76315.0,360.58137,3852
2026-09-15 14:30:00+00:00,76315.0,76315.0,75688.0,75891.0,2510.14922,17543
2026-09-15 14:45:00+00:00,75891.0,76005.0,75600.0,75900.0,3426.94919,15663
2026-09-15 15:00:00+00:00,75900.0,76079.0,75800.0,75983.0,1906.62887,8491
2026-09-15 15:15:00+00:00,75994.0,76503.0,75891.0,76316.0,2799.96371,11035
2026-09-15 15:30:00+00:00,76316.0,76450.0,76229.0,76417.0,1052.02493,4787
2026-09-15 15:45:00+00:00,76417.0,76576.0,76417.0,76480.0,619.1949,4438
2026-09-15 16:00:00+00:00,76480.0,76548.0,76244.0,76244.0,405.97677,4087
2026-09-15 16:15:00+00:00,76245.0,76473.0,76245.0,76445.0,183.4318,2714
2026-09-15 16:30:00+00:00,76445.0,76459.0,76259.0,76335.0,557.93672,4660
2026-09-15 16:45:00+00:00,76335.0,76463.0,76331.0,76349.0,264.13183,2804
2026-09-15 17:00:00+00:00,76349.0,76372.0,76151.0,76241.0,494.01756,4468
2026-09-15 17:15:00+00:00,76241.0,76519.0,76206.0,76492.0,935.865,4169
2026-09-15 17:30:00+00:00,76493.0,77366.0,76479.0,76742.0,4388.80129,20464
2026-09-15 17:45:00+00:00,76742.0,77058.0,76741.0,76930.0,1517.04709,7159
2026-09-15 18:00:00+00:00,76931.0,76940.0,76800.0,76844.0,889.62521,4347
2026-09-15 18:15:00+00:00,76844.0,77205.0,76449.0,76879.0,2465.42212,11574
2026-09-15 18:30:00+00:00,76890.0,76926.0,75682.0,75737.0,4707.66477,25598
2026-09-15 18:45:00+00:00,75738.0,76194.0,74903.0,75957.0,7277.85092,41603
2026-09-15 19:00:00+00:00,75957.0,76243.0,75775.0,75939.0,2040.2259,11797
2026-09-15 19:15:00+00:00,75940.0,76283.0,75845.0,75890.0,994.5381,7486
2026-09-15 19:30:00+00:00,75890.0,76030.0,75839.0,75876.0,525.1394,4532
2026-09-15 19:45:00+00:00,75872.0,76148.0,75830.0,76148.0,602.07957,3826
2026-09-15 20:00:00+00:00,76149.0,76218.0,75896.0,76010.0,550.35913,3847
2026-09-15 20:15:00+00:00,76010.0,76010.0,75701.0,75701.0,281.8718,3219
2026-09-15 20:30:00+00:00,75702.0,75834.0,75581.0,75834.0,561.82983,4588
2026-09-15 20:45:00+00:00,75834.0,75972.0,75833.0,75901.0,152.09594,2398
2026-09-15 21:00:00+00:00,75902.0,75929.0,75679.0,75837.0,405.12428,3120
2026-09-15 21:15:00+00:00,75838.0,75872.0,75620.0,75657.0,350.44148,2709
2026-09-15 21:30:00+00:00,75657.0,75739.0,75519.0,75712.0,362.39917,3307
2026-09-15 21:45:00+00:00,75712.0,75719.0,75368.0,75427.0,635.04581,3998
2026-09-15 22:00:00+00:00,75427.0,75557.0,75307.0,75345.0,493.42054,4435
2026-09-15 22:15:00+00:00,75345.0,75516.0,75111.0,75457.0,896.37448,6821
2026-09-15 22:30:00+00:00,75457.0,75624.0,75447.0,75583.0,857.71637,4330
2026-09-15 22:45:00+00:00,75583.0,75710.0,75565.0,75633.0,142.02776,2515
2026-09-15 23:00:00+00:00,75633.0,75875.0,75632.0,75862.0,184.75315,2748
2026-09-15 23:15:00+00:00,75863.0,75910.0,75696.0,75696.0,171.57865,2557
2026-09-15 23:30:00+00:00,75699.0,75708.0,75533.0,75646.0,244.63239,2765
2026-09-15 23:45:00+00:00,75646.0,75690.0,75586.0,75608.0,58.64462,1400
2026-09-16 00:00:00+00:00,75608.0,75755.0,75542.0,75668.0,151.05782,2346
2026-09-16 00:15:00+00:00,75668.0,75820.0,75647.0,75817.0,296.22929,2071
2026-09-16 00:30:00+00:00,75817.0,75883.0,75753.0,75779.0,121.54574,1840
2026-09-16 00:45:00+00:00,75776.0,75852.0,75697.0,75745.0,114.27109,1664
2026-09-16 01:00:00+00:00,75746.0,75828.0,75668.0,75749.0,76.44829,1819
2026-09-16 01:15:00+00:00,75750.0,75937.0,75691.0,75836.0,112.5262,1948
2026-09-16 01:30:00+00:00,75837.0,75837.0,75506.0,75626.0,252.91425,3020
2026-09-16 01:45:00+00:00,75627.0,75683.0,75430.0,75464.0,76.71858,2116
2026-09-16 02:00:00+00:00,75464.0,75641.0,75456.0,75641.0,61.35737,1747
2026-09-16 02:15:00+00:00,75641.0,75913.0,75632.0,75912.0,79.92328,2033
2026-09-16 02:30:00+00:00,75913.0,76083.0,75899.0,75937.0,300.08746,3197
2026-09-16 02:45:00+00:00,75937.0,75976.0,75784.0,75859.0,331.96039,1974
2026-09-16 03:00:00+00:00,75859.0,75958.0,75798.0,75925.0,116.39461,1813
2026-09-16 03:15:00+00:00,75925.0,76065.0,75833.0,75834.0,232.05721,2600
2026-09-16 03:30:00+00:00,75834.0,75878.0,75746.0,75767.0,54.98001,1549
2026-09-16 03:45:00+00:00,75767.0,75812.0,75741.0,75798.0,46.56125,1148
2026-09-16 04:00:00+00:00,75798.0,75894.0,75795.0,75859.0,209.52439,1790
2026-09-16 04:15:00+00:00,75859.0,75963.0,75816.0,75856.0,62.76884,1459
2026-09-16 04:30:00+00:00,75849.0,75993.0,75843.0,75904.0,194.90882,1532
2026-09-16 04:45:00+00:00,75905.0,75951.0,75788.0,75843.0,93.50135,1538
2026-09-16 05:00:00+00:00,75843.0,75852.0,75661.0,75773.0,161.08915,2190
2026-09-16 05:15:00+00:00,75774.0,75890.0,75773.0,75861.0,60.89947,1492
2026-09-16 05:30:00+00:00,75861.0,75954.0,75813.0,75942.0,179.71805,2033
2026-09-16 05:45:00+00:00,75942.0,75943.0,75868.0,75943.0,57.66292,1550
2026-09-16 06:00:00+00:00,75943.0,76000.0,75942.0,75962.0,102.99199,1789
2026-09-16 06:15:00+00:00,75962.0,76000.0,75870.0,75899.0,157.15405,1763
2026-09-16 06:30:00+00:00,75899.0,75921.0,75791.0,75906.0,61.23534,1816
2026-09-16 06:45:00+00:00,75906.0,76000.0,75900.0,75999.0,65.18712,1610
2026-09-16 07:00:00+00:00,76000.0,76076.0,75783.0,75856.0,650.19473,3602
2026-09-16 07:15:00+00:00,75856.0,75899.0,75771.0,75788.0,96.53152,1506
2026-09-16 07:30:00+00:00,75789.0,75892.0,75741.0,75788.0,301.40642,2405
2026-09-16 07:45:00+00:00,75789.0,75878.0,75698.0,75742.0,600.811,2870
2026-09-16 08:00:00+00:00,75742.0,75742.0,75428.0,75490.0,254.89129,3605
2026-09-16 08:15:00+00:00,75491.0,75590.0,75326.0,75401.0,279.1307,3404
2026-09-16 08:30:00+00:00,75401.0,75545.0,75399.0,75536.0,79.72615,1707
2026-09-16 08:45:00+00:00,75536.0,75713.0,75511.0,75708.0,198.36407,2163
2026-09-16 09:00:00+00:00,75708.0,75936.0,75699.0,75761.0,576.07307,3538
2026-09-16 09:15:00+00:00,75762.0,75837.0,75726.0,75804.0,65.31766,1505
2026-09-16 09:30:00+00:00,75804.0,75913.0,75803.0,75892.0,74.70667,1436
2026-09-16 09:45:00+00:00,75892.0,75971.0,75855.0,75965.0,222.50708,1849
2026-09-16 10:00:00+00:00,75965.0,76020.0,75904.0,75915.0,282.66761,2240
2026-09-16 10:15:00+00:00,75915.0,75989.0,75890.0,75942.0,131.39849,1726
2026-09-16 10:30:00+00:00,75942.0,75979.0,75913.0,75955.0,66.9394,1209
2026-09-16 10:45:00+00:00,75955.0,75955.0,75862.0,75921.0,84.57296,1177
2026-09-16 11:00:00+00:00,75921.0,76033.0,75885.0,75900.0,99.74564,1910
2026-09-16 11:15:00+00:00,75900.0,75967.0,75858.0,75953.0,58.06296,1565
2026-09-16 11:30:00+00:00,75953.0,76255.0,75924.0,76206.0,407.67389,4223
2026-09-16 11:45:00+00:00,76206.0,76275.0,76128.0,76217.0,514.40437,3932
2026-09-16 12:00:00+00:00,76217.0,76276.0,76101.0,76102.0,218.02047,2439
2026-09-16 12:15:00+00:00,76102.0,76131.0,75890.0,75915.0,201.681,2335
2026-09-16 12:30:00+00:00,75916.0,76000.0,75758.0,75933.0,570.77052,4491
2026-09-16 12:45:00+00:00,75933.0,76021.0,75887.0,75939.0,336.35897,2623
2026-09-16 13:00:00+00:00,75939.0,75939.0,75639.0,75760.0,614.78978,4756
2026-09-16 13:15:00+00:00,75760.0,75848.0,75684.0,75736.0,245.94238,2715
2026-09-16 13:30:00+00:00,75737.0,75781.0,75562.0,75759.0,463.76681,4520
2026-09-16 13:45:00+00:00,75759.0,75918.0,75583.0,75629.0,396.3414,4507
2026-09-16 14:00:00+00:00,75629.0,75650.0,75411.0,75547.0,590.76828,7125
2026-09-16 14:15:00+00:00,75547.0,75807.0,75533.0,75807.0,456.87527,4663
2026-09-16 14:30:00+00:00,75812.0,75812.0,75604.0,75746.0,417.55471,3053
2026-09-16 14:45:00+00:00,75746.0,75746.0,75445.0,75666.0,284.2217,3237
2026-09-16 15:00:00+00:00,75666.0,75783.0,75531.0,75742.0,304.2772,3507
2026-09-16 15:15:00+00:00,75742.0,75780.0,75613.0,75614.0,143.55362,2556
2026-09-16 15:30:00+00:00,75614.0,75773.0,75540.0,75712.0,126.39096,2551
2026-09-16 15:45:00+00:00,75713.0,75930.0,75694.0,75777.0,236.94262,3218
2026-09-16 16:00:00+00:00,75778.0,75850.0,75632.0,75825.0,121.51761,2917
2026-09-16 16:15:00+00:00,75825.0,75870.0,75722.0,75770.0,273.44526,2782
2026-09-16 16:30:00+00:00,75771.0,75817.0,75665.0,75667.0,142.72883,2358
2026-09-16 16:45:00+00:00,75667.0,75812.0,75666.0,75757.0,79.01504,1993
2026-09-16 17:00:00+00:00,75753.0,75778.0,75650.0,75704.0,77.70584,2246
2026-09-16 17:15:00+00:00,75705.0,75799.0,75624.0,75695.0,120.91821,2370
2026-09-16 17:30:00+00:00,75695.0,75719.0,75355.0,75433.0,1321.87763,7055
2026-09-16 17:45:00+00:00,75433.0,75882.0,75321.0,75668.0,811.75953,6487
2026-09-16 18:00:00+00:00,75670.0,76547.0,75281.0,75765.0,4992.52226,28997
2026-09-16 18:15:00+00:00,75765.0,76073.0,75616.0,76000.0,1589.15311,11183
2026-09-16 18:30:00+00:00,76000.0,76323.0,75000.0,75946.0,4238.27855,22348
2026-09-16 18:45:00+00:00,75947.0,76054.0,75459.0,75601.0,1494.30583,10713
2026-09-16 19:00:00+00:00,75601.0,76157.0,75601.0,75915.0,1287.2936,8852
2026-09-16 19:15:00+00:00,75918.0,75992.0,75215.0,75516.0,1506.07916,8796
2026-09-16 19:30:00+00:00,75516.0,75960.0,75420.0,75948.0,1373.81678,6530
2026-09-16 19:45:00+00:00,75949.0,76121.0,75948.0,76056.0,1346.42204,6341
2026-09-16 20:00:00+00:00,76056.0,76389.0,75990.0,76183.0,798.38199,6222
2026-09-16 20:15:00+00:00,76183.0,76343.0,76078.0,76172.0,737.21973,3840
2026-09-16 20:30:00+00:00,76172.0,76221.0,75987.0,76093.0,568.46693,3403
2026-09-16 20:45:00+00:00,76093.0,76159.0,76026.0,76145.0,222.5135,2481
2026-09-16 21:00:00+00:00,76145.0,76191.0,76054.0,76076.0,202.48178,1919
2026-09-16 21:15:00+00:00,76076.0,76110.0,76002.0,76038.0,107.78872,1578
2026-09-16 21:30:00+00:00,76039.0,76066.0,75900.0,75916.0,277.9366,2616
2026-09-16 21:45:00+00:00,75917.0,75988.0,75900.0,75935.0,74.15145,1511
2026-09-16 22:00:00+00:00,75935.0,75946.0,75631.0,75862.0,330.10991,4401
2026-09-16 22:15:00+00:00,75863.0,75895.0,75639.0,75719.0,275.42701,2672
2026-09-16 22:30:00+00:00,75719.0,75776.0,75609.0,75776.0,77.78241,1692
2026-09-16 22:45:00+00:00,75776.0,75788.0,75600.0,75643.0,222.15018,1748
2026-09-16 23:00:00+00:00,75643.0,75818.0,75607.0,75817.0,148.99824,1800
2026-09-16 23:15:00+00:00,75818.0,76118.0,75815.0,76041.0,491.82091,3749
2026-09-16 23:30:00+00:00,76041.0,76194.0,76040.0,76181.0,149.84579,2135
2026-09-16 23:45:00+00:00,76181.0,76247.0,76124.0,76180.0,202.37309,2196
2026-09-17 00:00:00+00:00,76180.0,76385.0,76145.0,76287.0,182.97439,2875
2026-09-17 00:15:00+00:00,76287.0,76464.0,76286.0,76371.0,296.75625,2632
2026-09-17 00:30:00+00:00,76371.0,76474.0,76346.0,76389.0,160.19146,2198
2026-09-17 00:45:00+00:00,76389.0,76423.0,76304.0,76305.0,205.4482,2022
2026-09-17 01:00:00+00:00,76306.0,76340.0,76188.0,76275.0,167.55079,2300
2026-09-17 01:15:00+00:00,76276.0,76631.0,76201.0,76604.0,397.22927,4322
2026-09-17 01:30:00+00:00,76604.0,76750.0,76480.0,76570.0,565.3694,5111
2026-09-17 01:45:00+00:00,76570.0,76570.0,76304.0,76339.0,221.46256,2834
2026-09-17 02:00:00+00:00,76339.0,76361.0,76070.0,76188.0,351.94376,3290
2026-09-17 02:15:00+00:00,76188.0,76188.0,76040.0,76155.0,143.1553,2184
2026-09-17 02:30:00+00:00,76154.0,76427.0,76126.0,76402.0,236.2633,2642
2026-09-17 02:45:00+00:00,76403.0,76460.0,76304.0,76346.0,214.65758,1945
2026-09-17 03:00:00+00:00,76346.0,76478.0,76345.0,76403.0,147.53337,2089
2026-09-17 03:15:00+00:00,76410.0,76488.0,76384.0,76466.0,157.40495,1727
2026-09-17 03:30:00+00:00,76467.0,76500.0,76412.0,76452.0,80.97113,1612
2026-09-17 03:45:00+00:00,76451.0,76478.0,76370.0,76406.0,96.53361,1755
2026-09-17 04:00:00+00:00,76407.0,76407.0,76263.0,76283.0,163.39801,1918
2026-09-17 04:15:00+00:00,76284.0,76292.0,76149.0,76181.0,126.39335,2310
2026-09-17 04:30:00+00:00,76181.0,76350.0,76144.0,76339.0,97.83025,1943
2026-09-17 04:45:00+00:00,76339.0,76576.0,76307.0,76520.0,614.57328,3779
2026-09-17 05:00:00+00:00,76520.0,76613.0,76422.0,76439.0,275.77556,2507
2026-09-17 05:15:00+00:00,76439.0,76514.0,76377.0,76455.0,296.54985,2106
2026-09-17 05:30:00+00:00,76455.0,76456.0,76303.0,76330.0,157.36327,1921
2026-09-17 05:45:00+00:00,76331.0,76397.0,76274.0,76300.0,94.14307,1605
2026-09-17 06:00:00+00:00,76300.0,76460.0,76273.0,76430.0,467.48989,2481
2026-09-17 06:15:00+00:00,76430.0,76432.0,76308.0,76411.0,203.5607,1846
2026-09-17 06:30:00+00:00,76413.0,76552.0,76413.0,76524.0,251.3242,2073
2026-09-17 06:45:00+00:00,76524.0,76579.0,76432.0,76439.0,209.10601,1287
2026-09-17 07:00:00+00:00,76438.0,76643.0,76438.0,76509.0,167.00555,2265
2026-09-17 07:15:00+00:00,76509.0,76603.0,76475.0,76496.0,29.50333,1212
2026-09-17 07:30:00+00:00,76496.0,76511.0,76455.0,76473.0,27.82117,1061
2026-09-17 07:45:00+00:00,76472.0,76496.0,76391.0,76424.0,49.97287,1476
2026-09-17 08:00:00+00:00,76426.0,76495.0,76382.0,76383.0,66.47211,1365
2026-09-17 08:15:00+00:00,76383.0,76504.0,76355.0,76429.0,66.88208,1416
2026-09-17 08:30:00+00:00,76428.0,76511.0,76384.0,76459.0,65.06258,1207
2026-09-17 08:45:00+00:00,76458.0,76567.0,76447.0,76547.0,171.8575,1870
2026-09-17 09:00:00+00:00,76547.0,76688.0,76546.0,76660.0,248.06227,2771
2026-09-17 09:15:00+00:00,76659.0,76713.0,76612.0,76649.0,84.50519,1860
2026-09-17 09:30:00+00:00,76649.0,76740.0,76566.0,76566.0,65.07445,1818
2026-09-17 09:45:00+00:00,76566.0,76614.0,76436.0,76437.0,80.21337,1874
2026-09-17 10:00:00+00:00,76436.0,76437.0,76288.0,76368.0,204.83977,2416
2026-09-17 10:15:00+00:00,76367.0,76368.0,76279.0,76321.0,258.57107,1951
2026-09-17 10:30:00+00:00,76316.0,76382.0,76280.0,76281.0,82.11434,1275
2026-09-17 10:45:00+00:00,76281.0,76370.0,76228.0,76370.0,157.38473,1843
2026-09-17 11:00:00+00:00,76370.0,76422.0,76314.0,76402.0,124.65733,1674
2026-09-17 11:15:00+00:00,76403.0,76427.0,76311.0,76356.0,287.05619,2616
2026-09-17 11:30:00+00:00,76355.0,76355.0,76138.0,76155.0,288.08929,3070
2026-09-17 11:45:00+00:00,76155.0,76449.0,76154.0,76448.0,104.60192,1791
2026-09-17 12:00:00+00:00,76448.0,76787.0,76362.0,76787.0,830.86676,6656
2026-09-17 12:15:00+00:00,76786.0,76970.0,76778.0,76969.0,714.52606,5793
2026-09-17 12:30:00+00:00,76965.0,77150.0,76825.0,76839.0,720.11859,6552
2026-09-17 12:45:00+00:00,76842.0,76866.0,76700.0,76701.0,302.74898,3368
2026-09-17 13:00:00+00:00,76701.0,76857.0,76605.0,76625.0,422.97672,4182
2026-09-17 13:15:00+00:00,76626.0,76721.0,76439.0,76445.0,515.3261,4099
2026-09-17 13:30:00+00:00,76445.0,76556.0,76001.0,76133.0,1061.02266,9651
2026-09-17 13:45:00+00:00,76133.0,76669.0,76025.0,76669.0,858.09062,7514
2026-09-17 14:00:00+00:00,76669.0,76968.0,76359.0,76936.0,806.78874,9187
2026-09-17 14:15:00+00:00,76937.0,77031.0,76671.0,76904.0,798.08935,6312
2026-09-17 14:30:00+00:00,76905.0,76995.0,76578.0,76579.0,543.43152,5284
2026-09-17 14:45:00+00:00,76579.0,76705.0,76468.0,76468.0,699.61109,4402
2026-09-17 15:00:00+00:00,76469.0,76472.0,76238.0,76321.0,457.60895,5277
2026-09-17 15:15:00+00:00,76321.0,76440.0,76265.0,76439.0,274.4195,3004
2026-09-17 15:30:00+00:00,76440.0,76839.0,76433.0,76732.0,412.08582,4691
2026-09-17 15:45:00+00:00,76733.0,76771.0,76573.0,76736.0,158.2517,2714
2026-09-17 16:00:00+00:00,76751.0,76786.0,76646.0,76699.0,390.61962,3097
2026-09-17 16:15:00+00:00,76699.0,76767.0,76639.0,76679.0,187.01259,1965
2026-09-17 16:30:00+00:00,76679.0,76679.0,76506.0,76678.0,190.06023,2429
2026-09-17 16:45:00+00:00,76678.0,76730.0,76571.0,76729.0,140.55008,2298
2026-09-17 17:00:00+00:00,76730.0,76894.0,76712.0,76781.0,302.34915,3391
2026-09-17 17:15:00+00:00,76781.0,76924.0,76744.0,76892.0,456.54128,2531
2026-09-17 17:30:00+00:00,76893.0,76943.0,76679.0,76680.0,202.59736,2518
2026-09-17 17:45:00+00:00,76680.0,76680.0,76557.0,76641.0,346.65443,2877
2026-09-17 18:00:00+00:00,76641.0,76699.0,76616.0,76698.0,80.3713,1593
2026-09-17 18:15:00+00:00,76698.0,76750.0,76695.0,76713.0,118.26995,1660
2026-09-17 18:30:00+00:00,76714.0,76731.0,76429.0,76581.0,261.08203,2953
2026-09-17 18:45:00+00:00,76581.0,76657.0,76542.0,76542.0,183.6614,1887
2026-09-17 19:00:00+00:00,76543.0,76600.0,76520.0,76524.0,97.19824,1726
2026-09-17 19:15:00+00:00,76524.0,76601.0,76470.0,76555.0,120.42654,1770
2026-09-17 19:30:00+00:00,76556.0,76598.0,76498.0,76573.0,170.19937,1705
2026-09-17 19:45:00+00:00,76573.0,76652.0,76476.0,76557.0,146.91322,2134
2026-09-17 20:00:00+00:00,76557.0,76631.0,76503.0,76606.0,72.19686,1547
2026-09-17 20:15:00+00:00,76607.0,76709.0,76569.0,76687.0,43.75658,1480
2026-09-17 20:30:00+00:00,76688.0,76688.0,76469.0,76499.0,166.35719,2046
2026-09-17 20:45:00+00:00,76499.0,76520.0,76466.0,76518.0,46.53255,1379
2026-09-17 21:00:00+00:00,76518.0,76583.0,76457.0,76476.0,66.60981,1603
2026-09-17 21:15:00+00:00,76477.0,76547.0,76468.0,76532.0,95.26511,1396
2026-09-17 21:30:00+00:00,76533.0,76549.0,76497.0,76497.0,56.37018,1195
2026-09-17 21:45:00+00:00,76498.0,76498.0,76363.0,76378.0,293.48288,2570
2026-09-17 22:00:00+00:00,76379.0,76426.0,76303.0,76336.0,214.68696,2442
2026-09-17 22:15:00+00:00,76337.0,76337.0,76210.0,76238.0,220.66209,2704
2026-09-17 22:30:00+00:00,76239.0,76421.0,76225.0,76389.0,87.44605,1846
2026-09-17 22:45:00+00:00,76390.0,76404.0,76289.0,76388.0,113.11098,1741
2026-09-17 23:00:00+00:00,76388.0,76478.0,76353.0,76463.0,87.16047,1744
2026-09-17 23:15:00+00:00,76464.0,76478.0,76430.0,76460.0,161.39655,1567
2026-09-17 23:30:00+00:00,76461.0,76461.0,76357.0,76402.0,66.76562,1481
2026-09-17 23:45:00+00:00,76403.0,76466.0,76375.0,76396.0,24.67431,1194
2026-09-18 00:00:00+00:00,76397.0,76433.0,76343.0,76432.0,88.10664,1787
2026-09-18 00:15:00+00:00,76433.0,76433.0,76259.0,76344.0,80.97583,1776
2026-09-18 00:30:00+00:00,76344.0,76410.0,76307.0,76401.0,93.06879,1784
2026-09-18 00:45:00+00:00,76402.0,76567.0,76366.0,76565.0,250.48887,2349
2026-09-18 01:00:00+00:00,76565.0,76650.0,76517.0,76525.0,220.97866,2455
2026-09-18 01:15:00+00:00,76526.0,76616.0,76486.0,76561.0,19.01721,1239
2026-09-18 01:30:00+00:00,76562.0,76686.0,76544.0,76658.0,69.79095,1574
2026-09-18 01:45:00+00:00,76659.0,76727.0,76657.0,76706.0,131.34152,2068
2026-09-18 02:00:00+00:00,76707.0,76775.0,76606.0,76720.0,115.02684,2038
2026-09-18 02:15:00+00:00,76721.0,76884.0,76711.0,76883.0,164.79887,2326
2026-09-18 02:30:00+00:00,76884.0,76993.0,76883.0,76901.0,206.63503,2867
2026-09-18 02:45:00+00:00,76902.0,76996.0,76873.0,76945.0,73.2659,1581
2026-09-18 03:00:00+00:00,76946.0,77286.0,76941.0,77285.0,1006.22687,6427
2026-09-18 03:15:00+00:00,77286.0,77570.0,77248.0,77393.0,907.85247,8320
2026-09-18 03:30:00+00:00,77393.0,77460.0,77288.0,77304.0,231.46847,2637
2026-09-18 03:45:00+00:00,77305.0,77434.0,77304.0,77346.0,268.12887,2447
2026-09-18 04:00:00+00:00,77346.0,77384.0,77187.0,77253.0,398.8445,3218
2026-09-18 04:15:00+00:00,77253.0,77342.0,77215.0,77251.0,138.26892,2006
2026-09-18 04:30:00+00:00,77251.0,77397.0,77190.0,77397.0,128.69079,1852
2026-09-18 04:45:00+00:00,77397.0,77533.0,77311.0,77533.0,113.35688,2085
2026-09-18 05:00:00+00:00,77533.0,77643.0,77420.0,77495.0,380.10207,4121
2026-09-18 05:15:00+00:00,77496.0,77587.0,77405.0,77571.0,244.02183,2576
2026-09-18 05:30:00+00:00,77571.0,77683.0,77484.0,77553.0,534.1408,3844
2026-09-18 05:45:00+00:00,77553.0,77558.0,77422.0,77455.0,269.61802,2360
2026-09-18 06:00:00+00:00,77455.0,77569.0,77454.0,77462.0,148.06866,1907
2026-09-18 06:15:00+00:00,77462.0,77642.0,77446.0,77511.0,119.46652,2010
2026-09-18 06:30:00+00:00,77508.0,77545.0,77463.0,77491.0,46.6931,1404
2026-09-18 06:45:00+00:00,77491.0,77574.0,77369.0,77571.0,96.18346,2025
2026-09-18 07:00:00+00:00,77564.0,77746.0,77542.0,77592.0,331.21904,4039
2026-09-18 07:15:00+00:00,77592.0,77809.0,77577.0,77768.0,599.45385,4319
2026-09-18 07:30:00+00:00,77769.0,77820.0,77713.0,77800.0,229.83052,2498
2026-09-18 07:45:00+00:00,77801.0,77804.0,77689.0,77777.0,407.65285,2765
2026-09-18 08:00:00+00:00,77777.0,77945.0,77638.0,77748.0,736.74795,5352
2026-09-18 08:15:00+00:00,77747.0,78045.0,77730.0,77932.0,626.44358,5024
2026-09-18 08:30:00+00:00,77932.0,77999.0,77864.0,77948.0,311.98847,3204
2026-09-18 08:45:00+00:00,77947.0,78263.0,77937.0,78254.0,463.86436,4221
2026-09-18 09:00:00+00:00,78254.0,78446.0,78205.0,78344.0,1281.48983,8814
2026-09-18 09:15:00+00:00,78344.0,78356.0,78126.0,78129.0,373.37337,3992
2026-09-18 09:30:00+00:00,78129.0,78130.0,78000.0,78033.0,422.97355,3832
2026-09-18 09:45:00+00:00,78032.0,78183.0,78028.0,78181.0,225.48647,2343
2026-09-18 10:00:00+00:00,78182.0,78194.0,78084.0,78177.0,292.42493,2309
2026-09-18 10:15:00+00:00,78177.0,78254.0,78138.0,78254.0,98.73125,1871
2026-09-18 10:30:00+00:00,78254.0,78286.0,78177.0,78209.0,139.04491,2211
2026-09-18 10:45:00+00:00,78209.0,78355.0,78196.0,78265.0,411.39389,4407
2026-09-18 11:00:00+00:00,78265.0,78419.0,78020.0,78093.0,836.02059,5216
2026-09-18 11:15:00+00:00,78093.0,78141.0,78020.0,78026.0,257.48343,2941
2026-09-18 11:30:00+00:00,78026.0,78152.0,78004.0,78011.0,414.33693,3002
2026-09-18 11:45:00+00:00,78010.0,78088.0,78003.0,78039.0,199.45126,2267
2026-09-18 12:00:00+00:00,78039.0,78098.0,78000.0,78065.0,911.76029,4266
2026-09-18 12:15:00+00:00,78066.0,78095.0,78000.0,78005.0,477.70701,3769
2026-09-18 12:30:00+00:00,78006.0,78168.0,78000.0,78101.0,314.50556,3370
2026-09-18 12:45:00+00:00,78100.0,78127.0,78020.0,78025.0,131.90668,2320
2026-09-18 13:00:00+00:00,78026.0,78069.0,78000.0,78016.0,498.83241,4682
2026-09-18 13:15:00+00:00,78015.0,78166.0,78015.0,78166.0,555.85738,3368
2026-09-18 13:30:00+00:00,78166.0,79324.0,78133.0,79293.0,3580.7784,24122
2026-09-18 13:45:00+00:00,79293.0,80509.0,79220.0,80061.0,5055.54408,34174
2026-09-18 14:00:00+00:00,80062.0,80597.0,80061.0,80289.0,1964.7781,16959
2026-09-18 14:15:00+00:00,80290.0,80994.0,80290.0,80708.0,2502.65744,18254
2026-09-18 14:30:00+00:00,80708.0,80825.0,80496.0,80790.0,1339.76587,10379
2026-09-18 14:45:00+00:00,80790.0,80981.0,80714.0,80945.0,738.55915,7955
2026-09-18 15:00:00+00:00,80945.0,81055.0,80572.0,80775.0,1131.84018,10430
2026-09-18 15:15:00+00:00,80776.0,81147.0,80772.0,80965.0,1161.48412,9565
2026-09-18 15:30:00+00:00,80966.0,80985.0,80654.0,80654.0,611.94006,6592
2026-09-18 15:45:00+00:00,80655.0,80825.0,80501.0,80728.0,670.12317,6006
2026-09-18 16:00:00+00:00,80728.0,80991.0,80685.0,80991.0,1197.31585,8408
2026-09-18 16:15:00+00:00,80990.0,81110.0,80884.0,81079.0,1357.29759,9318
2026-09-18 16:30:00+00:00,81080.0,81292.0,80923.0,81019.0,812.514,8480
2026-09-18 16:45:00+00:00,81019.0,81019.0,80784.0,80876.0,430.549,5197
2026-09-18 17:00:00+00:00,80877.0,80929.0,80781.0,80917.0,366.69575,5568
2026-09-18 17:15:00+00:00,80917.0,80967.0,80664.0,80767.0,491.71232,4760
2026-09-18 17:30:00+00:00,80766.0,80800.0,80594.0,80799.0,234.93459,3742
2026-09-18 17:45:00+00:00,80799.0,81042.0,80785.0,81041.0,316.00181,3889
2026-09-18 18:00:00+00:00,81041.0,81041.0,80827.0,80889.0,196.58039,3153
2026-09-18 18:15:00+00:00,80888.0,81023.0,80832.0,81023.0,181.22863,2726
2026-09-18 18:30:00+00:00,81022.0,81182.0,80940.0,80959.0,583.12877,5101
2026-09-18 18:45:00+00:00,80959.0,81100.0,80906.0,80962.0,184.32299,3009
2026-09-18 19:00:00+00:00,80962.0,81240.0,80930.0,81218.0,497.817,4340
2026-09-18 19:15:00+00:00,81219.0,81440.0,81136.0,81284.0,694.94591,6667
2026-09-18 19:30:00+00:00,81283.0,81284.0,81077.0,81262.0,295.86635,3366
2026-09-18 19:45:00+00:00,81262.0,81372.0,81152.0,81228.0,389.69874,4055
2026-09-18 20:00:00+00:00,81227.0,81259.0,80977.0,81098.0,279.59126,3874
2026-09-18 20:15:00+00:00,81097.0,81248.0,80973.0,81044.0,310.79041,3274
2026-09-18 20:30:00+00:00,81045.0,81206.0,80973.0,81195.0,194.79831,2450
2026-09-18 20:45:00+00:00,81194.0,81214.0,81094.0,81137.0,128.81015,1963
2026-09-18 21:00:00+00:00,81137.0,81306.0,81116.0,81292.0,184.69962,2563
2026-09-18 21:15:00+00:00,81291.0,81306.0,81128.0,81213.0,81.6337,2100
2026-09-18 21:30:00+00:00,81213.0,81321.0,81166.0,81242.0,230.73522,2292
2026-09-18 21:45:00+00:00,81241.0,81280.0,81178.0,81260.0,116.97737,2029
2026-09-18 22:00:00+00:00,81260.0,81409.0,81231.0,81273.0,281.82499,2882
2026-09-18 22:15:00+00:00,81274.0,81377.0,81273.0,81281.0,159.36236,1841
2026-09-18 22:30:00+00:00,81280.0,81281.0,81095.0,81155.0,401.28122,3082
2026-09-18 22:45:00+00:00,81154.0,81180.0,81122.0,81158.0,116.61592,1957
2026-09-18 23:00:00+00:00,81159.0,81228.0,81120.0,81196.0,202.5437,2274
2026-09-18 23:15:00+00:00,81196.0,81223.0,81016.0,81020.0,182.61962,1944
2026-09-18 23:30:00+00:00,81019.0,81045.0,80887.0,80930.0,227.88044,2699
2026-09-18 23:45:00+00:00,80930.0,81012.0,80910.0,80916.0,342.28721,2568
2026-09-19 00:00:00+00:00,80917.0,81009.0,80873.0,81009.0,130.60817,2301
2026-09-19 00:15:00+00:00,81008.0,81134.0,81000.0,81134.0,154.53206,2292
2026-09-19 00:30:00+00:00,81133.0,81375.0,81133.0,81375.0,353.40429,3294
2026-09-19 00:45:00+00:00,81375.0,81735.0,81297.0,81730.0,920.67407,7243
2026-09-19 01:00:00+00:00,81729.0,81799.0,81316.0,81327.0,580.70861,5641
2026-09-19 01:15:00+00:00,81327.0,81364.0,81150.0,81305.0,225.75368,2957
2026-09-19 01:30:00+00:00,81305.0,81318.0,81091.0,81214.0,144.71621,2154
2026-09-19 01:45:00+00:00,81213.0,81479.0,81213.0,81320.0,125.73976,2310
2026-09-19 02:00:00+00:00,81319.0,81469.0,81301.0,81416.0,239.51798,2186
2026-09-19 02:15:00+00:00,81416.0,81486.0,81362.0,81393.0,167.41718,2066
2026-09-19 02:30:00+00:00,81392.0,81480.0,81338.0,81362.0,56.24286,1468
2026-09-19 02:45:00+00:00,81363.0,81369.0,81311.0,81333.0,121.9409,1514
2026-09-19 03:00:00+00:00,81335.0,81444.0,81319.0,81325.0,79.00897,1535
2026-09-19 03:15:00+00:00,81324.0,81325.0,81179.0,81182.0,77.52307,1869
2026-09-19 03:30:00+00:00,81182.0,81219.0,81164.0,81211.0,48.11578,1170
2026-09-19 03:45:00+00:00,81210.0,81226.0,81168.0,81168.0,59.18468,1108
2026-09-19 04:00:00+00:00,81168.0,81256.0,81149.0,81252.0,49.77884,1286
2026-09-19 04:15:00+00:00,81251.0,81266.0,81162.0,81178.0,96.49918,1440
2026-09-19 04:30:00+00:00,81177.0,81178.0,80960.0,81015.0,251.18986,3259
2026-09-19 04:45:00+00:00,81015.0,81067.0,80980.0,81067.0,37.16465,1241
2026-09-19 05:00:00+00:00,81066.0,81174.0,81065.0,81088.0,51.92603,1441
2026-09-19 05:15:00+00:00,81088.0,81185.0,81065.0,81109.0,38.73738,1089
2026-09-19 05:30:00+00:00,81109.0,81155.0,81061.0,81067.0,66.98376,1328
2026-09-19 05:45:00+00:00,81066.0,81115.0,81051.0,81082.0,45.74501,1360
2026-09-19 06:00:00+00:00,81081.0,81107.0,81044.0,81047.0,41.68089,1326
2026-09-19 06:15:00+00:00,81046.0,81094.0,80984.0,81010.0,74.07769,1330
2026-09-19 06:30:00+00:00,81009.0,81144.0,81009.0,81117.0,90.02301,1616
2026-09-19 06:45:00+00:00,81116.0,81150.0,81074.0,81097.0,67.14402,1289
2026-09-19 07:00:00+00:00,81097.0,81214.0,81097.0,81213.0,76.47411,1252
2026-09-19 07:15:00+00:00,81214.0,81320.0,81130.0,81160.0,216.64887,2528
2026-09-19 07:30:00+00:00,81160.0,81177.0,81092.0,81110.0,33.84112,1230
2026-09-19 07:45:00+00:00,81110.0,81226.0,81079.0,81151.0,47.54018,1305
2026-09-19 08:00:00+00:00,81151.0,81286.0,81120.0,81286.0,67.29638,1650
2026-09-19 08:15:00+00:00,81285.0,81458.0,81253.0,81348.0,141.75977,2397
2026-09-19 08:30:00+00:00,81349.0,81388.0,81328.0,81352.0,107.59817,1504
2026-09-19 08:45:00+00:00,81352.0,81432.0,81326.0,81361.0,84.75149,1883
2026-09-19 09:00:00+00:00,81360.0,81574.0,81328.0,81485.0,225.12281,2920
2026-09-19 09:15:00+00:00,81484.0,81547.0,81435.0,81460.0,71.3392,1877
2026-09-19 09:30:00+00:00,81459.0,81489.0,81294.0,81309.0,100.12868,2296
2026-09-19 09:45:00+00:00,81310.0,81384.0,81309.0,81378.0,48.5155,1088
2026-09-19 10:00:00+00:00,81372.0,81375.0,81278.0,81348.0,39.98749,1211
2026-09-19 10:15:00+00:00,81347.0,81364.0,81297.0,81328.0,18.97327,1060
2026-09-19 10:30:00+00:00,81329.0,81343.0,81263.0,81295.0,52.60705,1291
2026-09-19 10:45:00+00:00,81295.0,81363.0,81250.0,81257.0,71.77391,1400
2026-09-19 11:00:00+00:00,81256.0,81416.0,81247.0,81353.0,242.36064,1812
2026-09-19 11:15:00+00:00,81353.0,81380.0,81302.0,81303.0,321.42327,1768
2026-09-19 11:30:00+00:00,81303.0,81333.0,81276.0,81329.0,31.95756,1030
2026-09-19 11:45:00+00:00,81329.0,81359.0,81322.0,81352.0,54.98469,972
2026-09-19 12:00:00+00:00,81351.0,81380.0,81317.0,81380.0,121.95685,1499
2026-09-19 12:15:00+00:00,81380.0,81380.0,81259.0,81260.0,95.95345,1468
2026-09-19 12:30:00+00:00,81260.0,81328.0,81259.0,81320.0,81.45009,1075
2026-09-19 12:45:00+00:00,81320.0,81380.0,81276.0,81374.0,36.59194,1149
2026-09-19 13:00:00+00:00,81374.0,81374.0,81212.0,81283.0,46.72914,1438
2026-09-19 13:15:00+00:00,81282.0,81373.0,81267.0,81269.0,60.80208,1295
2026-09-19 13:30:00+00:00,81269.0,81324.0,81236.0,81287.0,89.71771,1218
2026-09-19 13:45:00+00:00,81286.0,81398.0,81256.0,81385.0,583.05609,3585
2026-09-19 14:00:00+00:00,81385.0,81475.0,81364.0,81418.0,344.5716,4856
2026-09-19 14:15:00+00:00,81418.0,81611.0,81418.0,81611.0,225.64633,2567
2026-09-19 14:30:00+00:00,81611.0,81672.0,81510.0,81565.0,337.48679,2467
2026-09-19 14:45:00+00:00,81565.0,81656.0,81522.0,81617.0,223.64361,2258
2026-09-19 15:00:00+00:00,81617.0,81784.0,81603.0,81728.0,466.45862,4230
2026-09-19 15:15:00+00:00,81729.0,81800.0,81582.0,81596.0,443.49401,3443
2026-09-19 15:30:00+00:00,81597.0,81996.0,81596.0,81959.0,932.89454,6464
2026-09-19 15:45:00+00:00,81958.0,81959.0,81644.0,81687.0,398.47464,3269
2026-09-19 16:00:00+00:00,81687.0,81816.0,81511.0,81798.0,595.36123,3930
2026-09-19 16:15:00+00:00,81799.0,81926.0,81775.0,81850.0,302.99215,2908
2026-09-19 16:30:00+00:00,81851.0,81942.0,81850.0,81889.0,129.7029,2532
2026-09-19 16:45:00+00:00,81889.0,81893.0,81864.0,81870.0,60.93932,1792
2026-09-19 17:00:00+00:00,81869.0,81892.0,81745.0,81745.0,168.08486,2240
2026-09-19 17:15:00+00:00,81745.0,81847.0,81462.0,81558.0,452.66941,4009
2026-09-19 17:30:00+00:00,81557.0,81628.0,81488.0,81539.0,88.75917,2200
2026-09-19 17:45:00+00:00,81538.0,81575.0,81480.0,81498.0,78.54294,1732
2026-09-19 18:00:00+00:00,81498.0,81569.0,81341.0,81404.0,233.55739,2696
2026-09-19 18:15:00+00:00,81403.0,81523.0,81354.0,81475.0,177.03889,2069
2026-09-19 18:30:00+00:00,81474.0,81550.0,81410.0,81512.0,65.32888,1803
2026-09-19 18:45:00+00:00,81511.0,81516.0,81432.0,81459.0,97.29963,1402
2026-09-19 19:00:00+00:00,81458.0,81492.0,81408.0,81415.0,93.33261,1425
2026-09-19 19:15:00+00:00,81414.0,81487.0,81386.0,81436.0,75.62193,1540
2026-09-19 19:30:00+00:00,81435.0,81436.0,81351.0,81351.0,48.0281,1159
2026-09-19 19:45:00+00:00,81351.0,81429.0,81348.0,81382.0,66.89085,1263
2026-09-19 20:00:00+00:00,81382.0,81471.0,81382.0,81456.0,73.86073,1551
2026-09-19 20:15:00+00:00,81455.0,81456.0,81288.0,81288.0,301.84293,2309
2026-09-19 20:30:00+00:00,81287.0,81314.0,81272.0,81313.0,508.91968,3213
2026-09-19 20:45:00+00:00,81313.0,81313.0,81097.0,81180.0,297.27159,3122
2026-09-19 21:00:00+00:00,81180.0,81253.0,81027.0,81027.0,155.43692,2335
2026-09-19 21:15:00+00:00,81027.0,81096.0,80933.0,81090.0,245.99962,3087
2026-09-19 21:30:00+00:00,81090.0,81096.0,80962.0,81045.0,153.26522,2270
2026-09-19 21:45:00+00:00,81044.0,81184.0,81044.0,81119.0,92.36534,1729
2026-09-19 22:00:00+00:00,81119.0,81126.0,81000.0,81029.0,79.94769,1828
2026-09-19 22:15:00+00:00,81028.0,81113.0,81028.0,81098.0,36.734,1129
2026-09-19 22:30:00+00:00,81089.0,81275.0,81089.0,81266.0,114.75288,1712
2026-09-19 22:45:00+00:00,81266.0,81289.0,81232.0,81287.0,57.56803,904
2026-09-19 23:00:00+00:00,81286.0,81318.0,81265.0,81318.0,91.04344,1079
2026-09-19 23:15:00+00:00,81317.0,81345.0,81252.0,81328.0,77.53051,1254
2026-09-19 23:30:00+00:00,81327.0,81403.0,81303.0,81304.0,68.78117,1352
2026-09-19 23:45:00+00:00,81303.0,81356.0,81289.0,81292.0,64.82591,1238
2026-09-20 00:00:00+00:00,81292.0,81320.0,81240.0,81320.0,64.96383,1480
2026-09-20 00:15:00+00:00,81320.0,81364.0,81233.0,81351.0,295.3612,1891
2026-09-20 00:30:00+00:00,81351.0,81355.0,81294.0,81355.0,85.11087,1178
2026-09-20 00:45:00+00:00,81355.0,81355.0,81312.0,81330.0,10.89972,739
2026-09-20 01:00:00+00:00,81328.0,81328.0,81151.0,81153.0,141.10227,1772
2026-09-20 01:15:00+00:00,81154.0,81239.0,81124.0,81142.0,58.90247,1472
2026-09-20 01:30:00+00:00,81142.0,81148.0,81044.0,81092.0,278.65183,2075
2026-09-20 01:45:00+00:00,81092.0,81144.0,81058.0,81125.0,50.24304,1145
2026-09-20 02:00:00+00:00,81125.0,81176.0,81108.0,81176.0,151.20187,1471
2026-09-20 02:15:00+00:00,81176.0,81185.0,81000.0,81001.0,102.76733,1464
2026-09-20 02:30:00+00:00,81001.0,81015.0,80577.0,80589.0,644.43845,5231
2026-09-20 02:45:00+00:00,80589.0,80720.0,80277.0,80360.0,987.59219,8821
2026-09-20 03:00:00+00:00,80360.0,80549.0,80234.0,80267.0,1013.40941,6130
2026-09-20 03:15:00+00:00,80267.0,80550.0,80148.0,80396.0,633.93122,5449
2026-09-20 03:30:00+00:00,80396.0,80429.0,80302.0,80400.0,237.34384,2711
2026-09-20 03:45:00+00:00,80400.0,80531.0,80345.0,80511.0,74.79915,1998
2026-09-20 04:00:00+00:00,80512.0,80542.0,80391.0,80453.0,141.30234,2302
2026-09-20 04:15:00+00:00,80453.0,80548.0,80340.0,80444.0,160.85586,2230
2026-09-20 04:30:00+00:00,80444.0,80502.0,80400.0,80400.0,120.23996,1943
2026-09-20 04:45:00+00:00,80401.0,80500.0,80330.0,80452.0,157.4309,2386
2026-09-20 05:00:00+00:00,80452.0,80650.0,80420.0,80613.0,157.58564,2592
2026-09-20 05:15:00+00:00,80612.0,80613.0,80469.0,80556.0,77.43715,2087
2026-09-20 05:30:00+00:00,80556.0,80634.0,80467.0,80541.0,45.83758,1492
2026-09-20 05:45:00+00:00,80540.0,80567.0,80467.0,80501.0,34.27471,1335
2026-09-20 06:00:00+00:00,80500.0,80548.0,80437.0,80534.0,109.51505,1974
2026-09-20 06:15:00+00:00,80534.0,80616.0,80470.0,80471.0,68.47322,1587
2026-09-20 06:30:00+00:00,80471.0,80486.0,80279.0,80396.0,149.1926,2119
2026-09-20 06:45:00+00:00,80396.0,80448.0,80224.0,80321.0,130.0619,2260
2026-09-20 07:00:00+00:00,80321.0,80377.0,80313.0,80361.0,78.35559,1454
2026-09-20 07:15:00+00:00,80360.0,80429.0,80296.0,80412.0,74.56129,1414
2026-09-20 07:30:00+00:00,80412.0,80412.0,80303.0,80364.0,119.71669,1607
2026-09-20 07:45:00+00:00,80358.0,80399.0,80326.0,80327.0,49.79892,1149
2026-09-20 08:00:00+00:00,80327.0,80465.0,80320.0,80431.0,34.63732,1481
2026-09-20 08:15:00+00:00,80431.0,80440.0,80378.0,80387.0,39.17705,1176
2026-09-20 08:30:00+00:00,80387.0,80423.0,80240.0,80261.0,229.18049,2083
2026-09-20 08:45:00+00:00,80261.0,80290.0,80172.0,80276.0,410.97458,2642
2026-09-20 09:00:00+00:00,80276.0,80327.0,80252.0,80274.0,35.86584,1172
2026-09-20 09:15:00+00:00,80274.0,80410.0,80262.0,80392.0,80.53599,1321
2026-09-20 09:30:00+00:00,80393.0,80587.0,80392.0,80557.0,168.69683,2349
2026-09-20 09:45:00+00:00,80556.0,80557.0,80464.0,80464.0,46.42897,1294
2026-09-20 10:00:00+00:00,80465.0,80519.0,80326.0,80402.0,330.08914,2138
2026-09-20 10:15:00+00:00,80401.0,80445.0,80333.0,80385.0,50.17078,1167
2026-09-20 10:30:00+00:00,80385.0,80430.0,80315.0,80354.0,73.91718,1371
2026-09-20 10:45:00+00:00,80354.0,80389.0,80312.0,80313.0,74.15059,1285
2026-09-20 11:00:00+00:00,80312.0,80412.0,80279.0,80352.0,60.12846,1676
2026-09-20 11:15:00+00:00,80352.0,80379.0,80294.0,80368.0,36.90595,1426
2026-09-20 11:30:00+00:00,80368.0,80488.0,80368.0,80459.0,389.24421,2514
2026-09-20 11:45:00+00:00,80459.0,80540.0,80451.0,80490.0,141.3114,1798
2026-09-20 12:00:00+00:00,80490.0,80540.0,80438.0,80504.0,89.68541,1674
2026-09-20 12:15:00+00:00,80504.0,80510.0,80373.0,80374.0,62.9581,1338
2026-09-20 12:30:00+00:00,80374.0,80377.0,80333.0,80366.0,75.766,1386
2026-09-20 12:45:00+00:00,80365.0,80509.0,80365.0,80503.0,125.12578,1563
2026-09-20 13:00:00+00:00,80503.0,80664.0,80497.0,80571.0,338.75158,2853
2026-09-20 13:15:00+00:00,80571.0,80579.0,80497.0,80528.0,120.35108,1438
2026-09-20 13:30:00+00:00,80528.0,80571.0,80437.0,80571.0,86.35729,1320
2026-09-20 13:45:00+00:00,80571.0,80594.0,80549.0,80585.0,62.10195,1028
2026-09-20 14:00:00+00:00,80585.0,80800.0,80584.0,80599.0,341.65739,5141
2026-09-20 14:15:00+00:00,80599.0,80599.0,80414.0,80541.0,295.15468,2783
2026-09-20 14:30:00+00:00,80541.0,80679.0,80502.0,80652.0,263.01198,2384
2026-09-20 14:45:00+00:00,80651.0,80784.0,80626.0,80689.0,94.15704,1664
2026-09-20 15:00:00+00:00,80689.0,80926.0,80689.0,80766.0,375.76745,4204
2026-09-20 15:15:00+00:00,80765.0,80899.0,80670.0,80671.0,110.65247,2144
2026-09-20 15:30:00+00:00,80670.0,80888.0,80670.0,80855.0,79.47826,1942
2026-09-20 15:45:00+00:00,80856.0,80983.0,80849.0,80929.0,310.93466,3129
2026-09-20 16:00:00+00:00,80930.0,81222.0,80801.0,81179.0,1036.29683,6677
2026-09-20 16:15:00+00:00,81180.0,81303.0,81048.0,81199.0,570.41702,4761
2026-09-20 16:30:00+00:00,81199.0,81505.0,81105.0,81410.0,962.37295,7722
2026-09-20 16:45:00+00:00,81411.0,81494.0,81255.0,81374.0,362.3645,4684
2026-09-20 17:00:00+00:00,81374.0,81484.0,81181.0,81261.0,177.14532,3526
2026-09-20 17:15:00+00:00,81261.0,81358.0,81163.0,81184.0,195.69619,3208
2026-09-20 17:30:00+00:00,81185.0,81443.0,81184.0,81416.0,98.33469,2346
2026-09-20 17:45:00+00:00,81417.0,81443.0,81086.0,81179.0,198.09303,3040
2026-09-20 18:00:00+00:00,81179.0,81229.0,81050.0,81127.0,207.76739,2818
2026-09-20 18:15:00+00:00,81128.0,81296.0,81128.0,81296.0,56.67332,1712
2026-09-20 18:30:00+00:00,81296.0,81341.0,81196.0,81237.0,102.89907,1869
2026-09-20 18:45:00+00:00,81238.0,81242.0,81046.0,81054.0,147.57847,2075
2026-09-20 19:00:00+00:00,81055.0,81156.0,81055.0,81119.0,97.54056,1535
2026-09-20 19:15:00+00:00,81119.0,81140.0,81087.0,81140.0,55.50736,1269
2026-09-20 19:30:00+00:00,81140.0,81315.0,81139.0,81253.0,108.17006,2058
2026-09-20 19:45:00+00:00,81254.0,81316.0,81176.0,81207.0,91.82881,1846
2026-09-20 20:00:00+00:00,81207.0,81249.0,81178.0,81178.0,56.6489,1394
2026-09-20 20:15:00+00:00,81179.0,81249.0,81120.0,81235.0,160.14019,1745
2026-09-20 20:30:00+00:00,81237.0,81237.0,81097.0,81158.0,63.06857,1215
2026-09-20 20:45:00+00:00,81158.0,81247.0,81092.0,81102.0,76.16959,1492
2026-09-20 21:00:00+00:00,81103.0,81103.0,80587.0,80790.0,797.08399,6433
2026-09-20 21:15:00+00:00,80788.0,80951.0,80787.0,80911.0,178.79058,2309
2026-09-20 21:30:00+00:00,80911.0,80963.0,80815.0,80815.0,303.43809,2281
2026-09-20 21:45:00+00:00,80816.0,80986.0,80812.0,80965.0,159.53034,1975
2026-09-20 22:00:00+00:00,80965.0,81343.0,80815.0,81326.0,465.69121,4363
2026-09-20 22:15:00+00:00,81327.0,81332.0,81101.0,81194.0,193.35677,2614
2026-09-20 22:30:00+00:00,81203.0,81312.0,81160.0,81160.0,189.20453,2347
2026-09-20 22:45:00+00:00,81161.0,81312.0,81149.0,81261.0,179.66491,1896
2026-09-20 23:00:00+00:00,81261.0,81294.0,81169.0,81204.0,61.69689,1601
2026-09-20 23:15:00+00:00,81205.0,81343.0,81200.0,81200.0,131.5791,1908
2026-09-20 23:30:00+00:00,81201.0,81337.0,81164.0,81301.0,101.04155,1781
2026-09-20 23:45:00+00:00,81304.0,81374.0,81197.0,81221.0,172.39943,1821
2026-09-21 00:00:00+00:00,81221.0,81754.0,81207.0,81709.0,896.64618,8065
2026-09-21 00:15:00+00:00,81709.0,81869.0,81551.0,81775.0,732.64293,6246
2026-09-21 00:30:00+00:00,81775.0,81877.0,81558.0,81736.0,387.76689,3728
2026-09-21 00:45:00+00:00,81737.0,81893.0,81635.0,81665.0,509.13966,4760
2026-09-21 01:00:00+00:00,81665.0,81845.0,81547.0,81836.0,360.49946,3551
2026-09-21 01:15:00+00:00,81837.0,82150.0,81547.0,81638.0,1229.13908,9193
2026-09-21 01:30:00+00:00,81638.0,81719.0,81330.0,81512.0,529.20528,4576
2026-09-21 01:45:00+00:00,81513.0,81533.0,80888.0,81037.0,1050.63657,7959
2026-09-21 02:00:00+00:00,81036.0,81408.0,80996.0,81408.0,322.37706,3786
2026-09-21 02:15:00+00:00,81407.0,81556.0,81345.0,81466.0,160.85311,2918
2026-09-21 02:30:00+00:00,81465.0,81466.0,81205.0,81295.0,442.61252,3667
2026-09-21 02:45:00+00:00,81295.0,81442.0,81248.0,81357.0,324.0324,3209
2026-09-21 03:00:00+00:00,81356.0,81500.0,81290.0,81352.0,156.27345,2814
2026-09-21 03:15:00+00:00,81352.0,81543.0,81352.0,81477.0,158.81185,2875
2026-09-21 03:30:00+00:00,81476.0,81626.0,81476.0,81502.0,120.41118,2900
2026-09-21 03:45:00+00:00,81501.0,81542.0,81408.0,81464.0,113.78412,2281
2026-09-21 04:00:00+00:00,81463.0,81507.0,81311.0,81318.0,146.60072,2687
2026-09-21 04:15:00+00:00,81317.0,81382.0,81274.0,81340.0,101.21692,1882
2026-09-21 04:30:00+00:00,81339.0,81463.0,81255.0,81463.0,76.68559,1981
2026-09-21 04:45:00+00:00,81462.0,81551.0,81419.0,81438.0,39.99586,1840
2026-09-21 05:00:00+00:00,81437.0,81463.0,81339.0,81366.0,63.11746,1752
2026-09-21 05:15:00+00:00,81366.0,81684.0,81366.0,81620.0,85.65347,2202
2026-09-21 05:30:00+00:00,81619.0,81837.0,81619.0,81658.0,287.81548,3231
2026-09-21 05:45:00+00:00,81657.0,81710.0,81561.0,81593.0,78.7449,1921
2026-09-21 06:00:00+00:00,81592.0,81738.0,81579.0,81710.0,158.66708,2349
2026-09-21 06:15:00+00:00,81709.0,81902.0,81709.0,81846.0,207.4774,2857
2026-09-21 06:30:00+00:00,81845.0,81880.0,81445.0,81445.0,251.46531,2979
2026-09-21 06:45:00+00:00,81444.0,81790.0,81440.0,81688.0,336.29597,3049
2026-09-21 07:00:00+00:00,81687.0,81721.0,81509.0,81596.0,52.47373,1850
2026-09-21 07:15:00+00:00,81595.0,81700.0,81573.0,81658.0,42.50236,1598
2026-09-21 07:30:00+00:00,81657.0,81658.0,81515.0,81555.0,105.9586,1998
2026-09-21 07:45:00+00:00,81554.0,81772.0,81530.0,81768.0,49.40387,1670
2026-09-21 08:00:00+00:00,81767.0,82045.0,81767.0,81938.0,378.44991,4824
2026-09-21 08:15:00+00:00,81938.0,82337.0,81911.0,82297.0,886.62166,8197
2026-09-21 08:30:00+00:00,82296.0,84371.0,82235.0,83606.0,5229.77599,38259
2026-09-21 08:45:00+00:00,83605.0,83984.0,83373.0,83849.0,1420.23247,15319
2026-09-21 09:00:00+00:00,83845.0,84150.0,83775.0,84000.0,967.88111,10279
2026-09-21 09:15:00+00:00,84000.0,84777.0,83981.0,84552.0,1457.10047,14739
2026-09-21 09:30:00+00:00,84551.0,85500.0,84435.0,85149.0,2636.42784,29441
2026-09-21 09:45:00+00:00,85149.0,85190.0,84665.0,84735.0,1210.92827,11282
2026-09-21 10:00:00+00:00,84734.0,84900.0,84600.0,84651.0,639.46701,6518
2026-09-21 10:15:00+00:00,84651.0,84817.0,84387.0,84409.0,1346.56314,8945
2026-09-21 10:30:00+00:00,84408.0,84506.0,84165.0,84303.0,1330.02332,9305
2026-09-21 10:45:00+00:00,84303.0,84491.0,84187.0,84478.0,277.69498,4278
2026-09-21 11:00:00+00:00,84477.0,84672.0,84432.0,84640.0,358.5479,5251
2026-09-21 11:15:00+00:00,84640.0,84734.0,84571.0,84699.0,209.93092,3721
2026-09-21 11:30:00+00:00,84699.0,84901.0,84654.0,84861.0,443.0372,4683
2026-09-21 11:45:00+00:00,84861.0,84950.0,84756.0,84921.0,310.28962,4398
2026-09-21 12:00:00+00:00,84921.0,85325.0,84865.0,85085.0,3779.12893,25691
2026-09-21 12:15:00+00:00,85085.0,85569.0,85069.0,85136.0,897.4587,12539
2026-09-21 12:30:00+00:00,85138.0,85500.0,85107.0,85355.0,721.72209,10897
2026-09-21 12:45:00+00:00,85354.0,85524.0,85235.0,85399.0,486.33702,6427
2026-09-21 13:00:00+00:00,85399.0,85514.0,85130.0,85233.0,684.59354,8555
2026-09-21 13:15:00+00:00,85232.0,85280.0,84969.0,84985.0,836.17794,7932
2026-09-21 13:30:00+00:00,84985.0,85288.0,84830.0,85121.0,1011.56511,11719
2026-09-21 13:45:00+00:00,85121.0,85910.0,85087.0,85524.0,1696.22968,17298
2026-09-21 14:00:00+00:00,85524.0,85595.0,85100.0,85358.0,1141.75765,14421
2026-09-21 14:15:00+00:00,85357.0,85850.0,85286.0,85782.0,608.27768,9150
2026-09-21 14:30:00+00:00,85781.0,86081.0,85628.0,85853.0,1281.61095,12837
2026-09-21 14:45:00+00:00,85852.0,86212.0,85752.0,85916.0,853.26524,10156
2026-09-21 15:00:00+00:00,85916.0,86439.0,85900.0,86353.0,911.68424,10609
2026-09-21 15:15:00+00:00,86352.0,86353.0,85900.0,85907.0,943.62071,6921
2026-09-21 15:30:00+00:00,85907.0,86204.0,85900.0,86189.0,1337.7511,8833
2026-09-21 15:45:00+00:00,86187.0,86241.0,85966.0,85985.0,404.72396,6610
2026-09-21 16:00:00+00:00,85985.0,86016.0,85758.0,85787.0,295.37748,5393
2026-09-21 16:15:00+00:00,85786.0,86051.0,85786.0,85905.0,189.02568,3890
2026-09-21 16:30:00+00:00,85905.0,86020.0,85660.0,85913.0,322.89332,4485
2026-09-21 16:45:00+00:00,85913.0,86188.0,85891.0,86011.0,406.63382,4571
2026-09-21 17:00:00+00:00,86010.0,86172.0,85950.0,86021.0,164.01363,3240
2026-09-21 17:15:00+00:00,86012.0,86050.0,85811.0,85936.0,444.2936,4449
2026-09-21 17:30:00+00:00,85936.0,86032.0,85888.0,85951.0,124.82718,2881
2026-09-21 17:45:00+00:00,85950.0,85960.0,85727.0,85946.0,617.45323,3771
2026-09-21 18:00:00+00:00,85946.0,86085.0,85867.0,86054.0,395.49747,4511
2026-09-21 18:15:00+00:00,86054.0,86139.0,85940.0,85976.0,516.95583,3655
2026-09-21 18:30:00+00:00,85976.0,86052.0,85857.0,85983.0,175.10742,2726
2026-09-21 18:45:00+00:00,85983.0,86151.0,85947.0,86122.0,272.98777,3219
2026-09-21 19:00:00+00:00,86121.0,86139.0,86037.0,86121.0,172.39766,2535
2026-09-21 19:15:00+00:00,86121.0,86493.0,86094.0,86426.0,778.09777,7200
2026-09-21 19:30:00+00:00,86426.0,86954.0,86380.0,86627.0,1786.47643,12533
2026-09-21 19:45:00+00:00,86627.0,86730.0,86559.0,86566.0,673.51511,5609
2026-09-21 20:00:00+00:00,86566.0,86887.0,86566.0,86816.0,257.22133,3728
2026-09-21 20:15:00+00:00,86815.0,87471.0,86762.0,87334.0,2097.34731,14584
2026-09-21 20:30:00+00:00,87333.0,87361.0,86942.0,86983.0,1632.28184,8763
2026-09-21 20:45:00+00:00,86982.0,87137.0,86910.0,87047.0,342.35072,4306
2026-09-21 21:00:00+00:00,87046.0,87047.0,86637.0,86637.0,492.88059,5135
2026-09-21 21:15:00+00:00,86637.0,86742.0,86590.0,86677.0,386.02651,4151
2026-09-21 21:30:00+00:00,86677.0,86899.0,86677.0,86829.0,223.49633,3317
2026-09-21 21:45:00+00:00,86828.0,86829.0,86620.0,86621.0,90.05725,2382
2026-09-21 22:00:00+00:00,86620.0,86749.0,86590.0,86672.0,184.93609,3158
2026-09-21 22:15:00+00:00,86672.0,86798.0,86403.0,86455.0,250.3003,3775
2026-09-21 22:30:00+00:00,86454.0,86634.0,86422.0,86460.0,137.16838,2759
2026-09-21 22:45:00+00:00,86460.0,86491.0,86338.0,86489.0,241.99169,3179
2026-09-21 23:00:00+00:00,86488.0,86737.0,86470.0,86692.0,150.70289,2892
2026-09-21 23:15:00+00:00,86692.0,86737.0,86535.0,86535.0,97.30736,2038
2026-09-21 23:30:00+00:00,86535.0,86583.0,86409.0,86515.0,85.29182,2412
2026-09-21 23:45:00+00:00,86514.0,86707.0,86480.0,86662.0,122.01368,2206
2026-09-22 00:00:00+00:00,86662.0,86680.0,86345.0,86509.0,189.32118,3378
2026-09-22 00:15:00+00:00,86508.0,86537.0,86359.0,86444.0,96.10195,3032
2026-09-22 00:30:00+00:00,86444.0,86549.0,86188.0,86401.0,280.65785,4268
2026-09-22 00:45:00+00:00,86400.0,86437.0,85892.0,85933.0,625.97364,7660
2026-09-22 01:00:00+00:00,85932.0,86017.0,85664.0,85831.0,737.96317,7162
2026-09-22 01:15:00+00:00,85828.0,85911.0,85440.0,85813.0,778.8732,6918
2026-09-22 01:30:00+00:00,85812.0,85877.0,85667.0,85727.0,316.73976,4182
2026-09-22 01:45:00+00:00,85726.0,85771.0,85570.0,85658.0,227.17608,3481
2026-09-22 02:00:00+00:00,85658.0,85740.0,85444.0,85630.0,509.92675,7285
2026-09-22 02:15:00+00:00,85630.0,85908.0,85562.0,85794.0,862.12095,5098
2026-09-22 02:30:00+00:00,85794.0,85900.0,85685.0,85861.0,199.7784,2898
2026-09-22 02:45:00+00:00,85861.0,85919.0,85715.0,85768.0,199.05141,3065
2026-09-22 03:00:00+00:00,85767.0,85800.0,85500.0,85573.0,216.57787,3287
2026-09-22 03:15:00+00:00,85573.0,85697.0,85342.0,85654.0,230.73215,3946
2026-09-22 03:30:00+00:00,85654.0,85660.0,85475.0,85540.0,204.55091,2916
2026-09-22 03:45:00+00:00,85540.0,85796.0,85519.0,85747.0,344.27214,2640
2026-09-22 04:00:00+00:00,85747.0,85791.0,85659.0,85680.0,206.22941,3159
2026-09-22 04:15:00+00:00,85679.0,85694.0,85555.0,85612.0,122.1596,2395
2026-09-22 04:30:00+00:00,85612.0,85667.0,85503.0,85574.0,129.97811,2494
2026-09-22 04:45:00+00:00,85574.0,85584.0,85470.0,85503.0,104.56386,2145
2026-09-22 05:00:00+00:00,85502.0,85559.0,85421.0,85461.0,164.96977,2842
2026-09-22 05:15:00+00:00,85461.0,85462.0,85203.0,85266.0,470.82584,4815
2026-09-22 05:30:00+00:00,85262.0,85480.0,85158.0,85478.0,296.23072,3971
2026-09-22 05:45:00+00:00,85477.0,85663.0,85444.0,85455.0,276.6352,3463
2026-09-22 06:00:00+00:00,85454.0,85525.0,85305.0,85411.0,206.18574,2860
2026-09-22 06:15:00+00:00,85410.0,85434.0,85296.0,85422.0,100.72921,2605
2026-09-22 06:30:00+00:00,85421.0,85630.0,85392.0,85548.0,139.76192,2601
2026-09-22 06:45:00+00:00,85548.0,85552.0,85392.0,85426.0,140.72686,2575
2026-09-22 07:00:00+00:00,85425.0,85556.0,85351.0,85505.0,148.28777,2828
2026-09-22 07:15:00+00:00,85504.0,85513.0,85260.0,85368.0,185.84419,3022
2026-09-22 07:30:00+00:00,85368.0,85383.0,85214.0,85316.0,162.10026,2610
2026-09-22 07:45:00+00:00,85316.0,85408.0,85312.0,85407.0,308.31041,3239
2026-09-22 08:00:00+00:00,85408.0,85590.0,85401.0,85526.0,935.86159,7886
2026-09-22 08:15:00+00:00,85527.0,85666.0,85463.0,85467.0,648.60279,5666
2026-09-22 08:30:00+00:00,85467.0,86210.0,85380.0,86201.0,741.21209,7709
2026-09-22 08:45:00+00:00,86201.0,86418.0,86061.0,86263.0,1049.90508,7484
2026-09-22 09:00:00+00:00,86262.0,86263.0,85720.0,86000.0,1284.38989,9471
2026-09-22 09:15:00+00:00,86001.0,86050.0,85879.0,85960.0,208.24868,2989
2026-09-22 09:30:00+00:00,85960.0,86130.0,85910.0,86121.0,262.20519,2996
2026-09-22 09:45:00+00:00,86121.0,86348.0,86099.0,86319.0,420.09223,4277
2026-09-22 10:00:00+00:00,86320.0,86326.0,86082.0,86103.0,148.0433,2816
2026-09-22 10:15:00+00:00,86104.0,86161.0,85892.0,85930.0,320.60605,3341
2026-09-22 10:30:00+00:00,85924.0,86014.0,85812.0,85909.0,260.26285,3030
2026-09-22 10:45:00+00:00,85908.0,86057.0,85832.0,85973.0,270.02072,2925
2026-09-22 11:00:00+00:00,85968.0,86062.0,85830.0,86032.0,162.0699,3234
2026-09-22 11:15:00+00:00,86033.0,86162.0,85976.0,85985.0,293.9183,8255
2026-09-22 11:30:00+00:00,85986.0,86200.0,85907.0,86165.0,146.36803,4562
2026-09-22 11:45:00+00:00,86165.0,86189.0,85947.0,86043.0,215.92786,2876
2026-09-22 12:00:00+00:00,86043.0,86100.0,85980.0,85980.0,155.37765,2806
2026-09-22 12:15:00+00:00,85981.0,86167.0,85836.0,86167.0,207.63898,5009
2026-09-22 12:30:00+00:00,86167.0,86243.0,86033.0,86042.0,258.75844,3031
2026-09-22 12:45:00+00:00,86043.0,86126.0,86004.0,86085.0,239.0192,2494
2026-09-22 13:00:00+00:00,86085.0,86282.0,86078.0,86113.0,172.89323,3328
2026-09-22 13:15:00+00:00,86114.0,86120.0,85750.0,85798.0,569.4326,5459
2026-09-22 13:30:00+00:00,85793.0,86231.0,85600.0,85984.0,647.82443,7044
2026-09-22 13:45:00+00:00,85990.0,86435.0,85929.0,86396.0,447.79914,5280
2026-09-22 14:00:00+00:00,86396.0,86499.0,86128.0,86410.0,456.65602,7205
2026-09-22 14:15:00+00:00,86410.0,86437.0,85968.0,85968.0,461.38373,5218
2026-09-22 14:30:00+00:00,85969.0,86071.0,85483.0,85947.0,1444.08894,11394
2026-09-22 14:45:00+00:00,85946.0,86317.0,85936.0,86316.0,490.01282,4786
2026-09-22 15:00:00+00:00,86316.0,86440.0,86163.0,86354.0,704.45221,6275
2026-09-22 15:15:00+00:00,86350.0,86372.0,86163.0,86326.0,120.75093,2861
2026-09-22 15:30:00+00:00,86326.0,86650.0,86290.0,86597.0,418.08173,4734
2026-09-22 15:45:00+00:00,86598.0,86762.0,86368.0,86453.0,700.65588,6214
2026-09-22 16:00:00+00:00,86453.0,86573.0,86159.0,86205.0,534.06385,5323
2026-09-22 16:15:00+00:00,86205.0,86335.0,86113.0,86135.0,310.86643,3486
2026-09-22 16:30:00+00:00,86127.0,86327.0,86102.0,86259.0,113.10443,2765
2026-09-22 16:45:00+00:00,86259.0,86636.0,86250.0,86468.0,353.16782,4078
2026-09-22 17:00:00+00:00,86467.0,86600.0,86408.0,86453.0,613.77195,3399
2026-09-22 17:15:00+00:00,86453.0,86632.0,86281.0,86631.0,521.15415,3770
2026-09-22 17:30:00+00:00,86632.0,86688.0,86473.0,86509.0,372.13795,3585
2026-09-22 17:45:00+00:00,86509.0,86707.0,86447.0,86614.0,270.19023,2774
2026-09-22 18:00:00+00:00,86613.0,86689.0,86474.0,86563.0,171.66417,2745
2026-09-22 18:15:00+00:00,86562.0,86686.0,86339.0,86339.0,197.78347,2653
2026-09-22 18:30:00+00:00,86339.0,86499.0,86294.0,86454.0,210.43806,2733
2026-09-22 18:45:00+00:00,86454.0,86621.0,86454.0,86500.0,142.54155,2164
2026-09-22 19:00:00+00:00,86500.0,86565.0,86414.0,86513.0,185.41962,2198
2026-09-22 19:15:00+00:00,86512.0,86633.0,86492.0,86579.0,289.37503,2532
2026-09-22 19:30:00+00:00,86579.0,86580.0,86303.0,86411.0,425.0003,3505
2026-09-22 19:45:00+00:00,86411.0,86438.0,86185.0,86227.0,189.70314,3142
2026-09-22 20:00:00+00:00,86228.0,86300.0,86169.0,86249.0,116.44513,2134
2026-09-22 20:15:00+00:00,86249.0,86419.0,86236.0,86378.0,218.64557,2026
2026-09-22 20:30:00+00:00,86378.0,86392.0,86265.0,86345.0,124.67627,1713
2026-09-22 20:45:00+00:00,86345.0,86346.0,86227.0,86287.0,49.92428,1445
2026-09-22 21:00:00+00:00,86293.0,86383.0,86257.0,86295.0,167.40445,1838
2026-09-22 21:15:00+00:00,86294.0,86295.0,86250.0,86279.0,47.25638,1124
2026-09-22 21:30:00+00:00,86279.0,86339.0,86246.0,86246.0,271.07735,2126
2026-09-22 21:45:00+00:00,86246.0,86352.0,86207.0,86222.0,191.44489,1916
2026-09-22 22:00:00+00:00,86222.0,86325.0,86050.0,86084.0,231.80599,3336
2026-09-22 22:15:00+00:00,86083.0,86257.0,86067.0,86204.0,116.15739,1940
2026-09-22 22:30:00+00:00,86205.0,86322.0,86203.0,86267.0,313.10173,2414
2026-09-22 22:45:00+00:00,86268.0,86322.0,86145.0,86147.0,292.80795,2136
2026-09-22 23:00:00+00:00,86147.0,86553.0,86147.0,86422.0,576.3516,4072
2026-09-22 23:15:00+00:00,86422.0,86500.0,86208.0,86271.0,93.65462,1729
2026-09-22 23:30:00+00:00,86271.0,86318.0,86123.0,86191.0,282.73516,2495
2026-09-22 23:45:00+00:00,86191.0,86261.0,86145.0,86237.0,79.97226,1536
2026-09-23 00:00:00+00:00,86237.0,86417.0,86174.0,86408.0,272.99909,2661
2026-09-23 00:15:00+00:00,86403.0,86574.0,86381.0,86497.0,422.28017,3248
2026-09-23 00:30:00+00:00,86497.0,86638.0,86473.0,86495.0,259.82933,2729
2026-09-23 00:45:00+00:00,86496.0,86559.0,86467.0,86509.0,78.36578,1552
2026-09-23 01:00:00+00:00,86509.0,86890.0,86484.0,86751.0,497.86242,4731
2026-09-23 01:15:00+00:00,86769.0,86783.0,86622.0,86680.0,259.88252,2137
2026-09-23 01:30:00+00:00,86680.0,86690.0,86332.0,86332.0,306.14686,3035
2026-09-23 01:45:00+00:00,86333.0,86419.0,86224.0,86419.0,356.73245,2879
2026-09-23 02:00:00+00:00,86418.0,86433.0,86306.0,86419.0,146.28122,8053
2026-09-23 02:15:00+00:00,86419.0,86685.0,86413.0,86620.0,289.8337,5220
2026-09-23 02:30:00+00:00,86619.0,86621.0,86513.0,86528.0,87.64354,3313
2026-09-23 02:45:00+00:00,86528.0,86596.0,86500.0,86595.0,106.52582,1732
2026-09-23 03:00:00+00:00,86595.0,86597.0,86471.0,86584.0,265.02464,2178
2026-09-23 03:15:00+00:00,86584.0,86866.0,86538.0,86736.0,321.6281,4119
2026-09-23 03:30:00+00:00,86736.0,87000.0,86704.0,86935.0,392.00844,4615
2026-09-23 03:45:00+00:00,86935.0,86943.0,86751.0,86761.0,236.75592,2314
2026-09-23 04:00:00+00:00,86760.0,86957.0,86683.0,86899.0,165.33505,2357
2026-09-23 04:15:00+00:00,86898.0,87297.0,86791.0,87061.0,1070.88967,7842
2026-09-23 04:30:00+00:00,87061.0,87333.0,87060.0,87191.0,534.4934,4408
2026-09-23 04:45:00+00:00,87190.0,87275.0,87162.0,87217.0,190.84441,2481
2026-09-23 05:00:00+00:00,87217.0,87217.0,86934.0,86981.0,577.95365,4128
2026-09-23 05:15:00+00:00,86980.0,87027.0,86800.0,86823.0,372.48672,3561
2026-09-23 05:30:00+00:00,86824.0,86880.0,86760.0,86800.0,266.91711,2707
2026-09-23 05:45:00+00:00,86799.0,86825.0,86466.0,86556.0,480.07148,4335
2026-09-23 06:00:00+00:00,86555.0,86673.0,86504.0,86662.0,269.86262,2742
2026-09-23 06:15:00+00:00,86662.0,86667.0,86500.0,86500.0,78.92501,2171
2026-09-23 06:30:00+00:00,86500.0,86631.0,86437.0,86627.0,145.16909,2224
2026-09-23 06:45:00+00:00,86627.0,86627.0,86504.0,86542.0,80.17446,1719
2026-09-23 07:00:00+00:00,86542.0,86542.0,86370.0,86421.0,235.71771,2781
2026-09-23 07:15:00+00:00,86421.0,86497.0,86358.0,86465.0,73.464,1723
2026-09-23 07:30:00+00:00,86471.0,86479.0,86051.0,86116.0,432.11412,4787
2026-09-23 07:45:00+00:00,86117.0,86275.0,86107.0,86178.0,282.83489,3310
2026-09-23 08:00:00+00:00,86179.0,86295.0,86133.0,86233.0,116.94506,2453
2026-09-23 08:15:00+00:00,86234.0,86319.0,86202.0,86209.0,98.5105,2075
2026-09-23 08:30:00+00:00,86209.0,86275.0,86129.0,86144.0,80.40815,1900
2026-09-23 08:45:00+00:00,86145.0,86145.0,85735.0,85956.0,939.46506,8005
2026-09-23 09:00:00+00:00,85956.0,86065.0,85937.0,86004.0,302.97814,3030
2026-09-23 09:15:00+00:00,86003.0,86065.0,85915.0,85938.0,178.89532,2188
2026-09-23 09:30:00+00:00,85938.0,85980.0,85822.0,85842.0,198.13723,2333
2026-09-23 09:45:00+00:00,85841.0,85969.0,85785.0,85904.0,202.72474,3945
2026-09-23 10:00:00+00:00,85905.0,85976.0,85869.0,85900.0,126.09064,3301
2026-09-23 10:15:00+00:00,85901.0,85902.0,85700.0,85853.0,398.68635,6515
2026-09-23 10:30:00+00:00,85854.0,85932.0,85785.0,85931.0,184.76964,4264
2026-09-23 10:45:00+00:00,85931.0,85972.0,85863.0,85966.0,209.64651,5164
2026-09-23 11:00:00+00:00,85967.0,86006.0,85737.0,85786.0,153.47652,3312
2026-09-23 11:15:00+00:00,85786.0,85792.0,85500.0,85546.0,514.86035,4741
2026-09-23 11:30:00+00:00,85546.0,85647.0,85468.0,85549.0,488.55278,4470
2026-09-23 11:45:00+00:00,85550.0,85722.0,85549.0,85702.0,211.18348,2928
2026-09-23 12:00:00+00:00,85701.0,85723.0,85498.0,85506.0,554.13694,3870
2026-09-23 12:15:00+00:00,85505.0,85550.0,85282.0,85521.0,569.16944,6363
2026-09-23 12:30:00+00:00,85521.0,85617.0,85500.0,85502.0,289.4289,3361
2026-09-23 12:45:00+00:00,85502.0,85601.0,85443.0,85545.0,203.67592,2438
2026-09-23 13:00:00+00:00,85546.0,85565.0,85325.0,85411.0,261.90385,3077
2026-09-23 13:15:00+00:00,85410.0,85638.0,85410.0,85597.0,204.64336,3250
2026-09-23 13:30:00+00:00,85598.0,85922.0,85570.0,85882.0,468.29654,6187
2026-09-23 13:45:00+00:00,85882.0,85887.0,85590.0,85845.0,303.88783,4767
2026-09-23 14:00:00+00:00,85845.0,85985.0,84162.0,84869.0,5255.98593,28909
2026-09-23 14:15:00+00:00,84869.0,84880.0,83917.0,84035.0,5760.16309,35631
2026-09-23 14:30:00+00:00,84034.0,84514.0,83844.0,84307.0,3174.83587,18969
2026-09-23 14:45:00+00:00,84308.0,84576.0,84199.0,84548.0,659.78749,8282
2026-09-23 15:00:00+00:00,84548.0,84716.0,84465.0,84653.0,1111.38195,6972
2026-09-23 15:15:00+00:00,84654.0,84800.0,84500.0,84506.0,785.77858,5902
2026-09-23 15:30:00+00:00,84506.0,84536.0,84266.0,84276.0,755.26836,7508
2026-09-23 15:45:00+00:00,84276.0,84334.0,83924.0,83989.0,949.02967,9237
2026-09-23 16:00:00+00:00,83989.0,84320.0,83440.0,84309.0,4950.81803,25454
2026-09-23 16:15:00+00:00,84308.0,84333.0,84104.0,84200.0,474.68821,5734
2026-09-23 16:30:00+00:00,84200.0,84300.0,83914.0,84064.0,690.17485,6237
2026-09-23 16:45:00+00:00,84065.0,84123.0,83809.0,84016.0,619.3031,6565
2026-09-23 17:00:00+00:00,84019.0,84147.0,83693.0,83770.0,787.80614,8841
2026-09-23 17:15:00+00:00,83770.0,84189.0,83747.0,84034.0,634.59822,5578
2026-09-23 17:30:00+00:00,84034.0,84237.0,83956.0,84230.0,159.45292,3183
2026-09-23 17:45:00+00:00,84230.0,84370.0,84229.0,84295.0,484.10473,4479
2026-09-23 18:00:00+00:00,84295.0,84300.0,84123.0,84182.0,403.0504,4002
2026-09-23 18:15:00+00:00,84182.0,84249.0,84117.0,84118.0,167.98367,2546
2026-09-23 18:30:00+00:00,84118.0,84201.0,84102.0,84200.0,191.52032,2326
2026-09-23 18:45:00+00:00,84201.0,84397.0,84170.0,84293.0,354.42437,3379
2026-09-23 19:00:00+00:00,84294.0,84375.0,84186.0,84344.0,188.82243,2596
2026-09-23 19:15:00+00:00,84343.0,84443.0,84288.0,84381.0,174.22454,2518
2026-09-23 19:30:00+00:00,84387.0,84455.0,84369.0,84424.0,149.67289,2282
2026-09-23 19:45:00+00:00,84423.0,84537.0,84408.0,84488.0,112.36647,2641
2026-09-23 20:00:00+00:00,84487.0,84536.0,84234.0,84309.0,451.64271,4068
2026-09-23 20:15:00+00:00,84308.0,84371.0,84211.0,84266.0,235.16307,2925
2026-09-23 20:30:00+00:00,84268.0,84401.0,84254.0,84369.0,160.96222,2334
2026-09-23 20:45:00+00:00,84369.0,84383.0,84182.0,84206.0,63.68313,2104
2026-09-23 21:00:00+00:00,84207.0,84353.0,84172.0,84339.0,121.93118,2312
2026-09-23 21:15:00+00:00,84338.0,84394.0,84302.0,84393.0,103.70493,1693
2026-09-23 21:30:00+00:00,84394.0,84488.0,84394.0,84472.0,189.24258,2143
2026-09-23 21:45:00+00:00,84472.0,84489.0,84390.0,84391.0,82.04311,1825
2026-09-23 22:00:00+00:00,84391.0,84650.0,84306.0,84574.0,519.06629,4259
2026-09-23 22:15:00+00:00,84574.0,84584.0,84469.0,84470.0,163.94428,2072
2026-09-23 22:30:00+00:00,84470.0,84497.0,84360.0,84471.0,231.98159,2264
2026-09-23 22:45:00+00:00,84470.0,84600.0,84470.0,84538.0,61.20192,1578
2026-09-23 23:00:00+00:00,84538.0,84544.0,84455.0,84460.0,89.3713,1494
2026-09-23 23:15:00+00:00,84461.0,84482.0,84404.0,84462.0,42.84772,1088
2026-09-23 23:30:00+00:00,84462.0,84499.0,84415.0,84442.0,119.54799,1535
2026-09-23 23:45:00+00:00,84443.0,84453.0,84314.0,84366.0,363.03228,2508
2026-09-24 00:00:00+00:00,84365.0,84469.0,84255.0,84320.0,411.43144,2888
2026-09-24 00:15:00+00:00,84321.0,84413.0,84300.0,84316.0,203.07932,1809
2026-09-24 00:30:00+00:00,84316.0,84420.0,84237.0,84329.0,152.57528,2381
2026-09-24 00:45:00+00:00,84329.0,84337.0,84190.0,84298.0,148.71862,2430
2026-09-24 01:00:00+00:00,84298.0,84374.0,84214.0,84254.0,59.51168,1606
2026-09-24 01:15:00+00:00,84255.0,84308.0,84150.0,84201.0,142.39973,2188
2026-09-24 01:30:00+00:00,84198.0,84448.0,84053.0,84096.0,317.54568,3409
2026-09-24 01:45:00+00:00,84095.0,84164.0,84029.0,84072.0,626.4114,3157
2026-09-24 02:00:00+00:00,84072.0,84086.0,83599.0,83890.0,3008.10589,14712
2026-09-24 02:15:00+00:00,83890.0,84204.0,83890.0,84124.0,393.60503,4260
2026-09-24 02:30:00+00:00,84124.0,84294.0,84093.0,84284.0,265.90288,2744
2026-09-24 02:45:00+00:00,84284.0,84328.0,84284.0,84322.0,148.86706,1890
2026-09-24 03:00:00+00:00,84322.0,84437.0,84188.0,84281.0,204.07983,2713
2026-09-24 03:15:00+00:00,84285.0,84323.0,83939.0,84011.0,342.1126,3259
2026-09-24 03:30:00+00:00,84011.0,84011.0,83820.0,83969.0,180.14281,3035
2026-09-24 03:45:00+00:00,83968.0,83976.0,83806.0,83894.0,206.53499,2773
2026-09-24 04:00:00+00:00,83894.0,83920.0,83755.0,83785.0,182.22521,3104
2026-09-24 04:15:00+00:00,83785.0,83885.0,83737.0,83878.0,91.29416,2112
2026-09-24 04:30:00+00:00,83878.0,83896.0,83810.0,83839.0,52.92341,1548
2026-09-24 04:45:00+00:00,83839.0,84011.0,83745.0,84005.0,278.00962,2924
2026-09-24 05:00:00+00:00,84005.0,84360.0,84004.0,84163.0,438.81616,3698
2026-09-24 05:15:00+00:00,84164.0,84195.0,84090.0,84142.0,58.60748,1405
2026-09-24 05:30:00+00:00,84142.0,84200.0,84058.0,84155.0,149.03119,1891
2026-09-24 05:45:00+00:00,84156.0,84203.0,83907.0,83932.0,91.66414,1786
2026-09-24 06:00:00+00:00,83932.0,84147.0,83854.0,84084.0,236.08208,2567
2026-09-24 06:15:00+00:00,84084.0,84159.0,84039.0,84158.0,106.18942,1719
2026-09-24 06:30:00+00:00,84159.0,84186.0,84112.0,84144.0,267.25907,3394
2026-09-24 06:45:00+00:00,84143.0,84144.0,84045.0,84064.0,136.85338,1714
2026-09-24 07:00:00+00:00,84064.0,84106.0,83904.0,84045.0,132.89969,2172
2026-09-24 07:15:00+00:00,84049.0,84401.0,84030.0,84390.0,1100.46703,4269
2026-09-24 07:30:00+00:00,84391.0,84563.0,84329.0,84386.0,547.37124,5210
2026-09-24 07:45:00+00:00,84386.0,84578.0,84330.0,84483.0,209.53864,3327
2026-09-24 08:00:00+00:00,84484.0,84587.0,84369.0,84374.0,217.79916,2860
2026-09-24 08:15:00+00:00,84374.0,84424.0,83714.0,83717.0,1531.59582,6830
2026-09-24 08:30:00+00:00,83721.0,83931.0,83559.0,83690.0,750.97496,6003
2026-09-24 08:45:00+00:00,83690.0,83738.0,83203.0,83623.0,1456.39835,11225
2026-09-24 09:00:00+00:00,83624.0,83697.0,83400.0,83426.0,534.3302,4660
2026-09-24 09:15:00+00:00,83427.0,83488.0,83296.0,83323.0,431.60145,3849
2026-09-24 09:30:00+00:00,83326.0,83326.0,82835.0,83122.0,2877.29932,15516
2026-09-24 09:45:00+00:00,83119.0,83241.0,82984.0,83223.0,643.30638,4671
2026-09-24 10:00:00+00:00,83224.0,83363.0,83121.0,83260.0,1052.10147,5898
2026-09-24 10:15:00+00:00,83261.0,83335.0,83145.0,83227.0,233.738,2527
2026-09-24 10:30:00+00:00,83228.0,83408.0,83130.0,83366.0,227.0814,2471
2026-09-24 10:45:00+00:00,83365.0,83540.0,83345.0,83484.0,328.22842,3079
2026-09-24 11:00:00+00:00,83484.0,83586.0,83481.0,83545.0,324.83476,3215
2026-09-24 11:15:00+00:00,83546.0,83573.0,83500.0,83500.0,142.12985,1913
2026-09-24 11:30:00+00:00,83501.0,83522.0,83374.0,83420.0,231.88625,2437
2026-09-24 11:45:00+00:00,83420.0,83518.0,83366.0,83464.0,141.95165,1906
2026-09-24 12:00:00+00:00,83464.0,83579.0,83360.0,83515.0,323.14464,3209
2026-09-24 12:15:00+00:00,83515.0,83650.0,83491.0,83520.0,301.28632,3434
2026-09-24 12:30:00+00:00,83520.0,83546.0,83303.0,83467.0,278.82259,2892
2026-09-24 12:45:00+00:00,83474.0,83641.0,83400.0,83573.0,125.43317,2152
2026-09-24 13:00:00+00:00,83572.0,83745.0,83572.0,83744.0,653.85333,4298
2026-09-24 13:15:00+00:00,83744.0,83946.0,83708.0,83757.0,600.33998,5171
2026-09-24 13:30:00+00:00,83756.0,84321.0,83742.0,83924.0,1315.97572,10884
2026-09-24 13:45:00+00:00,83924.0,84240.0,83827.0,84239.0,943.80472,6935
2026-09-24 14:00:00+00:00,84240.0,84347.0,84121.0,84215.0,290.64011,6109
2026-09-24 14:15:00+00:00,84215.0,84925.0,84132.0,84868.0,1221.12805,11094
2026-09-24 14:30:00+00:00,84868.0,84871.0,84376.0,84394.0,1108.48131,8389
2026-09-24 14:45:00+00:00,84393.0,84397.0,83351.0,83649.0,2801.58137,15808
2026-09-24 15:00:00+00:00,83645.0,83906.0,83465.0,83875.0,2681.92837,9326
2026-09-24 15:15:00+00:00,83875.0,84247.0,83859.0,84107.0,925.77745,6146
2026-09-24 15:30:00+00:00,84107.0,84443.0,84083.0,84391.0,453.26394,3796
2026-09-24 15:45:00+00:00,84397.0,84459.0,84275.0,84407.0,380.45953,3514
2026-09-24 16:00:00+00:00,84407.0,84414.0,84012.0,84172.0,797.98238,4559
2026-09-24 16:15:00+00:00,84186.0,84829.0,84186.0,84704.0,1823.72193,10734
2026-09-24 16:30:00+00:00,84704.0,84919.0,84425.0,84535.0,645.90205,5987
2026-09-24 16:45:00+00:00,84534.0,84684.0,84406.0,84471.0,398.41559,4357
2026-09-24 17:00:00+00:00,84471.0,84540.0,84342.0,84473.0,303.47376,3587
2026-09-24 17:15:00+00:00,84469.0,84537.0,84188.0,84302.0,1045.83548,6067
2026-09-24 17:30:00+00:00,84303.0,84417.0,84108.0,84146.0,222.37996,3069
2026-09-24 17:45:00+00:00,84145.0,84197.0,83980.0,84086.0,479.50277,3301
2026-09-24 18:00:00+00:00,84086.0,84230.0,83850.0,84229.0,540.54207,5021
2026-09-24 18:15:00+00:00,84230.0,84450.0,84223.0,84409.0,800.49784,4124
2026-09-24 18:30:00+00:00,84402.0,84527.0,84219.0,84400.0,324.2564,3548
2026-09-24 18:45:00+00:00,84400.0,84522.0,84335.0,84445.0,149.89077,2132
2026-09-24 19:00:00+00:00,84445.0,84600.0,84271.0,84557.0,219.376,2888
2026-09-24 19:15:00+00:00,84556.0,84641.0,84510.0,84622.0,235.62466,3008
2026-09-24 19:30:00+00:00,84622.0,84624.0,84390.0,84421.0,180.07583,2592
2026-09-24 19:45:00+00:00,84421.0,84558.0,84288.0,84399.0,222.50907,2604
2026-09-24 20:00:00+00:00,84392.0,84416.0,84220.0,84232.0,172.84335,2348
2026-09-24 20:15:00+00:00,84233.0,84304.0,84133.0,84240.0,287.26689,2864
2026-09-24 20:30:00+00:00,84251.0,84377.0,84182.0,84359.0,56.48209,1353
2026-09-24 20:45:00+00:00,84358.0,84447.0,84248.0,84348.0,130.94706,1813
2026-09-24 21:00:00+00:00,84349.0,84368.0,84267.0,84313.0,75.55336,1401
2026-09-24 21:15:00+00:00,84312.0,84431.0,84308.0,84405.0,100.44324,1669
2026-09-24 21:30:00+00:00,84405.0,84485.0,84401.0,84451.0,90.85283,1525
2026-09-24 21:45:00+00:00,84451.0,84461.0,84307.0,84325.0,181.1974,1848
2026-09-24 22:00:00+00:00,84326.0,84342.0,84211.0,84305.0,223.6075,2449
2026-09-24 22:15:00+00:00,84304.0,84312.0,83891.0,84098.0,1552.20069,7585
2026-09-24 22:30:00+00:00,84098.0,84170.0,84032.0,84110.0,231.16405,1990
2026-09-24 22:45:00+00:00,84109.0,84256.0,84103.0,84256.0,459.36254,2719
2026-09-24 23:00:00+00:00,84256.0,84352.0,84242.0,84279.0,109.95821,1782
2026-09-24 23:15:00+00:00,84279.0,84423.0,84272.0,84412.0,57.51421,1356
2026-09-24 23:30:00+00:00,84412.0,84445.0,84379.0,84380.0,29.80162,1223
2026-09-24 23:45:00+00:00,84380.0,84414.0,84348.0,84385.0,62.13132,1335
2026-09-25 00:00:00+00:00,84386.0,84688.0,84385.0,84638.0,375.13971,3764
2026-09-25 00:15:00+00:00,84638.0,84661.0,84530.0,84660.0,128.62838,1893
2026-09-25 00:30:00+00:00,84661.0,84665.0,84531.0,84579.0,147.36465,2207
2026-09-25 00:45:00+00:00,84578.0,84650.0,84549.0,84581.0,60.67747,1301
2026-09-25 01:00:00+00:00,84581.0,84777.0,84564.0,84694.0,249.82289,2480
2026-09-25 01:15:00+00:00,84694.0,84735.0,84495.0,84521.0,97.74464,1697
2026-09-25 01:30:00+00:00,84522.0,84522.0,84333.0,84467.0,211.00385,2290
2026-09-25 01:45:00+00:00,84467.0,84615.0,84466.0,84589.0,101.97531,1526
2026-09-25 02:00:00+00:00,84589.0,84864.0,84557.0,84829.0,313.99818,2996
2026-09-25 02:15:00+00:00,84829.0,84876.0,84638.0,84681.0,125.36641,1955
2026-09-25 02:30:00+00:00,84681.0,84715.0,84390.0,84483.0,334.1171,3672
2026-09-25 02:45:00+00:00,84484.0,84484.0,84149.0,84203.0,449.29278,3736
2026-09-25 03:00:00+00:00,84211.0,84330.0,84174.0,84248.0,632.80863,3303
2026-09-25 03:15:00+00:00,84249.0,84320.0,84134.0,84137.0,116.96021,1714
2026-09-25 03:30:00+00:00,84138.0,84378.0,84052.0,84206.0,560.26725,3251
2026-09-25 03:45:00+00:00,84206.0,84224.0,84135.0,84221.0,160.66302,1683
2026-09-25 04:00:00+00:00,84221.0,84224.0,84055.0,84056.0,107.76778,2080
2026-09-25 04:15:00+00:00,84056.0,84153.0,84050.0,84102.0,287.13022,2033
2026-09-25 04:30:00+00:00,84102.0,84285.0,84101.0,84268.0,437.15118,2452
2026-09-25 04:45:00+00:00,84269.0,84275.0,84172.0,84198.0,478.87392,2368
2026-09-25 05:00:00+00:00,84199.0,84248.0,84144.0,84153.0,47.09072,1161
2026-09-25 05:15:00+00:00,84153.0,84254.0,84081.0,84178.0,71.34334,1274
2026-09-25 05:30:00+00:00,84179.0,84339.0,84111.0,84252.0,98.20058,1353
2026-09-25 05:45:00+00:00,84253.0,84296.0,84185.0,84186.0,145.93213,1499
2026-09-25 06:00:00+00:00,84186.0,84219.0,83962.0,84110.0,175.91897,2586
2026-09-25 06:15:00+00:00,84110.0,84279.0,84049.0,84098.0,103.48635,1802
2026-09-25 06:30:00+00:00,84098.0,84098.0,83930.0,84026.0,123.51709,2062
2026-09-25 06:45:00+00:00,84025.0,84065.0,84000.0,84029.0,56.16105,1065
2026-09-25 07:00:00+00:00,84030.0,84044.0,83742.0,83811.0,739.16063,5078
2026-09-25 07:15:00+00:00,83810.0,84039.0,83810.0,84039.0,115.26122,1847
2026-09-25 07:30:00+00:00,84039.0,84091.0,83810.0,83900.0,135.19727,2149
2026-09-25 07:45:00+00:00,83901.0,84066.0,83876.0,84027.0,87.2358,1721
2026-09-25 08:00:00+00:00,84027.0,84173.0,84024.0,84107.0,215.36375,2740
2026-09-25 08:15:00+00:00,84107.0,84499.0,84106.0,84425.0,303.17277,3625
2026-09-25 08:30:00+00:00,84425.0,84453.0,84306.0,84307.0,148.16957,1904
2026-09-25 08:45:00+00:00,84307.0,84467.0,84276.0,84401.0,114.27089,1762
2026-09-25 09:00:00+00:00,84401.0,84714.0,84401.0,84586.0,203.16897,3122
2026-09-25 09:15:00+00:00,84585.0,84826.0,84525.0,84805.0,375.3921,3434
2026-09-25 09:30:00+00:00,84805.0,84830.0,84589.0,84624.0,225.80293,2839
2026-09-25 09:45:00+00:00,84624.0,84636.0,84555.0,84556.0,72.6916,1729
2026-09-25 10:00:00+00:00,84556.0,84556.0,84366.0,84485.0,357.8292,3268
2026-09-25 10:15:00+00:00,84485.0,84754.0,84443.0,84717.0,316.7515,2849
2026-09-25 10:30:00+00:00,84716.0,84800.0,84650.0,84762.0,169.83669,2523
2026-09-25 10:45:00+00:00,84762.0,84853.0,84697.0,84700.0,415.19615,3031
2026-09-25 11:00:00+00:00,84701.0,85244.0,84691.0,85244.0,998.47599,10429
2026-09-25 11:15:00+00:00,85244.0,85277.0,84833.0,84935.0,949.97849,8075
2026-09-25 11:30:00+00:00,84935.0,84952.0,84700.0,84717.0,464.6842,4158
2026-09-25 11:45:00+00:00,84717.0,84738.0,84563.0,84567.0,334.01841,3253
2026-09-25 12:00:00+00:00,84568.0,84700.0,84197.0,84343.0,1257.68791,5588
2026-09-25 12:15:00+00:00,84345.0,84401.0,83859.0,84393.0,1641.53242,10187
2026-09-25 12:30:00+00:00,84394.0,84555.0,84328.0,84423.0,808.60452,5010
2026-09-25 12:45:00+00:00,84422.0,84561.0,84321.0,84450.0,315.96181,3275
2026-09-25 13:00:00+00:00,84450.0,84558.0,84320.0,84441.0,288.68363,2867
2026-09-25 13:15:00+00:00,84442.0,84554.0,84081.0,84082.0,534.35431,4321
2026-09-25 13:30:00+00:00,84082.0,84345.0,83699.0,83979.0,1851.90603,9627
2026-09-25 13:45:00+00:00,83981.0,84093.0,83508.0,83911.0,1279.11051,9594
2026-09-25 14:00:00+00:00,83912.0,83995.0,83133.0,83544.0,2044.5124,18349
2026-09-25 14:15:00+00:00,83544.0,83777.0,83440.0,83625.0,726.66258,6134
2026-09-25 14:30:00+00:00,83625.0,83926.0,83624.0,83676.0,774.65575,5657
2026-09-25 14:45:00+00:00,83669.0,84039.0,83546.0,84010.0,452.11271,4955
2026-09-25 15:00:00+00:00,84010.0,84097.0,83738.0,83993.0,837.57158,5344
2026-09-25 15:15:00+00:00,83993.0,83999.0,83710.0,83765.0,406.88058,3418
2026-09-25 15:30:00+00:00,83762.0,83871.0,83432.0,83454.0,1163.70947,7243
2026-09-25 15:45:00+00:00,83453.0,83772.0,83328.0,83772.0,310.57566,4338
2026-09-25 16:00:00+00:00,83772.0,84057.0,83772.0,84005.0,953.53022,6900
2026-09-25 16:15:00+00:00,84005.0,84114.0,83919.0,83956.0,333.67528,3596
2026-09-25 16:30:00+00:00,83955.0,84041.0,83804.0,83892.0,114.13257,2221
2026-09-25 16:45:00+00:00,83891.0,83898.0,83700.0,83728.0,351.67955,2970
2026-09-25 17:00:00+00:00,83737.0,83954.0,83736.0,83950.0,92.9356,1603
2026-09-25 17:15:00+00:00,83953.0,83977.0,83674.0,83674.0,378.78398,2449
2026-09-25 17:30:00+00:00,83674.0,83820.0,83600.0,83769.0,377.41777,2991
2026-09-25 17:45:00+00:00,83769.0,83793.0,83680.0,83767.0,61.84333,1418
2026-09-25 18:00:00+00:00,83766.0,84000.0,83766.0,83988.0,383.3191,2906
2026-09-25 18:15:00+00:00,83987.0,84074.0,83878.0,83934.0,335.71684,2651
2026-09-25 18:30:00+00:00,83938.0,83988.0,83887.0,83956.0,99.95322,1439
2026-09-25 18:45:00+00:00,83957.0,83985.0,83911.0,83944.0,31.8667,1033
2026-09-25 19:00:00+00:00,83944.0,84037.0,83896.0,84023.0,225.65719,2344
2026-09-25 19:15:00+00:00,84023.0,84033.0,83917.0,83983.0,256.14753,1975
2026-09-25 19:30:00+00:00,83983.0,84053.0,83931.0,83966.0,64.97769,1755
2026-09-25 19:45:00+00:00,83965.0,84050.0,83948.0,83988.0,70.61074,1504
2026-09-25 20:00:00+00:00,83988.0,84020.0,83920.0,83946.0,42.4309,1341
2026-09-25 20:15:00+00:00,83947.0,84075.0,83946.0,84038.0,39.5834,965
2026-09-25 20:30:00+00:00,84038.0,84173.0,84013.0,84102.0,179.69576,2017
2026-09-25 20:45:00+00:00,84102.0,84102.0,83799.0,83859.0,122.71239,2091
2026-09-25 21:00:00+00:00,83860.0,83898.0,83620.0,83656.0,687.70995,4501
2026-09-25 21:15:00+00:00,83655.0,83743.0,83580.0,83743.0,426.89574,3176
2026-09-25 21:30:00+00:00,83743.0,83797.0,83690.0,83775.0,203.32152,1522
2026-09-25 21:45:00+00:00,83776.0,83848.0,83748.0,83765.0,48.89529,1263
2026-09-25 22:00:00+00:00,83765.0,83905.0,83729.0,83902.0,93.13833,1358
2026-09-25 22:15:00+00:00,83902.0,83941.0,83863.0,83872.0,36.05216,1107
2026-09-25 22:30:00+00:00,83872.0,84065.0,83872.0,84048.0,161.42465,2296
2026-09-25 22:45:00+00:00,84048.0,84103.0,84016.0,84037.0,208.39138,3065
2026-09-25 23:00:00+00:00,84037.0,84068.0,84028.0,84028.0,35.62251,1278
2026-09-25 23:15:00+00:00,84029.0,84058.0,83983.0,84058.0,16.9163,940
2026-09-25 23:30:00+00:00,84057.0,84062.0,84019.0,84039.0,112.4051,1367
2026-09-25 23:45:00+00:00,84039.0,84066.0,84000.0,84066.0,42.10511,1112
2026-09-26 00:00:00+00:00,84066.0,84100.0,84005.0,84047.0,44.31459,1596
2026-09-26 00:15:00+00:00,84047.0,84047.0,83901.0,83914.0,185.88363,1402
2026-09-26 00:30:00+00:00,83914.0,83914.0,83748.0,83848.0,317.9033,2548
2026-09-26 00:45:00+00:00,83849.0,83920.0,83846.0,83871.0,111.71076,1354
2026-09-26 01:00:00+00:00,83871.0,83939.0,83863.0,83897.0,18.44833,882
2026-09-26 01:15:00+00:00,83897.0,83954.0,83886.0,83906.0,32.22837,837
2026-09-26 01:30:00+00:00,83906.0,84036.0,83900.0,84006.0,98.42478,1085
2026-09-26 01:45:00+00:00,84006.0,84048.0,83990.0,84040.0,51.38062,1188
2026-09-26 02:00:00+00:00,84040.0,84092.0,83956.0,84092.0,50.18341,1009
2026-09-26 02:15:00+00:00,84092.0,84111.0,83998.0,83999.0,109.05494,1381
2026-09-26 02:30:00+00:00,83999.0,84010.0,83962.0,83974.0,29.22465,825
2026-09-26 02:45:00+00:00,83974.0,84014.0,83969.0,83981.0,27.57076,681
2026-09-26 03:00:00+00:00,83981.0,83981.0,83881.0,83913.0,82.78997,1375
2026-09-26 03:15:00+00:00,83912.0,84008.0,83874.0,84002.0,374.66366,1775
2026-09-26 03:30:00+00:00,84002.0,84019.0,83931.0,83931.0,71.5088,1053
2026-09-26 03:45:00+00:00,83932.0,83932.0,83904.0,83905.0,12.57788,810
2026-09-26 04:00:00+00:00,83905.0,83989.0,83904.0,83951.0,48.48454,910
2026-09-26 04:15:00+00:00,83951.0,84009.0,83852.0,83854.0,66.04213,1372
2026-09-26 04:30:00+00:00,83854.0,83947.0,83816.0,83947.0,63.40095,951
2026-09-26 04:45:00+00:00,83947.0,83956.0,83939.0,83949.0,31.22999,740
2026-09-26 05:00:00+00:00,83948.0,83965.0,83906.0,83932.0,20.34591,811
2026-09-26 05:15:00+00:00,83931.0,83959.0,83863.0,83897.0,59.0094,1079
2026-09-26 05:30:00+00:00,83897.0,83929.0,83853.0,83926.0,35.03592,927
2026-09-26 05:45:00+00:00,83927.0,83952.0,83870.0,83891.0,66.28525,1020
2026-09-26 06:00:00+00:00,83891.0,83904.0,83850.0,83869.0,47.27324,1112
2026-09-26 06:15:00+00:00,83868.0,83905.0,83843.0,83905.0,20.46675,835
2026-09-26 06:30:00+00:00,83905.0,83941.0,83866.0,83879.0,31.04264,886
2026-09-26 06:45:00+00:00,83879.0,83909.0,83852.0,83865.0,25.5051,799
2026-09-26 07:00:00+00:00,83865.0,83988.0,83864.0,83977.0,32.42568,986
2026-09-26 07:15:00+00:00,83977.0,83989.0,83954.0,83974.0,28.46887,795
2026-09-26 07:30:00+00:00,83974.0,84028.0,83973.0,84001.0,67.27419,1181
2026-09-26 07:45:00+00:00,84000.0,84091.0,84000.0,84076.0,152.28056,1285
2026-09-26 08:00:00+00:00,84076.0,84076.0,84013.0,84032.0,32.81797,986
2026-09-26 08:15:00+00:00,84035.0,84073.0,83992.0,84072.0,47.11123,990
2026-09-26 08:30:00+00:00,84072.0,84321.0,84071.0,84263.0,744.02281,5884
2026-09-26 08:45:00+00:00,84263.0,84270.0,84181.0,84191.0,131.46416,1591
2026-09-26 09:00:00+00:00,84191.0,84191.0,83947.0,83991.0,113.99175,2121
2026-09-26 09:15:00+00:00,83991.0,84019.0,83929.0,84000.0,273.18286,2001
2026-09-26 09:30:00+00:00,84001.0,84011.0,83951.0,83986.0,167.72566,1424
2026-09-26 09:45:00+00:00,83986.0,83993.0,83958.0,83976.0,50.35058,914
2026-09-26 10:00:00+00:00,83984.0,84088.0,83983.0,84085.0,131.71113,1418
2026-09-26 10:15:00+00:00,84080.0,84167.0,84070.0,84111.0,222.09647,1879
2026-09-26 10:30:00+00:00,84111.0,84144.0,84084.0,84120.0,85.47085,1157
2026-09-26 10:45:00+00:00,84120.0,84158.0,84092.0,84148.0,118.47423,1245
2026-09-26 11:00:00+00:00,84148.0,84164.0,84088.0,84144.0,162.47788,1388
2026-09-26 11:15:00+00:00,84138.0,84178.0,84124.0,84130.0,58.56105,1063
2026-09-26 11:30:00+00:00,84132.0,84180.0,84132.0,84146.0,63.95661,1091
2026-09-26 11:45:00+00:00,84147.0,84159.0,84141.0,84142.0,37.88918,832
2026-09-26 12:00:00+00:00,84142.0,84150.0,84070.0,84114.0,66.24516,1191
2026-09-26 12:15:00+00:00,84114.0,84176.0,84062.0,84070.0,118.55403,1337
2026-09-26 12:30:00+00:00,84071.0,84095.0,84002.0,84003.0,178.50684,1341
2026-09-26 12:45:00+00:00,84003.0,84035.0,84002.0,84026.0,69.02368,998
2026-09-26 13:00:00+00:00,84020.0,84086.0,83925.0,83974.0,67.65345,1487
2026-09-26 13:15:00+00:00,83965.0,83988.0,83819.0,83901.0,89.30095,1580
2026-09-26 13:30:00+00:00,83901.0,83913.0,83824.0,83894.0,294.61904,1881
2026-09-26 13:45:00+00:00,83895.0,83946.0,83888.0,83915.0,58.67906,1125
2026-09-26 14:00:00+00:00,83915.0,83935.0,83885.0,83921.0,20.73676,1183
2026-09-26 14:15:00+00:00,83921.0,83955.0,83919.0,83955.0,20.64459,1059
2026-09-26 14:30:00+00:00,83955.0,84001.0,83955.0,83989.0,23.40179,1284
2026-09-26 14:45:00+00:00,83989.0,84019.0,83974.0,83989.0,24.69512,1327
2026-09-26 15:00:00+00:00,83989.0,84011.0,83976.0,83987.0,23.8597,921
2026-09-26 15:15:00+00:00,83986.0,84020.0,83986.0,84020.0,11.50688,746
2026-09-26 15:30:00+00:00,84020.0,84163.0,84019.0,84093.0,295.84272,2291
2026-09-26 15:45:00+00:00,84093.0,84134.0,84043.0,84133.0,109.41086,1283
2026-09-26 16:00:00+00:00,84134.0,84134.0,84077.0,84102.0,63.30547,1298
2026-09-26 16:15:00+00:00,84101.0,84120.0,84061.0,84077.0,50.71357,971
2026-09-26 16:30:00+00:00,84077.0,84132.0,84076.0,84126.0,43.04681,826
2026-09-26 16:45:00+00:00,84126.0,84126.0,84068.0,84078.0,28.55378,936
2026-09-26 17:00:00+00:00,84078.0,84085.0,84020.0,84049.0,66.44099,987
2026-09-26 17:15:00+00:00,84048.0,84048.0,84014.0,84033.0,24.90622,794
2026-09-26 17:30:00+00:00,84033.0,84066.0,84001.0,84066.0,73.55721,967
2026-09-26 17:45:00+00:00,84066.0,84110.0,84065.0,84110.0,52.33726,890
2026-09-26 18:00:00+00:00,84110.0,84148.0,84067.0,84068.0,105.35534,1158
2026-09-26 18:15:00+00:00,84068.0,84068.0,84011.0,84027.0,248.27483,1459
2026-09-26 18:30:00+00:00,84027.0,84031.0,83971.0,83972.0,105.5423,1059
2026-09-26 18:45:00+00:00,83971.0,83990.0,83943.0,83968.0,321.34181,1499
2026-09-26 19:00:00+00:00,83968.0,84018.0,83957.0,83989.0,101.42385,1063
2026-09-26 19:15:00+00:00,83989.0,84005.0,83978.0,84004.0,28.62377,658
2026-09-26 19:30:00+00:00,84005.0,84005.0,83935.0,83976.0,50.87564,880
2026-09-26 19:45:00+00:00,83976.0,83992.0,83960.0,83981.0,22.17563,714
2026-09-26 20:00:00+00:00,83982.0,84028.0,83950.0,83980.0,47.81114,981
2026-09-26 20:15:00+00:00,83979.0,84048.0,83979.0,84048.0,14.78507,657
2026-09-26 20:30:00+00:00,84048.0,84053.0,83824.0,83854.0,439.6258,2340
2026-09-26 20:45:00+00:00,83853.0,84012.0,83797.0,83995.0,187.22867,2212
2026-09-26 21:00:00+00:00,83995.0,84088.0,83988.0,84088.0,109.43511,1364
2026-09-26 21:15:00+00:00,84088.0,84176.0,84040.0,84176.0,225.114,2159
2026-09-26 21:30:00+00:00,84176.0,84219.0,84114.0,84134.0,322.25163,2616
2026-09-26 21:45:00+00:00,84134.0,84134.0,84065.0,84125.0,176.29833,1485
2026-09-26 22:00:00+00:00,84125.0,84404.0,84124.0,84291.0,396.76245,3198
2026-09-26 22:15:00+00:00,84309.0,84329.0,84201.0,84318.0,148.79918,1920
2026-09-26 22:30:00+00:00,84318.0,84318.0,84227.0,84230.0,115.32423,1290
2026-09-26 22:45:00+00:00,84230.0,84309.0,84230.0,84251.0,16.30515,816
2026-09-26 23:00:00+00:00,84251.0,84344.0,84250.0,84322.0,54.47207,965
2026-09-26 23:15:00+00:00,84321.0,84427.0,84300.0,84345.0,360.67332,3192
2026-09-26 23:30:00+00:00,84345.0,84414.0,84319.0,84324.0,174.36341,1594
2026-09-26 23:45:00+00:00,84325.0,84444.0,84324.0,84413.0,133.79572,1478
2026-09-27 00:00:00+00:00,84414.0,84422.0,84299.0,84299.0,62.15396,1378
2026-09-27 00:15:00+00:00,84300.0,84300.0,84224.0,84233.0,52.60775,1091
2026-09-27 00:30:00+00:00,84233.0,84359.0,84232.0,84324.0,186.82337,1458
2026-09-27 00:45:00+00:00,84325.0,84325.0,84275.0,84284.0,54.09457,903
2026-09-27 01:00:00+00:00,84284.0,84363.0,84249.0,84363.0,42.92373,999
2026-09-27 01:15:00+00:00,84363.0,84388.0,84309.0,84310.0,20.62266,893
2026-09-27 01:30:00+00:00,84310.0,84381.0,84275.0,84381.0,36.18385,929
2026-09-27 01:45:00+00:00,84381.0,84550.0,84381.0,84471.0,92.20932,2108
2026-09-27 02:00:00+00:00,84471.0,84507.0,84423.0,84468.0,80.80511,1231
2026-09-27 02:15:00+00:00,84468.0,84512.0,84432.0,84489.0,52.77749,1085
2026-09-27 02:30:00+00:00,84490.0,84515.0,84450.0,84451.0,55.80453,1112
2026-09-27 02:45:00+00:00,84450.0,84459.0,84416.0,84428.0,38.49962,1083
2026-09-27 03:00:00+00:00,84428.0,84494.0,84427.0,84455.0,54.41192,1191
2026-09-27 03:15:00+00:00,84455.0,84455.0,84345.0,84358.0,72.53514,1226
2026-09-27 03:30:00+00:00,84359.0,84410.0,84358.0,84382.0,61.20933,1062
2026-09-27 03:45:00+00:00,84382.0,84398.0,84345.0,84382.0,65.28684,991
2026-09-27 04:00:00+00:00,84383.0,84487.0,84370.0,84464.0,61.51381,1319
2026-09-27 04:15:00+00:00,84463.0,84474.0,84402.0,84403.0,64.24417,1330
2026-09-27 04:30:00+00:00,84403.0,84403.0,84279.0,84284.0,50.78764,1276
2026-09-27 04:45:00+00:00,84285.0,84330.0,84277.0,84310.0,19.45654,729
2026-09-27 05:00:00+00:00,84311.0,84372.0,84300.0,84364.0,14.91626,728
2026-09-27 05:15:00+00:00,84363.0,84384.0,84363.0,84372.0,60.81354,832
2026-09-27 05:30:00+00:00,84372.0,84616.0,84358.0,84521.0,159.04126,2725
2026-09-27 05:45:00+00:00,84521.0,84552.0,84447.0,84450.0,50.56249,1162
2026-09-27 06:00:00+00:00,84451.0,84591.0,84450.0,84577.0,52.57429,1135
2026-09-27 06:15:00+00:00,84577.0,84614.0,84510.0,84568.0,94.11595,1590
2026-09-27 06:30:00+00:00,84567.0,84585.0,84485.0,84487.0,123.5699,1461
2026-09-27 06:45:00+00:00,84486.0,84536.0,84442.0,84496.0,48.5693,1064
2026-09-27 07:00:00+00:00,84492.0,84523.0,84477.0,84504.0,48.75228,1026
2026-09-27 07:15:00+00:00,84506.0,84521.0,84457.0,84506.0,22.73691,868
2026-09-27 07:30:00+00:00,84507.0,84611.0,84502.0,84599.0,93.02011,1396
2026-09-27 07:45:00+00:00,84599.0,84774.0,84585.0,84770.0,186.6814,2853
2026-09-27 08:00:00+00:00,84770.0,84840.0,84692.0,84799.0,426.1698,3464
2026-09-27 08:15:00+00:00,84799.0,84857.0,84733.0,84792.0,441.55493,3073
2026-09-27 08:30:00+00:00,84793.0,84869.0,84668.0,84716.0,209.27918,2414
2026-09-27 08:45:00+00:00,84726.0,84808.0,84688.0,84777.0,216.07214,1648
2026-09-27 09:00:00+00:00,84777.0,84777.0,84563.0,84649.0,238.41793,2365
2026-09-27 09:15:00+00:00,84649.0,84688.0,84606.0,84681.0,94.28387,1338
2026-09-27 09:30:00+00:00,84682.0,84787.0,84681.0,84787.0,194.16275,1974
2026-09-27 09:45:00+00:00,84787.0,84944.0,84786.0,84926.0,314.36,2902
2026-09-27 10:00:00+00:00,84926.0,85033.0,84880.0,85033.0,214.0223,2976
2026-09-27 10:15:00+00:00,85032.0,85100.0,84873.0,84900.0,330.78606,3048
2026-09-27 10:30:00+00:00,84899.0,84905.0,84811.0,84819.0,242.29419,1732
2026-09-27 10:45:00+00:00,84819.0,84895.0,84763.0,84851.0,248.29335,2111
2026-09-27 11:00:00+00:00,84851.0,84938.0,84830.0,84889.0,183.67144,1783
2026-09-27 11:15:00+00:00,84890.0,84926.0,84830.0,84883.0,77.01282,1182
2026-09-27 11:30:00+00:00,84884.0,84893.0,84813.0,84893.0,82.02729,1182
2026-09-27 11:45:00+00:00,84893.0,84908.0,84828.0,84881.0,45.87784,1115
2026-09-27 12:00:00+00:00,84881.0,84987.0,84880.0,84986.0,150.30676,1593
2026-09-27 12:15:00+00:00,84987.0,85026.0,84920.0,84937.0,156.32836,1565
2026-09-27 12:30:00+00:00,84938.0,84987.0,84937.0,84965.0,38.25269,1086
2026-09-27 12:45:00+00:00,84964.0,84973.0,84769.0,84769.0,192.07645,2053
2026-09-27 13:00:00+00:00,84770.0,84792.0,84608.0,84628.0,408.46775,4492
2026-09-27 13:15:00+00:00,84628.0,84942.0,84627.0,84915.0,169.54205,2353
2026-09-27 13:30:00+00:00,84916.0,85138.0,84762.0,84771.0,257.8494,3785
2026-09-27 13:45:00+00:00,84771.0,85010.0,84721.0,85006.0,129.18382,2328
2026-09-27 14:00:00+00:00,85007.0,85031.0,84886.0,84974.0,97.43138,3841
2026-09-27 14:15:00+00:00,84974.0,85003.0,84669.0,84686.0,179.72086,2600
2026-09-27 14:30:00+00:00,84687.0,84771.0,84652.0,84718.0,141.42024,2099
2026-09-27 14:45:00+00:00,84707.0,84716.0,84408.0,84501.0,397.49836,4495
2026-09-27 15:00:00+00:00,84502.0,84551.0,84313.0,84461.0,453.64948,5247
2026-09-27 15:15:00+00:00,84474.0,84589.0,84419.0,84587.0,208.40783,2344
2026-09-27 15:30:00+00:00,84588.0,84611.0,84396.0,84397.0,63.26829,1419
2026-09-27 15:45:00+00:00,84396.0,84478.0,84396.0,84434.0,65.25846,1350
2026-09-27 16:00:00+00:00,84434.0,84574.0,84434.0,84531.0,121.50805,1564
2026-09-27 16:15:00+00:00,84530.0,84642.0,84481.0,84547.0,113.22276,1757
2026-09-27 16:30:00+00:00,84546.0,84547.0,84338.0,84358.0,56.30102,1596
2026-09-27 16:45:00+00:00,84358.0,84421.0,84357.0,84401.0,57.13408,1458
2026-09-27 17:00:00+00:00,84401.0,84440.0,84299.0,84366.0,97.94323,1893
2026-09-27 17:15:00+00:00,84365.0,84431.0,84365.0,84412.0,22.47517,868
2026-09-27 17:30:00+00:00,84412.0,84496.0,84411.0,84454.0,28.80381,984
2026-09-27 17:45:00+00:00,84455.0,84556.0,84454.0,84555.0,81.19182,1163
2026-09-27 18:00:00+00:00,84555.0,84578.0,84539.0,84578.0,38.25458,958
2026-09-27 18:15:00+00:00,84578.0,84717.0,84577.0,84717.0,95.44093,1634
2026-09-27 18:30:00+00:00,84717.0,84743.0,84646.0,84735.0,113.86956,1397
2026-09-27 18:45:00+00:00,84735.0,84800.0,84674.0,84798.0,75.48323,1517
2026-09-27 19:00:00+00:00,84798.0,84818.0,84700.0,84774.0,90.2919,1442
2026-09-27 19:15:00+00:00,84775.0,84829.0,84649.0,84669.0,270.94141,2339
2026-09-27 19:30:00+00:00,84670.0,84778.0,84624.0,84753.0,188.1819,1779
2026-09-27 19:45:00+00:00,84753.0,84801.0,84702.0,84703.0,90.41288,1320
2026-09-27 20:00:00+00:00,84703.0,84767.0,84702.0,84767.0,242.50699,1264
2026-09-27 20:15:00+00:00,84767.0,84767.0,84580.0,84581.0,252.9807,1797
2026-09-27 20:30:00+00:00,84581.0,84604.0,84536.0,84604.0,258.31868,1894
2026-09-27 20:45:00+00:00,84604.0,84604.0,84502.0,84503.0,80.45654,1365
2026-09-27 21:00:00+00:00,84503.0,84664.0,84502.0,84659.0,87.87888,1228
2026-09-27 21:15:00+00:00,84660.0,84694.0,84577.0,84577.0,38.60124,1073
2026-09-27 21:30:00+00:00,84577.0,84595.0,84419.0,84521.0,116.71342,1935
2026-09-27 21:45:00+00:00,84521.0,84669.0,84520.0,84644.0,146.75634,1461
2026-09-27 22:00:00+00:00,84644.0,84738.0,84266.0,84293.0,561.89015,4902
2026-09-27 22:15:00+00:00,84294.0,84542.0,84245.0,84519.0,157.8791,2539
2026-09-27 22:30:00+00:00,84520.0,84520.0,84110.0,84148.0,855.82233,4037
2026-09-27 22:45:00+00:00,84148.0,84200.0,84082.0,84160.0,182.10463,2418
2026-09-27 23:00:00+00:00,84160.0,84260.0,84087.0,84181.0,310.56652,2376
2026-09-27 23:15:00+00:00,84180.0,84426.0,84163.0,84369.0,520.79225,2783
2026-09-27 23:30:00+00:00,84369.0,84442.0,84302.0,84303.0,160.93313,1838
2026-09-27 23:45:00+00:00,84302.0,84507.0,84302.0,84437.0,166.86015,2030
2026-09-28 00:00:00+00:00,84438.0,84535.0,84334.0,84400.0,146.17654,2141
2026-09-28 00:15:00+00:00,84400.0,84978.0,84381.0,84759.0,312.09268,4642
2026-09-28 00:30:00+00:00,84760.0,84760.0,84174.0,84273.0,188.05979,3929
2026-09-28 00:45:00+00:00,84274.0,84597.0,84085.0,84085.0,402.35044,4033
2026-09-28 01:00:00+00:00,84086.0,84188.0,83862.0,83930.0,1163.46777,8179
2026-09-28 01:15:00+00:00,83928.0,84127.0,83847.0,84048.0,234.98059,3021
2026-09-28 01:30:00+00:00,84042.0,84114.0,83763.0,83772.0,189.74805,3094
2026-09-28 01:45:00+00:00,83773.0,83887.0,83553.0,83651.0,592.07061,5461
2026-09-28 02:00:00+00:00,83652.0,83743.0,83412.0,83701.0,1023.59768,6267
2026-09-28 02:15:00+00:00,83700.0,83705.0,83517.0,83598.0,233.83885,2731
2026-09-28 02:30:00+00:00,83598.0,83598.0,83362.0,83451.0,485.05036,3473
2026-09-28 02:45:00+00:00,83450.0,83501.0,83350.0,83367.0,222.78932,2939
2026-09-28 03:00:00+00:00,83373.0,83485.0,83343.0,83395.0,155.13698,2006
2026-09-28 03:15:00+00:00,83393.0,83460.0,83257.0,83274.0,366.24925,4296
2026-09-28 03:30:00+00:00,83273.0,83447.0,83162.0,83394.0,268.31853,3500
2026-09-28 03:45:00+00:00,83395.0,83445.0,83270.0,83295.0,207.75124,2486
2026-09-28 04:00:00+00:00,83296.0,83390.0,83187.0,83388.0,174.65891,2506
2026-09-28 04:15:00+00:00,83387.0,83472.0,83319.0,83440.0,148.76368,1909
2026-09-28 04:30:00+00:00,83440.0,83478.0,83386.0,83460.0,168.99793,1597
2026-09-28 04:45:00+00:00,83460.0,83467.0,83395.0,83451.0,60.18694,1185
2026-09-28 05:00:00+00:00,83450.0,83492.0,83212.0,83284.0,191.3044,2083
2026-09-28 05:15:00+00:00,83284.0,83305.0,82968.0,83029.0,605.17508,5295
2026-09-28 05:30:00+00:00,83030.0,83110.0,82642.0,83105.0,950.63928,7979
2026-09-28 05:45:00+00:00,83105.0,83158.0,83011.0,83143.0,375.00774,2851
2026-09-28 06:00:00+00:00,83143.0,83252.0,83106.0,83208.0,249.03153,2578
2026-09-28 06:15:00+00:00,83207.0,83209.0,83011.0,83012.0,112.04593,1874
2026-09-28 06:30:00+00:00,83012.0,83182.0,83001.0,83152.0,143.54134,2046
2026-09-28 06:45:00+00:00,83153.0,83188.0,83077.0,83125.0,74.304,1578
2026-09-28 07:00:00+00:00,83126.0,83256.0,83024.0,83044.0,192.36209,2342
2026-09-28 07:15:00+00:00,83048.0,83128.0,82893.0,82910.0,320.34206,3038
2026-09-28 07:30:00+00:00,82910.0,83012.0,82884.0,82905.0,276.74369,3240
2026-09-28 07:45:00+00:00,82905.0,83092.0,82885.0,82922.0,535.96898,3128
2026-09-28 08:00:00+00:00,82922.0,83121.0,82885.0,82984.0,189.5032,2574
2026-09-28 08:15:00+00:00,82985.0,83012.0,82790.0,82809.0,459.29288,4550
2026-09-28 08:30:00+00:00,82817.0,82939.0,82754.0,82891.0,277.42874,2484
2026-09-28 08:45:00+00:00,82890.0,83004.0,82865.0,82934.0,77.51255,2010
2026-09-28 09:00:00+00:00,82934.0,82978.0,82574.0,82852.0,565.80109,5035
2026-09-28 09:15:00+00:00,82852.0,82950.0,82732.0,82789.0,245.44851,2745
2026-09-28 09:30:00+00:00,82797.0,82820.0,82562.0,82583.0,207.04954,2608
2026-09-28 09:45:00+00:00,82587.0,82745.0,82574.0,82630.0,181.30724,2228
2026-09-28 10:00:00+00:00,82630.0,82839.0,82630.0,82720.0,113.1258,2092
2026-09-28 10:15:00+00:00,82720.0,82822.0,82700.0,82774.0,84.18834,1643
2026-09-28 10:30:00+00:00,82781.0,82938.0,82743.0,82922.0,109.80955,1867
2026-09-28 10:45:00+00:00,82922.0,83025.0,82831.0,82939.0,211.36038,2544
2026-09-28 11:00:00+00:00,82933.0,83037.0,82933.0,82967.0,216.02898,2318
2026-09-28 11:15:00+00:00,82967.0,83053.0,82949.0,83000.0,104.8286,1991
2026-09-28 11:30:00+00:00,83000.0,83102.0,82968.0,83058.0,408.11641,2630
2026-09-28 11:45:00+00:00,83058.0,83068.0,82965.0,83068.0,94.24836,1564
2026-09-28 12:00:00+00:00,83068.0,83493.0,82995.0,83361.0,892.0682,7324
2026-09-28 12:15:00+00:00,83360.0,83437.0,83255.0,83344.0,203.55761,2830
2026-09-28 12:30:00+00:00,83344.0,83406.0,83242.0,83321.0,118.957,2261
2026-09-28 12:45:00+00:00,83321.0,83626.0,83321.0,83556.0,394.5089,4453
2026-09-28 13:00:00+00:00,83556.0,83565.0,83289.0,83386.0,216.39094,3022
2026-09-28 13:15:00+00:00,83385.0,83544.0,83339.0,83544.0,210.14318,2506
2026-09-28 13:30:00+00:00,83545.0,83815.0,83362.0,83720.0,819.61615,7663
2026-09-28 13:45:00+00:00,83720.0,83808.0,83448.0,83620.0,344.8048,4287
2026-09-28 14:00:00+00:00,83620.0,83620.0,83300.0,83376.0,361.5814,5823
2026-09-28 14:15:00+00:00,83376.0,83580.0,83077.0,83225.0,692.30807,6336
2026-09-28 14:30:00+00:00,83224.0,83450.0,82806.0,82912.0,842.90438,7286
2026-09-28 14:45:00+00:00,82913.0,83034.0,82551.0,83003.0,1045.12616,8600
2026-09-28 15:00:00+00:00,83003.0,83248.0,82907.0,82934.0,327.79191,4297
2026-09-28 15:15:00+00:00,82933.0,83116.0,82766.0,83041.0,579.59193,5000
2026-09-28 15:30:00+00:00,83051.0,83348.0,82992.0,83178.0,327.53417,3470
2026-09-28 15:45:00+00:00,83184.0,83386.0,83183.0,83364.0,134.37417,2594
2026-09-28 16:00:00+00:00,83356.0,83462.0,83226.0,83394.0,342.24384,5076
2026-09-28 16:15:00+00:00,83397.0,84188.0,83349.0,84001.0,2175.6173,13978
2026-09-28 16:30:00+00:00,84000.0,84124.0,83664.0,83711.0,520.02316,5492
2026-09-28 16:45:00+00:00,83711.0,83730.0,83565.0,83702.0,358.45528,3357
2026-09-28 17:00:00+00:00,83703.0,84250.0,83550.0,84250.0,538.77105,5818
2026-09-28 17:15:00+00:00,84250.0,84370.0,83868.0,83899.0,499.60418,7070
2026-09-28 17:30:00+00:00,83900.0,84005.0,83838.0,83997.0,107.18119,2513
2026-09-28 17:45:00+00:00,83996.0,84041.0,83823.0,83862.0,121.85691,2338
2026-09-28 18:00:00+00:00,83862.0,83973.0,83829.0,83973.0,94.57641,1962
2026-09-28 18:15:00+00:00,83972.0,83990.0,83886.0,83932.0,58.47666,1590
2026-09-28 18:30:00+00:00,83932.0,83932.0,83788.0,83865.0,183.65729,2394
2026-09-28 18:45:00+00:00,83864.0,84044.0,83804.0,84037.0,114.86077,2172
2026-09-28 19:00:00+00:00,84038.0,84038.0,83631.0,83694.0,1042.76052,6566
2026-09-28 19:15:00+00:00,83693.0,83700.0,83607.0,83608.0,81.62476,1731
2026-09-28 19:30:00+00:00,83608.0,83619.0,83050.0,83274.0,1641.98598,9271
2026-09-28 19:45:00+00:00,83274.0,83385.0,83232.0,83354.0,213.07089,2656
2026-09-28 20:00:00+00:00,83354.0,83569.0,83224.0,83541.0,316.23809,2855
2026-09-28 20:15:00+00:00,83537.0,83537.0,83420.0,83456.0,76.9427,1459
2026-09-28 20:30:00+00:00,83456.0,83535.0,83426.0,83449.0,110.06227,1492
2026-09-28 20:45:00+00:00,83449.0,83502.0,83390.0,83502.0,98.99037,1674
2026-09-28 21:00:00+00:00,83502.0,83630.0,83501.0,83543.0,156.43871,1995
2026-09-28 21:15:00+00:00,83544.0,83552.0,83410.0,83418.0,218.68631,1847
2026-09-28 21:30:00+00:00,83419.0,83441.0,83357.0,83381.0,121.41871,1625
2026-09-28 21:45:00+00:00,83380.0,83400.0,83171.0,83179.0,193.6793,2291
2026-09-28 22:00:00+00:00,83179.0,83197.0,83050.0,83133.0,406.35007,5431
2026-09-28 22:15:00+00:00,83132.0,83195.0,83111.0,83194.0,288.96125,2083
2026-09-28 22:30:00+00:00,83193.0,83442.0,83193.0,83440.0,180.39319,2062
2026-09-28 22:45:00+00:00,83440.0,83508.0,83439.0,83507.0,132.65922,1591
2026-09-28 23:00:00+00:00,83508.0,83596.0,83400.0,83400.0,206.74222,2069
2026-09-28 23:15:00+00:00,83400.0,83548.0,83400.0,83547.0,94.78183,1337
2026-09-28 23:30:00+00:00,83548.0,83580.0,83537.0,83560.0,68.34275,1122
2026-09-28 23:45:00+00:00,83560.0,83560.0,83457.0,83457.0,146.39144,1298
2026-09-29 00:00:00+00:00,83458.0,83500.0,83420.0,83485.0,69.34641,1533
2026-09-29 00:15:00+00:00,83485.0,83503.0,83311.0,83503.0,237.09818,2106
2026-09-29 00:30:00+00:00,83503.0,83579.0,83424.0,83495.0,99.46952,1664
2026-09-29 00:45:00+00:00,83494.0,83494.0,83139.0,83140.0,258.28998,2536
2026-09-29 01:00:00+00:00,83140.0,83196.0,82950.0,82979.0,436.66565,3702
2026-09-29 01:15:00+00:00,82980.0,83014.0,82778.0,82789.0,337.46725,3781
2026-09-29 01:30:00+00:00,82789.0,82960.0,82732.0,82921.0,294.88043,3199
2026-09-29 01:45:00+00:00,82921.0,83068.0,82877.0,83031.0,217.77004,2069
2026-09-29 02:00:00+00:00,83030.0,83057.0,82868.0,82981.0,90.35608,1899
2026-09-29 02:15:00+00:00,82981.0,83115.0,82879.0,82921.0,199.60801,2610
2026-09-29 02:30:00+00:00,82920.0,82991.0,82851.0,82991.0,85.00926,1473
2026-09-29 02:45:00+00:00,82990.0,83078.0,82855.0,82923.0,63.99946,1410
2026-09-29 03:00:00+00:00,82923.0,83007.0,82860.0,82865.0,132.3135,1534
2026-09-29 03:15:00+00:00,82865.0,83178.0,82830.0,83178.0,86.87957,1800
2026-09-29 03:30:00+00:00,83177.0,83178.0,83079.0,83096.0,52.6142,1297
2026-09-29 03:45:00+00:00,83095.0,83139.0,83008.0,83032.0,200.65437,1640
2026-09-29 04:00:00+00:00,83031.0,83124.0,82985.0,83094.0,59.4524,1068
2026-09-29 04:15:00+00:00,83093.0,83258.0,83093.0,83187.0,147.76404,1704
2026-09-29 04:30:00+00:00,83187.0,83187.0,83070.0,83132.0,42.00776,1358
2026-09-29 04:45:00+00:00,83132.0,83173.0,83040.0,83167.0,61.8036,1392
2026-09-29 05:00:00+00:00,83167.0,83231.0,83142.0,83231.0,83.26852,1640
2026-09-29 05:15:00+00:00,83231.0,83313.0,83187.0,83283.0,73.40467,1659
2026-09-29 05:30:00+00:00,83283.0,83293.0,82924.0,83251.0,286.14358,3172
2026-09-29 05:45:00+00:00,83251.0,83399.0,83183.0,83397.0,130.68708,2122
2026-09-29 06:00:00+00:00,83397.0,83853.0,83383.0,83853.0,521.09847,5132
2026-09-29 06:15:00+00:00,83853.0,83859.0,83702.0,83847.0,150.12214,2541
2026-09-29 06:30:00+00:00,83848.0,83920.0,83809.0,83865.0,87.61854,2321
2026-09-29 06:45:00+00:00,83866.0,83970.0,83821.0,83965.0,199.01357,2798
2026-09-29 07:00:00+00:00,83965.0,84000.0,83829.0,83954.0,146.03666,2726
2026-09-29 07:15:00+00:00,83954.0,84041.0,83887.0,83952.0,135.52955,2488
2026-09-29 07:30:00+00:00,83956.0,84170.0,83919.0,83990.0,167.24315,2609
2026-09-29 07:45:00+00:00,83990.0,84037.0,83922.0,83936.0,243.26457,2317
2026-09-29 08:00:00+00:00,83937.0,84041.0,83937.0,84005.0,112.05542,1577
2026-09-29 08:15:00+00:00,84005.0,84334.0,84004.0,84130.0,386.86023,4107
2026-09-29 08:30:00+00:00,84130.0,84130.0,83789.0,83819.0,627.36796,4071
2026-09-29 08:45:00+00:00,83819.0,83840.0,83752.0,83830.0,115.01515,1832
2026-09-29 09:00:00+00:00,83831.0,83832.0,83718.0,83741.0,135.22927,1719
2026-09-29 09:15:00+00:00,83742.0,83867.0,83716.0,83806.0,86.4369,1660
2026-09-29 09:30:00+00:00,83806.0,83973.0,83797.0,83972.0,153.33757,1738
2026-09-29 09:45:00+00:00,83973.0,84311.0,83951.0,84213.0,551.24706,3664
2026-09-29 10:00:00+00:00,84214.0,84286.0,84117.0,84163.0,179.38327,2070
2026-09-29 10:15:00+00:00,84163.0,84185.0,84018.0,84104.0,101.77314,1760
2026-09-29 10:30:00+00:00,84105.0,84114.0,83945.0,83978.0,140.24049,1974
2026-09-29 10:45:00+00:00,83978.0,84041.0,83939.0,83986.0,94.2025,1345
2026-09-29 11:00:00+00:00,83987.0,84064.0,83881.0,83980.0,171.71448,2108
2026-09-29 11:15:00+00:00,83991.0,84044.0,83944.0,84026.0,47.78366,1210
2026-09-29 11:30:00+00:00,84030.0,84245.0,84024.0,84230.0,366.57508,2722
2026-09-29 11:45:00+00:00,84230.0,84469.0,84225.0,84312.0,535.03997,5235
2026-09-29 12:00:00+00:00,84313.0,84389.0,84261.0,84287.0,223.7558,2468
2026-09-29 12:15:00+00:00,84286.0,84455.0,84095.0,84169.0,575.94597,4243
2026-09-29 12:30:00+00:00,84169.0,84445.0,84163.0,84322.0,327.18386,3023
2026-09-29 12:45:00+00:00,84323.0,84360.0,84222.0,84306.0,599.57885,3249
2026-09-29 13:00:00+00:00,84306.0,84428.0,84220.0,84375.0,565.35696,3360
2026-09-29 13:15:00+00:00,84375.0,84522.0,84306.0,84330.0,291.23017,3111
2026-09-29 13:30:00+00:00,84330.0,84330.0,83975.0,84167.0,898.41712,6667
2026-09-29 13:45:00+00:00,84166.0,84440.0,84033.0,84189.0,534.40526,4373
2026-09-29 14:00:00+00:00,84186.0,84260.0,83831.0,83890.0,1291.94162,10832
2026-09-29 14:15:00+00:00,83890.0,84045.0,83811.0,83905.0,405.69194,3272
2026-09-29 14:30:00+00:00,83905.0,83980.0,83733.0,83853.0,268.94893,3180
2026-09-29 14:45:00+00:00,83856.0,83971.0,83650.0,83724.0,230.20209,2864
2026-09-29 15:00:00+00:00,83724.0,83724.0,83325.0,83406.0,626.32973,8062
2026-09-29 15:15:00+00:00,83407.0,83474.0,82858.0,82970.0,1507.3229,12887
2026-09-29 15:30:00+00:00,82970.0,83224.0,82956.0,83152.0,576.58048,6945
2026-09-29 15:45:00+00:00,83152.0,83316.0,82909.0,83048.0,1226.6513,5696
2026-09-29 16:00:00+00:00,83052.0,83130.0,82936.0,83018.0,510.33501,3605
2026-09-29 16:15:00+00:00,83017.0,83283.0,82980.0,83237.0,398.03984,3394
2026-09-29 16:30:00+00:00,83237.0,83257.0,83020.0,83020.0,197.46954,2733
2026-09-29 16:45:00+00:00,83021.0,83063.0,82880.0,83035.0,335.75665,3196
2026-09-29 17:00:00+00:00,83035.0,83168.0,82995.0,83129.0,154.63159,2212
2026-09-29 17:15:00+00:00,83129.0,83155.0,83021.0,83155.0,69.0523,1583
2026-09-29 17:30:00+00:00,83155.0,83193.0,83085.0,83116.0,61.56073,1653
2026-09-29 17:45:00+00:00,83111.0,83152.0,82951.0,83049.0,123.44548,2760
2026-09-29 18:00:00+00:00,83050.0,83408.0,83050.0,83402.0,294.18493,5724
2026-09-29 18:15:00+00:00,83403.0,83495.0,83369.0,83402.0,270.51228,4406
2026-09-29 18:30:00+00:00,83403.0,83678.0,83385.0,83610.0,261.59725,4448
2026-09-29 18:45:00+00:00,83611.0,83665.0,83564.0,83621.0,106.77096,2493
2026-09-29 19:00:00+00:00,83622.0,83679.0,83570.0,83575.0,91.96469,2450
2026-09-29 19:15:00+00:00,83575.0,83626.0,83508.0,83509.0,323.81535,2386
2026-09-29 19:30:00+00:00,83509.0,83586.0,83388.0,83388.0,336.71637,2335
2026-09-29 19:45:00+00:00,83388.0,83618.0,83374.0,83565.0,210.4798,2444
2026-09-29 20:00:00+00:00,83571.0,83578.0,83474.0,83515.0,59.76182,1389
2026-09-29 20:15:00+00:00,83515.0,83626.0,83515.0,83605.0,49.92935,1260
2026-09-29 20:30:00+00:00,83605.0,83627.0,83557.0,83614.0,24.41092,925
2026-09-29 20:45:00+00:00,83615.0,83627.0,83586.0,83587.0,45.95218,993
2026-09-29 21:00:00+00:00,83587.0,83587.0,83475.0,83524.0,228.88691,2022
2026-09-29 21:15:00+00:00,83525.0,83525.0,83334.0,83383.0,307.19661,2430
2026-09-29 21:30:00+00:00,83383.0,83511.0,83369.0,83471.0,188.2884,1849
2026-09-29 21:45:00+00:00,83470.0,83470.0,83380.0,83464.0,113.50142,1487
2026-09-29 22:00:00+00:00,83465.0,83697.0,83464.0,83634.0,114.02358,2096
2026-09-29 22:15:00+00:00,83634.0,83660.0,83520.0,83552.0,129.30985,2101
2026-09-29 22:30:00+00:00,83553.0,83598.0,83499.0,83560.0,220.51336,2289
2026-09-29 22:45:00+00:00,83560.0,83618.0,83540.0,83573.0,184.84913,1518
2026-09-29 23:00:00+00:00,83573.0,83800.0,83568.0,83800.0,150.36457,2106
2026-09-29 23:15:00+00:00,83800.0,83801.0,83679.0,83716.0,120.06801,1403
2026-09-29 23:30:00+00:00,83717.0,83721.0,83590.0,83630.0,49.64836,1148
2026-09-29 23:45:00+00:00,83630.0,83681.0,83588.0,83620.0,169.19,1499
2026-09-30 00:00:00+00:00,83620.0,83689.0,83447.0,83489.0,266.00652,2584
2026-09-30 00:15:00+00:00,83490.0,83544.0,83374.0,83534.0,99.89099,1906
2026-09-30 00:30:00+00:00,83534.0,83581.0,83420.0,83444.0,165.66504,1707
2026-09-30 00:45:00+00:00,83445.0,83445.0,83301.0,83411.0,125.01673,1819
2026-09-30 01:00:00+00:00,83412.0,83435.0,83350.0,83386.0,58.79454,1369
2026-09-30 01:15:00+00:00,83389.0,83521.0,83358.0,83382.0,93.14932,1330
2026-09-30 01:30:00+00:00,83382.0,83412.0,83294.0,83404.0,187.9291,1852
2026-09-30 01:45:00+00:00,83404.0,83460.0,83366.0,83405.0,41.31512,1126
2026-09-30 02:00:00+00:00,83405.0,83581.0,83393.0,83449.0,45.37926,1419
2026-09-30 02:15:00+00:00,83444.0,83519.0,83340.0,83383.0,30.45456,1281
2026-09-30 02:30:00+00:00,83383.0,83405.0,83250.0,83345.0,103.17971,1867
2026-09-30 02:45:00+00:00,83344.0,83452.0,83320.0,83344.0,123.25691,1510
2026-09-30 03:00:00+00:00,83349.0,83399.0,83294.0,83295.0,130.36054,1846
2026-09-30 03:15:00+00:00,83295.0,83296.0,83133.0,83278.0,450.23819,3276
2026-09-30 03:30:00+00:00,83278.0,83393.0,83221.0,83333.0,84.79408,1448
2026-09-30 03:45:00+00:00,83332.0,83333.0,83242.0,83271.0,33.22201,1159
2026-09-30 04:00:00+00:00,83271.0,83370.0,83270.0,83328.0,50.62179,1359
2026-09-30 04:15:00+00:00,83327.0,83390.0,83319.0,83325.0,32.76699,1299
2026-09-30 04:30:00+00:00,83325.0,83378.0,83256.0,83280.0,305.10199,2043
2026-09-30 04:45:00+00:00,83281.0,83288.0,83161.0,83166.0,244.88737,1739
2026-09-30 05:00:00+00:00,83166.0,83315.0,83166.0,83196.0,148.93262,1781
2026-09-30 05:15:00+00:00,83195.0,83350.0,83135.0,83349.0,315.46136,2401
2026-09-30 05:30:00+00:00,83350.0,83483.0,83349.0,83437.0,153.9082,2035
2026-09-30 05:45:00+00:00,83435.0,83454.0,83259.0,83338.0,143.67318,1641
2026-09-30 06:00:00+00:00,83338.0,83396.0,83046.0,83093.0,262.70692,2637
2026-09-30 06:15:00+00:00,83092.0,83153.0,83028.0,83132.0,274.7657,2398
2026-09-30 06:30:00+00:00,83131.0,83131.0,83007.0,83072.0,125.43937,1950
2026-09-30 06:45:00+00:00,83072.0,83161.0,82922.0,83007.0,683.64468,4425
2026-09-30 07:00:00+00:00,83006.0,83070.0,82914.0,82983.0,168.04871,2211
2026-09-30 07:15:00+00:00,82983.0,83360.0,82982.0,83265.0,206.89523,3725
2026-09-30 07:30:00+00:00,83266.0,83389.0,83228.0,83381.0,65.27809,2242
2026-09-30 07:45:00+00:00,83380.0,83423.0,83258.0,83258.0,67.43627,2165
2026-09-30 08:00:00+00:00,83259.0,83295.0,83070.0,83082.0,228.29315,3229
2026-09-30 08:15:00+00:00,83082.0,83244.0,83071.0,83095.0,75.32204,3142
2026-09-30 08:30:00+00:00,83095.0,83100.0,82990.0,83037.0,244.71021,3475
2026-09-30 08:45:00+00:00,83037.0,83138.0,82987.0,83023.0,113.83925,2872
2026-09-30 09:00:00+00:00,83023.0,83259.0,83010.0,83253.0,152.0313,2978
2026-09-30 09:15:00+00:00,83252.0,83400.0,83225.0,83392.0,167.84005,4828
2026-09-30 09:30:00+00:00,83392.0,83769.0,83391.0,83523.0,631.84838,9327
2026-09-30 09:45:00+00:00,83523.0,83600.0,83494.0,83589.0,425.59839,5482
2026-09-30 10:00:00+00:00,83589.0,83753.0,83588.0,83693.0,416.57775,5019
2026-09-30 10:15:00+00:00,83692.0,83841.0,83632.0,83758.0,480.21837,4217
2026-09-30 10:30:00+00:00,83757.0,83910.0,83757.0,83858.0,206.15332,2597
2026-09-30 10:45:00+00:00,83858.0,83915.0,83821.0,83873.0,120.18452,2334
2026-09-30 11:00:00+00:00,83873.0,83873.0,83642.0,83794.0,379.86758,4581
2026-09-30 11:15:00+00:00,83795.0,83840.0,83667.0,83808.0,89.19098,2124
2026-09-30 11:30:00+00:00,83809.0,83941.0,83712.0,83900.0,170.42335,2961
2026-09-30 11:45:00+00:00,83903.0,83942.0,83785.0,83878.0,83.15031,2160
2026-09-30 12:00:00+00:00,83878.0,83906.0,83733.0,83839.0,86.50368,2193
2026-09-30 12:15:00+00:00,83840.0,83906.0,83720.0,83906.0,207.45001,3076
2026-09-30 12:30:00+00:00,83895.0,85060.0,83835.0,84800.0,3354.05927,21870
2026-09-30 12:45:00+00:00,84800.0,85500.0,84711.0,85262.0,2657.22219,16702
2026-09-30 13:00:00+00:00,85263.0,85645.0,85082.0,85375.0,1381.57736,14352
2026-09-30 13:15:00+00:00,85375.0,85486.0,85138.0,85168.0,439.20611,6268
2026-09-30 13:30:00+00:00,85169.0,85549.0,84017.0,84497.0,2837.84798,26445
2026-09-30 13:45:00+00:00,84497.0,84724.0,84371.0,84630.0,603.95936,10649
2026-09-30 14:00:00+00:00,84630.0,84631.0,84116.0,84330.0,895.05358,12935
2026-09-30 14:15:00+00:00,84330.0,84331.0,83608.0,83738.0,1379.26443,12341
2026-09-30 14:30:00+00:00,83738.0,83809.0,83342.0,83540.0,1399.43143,12250
2026-09-30 14:45:00+00:00,83540.0,83973.0,83531.0,83789.0,1139.76374,10102
2026-09-30 15:00:00+00:00,83788.0,83986.0,83709.0,83928.0,478.30405,5397
2026-09-30 15:15:00+00:00,83929.0,84000.0,83668.0,83886.0,400.05357,4307
2026-09-30 15:30:00+00:00,83886.0,84281.0,83885.0,84089.0,450.33779,5768
2026-09-30 15:45:00+00:00,84089.0,84281.0,84081.0,84121.0,321.98828,3138
2026-09-30 16:00:00+00:00,84122.0,84380.0,84121.0,84348.0,313.23101,3819
2026-09-30 16:15:00+00:00,84349.0,84493.0,84271.0,84272.0,515.53041,7491
2026-09-30 16:30:00+00:00,84272.0,84359.0,84197.0,84346.0,230.03228,2968
2026-09-30 16:45:00+00:00,84347.0,84480.0,84300.0,84342.0,121.59237,2660
2026-09-30 17:00:00+00:00,84342.0,84427.0,84264.0,84295.0,246.39863,3341
2026-09-30 17:15:00+00:00,84286.0,84286.0,83985.0,84207.0,375.22597,4085
2026-09-30 17:30:00+00:00,84207.0,84207.0,83910.0,83984.0,250.28738,3361
2026-09-30 17:45:00+00:00,83983.0,84143.0,83954.0,84011.0,89.10027,2130
2026-09-30 18:00:00+00:00,84012.0,84066.0,83912.0,83982.0,140.24444,2497
2026-09-30 18:15:00+00:00,83982.0,84015.0,83852.0,83908.0,234.91139,2760
2026-09-30 18:30:00+00:00,83908.0,83930.0,83789.0,83837.0,239.43161,2988
2026-09-30 18:45:00+00:00,83836.0,83967.0,83770.0,83926.0,209.45,2910
2026-09-30 19:00:00+00:00,83925.0,83950.0,83706.0,83738.0,221.88222,2860
2026-09-30 19:15:00+00:00,83738.0,83778.0,83600.0,83739.0,250.51729,3609
2026-09-30 19:30:00+00:00,83739.0,83938.0,83731.0,83807.0,339.74064,2941
2026-09-30 19:45:00+00:00,83806.0,83825.0,83475.0,83587.0,676.72426,5271
2026-09-30 20:00:00+00:00,83586.0,83654.0,83513.0,83650.0,147.93387,2693
2026-09-30 20:15:00+00:00,83650.0,83762.0,83589.0,83722.0,325.93715,2962
2026-09-30 20:30:00+00:00,83722.0,83734.0,83628.0,83684.0,209.19093,2060
2026-09-30 20:45:00+00:00,83683.0,83717.0,83628.0,83663.0,43.13494,1465
2026-09-30 21:00:00+00:00,83664.0,83798.0,83664.0,83764.0,143.79549,3389
2026-09-30 21:15:00+00:00,83763.0,83826.0,83705.0,83725.0,101.38435,1797
2026-09-30 21:30:00+00:00,83726.0,83815.0,83700.0,83700.0,201.78159,1951
2026-09-30 21:45:00+00:00,83701.0,83750.0,83695.0,83748.0,140.64168,1581
2026-09-30 22:00:00+00:00,83749.0,83755.0,83576.0,83700.0,125.42939,1997
2026-09-30 22:15:00+00:00,83699.0,83832.0,83699.0,83832.0,148.93844,1854
2026-09-30 22:30:00+00:00,83832.0,83856.0,83797.0,83815.0,146.11096,1734
2026-09-30 22:45:00+00:00,83815.0,83815.0,83682.0,83683.0,83.23992,1459
2026-09-30 23:00:00+00:00,83682.0,83778.0,83635.0,83693.0,145.1885,1781
2026-09-30 23:15:00+00:00,83693.0,83844.0,83663.0,83664.0,120.58798,1789
2026-09-30 23:30:00+00:00,83664.0,83685.0,83507.0,83610.0,583.28845,2644
2026-09-30 23:45:00+00:00,83609.0,83633.0,83538.0,83607.0,211.40947,2503
2026-10-01 00:00:00+00:00,83607.0,83648.0,83441.0,83493.0,339.09642,2892
2026-10-01 00:15:00+00:00,83487.0,83488.0,83400.0,83461.0,264.67265,2460
2026-10-01 00:30:00+00:00,83460.0,83560.0,83415.0,83560.0,43.00603,1325
2026-10-01 00:45:00+00:00,83559.0,83567.0,83472.0,83486.0,59.449,1326
2026-10-01 01:00:00+00:00,83487.0,83603.0,83474.0,83579.0,108.58121,1668
2026-10-01 01:15:00+00:00,83579.0,83670.0,83513.0,83619.0,60.86423,1403
2026-10-01 01:30:00+00:00,83618.0,83619.0,83466.0,83588.0,270.81305,3677
2026-10-01 01:45:00+00:00,83587.0,83588.0,83484.0,83501.0,34.46041,1196
2026-10-01 02:00:00+00:00,83500.0,83647.0,83491.0,83583.0,54.41285,1388
2026-10-01 02:15:00+00:00,83582.0,83583.0,83416.0,83525.0,85.58388,1609
2026-10-01 02:30:00+00:00,83525.0,83577.0,83420.0,83426.0,52.68011,1444
2026-10-01 02:45:00+00:00,83425.0,83502.0,83389.0,83467.0,73.32335,1383
2026-10-01 03:00:00+00:00,83466.0,83502.0,83399.0,83457.0,277.90818,1744
2026-10-01 03:15:00+00:00,83456.0,83514.0,83419.0,83505.0,31.79583,970
2026-10-01 03:30:00+00:00,83506.0,83717.0,83444.0,83691.0,91.06037,1677
2026-10-01 03:45:00+00:00,83690.0,83760.0,83614.0,83733.0,49.49743,1562
2026-10-01 04:00:00+00:00,83733.0,83920.0,83733.0,83916.0,399.12996,2686
2026-10-01 04:15:00+00:00,83917.0,83917.0,83700.0,83839.0,188.59569,2138
2026-10-01 04:30:00+00:00,83840.0,83909.0,83765.0,83909.0,116.19334,1880
2026-10-01 04:45:00+00:00,83908.0,84182.0,83908.0,84094.0,339.20167,4256
2026-10-01 05:00:00+00:00,84093.0,84248.0,84003.0,84232.0,101.56982,2371
2026-10-01 05:15:00+00:00,84232.0,84312.0,84231.0,84276.0,108.75214,2486
2026-10-01 05:30:00+00:00,84276.0,84309.0,84189.0,84199.0,162.32721,2086
2026-10-01 05:45:00+00:00,84199.0,84354.0,84199.0,84278.0,88.69061,1886
2026-10-01 06:00:00+00:00,84278.0,84383.0,84214.0,84352.0,105.62953,1951
2026-10-01 06:15:00+00:00,84352.0,84363.0,84276.0,84320.0,72.87914,1325
2026-10-01 06:30:00+00:00,84321.0,84342.0,84084.0,84138.0,159.70818,2577
2026-10-01 06:45:00+00:00,84137.0,84181.0,84091.0,84095.0,130.97606,1521
2026-10-01 07:00:00+00:00,84096.0,84196.0,84023.0,84026.0,88.03126,2097
2026-10-01 07:15:00+00:00,84025.0,84068.0,83301.0,83341.0,734.89198,7488
2026-10-01 07:30:00+00:00,83341.0,83635.0,83323.0,83519.0,654.95296,5235
2026-10-01 07:45:00+00:00,83518.0,83626.0,83365.0,83388.0,256.92438,3154
2026-10-01 08:00:00+00:00,83388.0,83490.0,83308.0,83339.0,147.50752,2748
2026-10-01 08:15:00+00:00,83338.0,83440.0,83321.0,83394.0,141.42028,2230
2026-10-01 08:30:00+00:00,83394.0,83525.0,83133.0,83466.0,756.80657,6350
2026-10-01 08:45:00+00:00,83465.0,83540.0,83411.0,83535.0,82.40389,1710
2026-10-01 09:00:00+00:00,83535.0,83742.0,83530.0,83659.0,289.50363,2861
2026-10-01 09:15:00+00:00,83658.0,83760.0,83644.0,83730.0,185.38902,2067
2026-10-01 09:30:00+00:00,83730.0,83863.0,83730.0,83855.0,218.04475,2720
2026-10-01 09:45:00+00:00,83855.0,83865.0,83710.0,83744.0,92.15963,1782
2026-10-01 10:00:00+00:00,83745.0,83777.0,83377.0,83672.0,641.71589,4918
2026-10-01 10:15:00+00:00,83672.0,83733.0,83516.0,83652.0,115.3547,2070
2026-10-01 10:30:00+00:00,83652.0,83859.0,83651.0,83859.0,196.66597,2149
2026-10-01 10:45:00+00:00,83859.0,84061.0,83823.0,83928.0,297.2885,3253
2026-10-01 11:00:00+00:00,83929.0,83929.0,83778.0,83835.0,95.86044,2179
2026-10-01 11:15:00+00:00,83834.0,83853.0,83752.0,83849.0,67.70536,1577
2026-10-01 11:30:00+00:00,83849.0,83955.0,83765.0,83920.0,64.86077,1566
2026-10-01 11:45:00+00:00,83924.0,84022.0,83867.0,83876.0,180.63981,2115
2026-10-01 12:00:00+00:00,83875.0,83983.0,83875.0,83971.0,63.69,1554
2026-10-01 12:15:00+00:00,83971.0,83971.0,83838.0,83875.0,151.75064,2009
2026-10-01 12:30:00+00:00,83875.0,84029.0,83811.0,83865.0,128.77133,2006
2026-10-01 12:45:00+00:00,83865.0,83903.0,83630.0,83708.0,161.28198,2935
2026-10-01 13:00:00+00:00,83708.0,83713.0,83451.0,83489.0,441.78358,4479
2026-10-01 13:15:00+00:00,83488.0,83593.0,83425.0,83449.0,306.64723,3113
2026-10-01 13:30:00+00:00,83449.0,83950.0,83437.0,83905.0,1102.64594,8072
2026-10-01 13:45:00+00:00,83906.0,84000.0,83636.0,83930.0,275.11825,4649
2026-10-01 14:00:00+00:00,83923.0,84012.0,83514.0,83770.0,560.94362,8430
2026-10-01 14:15:00+00:00,83771.0,84185.0,83757.0,84084.0,407.12737,5652
2026-10-01 14:30:00+00:00,84083.0,84320.0,83951.0,83994.0,760.05671,6511
2026-10-01 14:45:00+00:00,83994.0,84064.0,83742.0,84019.0,523.97286,5082
2026-10-01 15:00:00+00:00,84019.0,84298.0,83789.0,84051.0,451.07292,5515
2026-10-01 15:15:00+00:00,84051.0,84215.0,84014.0,84058.0,200.94368,3461
2026-10-01 15:30:00+00:00,84057.0,84057.0,83790.0,83860.0,391.86694,4440
2026-10-01 15:45:00+00:00,83860.0,84260.0,83859.0,84125.0,360.00423,4396
2026-10-01 16:00:00+00:00,84126.0,84275.0,84106.0,84274.0,337.81837,3771
2026-10-01 16:15:00+00:00,84274.0,84400.0,84224.0,84272.0,298.34591,4261
2026-10-01 16:30:00+00:00,84272.0,84600.0,84168.0,84297.0,512.87412,6954
2026-10-01 16:45:00+00:00,84297.0,84381.0,84023.0,84170.0,322.97666,3651
2026-10-01 17:00:00+00:00,84170.0,84469.0,84164.0,84394.0,319.46031,4139
2026-10-01 17:15:00+00:00,84394.0,84898.0,84394.0,84885.0,738.8946,8003
2026-10-01 17:30:00+00:00,84886.0,85036.0,84741.0,85036.0,653.27696,7331
2026-10-01 17:45:00+00:00,85036.0,85053.0,84745.0,84871.0,641.76504,6317
2026-10-01 18:00:00+00:00,84871.0,84961.0,84655.0,84849.0,624.24875,6407
2026-10-01 18:15:00+00:00,84850.0,84916.0,84768.0,84769.0,164.36691,2719
2026-10-01 18:30:00+00:00,84769.0,85250.0,84768.0,84939.0,674.25465,7421
2026-10-01 18:45:00+00:00,84938.0,84938.0,84633.0,84769.0,578.77752,4363
2026-10-01 19:00:00+00:00,84768.0,84866.0,84707.0,84765.0,630.42883,3538
2026-10-01 19:15:00+00:00,84765.0,84788.0,84568.0,84571.0,305.25453,3512
2026-10-01 19:30:00+00:00,84571.0,84744.0,84559.0,84608.0,149.12119,2672
2026-10-01 19:45:00+00:00,84607.0,84674.0,84528.0,84623.0,670.13183,3799
2026-10-01 20:00:00+00:00,84624.0,84827.0,84624.0,84750.0,186.69793,2667
2026-10-01 20:15:00+00:00,84750.0,84821.0,84727.0,84728.0,157.17503,1906
2026-10-01 20:30:00+00:00,84727.0,84736.0,84551.0,84568.0,189.28911,2393
2026-10-01 20:45:00+00:00,84567.0,84628.0,84519.0,84587.0,144.49647,1611
2026-10-01 21:00:00+00:00,84586.0,84624.0,84574.0,84581.0,39.25143,995
2026-10-01 21:15:00+00:00,84580.0,84647.0,84518.0,84546.0,120.48689,1600
2026-10-01 21:30:00+00:00,84546.0,84571.0,84447.0,84451.0,324.01171,2469
2026-10-01 21:45:00+00:00,84450.0,84525.0,84448.0,84500.0,70.26456,1440
2026-10-01 22:00:00+00:00,84501.0,84746.0,84500.0,84706.0,186.6737,2962
2026-10-01 22:15:00+00:00,84705.0,84736.0,84655.0,84656.0,92.84781,1459
2026-10-01 22:30:00+00:00,84656.0,84746.0,84611.0,84645.0,79.15013,1306
2026-10-01 22:45:00+00:00,84645.0,84731.0,84582.0,84715.0,115.89835,1399
2026-10-01 23:00:00+00:00,84715.0,84715.0,84618.0,84623.0,45.24867,1111
2026-10-01 23:15:00+00:00,84622.0,84739.0,84601.0,84707.0,107.17031,1240
2026-10-01 23:30:00+00:00,84707.0,84828.0,84672.0,84804.0,139.50462,1739
2026-10-01 23:45:00+00:00,84804.0,84866.0,84743.0,84837.0,98.65755,1521
2026-10-02 00:00:00+00:00,84837.0,84888.0,84719.0,84849.0,261.22292,2656
2026-10-02 00:15:00+00:00,84848.0,84910.0,84758.0,84759.0,116.52055,2307
2026-10-02 00:30:00+00:00,84759.0,84859.0,84666.0,84786.0,147.80012,2184
2026-10-02 00:45:00+00:00,84785.0,84785.0,84683.0,84749.0,71.55914,1465
2026-10-02 01:00:00+00:00,84754.0,84757.0,84623.0,84623.0,42.83645,1413
2026-10-02 01:15:00+00:00,84623.0,84672.0,84480.0,84580.0,104.43074,2197
2026-10-02 01:30:00+00:00,84580.0,84617.0,84541.0,84543.0,31.93852,1014
2026-10-02 01:45:00+00:00,84543.0,84966.0,84543.0,84876.0,279.36951,3273
2026-10-02 02:00:00+00:00,84877.0,85097.0,84823.0,85048.0,326.81186,3616
2026-10-02 02:15:00+00:00,85048.0,85048.0,84826.0,84898.0,272.50876,2746
2026-10-02 02:30:00+00:00,84898.0,84953.0,84824.0,84953.0,103.31573,1648
2026-10-02 02:45:00+00:00,84952.0,85175.0,84952.0,85163.0,298.21459,2959
2026-10-02 03:00:00+00:00,85163.0,85495.0,85160.0,85272.0,598.30551,6659
2026-10-02 03:15:00+00:00,85272.0,85308.0,85169.0,85247.0,78.27139,1656
2026-10-02 03:30:00+00:00,85247.0,85437.0,85246.0,85393.0,253.57021,2865
2026-10-02 03:45:00+00:00,85393.0,85534.0,85359.0,85481.0,258.18776,3227
2026-10-02 04:00:00+00:00,85481.0,85589.0,85425.0,85438.0,462.87023,3767
2026-10-02 04:15:00+00:00,85438.0,86765.0,85437.0,86762.0,2043.64274,18347
2026-10-02 04:30:00+00:00,86759.0,86874.0,86352.0,86513.0,1096.43415,8292
2026-10-02 04:45:00+00:00,86497.0,86733.0,86432.0,86627.0,292.68956,3612
2026-10-02 05:00:00+00:00,86627.0,86643.0,86474.0,86542.0,355.48415,3499
2026-10-02 05:15:00+00:00,86543.0,86560.0,86265.0,86316.0,571.51276,3983
2026-10-02 05:30:00+00:00,86316.0,86361.0,85856.0,86116.0,578.28119,5977
2026-10-02 05:45:00+00:00,86115.0,86136.0,85935.0,85972.0,137.23864,2184
2026-10-02 06:00:00+00:00,85972.0,86081.0,85850.0,85879.0,328.05924,3464
2026-10-02 06:15:00+00:00,85878.0,86030.0,85878.0,86004.0,87.97447,2269
2026-10-02 06:30:00+00:00,85990.0,86066.0,85900.0,85971.0,74.27684,1868
2026-10-02 06:45:00+00:00,85972.0,86064.0,85917.0,85963.0,123.95709,2072
2026-10-02 07:00:00+00:00,85963.0,86038.0,85864.0,85932.0,140.45072,2104
2026-10-02 07:15:00+00:00,85931.0,85952.0,85861.0,85918.0,161.48558,1876
2026-10-02 07:30:00+00:00,85918.0,85918.0,85737.0,85743.0,415.81129,3322
2026-10-02 07:45:00+00:00,85743.0,86144.0,85743.0,86076.0,243.59871,3113
2026-10-02 08:00:00+00:00,86075.0,86325.0,86045.0,86294.0,819.60754,5422
2026-10-02 08:15:00+00:00,86294.0,86613.0,86294.0,86371.0,398.29035,4481
2026-10-02 08:30:00+00:00,86372.0,86454.0,86232.0,86291.0,232.43331,3214
2026-10-02 08:45:00+00:00,86292.0,86323.0,86175.0,86213.0,177.81074,3154
2026-10-02 09:00:00+00:00,86213.0,86235.0,86102.0,86192.0,231.46179,2846
2026-10-02 09:15:00+00:00,86193.0,86224.0,86089.0,86202.0,230.26831,2415
2026-10-02 09:30:00+00:00,86203.0,86409.0,86170.0,86327.0,500.82942,3865
2026-10-02 09:45:00+00:00,86327.0,86417.0,86259.0,86338.0,194.67204,3073
2026-10-02 10:00:00+00:00,86338.0,86417.0,86312.0,86319.0,149.19852,1853
2026-10-02 10:15:00+00:00,86318.0,86399.0,86146.0,86398.0,185.03703,2469
2026-10-02 10:30:00+00:00,86396.0,86489.0,86336.0,86413.0,248.74684,2443
2026-10-02 10:45:00+00:00,86412.0,86413.0,86262.0,86273.0,174.51675,2284
2026-10-02 11:00:00+00:00,86272.0,86486.0,86260.0,86438.0,222.3043,3112
2026-10-02 11:15:00+00:00,86438.0,86478.0,86399.0,86400.0,120.76607,2333
2026-10-02 11:30:00+00:00,86399.0,86522.0,86399.0,86472.0,362.85141,3118
2026-10-02 11:45:00+00:00,86471.0,86535.0,86397.0,86398.0,123.8593,2276
2026-10-02 12:00:00+00:00,86397.0,86466.0,86280.0,86397.0,259.3401,3055
2026-10-02 12:15:00+00:00,86396.0,86651.0,86370.0,86608.0,462.13585,4888
2026-10-02 12:30:00+00:00,86615.0,87235.0,86402.0,86470.0,2831.8272,18375
2026-10-02 12:45:00+00:00,86470.0,86906.0,86437.0,86801.0,656.83197,5865
2026-10-02 13:00:00+00:00,86801.0,86937.0,86652.0,86674.0,533.07829,5127
2026-10-02 13:15:00+00:00,86675.0,86740.0,86581.0,86604.0,185.5912,3326
2026-10-02 13:30:00+00:00,86603.0,87162.0,86570.0,86884.0,1505.6188,10788
2026-10-02 13:45:00+00:00,86884.0,86984.0,86451.0,86540.0,932.8074,7567
2026-10-02 14:00:00+00:00,86540.0,86822.0,86288.0,86328.0,697.49971,6875
2026-10-02 14:15:00+00:00,86329.0,86635.0,86053.0,86062.0,540.03756,6409
2026-10-02 14:30:00+00:00,86062.0,86150.0,85641.0,85930.0,1409.88664,11107
2026-10-02 14:45:00+00:00,85930.0,86038.0,85324.0,85668.0,1837.63114,11057
2026-10-02 15:00:00+00:00,85667.0,85736.0,85332.0,85619.0,1494.33597,8747
2026-10-02 15:15:00+00:00,85618.0,85673.0,85291.0,85461.0,895.30034,5530
2026-10-02 15:30:00+00:00,85461.0,85523.0,85301.0,85320.0,784.62203,5081
2026-10-02 15:45:00+00:00,85320.0,85433.0,85133.0,85317.0,632.2823,5746
2026-10-02 16:00:00+00:00,85317.0,85497.0,85120.0,85198.0,429.18527,5612
2026-10-02 16:15:00+00:00,85198.0,85324.0,85111.0,85164.0,234.42749,3240
2026-10-02 16:30:00+00:00,85164.0,85223.0,85000.0,85177.0,486.63164,4402
2026-10-02 16:45:00+00:00,85178.0,85285.0,85074.0,85152.0,230.77438,2969
2026-10-02 17:00:00+00:00,85152.0,85256.0,84888.0,84908.0,283.87336,3455
2026-10-02 17:15:00+00:00,84908.0,84971.0,84565.0,84600.0,1435.25492,10078
2026-10-02 17:30:00+00:00,84601.0,84784.0,84505.0,84613.0,526.44794,5511
2026-10-02 17:45:00+00:00,84613.0,84812.0,84577.0,84774.0,246.97847,3303
2026-10-02 18:00:00+00:00,84775.0,84886.0,84765.0,84879.0,288.66938,2721
2026-10-02 18:15:00+00:00,84879.0,84879.0,84536.0,84590.0,498.57527,4544
2026-10-02 18:30:00+00:00,84590.0,84615.0,83878.0,84019.0,1769.60081,13410
2026-10-02 18:45:00+00:00,84019.0,84279.0,83846.0,84232.0,604.00432,6612
2026-10-02 19:00:00+00:00,84233.0,84294.0,84049.0,84106.0,287.09848,3644
2026-10-02 19:15:00+00:00,84107.0,84169.0,83942.0,84116.0,486.34585,4766
2026-10-02 19:30:00+00:00,84116.0,84217.0,84066.0,84151.0,509.60175,3553
2026-10-02 19:45:00+00:00,84151.0,84313.0,84134.0,84281.0,224.13426,2643
2026-10-02 20:00:00+00:00,84281.0,84443.0,84281.0,84339.0,313.48236,3530
2026-10-02 20:15:00+00:00,84339.0,84513.0,84309.0,84317.0,208.97958,2727
2026-10-02 20:30:00+00:00,84317.0,84418.0,84193.0,84196.0,220.23475,2606
2026-10-02 20:45:00+00:00,84196.0,84469.0,84192.0,84422.0,141.33223,2406
2026-10-02 21:00:00+00:00,84422.0,84500.0,84406.0,84457.0,114.27249,1779
2026-10-02 21:15:00+00:00,84457.0,84475.0,84387.0,84400.0,84.4388,1445
2026-10-02 21:30:00+00:00,84400.0,84509.0,84375.0,84489.0,119.50894,1829
2026-10-02 21:45:00+00:00,84489.0,84499.0,84463.0,84473.0,159.37481,1590
2026-10-02 22:00:00+00:00,84474.0,84505.0,84415.0,84481.0,239.71783,2214
2026-10-02 22:15:00+00:00,84481.0,84506.0,84444.0,84480.0,139.80501,1517
2026-10-02 22:30:00+00:00,84480.0,84510.0,84455.0,84476.0,47.49295,1033
2026-10-02 22:45:00+00:00,84476.0,84520.0,84465.0,84520.0,58.54792,1149
2026-10-02 23:00:00+00:00,84520.0,84526.0,84443.0,84450.0,86.73015,1318
2026-10-02 23:15:00+00:00,84450.0,84527.0,84449.0,84526.0,78.66456,1048
2026-10-02 23:30:00+00:00,84526.0,84537.0,84473.0,84529.0,31.29252,1049
2026-10-02 23:45:00+00:00,84529.0,84538.0,84482.0,84482.0,39.97408,1107
2026-10-03 00:00:00+00:00,84483.0,84488.0,84410.0,84476.0,90.3347,1847
2026-10-03 00:15:00+00:00,84476.0,84532.0,84476.0,84515.0,58.65005,1345
2026-10-03 00:30:00+00:00,84515.0,84624.0,84515.0,84592.0,172.59338,2466
2026-10-03 00:45:00+00:00,84591.0,84645.0,84590.0,84613.0,135.90193,1409
2026-10-03 01:00:00+00:00,84613.0,84656.0,84598.0,84620.0,109.23024,1420
2026-10-03 01:15:00+00:00,84620.0,84684.0,84574.0,84576.0,48.12779,1378
2026-10-03 01:30:00+00:00,84576.0,84623.0,84575.0,84595.0,43.42459,1128
2026-10-03 01:45:00+00:00,84595.0,84603.0,84574.0,84601.0,46.76637,1084
2026-10-03 02:00:00+00:00,84601.0,84611.0,84564.0,84574.0,23.39985,1043
2026-10-03 02:15:00+00:00,84574.0,84643.0,84573.0,84615.0,25.04444,1121
2026-10-03 02:30:00+00:00,84614.0,84665.0,84613.0,84643.0,29.27748,873
2026-10-03 02:45:00+00:00,84643.0,84643.0,84562.0,84563.0,34.67105,1015
2026-10-03 03:00:00+00:00,84563.0,84584.0,84483.0,84500.0,102.78513,2085
2026-10-03 03:15:00+00:00,84500.0,84573.0,84499.0,84554.0,28.64062,908
2026-10-03 03:30:00+00:00,84554.0,84617.0,84553.0,84616.0,32.87206,829
2026-10-03 03:45:00+00:00,84617.0,84657.0,84615.0,84657.0,33.80112,824
2026-10-03 04:00:00+00:00,84658.0,84690.0,84630.0,84631.0,72.2828,1279
2026-10-03 04:15:00+00:00,84631.0,84631.0,84492.0,84493.0,33.47389,1163
2026-10-03 04:30:00+00:00,84493.0,84531.0,84481.0,84520.0,40.67235,1076
2026-10-03 04:45:00+00:00,84520.0,84563.0,84519.0,84545.0,60.1994,1556
2026-10-03 05:00:00+00:00,84546.0,84547.0,84506.0,84535.0,46.69534,991
2026-10-03 05:15:00+00:00,84535.0,84588.0,84534.0,84587.0,15.43718,755
2026-10-03 05:30:00+00:00,84588.0,84604.0,84587.0,84600.0,15.24887,715
2026-10-03 05:45:00+00:00,84600.0,84620.0,84580.0,84597.0,91.10097,1266
2026-10-03 06:00:00+00:00,84599.0,84637.0,84589.0,84590.0,44.67618,901
2026-10-03 06:15:00+00:00,84590.0,84632.0,84589.0,84602.0,49.77826,854
2026-10-03 06:30:00+00:00,84602.0,84624.0,84575.0,84611.0,23.7053,756
2026-10-03 06:45:00+00:00,84611.0,84611.0,84512.0,84539.0,35.53586,1048
2026-10-03 07:00:00+00:00,84539.0,84576.0,84531.0,84547.0,11.89398,743
2026-10-03 07:15:00+00:00,84548.0,84595.0,84543.0,84595.0,21.25766,866
2026-10-03 07:30:00+00:00,84595.0,84620.0,84531.0,84532.0,27.2282,1003
2026-10-03 07:45:00+00:00,84532.0,84575.0,84529.0,84529.0,24.25933,919
2026-10-03 08:00:00+00:00,84529.0,84612.0,84517.0,84612.0,27.43605,978
2026-10-03 08:15:00+00:00,84612.0,84612.0,84531.0,84557.0,42.77626,1053
2026-10-03 08:30:00+00:00,84552.0,84579.0,84533.0,84579.0,7.12717,740
2026-10-03 08:45:00+00:00,84579.0,84598.0,84575.0,84575.0,8.62977,999
2026-10-03 09:00:00+00:00,84572.0,84610.0,84570.0,84596.0,13.96795,581
2026-10-03 09:15:00+00:00,84597.0,84600.0,84556.0,84556.0,29.32301,684
2026-10-03 09:30:00+00:00,84556.0,84556.0,84547.0,84548.0,12.381,571
2026-10-03 09:45:00+00:00,84549.0,84550.0,84544.0,84549.0,15.07031,496
2026-10-03 10:00:00+00:00,84549.0,84560.0,84548.0,84551.0,7.46676,408
2026-10-03 10:15:00+00:00,84551.0,84566.0,84534.0,84553.0,12.36011,587
2026-10-03 10:30:00+00:00,84549.0,84579.0,84548.0,84568.0,20.63158,557
2026-10-03 10:45:00+00:00,84568.0,84600.0,84567.0,84600.0,57.94875,577
2026-10-03 11:00:00+00:00,84597.0,84600.0,84579.0,84600.0,8.13665,269
