ts,o,h,l,c,v,n
2026-08-12 06:30:00+00:00,63598.0,63636.0,63567.0,63597.0,14.29692,236
2026-08-12 06:45:00+00:00,63602.0,63656.0,63570.0,63656.0,3.06139,156
2026-08-12 07:00:00+00:00,63656.0,63742.0,63652.0,63703.0,1.18428,130
2026-08-12 07:15:00+00:00,63703.0,63704.0,63670.0,63674.0,5.81175,177
2026-08-12 07:30:00+00:00,63674.0,63719.0,63635.0,63640.0,0.09058,114
2026-08-12 07:45:00+00:00,63634.0,63774.0,63588.0,63774.0,0.83822,159
2026-08-12 08:00:00+00:00,63774.0,63807.0,63720.0,63730.0,2.47745,146
2026-08-12 08:15:00+00:00,63730.0,63771.0,63726.0,63759.0,11.08716,187
2026-08-12 08:30:00+00:00,63758.0,63758.0,63715.0,63716.0,0.72754,125
2026-08-12 08:45:00+00:00,63716.0,63757.0,63704.0,63732.0,12.01717,172
2026-08-12 09:00:00+00:00,63732.0,63794.0,63708.0,63790.0,1.17321,125
2026-08-12 09:15:00+00:00,63792.0,63937.0,63791.0,63917.0,2.07649,199
2026-08-12 09:30:00+00:00,63918.0,64020.0,63918.0,63982.0,1.37877,155
2026-08-12 09:45:00+00:00,63982.0,64046.0,63968.0,64046.0,2.45725,147
2026-08-12 10:00:00+00:00,64046.0,64142.0,64043.0,64063.0,2.53772,144
2026-08-12 10:15:00+00:00,64063.0,64080.0,64004.0,64009.0,0.97246,138
2026-08-12 10:30:00+00:00,64009.0,64104.0,64009.0,64086.0,0.2873,117
2026-08-12 10:45:00+00:00,64086.0,64097.0,64027.0,64077.0,0.59547,109
2026-08-12 11:00:00+00:00,64094.0,64150.0,64048.0,64078.0,0.79545,138
2026-08-12 11:15:00+00:00,64078.0,64142.0,64066.0,64139.0,1.15732,125
2026-08-12 11:30:00+00:00,64139.0,64153.0,64092.0,64126.0,1.33159,109
2026-08-12 11:45:00+00:00,64126.0,64182.0,64125.0,64177.0,0.40149,128
2026-08-12 12:00:00+00:00,64177.0,64237.0,64159.0,64203.0,2.10329,155
2026-08-12 12:15:00+00:00,64202.0,64360.0,64202.0,64341.0,2.44751,172
2026-08-12 12:30:00+00:00,64358.0,64414.0,63975.0,64041.0,5.36887,299
2026-08-12 12:45:00+00:00,64041.0,64123.0,63927.0,64065.0,2.71147,140
2026-08-12 13:00:00+00:00,64067.0,64092.0,63896.0,63928.0,0.22898,124
2026-08-12 13:15:00+00:00,63927.0,63983.0,63866.0,63885.0,2.42242,139
2026-08-12 13:30:00+00:00,63902.0,63961.0,63830.0,63929.0,0.4271,123
2026-08-12 13:45:00+00:00,63929.0,64011.0,63787.0,63791.0,4.82073,145
2026-08-12 14:00:00+00:00,63786.0,63859.0,63568.0,63739.0,1.01576,180
2026-08-12 14:15:00+00:00,63742.0,63777.0,63617.0,63617.0,0.93,148
2026-08-12 14:30:00+00:00,63617.0,63645.0,63480.0,63564.0,1.81433,204
2026-08-12 14:45:00+00:00,63560.0,63590.0,63321.0,63321.0,3.54146,196
2026-08-12 15:00:00+00:00,63322.0,63464.0,63277.0,63441.0,5.24547,227
2026-08-12 15:15:00+00:00,63441.0,63483.0,63387.0,63428.0,2.42297,171
2026-08-12 15:30:00+00:00,63431.0,63505.0,63338.0,63467.0,3.71398,207
2026-08-12 15:45:00+00:00,63467.0,63488.0,63363.0,63382.0,0.9094,147
2026-08-12 16:00:00+00:00,63383.0,63436.0,63320.0,63413.0,2.22659,152
2026-08-12 16:15:00+00:00,63419.0,63490.0,63400.0,63490.0,0.96141,153
2026-08-12 16:30:00+00:00,63490.0,63510.0,63449.0,63460.0,0.68385,148
2026-08-12 16:45:00+00:00,63460.0,63460.0,63414.0,63430.0,0.19971,119
2026-08-12 17:00:00+00:00,63430.0,63480.0,63427.0,63475.0,0.21736,125
2026-08-12 17:15:00+00:00,63476.0,63493.0,63362.0,63385.0,0.28978,126
2026-08-12 17:30:00+00:00,63385.0,63445.0,63353.0,63415.0,0.43445,136
2026-08-12 17:45:00+00:00,63415.0,63481.0,63392.0,63414.0,1.42938,142
2026-08-12 18:00:00+00:00,63415.0,63452.0,63367.0,63428.0,0.25783,119
2026-08-12 18:15:00+00:00,63428.0,63428.0,63329.0,63390.0,1.24206,127
2026-08-12 18:30:00+00:00,63380.0,63459.0,63369.0,63393.0,0.40948,142
2026-08-12 18:45:00+00:00,63392.0,63392.0,63322.0,63334.0,0.41074,129
2026-08-12 19:00:00+00:00,63334.0,63373.0,63321.0,63331.0,0.34543,122
2026-08-12 19:15:00+00:00,63331.0,63403.0,63260.0,63328.0,1.34016,158
2026-08-12 19:30:00+00:00,63329.0,63347.0,63283.0,63283.0,0.22498,129
2026-08-12 19:45:00+00:00,63283.0,63372.0,63261.0,63369.0,0.16967,123
2026-08-12 20:00:00+00:00,63369.0,63460.0,63368.0,63408.0,0.77528,160
2026-08-12 20:15:00+00:00,63408.0,63462.0,63372.0,63451.0,0.35689,183
2026-08-12 20:30:00+00:00,63451.0,63519.0,63450.0,63492.0,0.48014,115
2026-08-12 20:45:00+00:00,63492.0,63549.0,63475.0,63549.0,2.11865,128
2026-08-12 21:00:00+00:00,63550.0,63591.0,63498.0,63523.0,0.52744,125
2026-08-12 21:15:00+00:00,63523.0,63540.0,63417.0,63430.0,0.21515,110
2026-08-12 21:30:00+00:00,63431.0,63483.0,63372.0,63482.0,1.56625,163
2026-08-12 21:45:00+00:00,63483.0,63522.0,63404.0,63412.0,0.26844,126
2026-08-12 22:00:00+00:00,63406.0,63480.0,63372.0,63438.0,0.8772,128
2026-08-12 22:15:00+00:00,63439.0,63476.0,63429.0,63436.0,0.25825,121
2026-08-12 22:30:00+00:00,63434.0,63434.0,63321.0,63348.0,2.09677,195
2026-08-12 22:45:00+00:00,63348.0,63378.0,63334.0,63372.0,0.33765,130
2026-08-12 23:00:00+00:00,63372.0,63380.0,63333.0,63355.0,0.12015,146
2026-08-12 23:15:00+00:00,63355.0,63374.0,63321.0,63359.0,0.27886,193
2026-08-12 23:30:00+00:00,63367.0,63409.0,63337.0,63363.0,2.83242,179
2026-08-12 23:45:00+00:00,63364.0,63424.0,63348.0,63424.0,0.43492,197
2026-08-13 00:00:00+00:00,63420.0,63539.0,63405.0,63538.0,1.85771,194
2026-08-13 00:15:00+00:00,63539.0,63634.0,63526.0,63559.0,0.37307,239
2026-08-13 00:30:00+00:00,63560.0,63560.0,63438.0,63448.0,0.59054,202
2026-08-13 00:45:00+00:00,63448.0,63539.0,63435.0,63492.0,0.36252,157
2026-08-13 01:00:00+00:00,63489.0,63566.0,63458.0,63566.0,0.22283,136
2026-08-13 01:15:00+00:00,63567.0,63567.0,63340.0,63352.0,0.43307,160
2026-08-13 01:30:00+00:00,63352.0,63472.0,63343.0,63348.0,0.13096,134
2026-08-13 01:45:00+00:00,63341.0,63446.0,63321.0,63389.0,0.58515,157
2026-08-13 02:00:00+00:00,63390.0,63413.0,63359.0,63390.0,0.12109,145
2026-08-13 02:15:00+00:00,63391.0,63413.0,63355.0,63401.0,0.26854,140
2026-08-13 02:30:00+00:00,63393.0,63427.0,63313.0,63427.0,0.28415,154
2026-08-13 02:45:00+00:00,63430.0,63508.0,63402.0,63481.0,0.2113,137
2026-08-13 03:00:00+00:00,63482.0,63513.0,63445.0,63506.0,1.07552,161
2026-08-13 03:15:00+00:00,63507.0,63565.0,63501.0,63510.0,0.32734,181
2026-08-13 03:30:00+00:00,63510.0,63569.0,63498.0,63509.0,0.26013,160
2026-08-13 03:45:00+00:00,63510.0,63613.0,63509.0,63582.0,0.21127,173
2026-08-13 04:00:00+00:00,63583.0,63613.0,63561.0,63612.0,0.80837,185
2026-08-13 04:15:00+00:00,63610.0,63610.0,63532.0,63535.0,0.67202,212
2026-08-13 04:30:00+00:00,63536.0,63652.0,63535.0,63633.0,0.15559,172
2026-08-13 04:45:00+00:00,63634.0,63703.0,63634.0,63638.0,0.43141,156
2026-08-13 05:00:00+00:00,63638.0,63816.0,63608.0,63816.0,2.20464,168
2026-08-13 05:15:00+00:00,63817.0,63928.0,63817.0,63874.0,1.07632,181
2026-08-13 05:30:00+00:00,63879.0,63889.0,63832.0,63861.0,0.16232,133
2026-08-13 05:45:00+00:00,63861.0,63874.0,63814.0,63814.0,10.34605,169
2026-08-13 06:00:00+00:00,63807.0,63818.0,63751.0,63774.0,0.94464,188
2026-08-13 06:15:00+00:00,63775.0,63785.0,63749.0,63763.0,1.86389,186
2026-08-13 06:30:00+00:00,63764.0,63764.0,63686.0,63686.0,6.65135,191
2026-08-13 06:45:00+00:00,63687.0,63863.0,63686.0,63863.0,8.35035,199
2026-08-13 07:00:00+00:00,63866.0,63870.0,63795.0,63804.0,5.72396,160
2026-08-13 07:15:00+00:00,63805.0,63841.0,63787.0,63824.0,7.48492,158
2026-08-13 07:30:00+00:00,63824.0,63826.0,63804.0,63811.0,7.75986,147
2026-08-13 07:45:00+00:00,63811.0,63811.0,63777.0,63793.0,7.47559,176
2026-08-13 08:00:00+00:00,63793.0,63843.0,63767.0,63767.0,3.91689,169
2026-08-13 08:15:00+00:00,63767.0,63770.0,63725.0,63726.0,0.58291,119
2026-08-13 08:30:00+00:00,63726.0,63746.0,63715.0,63745.0,0.5186,113
2026-08-13 08:45:00+00:00,63745.0,63745.0,63684.0,63696.0,0.85352,111
2026-08-13 09:00:00+00:00,63697.0,63697.0,63565.0,63565.0,0.63995,121
2026-08-13 09:15:00+00:00,63565.0,63657.0,63514.0,63597.0,1.53646,107
2026-08-13 09:30:00+00:00,63598.0,63645.0,63597.0,63639.0,0.43968,101
2026-08-13 09:45:00+00:00,63644.0,63723.0,63643.0,63717.0,0.2756,98
2026-08-13 10:00:00+00:00,63717.0,63748.0,63553.0,63553.0,1.4886,142
2026-08-13 10:15:00+00:00,63554.0,63612.0,63554.0,63565.0,0.79983,102
2026-08-13 10:30:00+00:00,63565.0,63585.0,63531.0,63585.0,3.65738,191
2026-08-13 10:45:00+00:00,63585.0,63599.0,63578.0,63597.0,0.7285,229
2026-08-13 11:00:00+00:00,63598.0,63607.0,63552.0,63569.0,1.4322,262
2026-08-13 11:15:00+00:00,63568.0,63572.0,63381.0,63381.0,1.34191,314
2026-08-13 11:30:00+00:00,63380.0,63420.0,63297.0,63402.0,0.40037,256
2026-08-13 11:45:00+00:00,63408.0,63449.0,63403.0,63427.0,3.88477,146
2026-08-13 12:00:00+00:00,63427.0,63490.0,63393.0,63490.0,0.48773,93
2026-08-13 12:15:00+00:00,63500.0,63531.0,63487.0,63520.0,1.88619,140
2026-08-13 12:30:00+00:00,63520.0,63600.0,63417.0,63525.0,1.17834,141
2026-08-13 12:45:00+00:00,63525.0,63644.0,63500.0,63632.0,1.71926,353
2026-08-13 13:00:00+00:00,63632.0,63739.0,63632.0,63673.0,0.38006,201
2026-08-13 13:15:00+00:00,63674.0,63674.0,63512.0,63541.0,0.42453,113
2026-08-13 13:30:00+00:00,63539.0,63789.0,63512.0,63744.0,1.10948,132
2026-08-13 13:45:00+00:00,63729.0,63783.0,63621.0,63638.0,3.25601,138
2026-08-13 14:00:00+00:00,63660.0,63779.0,63619.0,63746.0,2.36403,162
2026-08-13 14:15:00+00:00,63747.0,63817.0,63715.0,63739.0,0.8704,135
2026-08-13 14:30:00+00:00,63742.0,63929.0,63706.0,63898.0,1.21625,130
2026-08-13 14:45:00+00:00,63898.0,63898.0,63808.0,63808.0,0.94324,132
2026-08-13 15:00:00+00:00,63804.0,63883.0,63767.0,63775.0,1.55481,130
2026-08-13 15:15:00+00:00,63775.0,63833.0,63548.0,63575.0,1.96059,171
2026-08-13 15:30:00+00:00,63576.0,63698.0,63567.0,63677.0,2.71687,162
2026-08-13 15:45:00+00:00,63677.0,63677.0,63370.0,63370.0,2.4419,166
2026-08-13 16:00:00+00:00,63369.0,63448.0,63350.0,63412.0,1.1616,153
2026-08-13 16:15:00+00:00,63411.0,63511.0,63270.0,63298.0,4.23646,241
2026-08-13 16:30:00+00:00,63307.0,63378.0,62802.0,62945.0,13.45728,504
2026-08-13 16:45:00+00:00,62930.0,63184.0,62891.0,63114.0,2.13054,176
2026-08-13 17:00:00+00:00,63109.0,63109.0,63028.0,63083.0,1.76114,143
2026-08-13 17:15:00+00:00,63084.0,63201.0,63046.0,63134.0,5.52809,204
2026-08-13 17:30:00+00:00,63134.0,63200.0,63052.0,63192.0,2.36714,168
2026-08-13 17:45:00+00:00,63185.0,63239.0,63093.0,63093.0,2.69222,138
2026-08-13 18:00:00+00:00,63090.0,63242.0,63066.0,63157.0,2.1517,155
2026-08-13 18:15:00+00:00,63157.0,63194.0,63059.0,63060.0,6.11037,175
2026-08-13 18:30:00+00:00,63060.0,63141.0,63051.0,63138.0,5.60945,133
2026-08-13 18:45:00+00:00,63139.0,63299.0,63123.0,63243.0,2.16475,165
2026-08-13 19:00:00+00:00,63244.0,63445.0,63244.0,63342.0,5.70008,215
2026-08-13 19:15:00+00:00,63342.0,63365.0,63317.0,63356.0,0.32012,128
2026-08-13 19:30:00+00:00,63352.0,63377.0,63326.0,63361.0,0.78382,132
2026-08-13 19:45:00+00:00,63353.0,63403.0,63332.0,63340.0,1.31794,129
2026-08-13 20:00:00+00:00,63345.0,63405.0,63310.0,63354.0,0.20743,114
2026-08-13 20:15:00+00:00,63354.0,63395.0,63354.0,63388.0,0.87529,166
2026-08-13 20:30:00+00:00,63388.0,63411.0,63350.0,63350.0,3.02283,188
2026-08-13 20:45:00+00:00,63350.0,63352.0,63320.0,63347.0,1.6228,146
2026-08-13 21:00:00+00:00,63346.0,63409.0,63331.0,63370.0,1.5848,134
2026-08-13 21:15:00+00:00,63370.0,63391.0,63358.0,63389.0,1.66761,125
2026-08-13 21:30:00+00:00,63395.0,63441.0,63382.0,63386.0,0.16474,105
2026-08-13 21:45:00+00:00,63392.0,63422.0,63379.0,63422.0,3.87196,147
2026-08-13 22:00:00+00:00,63422.0,63563.0,63420.0,63551.0,2.67493,148
2026-08-13 22:15:00+00:00,63550.0,63586.0,63526.0,63570.0,0.41008,119
2026-08-13 22:30:00+00:00,63570.0,63577.0,63497.0,63502.0,0.87698,115
2026-08-13 22:45:00+00:00,63503.0,63511.0,63470.0,63473.0,0.64737,106
2026-08-13 23:00:00+00:00,63473.0,63489.0,63411.0,63422.0,1.07067,135
2026-08-13 23:15:00+00:00,63425.0,63440.0,63393.0,63422.0,0.42068,123
2026-08-13 23:30:00+00:00,63422.0,63439.0,63386.0,63402.0,0.99572,126
2026-08-13 23:45:00+00:00,63402.0,63436.0,63354.0,63436.0,2.84295,170
2026-08-14 00:00:00+00:00,63437.0,63458.0,63389.0,63450.0,0.47713,140
2026-08-14 00:15:00+00:00,63451.0,63511.0,63369.0,63395.0,1.27263,173
2026-08-14 00:30:00+00:00,63396.0,63489.0,63357.0,63468.0,1.94844,162
2026-08-14 00:45:00+00:00,63469.0,63502.0,63420.0,63486.0,0.73359,122
2026-08-14 01:00:00+00:00,63487.0,63533.0,63430.0,63452.0,0.15173,110
2026-08-14 01:15:00+00:00,63452.0,63514.0,63405.0,63431.0,0.80054,114
2026-08-14 01:30:00+00:00,63431.0,63505.0,63410.0,63504.0,1.2383,122
2026-08-14 01:45:00+00:00,63505.0,63511.0,63460.0,63511.0,1.92325,115
2026-08-14 02:00:00+00:00,63516.0,63550.0,63463.0,63500.0,2.86733,137
2026-08-14 02:15:00+00:00,63501.0,63512.0,63417.0,63425.0,10.131,154
2026-08-14 02:30:00+00:00,63426.0,63497.0,63425.0,63452.0,4.65864,141
2026-08-14 02:45:00+00:00,63452.0,63497.0,63411.0,63411.0,1.59046,133
2026-08-14 03:00:00+00:00,63411.0,63433.0,63355.0,63433.0,0.30315,140
2026-08-14 03:15:00+00:00,63434.0,63510.0,63397.0,63401.0,1.29059,132
2026-08-14 03:30:00+00:00,63402.0,63402.0,63292.0,63316.0,0.40515,130
2026-08-14 03:45:00+00:00,63316.0,63316.0,63249.0,63252.0,0.26058,117
2026-08-14 04:00:00+00:00,63252.0,63347.0,63215.0,63339.0,10.13563,151
2026-08-14 04:15:00+00:00,63340.0,63403.0,63293.0,63350.0,14.58859,288
2026-08-14 04:30:00+00:00,63350.0,63360.0,63326.0,63330.0,0.4264,123
2026-08-14 04:45:00+00:00,63330.0,63334.0,63304.0,63310.0,1.72829,149
2026-08-14 05:00:00+00:00,63309.0,63329.0,63265.0,63271.0,0.85742,133
2026-08-14 05:15:00+00:00,63270.0,63287.0,63227.0,63260.0,0.23688,115
2026-08-14 05:30:00+00:00,63253.0,63304.0,63253.0,63283.0,0.33125,110
2026-08-14 05:45:00+00:00,63284.0,63329.0,63283.0,63313.0,0.64685,139
2026-08-14 06:00:00+00:00,63313.0,63313.0,63208.0,63224.0,10.31689,166
2026-08-14 06:15:00+00:00,63225.0,63229.0,63114.0,63115.0,1.57797,124
2026-08-14 06:30:00+00:00,63115.0,63172.0,63107.0,63109.0,0.73765,159
2026-08-14 06:45:00+00:00,63110.0,63134.0,62871.0,62906.0,4.47187,452
2026-08-14 07:00:00+00:00,62907.0,63020.0,62880.0,63001.0,2.18396,334
2026-08-14 07:15:00+00:00,63001.0,63042.0,62999.0,63034.0,3.05217,288
2026-08-14 07:30:00+00:00,63034.0,63035.0,62894.0,62961.0,1.06414,264
2026-08-14 07:45:00+00:00,62960.0,62961.0,62861.0,62862.0,3.48624,307
2026-08-14 08:00:00+00:00,62862.0,62883.0,62837.0,62850.0,4.21017,315
2026-08-14 08:15:00+00:00,62851.0,62933.0,62690.0,62720.0,3.3673,452
2026-08-14 08:30:00+00:00,62720.0,62817.0,62647.0,62776.0,0.68048,314
2026-08-14 08:45:00+00:00,62776.0,62880.0,62756.0,62872.0,5.95044,304
2026-08-14 09:00:00+00:00,62879.0,62879.0,62800.0,62818.0,0.89287,303
2026-08-14 09:15:00+00:00,62818.0,62854.0,62738.0,62738.0,2.41138,171
2026-08-14 09:30:00+00:00,62738.0,62762.0,62695.0,62701.0,0.97072,126
2026-08-14 09:45:00+00:00,62717.0,62766.0,62716.0,62733.0,0.25853,92
2026-08-14 10:00:00+00:00,62733.0,62794.0,62691.0,62789.0,1.33775,123
2026-08-14 10:15:00+00:00,62794.0,62863.0,62787.0,62825.0,3.04712,132
2026-08-14 10:30:00+00:00,62826.0,62886.0,62793.0,62809.0,1.26232,101
2026-08-14 10:45:00+00:00,62809.0,62829.0,62743.0,62750.0,0.16419,91
2026-08-14 11:00:00+00:00,62757.0,62808.0,62753.0,62787.0,0.93187,107
2026-08-14 11:15:00+00:00,62790.0,62847.0,62776.0,62825.0,3.1292,149
2026-08-14 11:30:00+00:00,62824.0,62870.0,62780.0,62823.0,0.88653,113
2026-08-14 11:45:00+00:00,62834.0,62865.0,62799.0,62805.0,0.48384,103
2026-08-14 12:00:00+00:00,62806.0,62843.0,62705.0,62742.0,7.88126,176
2026-08-14 12:15:00+00:00,62760.0,62827.0,62737.0,62827.0,6.11436,167
2026-08-14 12:30:00+00:00,62828.0,62850.0,62701.0,62701.0,0.65826,109
2026-08-14 12:45:00+00:00,62701.0,62746.0,62667.0,62679.0,3.09481,135
2026-08-14 13:00:00+00:00,62671.0,62688.0,62545.0,62637.0,3.9242,221
2026-08-14 13:15:00+00:00,62622.0,62729.0,62577.0,62726.0,3.82664,137
2026-08-14 13:30:00+00:00,62727.0,62758.0,62566.0,62650.0,12.75588,211
2026-08-14 13:45:00+00:00,62667.0,62692.0,62543.0,62591.0,1.3543,145
2026-08-14 14:00:00+00:00,62604.0,62660.0,62538.0,62545.0,5.93635,204
2026-08-14 14:15:00+00:00,62550.0,62639.0,62521.0,62630.0,3.00279,152
2026-08-14 14:30:00+00:00,62615.0,62729.0,62592.0,62689.0,4.06682,149
2026-08-14 14:45:00+00:00,62690.0,62722.0,62498.0,62567.0,15.83636,305
2026-08-14 15:00:00+00:00,62576.0,62669.0,62565.0,62653.0,0.11472,108
2026-08-14 15:15:00+00:00,62652.0,62785.0,62635.0,62785.0,7.35405,199
2026-08-14 15:30:00+00:00,62791.0,62967.0,62733.0,62930.0,6.5417,178
2026-08-14 15:45:00+00:00,62954.0,63000.0,62884.0,62930.0,6.67167,192
2026-08-14 16:00:00+00:00,62931.0,63040.0,62905.0,62983.0,8.23332,187
2026-08-14 16:15:00+00:00,62983.0,63102.0,62976.0,63072.0,10.32313,243
2026-08-14 16:30:00+00:00,63062.0,63167.0,63047.0,63153.0,6.57805,173
2026-08-14 16:45:00+00:00,63155.0,63155.0,63053.0,63081.0,0.41117,108
2026-08-14 17:00:00+00:00,63082.0,63117.0,63061.0,63116.0,0.39124,109
2026-08-14 17:15:00+00:00,63117.0,63191.0,63111.0,63149.0,0.25761,107
2026-08-14 17:30:00+00:00,63147.0,63165.0,63025.0,63056.0,0.52711,124
2026-08-14 17:45:00+00:00,63059.0,63077.0,62947.0,62957.0,0.40349,105
2026-08-14 18:00:00+00:00,62961.0,63018.0,62911.0,62938.0,4.18008,126
2026-08-14 18:15:00+00:00,62946.0,63016.0,62946.0,62978.0,0.63031,72
2026-08-14 18:30:00+00:00,62978.0,62978.0,62897.0,62914.0,0.73075,81
2026-08-14 18:45:00+00:00,62910.0,62915.0,62832.0,62865.0,0.50871,77
2026-08-14 19:00:00+00:00,62865.0,62865.0,62795.0,62795.0,0.88076,97
2026-08-14 19:15:00+00:00,62796.0,62877.0,62771.0,62871.0,0.41574,117
2026-08-14 19:30:00+00:00,62871.0,62920.0,62826.0,62918.0,0.77151,113
2026-08-14 19:45:00+00:00,62926.0,62934.0,62878.0,62893.0,2.79724,154
2026-08-14 20:00:00+00:00,62907.0,62966.0,62901.0,62906.0,0.51051,119
2026-08-14 20:15:00+00:00,62914.0,62926.0,62872.0,62891.0,0.14263,125
2026-08-14 20:30:00+00:00,62893.0,62898.0,62848.0,62848.0,1.80959,126
2026-08-14 20:45:00+00:00,62849.0,62880.0,62837.0,62844.0,0.66254,169
2026-08-14 21:00:00+00:00,62845.0,62881.0,62836.0,62840.0,0.46507,104
2026-08-14 21:15:00+00:00,62840.0,62867.0,62821.0,62831.0,4.72687,152
2026-08-14 21:30:00+00:00,62831.0,62853.0,62810.0,62820.0,2.14785,134
2026-08-14 21:45:00+00:00,62822.0,62864.0,62814.0,62863.0,0.25753,101
2026-08-14 22:00:00+00:00,62864.0,62896.0,62773.0,62773.0,1.20892,121
2026-08-14 22:15:00+00:00,62763.0,62790.0,62733.0,62771.0,17.75656,221
2026-08-14 22:30:00+00:00,62772.0,62835.0,62771.0,62832.0,0.71657,108
2026-08-14 22:45:00+00:00,62833.0,62850.0,62817.0,62831.0,1.73159,118
2026-08-14 23:00:00+00:00,62827.0,62885.0,62827.0,62875.0,0.21918,93
2026-08-14 23:15:00+00:00,62878.0,62904.0,62815.0,62897.0,0.64985,114
2026-08-14 23:30:00+00:00,62897.0,62986.0,62865.0,62955.0,0.71236,127
2026-08-14 23:45:00+00:00,62961.0,63013.0,62960.0,62997.0,0.23315,107
2026-08-15 00:00:00+00:00,62997.0,63013.0,62955.0,62968.0,1.38302,130
2026-08-15 00:15:00+00:00,62968.0,62983.0,62952.0,62952.0,0.21615,124
2026-08-15 00:30:00+00:00,62962.0,62980.0,62959.0,62971.0,0.12881,99
2026-08-15 00:45:00+00:00,62971.0,62985.0,62950.0,62968.0,0.10908,94
2026-08-15 01:00:00+00:00,62969.0,62984.0,62941.0,62962.0,0.08507,104
2026-08-15 01:15:00+00:00,62964.0,62993.0,62947.0,62985.0,0.3786,97
2026-08-15 01:30:00+00:00,62990.0,62993.0,62968.0,62977.0,1.90152,137
2026-08-15 01:45:00+00:00,62977.0,62986.0,62971.0,62985.0,0.54909,129
2026-08-15 02:00:00+00:00,62989.0,63010.0,62979.0,63000.0,0.11682,107
2026-08-15 02:15:00+00:00,63005.0,63066.0,63005.0,63052.0,0.17862,97
2026-08-15 02:30:00+00:00,63053.0,63086.0,63049.0,63059.0,0.12376,105
2026-08-15 02:45:00+00:00,63059.0,63090.0,63058.0,63088.0,0.15018,106
2026-08-15 03:00:00+00:00,63089.0,63095.0,63074.0,63088.0,0.28035,116
2026-08-15 03:15:00+00:00,63088.0,63130.0,63030.0,63035.0,0.09292,107
2026-08-15 03:30:00+00:00,63036.0,63038.0,63003.0,63011.0,0.7941,118
2026-08-15 03:45:00+00:00,63011.0,63023.0,62999.0,62999.0,0.12922,96
2026-08-15 04:00:00+00:00,63002.0,63051.0,63002.0,63050.0,0.2571,115
2026-08-15 04:15:00+00:00,63051.0,63075.0,63049.0,63071.0,1.38389,143
2026-08-15 04:30:00+00:00,63072.0,63093.0,63061.0,63092.0,0.09192,115
2026-08-15 04:45:00+00:00,63093.0,63093.0,63058.0,63059.0,0.05566,104
2026-08-15 05:00:00+00:00,63059.0,63090.0,63059.0,63089.0,1.37147,108
2026-08-15 05:15:00+00:00,63090.0,63092.0,63056.0,63056.0,0.28806,84
2026-08-15 05:30:00+00:00,63056.0,63063.0,63000.0,63012.0,0.17408,109
2026-08-15 05:45:00+00:00,63013.0,63013.0,62976.0,63012.0,0.27606,108
2026-08-15 06:00:00+00:00,63013.0,63026.0,62982.0,62982.0,0.22067,98
2026-08-15 06:15:00+00:00,62982.0,63005.0,62975.0,62979.0,0.07141,97
2026-08-15 06:30:00+00:00,62979.0,63006.0,62979.0,63006.0,0.21549,100
2026-08-15 06:45:00+00:00,63006.0,63073.0,63005.0,63049.0,0.07969,92
2026-08-15 07:00:00+00:00,63050.0,63064.0,63001.0,63060.0,0.08364,111
2026-08-15 07:15:00+00:00,63065.0,63065.0,63005.0,63018.0,0.04561,87
2026-08-15 07:30:00+00:00,63018.0,63038.0,63002.0,63013.0,1.45168,104
2026-08-15 07:45:00+00:00,63013.0,63021.0,62980.0,63009.0,0.12839,85
2026-08-15 08:00:00+00:00,63009.0,63010.0,62985.0,62986.0,0.08081,74
2026-08-15 08:15:00+00:00,62987.0,62994.0,62983.0,62987.0,0.45183,121
2026-08-15 08:30:00+00:00,62988.0,62989.0,62971.0,62971.0,5.13616,276
2026-08-15 08:45:00+00:00,62971.0,63005.0,62880.0,62880.0,1.51709,123
2026-08-15 09:00:00+00:00,62898.0,62906.0,62861.0,62902.0,0.5724,88
2026-08-15 09:15:00+00:00,62902.0,62926.0,62895.0,62920.0,0.22065,48
2026-08-15 09:30:00+00:00,62921.0,62968.0,62921.0,62960.0,0.30363,61
2026-08-15 09:45:00+00:00,62959.0,62992.0,62959.0,62980.0,1.00721,80
2026-08-15 10:00:00+00:00,62972.0,62979.0,62939.0,62962.0,1.79319,69
2026-08-15 10:15:00+00:00,62962.0,62965.0,62961.0,62962.0,0.24177,89
2026-08-15 10:30:00+00:00,62962.0,62979.0,62953.0,62979.0,0.17085,82
2026-08-15 10:45:00+00:00,62978.0,62993.0,62961.0,62990.0,2.07508,93
2026-08-15 11:00:00+00:00,62981.0,62981.0,62968.0,62969.0,0.1726,73
2026-08-15 11:15:00+00:00,62968.0,62970.0,62965.0,62969.0,1.38788,114
2026-08-15 11:30:00+00:00,62970.0,62984.0,62965.0,62983.0,0.82414,84
2026-08-15 11:45:00+00:00,62984.0,62993.0,62931.0,62960.0,0.79456,98
2026-08-15 12:00:00+00:00,62959.0,62960.0,62920.0,62922.0,8.58803,146
2026-08-15 12:15:00+00:00,62917.0,62925.0,62914.0,62919.0,2.20567,127
2026-08-15 12:30:00+00:00,62919.0,62919.0,62886.0,62893.0,1.72515,82
2026-08-15 12:45:00+00:00,62884.0,62981.0,62879.0,62981.0,2.80378,80
2026-08-15 13:00:00+00:00,62981.0,63012.0,62954.0,62997.0,1.26231,93
2026-08-15 13:15:00+00:00,62997.0,63008.0,62963.0,62967.0,0.74041,92
2026-08-15 13:30:00+00:00,62966.0,62981.0,62959.0,62963.0,1.55483,112
2026-08-15 13:45:00+00:00,62965.0,62991.0,62964.0,62991.0,0.15303,82
2026-08-15 14:00:00+00:00,62993.0,62993.0,62970.0,62980.0,1.14474,98
2026-08-15 14:15:00+00:00,62985.0,62985.0,62938.0,62974.0,1.32649,103
2026-08-15 14:30:00+00:00,62973.0,62984.0,62971.0,62979.0,0.15043,83
2026-08-15 14:45:00+00:00,62979.0,62991.0,62976.0,62986.0,0.73814,94
2026-08-15 15:00:00+00:00,62986.0,62986.0,62970.0,62973.0,0.20831,97
2026-08-15 15:15:00+00:00,62972.0,63013.0,62966.0,63009.0,1.25271,105
2026-08-15 15:30:00+00:00,63010.0,63059.0,63007.0,63053.0,0.41087,104
2026-08-15 15:45:00+00:00,63053.0,63053.0,63031.0,63032.0,0.41085,93
2026-08-15 16:00:00+00:00,63032.0,63035.0,63018.0,63025.0,0.39828,95
2026-08-15 16:15:00+00:00,63025.0,63057.0,63002.0,63057.0,0.58096,120
2026-08-15 16:30:00+00:00,63057.0,63057.0,63026.0,63029.0,0.39437,93
2026-08-15 16:45:00+00:00,63029.0,63042.0,63028.0,63034.0,0.37552,85
2026-08-15 17:00:00+00:00,63035.0,63039.0,63030.0,63036.0,0.22523,102
2026-08-15 17:15:00+00:00,63037.0,63041.0,63000.0,63001.0,0.11871,97
2026-08-15 17:30:00+00:00,63006.0,63007.0,63001.0,63002.0,0.16928,95
2026-08-15 17:45:00+00:00,63001.0,63007.0,62999.0,63007.0,2.3119,144
2026-08-15 18:00:00+00:00,63007.0,63046.0,62999.0,63026.0,0.17396,104
2026-08-15 18:15:00+00:00,63029.0,63034.0,62999.0,63000.0,3.34992,205
2026-08-15 18:30:00+00:00,62999.0,63000.0,62987.0,62987.0,1.46834,107
2026-08-15 18:45:00+00:00,62987.0,62997.0,62982.0,62997.0,0.18061,96
2026-08-15 19:00:00+00:00,62997.0,63028.0,62992.0,63024.0,3.97896,129
2026-08-15 19:15:00+00:00,63024.0,63060.0,63023.0,63031.0,3.10191,113
2026-08-15 19:30:00+00:00,63032.0,63058.0,63031.0,63039.0,0.27509,92
2026-08-15 19:45:00+00:00,63040.0,63055.0,63039.0,63055.0,0.11179,92
2026-08-15 20:00:00+00:00,63056.0,63056.0,63022.0,63023.0,0.4322,93
2026-08-15 20:15:00+00:00,63023.0,63023.0,63008.0,63015.0,0.16236,109
2026-08-15 20:30:00+00:00,63015.0,63023.0,63009.0,63023.0,0.2911,99
2026-08-15 20:45:00+00:00,63022.0,63046.0,63022.0,63045.0,2.30199,145
2026-08-15 21:00:00+00:00,63040.0,63043.0,63037.0,63043.0,0.16113,90
2026-08-15 21:15:00+00:00,63041.0,63103.0,63040.0,63091.0,12.48123,183
2026-08-15 21:30:00+00:00,63086.0,63107.0,63080.0,63107.0,2.70517,111
2026-08-15 21:45:00+00:00,63095.0,63108.0,63095.0,63106.0,0.27737,137
2026-08-15 22:00:00+00:00,63106.0,63112.0,63094.0,63096.0,1.72614,110
2026-08-15 22:15:00+00:00,63095.0,63103.0,63077.0,63095.0,1.42492,116
2026-08-15 22:30:00+00:00,63094.0,63100.0,63094.0,63097.0,0.18475,91
2026-08-15 22:45:00+00:00,63097.0,63112.0,63078.0,63079.0,0.18164,108
2026-08-15 23:00:00+00:00,63079.0,63087.0,63054.0,63077.0,0.18913,86
2026-08-15 23:15:00+00:00,63069.0,63078.0,63057.0,63057.0,0.05434,83
2026-08-15 23:30:00+00:00,63058.0,63058.0,63023.0,63039.0,25.11607,227
2026-08-15 23:45:00+00:00,63038.0,63039.0,63014.0,63015.0,0.66055,88
2026-08-16 00:00:00+00:00,63014.0,63015.0,63010.0,63011.0,0.38122,106
2026-08-16 00:15:00+00:00,63011.0,63011.0,63010.0,63010.0,0.08133,89
2026-08-16 00:30:00+00:00,63011.0,63011.0,63010.0,63011.0,0.08827,94
2026-08-16 00:45:00+00:00,63010.0,63014.0,63009.0,63013.0,2.5071,144
2026-08-16 01:00:00+00:00,63013.0,63013.0,62984.0,62985.0,0.10228,96
2026-08-16 01:15:00+00:00,62985.0,63010.0,62984.0,62987.0,0.1364,84
2026-08-16 01:30:00+00:00,62990.0,63004.0,62948.0,63004.0,0.19481,94
2026-08-16 01:45:00+00:00,63004.0,63018.0,62983.0,63018.0,0.3322,87
2026-08-16 02:00:00+00:00,63018.0,63018.0,62959.0,62962.0,0.54275,96
2026-08-16 02:15:00+00:00,62962.0,63062.0,62962.0,63052.0,2.31172,126
2026-08-16 02:30:00+00:00,63053.0,63095.0,63047.0,63095.0,0.58567,139
2026-08-16 02:45:00+00:00,63095.0,63095.0,63054.0,63060.0,0.62805,137
2026-08-16 03:00:00+00:00,63060.0,63066.0,63059.0,63060.0,0.54285,136
2026-08-16 03:15:00+00:00,63061.0,63061.0,63048.0,63060.0,0.93037,147
2026-08-16 03:30:00+00:00,63060.0,63061.0,63055.0,63056.0,0.55385,117
2026-08-16 03:45:00+00:00,63061.0,63065.0,63056.0,63065.0,0.53135,108
2026-08-16 04:00:00+00:00,63065.0,63071.0,63064.0,63069.0,3.00039,163
2026-08-16 04:15:00+00:00,63070.0,63093.0,63069.0,63093.0,1.60849,140
2026-08-16 04:30:00+00:00,63093.0,63093.0,63057.0,63059.0,1.47255,155
2026-08-16 04:45:00+00:00,63058.0,63067.0,63030.0,63031.0,0.63766,140
2026-08-16 05:00:00+00:00,63032.0,63041.0,63012.0,63035.0,1.9339,145
2026-08-16 05:15:00+00:00,63035.0,63035.0,63007.0,63012.0,0.51502,113
2026-08-16 05:30:00+00:00,63011.0,63024.0,63001.0,63004.0,0.92417,137
2026-08-16 05:45:00+00:00,63004.0,63019.0,62986.0,63012.0,0.96608,125
2026-08-16 06:00:00+00:00,63012.0,63022.0,62994.0,62994.0,0.56475,119
2026-08-16 06:15:00+00:00,62995.0,63017.0,62995.0,63017.0,0.51611,110
2026-08-16 06:30:00+00:00,63017.0,63017.0,63004.0,63012.0,0.66422,122
2026-08-16 06:45:00+00:00,63012.0,63033.0,63012.0,63017.0,0.91509,108
2026-08-16 07:00:00+00:00,63017.0,63017.0,63000.0,63003.0,0.53228,127
2026-08-16 07:15:00+00:00,63003.0,63013.0,63002.0,63011.0,0.6549,124
2026-08-16 07:30:00+00:00,63011.0,63013.0,63010.0,63011.0,0.60748,125
2026-08-16 07:45:00+00:00,63011.0,63011.0,63007.0,63011.0,0.65425,118
2026-08-16 08:00:00+00:00,63010.0,63019.0,63007.0,63008.0,1.35565,127
2026-08-16 08:15:00+00:00,63008.0,63021.0,62995.0,63020.0,2.45107,127
2026-08-16 08:30:00+00:00,63021.0,63021.0,63014.0,63019.0,0.63581,122
2026-08-16 08:45:00+00:00,63019.0,63019.0,63018.0,63018.0,0.5152,103
2026-08-16 09:00:00+00:00,63019.0,63019.0,63013.0,63014.0,1.14341,136
2026-08-16 09:15:00+00:00,63014.0,63016.0,63013.0,63016.0,0.7901,126
2026-08-16 09:30:00+00:00,63014.0,63015.0,62938.0,62939.0,1.29694,140
2026-08-16 09:45:00+00:00,62939.0,62957.0,62921.0,62940.0,1.02659,155
2026-08-16 10:00:00+00:00,62940.0,62943.0,62908.0,62932.0,0.99791,141
2026-08-16 10:15:00+00:00,62932.0,62961.0,62932.0,62961.0,0.64149,103
2026-08-16 10:30:00+00:00,62961.0,62961.0,62951.0,62957.0,0.74275,100
2026-08-16 10:45:00+00:00,62956.0,62957.0,62952.0,62955.0,0.09165,80
2026-08-16 11:00:00+00:00,62955.0,62955.0,62952.0,62953.0,0.14685,82
2026-08-16 11:15:00+00:00,62953.0,62953.0,62933.0,62936.0,0.24096,82
2026-08-16 11:30:00+00:00,62936.0,62940.0,62926.0,62935.0,0.77426,102
2026-08-16 11:45:00+00:00,62937.0,62955.0,62923.0,62955.0,0.48995,108
2026-08-16 12:00:00+00:00,62955.0,62972.0,62955.0,62964.0,0.34658,100
2026-08-16 12:15:00+00:00,62960.0,62966.0,62959.0,62966.0,2.82924,109
2026-08-16 12:30:00+00:00,62966.0,62966.0,62940.0,62950.0,2.19877,133
2026-08-16 12:45:00+00:00,62950.0,62962.0,62949.0,62959.0,0.87273,97
2026-08-16 13:00:00+00:00,62959.0,63009.0,62958.0,63009.0,0.08498,91
2026-08-16 13:15:00+00:00,63009.0,63016.0,63009.0,63016.0,0.1355,84
2026-08-16 13:30:00+00:00,63016.0,63016.0,63012.0,63012.0,0.18221,90
2026-08-16 13:45:00+00:00,63012.0,63012.0,63006.0,63007.0,0.78409,88
2026-08-16 14:00:00+00:00,63007.0,63007.0,63001.0,63002.0,0.14184,94
2026-08-16 14:15:00+00:00,63002.0,63046.0,63001.0,63031.0,0.99069,83
2026-08-16 14:30:00+00:00,63031.0,63045.0,63025.0,63042.0,0.33154,97
2026-08-16 14:45:00+00:00,63042.0,63044.0,63040.0,63044.0,0.17633,83
2026-08-16 15:00:00+00:00,63047.0,63061.0,63043.0,63048.0,0.39775,117
2026-08-16 15:15:00+00:00,63048.0,63056.0,63047.0,63056.0,0.06522,82
2026-08-16 15:30:00+00:00,63056.0,63080.0,63054.0,63054.0,0.82737,115
2026-08-16 15:45:00+00:00,63054.0,63079.0,63054.0,63079.0,0.0981,82
2026-08-16 16:00:00+00:00,63085.0,63149.0,63072.0,63149.0,0.76221,123
2026-08-16 16:15:00+00:00,63149.0,63283.0,63142.0,63262.0,0.6936,123
2026-08-16 16:30:00+00:00,63283.0,63323.0,63234.0,63235.0,6.08131,223
2026-08-16 16:45:00+00:00,63234.0,63236.0,63162.0,63204.0,2.67383,173
2026-08-16 17:00:00+00:00,63204.0,63221.0,63162.0,63169.0,2.37234,152
2026-08-16 17:15:00+00:00,63169.0,63185.0,63131.0,63139.0,1.02209,101
2026-08-16 17:30:00+00:00,63138.0,63139.0,63075.0,63076.0,0.86395,174
2026-08-16 17:45:00+00:00,63076.0,63109.0,63075.0,63100.0,0.19882,121
2026-08-16 18:00:00+00:00,63100.0,63113.0,63064.0,63085.0,0.21581,101
2026-08-16 18:15:00+00:00,63086.0,63112.0,63085.0,63103.0,0.48249,93
2026-08-16 18:30:00+00:00,63103.0,63105.0,63088.0,63089.0,0.2198,93
2026-08-16 18:45:00+00:00,63089.0,63094.0,63087.0,63088.0,0.14535,96
2026-08-16 19:00:00+00:00,63088.0,63122.0,63086.0,63122.0,2.5568,159
2026-08-16 19:15:00+00:00,63122.0,63161.0,63121.0,63161.0,0.53144,106
2026-08-16 19:30:00+00:00,63157.0,63168.0,63101.0,63104.0,0.64316,118
2026-08-16 19:45:00+00:00,63110.0,63115.0,63041.0,63051.0,2.31323,106
2026-08-16 20:00:00+00:00,63049.0,63084.0,63049.0,63076.0,0.07925,87
2026-08-16 20:15:00+00:00,63076.0,63076.0,63038.0,63039.0,0.17772,97
2026-08-16 20:30:00+00:00,63038.0,63056.0,62990.0,63009.0,1.43556,128
2026-08-16 20:45:00+00:00,62996.0,63014.0,62976.0,63005.0,0.15196,84
2026-08-16 21:00:00+00:00,63006.0,63006.0,62970.0,63000.0,0.13857,95
2026-08-16 21:15:00+00:00,62994.0,63019.0,62970.0,62971.0,0.05814,86
2026-08-16 21:30:00+00:00,62970.0,62980.0,62714.0,62880.0,1.45381,193
2026-08-16 21:45:00+00:00,62877.0,62921.0,62838.0,62866.0,1.3016,105
2026-08-16 22:00:00+00:00,62858.0,62877.0,62744.0,62877.0,3.42677,194
2026-08-16 22:15:00+00:00,62905.0,62905.0,62784.0,62787.0,0.10999,84
2026-08-16 22:30:00+00:00,62787.0,62787.0,62669.0,62740.0,0.97339,126
2026-08-16 22:45:00+00:00,62734.0,62860.0,62701.0,62860.0,1.18261,117
2026-08-16 23:00:00+00:00,62861.0,62939.0,62793.0,62793.0,0.20454,95
2026-08-16 23:15:00+00:00,62789.0,62858.0,62779.0,62801.0,1.75686,115
2026-08-16 23:30:00+00:00,62801.0,62852.0,62783.0,62848.0,0.07283,79
2026-08-16 23:45:00+00:00,62845.0,62874.0,62833.0,62852.0,14.9972,172
2026-08-17 00:00:00+00:00,62851.0,62881.0,62812.0,62860.0,19.49422,228
2026-08-17 00:15:00+00:00,62860.0,62860.0,62711.0,62820.0,4.15668,154
2026-08-17 00:30:00+00:00,62799.0,62904.0,62704.0,62901.0,1.69989,155
2026-08-17 00:45:00+00:00,62900.0,62900.0,62805.0,62861.0,1.4081,116
2026-08-17 01:00:00+00:00,62861.0,63130.0,62855.0,63009.0,2.25915,167
2026-08-17 01:15:00+00:00,62994.0,63104.0,62979.0,63058.0,1.08033,111
2026-08-17 01:30:00+00:00,63075.0,63179.0,63075.0,63152.0,3.33122,149
2026-08-17 01:45:00+00:00,63152.0,63170.0,63055.0,63055.0,6.33095,137
2026-08-17 02:00:00+00:00,63060.0,63076.0,62986.0,63030.0,11.85434,149
2026-08-17 02:15:00+00:00,63029.0,63155.0,63000.0,63137.0,1.34889,113
2026-08-17 02:30:00+00:00,63134.0,63299.0,63084.0,63209.0,1.04805,149
2026-08-17 02:45:00+00:00,63207.0,63438.0,63180.0,63344.0,6.58741,163
2026-08-17 03:00:00+00:00,63380.0,63380.0,63309.0,63363.0,0.3991,106
2026-08-17 03:15:00+00:00,63363.0,63368.0,63290.0,63296.0,1.52655,106
2026-08-17 03:30:00+00:00,63295.0,63318.0,63280.0,63290.0,4.91068,144
2026-08-17 03:45:00+00:00,63291.0,63462.0,63287.0,63370.0,0.35458,106
2026-08-17 04:00:00+00:00,63371.0,63473.0,63371.0,63442.0,5.25217,134
2026-08-17 04:15:00+00:00,63438.0,63477.0,63423.0,63463.0,0.31277,85
2026-08-17 04:30:00+00:00,63464.0,63474.0,63424.0,63446.0,7.91215,143
2026-08-17 04:45:00+00:00,63457.0,63526.0,63457.0,63491.0,0.77056,118
2026-08-17 05:00:00+00:00,63491.0,63501.0,63405.0,63487.0,0.46607,102
2026-08-17 05:15:00+00:00,63478.0,63546.0,63435.0,63443.0,0.07575,85
2026-08-17 05:30:00+00:00,63443.0,63443.0,63395.0,63417.0,0.23928,98
2026-08-17 05:45:00+00:00,63416.0,63479.0,63403.0,63465.0,4.09657,133
2026-08-17 06:00:00+00:00,63465.0,63561.0,63428.0,63529.0,1.1485,104
2026-08-17 06:15:00+00:00,63531.0,63546.0,63510.0,63533.0,0.26532,96
2026-08-17 06:30:00+00:00,63533.0,63555.0,63515.0,63552.0,0.69092,101
2026-08-17 06:45:00+00:00,63551.0,63660.0,63550.0,63614.0,1.15863,135
2026-08-17 07:00:00+00:00,63618.0,63618.0,63517.0,63538.0,0.24808,114
2026-08-17 07:15:00+00:00,63531.0,63531.0,63481.0,63525.0,10.27366,144
2026-08-17 07:30:00+00:00,63524.0,63525.0,63473.0,63474.0,10.70811,145
2026-08-17 07:45:00+00:00,63474.0,63491.0,63458.0,63459.0,0.42674,88
2026-08-17 08:00:00+00:00,63475.0,63480.0,63335.0,63367.0,6.1372,127
2026-08-17 08:15:00+00:00,63366.0,63391.0,63343.0,63360.0,0.55026,142
2026-08-17 08:30:00+00:00,63361.0,63381.0,63312.0,63313.0,1.12853,124
2026-08-17 08:45:00+00:00,63312.0,63342.0,63281.0,63314.0,4.81583,143
2026-08-17 09:00:00+00:00,63314.0,63355.0,63313.0,63355.0,5.60824,144
2026-08-17 09:15:00+00:00,63355.0,63359.0,63266.0,63307.0,0.99637,122
2026-08-17 09:30:00+00:00,63307.0,63307.0,63237.0,63242.0,0.61835,126
2026-08-17 09:45:00+00:00,63239.0,63252.0,63227.0,63251.0,0.95318,126
2026-08-17 10:00:00+00:00,63251.0,63262.0,63229.0,63257.0,2.07432,170
2026-08-17 10:15:00+00:00,63261.0,63382.0,63230.0,63382.0,1.27073,137
2026-08-17 10:30:00+00:00,63382.0,63566.0,63381.0,63562.0,0.98563,134
2026-08-17 10:45:00+00:00,63567.0,63632.0,63527.0,63624.0,1.60345,138
2026-08-17 11:00:00+00:00,63600.0,63623.0,63571.0,63591.0,3.30569,127
2026-08-17 11:15:00+00:00,63590.0,63623.0,63572.0,63595.0,1.30663,101
2026-08-17 11:30:00+00:00,63595.0,63627.0,63594.0,63623.0,0.23791,88
2026-08-17 11:45:00+00:00,63623.0,63706.0,63531.0,63558.0,2.34549,132
2026-08-17 12:00:00+00:00,63558.0,63610.0,63517.0,63596.0,2.05617,100
2026-08-17 12:15:00+00:00,63590.0,63590.0,63465.0,63508.0,0.30904,94
2026-08-17 12:30:00+00:00,63508.0,63566.0,63465.0,63501.0,1.3229,93
2026-08-17 12:45:00+00:00,63501.0,63552.0,63479.0,63479.0,6.92785,156
2026-08-17 13:00:00+00:00,63479.0,63507.0,63438.0,63489.0,1.02383,129
2026-08-17 13:15:00+00:00,63471.0,63471.0,63371.0,63429.0,1.33987,113
2026-08-17 13:30:00+00:00,63429.0,63716.0,63409.0,63596.0,1.97503,142
2026-08-17 13:45:00+00:00,63560.0,63661.0,63521.0,63595.0,2.15803,103
2026-08-17 14:00:00+00:00,63598.0,63663.0,63528.0,63627.0,0.60568,111
2026-08-17 14:15:00+00:00,63651.0,63671.0,63523.0,63552.0,0.41937,95
2026-08-17 14:30:00+00:00,63542.0,63637.0,63521.0,63554.0,0.93151,105
2026-08-17 14:45:00+00:00,63564.0,63826.0,63541.0,63826.0,0.2261,119
2026-08-17 15:00:00+00:00,63830.0,63931.0,63801.0,63818.0,8.24971,239
2026-08-17 15:15:00+00:00,63820.0,64066.0,63763.0,64001.0,1.81035,232
2026-08-17 15:30:00+00:00,64021.0,64073.0,63938.0,64040.0,5.29137,198
2026-08-17 15:45:00+00:00,64040.0,64185.0,64037.0,64160.0,1.71955,225
2026-08-17 16:00:00+00:00,64168.0,64169.0,64021.0,64026.0,4.46308,159
2026-08-17 16:15:00+00:00,64012.0,64103.0,64008.0,64049.0,0.94791,105
2026-08-17 16:30:00+00:00,64049.0,64121.0,64031.0,64031.0,0.43865,109
2026-08-17 16:45:00+00:00,64031.0,64092.0,64030.0,64070.0,2.15378,117
2026-08-17 17:00:00+00:00,64074.0,64074.0,63941.0,63942.0,4.32011,146
2026-08-17 17:15:00+00:00,63946.0,64366.0,63932.0,64163.0,8.77148,357
2026-08-17 17:30:00+00:00,64174.0,64235.0,64041.0,64190.0,2.98607,144
2026-08-17 17:45:00+00:00,64187.0,64280.0,64182.0,64277.0,9.72545,186
2026-08-17 18:00:00+00:00,64280.0,64329.0,64229.0,64321.0,1.2922,122
2026-08-17 18:15:00+00:00,64323.0,64558.0,64321.0,64440.0,2.99905,235
2026-08-17 18:30:00+00:00,64454.0,64454.0,64350.0,64407.0,5.07847,324
2026-08-17 18:45:00+00:00,64399.0,64431.0,64338.0,64368.0,33.38167,332
2026-08-17 19:00:00+00:00,64368.0,64368.0,64264.0,64274.0,5.30151,193
2026-08-17 19:15:00+00:00,64274.0,64360.0,64267.0,64348.0,2.72156,161
2026-08-17 19:30:00+00:00,64328.0,64360.0,64285.0,64312.0,2.64063,169
2026-08-17 19:45:00+00:00,64309.0,64313.0,64230.0,64260.0,0.55593,168
2026-08-17 20:00:00+00:00,64259.0,64259.0,64215.0,64255.0,2.85553,192
2026-08-17 20:15:00+00:00,64258.0,64378.0,64233.0,64356.0,2.79488,194
2026-08-17 20:30:00+00:00,64356.0,64357.0,64297.0,64335.0,1.13348,195
2026-08-17 20:45:00+00:00,64335.0,64350.0,64276.0,64326.0,0.41757,174
2026-08-17 21:00:00+00:00,64327.0,64370.0,64308.0,64320.0,2.9962,201
2026-08-17 21:15:00+00:00,64320.0,64350.0,64273.0,64274.0,3.24105,206
2026-08-17 21:30:00+00:00,64274.0,64319.0,64238.0,64284.0,3.10498,179
2026-08-17 21:45:00+00:00,64283.0,64343.0,64283.0,64332.0,0.39496,174
2026-08-17 22:00:00+00:00,64345.0,64358.0,64252.0,64254.0,3.82872,201
2026-08-17 22:15:00+00:00,64254.0,64288.0,64236.0,64248.0,1.93122,155
2026-08-17 22:30:00+00:00,64241.0,64279.0,64225.0,64256.0,5.9993,218
2026-08-17 22:45:00+00:00,64256.0,64256.0,64228.0,64239.0,4.15422,155
2026-08-17 23:00:00+00:00,64241.0,64317.0,64231.0,64309.0,0.55361,138
2026-08-17 23:15:00+00:00,64308.0,64435.0,64308.0,64431.0,0.11699,137
2026-08-17 23:30:00+00:00,64431.0,64512.0,64404.0,64422.0,1.77183,177
2026-08-17 23:45:00+00:00,64422.0,64515.0,64417.0,64478.0,0.34122,151
2026-08-18 00:00:00+00:00,64477.0,64505.0,64362.0,64389.0,5.58153,270
2026-08-18 00:15:00+00:00,64390.0,64451.0,64389.0,64403.0,1.81566,198
2026-08-18 00:30:00+00:00,64403.0,64407.0,64333.0,64340.0,0.46569,191
2026-08-18 00:45:00+00:00,64340.0,64348.0,64309.0,64329.0,2.08892,194
2026-08-18 01:00:00+00:00,64319.0,64319.0,64238.0,64294.0,1.1763,233
2026-08-18 01:15:00+00:00,64293.0,64307.0,64251.0,64275.0,0.27248,177
2026-08-18 01:30:00+00:00,64278.0,64294.0,64200.0,64227.0,0.39172,181
2026-08-18 01:45:00+00:00,64227.0,64227.0,64106.0,64156.0,0.28822,185
2026-08-18 02:00:00+00:00,64153.0,64232.0,64147.0,64149.0,4.90318,228
2026-08-18 02:15:00+00:00,64148.0,64164.0,64118.0,64120.0,4.77164,175
2026-08-18 02:30:00+00:00,64119.0,64162.0,64081.0,64084.0,2.40713,199
2026-08-18 02:45:00+00:00,64081.0,64094.0,64015.0,64060.0,1.00748,188
2026-08-18 03:00:00+00:00,64064.0,64089.0,64033.0,64040.0,0.62227,140
2026-08-18 03:15:00+00:00,64041.0,64094.0,64041.0,64061.0,0.20989,121
2026-08-18 03:30:00+00:00,64050.0,64123.0,64000.0,64123.0,0.16006,97
2026-08-18 03:45:00+00:00,64129.0,64134.0,64093.0,64134.0,0.23456,100
2026-08-18 04:00:00+00:00,64131.0,64131.0,64030.0,64090.0,3.83568,125
2026-08-18 04:15:00+00:00,64089.0,64102.0,64079.0,64094.0,0.2661,96
2026-08-18 04:30:00+00:00,64094.0,64191.0,64094.0,64162.0,0.18268,96
2026-08-18 04:45:00+00:00,64163.0,64175.0,64133.0,64157.0,0.07334,94
2026-08-18 05:00:00+00:00,64157.0,64209.0,64116.0,64174.0,6.74432,175
2026-08-18 05:15:00+00:00,64174.0,64194.0,64148.0,64194.0,0.77244,111
2026-08-18 05:30:00+00:00,64181.0,64197.0,64081.0,64192.0,0.25416,103
2026-08-18 05:45:00+00:00,64184.0,64185.0,64143.0,64176.0,1.20118,100
2026-08-18 06:00:00+00:00,64176.0,64215.0,64103.0,64175.0,0.42778,112
2026-08-18 06:15:00+00:00,64175.0,64299.0,64174.0,64283.0,0.15018,106
2026-08-18 06:30:00+00:00,64294.0,64399.0,64294.0,64399.0,19.77895,335
2026-08-18 06:45:00+00:00,64399.0,64399.0,64228.0,64275.0,0.63881,124
2026-08-18 07:00:00+00:00,64275.0,64300.0,64233.0,64291.0,0.42501,148
2026-08-18 07:15:00+00:00,64278.0,64306.0,64234.0,64234.0,1.35884,139
2026-08-18 07:30:00+00:00,64230.0,64231.0,64191.0,64195.0,4.27346,171
2026-08-18 07:45:00+00:00,64195.0,64196.0,64122.0,64143.0,2.72727,180
2026-08-18 08:00:00+00:00,64150.0,64158.0,64042.0,64101.0,4.69703,201
2026-08-18 08:15:00+00:00,64107.0,64177.0,64107.0,64145.0,0.56616,118
2026-08-18 08:30:00+00:00,64144.0,64276.0,64143.0,64229.0,1.53888,149
2026-08-18 08:45:00+00:00,64226.0,64233.0,64183.0,64233.0,0.51753,139
2026-08-18 09:00:00+00:00,64232.0,64232.0,64167.0,64180.0,1.18323,165
2026-08-18 09:15:00+00:00,64179.0,64179.0,64090.0,64099.0,1.19182,191
2026-08-18 09:30:00+00:00,64098.0,64131.0,64077.0,64095.0,0.61786,149
2026-08-18 09:45:00+00:00,64096.0,64123.0,64079.0,64114.0,0.12779,118
2026-08-18 10:00:00+00:00,64105.0,64140.0,64084.0,64093.0,0.64771,138
2026-08-18 10:15:00+00:00,64093.0,64118.0,64076.0,64102.0,0.90759,150
2026-08-18 10:30:00+00:00,64102.0,64161.0,64102.0,64131.0,0.82392,141
2026-08-18 10:45:00+00:00,64131.0,64147.0,64131.0,64143.0,0.55901,128
2026-08-18 11:00:00+00:00,64132.0,64272.0,64132.0,64268.0,0.98884,156
2026-08-18 11:15:00+00:00,64268.0,64317.0,64268.0,64309.0,5.30855,202
2026-08-18 11:30:00+00:00,64286.0,64329.0,64280.0,64323.0,0.37562,127
2026-08-18 11:45:00+00:00,64323.0,64334.0,64279.0,64295.0,2.66988,153
2026-08-18 12:00:00+00:00,64295.0,64296.0,64232.0,64236.0,5.0725,258
2026-08-18 12:15:00+00:00,64236.0,64281.0,64227.0,64248.0,0.56015,115
2026-08-18 12:30:00+00:00,64248.0,64249.0,64200.0,64201.0,2.77875,189
2026-08-18 12:45:00+00:00,64201.0,64207.0,64169.0,64170.0,2.26548,163
2026-08-18 13:00:00+00:00,64170.0,64170.0,64108.0,64132.0,1.45273,172
2026-08-18 13:15:00+00:00,64131.0,64132.0,64019.0,64022.0,0.97599,183
2026-08-18 13:30:00+00:00,64023.0,64185.0,63999.0,64139.0,1.87428,176
2026-08-18 13:45:00+00:00,64109.0,64226.0,64071.0,64169.0,0.79933,142
2026-08-18 14:00:00+00:00,64165.0,64321.0,64165.0,64199.0,4.91185,227
2026-08-18 14:15:00+00:00,64211.0,64973.0,64203.0,64938.0,6.88195,450
2026-08-18 14:30:00+00:00,64938.0,64979.0,64691.0,64746.0,10.67287,299
2026-08-18 14:45:00+00:00,64726.0,64797.0,64629.0,64674.0,3.83054,202
2026-08-18 15:00:00+00:00,64697.0,64765.0,64611.0,64704.0,5.84704,216
2026-08-18 15:15:00+00:00,64675.0,64800.0,64674.0,64772.0,3.37617,198
2026-08-18 15:30:00+00:00,64761.0,64832.0,64758.0,64786.0,1.88973,193
2026-08-18 15:45:00+00:00,64785.0,64850.0,64772.0,64821.0,4.154,228
2026-08-18 16:00:00+00:00,64851.0,64853.0,64709.0,64714.0,3.19904,236
2026-08-18 16:15:00+00:00,64720.0,64721.0,64656.0,64662.0,8.87431,293
2026-08-18 16:30:00+00:00,64662.0,64768.0,64634.0,64746.0,3.70478,250
2026-08-18 16:45:00+00:00,64746.0,64820.0,64735.0,64791.0,4.93852,181
2026-08-18 17:00:00+00:00,64785.0,64785.0,64732.0,64759.0,0.35376,180
2026-08-18 17:15:00+00:00,64749.0,64785.0,64719.0,64785.0,1.56999,181
2026-08-18 17:30:00+00:00,64784.0,64788.0,64675.0,64683.0,0.70839,213
2026-08-18 17:45:00+00:00,64683.0,64693.0,64646.0,64646.0,2.32293,196
2026-08-18 18:00:00+00:00,64645.0,64701.0,64626.0,64697.0,2.46888,211
2026-08-18 18:15:00+00:00,64697.0,64781.0,64684.0,64769.0,2.77505,205
2026-08-18 18:30:00+00:00,64769.0,64793.0,64727.0,64728.0,1.22384,198
2026-08-18 18:45:00+00:00,64723.0,64770.0,64716.0,64744.0,0.48954,180
2026-08-18 19:00:00+00:00,64737.0,64739.0,64687.0,64691.0,0.5915,174
2026-08-18 19:15:00+00:00,64686.0,64768.0,64678.0,64746.0,0.91231,183
2026-08-18 19:30:00+00:00,64738.0,64743.0,64651.0,64653.0,3.40912,183
2026-08-18 19:45:00+00:00,64651.0,64661.0,64615.0,64619.0,0.67661,186
2026-08-18 20:00:00+00:00,64622.0,64625.0,64556.0,64625.0,1.43392,184
2026-08-18 20:15:00+00:00,64624.0,64625.0,64583.0,64584.0,0.39066,166
2026-08-18 20:30:00+00:00,64583.0,64625.0,64571.0,64578.0,0.5941,209
2026-08-18 20:45:00+00:00,64580.0,64589.0,64546.0,64546.0,0.35682,190
2026-08-18 21:00:00+00:00,64546.0,64611.0,64545.0,64591.0,2.34643,221
2026-08-18 21:15:00+00:00,64590.0,64594.0,64566.0,64587.0,0.8933,171
2026-08-18 21:30:00+00:00,64584.0,64585.0,64534.0,64542.0,0.56421,175
2026-08-18 21:45:00+00:00,64540.0,64577.0,64540.0,64571.0,0.77423,187
2026-08-18 22:00:00+00:00,64563.0,64577.0,64545.0,64546.0,1.81103,212
2026-08-18 22:15:00+00:00,64546.0,64575.0,64523.0,64556.0,4.1462,264
2026-08-18 22:30:00+00:00,64557.0,64617.0,64552.0,64601.0,0.39535,179
2026-08-18 22:45:00+00:00,64597.0,64601.0,64557.0,64601.0,0.79579,180
2026-08-18 23:00:00+00:00,64588.0,64675.0,64588.0,64658.0,1.40138,189
2026-08-18 23:15:00+00:00,64661.0,64697.0,64657.0,64681.0,0.64901,172
2026-08-18 23:30:00+00:00,64681.0,64737.0,64680.0,64732.0,0.79504,174
2026-08-18 23:45:00+00:00,64728.0,64742.0,64681.0,64687.0,5.27599,251
2026-08-19 00:00:00+00:00,64686.0,64704.0,64549.0,64551.0,8.43809,243
2026-08-19 00:15:00+00:00,64540.0,64638.0,64514.0,64574.0,1.10792,178
2026-08-19 00:30:00+00:00,64574.0,64626.0,64522.0,64524.0,4.09559,224
2026-08-19 00:45:00+00:00,64522.0,64548.0,64449.0,64450.0,1.4233,148
2026-08-19 01:00:00+00:00,64444.0,64507.0,64395.0,64493.0,1.59929,174
2026-08-19 01:15:00+00:00,64478.0,64491.0,64407.0,64442.0,3.63941,166
2026-08-19 01:30:00+00:00,64451.0,64451.0,64358.0,64372.0,2.54433,184
2026-08-19 01:45:00+00:00,64375.0,64400.0,64343.0,64355.0,1.16774,171
2026-08-19 02:00:00+00:00,64344.0,64359.0,64312.0,64359.0,0.56075,161
2026-08-19 02:15:00+00:00,64352.0,64363.0,64304.0,64339.0,1.90621,184
2026-08-19 02:30:00+00:00,64336.0,64360.0,64331.0,64338.0,2.63348,182
2026-08-19 02:45:00+00:00,64337.0,64361.0,64293.0,64295.0,4.32253,194
2026-08-19 03:00:00+00:00,64295.0,64308.0,64235.0,64297.0,0.18336,161
2026-08-19 03:15:00+00:00,64298.0,64358.0,64297.0,64305.0,1.21269,150
2026-08-19 03:30:00+00:00,64302.0,64312.0,64276.0,64284.0,0.09301,129
2026-08-19 03:45:00+00:00,64283.0,64324.0,64276.0,64280.0,0.39576,132
2026-08-19 04:00:00+00:00,64280.0,64280.0,64244.0,64260.0,0.29308,143
2026-08-19 04:15:00+00:00,64261.0,64340.0,64261.0,64303.0,1.64775,145
2026-08-19 04:30:00+00:00,64304.0,64318.0,64280.0,64293.0,0.24509,128
2026-08-19 04:45:00+00:00,64294.0,64318.0,64246.0,64259.0,2.45766,149
2026-08-19 05:00:00+00:00,64257.0,64358.0,64257.0,64351.0,2.07999,161
2026-08-19 05:15:00+00:00,64351.0,64355.0,64256.0,64305.0,12.39497,293
2026-08-19 05:30:00+00:00,64301.0,64305.0,64262.0,64262.0,3.5182,154
2026-08-19 05:45:00+00:00,64263.0,64263.0,64182.0,64183.0,0.63527,156
2026-08-19 06:00:00+00:00,64197.0,64197.0,64117.0,64129.0,0.4786,147
2026-08-19 06:15:00+00:00,64129.0,64247.0,64129.0,64219.0,7.49317,332
2026-08-19 06:30:00+00:00,64224.0,64234.0,64198.0,64209.0,1.57181,130
2026-08-19 06:45:00+00:00,64209.0,64287.0,64209.0,64286.0,1.7235,153
2026-08-19 07:00:00+00:00,64291.0,64322.0,64213.0,64316.0,0.80191,172
2026-08-19 07:15:00+00:00,64316.0,64316.0,64251.0,64292.0,0.23544,115
2026-08-19 07:30:00+00:00,64284.0,64339.0,64279.0,64304.0,0.35126,120
2026-08-19 07:45:00+00:00,64304.0,64316.0,64241.0,64242.0,0.46078,156
2026-08-19 08:00:00+00:00,64237.0,64271.0,64210.0,64210.0,8.55215,311
2026-08-19 08:15:00+00:00,64210.0,64252.0,64203.0,64251.0,3.53766,178
2026-08-19 08:30:00+00:00,64251.0,64454.0,64251.0,64409.0,2.31241,161
2026-08-19 08:45:00+00:00,64414.0,64433.0,64370.0,64373.0,2.37193,154
2026-08-19 09:00:00+00:00,64368.0,64430.0,64342.0,64343.0,0.16459,128
2026-08-19 09:15:00+00:00,64340.0,64372.0,64324.0,64335.0,2.97256,174
2026-08-19 09:30:00+00:00,64335.0,64344.0,64324.0,64327.0,5.69387,258
2026-08-19 09:45:00+00:00,64328.0,64374.0,64317.0,64374.0,0.58927,139
2026-08-19 10:00:00+00:00,64374.0,64377.0,64318.0,64338.0,5.04021,192
2026-08-19 10:15:00+00:00,64337.0,64349.0,64316.0,64347.0,0.82588,152
2026-08-19 10:30:00+00:00,64348.0,64367.0,64323.0,64354.0,1.25904,155
2026-08-19 10:45:00+00:00,64347.0,64399.0,64344.0,64399.0,1.13997,177
2026-08-19 11:00:00+00:00,64393.0,64477.0,64391.0,64442.0,6.77117,259
2026-08-19 11:15:00+00:00,64441.0,64461.0,64414.0,64442.0,1.25467,169
2026-08-19 11:30:00+00:00,64445.0,64470.0,64410.0,64415.0,1.06583,170
2026-08-19 11:45:00+00:00,64418.0,64471.0,64417.0,64457.0,4.17681,199
2026-08-19 12:00:00+00:00,64457.0,64463.0,64418.0,64455.0,3.30163,211
2026-08-19 12:15:00+00:00,64454.0,64458.0,64433.0,64439.0,0.72842,174
2026-08-19 12:30:00+00:00,64458.0,64893.0,64429.0,64893.0,10.73098,388
2026-08-19 12:45:00+00:00,64889.0,64932.0,64778.0,64835.0,6.76137,261
2026-08-19 13:00:00+00:00,64839.0,64941.0,64739.0,64883.0,4.56391,262
2026-08-19 13:15:00+00:00,64877.0,64989.0,64877.0,64970.0,7.68775,245
2026-08-19 13:30:00+00:00,64969.0,65173.0,64770.0,65007.0,19.94774,532
2026-08-19 13:45:00+00:00,64989.0,65137.0,64951.0,64976.0,8.7225,235
2026-08-19 14:00:00+00:00,65020.0,65379.0,64981.0,65316.0,9.36685,436
2026-08-19 14:15:00+00:00,65347.0,65413.0,65282.0,65364.0,11.18393,314
2026-08-19 14:30:00+00:00,65347.0,65458.0,65301.0,65420.0,7.37007,298
2026-08-19 14:45:00+00:00,65418.0,65919.0,65418.0,65880.0,14.74386,592
2026-08-19 15:00:00+00:00,65914.0,66738.0,65854.0,66612.0,37.69697,923
2026-08-19 15:15:00+00:00,66613.0,69747.0,66550.0,68221.0,62.33213,2595
2026-08-19 15:30:00+00:00,68249.0,68797.0,67633.0,68648.0,62.18448,2320
2026-08-19 15:45:00+00:00,68618.0,68625.0,68184.0,68503.0,36.54628,1066
2026-08-19 16:00:00+00:00,68505.0,68921.0,68487.0,68520.0,21.24933,619
2026-08-19 16:15:00+00:00,68517.0,68874.0,68517.0,68846.0,40.79166,743
2026-08-19 16:30:00+00:00,68849.0,68855.0,68516.0,68548.0,26.73383,456
2026-08-19 16:45:00+00:00,68544.0,68657.0,68380.0,68438.0,74.99716,1085
2026-08-19 17:00:00+00:00,68475.0,68493.0,68177.0,68213.0,63.18149,773
2026-08-19 17:15:00+00:00,68214.0,68278.0,67801.0,67962.0,19.38422,483
2026-08-19 17:30:00+00:00,67968.0,68008.0,67794.0,68004.0,19.75553,383
2026-08-19 17:45:00+00:00,68004.0,68224.0,68004.0,68165.0,14.45211,366
2026-08-19 18:00:00+00:00,68169.0,68220.0,68010.0,68165.0,11.91259,295
2026-08-19 18:15:00+00:00,68164.0,68300.0,68150.0,68274.0,14.28195,331
2026-08-19 18:30:00+00:00,68224.0,68409.0,68207.0,68409.0,9.36559,321
2026-08-19 18:45:00+00:00,68417.0,68429.0,68299.0,68376.0,23.57984,374
2026-08-19 19:00:00+00:00,68371.0,68430.0,68100.0,68107.0,5.75337,254
2026-08-19 19:15:00+00:00,68119.0,68368.0,68119.0,68153.0,12.50241,379
2026-08-19 19:30:00+00:00,68155.0,68378.0,68116.0,68373.0,28.94018,453
2026-08-19 19:45:00+00:00,68373.0,68458.0,68340.0,68401.0,3.90412,237
2026-08-19 20:00:00+00:00,68422.0,68695.0,68368.0,68663.0,16.83929,350
2026-08-19 20:15:00+00:00,68663.0,68794.0,68547.0,68692.0,11.37709,543
2026-08-19 20:30:00+00:00,68708.0,68783.0,68640.0,68655.0,6.76743,314
2026-08-19 20:45:00+00:00,68639.0,69545.0,68609.0,69050.0,35.72227,963
2026-08-19 21:00:00+00:00,69049.0,69859.0,68978.0,69411.0,36.36362,1095
2026-08-19 21:15:00+00:00,69401.0,69733.0,69254.0,69622.0,6.98408,557
2026-08-19 21:30:00+00:00,69596.0,69820.0,69376.0,69659.0,4.10691,541
2026-08-19 21:45:00+00:00,69659.0,70071.0,69467.0,69694.0,19.56511,885
2026-08-19 22:00:00+00:00,69750.0,69808.0,69281.0,69281.0,3.5366,570
2026-08-19 22:15:00+00:00,69308.0,69379.0,69120.0,69121.0,3.04232,537
2026-08-19 22:30:00+00:00,69120.0,69438.0,68956.0,69310.0,5.07649,543
2026-08-19 22:45:00+00:00,69304.0,69309.0,69071.0,69208.0,5.99829,494
2026-08-19 23:00:00+00:00,69233.0,69369.0,69167.0,69313.0,5.9263,526
2026-08-19 23:15:00+00:00,69307.0,69406.0,69239.0,69341.0,2.42182,490
2026-08-19 23:30:00+00:00,69340.0,69359.0,69205.0,69286.0,3.07712,525
2026-08-19 23:45:00+00:00,69284.0,69300.0,69130.0,69300.0,2.73662,521
2026-08-20 00:00:00+00:00,69299.0,69629.0,69299.0,69526.0,7.49433,633
2026-08-20 00:15:00+00:00,69530.0,69756.0,69518.0,69567.0,58.74379,880
2026-08-20 00:30:00+00:00,69574.0,69650.0,69436.0,69520.0,11.26522,583
2026-08-20 00:45:00+00:00,69520.0,69659.0,69328.0,69364.0,13.98634,577
2026-08-20 01:00:00+00:00,69373.0,69464.0,69252.0,69361.0,53.06388,879
2026-08-20 01:15:00+00:00,69341.0,69407.0,69244.0,69290.0,2.86239,468
2026-08-20 01:30:00+00:00,69281.0,69600.0,69263.0,69599.0,2.17058,486
2026-08-20 01:45:00+00:00,69600.0,69857.0,69599.0,69688.0,3.63088,536
2026-08-20 02:00:00+00:00,69693.0,69794.0,69547.0,69651.0,4.67698,476
2026-08-20 02:15:00+00:00,69651.0,69678.0,69451.0,69478.0,2.60525,459
2026-08-20 02:30:00+00:00,69465.0,69515.0,69281.0,69283.0,5.78996,495
2026-08-20 02:45:00+00:00,69283.0,69327.0,69233.0,69271.0,6.32503,536
2026-08-20 03:00:00+00:00,69260.0,69261.0,68873.0,68951.0,2.20949,534
2026-08-20 03:15:00+00:00,68951.0,69160.0,68898.0,68921.0,4.33212,564
2026-08-20 03:30:00+00:00,68943.0,69151.0,68943.0,69138.0,6.12357,498
2026-08-20 03:45:00+00:00,69131.0,69294.0,69111.0,69141.0,0.62382,376
2026-08-20 04:00:00+00:00,69141.0,69339.0,69107.0,69330.0,12.93204,538
2026-08-20 04:15:00+00:00,69330.0,69350.0,69246.0,69317.0,2.76295,486
2026-08-20 04:30:00+00:00,69318.0,69335.0,69183.0,69281.0,1.36695,426
2026-08-20 04:45:00+00:00,69312.0,69542.0,69298.0,69439.0,2.4465,518
2026-08-20 05:00:00+00:00,69438.0,69511.0,69413.0,69419.0,5.30272,394
2026-08-20 05:15:00+00:00,69414.0,69620.0,69414.0,69542.0,1.53393,388
2026-08-20 05:30:00+00:00,69542.0,69576.0,69477.0,69505.0,1.08232,385
2026-08-20 05:45:00+00:00,69504.0,69505.0,69320.0,69352.0,4.17755,468
2026-08-20 06:00:00+00:00,69358.0,69387.0,69320.0,69355.0,2.76925,538
2026-08-20 06:15:00+00:00,69320.0,69649.0,69314.0,69546.0,12.8414,636
2026-08-20 06:30:00+00:00,69562.0,69752.0,69559.0,69744.0,7.25011,482
2026-08-20 06:45:00+00:00,69750.0,69869.0,69745.0,69818.0,4.51301,458
2026-08-20 07:00:00+00:00,69804.0,69961.0,69721.0,69759.0,12.00638,571
2026-08-20 07:15:00+00:00,69756.0,69756.0,69571.0,69639.0,1.71462,410
2026-08-20 07:30:00+00:00,69646.0,69646.0,69464.0,69576.0,4.03215,547
2026-08-20 07:45:00+00:00,69556.0,69778.0,69528.0,69778.0,5.27868,482
2026-08-20 08:00:00+00:00,69783.0,71307.0,69746.0,71254.0,36.00049,1484
2026-08-20 08:15:00+00:00,71254.0,71540.0,70983.0,71307.0,19.80411,807
2026-08-20 08:30:00+00:00,71295.0,71592.0,71130.0,71446.0,19.25054,719
2026-08-20 08:45:00+00:00,71424.0,71761.0,71387.0,71514.0,15.51618,658
2026-08-20 09:00:00+00:00,71528.0,71897.0,71443.0,71865.0,16.09475,715
2026-08-20 09:15:00+00:00,71867.0,71995.0,71683.0,71775.0,8.18834,528
2026-08-20 09:30:00+00:00,71766.0,71976.0,71684.0,71936.0,14.19362,510
2026-08-20 09:45:00+00:00,71916.0,71951.0,71612.0,71729.0,23.93254,560
2026-08-20 10:00:00+00:00,71726.0,72098.0,71637.0,72080.0,59.87401,1044
2026-08-20 10:15:00+00:00,72100.0,72408.0,71932.0,71983.0,17.47213,841
2026-08-20 10:30:00+00:00,71988.0,71988.0,71705.0,71744.0,11.52403,580
2026-08-20 10:45:00+00:00,71747.0,71929.0,71747.0,71929.0,11.65445,563
2026-08-20 11:00:00+00:00,71929.0,72079.0,71781.0,71921.0,37.97994,785
2026-08-20 11:15:00+00:00,71918.0,71960.0,71804.0,71837.0,14.16881,574
2026-08-20 11:30:00+00:00,71834.0,72268.0,71803.0,72105.0,17.52397,727
2026-08-20 11:45:00+00:00,72092.0,72216.0,71766.0,71863.0,10.37266,540
2026-08-20 12:00:00+00:00,71862.0,71919.0,71441.0,71753.0,7.0808,592
2026-08-20 12:15:00+00:00,71732.0,71811.0,71616.0,71769.0,31.02499,694
2026-08-20 12:30:00+00:00,71785.0,71926.0,71599.0,71621.0,20.01935,602
2026-08-20 12:45:00+00:00,71621.0,71887.0,71441.0,71884.0,13.80631,514
2026-08-20 13:00:00+00:00,71890.0,72026.0,71828.0,71995.0,14.9012,572
2026-08-20 13:15:00+00:00,71965.0,71983.0,71787.0,71898.0,12.18862,459
2026-08-20 13:30:00+00:00,71817.0,71817.0,71072.0,71613.0,7.41128,721
2026-08-20 13:45:00+00:00,71639.0,71785.0,71385.0,71622.0,4.19781,522
2026-08-20 14:00:00+00:00,71622.0,71928.0,71569.0,71769.0,4.04693,468
2026-08-20 14:15:00+00:00,71759.0,71764.0,71344.0,71418.0,10.34812,535
2026-08-20 14:30:00+00:00,71429.0,71644.0,71380.0,71496.0,3.14298,447
2026-08-20 14:45:00+00:00,71508.0,71758.0,71389.0,71758.0,9.71585,456
2026-08-20 15:00:00+00:00,71762.0,72506.0,71741.0,72193.0,17.00939,846
2026-08-20 15:15:00+00:00,72197.0,72374.0,71954.0,72362.0,11.44679,589
2026-08-20 15:30:00+00:00,72387.0,72760.0,72136.0,72236.0,19.95589,774
2026-08-20 15:45:00+00:00,72203.0,72518.0,72138.0,72440.0,7.83748,514
2026-08-20 16:00:00+00:00,72405.0,72479.0,72250.0,72274.0,11.73926,511
2026-08-20 16:15:00+00:00,72299.0,72384.0,72171.0,72375.0,23.61517,530
2026-08-20 16:30:00+00:00,72335.0,72656.0,72250.0,72616.0,9.12725,550
2026-08-20 16:45:00+00:00,72589.0,72840.0,72500.0,72806.0,10.13654,548
2026-08-20 17:00:00+00:00,72754.0,72840.0,72524.0,72654.0,8.56668,556
2026-08-20 17:15:00+00:00,72655.0,72812.0,72546.0,72798.0,4.7688,501
2026-08-20 17:30:00+00:00,72796.0,72831.0,72663.0,72745.0,2.36043,478
2026-08-20 17:45:00+00:00,72724.0,72929.0,72687.0,72715.0,5.52863,529
2026-08-20 18:00:00+00:00,72731.0,72794.0,72462.0,72601.0,5.98704,511
2026-08-20 18:15:00+00:00,72583.0,72733.0,72493.0,72696.0,11.89917,453
2026-08-20 18:30:00+00:00,72696.0,72698.0,72388.0,72474.0,10.6086,509
2026-08-20 18:45:00+00:00,72492.0,72610.0,72409.0,72419.0,11.34337,488
2026-08-20 19:00:00+00:00,72414.0,72496.0,72320.0,72467.0,5.56148,411
2026-08-20 19:15:00+00:00,72466.0,72620.0,72466.0,72589.0,0.62256,362
2026-08-20 19:30:00+00:00,72589.0,72764.0,72543.0,72712.0,8.00041,408
2026-08-20 19:45:00+00:00,72707.0,72745.0,72580.0,72621.0,7.59922,477
2026-08-20 20:00:00+00:00,72621.0,72761.0,72611.0,72673.0,6.55768,445
2026-08-20 20:15:00+00:00,72686.0,72890.0,72614.0,72827.0,19.49531,514
2026-08-20 20:30:00+00:00,72817.0,73051.0,72691.0,72754.0,9.59019,562
2026-08-20 20:45:00+00:00,72752.0,72772.0,72581.0,72655.0,18.4613,546
2026-08-20 21:00:00+00:00,72654.0,72681.0,72540.0,72681.0,4.36413,463
2026-08-20 21:15:00+00:00,72680.0,72827.0,72639.0,72645.0,6.82908,538
2026-08-20 21:30:00+00:00,72645.0,72824.0,72645.0,72732.0,9.17887,520
2026-08-20 21:45:00+00:00,72739.0,72767.0,72692.0,72734.0,3.62787,491
2026-08-20 22:00:00+00:00,72734.0,72747.0,72490.0,72598.0,3.72098,495
2026-08-20 22:15:00+00:00,72598.0,72830.0,72549.0,72793.0,3.90736,516
2026-08-20 22:30:00+00:00,72793.0,72807.0,72675.0,72697.0,6.04005,508
2026-08-20 22:45:00+00:00,72697.0,72872.0,72676.0,72678.0,5.89425,541
2026-08-20 23:00:00+00:00,72677.0,72924.0,72664.0,72924.0,8.46231,578
2026-08-20 23:15:00+00:00,72919.0,73382.0,72898.0,73203.0,27.2133,903
2026-08-20 23:30:00+00:00,73228.0,73388.0,73081.0,73098.0,6.8233,503
2026-08-20 23:45:00+00:00,73097.0,73134.0,72975.0,73005.0,13.93034,485
2026-08-21 00:00:00+00:00,73004.0,73483.0,73004.0,73466.0,10.7742,616
2026-08-21 00:15:00+00:00,73464.0,73864.0,73341.0,73687.0,10.49646,789
2026-08-21 00:30:00+00:00,73687.0,73967.0,73514.0,73663.0,13.38631,703
2026-08-21 00:45:00+00:00,73663.0,73817.0,73568.0,73681.0,4.50413,458
2026-08-21 01:00:00+00:00,73675.0,73958.0,73647.0,73958.0,12.20784,569
2026-08-21 01:15:00+00:00,73958.0,74808.0,73921.0,74702.0,46.75928,1625
2026-08-21 01:30:00+00:00,74719.0,75004.0,74493.0,74721.0,27.37042,933
2026-08-21 01:45:00+00:00,74721.0,75726.0,74677.0,75098.0,49.01795,1469
2026-08-21 02:00:00+00:00,75096.0,75150.0,74643.0,74841.0,12.13034,668
2026-08-21 02:15:00+00:00,74816.0,74945.0,74563.0,74939.0,9.89548,604
2026-08-21 02:30:00+00:00,74945.0,75042.0,74554.0,74675.0,13.76151,608
2026-08-21 02:45:00+00:00,74676.0,74676.0,74358.0,74402.0,4.52952,505
2026-08-21 03:00:00+00:00,74411.0,74454.0,74200.0,74411.0,10.52293,588
2026-08-21 03:15:00+00:00,74412.0,74586.0,74287.0,74564.0,7.70947,500
2026-08-21 03:30:00+00:00,74564.0,74672.0,74404.0,74636.0,5.47191,476
2026-08-21 03:45:00+00:00,74632.0,74828.0,74469.0,74473.0,10.42856,509
2026-08-21 04:00:00+00:00,74547.0,74854.0,74533.0,74830.0,4.17025,455
2026-08-21 04:15:00+00:00,74830.0,74899.0,74760.0,74784.0,6.60891,446
2026-08-21 04:30:00+00:00,74790.0,74955.0,74757.0,74923.0,6.88965,453
2026-08-21 04:45:00+00:00,74910.0,75000.0,74885.0,74987.0,14.24324,431
2026-08-21 05:00:00+00:00,74993.0,75328.0,74887.0,75292.0,7.85862,487
2026-08-21 05:15:00+00:00,75249.0,75459.0,75040.0,75175.0,5.82961,552
2026-08-21 05:30:00+00:00,75152.0,75348.0,75078.0,75247.0,6.45579,441
2026-08-21 05:45:00+00:00,75236.0,75413.0,75187.0,75413.0,20.87333,560
2026-08-21 06:00:00+00:00,75421.0,75469.0,75248.0,75260.0,11.40897,473
2026-08-21 06:15:00+00:00,75260.0,75463.0,75083.0,75309.0,10.78949,478
2026-08-21 06:30:00+00:00,75302.0,75716.0,75301.0,75374.0,19.01042,657
2026-08-21 06:45:00+00:00,75346.0,75624.0,75275.0,75624.0,16.14118,579
2026-08-21 07:00:00+00:00,75622.0,75982.0,75595.0,75923.0,15.2406,601
2026-08-21 07:15:00+00:00,75947.0,76888.0,75927.0,76393.0,102.17399,2068
2026-08-21 07:30:00+00:00,76393.0,76759.0,76272.0,76596.0,27.29499,903
2026-08-21 07:45:00+00:00,76569.0,76621.0,76207.0,76313.0,33.47415,806
2026-08-21 08:00:00+00:00,76328.0,77125.0,76252.0,76879.0,45.90514,1001
2026-08-21 08:15:00+00:00,76850.0,77400.0,76831.0,77194.0,22.09068,902
2026-08-21 08:30:00+00:00,77188.0,77777.0,77173.0,77629.0,44.39611,1235
2026-08-21 08:45:00+00:00,77635.0,79476.0,77581.0,79281.0,53.54646,2088
2026-08-21 09:00:00+00:00,79222.0,79336.0,77218.0,77860.0,47.69224,2243
2026-08-21 09:15:00+00:00,77842.0,77908.0,77241.0,77694.0,23.87632,1023
2026-08-21 09:30:00+00:00,77686.0,78313.0,77591.0,78188.0,23.23587,821
2026-08-21 09:45:00+00:00,78184.0,78335.0,77585.0,77889.0,27.5468,824
2026-08-21 10:00:00+00:00,77890.0,78080.0,77592.0,78048.0,25.73143,758
2026-08-21 10:15:00+00:00,78019.0,78217.0,77636.0,77900.0,15.77766,753
2026-08-21 10:30:00+00:00,77896.0,77933.0,77600.0,77811.0,19.17153,728
2026-08-21 10:45:00+00:00,77811.0,77962.0,77705.0,77795.0,11.43876,641
2026-08-21 11:00:00+00:00,77783.0,77832.0,77307.0,77532.0,27.75502,865
2026-08-21 11:15:00+00:00,77538.0,77655.0,77218.0,77391.0,40.25958,1186
2026-08-21 11:30:00+00:00,77394.0,77417.0,76385.0,76832.0,21.44733,1363
2026-08-21 11:45:00+00:00,76804.0,77000.0,76590.0,76709.0,10.19236,603
2026-08-21 12:00:00+00:00,76706.0,76969.0,76502.0,76945.0,21.37841,664
2026-08-21 12:15:00+00:00,76897.0,76897.0,76622.0,76647.0,18.65302,531
2026-08-21 12:30:00+00:00,76649.0,77400.0,76597.0,77384.0,22.76801,826
2026-08-21 12:45:00+00:00,77390.0,77444.0,77073.0,77177.0,15.96229,621
2026-08-21 13:00:00+00:00,77193.0,77350.0,77006.0,77160.0,17.85173,618
2026-08-21 13:15:00+00:00,77160.0,77193.0,76794.0,77053.0,35.16344,769
2026-08-21 13:30:00+00:00,77054.0,77282.0,76200.0,77265.0,26.0611,1157
2026-08-21 13:45:00+00:00,77265.0,77681.0,77098.0,77246.0,25.89608,1008
2026-08-21 14:00:00+00:00,77222.0,77222.0,76661.0,76750.0,30.16937,859
2026-08-21 14:15:00+00:00,76748.0,77157.0,76527.0,77025.0,13.20794,777
2026-08-21 14:30:00+00:00,77034.0,77199.0,76841.0,77095.0,12.07578,700
2026-08-21 14:45:00+00:00,77101.0,77405.0,77092.0,77338.0,15.79699,624
2026-08-21 15:00:00+00:00,77339.0,77767.0,77287.0,77652.0,20.4077,800
2026-08-21 15:15:00+00:00,77676.0,77816.0,77489.0,77580.0,16.54525,729
2026-08-21 15:30:00+00:00,77580.0,77705.0,77428.0,77461.0,8.49986,597
2026-08-21 15:45:00+00:00,77465.0,77494.0,77110.0,77171.0,7.603,608
2026-08-21 16:00:00+00:00,77170.0,77260.0,76809.0,76809.0,10.67499,606
2026-08-21 16:15:00+00:00,76801.0,77337.0,76741.0,77337.0,16.62585,760
2026-08-21 16:30:00+00:00,77337.0,77364.0,77195.0,77314.0,6.4806,578
2026-08-21 16:45:00+00:00,77313.0,77508.0,77275.0,77450.0,13.14406,584
2026-08-21 17:00:00+00:00,77455.0,77685.0,77424.0,77522.0,12.89996,639
2026-08-21 17:15:00+00:00,77523.0,77528.0,77145.0,77509.0,12.50406,638
2026-08-21 17:30:00+00:00,77524.0,77616.0,77299.0,77330.0,10.11457,569
2026-08-21 17:45:00+00:00,77330.0,77476.0,77285.0,77349.0,9.3223,550
2026-08-21 18:00:00+00:00,77354.0,77508.0,77228.0,77293.0,7.48464,561
2026-08-21 18:15:00+00:00,77293.0,77451.0,77221.0,77334.0,10.38712,502
2026-08-21 18:30:00+00:00,77339.0,77409.0,76822.0,76885.0,12.25171,583
2026-08-21 18:45:00+00:00,76895.0,77087.0,76596.0,77086.0,9.65511,730
2026-08-21 19:00:00+00:00,77091.0,77136.0,76817.0,77090.0,8.78463,539
2026-08-21 19:15:00+00:00,77091.0,77290.0,76924.0,77268.0,6.7143,505
2026-08-21 19:30:00+00:00,77282.0,77313.0,77069.0,77131.0,5.79872,569
2026-08-21 19:45:00+00:00,77131.0,77209.0,76983.0,77004.0,6.89616,527
2026-08-21 20:00:00+00:00,77003.0,77268.0,76830.0,77242.0,5.46785,561
2026-08-21 20:15:00+00:00,77242.0,77498.0,77242.0,77468.0,10.12466,531
2026-08-21 20:30:00+00:00,77468.0,77497.0,77325.0,77451.0,2.69317,348
2026-08-21 20:45:00+00:00,77444.0,77502.0,77292.0,77478.0,1.60596,356
2026-08-21 21:00:00+00:00,77478.0,77792.0,77365.0,77684.0,7.0899,444
2026-08-21 21:15:00+00:00,77657.0,78178.0,77548.0,78055.0,67.17873,864
2026-08-21 21:30:00+00:00,78059.0,78491.0,77989.0,78219.0,23.72287,651
2026-08-21 21:45:00+00:00,78233.0,78665.0,78205.0,78495.0,23.11156,684
2026-08-21 22:00:00+00:00,78487.0,78730.0,78169.0,78697.0,9.56891,590
2026-08-21 22:15:00+00:00,78714.0,78714.0,78343.0,78477.0,7.53889,450
2026-08-21 22:30:00+00:00,78495.0,78566.0,78089.0,78495.0,7.39732,511
2026-08-21 22:45:00+00:00,78496.0,78580.0,78249.0,78425.0,8.07543,417
2026-08-21 23:00:00+00:00,78449.0,78600.0,78343.0,78528.0,2.29748,315
2026-08-21 23:15:00+00:00,78529.0,78700.0,78356.0,78389.0,5.52724,369
2026-08-21 23:30:00+00:00,78390.0,78491.0,78127.0,78375.0,4.45843,414
2026-08-21 23:45:00+00:00,78359.0,78380.0,78112.0,78317.0,2.98377,362
2026-08-22 00:00:00+00:00,78316.0,78482.0,77730.0,77910.0,8.94502,559
2026-08-22 00:15:00+00:00,77892.0,78084.0,77845.0,77904.0,1.58686,325
2026-08-22 00:30:00+00:00,77904.0,78034.0,77741.0,77798.0,4.72108,361
2026-08-22 00:45:00+00:00,77809.0,77955.0,77677.0,77907.0,25.07446,439
2026-08-22 01:00:00+00:00,77920.0,78156.0,77880.0,78089.0,6.5216,348
2026-08-22 01:15:00+00:00,78088.0,78134.0,77881.0,77999.0,1.67086,277
2026-08-22 01:30:00+00:00,77999.0,78200.0,77870.0,77890.0,2.28904,308
2026-08-22 01:45:00+00:00,77890.0,77985.0,77792.0,77820.0,5.24629,327
2026-08-22 02:00:00+00:00,77820.0,78093.0,77772.0,78039.0,1.21148,280
2026-08-22 02:15:00+00:00,78039.0,78447.0,78024.0,78374.0,2.8777,340
2026-08-22 02:30:00+00:00,78374.0,78490.0,78134.0,78466.0,3.77743,386
2026-08-22 02:45:00+00:00,78483.0,78542.0,78294.0,78442.0,3.68818,368
2026-08-22 03:00:00+00:00,78455.0,78679.0,78359.0,78418.0,4.11658,354
2026-08-22 03:15:00+00:00,78378.0,78764.0,78345.0,78748.0,9.67856,365
2026-08-22 03:30:00+00:00,78742.0,78796.0,78531.0,78623.0,8.3381,406
2026-08-22 03:45:00+00:00,78620.0,78658.0,78372.0,78380.0,2.4686,314
2026-08-22 04:00:00+00:00,78380.0,78438.0,78225.0,78359.0,6.33977,405
2026-08-22 04:15:00+00:00,78360.0,78566.0,78188.0,78566.0,8.68544,400
2026-08-22 04:30:00+00:00,78565.0,78783.0,78498.0,78626.0,4.96176,411
2026-08-22 04:45:00+00:00,78629.0,78667.0,78449.0,78469.0,6.15125,420
2026-08-22 05:00:00+00:00,78456.0,78562.0,76552.0,77308.0,44.77052,1583
2026-08-22 05:15:00+00:00,77320.0,77500.0,76746.0,77292.0,15.8403,694
2026-08-22 05:30:00+00:00,77292.0,77547.0,76934.0,77158.0,18.94126,578
2026-08-22 05:45:00+00:00,77171.0,77479.0,77077.0,77379.0,4.68322,374
2026-08-22 06:00:00+00:00,77380.0,77422.0,77151.0,77180.0,1.90074,328
2026-08-22 06:15:00+00:00,77180.0,77386.0,77180.0,77239.0,3.88807,282
2026-08-22 06:30:00+00:00,77238.0,77559.0,76989.0,77409.0,2.29533,297
2026-08-22 06:45:00+00:00,77401.0,77536.0,77375.0,77468.0,7.21847,285
2026-08-22 07:00:00+00:00,77468.0,77630.0,77265.0,77354.0,1.51781,320
2026-08-22 07:15:00+00:00,77363.0,77472.0,77205.0,77466.0,3.9377,279
2026-08-22 07:30:00+00:00,77472.0,77485.0,77288.0,77391.0,4.18843,297
2026-08-22 07:45:00+00:00,77391.0,77423.0,77241.0,77241.0,13.42643,338
2026-08-22 08:00:00+00:00,77275.0,77400.0,77180.0,77399.0,4.53587,274
2026-08-22 08:15:00+00:00,77400.0,77415.0,77076.0,77207.0,6.24114,337
2026-08-22 08:30:00+00:00,77191.0,77291.0,77024.0,77273.0,15.48446,413
2026-08-22 08:45:00+00:00,77273.0,77273.0,77080.0,77180.0,9.8404,443
2026-08-22 09:00:00+00:00,77186.0,77350.0,77039.0,77350.0,5.41862,330
2026-08-22 09:15:00+00:00,77350.0,77361.0,77143.0,77194.0,3.85823,300
2026-08-22 09:30:00+00:00,77197.0,77238.0,77135.0,77187.0,1.52053,277
2026-08-22 09:45:00+00:00,77180.0,77182.0,76834.0,77051.0,5.67708,396
2026-08-22 10:00:00+00:00,77055.0,77065.0,76676.0,76714.0,4.11579,366
2026-08-22 10:15:00+00:00,76713.0,76941.0,76533.0,76936.0,5.17316,446
2026-08-22 10:30:00+00:00,76919.0,77165.0,76860.0,77155.0,5.26582,315
2026-08-22 10:45:00+00:00,77157.0,77180.0,76875.0,76966.0,6.06131,316
2026-08-22 11:00:00+00:00,76958.0,77043.0,76818.0,76869.0,2.33096,282
2026-08-22 11:15:00+00:00,76864.0,76968.0,76790.0,76968.0,6.65137,334
2026-08-22 11:30:00+00:00,76955.0,77153.0,76929.0,77142.0,2.53528,252
2026-08-22 11:45:00+00:00,77146.0,77180.0,77027.0,77087.0,3.7951,280
2026-08-22 12:00:00+00:00,77093.0,77250.0,77060.0,77217.0,4.16229,278
2026-08-22 12:15:00+00:00,77218.0,77329.0,77185.0,77316.0,2.9543,263
2026-08-22 12:30:00+00:00,77302.0,77327.0,77188.0,77327.0,2.9756,285
2026-08-22 12:45:00+00:00,77324.0,77375.0,77244.0,77284.0,5.6478,306
2026-08-22 13:00:00+00:00,77279.0,77287.0,77169.0,77225.0,7.78914,346
2026-08-22 13:15:00+00:00,77226.0,77260.0,77125.0,77165.0,18.03881,406
2026-08-22 13:30:00+00:00,77166.0,77191.0,77101.0,77155.0,2.26559,361
2026-08-22 13:45:00+00:00,77161.0,77362.0,77142.0,77284.0,5.64448,396
2026-08-22 14:00:00+00:00,77284.0,77312.0,76981.0,77029.0,5.47662,402
2026-08-22 14:15:00+00:00,77033.0,77082.0,76956.0,77082.0,3.86107,292
2026-08-22 14:30:00+00:00,77082.0,77146.0,76953.0,76954.0,1.1835,275
2026-08-22 14:45:00+00:00,76974.0,77066.0,76930.0,76996.0,2.94871,291
2026-08-22 15:00:00+00:00,77002.0,77086.0,76940.0,76940.0,0.28047,215
2026-08-22 15:15:00+00:00,76935.0,77016.0,76875.0,76974.0,1.19912,257
2026-08-22 15:30:00+00:00,76976.0,77092.0,76973.0,77043.0,1.84528,245
2026-08-22 15:45:00+00:00,77053.0,77082.0,76920.0,76966.0,0.52741,214
2026-08-22 16:00:00+00:00,76966.0,77056.0,76945.0,77039.0,1.54954,225
2026-08-22 16:15:00+00:00,77040.0,77226.0,77033.0,77183.0,1.44934,244
2026-08-22 16:30:00+00:00,77184.0,77435.0,77166.0,77373.0,0.6572,239
2026-08-22 16:45:00+00:00,77373.0,77520.0,77284.0,77284.0,1.73263,280
2026-08-22 17:00:00+00:00,77271.0,77321.0,77230.0,77265.0,3.07896,260
2026-08-22 17:15:00+00:00,77262.0,77323.0,77066.0,77067.0,0.48803,223
2026-08-22 17:30:00+00:00,77088.0,77201.0,77087.0,77201.0,7.25261,299
2026-08-22 17:45:00+00:00,77201.0,77352.0,77201.0,77257.0,0.60888,217
2026-08-22 18:00:00+00:00,77258.0,77358.0,77193.0,77216.0,10.71678,299
2026-08-22 18:15:00+00:00,77217.0,77331.0,77216.0,77300.0,17.75584,456
2026-08-22 18:30:00+00:00,77301.0,77327.0,77220.0,77220.0,14.89101,349
2026-08-22 18:45:00+00:00,77220.0,77259.0,77134.0,77259.0,4.33204,262
2026-08-22 19:00:00+00:00,77256.0,77339.0,77205.0,77328.0,1.24323,223
2026-08-22 19:15:00+00:00,77324.0,77336.0,77248.0,77281.0,10.67991,331
2026-08-22 19:30:00+00:00,77281.0,77420.0,77280.0,77419.0,6.50661,317
2026-08-22 19:45:00+00:00,77420.0,77479.0,77407.0,77426.0,6.76019,300
2026-08-22 20:00:00+00:00,77424.0,77460.0,77370.0,77413.0,2.85092,265
2026-08-22 20:15:00+00:00,77410.0,77432.0,77303.0,77303.0,8.00158,328
2026-08-22 20:30:00+00:00,77304.0,77411.0,77269.0,77364.0,1.43583,296
2026-08-22 20:45:00+00:00,77365.0,77384.0,77272.0,77334.0,0.92641,285
2026-08-22 21:00:00+00:00,77323.0,77323.0,77047.0,77056.0,3.94339,399
2026-08-22 21:15:00+00:00,77053.0,77219.0,77053.0,77185.0,1.54741,304
2026-08-22 21:30:00+00:00,77185.0,77212.0,76930.0,77031.0,1.14328,328
2026-08-22 21:45:00+00:00,77041.0,77041.0,76844.0,76882.0,0.70569,262
2026-08-22 22:00:00+00:00,76865.0,77147.0,76768.0,77094.0,2.9997,402
2026-08-22 22:15:00+00:00,77099.0,77154.0,77049.0,77055.0,2.81862,333
2026-08-22 22:30:00+00:00,77050.0,77076.0,76885.0,77051.0,0.8976,268
2026-08-22 22:45:00+00:00,77052.0,77124.0,76953.0,76996.0,1.60713,224
2026-08-22 23:00:00+00:00,77012.0,77074.0,76944.0,76963.0,4.9957,243
2026-08-22 23:15:00+00:00,76964.0,77011.0,76925.0,76931.0,2.10698,260
2026-08-22 23:30:00+00:00,76942.0,77012.0,76878.0,77001.0,2.75613,255
2026-08-22 23:45:00+00:00,76994.0,77100.0,76985.0,77056.0,3.60245,248
2026-08-23 00:00:00+00:00,77053.0,77132.0,77037.0,77069.0,1.44504,268
2026-08-23 00:15:00+00:00,77070.0,77234.0,77022.0,77206.0,8.46991,326
2026-08-23 00:30:00+00:00,77206.0,77329.0,77205.0,77280.0,2.29152,268
2026-08-23 00:45:00+00:00,77260.0,77327.0,77231.0,77297.0,11.50961,412
2026-08-23 01:00:00+00:00,77296.0,77388.0,77156.0,77388.0,4.92666,335
2026-08-23 01:15:00+00:00,77388.0,77388.0,77243.0,77260.0,0.64841,243
2026-08-23 01:30:00+00:00,77261.0,77302.0,77170.0,77240.0,0.71208,232
2026-08-23 01:45:00+00:00,77241.0,77312.0,77139.0,77177.0,4.54567,325
2026-08-23 02:00:00+00:00,77177.0,77205.0,77053.0,77053.0,0.25148,273
2026-08-23 02:15:00+00:00,77052.0,77118.0,77006.0,77100.0,4.24689,341
2026-08-23 02:30:00+00:00,77101.0,77192.0,77092.0,77154.0,0.20981,223
2026-08-23 02:45:00+00:00,77155.0,77188.0,77045.0,77055.0,1.89094,257
2026-08-23 03:00:00+00:00,77055.0,77092.0,77000.0,77066.0,1.12228,245
2026-08-23 03:15:00+00:00,77067.0,77124.0,76983.0,76983.0,1.88769,271
2026-08-23 03:30:00+00:00,76983.0,76983.0,76821.0,76841.0,2.43484,276
2026-08-23 03:45:00+00:00,76837.0,76969.0,76837.0,76907.0,8.82553,378
2026-08-23 04:00:00+00:00,76906.0,76994.0,76692.0,76982.0,9.29362,415
2026-08-23 04:15:00+00:00,76980.0,77011.0,76804.0,76946.0,8.98498,426
2026-08-23 04:30:00+00:00,76947.0,76961.0,76799.0,76808.0,7.12674,337
2026-08-23 04:45:00+00:00,76816.0,76816.0,76459.0,76590.0,1.70047,370
2026-08-23 05:00:00+00:00,76589.0,76714.0,75842.0,75846.0,19.49982,669
2026-08-23 05:15:00+00:00,75862.0,76321.0,75560.0,76221.0,13.10178,644
2026-08-23 05:30:00+00:00,76222.0,76319.0,76093.0,76169.0,2.21676,245
2026-08-23 05:45:00+00:00,76169.0,76252.0,76043.0,76092.0,9.28987,274
2026-08-23 06:00:00+00:00,76072.0,76156.0,75910.0,76081.0,4.69578,361
2026-08-23 06:15:00+00:00,76081.0,76302.0,76076.0,76235.0,3.61556,334
2026-08-23 06:30:00+00:00,76235.0,76354.0,76185.0,76249.0,2.05332,298
2026-08-23 06:45:00+00:00,76259.0,76273.0,76020.0,76103.0,2.94254,296
2026-08-23 07:00:00+00:00,76103.0,76323.0,76041.0,76296.0,0.34252,264
2026-08-23 07:15:00+00:00,76297.0,76345.0,76226.0,76239.0,4.44598,308
2026-08-23 07:30:00+00:00,76238.0,76239.0,76042.0,76061.0,8.65793,318
2026-08-23 07:45:00+00:00,76062.0,76149.0,75913.0,75998.0,1.99928,321
2026-08-23 08:00:00+00:00,76004.0,76285.0,75945.0,76172.0,5.90754,401
2026-08-23 08:15:00+00:00,76179.0,76232.0,76179.0,76210.0,2.68739,260
2026-08-23 08:30:00+00:00,76211.0,76643.0,76211.0,76499.0,3.25019,383
2026-08-23 08:45:00+00:00,76495.0,76597.0,76426.0,76455.0,5.95229,268
2026-08-23 09:00:00+00:00,76456.0,76617.0,76442.0,76558.0,3.58459,269
2026-08-23 09:15:00+00:00,76559.0,76581.0,76455.0,76531.0,5.17803,231
2026-08-23 09:30:00+00:00,76532.0,76544.0,76452.0,76538.0,6.11542,229
2026-08-23 09:45:00+00:00,76539.0,76624.0,76501.0,76531.0,3.08357,183
2026-08-23 10:00:00+00:00,76530.0,76713.0,76523.0,76640.0,8.89988,349
2026-08-23 10:15:00+00:00,76641.0,76890.0,76622.0,76760.0,26.31777,571
2026-08-23 10:30:00+00:00,76761.0,76925.0,76751.0,76847.0,9.68694,341
2026-08-23 10:45:00+00:00,76855.0,76867.0,76765.0,76769.0,9.62376,305
2026-08-23 11:00:00+00:00,76769.0,76871.0,76753.0,76855.0,5.68341,346
2026-08-23 11:15:00+00:00,76867.0,77313.0,76808.0,77141.0,15.34258,621
2026-08-23 11:30:00+00:00,77142.0,77376.0,77141.0,77275.0,10.74542,361
2026-08-23 11:45:00+00:00,77260.0,77388.0,77260.0,77303.0,32.82411,938
2026-08-23 12:00:00+00:00,77304.0,77308.0,77012.0,77086.0,5.27238,295
2026-08-23 12:15:00+00:00,77079.0,77129.0,77022.0,77049.0,2.91233,204
2026-08-23 12:30:00+00:00,77041.0,77252.0,77041.0,77234.0,2.40007,190
2026-08-23 12:45:00+00:00,77234.0,77250.0,77177.0,77211.0,4.14314,185
2026-08-23 13:00:00+00:00,77212.0,77324.0,77207.0,77323.0,3.5825,270
2026-08-23 13:15:00+00:00,77324.0,77749.0,77323.0,77437.0,8.65391,452
2026-08-23 13:30:00+00:00,77437.0,77581.0,77352.0,77508.0,17.04909,393
2026-08-23 13:45:00+00:00,77508.0,77561.0,77373.0,77486.0,19.42563,296
2026-08-23 14:00:00+00:00,77484.0,77604.0,77337.0,77560.0,24.95567,492
2026-08-23 14:15:00+00:00,77560.0,77646.0,77412.0,77473.0,31.80437,319
2026-08-23 14:30:00+00:00,77473.0,77492.0,76817.0,77022.0,17.63051,457
2026-08-23 14:45:00+00:00,77061.0,77313.0,77051.0,77186.0,37.59867,401
2026-08-23 15:00:00+00:00,77219.0,77328.0,77067.0,77170.0,0.81752,162
2026-08-23 15:15:00+00:00,77168.0,77235.0,76936.0,77189.0,1.71012,192
2026-08-23 15:30:00+00:00,77196.0,77298.0,77135.0,77265.0,2.04179,200
2026-08-23 15:45:00+00:00,77260.0,77260.0,77128.0,77152.0,0.9629,159
2026-08-23 16:00:00+00:00,77155.0,77283.0,77155.0,77269.0,1.45296,194
2026-08-23 16:15:00+00:00,77266.0,77325.0,77217.0,77318.0,1.93513,234
2026-08-23 16:30:00+00:00,77319.0,77434.0,77303.0,77393.0,5.95186,304
2026-08-23 16:45:00+00:00,77371.0,77475.0,77359.0,77407.0,12.83595,260
2026-08-23 17:00:00+00:00,77416.0,77434.0,77162.0,77280.0,7.47467,245
2026-08-23 17:15:00+00:00,77279.0,77369.0,77192.0,77232.0,5.47488,218
2026-08-23 17:30:00+00:00,77237.0,77281.0,77136.0,77223.0,4.03404,183
2026-08-23 17:45:00+00:00,77237.0,77300.0,77175.0,77175.0,3.97235,206
2026-08-23 18:00:00+00:00,77178.0,77398.0,77104.0,77341.0,7.35185,281
2026-08-23 18:15:00+00:00,77335.0,77397.0,77270.0,77335.0,10.17116,263
2026-08-23 18:30:00+00:00,77336.0,77348.0,77283.0,77324.0,0.96237,149
2026-08-23 18:45:00+00:00,77328.0,77328.0,77257.0,77315.0,2.36089,152
2026-08-23 19:00:00+00:00,77325.0,77393.0,77244.0,77292.0,9.90075,202
2026-08-23 19:15:00+00:00,77293.0,77380.0,77286.0,77344.0,5.86243,134
2026-08-23 19:30:00+00:00,77344.0,77425.0,77249.0,77425.0,2.72912,155
2026-08-23 19:45:00+00:00,77415.0,77451.0,77322.0,77325.0,2.92331,141
2026-08-23 20:00:00+00:00,77326.0,77330.0,77190.0,77266.0,0.18418,94
2026-08-23 20:15:00+00:00,77266.0,77385.0,77265.0,77361.0,7.03791,233
2026-08-23 20:30:00+00:00,77362.0,77426.0,77362.0,77402.0,9.6576,203
2026-08-23 20:45:00+00:00,77403.0,77422.0,77383.0,77392.0,1.71961,172
2026-08-23 21:00:00+00:00,77400.0,77674.0,77400.0,77674.0,19.61632,358
2026-08-23 21:15:00+00:00,77675.0,78039.0,77675.0,78029.0,18.59627,511
2026-08-23 21:30:00+00:00,78031.0,78044.0,77573.0,77629.0,4.50445,338
2026-08-23 21:45:00+00:00,77629.0,77849.0,77629.0,77827.0,9.97342,277
2026-08-23 22:00:00+00:00,77834.0,77968.0,77602.0,77697.0,7.30183,340
2026-08-23 22:15:00+00:00,77665.0,77798.0,77618.0,77653.0,1.79445,198
2026-08-23 22:30:00+00:00,77653.0,77711.0,77592.0,77640.0,3.41214,179
2026-08-23 22:45:00+00:00,77637.0,77685.0,77549.0,77579.0,1.60788,181
2026-08-23 23:00:00+00:00,77590.0,77605.0,77300.0,77444.0,3.29602,258
2026-08-23 23:15:00+00:00,77465.0,77640.0,77438.0,77640.0,0.68758,177
2026-08-23 23:30:00+00:00,77654.0,77801.0,77391.0,77479.0,3.30554,245
2026-08-23 23:45:00+00:00,77479.0,77787.0,77475.0,77729.0,3.00794,251
2026-08-24 00:00:00+00:00,77729.0,77754.0,77519.0,77609.0,2.31451,249
2026-08-24 00:15:00+00:00,77622.0,77639.0,77284.0,77436.0,3.89099,276
2026-08-24 00:30:00+00:00,77437.0,77594.0,77227.0,77253.0,6.45943,275
2026-08-24 00:45:00+00:00,77255.0,77679.0,77165.0,77679.0,8.71208,249
2026-08-24 01:00:00+00:00,77682.0,77702.0,77436.0,77450.0,12.6963,248
2026-08-24 01:15:00+00:00,77424.0,77438.0,77245.0,77264.0,2.42072,169
2026-08-24 01:30:00+00:00,77239.0,77370.0,77181.0,77216.0,1.17019,145
2026-08-24 01:45:00+00:00,77222.0,77264.0,76901.0,76901.0,11.19797,249
2026-08-24 02:00:00+00:00,76924.0,77391.0,76872.0,77360.0,0.39867,153
2026-08-24 02:15:00+00:00,77390.0,77489.0,77375.0,77432.0,0.78884,124
2026-08-24 02:30:00+00:00,77432.0,77527.0,77391.0,77435.0,0.32482,129
2026-08-24 02:45:00+00:00,77421.0,77504.0,77217.0,77457.0,12.18219,241
2026-08-24 03:00:00+00:00,77457.0,77504.0,77194.0,77210.0,1.12978,174
2026-08-24 03:15:00+00:00,77190.0,77242.0,77111.0,77111.0,1.88758,173
2026-08-24 03:30:00+00:00,77125.0,77159.0,76953.0,76977.0,3.12473,162
2026-08-24 03:45:00+00:00,76977.0,77147.0,76950.0,76951.0,8.03032,283
2026-08-24 04:00:00+00:00,76972.0,77099.0,76972.0,77028.0,1.03141,173
2026-08-24 04:15:00+00:00,77028.0,77249.0,77028.0,77222.0,1.45207,126
2026-08-24 04:30:00+00:00,77223.0,77233.0,77069.0,77096.0,2.50513,152
2026-08-24 04:45:00+00:00,77120.0,77120.0,76690.0,76899.0,2.32704,171
2026-08-24 05:00:00+00:00,76876.0,77219.0,76848.0,77211.0,1.1194,112
2026-08-24 05:15:00+00:00,77219.0,77227.0,76975.0,77075.0,0.58949,106
2026-08-24 05:30:00+00:00,77040.0,77179.0,76870.0,77096.0,1.99553,161
2026-08-24 05:45:00+00:00,77097.0,77186.0,77009.0,77165.0,2.099,115
2026-08-24 06:00:00+00:00,77161.0,77419.0,77073.0,77419.0,0.19089,142
2026-08-24 06:15:00+00:00,77392.0,77442.0,77313.0,77370.0,0.28307,84
2026-08-24 06:30:00+00:00,77353.0,77374.0,77221.0,77341.0,1.21648,95
2026-08-24 06:45:00+00:00,77342.0,77504.0,77339.0,77457.0,1.28959,112
2026-08-24 07:00:00+00:00,77460.0,77773.0,77452.0,77750.0,2.66284,178
2026-08-24 07:15:00+00:00,77739.0,77739.0,77536.0,77585.0,0.60175,111
2026-08-24 07:30:00+00:00,77583.0,77583.0,77336.0,77336.0,0.27542,93
2026-08-24 07:45:00+00:00,77331.0,77428.0,77285.0,77302.0,3.65711,168
2026-08-24 08:00:00+00:00,77315.0,77381.0,77218.0,77238.0,3.27201,199
2026-08-24 08:15:00+00:00,77231.0,77231.0,76835.0,76912.0,8.74439,289
2026-08-24 08:30:00+00:00,76903.0,77128.0,76903.0,77128.0,0.77986,211
2026-08-24 08:45:00+00:00,77132.0,77142.0,77004.0,77037.0,5.80382,214
2026-08-24 09:00:00+00:00,77017.0,77295.0,77017.0,77281.0,4.68691,170
2026-08-24 09:15:00+00:00,77280.0,77409.0,77211.0,77409.0,4.77734,199
2026-08-24 09:30:00+00:00,77410.0,77490.0,77389.0,77449.0,1.58646,199
2026-08-24 09:45:00+00:00,77463.0,77587.0,77441.0,77524.0,1.23267,186
2026-08-24 10:00:00+00:00,77536.0,77857.0,77517.0,77834.0,14.97788,285
2026-08-24 10:15:00+00:00,77826.0,77933.0,77760.0,77820.0,8.65028,250
2026-08-24 10:30:00+00:00,77833.0,77993.0,77701.0,77711.0,4.01997,199
2026-08-24 10:45:00+00:00,77711.0,77823.0,77545.0,77614.0,0.26497,110
2026-08-24 11:00:00+00:00,77613.0,77846.0,77459.0,77841.0,9.04617,291
2026-08-24 11:15:00+00:00,77812.0,77874.0,77717.0,77846.0,7.8287,225
2026-08-24 11:30:00+00:00,77828.0,78542.0,77821.0,78542.0,11.14038,525
2026-08-24 11:45:00+00:00,78542.0,78588.0,78095.0,78433.0,2.9973,257
2026-08-24 12:00:00+00:00,78405.0,78405.0,78106.0,78151.0,2.62542,215
2026-08-24 12:15:00+00:00,78130.0,78485.0,77971.0,78431.0,12.91862,391
2026-08-24 12:30:00+00:00,78419.0,78882.0,78366.0,78710.0,13.34319,555
2026-08-24 12:45:00+00:00,78726.0,79316.0,78726.0,79149.0,26.22348,725
2026-08-24 13:00:00+00:00,79153.0,79414.0,78953.0,79217.0,11.44372,548
2026-08-24 13:15:00+00:00,79218.0,79225.0,78888.0,78997.0,9.77091,262
2026-08-24 13:30:00+00:00,78954.0,79017.0,78188.0,78265.0,27.13708,583
2026-08-24 13:45:00+00:00,78265.0,78598.0,77814.0,78571.0,16.68878,473
2026-08-24 14:00:00+00:00,78589.0,79207.0,78586.0,79201.0,13.57072,397
2026-08-24 14:15:00+00:00,79200.0,79616.0,78874.0,79362.0,23.08235,640
2026-08-24 14:30:00+00:00,79368.0,79797.0,79317.0,79674.0,20.63973,519
2026-08-24 14:45:00+00:00,79639.0,79717.0,79266.0,79479.0,3.06644,297
2026-08-24 15:00:00+00:00,79494.0,79682.0,79370.0,79557.0,3.60876,283
2026-08-24 15:15:00+00:00,79523.0,79950.0,79523.0,79871.0,46.30763,562
2026-08-24 15:30:00+00:00,79869.0,79964.0,79021.0,79253.0,24.36786,512
2026-08-24 15:45:00+00:00,79262.0,79525.0,78798.0,79063.0,35.4953,517
2026-08-24 16:00:00+00:00,79094.0,79513.0,79094.0,79461.0,66.5152,565
2026-08-24 16:15:00+00:00,79475.0,79845.0,79470.0,79679.0,19.86898,488
2026-08-24 16:30:00+00:00,79660.0,79781.0,79383.0,79383.0,6.81109,316
2026-08-24 16:45:00+00:00,79383.0,79390.0,78913.0,79051.0,9.52475,372
2026-08-24 17:00:00+00:00,79064.0,79205.0,78622.0,79100.0,9.61255,376
2026-08-24 17:15:00+00:00,79100.0,79165.0,78480.0,78523.0,21.51008,522
2026-08-24 17:30:00+00:00,78554.0,78851.0,78488.0,78653.0,13.44868,403
2026-08-24 17:45:00+00:00,78627.0,78800.0,78559.0,78765.0,16.68629,445
2026-08-24 18:00:00+00:00,78771.0,79021.0,78748.0,78996.0,24.52717,482
2026-08-24 18:15:00+00:00,79004.0,79066.0,78923.0,79005.0,9.41867,319
2026-08-24 18:30:00+00:00,79028.0,79088.0,78723.0,78971.0,44.98385,639
2026-08-24 18:45:00+00:00,78975.0,79088.0,78875.0,78942.0,7.82477,316
2026-08-24 19:00:00+00:00,78942.0,79110.0,78790.0,79025.0,8.02364,329
2026-08-24 19:15:00+00:00,79019.0,79041.0,78659.0,78872.0,1.49989,217
2026-08-24 19:30:00+00:00,78871.0,78964.0,78760.0,78878.0,0.17883,174
2026-08-24 19:45:00+00:00,78886.0,78886.0,78589.0,78752.0,2.00952,258
2026-08-24 20:00:00+00:00,78780.0,78819.0,78540.0,78666.0,8.62454,367
2026-08-24 20:15:00+00:00,78666.0,78782.0,78599.0,78684.0,2.15385,231
2026-08-24 20:30:00+00:00,78685.0,78975.0,78621.0,78901.0,2.12303,262
2026-08-24 20:45:00+00:00,78890.0,78930.0,78799.0,78909.0,0.44417,218
2026-08-24 21:00:00+00:00,78923.0,79037.0,78923.0,79022.0,6.62574,277
2026-08-24 21:15:00+00:00,79018.0,79037.0,78858.0,78924.0,1.01625,239
2026-08-24 21:30:00+00:00,78935.0,79019.0,78911.0,78980.0,1.39792,186
2026-08-24 21:45:00+00:00,78979.0,79038.0,78921.0,78980.0,2.37476,235
2026-08-24 22:00:00+00:00,78980.0,78986.0,78823.0,78863.0,1.73519,187
2026-08-24 22:15:00+00:00,78847.0,78920.0,78750.0,78768.0,1.75042,212
2026-08-24 22:30:00+00:00,78768.0,78913.0,78720.0,78750.0,0.96525,194
2026-08-24 22:45:00+00:00,78763.0,78829.0,78710.0,78732.0,0.41846,185
2026-08-24 23:00:00+00:00,78733.0,78810.0,78634.0,78733.0,1.5793,190
2026-08-24 23:15:00+00:00,78724.0,78966.0,78724.0,78901.0,2.97364,222
2026-08-24 23:30:00+00:00,78891.0,78978.0,78860.0,78955.0,1.02593,213
2026-08-24 23:45:00+00:00,78990.0,78999.0,78837.0,78965.0,7.81648,232
2026-08-25 00:00:00+00:00,78964.0,79051.0,78891.0,78954.0,10.2579,246
2026-08-25 00:15:00+00:00,78930.0,78930.0,78714.0,78781.0,5.54191,185
2026-08-25 00:30:00+00:00,78780.0,79333.0,78727.0,79333.0,15.48557,371
2026-08-25 00:45:00+00:00,79345.0,79858.0,79325.0,79736.0,20.41889,449
2026-08-25 01:00:00+00:00,79745.0,79955.0,79606.0,79646.0,32.74029,499
2026-08-25 01:15:00+00:00,79626.0,79951.0,79489.0,79817.0,1.84132,221
2026-08-25 01:30:00+00:00,79843.0,79905.0,79664.0,79698.0,5.7557,242
2026-08-25 01:45:00+00:00,79698.0,79836.0,79525.0,79817.0,1.78028,185
2026-08-25 02:00:00+00:00,79816.0,79918.0,79735.0,79851.0,0.20387,159
2026-08-25 02:15:00+00:00,79859.0,81030.0,79829.0,80992.0,40.27609,945
2026-08-25 02:30:00+00:00,80985.0,81232.0,80786.0,80819.0,10.80353,364
2026-08-25 02:45:00+00:00,80800.0,80821.0,80415.0,80611.0,34.67069,489
2026-08-25 03:00:00+00:00,80620.0,80924.0,80571.0,80759.0,7.32563,268
2026-08-25 03:15:00+00:00,80759.0,80785.0,80511.0,80605.0,3.68554,230
2026-08-25 03:30:00+00:00,80584.0,80850.0,80522.0,80563.0,34.09173,384
2026-08-25 03:45:00+00:00,80539.0,80646.0,80291.0,80467.0,6.65166,308
2026-08-25 04:00:00+00:00,80448.0,80583.0,80257.0,80463.0,13.42363,393
2026-08-25 04:15:00+00:00,80468.0,80472.0,80228.0,80247.0,10.31026,332
2026-08-25 04:30:00+00:00,80241.0,80373.0,80134.0,80228.0,8.11625,269
2026-08-25 04:45:00+00:00,80226.0,80365.0,80211.0,80350.0,13.09456,254
2026-08-25 05:00:00+00:00,80372.0,80564.0,80305.0,80557.0,10.49673,301
2026-08-25 05:15:00+00:00,80539.0,80719.0,80453.0,80615.0,18.66313,315
2026-08-25 05:30:00+00:00,80637.0,80806.0,80577.0,80699.0,12.79779,271
2026-08-25 05:45:00+00:00,80700.0,80803.0,80628.0,80718.0,16.83735,307
2026-08-25 06:00:00+00:00,80733.0,80851.0,80674.0,80851.0,15.67707,284
2026-08-25 06:15:00+00:00,80834.0,80864.0,80736.0,80750.0,5.72893,210
2026-08-25 06:30:00+00:00,80736.0,80743.0,80472.0,80503.0,8.28984,200
2026-08-25 06:45:00+00:00,80507.0,80543.0,80400.0,80505.0,11.06037,232
2026-08-25 07:00:00+00:00,80526.0,80775.0,80511.0,80690.0,1.57722,157
2026-08-25 07:15:00+00:00,80679.0,80710.0,80576.0,80627.0,3.11539,181
2026-08-25 07:30:00+00:00,80618.0,80651.0,80438.0,80481.0,1.49117,162
2026-08-25 07:45:00+00:00,80491.0,80491.0,79331.0,79683.0,7.33413,524
2026-08-25 08:00:00+00:00,79708.0,79943.0,79598.0,79895.0,1.25171,198
2026-08-25 08:15:00+00:00,79894.0,80200.0,79894.0,80180.0,2.94467,177
2026-08-25 08:30:00+00:00,80166.0,80195.0,79889.0,80067.0,4.81229,212
2026-08-25 08:45:00+00:00,80081.0,80089.0,79822.0,79914.0,5.37261,236
2026-08-25 09:00:00+00:00,79920.0,79942.0,79700.0,79836.0,6.68179,252
2026-08-25 09:15:00+00:00,79836.0,79945.0,79758.0,79815.0,8.26301,209
2026-08-25 09:30:00+00:00,79844.0,79938.0,79744.0,79744.0,10.49513,177
2026-08-25 09:45:00+00:00,79743.0,79774.0,78900.0,79188.0,10.26578,508
2026-08-25 10:00:00+00:00,79186.0,79336.0,79020.0,79312.0,9.02173,317
2026-08-25 10:15:00+00:00,79323.0,79403.0,79244.0,79260.0,7.72934,248
2026-08-25 10:30:00+00:00,79263.0,79318.0,79243.0,79313.0,7.89084,306
2026-08-25 10:45:00+00:00,79313.0,79488.0,79286.0,79308.0,4.48822,201
2026-08-25 11:00:00+00:00,79285.0,79395.0,79083.0,79085.0,4.77719,185
2026-08-25 11:15:00+00:00,79078.0,79295.0,79070.0,79250.0,1.43428,157
2026-08-25 11:30:00+00:00,79254.0,79443.0,79179.0,79179.0,2.67413,204
2026-08-25 11:45:00+00:00,79171.0,79180.0,79049.0,79099.0,2.06194,155
2026-08-25 12:00:00+00:00,79111.0,79170.0,78690.0,79071.0,12.28718,325
2026-08-25 12:15:00+00:00,79072.0,79072.0,78628.0,78860.0,57.48723,587
2026-08-25 12:30:00+00:00,78836.0,78971.0,78774.0,78884.0,1.11457,124
2026-08-25 12:45:00+00:00,78895.0,79068.0,78890.0,78957.0,2.5874,165
2026-08-25 13:00:00+00:00,78984.0,79063.0,78703.0,78783.0,0.92554,188
2026-08-25 13:15:00+00:00,78782.0,78791.0,78559.0,78624.0,4.45768,213
2026-08-25 13:30:00+00:00,78615.0,79180.0,78582.0,78648.0,19.96697,489
2026-08-25 13:45:00+00:00,78600.0,78633.0,78107.0,78602.0,28.10702,590
2026-08-25 14:00:00+00:00,78606.0,79038.0,78494.0,78958.0,12.75365,430
2026-08-25 14:15:00+00:00,78968.0,79285.0,78890.0,79220.0,11.81137,302
2026-08-25 14:30:00+00:00,79204.0,79385.0,79048.0,79155.0,17.00956,356
2026-08-25 14:45:00+00:00,79170.0,79375.0,79170.0,79240.0,6.38736,221
2026-08-25 15:00:00+00:00,79239.0,79362.0,79092.0,79123.0,6.50725,252
2026-08-25 15:15:00+00:00,79109.0,79285.0,79042.0,79243.0,5.46834,291
2026-08-25 15:30:00+00:00,79243.0,79497.0,79188.0,79415.0,4.63071,286
2026-08-25 15:45:00+00:00,79434.0,79525.0,79272.0,79511.0,10.36633,386
2026-08-25 16:00:00+00:00,79511.0,79557.0,79178.0,79178.0,7.57093,300
2026-08-25 16:15:00+00:00,79177.0,79286.0,79083.0,79162.0,5.13645,227
2026-08-25 16:30:00+00:00,79162.0,79360.0,79161.0,79247.0,3.96822,202
2026-08-25 16:45:00+00:00,79248.0,79363.0,79099.0,79154.0,34.36734,474
2026-08-25 17:00:00+00:00,79138.0,79144.0,78882.0,78960.0,3.20297,234
2026-08-25 17:15:00+00:00,78960.0,79025.0,78764.0,78805.0,1.44083,191
2026-08-25 17:30:00+00:00,78842.0,79165.0,78839.0,79130.0,1.83088,216
2026-08-25 17:45:00+00:00,79141.0,79250.0,79141.0,79236.0,10.54114,194
2026-08-25 18:00:00+00:00,79239.0,79342.0,79215.0,79316.0,6.69756,251
2026-08-25 18:15:00+00:00,79314.0,79330.0,79224.0,79255.0,3.2266,186
2026-08-25 18:30:00+00:00,79255.0,79255.0,79095.0,79141.0,7.09636,207
2026-08-25 18:45:00+00:00,79147.0,79227.0,79050.0,79126.0,7.17656,303
2026-08-25 19:00:00+00:00,79116.0,79182.0,79001.0,79137.0,11.32409,433
2026-08-25 19:15:00+00:00,79137.0,79215.0,78910.0,78931.0,8.64028,392
2026-08-25 19:30:00+00:00,78924.0,78932.0,78720.0,78740.0,17.67555,362
2026-08-25 19:45:00+00:00,78751.0,78945.0,78733.0,78945.0,39.61357,558
2026-08-25 20:00:00+00:00,78917.0,79015.0,78700.0,78873.0,8.05419,321
2026-08-25 20:15:00+00:00,78890.0,78973.0,78773.0,78775.0,7.70832,235
2026-08-25 20:30:00+00:00,78787.0,78795.0,78392.0,78479.0,10.05147,340
2026-08-25 20:45:00+00:00,78483.0,78550.0,78188.0,78208.0,6.35852,359
2026-08-25 21:00:00+00:00,78201.0,78308.0,77877.0,78296.0,10.76795,475
2026-08-25 21:15:00+00:00,78295.0,78490.0,78215.0,78468.0,34.96154,560
2026-08-25 21:30:00+00:00,78467.0,78660.0,78393.0,78601.0,40.0179,524
2026-08-25 21:45:00+00:00,78600.0,78677.0,78563.0,78600.0,21.17507,478
2026-08-25 22:00:00+00:00,78601.0,78960.0,78600.0,78945.0,12.96931,450
2026-08-25 22:15:00+00:00,78943.0,79008.0,78614.0,78642.0,48.17889,832
2026-08-25 22:30:00+00:00,78642.0,78861.0,78600.0,78792.0,6.76634,277
2026-08-25 22:45:00+00:00,78779.0,78954.0,78778.0,78899.0,3.92892,207
2026-08-25 23:00:00+00:00,78899.0,78985.0,78850.0,78961.0,18.58448,467
2026-08-25 23:15:00+00:00,78961.0,78975.0,78677.0,78774.0,44.61509,1240
2026-08-25 23:30:00+00:00,78764.0,78821.0,78541.0,78588.0,11.42538,379
2026-08-25 23:45:00+00:00,78571.0,78599.0,78400.0,78506.0,2.21371,206
2026-08-26 00:00:00+00:00,78535.0,78613.0,78311.0,78354.0,2.0817,203
2026-08-26 00:15:00+00:00,78354.0,78589.0,78330.0,78578.0,0.62644,179
2026-08-26 00:30:00+00:00,78578.0,78645.0,78357.0,78378.0,0.68657,190
2026-08-26 00:45:00+00:00,78373.0,78685.0,78365.0,78622.0,1.62705,219
2026-08-26 01:00:00+00:00,78622.0,78888.0,78621.0,78738.0,2.24381,216
2026-08-26 01:15:00+00:00,78739.0,78861.0,78685.0,78691.0,12.71464,241
2026-08-26 01:30:00+00:00,78706.0,78937.0,78705.0,78856.0,0.87183,180
2026-08-26 01:45:00+00:00,78857.0,78857.0,78751.0,78798.0,0.22728,150
2026-08-26 02:00:00+00:00,78799.0,78862.0,78736.0,78764.0,0.75254,165
2026-08-26 02:15:00+00:00,78763.0,79221.0,78756.0,79211.0,0.85927,202
2026-08-26 02:30:00+00:00,79211.0,79216.0,79110.0,79139.0,3.86609,262
2026-08-26 02:45:00+00:00,79140.0,79162.0,79045.0,79097.0,0.61856,164
2026-08-26 03:00:00+00:00,79090.0,79166.0,79032.0,79046.0,11.5847,232
2026-08-26 03:15:00+00:00,79050.0,79100.0,78975.0,79020.0,2.75511,161
2026-08-26 03:30:00+00:00,79026.0,79099.0,78889.0,79040.0,0.35608,130
2026-08-26 03:45:00+00:00,79040.0,79091.0,78923.0,79065.0,2.31883,134
2026-08-26 04:00:00+00:00,79060.0,79165.0,78950.0,79021.0,0.80546,125
2026-08-26 04:15:00+00:00,79021.0,79116.0,78960.0,78994.0,1.64299,167
2026-08-26 04:30:00+00:00,78995.0,79039.0,78881.0,78957.0,0.2523,162
2026-08-26 04:45:00+00:00,78956.0,78956.0,78774.0,78807.0,3.27507,199
2026-08-26 05:00:00+00:00,78831.0,78925.0,78631.0,78886.0,13.03077,211
2026-08-26 05:15:00+00:00,78873.0,79045.0,78731.0,79004.0,0.59828,150
2026-08-26 05:30:00+00:00,78980.0,79118.0,78971.0,79092.0,2.82264,188
2026-08-26 05:45:00+00:00,79097.0,79097.0,78933.0,79068.0,12.75736,230
2026-08-26 06:00:00+00:00,79063.0,79182.0,78948.0,78985.0,10.37899,295
2026-08-26 06:15:00+00:00,78984.0,79030.0,78815.0,78882.0,1.23885,191
2026-08-26 06:30:00+00:00,78863.0,78937.0,78800.0,78910.0,1.35277,155
2026-08-26 06:45:00+00:00,78921.0,78946.0,78849.0,78928.0,1.40422,160
2026-08-26 07:00:00+00:00,78920.0,79063.0,78845.0,78968.0,0.16196,147
2026-08-26 07:15:00+00:00,78967.0,79010.0,78890.0,78938.0,2.49234,181
2026-08-26 07:30:00+00:00,78925.0,79027.0,78877.0,78996.0,28.40918,460
2026-08-26 07:45:00+00:00,78997.0,79048.0,78916.0,78924.0,37.24924,484
2026-08-26 08:00:00+00:00,78915.0,79106.0,78820.0,79039.0,8.2758,295
2026-08-26 08:15:00+00:00,79030.0,79103.0,78914.0,78980.0,1.11932,237
2026-08-26 08:30:00+00:00,78989.0,79018.0,78887.0,79012.0,0.8561,224
2026-08-26 08:45:00+00:00,79006.0,79006.0,78609.0,78703.0,23.11564,408
2026-08-26 09:00:00+00:00,78702.0,78878.0,78659.0,78772.0,2.40138,274
2026-08-26 09:15:00+00:00,78772.0,78772.0,78401.0,78515.0,3.38244,298
2026-08-26 09:30:00+00:00,78518.0,78587.0,78325.0,78325.0,6.49891,305
2026-08-26 09:45:00+00:00,78326.0,78484.0,78250.0,78442.0,1.04538,253
2026-08-26 10:00:00+00:00,78442.0,78453.0,78300.0,78422.0,1.67299,265
2026-08-26 10:15:00+00:00,78422.0,78629.0,78418.0,78620.0,2.02106,222
2026-08-26 10:30:00+00:00,78617.0,78799.0,78560.0,78714.0,3.29155,239
2026-08-26 10:45:00+00:00,78718.0,78842.0,78686.0,78703.0,2.29619,228
2026-08-26 11:00:00+00:00,78710.0,78768.0,78644.0,78688.0,1.41067,230
2026-08-26 11:15:00+00:00,78689.0,78721.0,78601.0,78620.0,0.30214,180
2026-08-26 11:30:00+00:00,78621.0,78621.0,78306.0,78462.0,3.30057,311
2026-08-26 11:45:00+00:00,78461.0,78564.0,78370.0,78467.0,1.36575,195
2026-08-26 12:00:00+00:00,78477.0,78547.0,78354.0,78379.0,4.22393,236
2026-08-26 12:15:00+00:00,78350.0,78685.0,78279.0,78685.0,0.74328,203
2026-08-26 12:30:00+00:00,78685.0,78685.0,77968.0,78287.0,17.59913,658
2026-08-26 12:45:00+00:00,78265.0,78430.0,78197.0,78327.0,2.39279,230
2026-08-26 13:00:00+00:00,78300.0,78433.0,77991.0,78100.0,3.49699,247
2026-08-26 13:15:00+00:00,78116.0,78163.0,77908.0,78034.0,1.18013,224
2026-08-26 13:30:00+00:00,78112.0,78477.0,78061.0,78469.0,4.07573,270
2026-08-26 13:45:00+00:00,78490.0,78541.0,78113.0,78440.0,5.57884,271
2026-08-26 14:00:00+00:00,78440.0,78597.0,78308.0,78442.0,1.43473,214
2026-08-26 14:15:00+00:00,78442.0,78566.0,78192.0,78222.0,7.22223,228
2026-08-26 14:30:00+00:00,78201.0,78267.0,77928.0,77965.0,2.78198,262
2026-08-26 14:45:00+00:00,77961.0,78026.0,77764.0,77782.0,4.10945,299
2026-08-26 15:00:00+00:00,77782.0,77945.0,77626.0,77830.0,1.73872,288
2026-08-26 15:15:00+00:00,77830.0,78149.0,77717.0,78142.0,4.89089,259
2026-08-26 15:30:00+00:00,78163.0,78163.0,77934.0,78084.0,33.8737,523
2026-08-26 15:45:00+00:00,78033.0,78153.0,77985.0,78020.0,0.87864,203
2026-08-26 16:00:00+00:00,78061.0,78169.0,77985.0,78085.0,2.6708,229
2026-08-26 16:15:00+00:00,78113.0,78131.0,77988.0,78072.0,0.52349,192
2026-08-26 16:30:00+00:00,78042.0,78152.0,77840.0,77872.0,5.03064,318
2026-08-26 16:45:00+00:00,77881.0,78143.0,77881.0,77996.0,12.75896,309
2026-08-26 17:00:00+00:00,77998.0,78125.0,77998.0,78125.0,0.98587,206
2026-08-26 17:15:00+00:00,78124.0,78515.0,78123.0,78515.0,44.3653,554
2026-08-26 17:30:00+00:00,78515.0,78611.0,78489.0,78522.0,2.13439,222
2026-08-26 17:45:00+00:00,78521.0,78522.0,78373.0,78443.0,2.32082,228
2026-08-26 18:00:00+00:00,78443.0,78641.0,78399.0,78569.0,3.9907,198
2026-08-26 18:15:00+00:00,78573.0,78605.0,78448.0,78475.0,29.14119,395
2026-08-26 18:30:00+00:00,78476.0,78495.0,78304.0,78305.0,0.58842,181
2026-08-26 18:45:00+00:00,78305.0,78509.0,78305.0,78479.0,4.6891,177
2026-08-26 19:00:00+00:00,78478.0,78514.0,78384.0,78384.0,60.57311,811
2026-08-26 19:15:00+00:00,78401.0,78567.0,78304.0,78537.0,4.18117,246
2026-08-26 19:30:00+00:00,78540.0,78556.0,78400.0,78441.0,1.9481,217
2026-08-26 19:45:00+00:00,78441.0,78539.0,78440.0,78466.0,4.81566,239
2026-08-26 20:00:00+00:00,78470.0,78530.0,78412.0,78430.0,1.52145,177
2026-08-26 20:15:00+00:00,78419.0,78472.0,78201.0,78402.0,2.85584,196
2026-08-26 20:30:00+00:00,78403.0,78433.0,78288.0,78405.0,1.8506,169
2026-08-26 20:45:00+00:00,78387.0,78448.0,78376.0,78448.0,1.50051,168
2026-08-26 21:00:00+00:00,78448.0,78786.0,78404.0,78758.0,2.55936,205
2026-08-26 21:15:00+00:00,78768.0,78823.0,78699.0,78780.0,2.18543,205
2026-08-26 21:30:00+00:00,78728.0,78823.0,78652.0,78730.0,8.19065,291
2026-08-26 21:45:00+00:00,78730.0,78810.0,78685.0,78743.0,1.48577,204
2026-08-26 22:00:00+00:00,78743.0,78888.0,78700.0,78796.0,3.99405,213
2026-08-26 22:15:00+00:00,78792.0,78990.0,78791.0,78841.0,1.29697,257
2026-08-26 22:30:00+00:00,78839.0,78839.0,78601.0,78700.0,3.56514,291
2026-08-26 22:45:00+00:00,78693.0,78747.0,78577.0,78718.0,1.05295,222
2026-08-26 23:00:00+00:00,78666.0,78760.0,78664.0,78722.0,41.54481,460
2026-08-26 23:15:00+00:00,78722.0,78900.0,78700.0,78884.0,8.1721,200
2026-08-26 23:30:00+00:00,78872.0,79060.0,78872.0,79057.0,3.00258,240
2026-08-26 23:45:00+00:00,79060.0,79175.0,79016.0,79031.0,0.99537,242
2026-08-27 00:00:00+00:00,79030.0,79036.0,78836.0,78852.0,73.27774,949
2026-08-27 00:15:00+00:00,78853.0,78959.0,78826.0,78911.0,4.11223,267
2026-08-27 00:30:00+00:00,78918.0,78918.0,78800.0,78898.0,0.75625,214
2026-08-27 00:45:00+00:00,78894.0,78894.0,78800.0,78800.0,46.84759,1137
2026-08-27 01:00:00+00:00,78800.0,78820.0,78685.0,78708.0,17.89341,706
2026-08-27 01:15:00+00:00,78680.0,78979.0,78600.0,78944.0,12.48738,453
2026-08-27 01:30:00+00:00,78949.0,78981.0,78735.0,78735.0,9.39162,214
2026-08-27 01:45:00+00:00,78735.0,79026.0,78714.0,78914.0,0.92206,201
2026-08-27 02:00:00+00:00,78912.0,78985.0,78855.0,78894.0,1.83207,182
2026-08-27 02:15:00+00:00,78891.0,78891.0,78735.0,78749.0,0.45807,185
2026-08-27 02:30:00+00:00,78750.0,78793.0,78701.0,78725.0,1.80272,212
2026-08-27 02:45:00+00:00,78740.0,78771.0,78700.0,78714.0,0.07801,173
2026-08-27 03:00:00+00:00,78713.0,78768.0,78656.0,78659.0,2.69109,228
2026-08-27 03:15:00+00:00,78665.0,78975.0,78621.0,78879.0,1.34512,178
2026-08-27 03:30:00+00:00,78879.0,78893.0,78810.0,78863.0,1.91167,178
2026-08-27 03:45:00+00:00,78863.0,78908.0,78753.0,78814.0,0.82234,185
2026-08-27 04:00:00+00:00,78815.0,78866.0,78779.0,78843.0,2.07576,185
2026-08-27 04:15:00+00:00,78843.0,78878.0,78778.0,78778.0,0.90971,174
2026-08-27 04:30:00+00:00,78758.0,78794.0,78666.0,78793.0,0.33966,160
2026-08-27 04:45:00+00:00,78793.0,78802.0,78688.0,78757.0,0.35499,170
2026-08-27 05:00:00+00:00,78758.0,78758.0,78650.0,78651.0,8.10281,249
2026-08-27 05:15:00+00:00,78650.0,78783.0,78623.0,78649.0,0.30636,147
2026-08-27 05:30:00+00:00,78655.0,78789.0,78600.0,78707.0,0.19704,148
2026-08-27 05:45:00+00:00,78707.0,78920.0,78694.0,78909.0,0.25565,159
2026-08-27 06:00:00+00:00,78909.0,78909.0,78660.0,78682.0,0.9229,199
2026-08-27 06:15:00+00:00,78682.0,78787.0,78618.0,78647.0,1.25761,175
2026-08-27 06:30:00+00:00,78648.0,78791.0,78648.0,78729.0,0.37731,161
2026-08-27 06:45:00+00:00,78748.0,78842.0,78747.0,78832.0,0.12453,143
2026-08-27 07:00:00+00:00,78804.0,78858.0,78752.0,78835.0,1.08277,159
2026-08-27 07:15:00+00:00,78832.0,78839.0,78748.0,78790.0,0.63981,198
2026-08-27 07:30:00+00:00,78790.0,78878.0,78784.0,78868.0,1.57018,224
2026-08-27 07:45:00+00:00,78855.0,79094.0,78854.0,79073.0,0.52578,201
2026-08-27 08:00:00+00:00,79086.0,79842.0,79039.0,79601.0,23.02125,664
2026-08-27 08:15:00+00:00,79608.0,79729.0,79424.0,79699.0,1.67414,233
2026-08-27 08:30:00+00:00,79750.0,79985.0,79707.0,79889.0,3.404,298
2026-08-27 08:45:00+00:00,79946.0,79997.0,79688.0,79736.0,1.93997,251
2026-08-27 09:00:00+00:00,79746.0,79872.0,79668.0,79871.0,6.86781,356
2026-08-27 09:15:00+00:00,79871.0,80496.0,79797.0,80481.0,21.65371,819
2026-08-27 09:30:00+00:00,80485.0,80500.0,80196.0,80252.0,19.51266,577
2026-08-27 09:45:00+00:00,80249.0,80279.0,79950.0,79987.0,27.87134,585
2026-08-27 10:00:00+00:00,79990.0,80157.0,79833.0,79944.0,53.59462,666
2026-08-27 10:15:00+00:00,79968.0,80024.0,79686.0,79715.0,65.0263,1124
2026-08-27 10:30:00+00:00,79716.0,79717.0,79385.0,79621.0,22.83668,618
2026-08-27 10:45:00+00:00,79624.0,79627.0,79506.0,79618.0,9.16603,358
2026-08-27 11:00:00+00:00,79616.0,79750.0,79558.0,79749.0,2.57359,324
2026-08-27 11:15:00+00:00,79750.0,79768.0,79492.0,79521.0,1.88316,276
2026-08-27 11:30:00+00:00,79521.0,79544.0,79375.0,79423.0,6.80442,291
2026-08-27 11:45:00+00:00,79423.0,79488.0,79188.0,79441.0,15.04379,370
2026-08-27 12:00:00+00:00,79462.0,79530.0,79365.0,79492.0,23.06985,327
2026-08-27 12:15:00+00:00,79500.0,79570.0,79382.0,79534.0,1.86101,232
2026-08-27 12:30:00+00:00,79520.0,79520.0,79251.0,79251.0,2.34564,270
2026-08-27 12:45:00+00:00,79261.0,79315.0,79250.0,79262.0,1.43177,224
2026-08-27 13:00:00+00:00,79263.0,79361.0,79252.0,79324.0,6.39118,261
2026-08-27 13:15:00+00:00,79361.0,79474.0,79290.0,79338.0,1.40855,187
2026-08-27 13:30:00+00:00,79338.0,79339.0,79089.0,79217.0,12.94752,349
2026-08-27 13:45:00+00:00,79238.0,79543.0,78891.0,79527.0,8.3601,405
2026-08-27 14:00:00+00:00,79537.0,79778.0,79350.0,79425.0,10.14893,477
2026-08-27 14:15:00+00:00,79443.0,79901.0,79398.0,79901.0,4.82877,269
2026-08-27 14:30:00+00:00,79897.0,80388.0,79800.0,80375.0,6.54473,433
2026-08-27 14:45:00+00:00,80342.0,80342.0,80025.0,80214.0,4.85622,341
2026-08-27 15:00:00+00:00,80213.0,80778.0,80091.0,80668.0,12.12122,473
2026-08-27 15:15:00+00:00,80675.0,80735.0,80423.0,80586.0,25.35176,564
2026-08-27 15:30:00+00:00,80601.0,80601.0,80363.0,80509.0,9.18219,339
2026-08-27 15:45:00+00:00,80522.0,80522.0,80301.0,80304.0,16.05248,403
2026-08-27 16:00:00+00:00,80332.0,80525.0,80194.0,80411.0,1.99748,299
2026-08-27 16:15:00+00:00,80413.0,80537.0,80401.0,80411.0,1.55273,256
2026-08-27 16:30:00+00:00,80411.0,80601.0,80266.0,80599.0,6.18092,275
2026-08-27 16:45:00+00:00,80578.0,80597.0,80349.0,80361.0,4.64581,304
2026-08-27 17:00:00+00:00,80384.0,80650.0,80228.0,80638.0,18.7772,418
2026-08-27 17:15:00+00:00,80646.0,80845.0,80587.0,80716.0,7.74049,330
2026-08-27 17:30:00+00:00,80732.0,80814.0,80485.0,80486.0,3.5297,275
2026-08-27 17:45:00+00:00,80498.0,80578.0,80440.0,80467.0,27.56224,504
2026-08-27 18:00:00+00:00,80464.0,80464.0,80300.0,80300.0,52.59604,951
2026-08-27 18:15:00+00:00,80301.0,80431.0,80200.0,80289.0,29.51982,770
2026-08-27 18:30:00+00:00,80276.0,80342.0,80200.0,80208.0,23.70197,536
2026-08-27 18:45:00+00:00,80208.0,80291.0,80200.0,80291.0,15.38574,487
2026-08-27 19:00:00+00:00,80293.0,80426.0,80257.0,80288.0,6.68963,388
2026-08-27 19:15:00+00:00,80283.0,80351.0,80085.0,80200.0,37.72215,918
2026-08-27 19:30:00+00:00,80213.0,80239.0,80000.0,80015.0,4.827,241
2026-08-27 19:45:00+00:00,80022.0,80055.0,79908.0,79908.0,38.46243,458
2026-08-27 20:00:00+00:00,79945.0,80045.0,79903.0,79974.0,2.60382,240
2026-08-27 20:15:00+00:00,79953.0,80116.0,79952.0,80006.0,2.22036,231
2026-08-27 20:30:00+00:00,79995.0,80045.0,79979.0,80019.0,1.16605,216
2026-08-27 20:45:00+00:00,80018.0,80102.0,79963.0,80102.0,1.32637,208
2026-08-27 21:00:00+00:00,80103.0,80161.0,80027.0,80099.0,4.98405,218
2026-08-27 21:15:00+00:00,80095.0,80138.0,79990.0,80040.0,0.64536,226
2026-08-27 21:30:00+00:00,80041.0,80132.0,79982.0,80037.0,5.63178,290
2026-08-27 21:45:00+00:00,80038.0,80192.0,80022.0,80183.0,1.0609,213
2026-08-27 22:00:00+00:00,80205.0,80312.0,80205.0,80252.0,6.80418,321
2026-08-27 22:15:00+00:00,80259.0,80433.0,80209.0,80252.0,2.28443,233
2026-08-27 22:30:00+00:00,80227.0,80307.0,80173.0,80295.0,1.8201,234
2026-08-27 22:45:00+00:00,80280.0,80321.0,80238.0,80317.0,3.94122,261
2026-08-27 23:00:00+00:00,80314.0,80329.0,80166.0,80170.0,10.49328,357
2026-08-27 23:15:00+00:00,80166.0,80405.0,80157.0,80343.0,0.57382,210
2026-08-27 23:30:00+00:00,80336.0,80343.0,80262.0,80280.0,4.35828,205
2026-08-27 23:45:00+00:00,80270.0,80323.0,80216.0,80266.0,1.13415,199
2026-08-28 00:00:00+00:00,80266.0,80295.0,80181.0,80241.0,1.37602,209
2026-08-28 00:15:00+00:00,80230.0,80473.0,80230.0,80453.0,0.94934,236
2026-08-28 00:30:00+00:00,80437.0,80526.0,80387.0,80427.0,0.94884,226
2026-08-28 00:45:00+00:00,80443.0,80720.0,80364.0,80591.0,1.67587,233
2026-08-28 01:00:00+00:00,80609.0,80890.0,80609.0,80770.0,3.53011,288
2026-08-28 01:15:00+00:00,80763.0,81173.0,80723.0,81149.0,7.04435,394
2026-08-28 01:30:00+00:00,81174.0,81444.0,80813.0,80850.0,8.03428,447
2026-08-28 01:45:00+00:00,80848.0,80879.0,80441.0,80515.0,2.19912,269
2026-08-28 02:00:00+00:00,80499.0,80499.0,80245.0,80245.0,2.7946,247
2026-08-28 02:15:00+00:00,80229.0,80283.0,79929.0,79929.0,3.18938,290
2026-08-28 02:30:00+00:00,79943.0,80165.0,79900.0,80006.0,36.7789,340
2026-08-28 02:45:00+00:00,80025.0,80025.0,79737.0,79933.0,10.8748,342
2026-08-28 03:00:00+00:00,79933.0,79970.0,79785.0,79896.0,4.01401,269
2026-08-28 03:15:00+00:00,79885.0,80054.0,79885.0,79915.0,2.34329,265
2026-08-28 03:30:00+00:00,79916.0,80006.0,79827.0,79828.0,3.64218,267
2026-08-28 03:45:00+00:00,79826.0,79880.0,79800.0,79827.0,1.39286,238
2026-08-28 04:00:00+00:00,79831.0,79871.0,79620.0,79869.0,3.77611,344
2026-08-28 04:15:00+00:00,79867.0,79984.0,79825.0,79825.0,0.89936,239
2026-08-28 04:30:00+00:00,79830.0,79857.0,79649.0,79723.0,0.33989,245
2026-08-28 04:45:00+00:00,79710.0,79760.0,79632.0,79649.0,2.40356,300
2026-08-28 05:00:00+00:00,79650.0,79729.0,79575.0,79649.0,1.90455,328
2026-08-28 05:15:00+00:00,79660.0,79730.0,79578.0,79728.0,1.03252,247
2026-08-28 05:30:00+00:00,79721.0,79869.0,79704.0,79819.0,0.97957,256
2026-08-28 05:45:00+00:00,79825.0,79885.0,79658.0,79695.0,1.15245,263
2026-08-28 06:00:00+00:00,79712.0,79915.0,79712.0,79914.0,4.66987,290
2026-08-28 06:15:00+00:00,79912.0,79912.0,79816.0,79836.0,0.30889,217
2026-08-28 06:30:00+00:00,79837.0,79872.0,79801.0,79868.0,0.72274,223
2026-08-28 06:45:00+00:00,79869.0,80005.0,79869.0,79903.0,1.18506,214
2026-08-28 07:00:00+00:00,79905.0,79906.0,79673.0,79693.0,0.54734,167
2026-08-28 07:15:00+00:00,79746.0,79825.0,79677.0,79807.0,0.31939,160
2026-08-28 07:30:00+00:00,79819.0,79819.0,79591.0,79597.0,0.25125,152
2026-08-28 07:45:00+00:00,79590.0,79682.0,79590.0,79672.0,3.21953,189
2026-08-28 08:00:00+00:00,79702.0,79840.0,79685.0,79734.0,0.95674,228
2026-08-28 08:15:00+00:00,79733.0,79844.0,79733.0,79778.0,2.22914,199
2026-08-28 08:30:00+00:00,79782.0,79807.0,79711.0,79712.0,0.93514,174
2026-08-28 08:45:00+00:00,79724.0,79724.0,79489.0,79501.0,0.96583,202
2026-08-28 09:00:00+00:00,79511.0,79513.0,79254.0,79383.0,12.58464,362
2026-08-28 09:15:00+00:00,79387.0,79470.0,79369.0,79380.0,3.06935,190
2026-08-28 09:30:00+00:00,79397.0,79415.0,79282.0,79283.0,14.06708,282
2026-08-28 09:45:00+00:00,79275.0,79349.0,79275.0,79290.0,0.62668,188
2026-08-28 10:00:00+00:00,79291.0,79310.0,79034.0,79223.0,4.03704,352
2026-08-28 10:15:00+00:00,79222.0,79313.0,79159.0,79310.0,4.08983,254
2026-08-28 10:30:00+00:00,79316.0,79375.0,79301.0,79344.0,0.4977,151
2026-08-28 10:45:00+00:00,79331.0,79566.0,79322.0,79562.0,3.929,199
2026-08-28 11:00:00+00:00,79566.0,79720.0,79565.0,79710.0,0.89768,207
2026-08-28 11:15:00+00:00,79703.0,79768.0,79659.0,79673.0,0.98056,203
2026-08-28 11:30:00+00:00,79672.0,79748.0,79583.0,79619.0,0.75674,176
2026-08-28 11:45:00+00:00,79632.0,79649.0,79554.0,79598.0,2.38496,187
2026-08-28 12:00:00+00:00,79598.0,79671.0,79511.0,79526.0,1.45937,183
2026-08-28 12:15:00+00:00,79553.0,79707.0,79518.0,79535.0,2.6692,197
2026-08-28 12:30:00+00:00,79519.0,79519.0,79299.0,79410.0,13.21849,282
2026-08-28 12:45:00+00:00,79410.0,79439.0,79334.0,79413.0,17.30376,354
2026-08-28 13:00:00+00:00,79409.0,79472.0,79284.0,79368.0,6.13535,287
2026-08-28 13:15:00+00:00,79369.0,79369.0,79038.0,79195.0,9.04382,256
2026-08-28 13:30:00+00:00,79191.0,79355.0,79038.0,79087.0,5.04109,284
2026-08-28 13:45:00+00:00,79112.0,79543.0,79078.0,79477.0,14.50731,316
2026-08-28 14:00:00+00:00,79363.0,79689.0,78466.0,78613.0,21.461,857
2026-08-28 14:15:00+00:00,78580.0,79026.0,78526.0,78938.0,16.28146,361
2026-08-28 14:30:00+00:00,78944.0,79697.0,78855.0,79442.0,10.2416,486
2026-08-28 14:45:00+00:00,79469.0,79606.0,79123.0,79530.0,10.94912,307
2026-08-28 15:00:00+00:00,79566.0,79810.0,79310.0,79320.0,2.2665,294
2026-08-28 15:15:00+00:00,79313.0,79528.0,79250.0,79353.0,1.0292,234
2026-08-28 15:30:00+00:00,79358.0,79363.0,78777.0,78806.0,2.96104,285
2026-08-28 15:45:00+00:00,78813.0,78916.0,78338.0,78340.0,13.33084,363
2026-08-28 16:00:00+00:00,78337.0,78405.0,77827.0,77827.0,17.48809,773
2026-08-28 16:15:00+00:00,77829.0,77862.0,76887.0,77530.0,57.46626,1426
2026-08-28 16:30:00+00:00,77530.0,77959.0,77530.0,77803.0,12.48473,406
2026-08-28 16:45:00+00:00,77831.0,77999.0,77788.0,77797.0,17.45177,389
2026-08-28 17:00:00+00:00,77799.0,78021.0,77664.0,77996.0,4.10114,326
2026-08-28 17:15:00+00:00,78008.0,78133.0,77836.0,77945.0,3.17379,324
2026-08-28 17:30:00+00:00,77944.0,78008.0,77708.0,77785.0,1.79514,329
2026-08-28 17:45:00+00:00,77811.0,78002.0,77796.0,77905.0,2.05006,290
2026-08-28 18:00:00+00:00,77904.0,77941.0,77734.0,77740.0,3.00243,307
2026-08-28 18:15:00+00:00,77739.0,77794.0,77505.0,77574.0,1.97969,286
2026-08-28 18:30:00+00:00,77573.0,77614.0,77344.0,77398.0,7.96969,364
2026-08-28 18:45:00+00:00,77399.0,77546.0,77270.0,77542.0,4.15156,346
2026-08-28 19:00:00+00:00,77561.0,77720.0,77507.0,77672.0,4.82977,346
2026-08-28 19:15:00+00:00,77656.0,77797.0,77639.0,77698.0,20.79414,409
2026-08-28 19:30:00+00:00,77680.0,77692.0,77532.0,77532.0,1.05895,250
2026-08-28 19:45:00+00:00,77531.0,77580.0,77381.0,77567.0,1.63895,268
2026-08-28 20:00:00+00:00,77550.0,77615.0,77500.0,77559.0,33.80677,502
2026-08-28 20:15:00+00:00,77545.0,77547.0,77418.0,77511.0,16.3044,350
2026-08-28 20:30:00+00:00,77511.0,77511.0,77309.0,77424.0,7.81282,314
2026-08-28 20:45:00+00:00,77423.0,77470.0,77355.0,77421.0,0.66952,237
2026-08-28 21:00:00+00:00,77421.0,77429.0,77338.0,77408.0,2.22412,302
2026-08-28 21:15:00+00:00,77409.0,77436.0,77324.0,77406.0,1.58379,290
2026-08-28 21:30:00+00:00,77413.0,77543.0,77413.0,77487.0,1.36133,299
2026-08-28 21:45:00+00:00,77486.0,77487.0,77284.0,77379.0,3.72178,324
2026-08-28 22:00:00+00:00,77380.0,77472.0,77350.0,77463.0,1.55289,287
2026-08-28 22:15:00+00:00,77463.0,77600.0,77405.0,77587.0,0.87689,277
2026-08-28 22:30:00+00:00,77588.0,77750.0,77575.0,77750.0,4.86191,338
2026-08-28 22:45:00+00:00,77750.0,77787.0,77749.0,77779.0,58.63807,916
2026-08-28 23:00:00+00:00,77779.0,77802.0,77765.0,77796.0,19.07197,555
2026-08-28 23:15:00+00:00,77792.0,77792.0,77712.0,77714.0,31.63779,573
2026-08-28 23:30:00+00:00,77715.0,77748.0,77687.0,77715.0,8.36117,379
2026-08-28 23:45:00+00:00,77715.0,77854.0,77658.0,77854.0,4.09414,320
2026-08-29 00:00:00+00:00,77853.0,77918.0,77797.0,77827.0,2.48188,332
2026-08-29 00:15:00+00:00,77827.0,77959.0,77824.0,77907.0,0.97053,285
2026-08-29 00:30:00+00:00,77895.0,77898.0,77800.0,77803.0,11.20735,283
2026-08-29 00:45:00+00:00,77800.0,77822.0,77730.0,77742.0,3.12544,254
2026-08-29 01:00:00+00:00,77737.0,77737.0,77644.0,77645.0,0.63415,245
2026-08-29 01:15:00+00:00,77643.0,77797.0,77643.0,77797.0,0.81893,253
2026-08-29 01:30:00+00:00,77800.0,77839.0,77774.0,77834.0,0.623,225
2026-08-29 01:45:00+00:00,77821.0,77853.0,77774.0,77800.0,1.33047,250
2026-08-29 02:00:00+00:00,77800.0,77836.0,77745.0,77745.0,0.96319,219
2026-08-29 02:15:00+00:00,77744.0,77751.0,77579.0,77639.0,5.33386,287
2026-08-29 02:30:00+00:00,77635.0,77671.0,77586.0,77610.0,0.78187,261
2026-08-29 02:45:00+00:00,77636.0,77706.0,77620.0,77665.0,0.55924,235
2026-08-29 03:00:00+00:00,77669.0,77719.0,77666.0,77677.0,0.21515,283
2026-08-29 03:15:00+00:00,77677.0,77711.0,77631.0,77689.0,0.69837,302
2026-08-29 03:30:00+00:00,77692.0,77702.0,77600.0,77662.0,3.52066,265
2026-08-29 03:45:00+00:00,77620.0,77620.0,77520.0,77520.0,34.27663,430
2026-08-29 04:00:00+00:00,77522.0,77600.0,77522.0,77595.0,1.12691,215
2026-08-29 04:15:00+00:00,77594.0,77636.0,77586.0,77618.0,5.39832,293
2026-08-29 04:30:00+00:00,77624.0,77660.0,77596.0,77627.0,3.82014,262
2026-08-29 04:45:00+00:00,77626.0,77698.0,77621.0,77670.0,9.33657,345
2026-08-29 05:00:00+00:00,77671.0,77727.0,77646.0,77718.0,5.60837,259
2026-08-29 05:15:00+00:00,77722.0,77722.0,77658.0,77670.0,4.84112,281
2026-08-29 05:30:00+00:00,77674.0,77730.0,77656.0,77712.0,2.19596,268
2026-08-29 05:45:00+00:00,77711.0,77729.0,77623.0,77658.0,5.68032,274
2026-08-29 06:00:00+00:00,77658.0,77658.0,77502.0,77502.0,5.01904,336
2026-08-29 06:15:00+00:00,77500.0,77531.0,77401.0,77428.0,8.65439,365
2026-08-29 06:30:00+00:00,77428.0,77510.0,77424.0,77456.0,2.19989,327
2026-08-29 06:45:00+00:00,77456.0,77495.0,77450.0,77481.0,1.32572,299
2026-08-29 07:00:00+00:00,77482.0,77553.0,77450.0,77481.0,2.6972,352
2026-08-29 07:15:00+00:00,77481.0,77543.0,77468.0,77535.0,6.73531,421
2026-08-29 07:30:00+00:00,77535.0,77662.0,77520.0,77662.0,3.28971,313
2026-08-29 07:45:00+00:00,77661.0,77681.0,77627.0,77653.0,0.79719,219
2026-08-29 08:00:00+00:00,77631.0,77632.0,77489.0,77519.0,2.14368,184
2026-08-29 08:15:00+00:00,77508.0,77594.0,77505.0,77593.0,1.49111,181
2026-08-29 08:30:00+00:00,77584.0,77585.0,77513.0,77579.0,1.2881,196
2026-08-29 08:45:00+00:00,77578.0,77634.0,77534.0,77634.0,0.67232,167
2026-08-29 09:00:00+00:00,77640.0,77675.0,77562.0,77643.0,0.2375,164
2026-08-29 09:15:00+00:00,77643.0,77665.0,77607.0,77622.0,0.96605,176
2026-08-29 09:30:00+00:00,77621.0,77740.0,77619.0,77668.0,0.63123,178
2026-08-29 09:45:00+00:00,77650.0,77681.0,77637.0,77653.0,5.09511,196
2026-08-29 10:00:00+00:00,77647.0,77647.0,77525.0,77580.0,1.04001,184
2026-08-29 10:15:00+00:00,77580.0,77721.0,77580.0,77672.0,1.84438,242
2026-08-29 10:30:00+00:00,77672.0,77736.0,77666.0,77697.0,1.43841,239
2026-08-29 10:45:00+00:00,77697.0,77738.0,77645.0,77645.0,2.38582,229
2026-08-29 11:00:00+00:00,77645.0,77730.0,77635.0,77730.0,1.30683,205
2026-08-29 11:15:00+00:00,77737.0,77738.0,77685.0,77706.0,1.707,227
2026-08-29 11:30:00+00:00,77706.0,77710.0,77638.0,77645.0,2.85115,226
2026-08-29 11:45:00+00:00,77646.0,77674.0,77571.0,77595.0,2.01415,267
2026-08-29 12:00:00+00:00,77595.0,77625.0,77578.0,77610.0,4.13407,311
2026-08-29 12:15:00+00:00,77621.0,77671.0,77544.0,77597.0,5.75522,383
2026-08-29 12:30:00+00:00,77598.0,77605.0,77529.0,77593.0,6.26876,359
2026-08-29 12:45:00+00:00,77592.0,77610.0,77560.0,77595.0,2.29493,242
2026-08-29 13:00:00+00:00,77595.0,77667.0,77579.0,77661.0,0.18876,177
2026-08-29 13:15:00+00:00,77646.0,77728.0,77646.0,77654.0,1.10296,184
2026-08-29 13:30:00+00:00,77653.0,77724.0,77646.0,77665.0,0.0658,151
2026-08-29 13:45:00+00:00,77666.0,77716.0,77651.0,77708.0,4.4395,225
2026-08-29 14:00:00+00:00,77708.0,77737.0,77667.0,77693.0,2.14366,233
2026-08-29 14:15:00+00:00,77706.0,77750.0,77674.0,77703.0,0.69166,212
2026-08-29 14:30:00+00:00,77704.0,78012.0,77692.0,77932.0,2.00644,240
2026-08-29 14:45:00+00:00,77920.0,78151.0,77920.0,78007.0,1.85472,242
2026-08-29 15:00:00+00:00,78016.0,78017.0,77860.0,77935.0,1.02196,191
2026-08-29 15:15:00+00:00,77934.0,77988.0,77863.0,77900.0,0.7579,185
2026-08-29 15:30:00+00:00,77876.0,77897.0,77850.0,77851.0,22.2536,347
2026-08-29 15:45:00+00:00,77850.0,77945.0,77850.0,77875.0,29.56202,356
2026-08-29 16:00:00+00:00,77874.0,77989.0,77869.0,77971.0,3.79471,235
2026-08-29 16:15:00+00:00,78000.0,78141.0,77916.0,77956.0,4.03847,240
2026-08-29 16:30:00+00:00,77960.0,78040.0,77900.0,78021.0,0.80271,231
2026-08-29 16:45:00+00:00,78022.0,78106.0,78008.0,78040.0,9.06348,319
2026-08-29 17:00:00+00:00,78040.0,78089.0,78028.0,78044.0,9.97852,370
2026-08-29 17:15:00+00:00,78059.0,78111.0,77995.0,77995.0,1.52168,202
2026-08-29 17:30:00+00:00,77996.0,78036.0,77906.0,78036.0,1.66706,189
2026-08-29 17:45:00+00:00,78035.0,78112.0,77997.0,78112.0,1.64357,227
2026-08-29 18:00:00+00:00,78112.0,78155.0,78072.0,78075.0,1.86575,242
2026-08-29 18:15:00+00:00,78075.0,78101.0,78035.0,78069.0,1.70466,209
2026-08-29 18:30:00+00:00,78068.0,78214.0,78019.0,78152.0,1.17426,202
2026-08-29 18:45:00+00:00,78151.0,78250.0,78149.0,78169.0,4.29985,222
2026-08-29 19:00:00+00:00,78170.0,78317.0,78170.0,78317.0,1.25477,238
2026-08-29 19:15:00+00:00,78316.0,78329.0,78245.0,78250.0,1.63854,232
2026-08-29 19:30:00+00:00,78251.0,78262.0,78193.0,78262.0,0.29119,201
2026-08-29 19:45:00+00:00,78262.0,78276.0,78151.0,78197.0,0.73852,225
2026-08-29 20:00:00+00:00,78198.0,78305.0,78176.0,78238.0,0.43499,190
2026-08-29 20:15:00+00:00,78254.0,78271.0,78182.0,78182.0,0.2332,165
2026-08-29 20:30:00+00:00,78171.0,78171.0,78123.0,78136.0,0.27049,183
2026-08-29 20:45:00+00:00,78135.0,78164.0,78132.0,78133.0,0.13764,173
2026-08-29 21:00:00+00:00,78132.0,78192.0,78059.0,78157.0,0.389,185
2026-08-29 21:15:00+00:00,78157.0,78180.0,78104.0,78109.0,0.75975,179
2026-08-29 21:30:00+00:00,78117.0,78133.0,78073.0,78110.0,5.8252,218
2026-08-29 21:45:00+00:00,78107.0,78196.0,78105.0,78169.0,1.10467,177
2026-08-29 22:00:00+00:00,78172.0,78229.0,78127.0,78138.0,1.75875,201
2026-08-29 22:15:00+00:00,78152.0,78170.0,78089.0,78155.0,0.80074,189
2026-08-29 22:30:00+00:00,78155.0,78189.0,78150.0,78181.0,0.91423,167
2026-08-29 22:45:00+00:00,78182.0,78241.0,78182.0,78230.0,0.23579,172
2026-08-29 23:00:00+00:00,78230.0,78257.0,78200.0,78238.0,2.08847,189
2026-08-29 23:15:00+00:00,78237.0,78265.0,78188.0,78259.0,0.17496,182
2026-08-29 23:30:00+00:00,78260.0,78263.0,78220.0,78221.0,0.86563,182
2026-08-29 23:45:00+00:00,78221.0,78280.0,78221.0,78229.0,0.92756,234
2026-08-30 00:00:00+00:00,78228.0,78229.0,78161.0,78185.0,5.87455,239
2026-08-30 00:15:00+00:00,78184.0,78328.0,78184.0,78221.0,0.19459,172
2026-08-30 00:30:00+00:00,78222.0,78300.0,78198.0,78220.0,0.65846,183
2026-08-30 00:45:00+00:00,78208.0,78247.0,78188.0,78188.0,2.66352,210
2026-08-30 01:00:00+00:00,78188.0,78192.0,78069.0,78071.0,0.82242,203
2026-08-30 01:15:00+00:00,78070.0,78073.0,78006.0,78017.0,0.20387,201
2026-08-30 01:30:00+00:00,78016.0,78074.0,78000.0,78060.0,0.71888,178
2026-08-30 01:45:00+00:00,78096.0,78140.0,78049.0,78090.0,0.35042,178
2026-08-30 02:00:00+00:00,78096.0,78139.0,78070.0,78095.0,1.10324,167
2026-08-30 02:15:00+00:00,78096.0,78096.0,78018.0,78039.0,0.15474,165
2026-08-30 02:30:00+00:00,78038.0,78130.0,78025.0,78103.0,2.00403,188
2026-08-30 02:45:00+00:00,78103.0,78183.0,78086.0,78108.0,0.21832,176
2026-08-30 03:00:00+00:00,78108.0,78138.0,78072.0,78089.0,0.67411,175
2026-08-30 03:15:00+00:00,78088.0,78165.0,78059.0,78165.0,0.40341,173
2026-08-30 03:30:00+00:00,78168.0,78239.0,78151.0,78190.0,1.88282,191
2026-08-30 03:45:00+00:00,78190.0,78190.0,78135.0,78136.0,0.28203,169
2026-08-30 04:00:00+00:00,78136.0,78226.0,78135.0,78152.0,0.26542,181
2026-08-30 04:15:00+00:00,78151.0,78178.0,78088.0,78136.0,2.63324,213
2026-08-30 04:30:00+00:00,78100.0,78105.0,78017.0,78017.0,1.58307,196
2026-08-30 04:45:00+00:00,78016.0,78116.0,78000.0,78116.0,2.83215,224
2026-08-30 05:00:00+00:00,78115.0,78225.0,78115.0,78153.0,0.15128,205
2026-08-30 05:15:00+00:00,78152.0,78153.0,78137.0,78152.0,0.55115,252
2026-08-30 05:30:00+00:00,78152.0,78152.0,78125.0,78126.0,0.67027,271
2026-08-30 05:45:00+00:00,78129.0,78146.0,78121.0,78139.0,0.29868,253
2026-08-30 06:00:00+00:00,78140.0,78153.0,78115.0,78119.0,0.14383,193
2026-08-30 06:15:00+00:00,78128.0,78196.0,78127.0,78187.0,0.42809,184
2026-08-30 06:30:00+00:00,78188.0,78300.0,78181.0,78239.0,0.95915,240
2026-08-30 06:45:00+00:00,78238.0,78307.0,78224.0,78265.0,12.1989,331
2026-08-30 07:00:00+00:00,78273.0,78283.0,78236.0,78241.0,1.4902,222
2026-08-30 07:15:00+00:00,78241.0,78241.0,78212.0,78217.0,1.93153,211
2026-08-30 07:30:00+00:00,78217.0,78217.0,78133.0,78133.0,15.10512,325
2026-08-30 07:45:00+00:00,78140.0,78151.0,78097.0,78097.0,11.19171,270
2026-08-30 08:00:00+00:00,78100.0,78178.0,78093.0,78134.0,1.85556,253
2026-08-30 08:15:00+00:00,78133.0,78180.0,78097.0,78138.0,13.3713,335
2026-08-30 08:30:00+00:00,78138.0,78138.0,78025.0,78045.0,1.98835,262
2026-08-30 08:45:00+00:00,78045.0,78072.0,78018.0,78058.0,3.32414,262
2026-08-30 09:00:00+00:00,78058.0,78086.0,78058.0,78085.0,1.23301,249
2026-08-30 09:15:00+00:00,78086.0,78097.0,78000.0,78001.0,5.95623,316
2026-08-30 09:30:00+00:00,78004.0,78045.0,78000.0,78018.0,2.52286,297
2026-08-30 09:45:00+00:00,78021.0,78054.0,78000.0,78001.0,3.39566,333
2026-08-30 10:00:00+00:00,78000.0,78069.0,77990.0,78020.0,47.40752,553
2026-08-30 10:15:00+00:00,78019.0,78110.0,77989.0,78042.0,0.91388,239
2026-08-30 10:30:00+00:00,78042.0,78126.0,78039.0,78115.0,0.55667,220
2026-08-30 10:45:00+00:00,78116.0,78155.0,78116.0,78150.0,1.0923,241
2026-08-30 11:00:00+00:00,78150.0,78193.0,78149.0,78166.0,1.09784,225
2026-08-30 11:15:00+00:00,78167.0,78211.0,78145.0,78211.0,0.97292,199
2026-08-30 11:30:00+00:00,78211.0,78239.0,78148.0,78183.0,0.5201,209
2026-08-30 11:45:00+00:00,78182.0,78190.0,78109.0,78170.0,1.86794,224
2026-08-30 12:00:00+00:00,78172.0,78700.0,78172.0,78653.0,6.514,396
2026-08-30 12:15:00+00:00,78653.0,78653.0,78485.0,78624.0,3.70368,261
2026-08-30 12:30:00+00:00,78624.0,78844.0,78539.0,78645.0,3.09704,310
2026-08-30 12:45:00+00:00,78654.0,78757.0,78581.0,78754.0,0.92689,235
2026-08-30 13:00:00+00:00,78805.0,78810.0,78626.0,78635.0,1.67216,218
2026-08-30 13:15:00+00:00,78628.0,78724.0,78583.0,78718.0,2.25728,220
2026-08-30 13:30:00+00:00,78718.0,78810.0,78670.0,78784.0,0.40176,222
2026-08-30 13:45:00+00:00,78783.0,78960.0,78783.0,78845.0,4.1221,264
2026-08-30 14:00:00+00:00,78844.0,78938.0,78768.0,78912.0,1.40746,227
2026-08-30 14:15:00+00:00,78911.0,78931.0,78807.0,78858.0,2.92642,210
2026-08-30 14:30:00+00:00,78858.0,78932.0,78712.0,78764.0,0.26418,184
2026-08-30 14:45:00+00:00,78723.0,78819.0,78715.0,78775.0,0.98045,176
2026-08-30 15:00:00+00:00,78789.0,78858.0,78646.0,78664.0,2.38509,227
2026-08-30 15:15:00+00:00,78673.0,78826.0,78621.0,78771.0,2.24723,214
2026-08-30 15:30:00+00:00,78780.0,78851.0,78775.0,78851.0,0.62196,201
2026-08-30 15:45:00+00:00,78850.0,78881.0,78777.0,78815.0,0.30883,173
2026-08-30 16:00:00+00:00,78840.0,79170.0,78761.0,79117.0,4.11545,313
2026-08-30 16:15:00+00:00,79105.0,79223.0,79009.0,79034.0,3.64448,270
2026-08-30 16:30:00+00:00,79034.0,79241.0,79017.0,79193.0,6.10992,263
2026-08-30 16:45:00+00:00,79185.0,79399.0,79118.0,79328.0,6.42357,334
2026-08-30 17:00:00+00:00,79326.0,79327.0,79131.0,79173.0,2.17445,266
2026-08-30 17:15:00+00:00,79173.0,79173.0,78778.0,78933.0,2.24407,334
2026-08-30 17:30:00+00:00,78932.0,79044.0,78872.0,79036.0,3.78494,251
2026-08-30 17:45:00+00:00,79036.0,79068.0,78957.0,79001.0,0.7711,207
2026-08-30 18:00:00+00:00,79001.0,79045.0,78773.0,78835.0,0.79055,243
2026-08-30 18:15:00+00:00,78834.0,79009.0,78834.0,79009.0,1.49144,259
2026-08-30 18:30:00+00:00,79011.0,79165.0,79011.0,79080.0,0.65121,221
2026-08-30 18:45:00+00:00,79068.0,79072.0,79004.0,79012.0,0.72017,192
2026-08-30 19:00:00+00:00,79012.0,79028.0,78927.0,79008.0,0.72588,221
2026-08-30 19:15:00+00:00,79008.0,79023.0,78901.0,78909.0,0.53345,189
2026-08-30 19:30:00+00:00,78908.0,78936.0,78762.0,78780.0,2.20841,244
2026-08-30 19:45:00+00:00,78779.0,78857.0,78734.0,78843.0,2.04462,219
2026-08-30 20:00:00+00:00,78844.0,78911.0,78821.0,78852.0,1.39549,226
2026-08-30 20:15:00+00:00,78847.0,78923.0,78833.0,78837.0,4.14564,271
2026-08-30 20:30:00+00:00,78829.0,78881.0,78421.0,78445.0,1.63434,266
2026-08-30 20:45:00+00:00,78501.0,78736.0,78501.0,78579.0,4.37717,276
2026-08-30 21:00:00+00:00,78578.0,78578.0,78238.0,78484.0,7.50615,339
2026-08-30 21:15:00+00:00,78484.0,78640.0,78455.0,78624.0,1.50177,221
2026-08-30 21:30:00+00:00,78618.0,78712.0,78587.0,78628.0,1.67047,250
2026-08-30 21:45:00+00:00,78627.0,78679.0,78534.0,78631.0,2.19626,225
2026-08-30 22:00:00+00:00,78631.0,78790.0,78526.0,78563.0,59.01079,635
2026-08-30 22:15:00+00:00,78560.0,78560.0,78302.0,78376.0,2.90973,233
2026-08-30 22:30:00+00:00,78375.0,78538.0,78300.0,78456.0,0.36755,195
2026-08-30 22:45:00+00:00,78446.0,78503.0,78371.0,78427.0,1.1298,206
2026-08-30 23:00:00+00:00,78403.0,78447.0,78309.0,78368.0,1.11459,216
2026-08-30 23:15:00+00:00,78368.0,78398.0,77650.0,77669.0,10.37475,557
2026-08-30 23:30:00+00:00,77674.0,77875.0,77347.0,77464.0,2.89659,420
2026-08-30 23:45:00+00:00,77463.0,77720.0,77035.0,77700.0,18.56863,516
2026-08-31 00:00:00+00:00,77685.0,77831.0,77441.0,77767.0,7.04607,317
2026-08-31 00:15:00+00:00,77770.0,77975.0,77734.0,77910.0,2.19631,243
2026-08-31 00:30:00+00:00,77912.0,78177.0,77891.0,78033.0,4.78735,313
2026-08-31 00:45:00+00:00,78005.0,78040.0,77917.0,77931.0,0.35008,216
2026-08-31 01:00:00+00:00,77926.0,77996.0,77566.0,77655.0,1.35815,243
2026-08-31 01:15:00+00:00,77625.0,77847.0,77566.0,77781.0,1.1946,239
2026-08-31 01:30:00+00:00,77776.0,77931.0,77652.0,77752.0,0.85721,197
2026-08-31 01:45:00+00:00,77725.0,77850.0,77609.0,77628.0,1.67983,206
2026-08-31 02:00:00+00:00,77610.0,77974.0,77519.0,77935.0,12.01218,291
2026-08-31 02:15:00+00:00,77923.0,77934.0,77799.0,77854.0,0.23219,188
2026-08-31 02:30:00+00:00,77859.0,77895.0,77687.0,77687.0,1.40819,212
2026-08-31 02:45:00+00:00,77691.0,77747.0,77363.0,77449.0,12.34528,295
2026-08-31 03:00:00+00:00,77470.0,77653.0,77374.0,77621.0,1.53419,217
2026-08-31 03:15:00+00:00,77616.0,77725.0,77557.0,77697.0,0.9459,206
2026-08-31 03:30:00+00:00,77677.0,77810.0,77645.0,77799.0,1.00781,195
2026-08-31 03:45:00+00:00,77799.0,77830.0,77720.0,77732.0,3.34752,234
2026-08-31 04:00:00+00:00,77740.0,77749.0,77547.0,77559.0,2.14673,226
2026-08-31 04:15:00+00:00,77564.0,77574.0,77472.0,77496.0,1.06635,247
2026-08-31 04:30:00+00:00,77496.0,77561.0,77440.0,77540.0,1.82924,207
2026-08-31 04:45:00+00:00,77548.0,77639.0,77465.0,77602.0,1.64315,197
2026-08-31 05:00:00+00:00,77601.0,77759.0,77495.0,77741.0,0.60683,184
2026-08-31 05:15:00+00:00,77739.0,78129.0,77739.0,77980.0,1.90891,226
2026-08-31 05:30:00+00:00,77992.0,78048.0,77854.0,77951.0,0.40196,170
2026-08-31 05:45:00+00:00,77962.0,78035.0,77932.0,78012.0,0.95534,179
2026-08-31 06:00:00+00:00,77989.0,78058.0,77850.0,78019.0,3.59143,202
2026-08-31 06:15:00+00:00,78023.0,78110.0,77975.0,78001.0,7.06491,210
2026-08-31 06:30:00+00:00,77993.0,78121.0,77903.0,78078.0,0.20851,186
2026-08-31 06:45:00+00:00,78077.0,78108.0,78004.0,78073.0,2.54281,214
2026-08-31 07:00:00+00:00,78073.0,78149.0,78019.0,78111.0,4.93554,249
2026-08-31 07:15:00+00:00,78112.0,78297.0,78112.0,78196.0,4.61111,239
2026-08-31 07:30:00+00:00,78195.0,78273.0,78123.0,78246.0,1.78532,205
2026-08-31 07:45:00+00:00,78256.0,78268.0,78174.0,78181.0,1.72018,206
2026-08-31 08:00:00+00:00,78189.0,78322.0,78032.0,78142.0,1.1773,192
2026-08-31 08:15:00+00:00,78128.0,78145.0,77953.0,78079.0,9.98394,277
2026-08-31 08:30:00+00:00,78078.0,78433.0,78074.0,78314.0,5.77016,256
2026-08-31 08:45:00+00:00,78329.0,78500.0,78314.0,78464.0,9.03523,258
2026-08-31 09:00:00+00:00,78480.0,78784.0,78387.0,78648.0,3.72589,316
2026-08-31 09:15:00+00:00,78649.0,78786.0,78577.0,78648.0,5.81543,294
2026-08-31 09:30:00+00:00,78647.0,78719.0,78590.0,78680.0,4.45136,265
2026-08-31 09:45:00+00:00,78706.0,78798.0,78503.0,78504.0,5.02761,299
2026-08-31 10:00:00+00:00,78504.0,78516.0,78292.0,78506.0,9.73131,377
2026-08-31 10:15:00+00:00,78483.0,78501.0,78385.0,78430.0,4.51841,294
2026-08-31 10:30:00+00:00,78430.0,78534.0,78360.0,78515.0,9.07905,358
2026-08-31 10:45:00+00:00,78513.0,78723.0,78495.0,78691.0,10.66634,454
2026-08-31 11:00:00+00:00,78691.0,78691.0,78559.0,78609.0,4.9615,306
2026-08-31 11:15:00+00:00,78609.0,78623.0,78449.0,78450.0,6.50136,253
2026-08-31 11:30:00+00:00,78450.0,78458.0,78343.0,78364.0,4.25707,214
2026-08-31 11:45:00+00:00,78371.0,78391.0,78300.0,78301.0,22.71558,363
2026-08-31 12:00:00+00:00,78301.0,78524.0,78300.0,78411.0,22.52187,529
2026-08-31 12:15:00+00:00,78405.0,78471.0,78060.0,78091.0,33.96978,668
2026-08-31 12:30:00+00:00,78085.0,78152.0,77692.0,77872.0,9.16494,441
2026-08-31 12:45:00+00:00,77881.0,77921.0,77775.0,77920.0,4.10051,237
2026-08-31 13:00:00+00:00,77933.0,78183.0,77933.0,78090.0,6.70172,297
2026-08-31 13:15:00+00:00,78076.0,78077.0,77889.0,78026.0,0.74137,196
2026-08-31 13:30:00+00:00,78027.0,78259.0,77833.0,77990.0,5.37464,342
2026-08-31 13:45:00+00:00,77989.0,78043.0,77719.0,77841.0,22.21792,388
2026-08-31 14:00:00+00:00,77849.0,78052.0,77809.0,77934.0,10.32887,294
2026-08-31 14:15:00+00:00,77822.0,78055.0,77739.0,78000.0,8.68466,237
2026-08-31 14:30:00+00:00,77998.0,78641.0,77958.0,78492.0,57.62052,730
2026-08-31 14:45:00+00:00,78486.0,78621.0,78350.0,78557.0,4.06603,232
2026-08-31 15:00:00+00:00,78599.0,78637.0,78296.0,78307.0,4.74983,234
2026-08-31 15:15:00+00:00,78294.0,78508.0,78189.0,78408.0,2.3336,214
2026-08-31 15:30:00+00:00,78423.0,78719.0,78371.0,78682.0,5.05497,269
2026-08-31 15:45:00+00:00,78711.0,78714.0,78521.0,78543.0,4.93113,263
2026-08-31 16:00:00+00:00,78551.0,78760.0,78504.0,78650.0,8.27789,231
2026-08-31 16:15:00+00:00,78636.0,78700.0,78497.0,78633.0,2.3262,227
2026-08-31 16:30:00+00:00,78595.0,78750.0,78566.0,78706.0,10.47875,302
2026-08-31 16:45:00+00:00,78725.0,78875.0,78613.0,78628.0,61.21963,488
2026-08-31 17:00:00+00:00,78627.0,78802.0,78604.0,78731.0,3.26169,220
2026-08-31 17:15:00+00:00,78730.0,78731.0,78486.0,78529.0,5.10408,269
2026-08-31 17:30:00+00:00,78529.0,78982.0,78529.0,78911.0,2.43812,295
2026-08-31 17:45:00+00:00,78900.0,78962.0,78835.0,78886.0,6.6755,250
2026-08-31 18:00:00+00:00,78894.0,78959.0,78776.0,78959.0,0.21718,189
2026-08-31 18:15:00+00:00,78964.0,79088.0,78844.0,78897.0,1.8604,246
2026-08-31 18:30:00+00:00,78899.0,79210.0,78879.0,79210.0,7.5721,315
2026-08-31 18:45:00+00:00,79187.0,79187.0,78987.0,79020.0,1.95849,229
2026-08-31 19:00:00+00:00,79021.0,79246.0,79020.0,79212.0,3.79324,287
2026-08-31 19:15:00+00:00,79181.0,79181.0,79030.0,79097.0,2.64717,253
2026-08-31 19:30:00+00:00,79092.0,79142.0,78929.0,78976.0,4.53007,314
2026-08-31 19:45:00+00:00,78963.0,79091.0,78856.0,78906.0,2.04678,247
2026-08-31 20:00:00+00:00,78912.0,78955.0,78856.0,78937.0,9.68748,309
2026-08-31 20:15:00+00:00,78944.0,79139.0,78904.0,78907.0,0.98657,200
2026-08-31 20:30:00+00:00,78903.0,78944.0,78784.0,78858.0,2.82002,277
2026-08-31 20:45:00+00:00,78887.0,78904.0,78812.0,78836.0,6.72492,261
2026-08-31 21:00:00+00:00,78846.0,78867.0,78719.0,78819.0,5.29394,264
2026-08-31 21:15:00+00:00,78819.0,78941.0,78787.0,78933.0,1.51921,211
2026-08-31 21:30:00+00:00,78947.0,79042.0,78931.0,79028.0,0.55012,199
2026-08-31 21:45:00+00:00,79028.0,79045.0,78926.0,78938.0,1.60676,226
2026-08-31 22:00:00+00:00,78963.0,78987.0,78864.0,78868.0,1.26862,210
2026-08-31 22:15:00+00:00,78867.0,78867.0,78724.0,78740.0,1.31255,219
2026-08-31 22:30:00+00:00,78737.0,78747.0,78637.0,78638.0,1.19518,239
2026-08-31 22:45:00+00:00,78638.0,78638.0,78559.0,78567.0,1.8263,245
2026-08-31 23:00:00+00:00,78566.0,78566.0,78380.0,78432.0,1.95312,280
2026-08-31 23:15:00+00:00,78432.0,78572.0,78431.0,78563.0,1.35712,223
2026-08-31 23:30:00+00:00,78563.0,78571.0,78482.0,78542.0,0.69724,208
2026-08-31 23:45:00+00:00,78533.0,78581.0,78532.0,78563.0,7.87651,286
2026-09-01 00:00:00+00:00,78562.0,78772.0,78537.0,78737.0,2.32222,250
2026-09-01 00:15:00+00:00,78737.0,78888.0,78729.0,78850.0,0.75492,226
2026-09-01 00:30:00+00:00,78849.0,78875.0,78667.0,78680.0,0.53324,228
2026-09-01 00:45:00+00:00,78695.0,78791.0,78567.0,78619.0,3.40379,253
2026-09-01 01:00:00+00:00,78661.0,78785.0,78523.0,78538.0,1.43441,229
2026-09-01 01:15:00+00:00,78539.0,78631.0,78398.0,78406.0,0.90381,268
2026-09-01 01:30:00+00:00,78405.0,78574.0,78376.0,78568.0,1.89655,304
2026-09-01 01:45:00+00:00,78570.0,78570.0,78374.0,78395.0,0.76631,245
2026-09-01 02:00:00+00:00,78377.0,78377.0,78186.0,78277.0,2.28813,263
2026-09-01 02:15:00+00:00,78274.0,78318.0,78200.0,78213.0,0.90583,240
2026-09-01 02:30:00+00:00,78244.0,78386.0,78244.0,78355.0,0.56854,214
2026-09-01 02:45:00+00:00,78355.0,78447.0,78324.0,78427.0,5.73687,257
2026-09-01 03:00:00+00:00,78427.0,78488.0,78387.0,78410.0,0.7174,247
2026-09-01 03:15:00+00:00,78409.0,78491.0,78379.0,78460.0,0.7947,230
2026-09-01 03:30:00+00:00,78463.0,78856.0,78451.0,78776.0,1.31204,230
2026-09-01 03:45:00+00:00,78783.0,78783.0,78644.0,78660.0,2.48017,210
2026-09-01 04:00:00+00:00,78660.0,78773.0,78628.0,78660.0,0.08035,168
2026-09-01 04:15:00+00:00,78660.0,78887.0,78655.0,78803.0,2.13991,201
2026-09-01 04:30:00+00:00,78801.0,78838.0,78694.0,78694.0,2.62176,244
2026-09-01 04:45:00+00:00,78694.0,78762.0,78662.0,78710.0,5.63075,224
2026-09-01 05:00:00+00:00,78718.0,78950.0,78718.0,78840.0,0.30527,234
2026-09-01 05:15:00+00:00,78851.0,78971.0,78760.0,78971.0,0.65235,253
2026-09-01 05:30:00+00:00,78970.0,79156.0,78946.0,79151.0,1.91903,266
2026-09-01 05:45:00+00:00,79139.0,79210.0,79075.0,79174.0,23.04723,424
2026-09-01 06:00:00+00:00,79152.0,79152.0,78976.0,79023.0,19.3432,360
2026-09-01 06:15:00+00:00,79013.0,79013.0,78811.0,78887.0,10.22097,317
2026-09-01 06:30:00+00:00,78888.0,78933.0,78844.0,78866.0,3.71618,249
2026-09-01 06:45:00+00:00,78849.0,78867.0,78735.0,78736.0,2.21429,253
2026-09-01 07:00:00+00:00,78721.0,78796.0,78707.0,78713.0,0.37205,207
2026-09-01 07:15:00+00:00,78730.0,78784.0,78690.0,78772.0,0.79081,211
2026-09-01 07:30:00+00:00,78774.0,78781.0,78502.0,78610.0,5.69839,251
2026-09-01 07:45:00+00:00,78610.0,78675.0,78576.0,78627.0,0.10678,178
2026-09-01 08:00:00+00:00,78627.0,78648.0,78266.0,78285.0,1.1566,210
2026-09-01 08:15:00+00:00,78295.0,78318.0,77876.0,77876.0,12.37385,423
2026-09-01 08:30:00+00:00,77919.0,78030.0,77842.0,77950.0,6.53255,254
2026-09-01 08:45:00+00:00,77943.0,78009.0,77810.0,77849.0,13.66532,283
2026-09-01 09:00:00+00:00,77879.0,77890.0,77773.0,77816.0,2.50287,200
2026-09-01 09:15:00+00:00,77790.0,77948.0,77777.0,77890.0,1.59325,176
2026-09-01 09:30:00+00:00,77895.0,78017.0,77826.0,78017.0,1.31552,246
2026-09-01 09:45:00+00:00,78018.0,78054.0,77886.0,77899.0,7.87756,342
2026-09-01 10:00:00+00:00,77891.0,77973.0,77790.0,77867.0,9.60415,329
2026-09-01 10:15:00+00:00,77881.0,78020.0,77733.0,77982.0,6.49561,283
2026-09-01 10:30:00+00:00,78009.0,78175.0,78009.0,78128.0,3.76747,215
2026-09-01 10:45:00+00:00,78116.0,78146.0,77972.0,78009.0,6.90681,260
2026-09-01 11:00:00+00:00,78008.0,78037.0,77932.0,77968.0,11.05733,245
2026-09-01 11:15:00+00:00,77990.0,78008.0,77878.0,77986.0,4.64464,245
2026-09-01 11:30:00+00:00,77985.0,78184.0,77939.0,78090.0,6.73597,275
2026-09-01 11:45:00+00:00,78115.0,78183.0,78032.0,78069.0,10.83787,278
2026-09-01 12:00:00+00:00,78072.0,78138.0,77945.0,78007.0,3.32818,198
2026-09-01 12:15:00+00:00,78023.0,78080.0,77911.0,77963.0,5.68473,236
2026-09-01 12:30:00+00:00,77944.0,77944.0,77727.0,77930.0,3.32504,269
2026-09-01 12:45:00+00:00,77933.0,78049.0,77908.0,77969.0,8.65439,288
2026-09-01 13:00:00+00:00,77983.0,77987.0,77558.0,77779.0,11.0413,391
2026-09-01 13:15:00+00:00,77781.0,77874.0,77731.0,77867.0,3.6297,276
2026-09-01 13:30:00+00:00,77867.0,77995.0,77500.0,77919.0,6.7772,380
2026-09-01 13:45:00+00:00,77897.0,78185.0,77844.0,78048.0,4.90683,335
2026-09-01 14:00:00+00:00,78052.0,78383.0,78034.0,78241.0,20.8554,453
2026-09-01 14:15:00+00:00,78239.0,78381.0,78115.0,78230.0,3.13332,274
2026-09-01 14:30:00+00:00,78225.0,78370.0,78202.0,78352.0,15.20575,328
2026-09-01 14:45:00+00:00,78359.0,78384.0,78106.0,78128.0,1.97179,286
2026-09-01 15:00:00+00:00,78137.0,78137.0,77701.0,77786.0,3.854,258
2026-09-01 15:15:00+00:00,77779.0,77842.0,77725.0,77836.0,5.10115,254
2026-09-01 15:30:00+00:00,77836.0,77952.0,77774.0,77952.0,2.38429,225
2026-09-01 15:45:00+00:00,77943.0,78066.0,77885.0,77895.0,3.27374,220
2026-09-01 16:00:00+00:00,77892.0,77952.0,77630.0,77653.0,5.74946,284
2026-09-01 16:15:00+00:00,77654.0,77729.0,77455.0,77606.0,13.21288,320
2026-09-01 16:30:00+00:00,77606.0,77606.0,77290.0,77436.0,5.67083,343
2026-09-01 16:45:00+00:00,77433.0,77640.0,77415.0,77581.0,0.89869,199
2026-09-01 17:00:00+00:00,77581.0,77638.0,77482.0,77508.0,1.62959,229
2026-09-01 17:15:00+00:00,77509.0,77606.0,77401.0,77507.0,2.26362,215
2026-09-01 17:30:00+00:00,77507.0,77699.0,77499.0,77508.0,1.55326,215
2026-09-01 17:45:00+00:00,77509.0,77510.0,77236.0,77252.0,3.28223,277
2026-09-01 18:00:00+00:00,77253.0,77312.0,77135.0,77200.0,5.46069,328
2026-09-01 18:15:00+00:00,77200.0,77232.0,76718.0,77025.0,8.76379,479
2026-09-01 18:30:00+00:00,77037.0,77094.0,76562.0,76562.0,13.63418,487
2026-09-01 18:45:00+00:00,76563.0,77126.0,76405.0,77126.0,9.62929,586
2026-09-01 19:00:00+00:00,77126.0,77271.0,77100.0,77190.0,11.96956,440
2026-09-01 19:15:00+00:00,77186.0,77437.0,77116.0,77335.0,2.76174,313
2026-09-01 19:30:00+00:00,77341.0,77358.0,77282.0,77292.0,1.04649,260
2026-09-01 19:45:00+00:00,77296.0,77319.0,77182.0,77280.0,3.4192,291
2026-09-01 20:00:00+00:00,77288.0,77410.0,77208.0,77410.0,5.37831,309
2026-09-01 20:15:00+00:00,77410.0,77443.0,77303.0,77382.0,2.55296,298
2026-09-01 20:30:00+00:00,77400.0,77452.0,77313.0,77363.0,0.81206,241
2026-09-01 20:45:00+00:00,77362.0,77437.0,77320.0,77424.0,1.68295,245
2026-09-01 21:00:00+00:00,77422.0,77485.0,77049.0,77084.0,8.6794,369
2026-09-01 21:15:00+00:00,77084.0,77250.0,76893.0,77176.0,2.05437,297
2026-09-01 21:30:00+00:00,77175.0,77189.0,77008.0,77127.0,2.52846,208
2026-09-01 21:45:00+00:00,77128.0,77250.0,77106.0,77195.0,2.92797,198
2026-09-01 22:00:00+00:00,77194.0,77293.0,77161.0,77275.0,1.36191,218
2026-09-01 22:15:00+00:00,77275.0,77275.0,77044.0,77044.0,0.62698,266
2026-09-01 22:30:00+00:00,77040.0,77151.0,77009.0,77123.0,1.45515,313
2026-09-01 22:45:00+00:00,77145.0,77337.0,77143.0,77244.0,1.10411,276
2026-09-01 23:00:00+00:00,77246.0,77299.0,77189.0,77235.0,0.24428,227
2026-09-01 23:15:00+00:00,77235.0,77354.0,77229.0,77354.0,1.65049,242
2026-09-01 23:30:00+00:00,77360.0,77552.0,77354.0,77505.0,1.59096,265
2026-09-01 23:45:00+00:00,77507.0,77597.0,77386.0,77400.0,1.32969,239
2026-09-02 00:00:00+00:00,77400.0,77491.0,77336.0,77364.0,1.54927,253
2026-09-02 00:15:00+00:00,77365.0,77434.0,77240.0,77240.0,1.2758,239
2026-09-02 00:30:00+00:00,77237.0,77309.0,77102.0,77188.0,1.27411,204
2026-09-02 00:45:00+00:00,77217.0,77236.0,77147.0,77185.0,3.13359,223
2026-09-02 01:00:00+00:00,77185.0,77339.0,77118.0,77321.0,1.86071,212
2026-09-02 01:15:00+00:00,77281.0,77315.0,77116.0,77116.0,0.20362,193
2026-09-02 01:30:00+00:00,77117.0,77139.0,76815.0,76830.0,1.79127,246
2026-09-02 01:45:00+00:00,76850.0,77000.0,76694.0,76979.0,4.63366,280
2026-09-02 02:00:00+00:00,76992.0,77154.0,76909.0,77044.0,0.82336,211
2026-09-02 02:15:00+00:00,77059.0,77301.0,77059.0,77281.0,2.34099,239
2026-09-02 02:30:00+00:00,77270.0,77270.0,77129.0,77185.0,1.1542,241
2026-09-02 02:45:00+00:00,77175.0,77287.0,77158.0,77287.0,1.28508,243
2026-09-02 03:00:00+00:00,77292.0,77553.0,77268.0,77474.0,1.9461,232
2026-09-02 03:15:00+00:00,77475.0,77747.0,77451.0,77614.0,1.60162,258
2026-09-02 03:30:00+00:00,77596.0,77607.0,77467.0,77508.0,0.319,202
2026-09-02 03:45:00+00:00,77509.0,77600.0,77471.0,77525.0,0.08763,143
2026-09-02 04:00:00+00:00,77524.0,77525.0,77315.0,77330.0,0.43311,181
2026-09-02 04:15:00+00:00,77323.0,77406.0,77264.0,77399.0,0.62759,173
2026-09-02 04:30:00+00:00,77398.0,77561.0,77391.0,77556.0,0.07907,137
2026-09-02 04:45:00+00:00,77564.0,77580.0,77504.0,77538.0,1.1953,159
2026-09-02 05:00:00+00:00,77533.0,77575.0,77396.0,77574.0,2.45687,181
2026-09-02 05:15:00+00:00,77575.0,77720.0,77575.0,77720.0,0.66517,155
2026-09-02 05:30:00+00:00,77701.0,77702.0,77637.0,77671.0,0.21359,140
2026-09-02 05:45:00+00:00,77678.0,77723.0,77561.0,77620.0,1.7247,180
2026-09-02 06:00:00+00:00,77620.0,77686.0,77551.0,77552.0,0.42798,176
2026-09-02 06:15:00+00:00,77564.0,77623.0,77520.0,77521.0,1.97726,183
2026-09-02 06:30:00+00:00,77517.0,77620.0,77391.0,77534.0,186.36665,3192
2026-09-02 06:45:00+00:00,77534.0,77558.0,77445.0,77558.0,62.192,1640
2026-09-02 07:00:00+00:00,77566.0,77720.0,77550.0,77630.0,7.57614,246
2026-09-02 07:15:00+00:00,77629.0,77659.0,77544.0,77549.0,1.13671,182
2026-09-02 07:30:00+00:00,77553.0,77585.0,77509.0,77556.0,8.50021,229
2026-09-02 07:45:00+00:00,77516.0,77558.0,77428.0,77438.0,5.3282,178
2026-09-02 08:00:00+00:00,77462.0,77513.0,77344.0,77382.0,0.74794,147
2026-09-02 08:15:00+00:00,77392.0,77441.0,77250.0,77267.0,1.06728,197
2026-09-02 08:30:00+00:00,77216.0,77216.0,76918.0,76935.0,9.76213,328
2026-09-02 08:45:00+00:00,76919.0,76985.0,76706.0,76805.0,6.05293,301
2026-09-02 09:00:00+00:00,76810.0,77006.0,76810.0,76940.0,11.07806,298
2026-09-02 09:15:00+00:00,76899.0,76921.0,76600.0,76844.0,6.01737,298
2026-09-02 09:30:00+00:00,76780.0,76780.0,76485.0,76528.0,3.71512,247
2026-09-02 09:45:00+00:00,76525.0,76717.0,76452.0,76717.0,13.27455,267
2026-09-02 10:00:00+00:00,76720.0,76725.0,76529.0,76603.0,10.16281,275
2026-09-02 10:15:00+00:00,76602.0,76668.0,76538.0,76540.0,2.56106,189
2026-09-02 10:30:00+00:00,76568.0,76579.0,76450.0,76578.0,6.79676,298
2026-09-02 10:45:00+00:00,76549.0,76662.0,76243.0,76643.0,16.92165,496
2026-09-02 11:00:00+00:00,76631.0,76686.0,76481.0,76678.0,2.81995,225
2026-09-02 11:15:00+00:00,76687.0,76707.0,76327.0,76463.0,2.76134,239
2026-09-02 11:30:00+00:00,76468.0,76696.0,76444.0,76602.0,5.31756,231
2026-09-02 11:45:00+00:00,76601.0,76808.0,76570.0,76808.0,2.248,200
2026-09-02 12:00:00+00:00,76775.0,76807.0,76656.0,76786.0,1.8069,200
2026-09-02 12:15:00+00:00,76787.0,77002.0,76769.0,76969.0,5.26569,209
2026-09-02 12:30:00+00:00,76956.0,76957.0,76769.0,76787.0,7.64486,211
2026-09-02 12:45:00+00:00,76771.0,76789.0,76584.0,76584.0,13.28036,317
2026-09-02 13:00:00+00:00,76590.0,76845.0,76590.0,76726.0,9.71922,361
2026-09-02 13:15:00+00:00,76721.0,76920.0,76696.0,76863.0,11.06624,365
2026-09-02 13:30:00+00:00,76794.0,77359.0,76593.0,77309.0,6.29567,309
2026-09-02 13:45:00+00:00,77320.0,77397.0,76976.0,77102.0,4.85966,279
2026-09-02 14:00:00+00:00,77118.0,77313.0,76984.0,77313.0,4.13685,261
2026-09-02 14:15:00+00:00,77266.0,77447.0,77206.0,77308.0,6.20813,227
2026-09-02 14:30:00+00:00,77314.0,77358.0,77083.0,77303.0,1.3953,208
2026-09-02 14:45:00+00:00,77304.0,77308.0,77051.0,77052.0,1.82183,186
2026-09-02 15:00:00+00:00,77051.0,77137.0,76716.0,76771.0,5.31987,285
2026-09-02 15:15:00+00:00,76780.0,77101.0,76780.0,76997.0,2.08221,193
2026-09-02 15:30:00+00:00,77002.0,77353.0,76963.0,77336.0,6.8998,261
2026-09-02 15:45:00+00:00,77329.0,77329.0,77086.0,77248.0,3.43771,261
2026-09-02 16:00:00+00:00,77241.0,77356.0,77174.0,77308.0,0.73664,166
2026-09-02 16:15:00+00:00,77312.0,77544.0,77291.0,77409.0,2.80551,207
2026-09-02 16:30:00+00:00,77435.0,77529.0,77245.0,77245.0,0.6135,178
2026-09-02 16:45:00+00:00,77248.0,77291.0,77146.0,77156.0,0.75889,161
2026-09-02 17:00:00+00:00,77174.0,77207.0,77023.0,77093.0,4.2387,215
2026-09-02 17:15:00+00:00,77092.0,77130.0,76934.0,77061.0,3.11622,256
2026-09-02 17:30:00+00:00,77064.0,77271.0,77044.0,77271.0,5.01354,262
2026-09-02 17:45:00+00:00,77271.0,77380.0,77271.0,77363.0,3.08802,201
2026-09-02 18:00:00+00:00,77362.0,77409.0,77297.0,77380.0,2.51252,194
2026-09-02 18:15:00+00:00,77410.0,77485.0,77366.0,77419.0,2.91866,206
2026-09-02 18:30:00+00:00,77433.0,77434.0,77267.0,77286.0,1.47736,199
2026-09-02 18:45:00+00:00,77295.0,77377.0,77268.0,77349.0,1.49931,187
2026-09-02 19:00:00+00:00,77342.0,77379.0,77300.0,77353.0,1.04891,187
2026-09-02 19:15:00+00:00,77359.0,77375.0,77159.0,77159.0,1.24964,172
2026-09-02 19:30:00+00:00,77140.0,77224.0,77100.0,77203.0,0.82719,167
2026-09-02 19:45:00+00:00,77206.0,77313.0,77139.0,77313.0,0.91816,208
2026-09-02 20:00:00+00:00,77300.0,77490.0,77268.0,77361.0,1.31193,226
2026-09-02 20:15:00+00:00,77336.0,77445.0,77186.0,77369.0,3.18717,204
2026-09-02 20:30:00+00:00,77360.0,77465.0,77303.0,77355.0,2.74652,188
2026-09-02 20:45:00+00:00,77338.0,77457.0,77286.0,77386.0,1.14104,205
2026-09-02 21:00:00+00:00,77385.0,77385.0,77292.0,77307.0,0.52363,204
2026-09-02 21:15:00+00:00,77308.0,77316.0,77224.0,77273.0,0.16531,199
2026-09-02 21:30:00+00:00,77267.0,77413.0,77229.0,77413.0,0.61703,183
2026-09-02 21:45:00+00:00,77402.0,77414.0,77252.0,77271.0,1.3779,187
2026-09-02 22:00:00+00:00,77262.0,77263.0,77056.0,77131.0,0.68027,207
2026-09-02 22:15:00+00:00,77143.0,77150.0,77004.0,77008.0,1.39033,238
2026-09-02 22:30:00+00:00,77007.0,77146.0,77007.0,77107.0,1.96944,242
2026-09-02 22:45:00+00:00,77101.0,77101.0,77011.0,77022.0,3.22757,238
2026-09-02 23:00:00+00:00,77025.0,77200.0,77000.0,77200.0,2.45619,222
2026-09-02 23:15:00+00:00,77199.0,77210.0,77128.0,77186.0,2.00932,226
2026-09-02 23:30:00+00:00,77175.0,77247.0,77103.0,77136.0,2.46287,226
2026-09-02 23:45:00+00:00,77145.0,77362.0,77145.0,77340.0,3.84511,227
2026-09-03 00:00:00+00:00,77335.0,77378.0,77163.0,77164.0,5.98856,288
2026-09-03 00:15:00+00:00,77163.0,77164.0,77032.0,77033.0,0.81971,182
2026-09-03 00:30:00+00:00,77032.0,77119.0,76984.0,77091.0,3.00568,232
2026-09-03 00:45:00+00:00,77091.0,77133.0,77027.0,77066.0,7.29354,212
2026-09-03 01:00:00+00:00,77056.0,77424.0,76965.0,77419.0,1.38729,217
2026-09-03 01:15:00+00:00,77402.0,77424.0,77281.0,77399.0,0.51607,192
2026-09-03 01:30:00+00:00,77423.0,77525.0,77305.0,77332.0,3.57054,245
2026-09-03 01:45:00+00:00,77328.0,77458.0,77270.0,77341.0,0.53338,193
2026-09-03 02:00:00+00:00,77341.0,77536.0,77221.0,77474.0,30.25522,306
2026-09-03 02:15:00+00:00,77491.0,77621.0,77430.0,77606.0,4.60027,242
2026-09-03 02:30:00+00:00,77606.0,77865.0,77556.0,77746.0,84.05989,828
2026-09-03 02:45:00+00:00,77734.0,77846.0,77720.0,77773.0,2.00081,191
2026-09-03 03:00:00+00:00,77783.0,77823.0,77669.0,77800.0,1.1217,204
2026-09-03 03:15:00+00:00,77796.0,77844.0,77685.0,77717.0,2.96905,265
2026-09-03 03:30:00+00:00,77709.0,77738.0,77611.0,77635.0,2.6343,245
2026-09-03 03:45:00+00:00,77635.0,77713.0,77609.0,77672.0,1.34007,187
2026-09-03 04:00:00+00:00,77672.0,77804.0,77598.0,77608.0,0.95837,200
2026-09-03 04:15:00+00:00,77609.0,77609.0,77522.0,77537.0,5.81931,253
2026-09-03 04:30:00+00:00,77536.0,77590.0,77519.0,77523.0,1.03806,195
2026-09-03 04:45:00+00:00,77524.0,77763.0,77524.0,77736.0,0.44625,176
2026-09-03 05:00:00+00:00,77742.0,77787.0,77579.0,77603.0,1.77577,213
2026-09-03 05:15:00+00:00,77604.0,77622.0,77071.0,77180.0,3.38453,369
2026-09-03 05:30:00+00:00,77149.0,77480.0,77147.0,77461.0,0.84683,253
2026-09-03 05:45:00+00:00,77436.0,77794.0,77389.0,77778.0,1.00605,212
2026-09-03 06:00:00+00:00,77782.0,77800.0,77673.0,77685.0,0.41593,189
2026-09-03 06:15:00+00:00,77701.0,77758.0,77676.0,77732.0,1.05357,202
2026-09-03 06:30:00+00:00,77716.0,77799.0,77693.0,77799.0,0.12356,168
2026-09-03 06:45:00+00:00,77800.0,77827.0,77752.0,77801.0,0.87304,215
2026-09-03 07:00:00+00:00,77792.0,78147.0,77779.0,78040.0,15.70193,860
2026-09-03 07:15:00+00:00,78035.0,78035.0,77856.0,77920.0,1.68557,207
2026-09-03 07:30:00+00:00,77908.0,78036.0,77827.0,77870.0,0.86259,198
2026-09-03 07:45:00+00:00,77863.0,77910.0,77571.0,77632.0,0.80258,230
2026-09-03 08:00:00+00:00,77635.0,78034.0,77635.0,77896.0,1.73989,259
2026-09-03 08:15:00+00:00,77900.0,77941.0,77801.0,77941.0,1.92379,217
2026-09-03 08:30:00+00:00,77960.0,77960.0,77840.0,77849.0,0.27427,168
2026-09-03 08:45:00+00:00,77846.0,77870.0,77733.0,77816.0,0.17466,153
2026-09-03 09:00:00+00:00,77810.0,77933.0,77770.0,77846.0,0.75609,166
2026-09-03 09:15:00+00:00,77825.0,77884.0,77722.0,77722.0,1.10645,206
2026-09-03 09:30:00+00:00,77720.0,77737.0,77633.0,77693.0,1.43866,219
2026-09-03 09:45:00+00:00,77696.0,77751.0,77579.0,77599.0,1.95569,227
2026-09-03 10:00:00+00:00,77577.0,77657.0,77528.0,77545.0,4.52193,343
2026-09-03 10:15:00+00:00,77557.0,77697.0,77519.0,77609.0,1.06179,236
2026-09-03 10:30:00+00:00,77608.0,77631.0,77455.0,77488.0,4.36903,230
2026-09-03 10:45:00+00:00,77509.0,77748.0,77504.0,77706.0,4.30698,205
2026-09-03 11:00:00+00:00,77722.0,77800.0,77687.0,77800.0,0.88285,143
2026-09-03 11:15:00+00:00,77799.0,77927.0,77799.0,77908.0,1.21738,137
2026-09-03 11:30:00+00:00,77933.0,77955.0,77829.0,77906.0,1.24171,152
2026-09-03 11:45:00+00:00,77939.0,77975.0,77858.0,77936.0,0.91889,126
2026-09-03 12:00:00+00:00,77914.0,78063.0,77872.0,78063.0,2.27259,193
2026-09-03 12:15:00+00:00,78056.0,78111.0,77922.0,77955.0,7.76841,203
2026-09-03 12:30:00+00:00,77953.0,78419.0,77953.0,78292.0,7.4279,327
2026-09-03 12:45:00+00:00,78292.0,78751.0,78239.0,78625.0,5.5534,302
2026-09-03 13:00:00+00:00,78622.0,78677.0,78500.0,78534.0,2.77822,174
2026-09-03 13:15:00+00:00,78538.0,78588.0,78434.0,78473.0,1.65396,154
2026-09-03 13:30:00+00:00,78484.0,78895.0,78448.0,78887.0,1.56955,200
2026-09-03 13:45:00+00:00,78895.0,78963.0,78720.0,78820.0,7.30128,258
2026-09-03 14:00:00+00:00,78801.0,78971.0,78695.0,78955.0,7.22711,181
2026-09-03 14:15:00+00:00,78973.0,79650.0,78973.0,79650.0,10.62289,494
2026-09-03 14:30:00+00:00,79631.0,79855.0,79587.0,79741.0,17.57881,434
2026-09-03 14:45:00+00:00,79764.0,80554.0,79764.0,80554.0,25.74882,793
2026-09-03 15:00:00+00:00,80546.0,80944.0,80374.0,80581.0,21.78799,736
2026-09-03 15:15:00+00:00,80579.0,80785.0,80482.0,80732.0,3.17745,273
2026-09-03 15:30:00+00:00,80748.0,80999.0,80701.0,80926.0,6.72982,306
2026-09-03 15:45:00+00:00,80879.0,81382.0,80749.0,81360.0,24.84463,643
2026-09-03 16:00:00+00:00,81360.0,81381.0,80807.0,80955.0,14.51107,554
2026-09-03 16:15:00+00:00,80955.0,80955.0,80631.0,80745.0,18.2483,532
2026-09-03 16:30:00+00:00,80772.0,80952.0,80758.0,80809.0,17.08823,463
2026-09-03 16:45:00+00:00,80805.0,81039.0,80781.0,80967.0,16.247,454
2026-09-03 17:00:00+00:00,80967.0,81104.0,80886.0,81096.0,11.65176,418
2026-09-03 17:15:00+00:00,81109.0,81151.0,80941.0,80995.0,6.81884,406
2026-09-03 17:30:00+00:00,81020.0,81176.0,81002.0,81083.0,2.49618,254
2026-09-03 17:45:00+00:00,81064.0,81200.0,81017.0,81049.0,12.95906,298
2026-09-03 18:00:00+00:00,81060.0,81350.0,81045.0,81295.0,3.43612,305
2026-09-03 18:15:00+00:00,81264.0,81296.0,80960.0,80964.0,2.23824,337
2026-09-03 18:30:00+00:00,80963.0,81049.0,80919.0,80995.0,2.07356,209
2026-09-03 18:45:00+00:00,80996.0,81275.0,80969.0,81263.0,4.34158,197
2026-09-03 19:00:00+00:00,81262.0,81602.0,81183.0,81200.0,4.57943,323
2026-09-03 19:15:00+00:00,81197.0,81604.0,81189.0,81548.0,3.42104,235
2026-09-03 19:30:00+00:00,81550.0,81613.0,81398.0,81552.0,5.51115,238
2026-09-03 19:45:00+00:00,81561.0,81788.0,81468.0,81747.0,10.1125,355
2026-09-03 20:00:00+00:00,81781.0,81781.0,81416.0,81447.0,3.07613,243
2026-09-03 20:15:00+00:00,81449.0,81600.0,81400.0,81560.0,7.32734,200
2026-09-03 20:30:00+00:00,81560.0,81629.0,81417.0,81478.0,2.82973,165
2026-09-03 20:45:00+00:00,81479.0,81578.0,81413.0,81473.0,1.40767,143
2026-09-03 21:00:00+00:00,81473.0,81631.0,81311.0,81627.0,2.77385,230
2026-09-03 21:15:00+00:00,81610.0,81785.0,81528.0,81756.0,2.2394,156
2026-09-03 21:30:00+00:00,81794.0,82290.0,81539.0,81539.0,14.9044,584
2026-09-03 21:45:00+00:00,81531.0,81757.0,81445.0,81604.0,5.75842,190
2026-09-03 22:00:00+00:00,81626.0,81626.0,81292.0,81391.0,3.08014,155
2026-09-03 22:15:00+00:00,81403.0,81415.0,81146.0,81147.0,9.20472,253
2026-09-03 22:30:00+00:00,81146.0,81276.0,80933.0,81217.0,28.30772,501
2026-09-03 22:45:00+00:00,81231.0,81295.0,81096.0,81180.0,6.10011,205
2026-09-03 23:00:00+00:00,81180.0,81246.0,81100.0,81224.0,9.53568,223
2026-09-03 23:15:00+00:00,81185.0,81290.0,81177.0,81290.0,3.76482,166
2026-09-03 23:30:00+00:00,81240.0,81341.0,81146.0,81243.0,3.22598,204
2026-09-03 23:45:00+00:00,81245.0,81323.0,81191.0,81284.0,2.39824,137
2026-09-04 00:00:00+00:00,81283.0,81284.0,81091.0,81250.0,6.56451,221
2026-09-04 00:15:00+00:00,81284.0,81357.0,81156.0,81172.0,2.11745,172
2026-09-04 00:30:00+00:00,81156.0,81438.0,81154.0,81215.0,3.95166,164
2026-09-04 00:45:00+00:00,81247.0,81258.0,80977.0,80984.0,1.56517,151
2026-09-04 01:00:00+00:00,80993.0,81100.0,80917.0,80942.0,17.44062,236
2026-09-04 01:15:00+00:00,80941.0,81025.0,80800.0,80836.0,12.01182,227
2026-09-04 01:30:00+00:00,80825.0,80937.0,80785.0,80794.0,1.4992,143
2026-09-04 01:45:00+00:00,80791.0,81031.0,80790.0,80980.0,0.97427,141
2026-09-04 02:00:00+00:00,80970.0,80973.0,80784.0,80796.0,4.25518,169
2026-09-04 02:15:00+00:00,80811.0,80868.0,80699.0,80713.0,3.03056,172
2026-09-04 02:30:00+00:00,80724.0,80851.0,80700.0,80764.0,0.98668,136
2026-09-04 02:45:00+00:00,80742.0,80843.0,80667.0,80834.0,3.82025,191
2026-09-04 03:00:00+00:00,80846.0,81030.0,80846.0,80943.0,1.05739,138
2026-09-04 03:15:00+00:00,80933.0,80954.0,80840.0,80841.0,3.26384,148
2026-09-04 03:30:00+00:00,80876.0,80907.0,80806.0,80907.0,21.18315,279
2026-09-04 03:45:00+00:00,80902.0,80998.0,80878.0,80878.0,2.71727,184
2026-09-04 04:00:00+00:00,80860.0,80994.0,80837.0,80991.0,2.94676,149
2026-09-04 04:15:00+00:00,80988.0,81328.0,80978.0,81298.0,29.67437,341
2026-09-04 04:30:00+00:00,81298.0,81305.0,81058.0,81061.0,13.56108,344
2026-09-04 04:45:00+00:00,81060.0,81161.0,81049.0,81091.0,2.2887,160
2026-09-04 05:00:00+00:00,81068.0,81100.0,81002.0,81010.0,0.80858,154
2026-09-04 05:15:00+00:00,81001.0,81163.0,80970.0,81064.0,1.85595,178
2026-09-04 05:30:00+00:00,81023.0,81034.0,80928.0,80991.0,0.67992,127
2026-09-04 05:45:00+00:00,81006.0,81075.0,80881.0,81011.0,1.67186,178
2026-09-04 06:00:00+00:00,81006.0,81109.0,80931.0,81031.0,2.41048,202
2026-09-04 06:15:00+00:00,81025.0,81048.0,80706.0,80725.0,1.94731,200
2026-09-04 06:30:00+00:00,80741.0,80861.0,80600.0,80857.0,2.34894,215
2026-09-04 06:45:00+00:00,80855.0,80864.0,80699.0,80793.0,7.67769,187
2026-09-04 07:00:00+00:00,80805.0,80950.0,80802.0,80937.0,2.36554,185
2026-09-04 07:15:00+00:00,80930.0,80950.0,80849.0,80850.0,1.50882,165
2026-09-04 07:30:00+00:00,80887.0,80918.0,80753.0,80790.0,6.5843,200
2026-09-04 07:45:00+00:00,80793.0,80793.0,80660.0,80661.0,8.0642,229
2026-09-04 08:00:00+00:00,80660.0,80761.0,80529.0,80735.0,8.61209,237
2026-09-04 08:15:00+00:00,80765.0,80986.0,80765.0,80985.0,2.23452,145
2026-09-04 08:30:00+00:00,80986.0,81148.0,80979.0,81053.0,1.58544,162
2026-09-04 08:45:00+00:00,81047.0,81227.0,81027.0,81146.0,2.45583,200
2026-09-04 09:00:00+00:00,81151.0,81226.0,81091.0,81100.0,2.65568,278
2026-09-04 09:15:00+00:00,81094.0,81299.0,80952.0,81058.0,3.5755,278
2026-09-04 09:30:00+00:00,81048.0,81218.0,80998.0,81173.0,2.71846,234
2026-09-04 09:45:00+00:00,81166.0,81221.0,81029.0,81060.0,0.92338,182
2026-09-04 10:00:00+00:00,81052.0,81133.0,80907.0,80947.0,3.54958,200
2026-09-04 10:15:00+00:00,80963.0,80984.0,80835.0,80967.0,3.49891,271
2026-09-04 10:30:00+00:00,80955.0,81128.0,80925.0,81074.0,8.72328,243
2026-09-04 10:45:00+00:00,81075.0,81191.0,81041.0,81190.0,4.5436,246
2026-09-04 11:00:00+00:00,81191.0,81215.0,81079.0,81192.0,4.72621,252
2026-09-04 11:15:00+00:00,81205.0,81399.0,81132.0,81333.0,7.81665,349
2026-09-04 11:30:00+00:00,81298.0,81318.0,81200.0,81245.0,3.92204,220
2026-09-04 11:45:00+00:00,81279.0,81327.0,81206.0,81207.0,1.88044,151
2026-09-04 12:00:00+00:00,81225.0,81273.0,81121.0,81227.0,17.24799,242
2026-09-04 12:15:00+00:00,81216.0,81337.0,81118.0,81337.0,5.44379,169
2026-09-04 12:30:00+00:00,81287.0,81287.0,79453.0,79738.0,43.40968,1655
2026-09-04 12:45:00+00:00,79700.0,79701.0,79210.0,79455.0,42.2193,696
2026-09-04 13:00:00+00:00,79451.0,79570.0,79178.0,79225.0,17.00826,377
2026-09-04 13:15:00+00:00,79234.0,79476.0,79211.0,79315.0,4.05944,225
2026-09-04 13:30:00+00:00,79317.0,79526.0,78983.0,79409.0,12.29703,413
2026-09-04 13:45:00+00:00,79399.0,79697.0,79282.0,79405.0,4.90744,292
2026-09-04 14:00:00+00:00,79382.0,79570.0,79262.0,79424.0,11.94059,376
2026-09-04 14:15:00+00:00,79432.0,79516.0,79101.0,79388.0,2.56754,305
2026-09-04 14:30:00+00:00,79384.0,79483.0,78890.0,79020.0,17.02054,484
2026-09-04 14:45:00+00:00,79033.0,79147.0,78661.0,78909.0,5.68796,664
2026-09-04 15:00:00+00:00,78910.0,79186.0,78800.0,79186.0,1.93833,407
2026-09-04 15:15:00+00:00,79189.0,79424.0,79168.0,79403.0,10.42356,274
2026-09-04 15:30:00+00:00,79416.0,79549.0,79369.0,79532.0,6.21013,312
2026-09-04 15:45:00+00:00,79538.0,79563.0,79419.0,79442.0,5.88161,313
2026-09-04 16:00:00+00:00,79435.0,79530.0,79401.0,79475.0,2.11373,249
2026-09-04 16:15:00+00:00,79466.0,79569.0,79457.0,79550.0,2.28936,222
2026-09-04 16:30:00+00:00,79560.0,79879.0,79551.0,79872.0,8.49151,324
2026-09-04 16:45:00+00:00,79869.0,79889.0,79751.0,79766.0,2.47832,211
2026-09-04 17:00:00+00:00,79765.0,79765.0,79645.0,79647.0,3.05122,219
2026-09-04 17:15:00+00:00,79628.0,79699.0,79541.0,79542.0,22.0172,360
2026-09-04 17:30:00+00:00,79550.0,79614.0,79475.0,79526.0,3.45339,200
2026-09-04 17:45:00+00:00,79504.0,79558.0,79433.0,79501.0,1.52446,187
2026-09-04 18:00:00+00:00,79500.0,79624.0,79500.0,79561.0,3.39132,215
2026-09-04 18:15:00+00:00,79566.0,79651.0,79563.0,79565.0,13.15696,228
2026-09-04 18:30:00+00:00,79566.0,79685.0,79566.0,79672.0,9.56406,197
2026-09-04 18:45:00+00:00,79666.0,79697.0,79624.0,79650.0,10.60073,211
2026-09-04 19:00:00+00:00,79655.0,79768.0,79655.0,79737.0,2.7646,189
2026-09-04 19:15:00+00:00,79737.0,79837.0,79724.0,79836.0,3.6797,167
2026-09-04 19:30:00+00:00,79824.0,79824.0,79653.0,79712.0,1.67773,155
2026-09-04 19:45:00+00:00,79712.0,79832.0,79679.0,79832.0,0.59198,145
2026-09-04 20:00:00+00:00,79804.0,79882.0,79789.0,79842.0,1.67378,176
2026-09-04 20:15:00+00:00,79841.0,79866.0,79766.0,79769.0,2.71874,172
2026-09-04 20:30:00+00:00,79768.0,79797.0,79709.0,79720.0,5.30949,165
2026-09-04 20:45:00+00:00,79719.0,79793.0,79684.0,79712.0,3.85713,202
2026-09-04 21:00:00+00:00,79723.0,79814.0,79723.0,79788.0,0.31397,140
2026-09-04 21:15:00+00:00,79787.0,79832.0,79751.0,79797.0,0.10087,147
2026-09-04 21:30:00+00:00,79802.0,79843.0,79768.0,79798.0,1.1532,179
2026-09-04 21:45:00+00:00,79793.0,79823.0,79552.0,79669.0,1.87723,217
2026-09-04 22:00:00+00:00,79654.0,79720.0,79654.0,79715.0,3.27137,273
2026-09-04 22:15:00+00:00,79687.0,79740.0,79672.0,79730.0,2.27109,225
2026-09-04 22:30:00+00:00,79733.0,79740.0,79687.0,79687.0,1.41501,219
2026-09-04 22:45:00+00:00,79687.0,79710.0,79635.0,79658.0,4.11341,252
2026-09-04 23:00:00+00:00,79643.0,79667.0,79614.0,79632.0,1.82606,194
2026-09-04 23:15:00+00:00,79633.0,79782.0,79628.0,79743.0,1.61837,213
2026-09-04 23:30:00+00:00,79744.0,79744.0,79684.0,79684.0,1.62062,192
2026-09-04 23:45:00+00:00,79685.0,79685.0,79637.0,79669.0,2.78733,204
2026-09-05 00:00:00+00:00,79669.0,79733.0,79632.0,79685.0,2.39691,206
2026-09-05 00:15:00+00:00,79684.0,79685.0,79613.0,79668.0,1.40191,187
2026-09-05 00:30:00+00:00,79668.0,79704.0,79645.0,79649.0,0.21826,210
2026-09-05 00:45:00+00:00,79649.0,79665.0,79571.0,79596.0,2.51156,252
2026-09-05 01:00:00+00:00,79603.0,79699.0,79570.0,79639.0,0.74592,200
2026-09-05 01:15:00+00:00,79639.0,79709.0,79613.0,79708.0,0.3658,182
2026-09-05 01:30:00+00:00,79697.0,79728.0,79620.0,79653.0,0.79302,204
2026-09-05 01:45:00+00:00,79654.0,79683.0,79555.0,79556.0,0.66646,201
2026-09-05 02:00:00+00:00,79553.0,79596.0,79503.0,79582.0,1.41139,205
2026-09-05 02:15:00+00:00,79582.0,79613.0,79526.0,79539.0,0.76576,200
2026-09-05 02:30:00+00:00,79540.0,79647.0,79540.0,79633.0,3.16848,224
2026-09-05 02:45:00+00:00,79632.0,79632.0,79549.0,79589.0,0.82724,168
2026-09-05 03:00:00+00:00,79589.0,79590.0,79542.0,79572.0,0.1227,172
2026-09-05 03:15:00+00:00,79575.0,79631.0,79575.0,79596.0,0.16878,170
2026-09-05 03:30:00+00:00,79613.0,79651.0,79604.0,79651.0,0.65781,161
2026-09-05 03:45:00+00:00,79650.0,79654.0,79596.0,79604.0,1.20408,164
2026-09-05 04:00:00+00:00,79605.0,79612.0,79531.0,79557.0,0.84452,180
2026-09-05 04:15:00+00:00,79557.0,79595.0,79556.0,79568.0,1.55919,178
2026-09-05 04:30:00+00:00,79568.0,79575.0,79539.0,79552.0,3.17795,195
2026-09-05 04:45:00+00:00,79551.0,79578.0,79510.0,79510.0,1.68607,173
2026-09-05 05:00:00+00:00,79510.0,79581.0,79459.0,79575.0,7.27618,262
2026-09-05 05:15:00+00:00,79574.0,79606.0,79530.0,79605.0,1.02861,198
2026-09-05 05:30:00+00:00,79605.0,79611.0,79532.0,79534.0,1.19248,199
2026-09-05 05:45:00+00:00,79535.0,79624.0,79511.0,79595.0,1.85976,185
2026-09-05 06:00:00+00:00,79596.0,79661.0,79592.0,79644.0,2.34474,184
2026-09-05 06:15:00+00:00,79643.0,79672.0,79632.0,79666.0,0.36116,167
2026-09-05 06:30:00+00:00,79673.0,79736.0,79648.0,79680.0,0.53628,157
2026-09-05 06:45:00+00:00,79680.0,79705.0,79672.0,79677.0,0.17962,145
2026-09-05 07:00:00+00:00,79677.0,79724.0,79677.0,79710.0,2.00286,204
2026-09-05 07:15:00+00:00,79709.0,79742.0,79696.0,79742.0,0.68975,142
2026-09-05 07:30:00+00:00,79742.0,79767.0,79720.0,79743.0,0.19889,151
2026-09-05 07:45:00+00:00,79753.0,79780.0,79720.0,79733.0,0.28718,142
2026-09-05 08:00:00+00:00,79720.0,79721.0,79669.0,79681.0,4.63871,215
2026-09-05 08:15:00+00:00,79681.0,79751.0,79650.0,79670.0,2.13621,185
2026-09-05 08:30:00+00:00,79670.0,79670.0,79600.0,79652.0,1.63529,159
2026-09-05 08:45:00+00:00,79653.0,79694.0,79626.0,79678.0,0.51654,140
2026-09-05 09:00:00+00:00,79679.0,79758.0,79670.0,79746.0,0.56956,155
2026-09-05 09:15:00+00:00,79734.0,79734.0,79711.0,79718.0,0.09009,127
2026-09-05 09:30:00+00:00,79717.0,79719.0,79693.0,79707.0,6.77121,173
2026-09-05 09:45:00+00:00,79694.0,79694.0,79647.0,79647.0,3.80437,177
2026-09-05 10:00:00+00:00,79647.0,79652.0,79638.0,79640.0,0.80996,144
2026-09-05 10:15:00+00:00,79639.0,79689.0,79624.0,79634.0,6.07302,150
2026-09-05 10:30:00+00:00,79640.0,79691.0,79618.0,79624.0,0.37732,136
2026-09-05 10:45:00+00:00,79622.0,79682.0,79608.0,79626.0,3.33904,155
2026-09-05 11:00:00+00:00,79630.0,79685.0,79630.0,79671.0,2.07992,195
2026-09-05 11:15:00+00:00,79666.0,79666.0,79641.0,79651.0,3.451,185
2026-09-05 11:30:00+00:00,79649.0,79669.0,79645.0,79646.0,0.99979,157
2026-09-05 11:45:00+00:00,79646.0,79696.0,79632.0,79635.0,0.76129,133
2026-09-05 12:00:00+00:00,79635.0,79696.0,79632.0,79680.0,0.04978,134
2026-09-05 12:15:00+00:00,79679.0,79697.0,79670.0,79687.0,1.11462,158
2026-09-05 12:30:00+00:00,79687.0,79791.0,79639.0,79745.0,1.00018,148
2026-09-05 12:45:00+00:00,79750.0,79787.0,79723.0,79723.0,0.97743,163
2026-09-05 13:00:00+00:00,79730.0,79735.0,79681.0,79735.0,1.9381,157
2026-09-05 13:15:00+00:00,79742.0,79784.0,79700.0,79769.0,0.69144,153
2026-09-05 13:30:00+00:00,79768.0,79775.0,79652.0,79664.0,2.88121,186
2026-09-05 13:45:00+00:00,79679.0,79708.0,79561.0,79625.0,1.17909,155
2026-09-05 14:00:00+00:00,79644.0,79703.0,79644.0,79671.0,1.52149,175
2026-09-05 14:15:00+00:00,79684.0,79743.0,79683.0,79735.0,0.24795,170
2026-09-05 14:30:00+00:00,79735.0,79757.0,79708.0,79717.0,2.29256,212
2026-09-05 14:45:00+00:00,79742.0,79767.0,79730.0,79752.0,0.41914,180
2026-09-05 15:00:00+00:00,79735.0,79769.0,79718.0,79733.0,0.20172,174
2026-09-05 15:15:00+00:00,79732.0,79783.0,79686.0,79695.0,6.37085,206
2026-09-05 15:30:00+00:00,79717.0,79772.0,79702.0,79763.0,0.95419,114
2026-09-05 15:45:00+00:00,79753.0,79819.0,79741.0,79809.0,1.99759,117
2026-09-05 16:00:00+00:00,79805.0,79850.0,79770.0,79777.0,4.30705,151
2026-09-05 16:15:00+00:00,79787.0,79909.0,79782.0,79902.0,1.62395,185
2026-09-05 16:30:00+00:00,79906.0,79988.0,79905.0,79953.0,0.6324,183
2026-09-05 16:45:00+00:00,79953.0,80202.0,79940.0,80051.0,7.36951,255
2026-09-05 17:00:00+00:00,80052.0,80147.0,80021.0,80125.0,1.88395,190
2026-09-05 17:15:00+00:00,80135.0,80141.0,79983.0,80038.0,9.51014,263
2026-09-05 17:30:00+00:00,80038.0,80141.0,80001.0,80056.0,1.40501,136
2026-09-05 17:45:00+00:00,80069.0,80105.0,80031.0,80079.0,6.62141,205
2026-09-05 18:00:00+00:00,80061.0,80091.0,79983.0,80011.0,1.42629,163
2026-09-05 18:15:00+00:00,80011.0,80037.0,79971.0,79972.0,0.09459,150
2026-09-05 18:30:00+00:00,79971.0,80063.0,79946.0,79961.0,2.85414,207
2026-09-05 18:45:00+00:00,79961.0,80015.0,79938.0,80004.0,1.16118,221
2026-09-05 19:00:00+00:00,79987.0,79987.0,79938.0,79940.0,1.09015,229
2026-09-05 19:15:00+00:00,79950.0,79989.0,79910.0,79965.0,0.34294,195
2026-09-05 19:30:00+00:00,79965.0,79979.0,79759.0,79854.0,1.66477,210
2026-09-05 19:45:00+00:00,79859.0,79860.0,79716.0,79759.0,0.20855,158
2026-09-05 20:00:00+00:00,79759.0,79843.0,79721.0,79743.0,0.30117,173
2026-09-05 20:15:00+00:00,79748.0,79844.0,79701.0,79727.0,2.06367,197
2026-09-05 20:30:00+00:00,79745.0,79792.0,79700.0,79792.0,0.49621,165
2026-09-05 20:45:00+00:00,79788.0,79797.0,79738.0,79744.0,0.68642,155
2026-09-05 21:00:00+00:00,79745.0,79807.0,79728.0,79789.0,0.55203,163
2026-09-05 21:15:00+00:00,79788.0,79888.0,79788.0,79857.0,0.28743,162
2026-09-05 21:30:00+00:00,79858.0,79937.0,79841.0,79925.0,0.29354,167
2026-09-05 21:45:00+00:00,79921.0,79940.0,79864.0,79919.0,3.71639,244
2026-09-05 22:00:00+00:00,79939.0,79952.0,79866.0,79930.0,0.53918,221
2026-09-05 22:15:00+00:00,79930.0,79958.0,79801.0,79801.0,1.19702,174
2026-09-05 22:30:00+00:00,79832.0,79874.0,79784.0,79785.0,3.20858,223
2026-09-05 22:45:00+00:00,79784.0,79817.0,79767.0,79801.0,0.38081,156
2026-09-05 23:00:00+00:00,79794.0,79794.0,79726.0,79750.0,1.42722,186
2026-09-05 23:15:00+00:00,79756.0,79832.0,79753.0,79807.0,3.91701,211
2026-09-05 23:30:00+00:00,79807.0,79845.0,79730.0,79815.0,0.79428,160
2026-09-05 23:45:00+00:00,79815.0,79907.0,79782.0,79833.0,2.22836,179
2026-09-06 00:00:00+00:00,79832.0,79922.0,79816.0,79914.0,4.08544,209
2026-09-06 00:15:00+00:00,79908.0,79945.0,79872.0,79933.0,0.69068,162
2026-09-06 00:30:00+00:00,79932.0,79933.0,79877.0,79878.0,0.10012,145
2026-09-06 00:45:00+00:00,79878.0,79931.0,79862.0,79871.0,0.30904,149
2026-09-06 01:00:00+00:00,79888.0,80003.0,79885.0,79966.0,0.22325,183
2026-09-06 01:15:00+00:00,79966.0,79992.0,79900.0,79921.0,0.50791,189
2026-09-06 01:30:00+00:00,79920.0,80063.0,79919.0,79983.0,0.97306,205
2026-09-06 01:45:00+00:00,79982.0,80024.0,79939.0,79954.0,1.20702,195
2026-09-06 02:00:00+00:00,79958.0,80014.0,79900.0,79999.0,3.81966,205
2026-09-06 02:15:00+00:00,80000.0,80000.0,79907.0,79927.0,1.02501,188
2026-09-06 02:30:00+00:00,79914.0,79949.0,79882.0,79883.0,0.25691,165
2026-09-06 02:45:00+00:00,79887.0,79913.0,79872.0,79909.0,2.1407,219
2026-09-06 03:00:00+00:00,79915.0,79929.0,79900.0,79928.0,1.60383,210
2026-09-06 03:15:00+00:00,79939.0,79966.0,79894.0,79899.0,0.5294,201
2026-09-06 03:30:00+00:00,79900.0,80109.0,79900.0,80108.0,0.98173,188
2026-09-06 03:45:00+00:00,80111.0,80112.0,80000.0,80027.0,0.2041,155
2026-09-06 04:00:00+00:00,80027.0,80032.0,79959.0,79981.0,3.75696,201
2026-09-06 04:15:00+00:00,79981.0,80000.0,79900.0,79924.0,3.14149,191
2026-09-06 04:30:00+00:00,79925.0,79925.0,79910.0,79924.0,0.20643,145
2026-09-06 04:45:00+00:00,79924.0,79930.0,79871.0,79872.0,12.22201,240
2026-09-06 05:00:00+00:00,79871.0,79910.0,79805.0,79815.0,9.73591,275
2026-09-06 05:15:00+00:00,79816.0,79897.0,79807.0,79864.0,0.76085,157
2026-09-06 05:30:00+00:00,79864.0,80118.0,79864.0,80041.0,0.51105,157
2026-09-06 05:45:00+00:00,80040.0,80047.0,79960.0,79997.0,1.34146,185
2026-09-06 06:00:00+00:00,80010.0,80010.0,79938.0,79942.0,0.5532,179
2026-09-06 06:15:00+00:00,79942.0,79944.0,79838.0,79845.0,0.1645,131
2026-09-06 06:30:00+00:00,79845.0,79865.0,79794.0,79817.0,0.27113,151
2026-09-06 06:45:00+00:00,79831.0,79831.0,79704.0,79782.0,3.16564,187
2026-09-06 07:00:00+00:00,79787.0,79810.0,79620.0,79697.0,5.43234,202
2026-09-06 07:15:00+00:00,79694.0,79872.0,79694.0,79859.0,1.46809,164
2026-09-06 07:30:00+00:00,79830.0,79867.0,79799.0,79858.0,4.73032,217
2026-09-06 07:45:00+00:00,79839.0,79869.0,79818.0,79818.0,0.59158,141
2026-09-06 08:00:00+00:00,79819.0,79904.0,79819.0,79888.0,0.1747,139
2026-09-06 08:15:00+00:00,79889.0,79889.0,79812.0,79812.0,1.63055,161
2026-09-06 08:30:00+00:00,79811.0,79824.0,79779.0,79799.0,0.1501,134
2026-09-06 08:45:00+00:00,79798.0,79897.0,79769.0,79863.0,0.13491,152
2026-09-06 09:00:00+00:00,79864.0,79952.0,79826.0,79952.0,1.24241,197
2026-09-06 09:15:00+00:00,79951.0,80005.0,79932.0,80005.0,2.6234,194
2026-09-06 09:30:00+00:00,80004.0,80009.0,79861.0,79884.0,4.31348,245
2026-09-06 09:45:00+00:00,79879.0,79900.0,79867.0,79900.0,1.91281,229
2026-09-06 10:00:00+00:00,79900.0,79965.0,79900.0,79940.0,2.57065,225
2026-09-06 10:15:00+00:00,79940.0,79999.0,79939.0,79983.0,5.62889,275
2026-09-06 10:30:00+00:00,79984.0,80020.0,79984.0,80020.0,2.75557,190
2026-09-06 10:45:00+00:00,80020.0,80033.0,79983.0,80008.0,0.88917,161
2026-09-06 11:00:00+00:00,80008.0,80013.0,79926.0,79989.0,1.67652,193
2026-09-06 11:15:00+00:00,79988.0,79998.0,79909.0,79909.0,0.68453,181
2026-09-06 11:30:00+00:00,79908.0,79981.0,79898.0,79968.0,1.09319,187
2026-09-06 11:45:00+00:00,79964.0,79978.0,79910.0,79925.0,6.63849,250
2026-09-06 12:00:00+00:00,79925.0,79958.0,79884.0,79943.0,0.57323,186
2026-09-06 12:15:00+00:00,79943.0,80023.0,79943.0,79989.0,3.26586,197
2026-09-06 12:30:00+00:00,79988.0,80011.0,79955.0,79955.0,2.17953,167
2026-09-06 12:45:00+00:00,79955.0,80014.0,79926.0,79927.0,2.04721,171
2026-09-06 13:00:00+00:00,79926.0,79972.0,79887.0,79900.0,0.32735,172
2026-09-06 13:15:00+00:00,79901.0,79901.0,79814.0,79814.0,1.15423,150
2026-09-06 13:30:00+00:00,79813.0,79861.0,79759.0,79802.0,2.19929,171
2026-09-06 13:45:00+00:00,79801.0,79850.0,79785.0,79834.0,1.90814,146
2026-09-06 14:00:00+00:00,79830.0,79846.0,79750.0,79751.0,0.11604,132
2026-09-06 14:15:00+00:00,79754.0,79790.0,79610.0,79665.0,0.64744,183
2026-09-06 14:30:00+00:00,79664.0,79723.0,79237.0,79717.0,31.05738,531
2026-09-06 14:45:00+00:00,79703.0,79708.0,79532.0,79540.0,0.43993,185
2026-09-06 15:00:00+00:00,79546.0,79569.0,79385.0,79533.0,1.11226,259
2026-09-06 15:15:00+00:00,79534.0,79653.0,79532.0,79622.0,1.22294,203
2026-09-06 15:30:00+00:00,79621.0,79707.0,79589.0,79682.0,1.20582,219
2026-09-06 15:45:00+00:00,79686.0,79723.0,79657.0,79710.0,1.30872,195
2026-09-06 16:00:00+00:00,79709.0,79733.0,79598.0,79691.0,3.33535,227
2026-09-06 16:15:00+00:00,79698.0,79724.0,79630.0,79707.0,1.02912,199
2026-09-06 16:30:00+00:00,79702.0,79770.0,79679.0,79719.0,2.38786,223
2026-09-06 16:45:00+00:00,79705.0,79719.0,79635.0,79684.0,1.57265,193
2026-09-06 17:00:00+00:00,79684.0,79684.0,79581.0,79624.0,0.34884,166
2026-09-06 17:15:00+00:00,79623.0,79770.0,79623.0,79693.0,0.37506,178
2026-09-06 17:30:00+00:00,79689.0,79765.0,79672.0,79752.0,0.261,148
2026-09-06 17:45:00+00:00,79738.0,79765.0,79730.0,79737.0,4.11335,207
2026-09-06 18:00:00+00:00,79737.0,79866.0,79737.0,79857.0,2.34101,231
2026-09-06 18:15:00+00:00,79842.0,79914.0,79831.0,79914.0,1.48371,215
2026-09-06 18:30:00+00:00,79913.0,79959.0,79913.0,79929.0,0.96025,215
2026-09-06 18:45:00+00:00,79949.0,79956.0,79905.0,79941.0,1.28901,191
2026-09-06 19:00:00+00:00,79941.0,79942.0,79883.0,79883.0,9.25657,243
2026-09-06 19:15:00+00:00,79884.0,79884.0,79837.0,79847.0,2.04621,193
2026-09-06 19:30:00+00:00,79847.0,79847.0,79799.0,79800.0,2.44922,199
2026-09-06 19:45:00+00:00,79800.0,79827.0,79794.0,79826.0,1.26781,165
2026-09-06 20:00:00+00:00,79826.0,79826.0,79776.0,79811.0,1.03149,177
2026-09-06 20:15:00+00:00,79810.0,79953.0,79806.0,79935.0,0.38653,171
2026-09-06 20:30:00+00:00,79935.0,79962.0,79904.0,79953.0,1.37695,230
2026-09-06 20:45:00+00:00,79952.0,79973.0,79893.0,79894.0,0.51346,207
2026-09-06 21:00:00+00:00,79894.0,80002.0,79894.0,80002.0,1.37044,192
2026-09-06 21:15:00+00:00,80000.0,80035.0,79891.0,79892.0,0.82039,174
2026-09-06 21:30:00+00:00,79891.0,79982.0,79868.0,79909.0,1.11615,175
2026-09-06 21:45:00+00:00,79935.0,80002.0,79892.0,79940.0,6.32077,235
2026-09-06 22:00:00+00:00,79941.0,79941.0,79689.0,79738.0,11.78895,384
2026-09-06 22:15:00+00:00,79738.0,79818.0,79644.0,79817.0,9.01957,299
2026-09-06 22:30:00+00:00,79818.0,80000.0,79807.0,79964.0,2.0044,215
2026-09-06 22:45:00+00:00,79958.0,80078.0,79935.0,80045.0,3.41581,244
2026-09-06 23:00:00+00:00,80047.0,80325.0,80020.0,80184.0,14.41706,322
2026-09-06 23:15:00+00:00,80183.0,80275.0,80096.0,80120.0,2.6376,171
2026-09-06 23:30:00+00:00,80120.0,80467.0,80120.0,80382.0,4.37796,263
2026-09-06 23:45:00+00:00,80392.0,80530.0,80312.0,80339.0,2.88307,225
2026-09-07 00:00:00+00:00,80338.0,80424.0,80235.0,80334.0,1.00475,206
2026-09-07 00:15:00+00:00,80334.0,80336.0,80061.0,80198.0,1.028,219
2026-09-07 00:30:00+00:00,80199.0,80272.0,80100.0,80130.0,0.88095,196
2026-09-07 00:45:00+00:00,80131.0,80185.0,80069.0,80108.0,1.27185,197
2026-09-07 01:00:00+00:00,80135.0,80221.0,79947.0,79958.0,1.02181,183
2026-09-07 01:15:00+00:00,79958.0,80005.0,79849.0,79912.0,4.52354,206
2026-09-07 01:30:00+00:00,79897.0,79981.0,79826.0,79842.0,2.34597,186
2026-09-07 01:45:00+00:00,79847.0,79966.0,79825.0,79924.0,0.23951,172
2026-09-07 02:00:00+00:00,79920.0,79931.0,79792.0,79828.0,0.31621,167
2026-09-07 02:15:00+00:00,79827.0,80036.0,79827.0,80022.0,3.06078,219
2026-09-07 02:30:00+00:00,80023.0,80401.0,79988.0,80245.0,6.14676,306
2026-09-07 02:45:00+00:00,80245.0,80269.0,79819.0,79859.0,0.77595,250
2026-09-07 03:00:00+00:00,79876.0,79976.0,79758.0,79781.0,2.47783,296
2026-09-07 03:15:00+00:00,79781.0,79826.0,79719.0,79719.0,2.49446,230
2026-09-07 03:30:00+00:00,79720.0,79755.0,79599.0,79629.0,3.62166,255
2026-09-07 03:45:00+00:00,79633.0,79681.0,79575.0,79587.0,0.61779,175
2026-09-07 04:00:00+00:00,79588.0,79673.0,79563.0,79673.0,2.07812,201
2026-09-07 04:15:00+00:00,79680.0,79689.0,79594.0,79594.0,0.31588,167
2026-09-07 04:30:00+00:00,79593.0,79675.0,79540.0,79667.0,0.60516,163
2026-09-07 04:45:00+00:00,79657.0,79721.0,79637.0,79719.0,0.24935,185
2026-09-07 05:00:00+00:00,79718.0,79768.0,79670.0,79764.0,1.27238,228
2026-09-07 05:15:00+00:00,79768.0,79912.0,79768.0,79839.0,0.58585,163
2026-09-07 05:30:00+00:00,79821.0,79857.0,79800.0,79852.0,1.54384,184
2026-09-07 05:45:00+00:00,79848.0,79858.0,79741.0,79741.0,0.55613,171
2026-09-07 06:00:00+00:00,79742.0,79822.0,79733.0,79805.0,0.85043,177
2026-09-07 06:15:00+00:00,79805.0,79805.0,79689.0,79707.0,0.3605,168
2026-09-07 06:30:00+00:00,79707.0,79740.0,79663.0,79664.0,2.5316,233
2026-09-07 06:45:00+00:00,79663.0,79682.0,79651.0,79669.0,1.67478,194
2026-09-07 07:00:00+00:00,79668.0,79687.0,79581.0,79615.0,7.59249,284
2026-09-07 07:15:00+00:00,79607.0,79631.0,79424.0,79428.0,2.7285,315
2026-09-07 07:30:00+00:00,79421.0,79520.0,79006.0,79286.0,6.44729,497
2026-09-07 07:45:00+00:00,79290.0,79413.0,79289.0,79398.0,1.87137,326
2026-09-07 08:00:00+00:00,79409.0,79509.0,79399.0,79464.0,2.24725,257
2026-09-07 08:15:00+00:00,79461.0,79523.0,79453.0,79471.0,0.74558,206
2026-09-07 08:30:00+00:00,79471.0,79526.0,79425.0,79482.0,1.92339,221
2026-09-07 08:45:00+00:00,79482.0,79487.0,79414.0,79425.0,0.78668,182
2026-09-07 09:00:00+00:00,79425.0,79541.0,79410.0,79541.0,0.70944,197
2026-09-07 09:15:00+00:00,79518.0,79534.0,79427.0,79472.0,0.66564,183
2026-09-07 09:30:00+00:00,79477.0,79477.0,79329.0,79382.0,2.03976,189
2026-09-07 09:45:00+00:00,79382.0,79429.0,79299.0,79299.0,1.69997,183
2026-09-07 10:00:00+00:00,79313.0,79398.0,79313.0,79371.0,0.62797,154
2026-09-07 10:15:00+00:00,79372.0,79425.0,79358.0,79415.0,1.738,167
2026-09-07 10:30:00+00:00,79414.0,79450.0,79404.0,79449.0,3.1129,170
2026-09-07 10:45:00+00:00,79452.0,79452.0,79352.0,79363.0,5.28483,189
2026-09-07 11:00:00+00:00,79362.0,79404.0,79285.0,79404.0,0.62706,120
2026-09-07 11:15:00+00:00,79403.0,79464.0,79388.0,79433.0,0.44475,126
2026-09-07 11:30:00+00:00,79432.0,79480.0,79400.0,79400.0,1.39825,158
2026-09-07 11:45:00+00:00,79400.0,79429.0,79357.0,79412.0,1.57509,173
2026-09-07 12:00:00+00:00,79412.0,79487.0,79392.0,79408.0,3.66612,205
2026-09-07 12:15:00+00:00,79408.0,79517.0,79402.0,79517.0,2.08979,175
2026-09-07 12:30:00+00:00,79516.0,79517.0,79438.0,79457.0,1.47991,145
2026-09-07 12:45:00+00:00,79456.0,79616.0,79456.0,79593.0,1.26087,201
2026-09-07 13:00:00+00:00,79593.0,79631.0,79515.0,79605.0,0.61283,193
2026-09-07 13:15:00+00:00,79605.0,79630.0,79554.0,79626.0,0.78505,179
2026-09-07 13:30:00+00:00,79626.0,79626.0,79310.0,79367.0,1.52488,248
2026-09-07 13:45:00+00:00,79366.0,79403.0,79310.0,79340.0,1.27881,209
2026-09-07 14:00:00+00:00,79336.0,79380.0,79112.0,79148.0,1.63684,234
2026-09-07 14:15:00+00:00,79164.0,79194.0,79034.0,79039.0,2.15605,226
2026-09-07 14:30:00+00:00,79039.0,79095.0,78975.0,79022.0,2.2742,247
2026-09-07 14:45:00+00:00,79021.0,79269.0,79019.0,79182.0,1.29617,187
2026-09-07 15:00:00+00:00,79182.0,79182.0,79024.0,79040.0,7.97252,242
2026-09-07 15:15:00+00:00,79036.0,79137.0,78859.0,79013.0,3.72408,302
2026-09-07 15:30:00+00:00,79014.0,79028.0,78688.0,78763.0,2.74072,311
2026-09-07 15:45:00+00:00,78743.0,78854.0,78700.0,78796.0,10.39312,235
2026-09-07 16:00:00+00:00,78796.0,78909.0,78796.0,78907.0,3.71923,192
2026-09-07 16:15:00+00:00,78907.0,78907.0,78787.0,78808.0,0.70214,159
2026-09-07 16:30:00+00:00,78818.0,79026.0,78816.0,78991.0,1.03577,197
2026-09-07 16:45:00+00:00,78991.0,79010.0,78959.0,79009.0,7.70107,233
2026-09-07 17:00:00+00:00,79014.0,79146.0,79001.0,79146.0,1.38951,177
2026-09-07 17:15:00+00:00,79147.0,79151.0,79083.0,79109.0,1.77487,173
2026-09-07 17:30:00+00:00,79110.0,79164.0,79060.0,79146.0,0.8283,161
2026-09-07 17:45:00+00:00,79147.0,79200.0,79132.0,79177.0,4.42959,211
2026-09-07 18:00:00+00:00,79178.0,79204.0,79136.0,79167.0,2.67584,178
2026-09-07 18:15:00+00:00,79166.0,79185.0,79115.0,79133.0,1.93391,203
2026-09-07 18:30:00+00:00,79133.0,79151.0,79085.0,79150.0,1.95145,199
2026-09-07 18:45:00+00:00,79144.0,79245.0,79124.0,79193.0,5.99802,219
2026-09-07 19:00:00+00:00,79194.0,79194.0,79148.0,79159.0,0.11732,121
2026-09-07 19:15:00+00:00,79159.0,79239.0,79159.0,79226.0,0.57002,133
2026-09-07 19:30:00+00:00,79246.0,79408.0,79233.0,79333.0,1.73255,219
2026-09-07 19:45:00+00:00,79333.0,79383.0,79331.0,79367.0,0.51588,159
2026-09-07 20:00:00+00:00,79367.0,79393.0,79200.0,79226.0,0.78728,161
2026-09-07 20:15:00+00:00,79226.0,79255.0,79179.0,79209.0,0.54393,151
2026-09-07 20:30:00+00:00,79208.0,79233.0,79179.0,79179.0,0.28729,150
2026-09-07 20:45:00+00:00,79197.0,79262.0,79177.0,79231.0,0.56735,169
2026-09-07 21:00:00+00:00,79244.0,79254.0,79195.0,79245.0,0.59886,159
2026-09-07 21:15:00+00:00,79262.0,79270.0,79203.0,79218.0,1.18364,164
2026-09-07 21:30:00+00:00,79217.0,79226.0,79167.0,79167.0,0.23813,221
2026-09-07 21:45:00+00:00,79177.0,79198.0,79144.0,79144.0,2.16364,201
2026-09-07 22:00:00+00:00,79145.0,79195.0,79072.0,79136.0,1.18317,184
2026-09-07 22:15:00+00:00,79136.0,79185.0,79019.0,79106.0,0.5889,162
2026-09-07 22:30:00+00:00,79063.0,79078.0,78791.0,78791.0,12.13656,294
2026-09-07 22:45:00+00:00,78800.0,78944.0,78798.0,78934.0,13.51972,276
2026-09-07 23:00:00+00:00,78925.0,79146.0,78925.0,79099.0,1.33484,214
2026-09-07 23:15:00+00:00,79109.0,79119.0,78938.0,78987.0,1.47206,179
2026-09-07 23:30:00+00:00,78987.0,79098.0,78964.0,79098.0,0.66943,144
2026-09-07 23:45:00+00:00,79099.0,79186.0,79080.0,79088.0,1.5124,157
2026-09-08 00:00:00+00:00,79087.0,79094.0,78976.0,79030.0,5.02001,238
2026-09-08 00:15:00+00:00,79017.0,79127.0,78951.0,78984.0,6.10188,290
2026-09-08 00:30:00+00:00,78985.0,79266.0,78967.0,79189.0,0.55314,202
2026-09-08 00:45:00+00:00,79189.0,79285.0,79178.0,79285.0,0.41984,161
2026-09-08 01:00:00+00:00,79289.0,79351.0,79256.0,79280.0,0.56257,141
2026-09-08 01:15:00+00:00,79281.0,79437.0,79256.0,79379.0,4.47556,160
2026-09-08 01:30:00+00:00,79379.0,79379.0,79290.0,79297.0,1.05633,143
2026-09-08 01:45:00+00:00,79298.0,79433.0,79285.0,79394.0,0.20102,128
2026-09-08 02:00:00+00:00,79414.0,79414.0,79236.0,79313.0,3.80136,154
2026-09-08 02:15:00+00:00,79317.0,79462.0,79235.0,79247.0,1.29159,152
2026-09-08 02:30:00+00:00,79235.0,79259.0,79090.0,79117.0,1.5582,145
2026-09-08 02:45:00+00:00,79114.0,79137.0,78924.0,78925.0,1.34979,154
2026-09-08 03:00:00+00:00,78922.0,78984.0,78863.0,78909.0,0.27865,152
2026-09-08 03:15:00+00:00,78905.0,78936.0,78716.0,78753.0,2.52587,183
2026-09-08 03:30:00+00:00,78809.0,78972.0,78809.0,78935.0,1.58705,177
2026-09-08 03:45:00+00:00,78934.0,78937.0,78845.0,78885.0,0.60037,195
2026-09-08 04:00:00+00:00,78881.0,78908.0,78751.0,78781.0,8.11,292
2026-09-08 04:15:00+00:00,78787.0,78834.0,78738.0,78777.0,1.81895,185
2026-09-08 04:30:00+00:00,78793.0,78848.0,78716.0,78754.0,0.84792,144
2026-09-08 04:45:00+00:00,78754.0,78791.0,78656.0,78656.0,0.68615,170
2026-09-08 05:00:00+00:00,78668.0,78784.0,78535.0,78708.0,1.22162,188
2026-09-08 05:15:00+00:00,78677.0,78854.0,78636.0,78813.0,1.63041,115
2026-09-08 05:30:00+00:00,78802.0,78802.0,78614.0,78614.0,0.21756,76
2026-09-08 05:45:00+00:00,78628.0,78701.0,78560.0,78560.0,0.27124,80
2026-09-08 06:00:00+00:00,78560.0,78612.0,78444.0,78577.0,2.63051,234
2026-09-08 06:15:00+00:00,78568.0,78619.0,78339.0,78363.0,8.55356,279
2026-09-08 06:30:00+00:00,78365.0,78422.0,78337.0,78422.0,1.09552,164
2026-09-08 06:45:00+00:00,78400.0,78459.0,78260.0,78306.0,8.46252,289
2026-09-08 07:00:00+00:00,78307.0,78428.0,78289.0,78393.0,0.82277,168
2026-09-08 07:15:00+00:00,78394.0,78482.0,78356.0,78440.0,13.24724,251
2026-09-08 07:30:00+00:00,78440.0,78566.0,78411.0,78411.0,6.67175,219
2026-09-08 07:45:00+00:00,78414.0,78448.0,78170.0,78447.0,2.08933,232
2026-09-08 08:00:00+00:00,78448.0,78448.0,78266.0,78366.0,3.76634,267
2026-09-08 08:15:00+00:00,78379.0,78481.0,78269.0,78453.0,10.78825,185
2026-09-08 08:30:00+00:00,78442.0,78545.0,78424.0,78490.0,2.16459,230
2026-09-08 08:45:00+00:00,78506.0,78556.0,78344.0,78364.0,11.18098,291
2026-09-08 09:00:00+00:00,78374.0,78471.0,78318.0,78456.0,6.97232,252
2026-09-08 09:15:00+00:00,78484.0,78484.0,78337.0,78476.0,31.59325,511
2026-09-08 09:30:00+00:00,78476.0,78767.0,78448.0,78757.0,1.48477,191
2026-09-08 09:45:00+00:00,78758.0,78788.0,78718.0,78756.0,2.39764,207
2026-09-08 10:00:00+00:00,78756.0,78756.0,78655.0,78723.0,1.47996,144
2026-09-08 10:15:00+00:00,78727.0,78975.0,78720.0,78832.0,5.84848,250
2026-09-08 10:30:00+00:00,78833.0,78864.0,78645.0,78645.0,8.53376,202
2026-09-08 10:45:00+00:00,78659.0,78673.0,78538.0,78538.0,20.99757,240
2026-09-08 11:00:00+00:00,78546.0,78557.0,78275.0,78291.0,7.70939,267
2026-09-08 11:15:00+00:00,78290.0,78464.0,78286.0,78430.0,4.07271,262
2026-09-08 11:30:00+00:00,78429.0,78482.0,78386.0,78410.0,48.47855,464
2026-09-08 11:45:00+00:00,78411.0,78429.0,78344.0,78404.0,1.15892,229
2026-09-08 12:00:00+00:00,78403.0,78404.0,78194.0,78195.0,2.59145,279
2026-09-08 12:15:00+00:00,78195.0,78365.0,78193.0,78362.0,5.14887,230
2026-09-08 12:30:00+00:00,78353.0,78419.0,78281.0,78293.0,2.09311,244
2026-09-08 12:45:00+00:00,78294.0,78440.0,78273.0,78403.0,2.73652,239
2026-09-08 13:00:00+00:00,78419.0,78505.0,78380.0,78429.0,0.94327,230
2026-09-08 13:15:00+00:00,78430.0,78450.0,78274.0,78322.0,2.55976,264
2026-09-08 13:30:00+00:00,78302.0,78340.0,77664.0,77800.0,20.43449,828
2026-09-08 13:45:00+00:00,77806.0,78071.0,77630.0,77938.0,11.7111,512
2026-09-08 14:00:00+00:00,77948.0,78169.0,77850.0,78131.0,3.98651,290
2026-09-08 14:15:00+00:00,78139.0,78352.0,78139.0,78303.0,7.1656,298
2026-09-08 14:30:00+00:00,78314.0,78405.0,78250.0,78384.0,1.36383,167
2026-09-08 14:45:00+00:00,78383.0,78589.0,78365.0,78538.0,2.84832,257
2026-09-08 15:00:00+00:00,78533.0,78626.0,78462.0,78621.0,1.6667,224
2026-09-08 15:15:00+00:00,78625.0,78682.0,78434.0,78437.0,3.98786,229
2026-09-08 15:30:00+00:00,78437.0,78735.0,78432.0,78701.0,2.83089,220
2026-09-08 15:45:00+00:00,78702.0,78902.0,78662.0,78888.0,5.75464,315
2026-09-08 16:00:00+00:00,78887.0,78894.0,78614.0,78634.0,2.57805,247
2026-09-08 16:15:00+00:00,78635.0,78666.0,78563.0,78610.0,3.84971,275
2026-09-08 16:30:00+00:00,78623.0,78960.0,78607.0,78789.0,3.83801,313
2026-09-08 16:45:00+00:00,78806.0,78863.0,78655.0,78737.0,7.3879,214
2026-09-08 17:00:00+00:00,78738.0,78891.0,78653.0,78700.0,3.2937,193
2026-09-08 17:15:00+00:00,78706.0,78707.0,78535.0,78577.0,0.80488,188
2026-09-08 17:30:00+00:00,78576.0,78658.0,78530.0,78530.0,9.64528,215
2026-09-08 17:45:00+00:00,78530.0,78631.0,78500.0,78500.0,0.81946,213
2026-09-08 18:00:00+00:00,78501.0,78712.0,78500.0,78662.0,3.1721,279
2026-09-08 18:15:00+00:00,78663.0,78806.0,78654.0,78726.0,2.97741,281
2026-09-08 18:30:00+00:00,78725.0,78766.0,78574.0,78597.0,1.24868,264
2026-09-08 18:45:00+00:00,78598.0,78650.0,78291.0,78424.0,2.82687,305
2026-09-08 19:00:00+00:00,78447.0,78520.0,78392.0,78455.0,2.68882,269
2026-09-08 19:15:00+00:00,78456.0,78517.0,78326.0,78446.0,4.38243,317
2026-09-08 19:30:00+00:00,78457.0,78511.0,78322.0,78421.0,2.44468,256
2026-09-08 19:45:00+00:00,78421.0,78437.0,78312.0,78437.0,1.2993,221
2026-09-08 20:00:00+00:00,78449.0,78600.0,78392.0,78597.0,1.33744,204
2026-09-08 20:15:00+00:00,78598.0,78598.0,78448.0,78576.0,2.78317,198
2026-09-08 20:30:00+00:00,78575.0,78576.0,78412.0,78522.0,0.47648,204
2026-09-08 20:45:00+00:00,78523.0,78546.0,78456.0,78460.0,5.83794,215
2026-09-08 21:00:00+00:00,78475.0,78563.0,78463.0,78535.0,2.40513,237
2026-09-08 21:15:00+00:00,78536.0,78600.0,78489.0,78528.0,0.30339,214
2026-09-08 21:30:00+00:00,78529.0,78549.0,78434.0,78508.0,2.42391,264
2026-09-08 21:45:00+00:00,78507.0,78515.0,78388.0,78472.0,3.44563,234
2026-09-08 22:00:00+00:00,78471.0,78630.0,78437.0,78491.0,2.45771,256
2026-09-08 22:15:00+00:00,78492.0,78560.0,78453.0,78485.0,0.33728,206
2026-09-08 22:30:00+00:00,78486.0,78521.0,78451.0,78467.0,0.58003,216
2026-09-08 22:45:00+00:00,78468.0,78567.0,78467.0,78543.0,0.92831,249
2026-09-08 23:00:00+00:00,78543.0,78559.0,78447.0,78486.0,0.74895,239
2026-09-08 23:15:00+00:00,78486.0,78495.0,78415.0,78466.0,0.56686,242
2026-09-08 23:30:00+00:00,78450.0,78456.0,78431.0,78436.0,0.68668,228
2026-09-08 23:45:00+00:00,78435.0,78450.0,78402.0,78440.0,0.40774,215
2026-09-09 00:00:00+00:00,78440.0,78725.0,78440.0,78714.0,1.85612,296
2026-09-09 00:15:00+00:00,78714.0,78737.0,78588.0,78615.0,0.94791,281
2026-09-09 00:30:00+00:00,78616.0,78685.0,78559.0,78684.0,0.77613,269
2026-09-09 00:45:00+00:00,78685.0,78794.0,78685.0,78755.0,2.93602,330
2026-09-09 01:00:00+00:00,78756.0,78857.0,78702.0,78744.0,1.61451,308
2026-09-09 01:15:00+00:00,78745.0,78768.0,78628.0,78731.0,0.59264,288
2026-09-09 01:30:00+00:00,78732.0,78871.0,78700.0,78839.0,2.88527,256
2026-09-09 01:45:00+00:00,78852.0,78889.0,78815.0,78879.0,0.77126,259
2026-09-09 02:00:00+00:00,78884.0,78910.0,78783.0,78794.0,0.53327,223
2026-09-09 02:15:00+00:00,78795.0,78810.0,78677.0,78803.0,0.44264,219
2026-09-09 02:30:00+00:00,78804.0,78830.0,78743.0,78774.0,1.89999,206
2026-09-09 02:45:00+00:00,78775.0,78792.0,78728.0,78728.0,1.18651,203
2026-09-09 03:00:00+00:00,78715.0,78715.0,78584.0,78588.0,2.39598,257
2026-09-09 03:15:00+00:00,78588.0,78614.0,78541.0,78569.0,1.30064,239
2026-09-09 03:30:00+00:00,78569.0,78644.0,78565.0,78637.0,0.56037,197
2026-09-09 03:45:00+00:00,78638.0,78666.0,78591.0,78635.0,0.71575,222
2026-09-09 04:00:00+00:00,78629.0,78939.0,78629.0,78836.0,3.37808,369
2026-09-09 04:15:00+00:00,78829.0,78937.0,78773.0,78884.0,1.52846,217
2026-09-09 04:30:00+00:00,78887.0,79198.0,78870.0,79195.0,3.35865,308
2026-09-09 04:45:00+00:00,79181.0,79210.0,79073.0,79168.0,3.66412,251
2026-09-09 05:00:00+00:00,79169.0,79303.0,79054.0,79268.0,1.66852,283
2026-09-09 05:15:00+00:00,79267.0,79355.0,79130.0,79130.0,1.28247,311
2026-09-09 05:30:00+00:00,79130.0,79131.0,78896.0,78923.0,0.60896,251
2026-09-09 05:45:00+00:00,78920.0,78955.0,78835.0,78933.0,1.4379,253
2026-09-09 06:00:00+00:00,78940.0,79121.0,78857.0,79121.0,0.80994,246
2026-09-09 06:15:00+00:00,79110.0,79285.0,79091.0,79167.0,0.4865,246
2026-09-09 06:30:00+00:00,79152.0,79232.0,79133.0,79182.0,1.55559,204
2026-09-09 06:45:00+00:00,79184.0,79184.0,79108.0,79152.0,1.50354,218
2026-09-09 07:00:00+00:00,79153.0,79371.0,79152.0,79250.0,1.86862,295
2026-09-09 07:15:00+00:00,79232.0,79291.0,79220.0,79245.0,0.78484,240
2026-09-09 07:30:00+00:00,79284.0,79284.0,79180.0,79204.0,15.52224,344
2026-09-09 07:45:00+00:00,79209.0,79289.0,79197.0,79288.0,3.93498,267
2026-09-09 08:00:00+00:00,79289.0,79537.0,79272.0,79422.0,6.92101,331
2026-09-09 08:15:00+00:00,79417.0,79697.0,79416.0,79691.0,2.76963,320
2026-09-09 08:30:00+00:00,79686.0,79734.0,79570.0,79633.0,11.97802,383
2026-09-09 08:45:00+00:00,79633.0,79695.0,79588.0,79689.0,2.73174,255
2026-09-09 09:00:00+00:00,79688.0,79707.0,79455.0,79518.0,0.7509,241
2026-09-09 09:15:00+00:00,79518.0,79535.0,79423.0,79423.0,3.86143,227
2026-09-09 09:30:00+00:00,79422.0,79423.0,79068.0,79098.0,3.90272,335
2026-09-09 09:45:00+00:00,79070.0,79088.0,78900.0,78933.0,3.78846,283
2026-09-09 10:00:00+00:00,78934.0,79029.0,78926.0,79005.0,1.60735,245
2026-09-09 10:15:00+00:00,79006.0,79112.0,78918.0,79070.0,1.77635,210
2026-09-09 10:30:00+00:00,79074.0,79164.0,79053.0,79060.0,0.64792,220
2026-09-09 10:45:00+00:00,79066.0,79066.0,78865.0,78905.0,5.95705,248
2026-09-09 11:00:00+00:00,78904.0,78944.0,78743.0,78829.0,3.53817,303
2026-09-09 11:15:00+00:00,78829.0,78980.0,78786.0,78976.0,0.52923,206
2026-09-09 11:30:00+00:00,78976.0,79084.0,78945.0,79004.0,4.35052,318
2026-09-09 11:45:00+00:00,79005.0,79337.0,79005.0,79308.0,4.44451,280
2026-09-09 12:00:00+00:00,79307.0,79423.0,79276.0,79367.0,4.48134,266
2026-09-09 12:15:00+00:00,79367.0,79419.0,79278.0,79360.0,5.57524,264
2026-09-09 12:30:00+00:00,79375.0,79575.0,79375.0,79486.0,15.67066,314
2026-09-09 12:45:00+00:00,79509.0,79636.0,79504.0,79576.0,1.53678,204
2026-09-09 13:00:00+00:00,79580.0,79603.0,79485.0,79499.0,1.39134,197
2026-09-09 13:15:00+00:00,79500.0,79620.0,79451.0,79601.0,1.3211,205
2026-09-09 13:30:00+00:00,79556.0,79655.0,79112.0,79228.0,4.67807,422
2026-09-09 13:45:00+00:00,79220.0,79370.0,79111.0,79126.0,1.77161,290
2026-09-09 14:00:00+00:00,79126.0,79178.0,78892.0,79074.0,12.63677,499
2026-09-09 14:15:00+00:00,79071.0,79230.0,78865.0,79230.0,1.44359,320
2026-09-09 14:30:00+00:00,79250.0,79399.0,78940.0,78980.0,2.66114,347
2026-09-09 14:45:00+00:00,78989.0,79119.0,78883.0,78949.0,4.62302,352
2026-09-09 15:00:00+00:00,78964.0,79351.0,78270.0,78489.0,10.04756,752
2026-09-09 15:15:00+00:00,78465.0,78620.0,78053.0,78356.0,4.3608,447
2026-09-09 15:30:00+00:00,78354.0,78702.0,78322.0,78631.0,3.51048,400
2026-09-09 15:45:00+00:00,78636.0,78673.0,78545.0,78584.0,1.58075,215
2026-09-09 16:00:00+00:00,78576.0,78773.0,78476.0,78651.0,5.00073,286
2026-09-09 16:15:00+00:00,78647.0,78647.0,78458.0,78610.0,3.62191,275
2026-09-09 16:30:00+00:00,78625.0,78907.0,78625.0,78786.0,3.12436,312
2026-09-09 16:45:00+00:00,78787.0,78797.0,78714.0,78786.0,2.287,270
2026-09-09 17:00:00+00:00,78785.0,78903.0,78701.0,78851.0,1.92549,240
2026-09-09 17:15:00+00:00,78869.0,78912.0,78769.0,78829.0,4.55176,236
2026-09-09 17:30:00+00:00,78843.0,78843.0,78670.0,78678.0,5.99902,316
2026-09-09 17:45:00+00:00,78679.0,78794.0,78653.0,78742.0,2.00921,262
2026-09-09 18:00:00+00:00,78749.0,78765.0,78578.0,78578.0,1.79115,219
2026-09-09 18:15:00+00:00,78579.0,78617.0,78539.0,78594.0,1.0443,208
2026-09-09 18:30:00+00:00,78595.0,78626.0,78483.0,78516.0,3.07345,252
2026-09-09 18:45:00+00:00,78515.0,78535.0,78388.0,78389.0,0.82415,255
2026-09-09 19:00:00+00:00,78390.0,78459.0,78337.0,78458.0,0.76076,244
2026-09-09 19:15:00+00:00,78459.0,78551.0,78443.0,78503.0,0.93961,243
2026-09-09 19:30:00+00:00,78499.0,78524.0,78273.0,78276.0,2.17755,308
2026-09-09 19:45:00+00:00,78280.0,78317.0,78133.0,78204.0,7.39975,327
2026-09-09 20:00:00+00:00,78205.0,78264.0,78132.0,78226.0,23.27136,421
2026-09-09 20:15:00+00:00,78226.0,78310.0,77925.0,78082.0,5.23203,332
2026-09-09 20:30:00+00:00,78086.0,78296.0,78085.0,78263.0,1.37504,231
2026-09-09 20:45:00+00:00,78262.0,78308.0,78080.0,78307.0,3.65284,212
2026-09-09 21:00:00+00:00,78293.0,78320.0,78144.0,78217.0,0.45254,157
2026-09-09 21:15:00+00:00,78220.0,78278.0,78113.0,78258.0,1.07852,135
2026-09-09 21:30:00+00:00,78254.0,78254.0,78115.0,78219.0,0.64463,173
2026-09-09 21:45:00+00:00,78219.0,78219.0,77990.0,78124.0,0.61113,170
2026-09-09 22:00:00+00:00,78129.0,78168.0,77761.0,77868.0,13.25598,370
2026-09-09 22:15:00+00:00,77846.0,78041.0,77762.0,78018.0,1.45871,193
2026-09-09 22:30:00+00:00,78011.0,78044.0,77927.0,78011.0,2.07925,195
2026-09-09 22:45:00+00:00,78025.0,78032.0,77892.0,77908.0,2.88814,152
2026-09-09 23:00:00+00:00,77900.0,78183.0,77900.0,78133.0,1.49412,184
2026-09-09 23:15:00+00:00,78129.0,78154.0,78082.0,78154.0,0.40585,127
2026-09-09 23:30:00+00:00,78168.0,78242.0,78158.0,78211.0,0.13437,135
2026-09-09 23:45:00+00:00,78202.0,78292.0,78202.0,78292.0,0.41272,161
2026-09-10 00:00:00+00:00,78287.0,78363.0,78259.0,78259.0,0.83368,175
2026-09-10 00:15:00+00:00,78259.0,78321.0,78197.0,78321.0,0.38596,152
2026-09-10 00:30:00+00:00,78300.0,78300.0,78146.0,78146.0,0.4458,157
2026-09-10 00:45:00+00:00,78149.0,78235.0,78090.0,78154.0,0.70423,142
2026-09-10 01:00:00+00:00,78159.0,78489.0,78147.0,78314.0,0.38543,158
2026-09-10 01:15:00+00:00,78309.0,78310.0,78144.0,78150.0,0.93731,163
2026-09-10 01:30:00+00:00,78144.0,78211.0,77933.0,78160.0,5.46025,234
2026-09-10 01:45:00+00:00,78142.0,78145.0,77966.0,78064.0,4.17659,216
2026-09-10 02:00:00+00:00,78075.0,78075.0,77974.0,78015.0,2.22787,205
2026-09-10 02:15:00+00:00,78018.0,78044.0,77957.0,77994.0,5.15447,236
2026-09-10 02:30:00+00:00,77991.0,78246.0,77982.0,78235.0,0.45758,144
2026-09-10 02:45:00+00:00,78245.0,78344.0,78235.0,78325.0,0.17414,145
2026-09-10 03:00:00+00:00,78325.0,78502.0,78312.0,78367.0,6.55858,275
2026-09-10 03:15:00+00:00,78352.0,78376.0,78277.0,78367.0,0.22722,148
2026-09-10 03:30:00+00:00,78368.0,78434.0,78301.0,78346.0,0.11757,203
2026-09-10 03:45:00+00:00,78346.0,78428.0,78255.0,78305.0,0.70622,208
2026-09-10 04:00:00+00:00,78298.0,78372.0,78277.0,78316.0,2.70031,200
2026-09-10 04:15:00+00:00,78316.0,78394.0,78315.0,78354.0,0.26969,166
2026-09-10 04:30:00+00:00,78353.0,78390.0,78304.0,78305.0,0.14744,163
2026-09-10 04:45:00+00:00,78304.0,78409.0,78273.0,78369.0,0.82458,185
2026-09-10 05:00:00+00:00,78370.0,78433.0,78238.0,78433.0,7.67689,212
2026-09-10 05:15:00+00:00,78437.0,78482.0,78322.0,78449.0,1.20353,185
2026-09-10 05:30:00+00:00,78461.0,78490.0,78372.0,78391.0,1.59258,170
2026-09-10 05:45:00+00:00,78377.0,78529.0,78377.0,78497.0,1.12347,189
2026-09-10 06:00:00+00:00,78502.0,78511.0,78280.0,78283.0,2.73582,245
2026-09-10 06:15:00+00:00,78284.0,78284.0,78138.0,78193.0,0.57733,274
2026-09-10 06:30:00+00:00,78194.0,78257.0,78142.0,78182.0,7.20017,301
2026-09-10 06:45:00+00:00,78183.0,78500.0,78183.0,78402.0,0.23272,205
2026-09-10 07:00:00+00:00,78401.0,78404.0,78138.0,78197.0,1.51347,232
2026-09-10 07:15:00+00:00,78197.0,78204.0,78011.0,78012.0,9.39393,341
2026-09-10 07:30:00+00:00,78013.0,78028.0,77902.0,77991.0,0.19368,205
2026-09-10 07:45:00+00:00,77996.0,78143.0,77996.0,78092.0,1.53758,222
2026-09-10 08:00:00+00:00,78092.0,78142.0,78040.0,78064.0,0.75623,175
2026-09-10 08:15:00+00:00,78064.0,78158.0,78027.0,78155.0,0.5969,165
2026-09-10 08:30:00+00:00,78151.0,78151.0,78025.0,78081.0,0.32522,127
2026-09-10 08:45:00+00:00,78091.0,78154.0,78070.0,78084.0,0.25093,127
2026-09-10 09:00:00+00:00,78085.0,78183.0,78084.0,78136.0,0.68785,152
2026-09-10 09:15:00+00:00,78139.0,78199.0,78123.0,78184.0,7.46712,176
2026-09-10 09:30:00+00:00,78179.0,78179.0,77905.0,77939.0,0.64858,150
2026-09-10 09:45:00+00:00,77940.0,78009.0,77930.0,77947.0,2.0373,141
2026-09-10 10:00:00+00:00,77966.0,78023.0,77926.0,77967.0,6.99763,178
2026-09-10 10:15:00+00:00,77962.0,77999.0,77904.0,77954.0,0.30533,113
2026-09-10 10:30:00+00:00,77955.0,78026.0,77811.0,77966.0,1.15699,233
2026-09-10 10:45:00+00:00,77966.0,77994.0,77837.0,77837.0,0.93046,124
2026-09-10 11:00:00+00:00,77830.0,77896.0,77681.0,77896.0,2.73789,257
2026-09-10 11:15:00+00:00,77910.0,78024.0,77910.0,77988.0,7.56642,241
2026-09-10 11:30:00+00:00,77988.0,78040.0,77966.0,77991.0,1.21604,202
2026-09-10 11:45:00+00:00,77989.0,78005.0,77812.0,77828.0,2.71468,179
2026-09-10 12:00:00+00:00,77819.0,77870.0,77696.0,77819.0,2.50977,204
2026-09-10 12:15:00+00:00,77819.0,77820.0,77661.0,77740.0,1.48493,189
2026-09-10 12:30:00+00:00,77767.0,77926.0,77045.0,77128.0,33.59948,1121
2026-09-10 12:45:00+00:00,77145.0,77147.0,76669.0,76878.0,20.8107,886
2026-09-10 13:00:00+00:00,76867.0,77075.0,76752.0,76800.0,5.80386,411
2026-09-10 13:15:00+00:00,76820.0,76952.0,76728.0,76910.0,2.93551,374
2026-09-10 13:30:00+00:00,76905.0,77095.0,76765.0,76932.0,6.31669,398
2026-09-10 13:45:00+00:00,76922.0,77219.0,76904.0,77167.0,3.29731,342
2026-09-10 14:00:00+00:00,77181.0,77317.0,76954.0,77078.0,4.90403,349
2026-09-10 14:15:00+00:00,77059.0,77356.0,76945.0,77263.0,0.53889,282
2026-09-10 14:30:00+00:00,77264.0,77348.0,77228.0,77271.0,2.12141,256
2026-09-10 14:45:00+00:00,77272.0,77409.0,77250.0,77389.0,6.21352,267
2026-09-10 15:00:00+00:00,77383.0,77388.0,77228.0,77316.0,0.93606,168
2026-09-10 15:15:00+00:00,77317.0,77329.0,77078.0,77092.0,1.47254,171
2026-09-10 15:30:00+00:00,77116.0,77313.0,77081.0,77194.0,4.43637,200
2026-09-10 15:45:00+00:00,77195.0,77225.0,77100.0,77225.0,5.33716,189
2026-09-10 16:00:00+00:00,77223.0,77281.0,76883.0,76948.0,2.74864,215
2026-09-10 16:15:00+00:00,76949.0,77049.0,76851.0,76899.0,8.88082,250
2026-09-10 16:30:00+00:00,76901.0,77025.0,76771.0,77010.0,3.95564,210
2026-09-10 16:45:00+00:00,77025.0,77208.0,77025.0,77171.0,14.79402,506
2026-09-10 17:00:00+00:00,77171.0,77214.0,77101.0,77150.0,9.03399,235
2026-09-10 17:15:00+00:00,77136.0,77313.0,77113.0,77301.0,8.33072,252
2026-09-10 17:30:00+00:00,77307.0,77523.0,77299.0,77341.0,14.34066,336
2026-09-10 17:45:00+00:00,77344.0,77402.0,77307.0,77308.0,0.72171,141
2026-09-10 18:00:00+00:00,77291.0,77326.0,76960.0,76983.0,7.36506,243
2026-09-10 18:15:00+00:00,76976.0,77127.0,76970.0,77050.0,0.66907,203
2026-09-10 18:30:00+00:00,77051.0,77142.0,77018.0,77126.0,3.26636,222
2026-09-10 18:45:00+00:00,77126.0,77263.0,77062.0,77235.0,14.41971,282
2026-09-10 19:00:00+00:00,77235.0,77235.0,77106.0,77159.0,0.34317,173
2026-09-10 19:15:00+00:00,77159.0,77234.0,77100.0,77200.0,1.59088,183
2026-09-10 19:30:00+00:00,77168.0,77277.0,77100.0,77240.0,1.40176,195
2026-09-10 19:45:00+00:00,77241.0,77248.0,77056.0,77118.0,4.83979,238
2026-09-10 20:00:00+00:00,77139.0,77296.0,77095.0,77296.0,4.18703,261
2026-09-10 20:15:00+00:00,77301.0,77324.0,77221.0,77251.0,2.98626,301
2026-09-10 20:30:00+00:00,77246.0,77265.0,77200.0,77264.0,1.2413,229
2026-09-10 20:45:00+00:00,77265.0,77269.0,77198.0,77239.0,0.77121,189
2026-09-10 21:00:00+00:00,77240.0,77274.0,77194.0,77229.0,1.15655,196
2026-09-10 21:15:00+00:00,77230.0,77230.0,77168.0,77210.0,0.82175,163
2026-09-10 21:30:00+00:00,77211.0,77211.0,77091.0,77126.0,1.89545,177
2026-09-10 21:45:00+00:00,77126.0,77177.0,77101.0,77111.0,1.09369,157
2026-09-10 22:00:00+00:00,77128.0,77170.0,77066.0,77075.0,1.14645,159
2026-09-10 22:15:00+00:00,77119.0,77194.0,77041.0,77042.0,10.3269,214
2026-09-10 22:30:00+00:00,77042.0,77055.0,76805.0,76832.0,2.9292,252
2026-09-10 22:45:00+00:00,76832.0,76946.0,76800.0,76807.0,0.62968,192
2026-09-10 23:00:00+00:00,76807.0,76849.0,76500.0,76500.0,6.24442,383
2026-09-10 23:15:00+00:00,76500.0,76774.0,76484.0,76714.0,7.11339,300
2026-09-10 23:30:00+00:00,76715.0,76784.0,76700.0,76756.0,1.26606,175
2026-09-10 23:45:00+00:00,76756.0,76768.0,76536.0,76551.0,1.94307,282
2026-09-11 00:00:00+00:00,76551.0,76832.0,76543.0,76793.0,1.13802,276
2026-09-11 00:15:00+00:00,76794.0,76853.0,76749.0,76825.0,1.66678,262
2026-09-11 00:30:00+00:00,76824.0,76832.0,76667.0,76739.0,2.71213,295
2026-09-11 00:45:00+00:00,76739.0,76901.0,76717.0,76885.0,3.96981,312
2026-09-11 01:00:00+00:00,76875.0,76980.0,76860.0,76874.0,2.44789,273
2026-09-11 01:15:00+00:00,76875.0,76929.0,76762.0,76782.0,1.09966,247
2026-09-11 01:30:00+00:00,76781.0,76881.0,76652.0,76848.0,1.66978,250
2026-09-11 01:45:00+00:00,76861.0,76943.0,76774.0,76942.0,1.96562,253
2026-09-11 02:00:00+00:00,76943.0,76972.0,76873.0,76956.0,2.28664,278
2026-09-11 02:15:00+00:00,76928.0,76928.0,76750.0,76780.0,0.84473,259
2026-09-11 02:30:00+00:00,76779.0,76911.0,76751.0,76835.0,7.95882,277
2026-09-11 02:45:00+00:00,76845.0,76900.0,76782.0,76829.0,6.85197,263
2026-09-11 03:00:00+00:00,76814.0,76863.0,76687.0,76862.0,0.84052,240
2026-09-11 03:15:00+00:00,76870.0,76877.0,76736.0,76806.0,0.14646,205
2026-09-11 03:30:00+00:00,76796.0,76886.0,76700.0,76857.0,3.52597,261
2026-09-11 03:45:00+00:00,76862.0,76871.0,76748.0,76870.0,4.15701,302
2026-09-11 04:00:00+00:00,76873.0,76971.0,76869.0,76949.0,0.55402,235
2026-09-11 04:15:00+00:00,76954.0,77168.0,76926.0,77158.0,1.11127,235
2026-09-11 04:30:00+00:00,77158.0,77178.0,77067.0,77080.0,2.40001,186
2026-09-11 04:45:00+00:00,77083.0,77136.0,77076.0,77105.0,1.98593,179
2026-09-11 05:00:00+00:00,77094.0,77138.0,77044.0,77129.0,11.40988,249
2026-09-11 05:15:00+00:00,77125.0,77138.0,77070.0,77077.0,1.04782,153
2026-09-11 05:30:00+00:00,77075.0,77173.0,77056.0,77171.0,0.26217,158
2026-09-11 05:45:00+00:00,77171.0,77241.0,77140.0,77241.0,5.43326,202
2026-09-11 06:00:00+00:00,77241.0,77417.0,77213.0,77391.0,0.68343,183
2026-09-11 06:15:00+00:00,77375.0,77390.0,77250.0,77265.0,1.82302,191
2026-09-11 06:30:00+00:00,77266.0,77266.0,77168.0,77222.0,0.62585,157
2026-09-11 06:45:00+00:00,77231.0,77296.0,77231.0,77288.0,2.72907,162
2026-09-11 07:00:00+00:00,77282.0,77368.0,77276.0,77305.0,3.8797,184
2026-09-11 07:15:00+00:00,77309.0,77393.0,77290.0,77328.0,1.20605,195
2026-09-11 07:30:00+00:00,77330.0,77334.0,77244.0,77254.0,1.49613,201
2026-09-11 07:45:00+00:00,77255.0,77257.0,77201.0,77227.0,1.5802,164
2026-09-11 08:00:00+00:00,77228.0,77262.0,77123.0,77172.0,2.68471,174
2026-09-11 08:15:00+00:00,77171.0,77417.0,77171.0,77374.0,0.51954,188
2026-09-11 08:30:00+00:00,77387.0,77485.0,77343.0,77406.0,0.21098,161
2026-09-11 08:45:00+00:00,77407.0,77411.0,77327.0,77343.0,0.71959,155
2026-09-11 09:00:00+00:00,77344.0,77354.0,77243.0,77266.0,4.91543,180
2026-09-11 09:15:00+00:00,77265.0,77276.0,77132.0,77133.0,3.6825,185
2026-09-11 09:30:00+00:00,77128.0,77152.0,76853.0,76956.0,1.01769,212
2026-09-11 09:45:00+00:00,76956.0,77056.0,76951.0,77036.0,0.60922,214
2026-09-11 10:00:00+00:00,77024.0,77141.0,77019.0,77072.0,0.19404,142
2026-09-11 10:15:00+00:00,77091.0,77124.0,77020.0,77020.0,1.29619,178
2026-09-11 10:30:00+00:00,77020.0,77042.0,76943.0,76994.0,0.60913,156
2026-09-11 10:45:00+00:00,76999.0,77028.0,76979.0,76979.0,0.53209,126
2026-09-11 11:00:00+00:00,76976.0,76978.0,76750.0,76761.0,1.03288,173
2026-09-11 11:15:00+00:00,76774.0,76892.0,76738.0,76828.0,5.92452,213
2026-09-11 11:30:00+00:00,76828.0,76885.0,76764.0,76884.0,1.08727,147
2026-09-11 11:45:00+00:00,76885.0,77023.0,76872.0,77023.0,0.84011,170
2026-09-11 12:00:00+00:00,77008.0,77100.0,76885.0,76906.0,0.74925,155
2026-09-11 12:15:00+00:00,76929.0,77374.0,76895.0,77233.0,9.67748,480
2026-09-11 12:30:00+00:00,77234.0,77679.0,76150.0,77580.0,53.28778,1795
2026-09-11 12:45:00+00:00,77580.0,78117.0,77556.0,77995.0,24.66346,674
2026-09-11 13:00:00+00:00,78010.0,78010.0,77556.0,77693.0,16.02124,324
2026-09-11 13:15:00+00:00,77720.0,77821.0,77500.0,77509.0,2.20372,213
2026-09-11 13:30:00+00:00,77500.0,77875.0,77270.0,77800.0,161.60711,2132
2026-09-11 13:45:00+00:00,77850.0,79250.0,77734.0,79168.0,27.76058,1162
2026-09-11 14:00:00+00:00,79197.0,79839.0,78798.0,79033.0,32.32421,1087
2026-09-11 14:15:00+00:00,79028.0,79164.0,78909.0,79019.0,6.37806,325
2026-09-11 14:30:00+00:00,78966.0,79008.0,78533.0,78620.0,6.14092,300
2026-09-11 14:45:00+00:00,78634.0,78853.0,78503.0,78784.0,14.05967,351
2026-09-11 15:00:00+00:00,78801.0,78801.0,78503.0,78504.0,24.16464,371
2026-09-11 15:15:00+00:00,78502.0,78765.0,78485.0,78723.0,1.79587,213
2026-09-11 15:30:00+00:00,78714.0,78815.0,78639.0,78645.0,4.28139,268
2026-09-11 15:45:00+00:00,78625.0,78643.0,77321.0,77718.0,30.03783,858
2026-09-11 16:00:00+00:00,77718.0,78064.0,77681.0,77785.0,5.20092,484
2026-09-11 16:15:00+00:00,77788.0,77840.0,77386.0,77679.0,6.19337,373
2026-09-11 16:30:00+00:00,77669.0,77794.0,77550.0,77794.0,3.00822,206
2026-09-11 16:45:00+00:00,77791.0,77975.0,77791.0,77919.0,1.2178,174
2026-09-11 17:00:00+00:00,77917.0,77960.0,77743.0,77753.0,1.88903,176
2026-09-11 17:15:00+00:00,77752.0,77901.0,77690.0,77829.0,1.65325,236
2026-09-11 17:30:00+00:00,77811.0,77856.0,77565.0,77599.0,5.23939,239
2026-09-11 17:45:00+00:00,77598.0,77628.0,77500.0,77526.0,1.51098,160
2026-09-11 18:00:00+00:00,77520.0,77530.0,76888.0,77076.0,6.80963,405
2026-09-11 18:15:00+00:00,77071.0,77242.0,77053.0,77206.0,3.55833,237
2026-09-11 18:30:00+00:00,77202.0,77270.0,77089.0,77106.0,0.49169,148
2026-09-11 18:45:00+00:00,77100.0,77200.0,76945.0,77039.0,1.05205,179
2026-09-11 19:00:00+00:00,77040.0,77228.0,76995.0,77201.0,1.30104,180
2026-09-11 19:15:00+00:00,77201.0,77271.0,77074.0,77222.0,3.58461,214
2026-09-11 19:30:00+00:00,77220.0,77298.0,77178.0,77270.0,10.91021,277
2026-09-11 19:45:00+00:00,77271.0,77350.0,77217.0,77269.0,4.24032,213
2026-09-11 20:00:00+00:00,77264.0,77470.0,77262.0,77434.0,2.72534,156
2026-09-11 20:15:00+00:00,77430.0,77438.0,77354.0,77362.0,2.62701,126
2026-09-11 20:30:00+00:00,77361.0,77437.0,77260.0,77399.0,1.73505,171
2026-09-11 20:45:00+00:00,77394.0,77394.0,77180.0,77336.0,0.72859,191
2026-09-11 21:00:00+00:00,77312.0,77405.0,77300.0,77346.0,1.75171,200
2026-09-11 21:15:00+00:00,77346.0,77401.0,77327.0,77340.0,0.94688,221
2026-09-11 21:30:00+00:00,77340.0,77373.0,77317.0,77328.0,1.33391,218
2026-09-11 21:45:00+00:00,77328.0,77338.0,77065.0,77065.0,0.94383,193
2026-09-11 22:00:00+00:00,77116.0,77166.0,76952.0,77165.0,1.18403,182
2026-09-11 22:15:00+00:00,77165.0,77220.0,77084.0,77122.0,9.68944,304
2026-09-11 22:30:00+00:00,77103.0,77206.0,76996.0,77118.0,0.71876,186
2026-09-11 22:45:00+00:00,77115.0,77159.0,76982.0,77139.0,1.58815,166
2026-09-11 23:00:00+00:00,77135.0,77198.0,77110.0,77110.0,1.30367,164
2026-09-11 23:15:00+00:00,77121.0,77178.0,77121.0,77171.0,3.26829,190
2026-09-11 23:30:00+00:00,77172.0,77208.0,77146.0,77161.0,0.27315,143
2026-09-11 23:45:00+00:00,77162.0,77217.0,77150.0,77217.0,0.82133,151
2026-09-12 00:00:00+00:00,77217.0,77294.0,77217.0,77278.0,1.33395,153
2026-09-12 00:15:00+00:00,77289.0,77300.0,77264.0,77265.0,0.87547,158
2026-09-12 00:30:00+00:00,77266.0,77288.0,77234.0,77276.0,2.33988,169
2026-09-12 00:45:00+00:00,77277.0,77310.0,77262.0,77277.0,1.89196,159
2026-09-12 01:00:00+00:00,77277.0,77357.0,77247.0,77357.0,2.10183,158
2026-09-12 01:15:00+00:00,77357.0,77364.0,77282.0,77309.0,0.44097,151
2026-09-12 01:30:00+00:00,77315.0,77316.0,77251.0,77266.0,1.11589,206
2026-09-12 01:45:00+00:00,77283.0,77326.0,77254.0,77254.0,0.99264,177
2026-09-12 02:00:00+00:00,77254.0,77312.0,77250.0,77299.0,0.54412,162
2026-09-12 02:15:00+00:00,77287.0,77310.0,77274.0,77274.0,1.40853,144
2026-09-12 02:30:00+00:00,77275.0,77280.0,77204.0,77227.0,0.51831,148
2026-09-12 02:45:00+00:00,77225.0,77262.0,77197.0,77214.0,0.27465,147
2026-09-12 03:00:00+00:00,77257.0,77327.0,77230.0,77269.0,0.77108,166
2026-09-12 03:15:00+00:00,77270.0,77308.0,77220.0,77276.0,0.42344,142
2026-09-12 03:30:00+00:00,77276.0,77276.0,77225.0,77234.0,6.09571,214
2026-09-12 03:45:00+00:00,77233.0,77255.0,77225.0,77254.0,0.55694,137
2026-09-12 04:00:00+00:00,77254.0,77305.0,77254.0,77289.0,0.40374,146
2026-09-12 04:15:00+00:00,77289.0,77290.0,77209.0,77236.0,0.81679,132
2026-09-12 04:30:00+00:00,77251.0,77287.0,77228.0,77240.0,1.38486,133
2026-09-12 04:45:00+00:00,77241.0,77258.0,77217.0,77218.0,0.48849,160
2026-09-12 05:00:00+00:00,77218.0,77231.0,77159.0,77218.0,6.94014,207
2026-09-12 05:15:00+00:00,77218.0,77231.0,77180.0,77187.0,0.34052,162
2026-09-12 05:30:00+00:00,77180.0,77248.0,77179.0,77225.0,0.52636,174
2026-09-12 05:45:00+00:00,77225.0,77243.0,77200.0,77201.0,1.29116,145
2026-09-12 06:00:00+00:00,77202.0,77225.0,77197.0,77198.0,0.21012,134
2026-09-12 06:15:00+00:00,77199.0,77231.0,77198.0,77230.0,0.40478,132
2026-09-12 06:30:00+00:00,77230.0,77300.0,77230.0,77299.0,2.03097,153
2026-09-12 06:45:00+00:00,77300.0,77356.0,77288.0,77290.0,6.63834,203
2026-09-12 07:00:00+00:00,77290.0,77351.0,77290.0,77343.0,8.53417,201
2026-09-12 07:15:00+00:00,77344.0,77344.0,77305.0,77305.0,0.34605,128
2026-09-12 07:30:00+00:00,77306.0,77308.0,77274.0,77279.0,1.01379,136
2026-09-12 07:45:00+00:00,77280.0,77300.0,77253.0,77270.0,5.14644,163
2026-09-12 08:00:00+00:00,77271.0,77363.0,77265.0,77295.0,10.50588,217
2026-09-12 08:15:00+00:00,77303.0,77360.0,77296.0,77307.0,0.6944,140
2026-09-12 08:30:00+00:00,77307.0,77357.0,77305.0,77355.0,1.85928,169
2026-09-12 08:45:00+00:00,77354.0,77392.0,77340.0,77364.0,4.77265,165
2026-09-12 09:00:00+00:00,77364.0,77384.0,77343.0,77373.0,1.12198,142
2026-09-12 09:15:00+00:00,77371.0,77385.0,77349.0,77356.0,0.17163,82
2026-09-12 09:30:00+00:00,77383.0,77383.0,77330.0,77336.0,0.55359,108
2026-09-12 09:45:00+00:00,77337.0,77353.0,77322.0,77349.0,0.31995,89
2026-09-12 10:00:00+00:00,77350.0,77400.0,77349.0,77399.0,0.50154,92
2026-09-12 10:15:00+00:00,77396.0,77396.0,77380.0,77383.0,0.08867,85
2026-09-12 10:30:00+00:00,77384.0,77384.0,77350.0,77366.0,0.55297,76
2026-09-12 10:45:00+00:00,77365.0,77384.0,77311.0,77328.0,1.99967,102
2026-09-12 11:00:00+00:00,77329.0,77347.0,77307.0,77328.0,0.20016,78
2026-09-12 11:15:00+00:00,77328.0,77329.0,77291.0,77296.0,0.67192,86
2026-09-12 11:30:00+00:00,77297.0,77342.0,77289.0,77340.0,0.21983,87
2026-09-12 11:45:00+00:00,77340.0,77354.0,77339.0,77348.0,0.12741,78
2026-09-12 12:00:00+00:00,77348.0,77363.0,77321.0,77321.0,0.11579,88
2026-09-12 12:15:00+00:00,77323.0,77342.0,77303.0,77326.0,0.39059,90
2026-09-12 12:30:00+00:00,77326.0,77344.0,77317.0,77317.0,1.77981,107
2026-09-12 12:45:00+00:00,77316.0,77332.0,77277.0,77332.0,2.60516,135
2026-09-12 13:00:00+00:00,77326.0,77381.0,77301.0,77320.0,2.06185,123
2026-09-12 13:15:00+00:00,77319.0,77323.0,77255.0,77305.0,0.77274,125
2026-09-12 13:30:00+00:00,77306.0,77307.0,77261.0,77298.0,0.71654,129
2026-09-12 13:45:00+00:00,77298.0,77368.0,77280.0,77368.0,0.1034,101
2026-09-12 14:00:00+00:00,77369.0,77385.0,77362.0,77364.0,0.21406,126
2026-09-12 14:15:00+00:00,77365.0,77425.0,77363.0,77420.0,1.63348,167
2026-09-12 14:30:00+00:00,77420.0,77476.0,77420.0,77448.0,0.37292,186
2026-09-12 14:45:00+00:00,77449.0,77496.0,77448.0,77448.0,0.62865,163
2026-09-12 15:00:00+00:00,77448.0,77449.0,77406.0,77424.0,0.20014,125
2026-09-12 15:15:00+00:00,77425.0,77479.0,77420.0,77450.0,0.22947,180
2026-09-12 15:30:00+00:00,77451.0,77457.0,77369.0,77400.0,0.47305,120
2026-09-12 15:45:00+00:00,77401.0,77422.0,77367.0,77368.0,3.11806,153
2026-09-12 16:00:00+00:00,77369.0,77409.0,77344.0,77360.0,1.67385,125
2026-09-12 16:15:00+00:00,77360.0,77378.0,77359.0,77370.0,3.59298,133
2026-09-12 16:30:00+00:00,77370.0,77372.0,77340.0,77349.0,0.34074,101
2026-09-12 16:45:00+00:00,77350.0,77360.0,77331.0,77355.0,0.4275,79
2026-09-12 17:00:00+00:00,77355.0,77395.0,77337.0,77337.0,1.59512,89
2026-09-12 17:15:00+00:00,77344.0,77346.0,77258.0,77270.0,3.83081,90
2026-09-12 17:30:00+00:00,77270.0,77279.0,77208.0,77227.0,0.83053,96
2026-09-12 17:45:00+00:00,77228.0,77228.0,77172.0,77201.0,0.12529,115
2026-09-12 18:00:00+00:00,77201.0,77207.0,77165.0,77167.0,3.77969,70
2026-09-12 18:15:00+00:00,77158.0,77195.0,77126.0,77189.0,0.79983,78
2026-09-12 18:30:00+00:00,77192.0,77192.0,77113.0,77180.0,4.0063,71
2026-09-12 18:45:00+00:00,77180.0,77180.0,77124.0,77124.0,1.34661,51
2026-09-12 19:00:00+00:00,77129.0,77171.0,77129.0,77171.0,0.57517,85
2026-09-12 19:15:00+00:00,77171.0,77181.0,77130.0,77130.0,4.41856,68
2026-09-12 19:30:00+00:00,77131.0,77145.0,77064.0,77064.0,3.42367,98
2026-09-12 19:45:00+00:00,77072.0,77151.0,77069.0,77108.0,0.63092,60
2026-09-12 20:00:00+00:00,77125.0,77177.0,77125.0,77171.0,0.52357,69
2026-09-12 20:15:00+00:00,77172.0,77189.0,77144.0,77184.0,2.55755,118
2026-09-12 20:30:00+00:00,77183.0,77195.0,77142.0,77179.0,1.10695,107
2026-09-12 20:45:00+00:00,77169.0,77210.0,77146.0,77150.0,0.37452,104
2026-09-12 21:00:00+00:00,77150.0,77230.0,77137.0,77152.0,1.42805,135
2026-09-12 21:15:00+00:00,77155.0,77199.0,77154.0,77199.0,2.73734,133
2026-09-12 21:30:00+00:00,77200.0,77255.0,77199.0,77229.0,0.35221,135
2026-09-12 21:45:00+00:00,77229.0,77257.0,77192.0,77244.0,0.66069,125
2026-09-12 22:00:00+00:00,77244.0,77276.0,77205.0,77219.0,1.25889,128
2026-09-12 22:15:00+00:00,77246.0,77278.0,77181.0,77189.0,0.37028,118
2026-09-12 22:30:00+00:00,77190.0,77220.0,77171.0,77171.0,4.74505,134
2026-09-12 22:45:00+00:00,77172.0,77228.0,77171.0,77219.0,0.27828,115
2026-09-12 23:00:00+00:00,77220.0,77258.0,77215.0,77255.0,0.86629,111
2026-09-12 23:15:00+00:00,77256.0,77262.0,77233.0,77233.0,4.27118,133
2026-09-12 23:30:00+00:00,77234.0,77242.0,77220.0,77229.0,0.38335,115
2026-09-12 23:45:00+00:00,77229.0,77274.0,77229.0,77270.0,1.21403,165
2026-09-13 00:00:00+00:00,77270.0,77290.0,77249.0,77253.0,6.52992,174
2026-09-13 00:15:00+00:00,77254.0,77259.0,77249.0,77258.0,0.70954,105
2026-09-13 00:30:00+00:00,77259.0,77259.0,77143.0,77199.0,0.8212,95
2026-09-13 00:45:00+00:00,77199.0,77253.0,77199.0,77252.0,0.12152,49
2026-09-13 01:00:00+00:00,77252.0,77277.0,77229.0,77277.0,1.2408,72
2026-09-13 01:15:00+00:00,77253.0,77315.0,77241.0,77241.0,0.18203,58
2026-09-13 01:30:00+00:00,77235.0,77279.0,77226.0,77279.0,1.16662,61
2026-09-13 01:45:00+00:00,77279.0,77297.0,77267.0,77294.0,1.10769,66
2026-09-13 02:00:00+00:00,77294.0,77294.0,77260.0,77260.0,1.95851,61
2026-09-13 02:15:00+00:00,77260.0,77273.0,77228.0,77242.0,0.2024,65
2026-09-13 02:30:00+00:00,77242.0,77278.0,77230.0,77278.0,0.34535,88
2026-09-13 02:45:00+00:00,77278.0,77293.0,77263.0,77274.0,0.54435,87
2026-09-13 03:00:00+00:00,77274.0,77301.0,77255.0,77264.0,0.09352,52
2026-09-13 03:15:00+00:00,77268.0,77268.0,77263.0,77263.0,4.96964,123
2026-09-13 03:30:00+00:00,77264.0,77264.0,77194.0,77209.0,0.50146,73
2026-09-13 03:45:00+00:00,77209.0,77209.0,77178.0,77178.0,2.11798,67
2026-09-13 04:00:00+00:00,77178.0,77241.0,77178.0,77185.0,0.84344,66
2026-09-13 04:15:00+00:00,77185.0,77245.0,77184.0,77207.0,0.17084,49
2026-09-13 04:30:00+00:00,77207.0,77211.0,77194.0,77194.0,0.06605,47
2026-09-13 04:45:00+00:00,77195.0,77195.0,77181.0,77181.0,0.10538,44
2026-09-13 05:00:00+00:00,77181.0,77221.0,77181.0,77221.0,0.24235,60
2026-09-13 05:15:00+00:00,77221.0,77264.0,77221.0,77264.0,0.06045,49
2026-09-13 05:30:00+00:00,77268.0,77280.0,77268.0,77280.0,0.01194,39
2026-09-13 05:45:00+00:00,77280.0,77301.0,77280.0,77301.0,0.10491,54
2026-09-13 06:00:00+00:00,77301.0,77301.0,77290.0,77290.0,0.08832,48
2026-09-13 06:15:00+00:00,77290.0,77290.0,77271.0,77273.0,2.25407,72
2026-09-13 06:30:00+00:00,77273.0,77279.0,77250.0,77278.0,0.20258,74
2026-09-13 06:45:00+00:00,77278.0,77278.0,77052.0,77096.0,0.70252,87
2026-09-13 07:00:00+00:00,77070.0,77148.0,77070.0,77143.0,3.85193,199
2026-09-13 07:15:00+00:00,77143.0,77154.0,77109.0,77121.0,0.19912,73
2026-09-13 07:30:00+00:00,77121.0,77145.0,77077.0,77135.0,3.62039,162
2026-09-13 07:45:00+00:00,77135.0,77142.0,77073.0,77104.0,0.64889,104
2026-09-13 08:00:00+00:00,77104.0,77147.0,77027.0,77049.0,1.53573,105
2026-09-13 08:15:00+00:00,77049.0,77049.0,76988.0,77003.0,0.55472,89
2026-09-13 08:30:00+00:00,77000.0,77000.0,76730.0,76802.0,3.29735,202
2026-09-13 08:45:00+00:00,76815.0,76856.0,76729.0,76778.0,5.91324,173
2026-09-13 09:00:00+00:00,76778.0,76874.0,76778.0,76798.0,2.45277,131
2026-09-13 09:15:00+00:00,76798.0,76799.0,76588.0,76631.0,2.49455,161
2026-09-13 09:30:00+00:00,76620.0,76730.0,76555.0,76690.0,2.04888,138
2026-09-13 09:45:00+00:00,76692.0,76795.0,76688.0,76795.0,0.81666,102
2026-09-13 10:00:00+00:00,76763.0,76786.0,76733.0,76769.0,0.79547,101
2026-09-13 10:15:00+00:00,76769.0,76780.0,76714.0,76720.0,3.73331,108
2026-09-13 10:30:00+00:00,76720.0,76786.0,76672.0,76672.0,1.98448,115
2026-09-13 10:45:00+00:00,76673.0,76725.0,76617.0,76622.0,0.54631,117
2026-09-13 11:00:00+00:00,76644.0,76669.0,76495.0,76515.0,1.53358,154
2026-09-13 11:15:00+00:00,76501.0,76647.0,76501.0,76616.0,2.27755,111
2026-09-13 11:30:00+00:00,76633.0,76765.0,76619.0,76749.0,0.46657,121
2026-09-13 11:45:00+00:00,76748.0,76769.0,76728.0,76746.0,1.55973,149
2026-09-13 12:00:00+00:00,76756.0,76767.0,76727.0,76766.0,1.99148,148
2026-09-13 12:15:00+00:00,76767.0,76820.0,76765.0,76811.0,1.05252,116
2026-09-13 12:30:00+00:00,76811.0,76828.0,76700.0,76719.0,2.60317,172
2026-09-13 12:45:00+00:00,76719.0,76750.0,76677.0,76735.0,3.14685,203
2026-09-13 13:00:00+00:00,76736.0,76743.0,76660.0,76742.0,0.74791,142
2026-09-13 13:15:00+00:00,76742.0,76742.0,76554.0,76566.0,1.80637,173
2026-09-13 13:30:00+00:00,76566.0,76747.0,76566.0,76743.0,1.32221,127
2026-09-13 13:45:00+00:00,76743.0,76880.0,76743.0,76822.0,4.04738,167
2026-09-13 14:00:00+00:00,76823.0,76984.0,76822.0,76984.0,0.29351,103
2026-09-13 14:15:00+00:00,76991.0,77101.0,76991.0,77100.0,3.38608,221
2026-09-13 14:30:00+00:00,77090.0,77237.0,77066.0,77181.0,1.58046,186
2026-09-13 14:45:00+00:00,77182.0,77228.0,77150.0,77195.0,3.05107,170
2026-09-13 15:00:00+00:00,77196.0,77196.0,77084.0,77086.0,6.4704,192
2026-09-13 15:15:00+00:00,77085.0,77185.0,77002.0,77031.0,2.02829,161
2026-09-13 15:30:00+00:00,77031.0,77159.0,77031.0,77150.0,0.50427,169
2026-09-13 15:45:00+00:00,77151.0,77151.0,77104.0,77114.0,0.7179,132
2026-09-13 16:00:00+00:00,77115.0,77235.0,77114.0,77181.0,1.4226,159
2026-09-13 16:15:00+00:00,77182.0,77271.0,77166.0,77237.0,5.7287,229
2026-09-13 16:30:00+00:00,77238.0,77328.0,77210.0,77277.0,9.34961,256
2026-09-13 16:45:00+00:00,77278.0,77302.0,77219.0,77260.0,0.61073,151
2026-09-13 17:00:00+00:00,77261.0,77388.0,77261.0,77347.0,0.47096,152
2026-09-13 17:15:00+00:00,77348.0,77365.0,77269.0,77269.0,2.88415,137
2026-09-13 17:30:00+00:00,77270.0,77270.0,77213.0,77241.0,0.26244,139
2026-09-13 17:45:00+00:00,77242.0,77339.0,77240.0,77302.0,0.86426,155
2026-09-13 18:00:00+00:00,77303.0,77337.0,77280.0,77336.0,0.54787,164
2026-09-13 18:15:00+00:00,77337.0,77353.0,77299.0,77299.0,1.2047,170
2026-09-13 18:30:00+00:00,77300.0,77343.0,77281.0,77339.0,5.59098,185
2026-09-13 18:45:00+00:00,77340.0,77346.0,77311.0,77315.0,3.94941,168
2026-09-13 19:00:00+00:00,77316.0,77371.0,77255.0,77256.0,1.64225,181
2026-09-13 19:15:00+00:00,77256.0,77257.0,77210.0,77241.0,2.04177,199
2026-09-13 19:30:00+00:00,77240.0,77240.0,77200.0,77216.0,1.44372,150
2026-09-13 19:45:00+00:00,77217.0,77259.0,77212.0,77255.0,1.13582,143
2026-09-13 20:00:00+00:00,77256.0,77276.0,77226.0,77275.0,0.4243,133
2026-09-13 20:15:00+00:00,77276.0,77299.0,77264.0,77282.0,0.36636,139
2026-09-13 20:30:00+00:00,77283.0,77328.0,77266.0,77295.0,1.68862,133
2026-09-13 20:45:00+00:00,77296.0,77338.0,77293.0,77310.0,0.09449,137
2026-09-13 21:00:00+00:00,77316.0,77337.0,77273.0,77322.0,2.92336,163
2026-09-13 21:15:00+00:00,77323.0,77414.0,77322.0,77383.0,0.88972,160
2026-09-13 21:30:00+00:00,77384.0,77384.0,77314.0,77347.0,0.67634,162
2026-09-13 21:45:00+00:00,77347.0,77348.0,77271.0,77280.0,0.73958,289
2026-09-13 22:00:00+00:00,77280.0,77280.0,76836.0,76901.0,1.86367,234
2026-09-13 22:15:00+00:00,76901.0,76901.0,76701.0,76807.0,4.04768,239
2026-09-13 22:30:00+00:00,76808.0,76851.0,76700.0,76704.0,1.11266,129
2026-09-13 22:45:00+00:00,76701.0,76775.0,76640.0,76676.0,1.36215,141
2026-09-13 23:00:00+00:00,76680.0,76721.0,76634.0,76691.0,1.17493,106
2026-09-13 23:15:00+00:00,76692.0,76716.0,76600.0,76703.0,0.67498,121
2026-09-13 23:30:00+00:00,76704.0,76830.0,76693.0,76805.0,3.1155,235
2026-09-13 23:45:00+00:00,76799.0,76831.0,76739.0,76794.0,0.58264,163
2026-09-14 00:00:00+00:00,76794.0,77025.0,76790.0,76871.0,1.49404,211
2026-09-14 00:15:00+00:00,76872.0,76901.0,76386.0,76447.0,18.29536,414
2026-09-14 00:30:00+00:00,76455.0,76793.0,76455.0,76788.0,0.62836,189
2026-09-14 00:45:00+00:00,76789.0,76854.0,76730.0,76784.0,4.39537,188
2026-09-14 01:00:00+00:00,76785.0,76857.0,76682.0,76728.0,0.45346,177
2026-09-14 01:15:00+00:00,76729.0,76882.0,76634.0,76828.0,0.71088,214
2026-09-14 01:30:00+00:00,76828.0,76942.0,76617.0,76798.0,5.66168,263
2026-09-14 01:45:00+00:00,76799.0,77136.0,76752.0,77087.0,1.18958,214
2026-09-14 02:00:00+00:00,77088.0,77362.0,76998.0,77341.0,6.88321,257
2026-09-14 02:15:00+00:00,77364.0,77642.0,77260.0,77519.0,2.44981,252
2026-09-14 02:30:00+00:00,77520.0,77642.0,77407.0,77479.0,4.57936,217
2026-09-14 02:45:00+00:00,77461.0,77685.0,77461.0,77592.0,2.21943,170
2026-09-14 03:00:00+00:00,77592.0,77830.0,77580.0,77773.0,7.39019,210
2026-09-14 03:15:00+00:00,77777.0,77833.0,77717.0,77783.0,3.4439,142
2026-09-14 03:30:00+00:00,77784.0,77784.0,77510.0,77510.0,0.68512,127
2026-09-14 03:45:00+00:00,77520.0,77573.0,77472.0,77573.0,3.70402,163
2026-09-14 04:00:00+00:00,77578.0,77614.0,77523.0,77561.0,0.50262,122
2026-09-14 04:15:00+00:00,77562.0,77673.0,77521.0,77613.0,0.36606,114
2026-09-14 04:30:00+00:00,77614.0,77640.0,77513.0,77613.0,1.53746,102
2026-09-14 04:45:00+00:00,77613.0,77679.0,77561.0,77663.0,0.42798,103
2026-09-14 05:00:00+00:00,77663.0,77663.0,77540.0,77621.0,0.12214,112
2026-09-14 05:15:00+00:00,77621.0,77621.0,77500.0,77500.0,0.721,123
2026-09-14 05:30:00+00:00,77504.0,77583.0,77479.0,77521.0,20.19571,239
2026-09-14 05:45:00+00:00,77522.0,77568.0,77464.0,77568.0,2.8276,121
2026-09-14 06:00:00+00:00,77569.0,77854.0,77564.0,77753.0,2.60855,234
2026-09-14 06:15:00+00:00,77754.0,77754.0,77550.0,77550.0,3.23528,201
2026-09-14 06:30:00+00:00,77534.0,77734.0,77341.0,77698.0,0.83166,201
2026-09-14 06:45:00+00:00,77698.0,77727.0,77561.0,77562.0,13.10143,352
2026-09-14 07:00:00+00:00,77562.0,77714.0,77499.0,77638.0,6.07953,215
2026-09-14 07:15:00+00:00,77629.0,77712.0,77611.0,77679.0,0.19967,132
2026-09-14 07:30:00+00:00,77680.0,77840.0,77658.0,77828.0,0.5976,125
2026-09-14 07:45:00+00:00,77828.0,77872.0,77746.0,77872.0,11.73302,198
2026-09-14 08:00:00+00:00,77872.0,77875.0,77693.0,77765.0,1.88099,121
2026-09-14 08:15:00+00:00,77755.0,77947.0,77679.0,77729.0,1.2612,131
2026-09-14 08:30:00+00:00,77730.0,77783.0,77684.0,77738.0,3.33343,156
2026-09-14 08:45:00+00:00,77737.0,77750.0,77641.0,77716.0,0.44889,108
2026-09-14 09:00:00+00:00,77717.0,77798.0,77670.0,77670.0,6.18507,187
2026-09-14 09:15:00+00:00,77670.0,77740.0,77570.0,77740.0,2.13343,139
2026-09-14 09:30:00+00:00,77755.0,77895.0,77755.0,77859.0,3.23528,146
2026-09-14 09:45:00+00:00,77860.0,78338.0,77859.0,78101.0,4.24881,312
2026-09-14 10:00:00+00:00,78124.0,78140.0,77989.0,78011.0,3.0716,156
2026-09-14 10:15:00+00:00,78007.0,78044.0,77913.0,77929.0,8.43142,166
2026-09-14 10:30:00+00:00,77951.0,77980.0,77896.0,77928.0,0.37173,93
2026-09-14 10:45:00+00:00,77921.0,77992.0,77871.0,77880.0,0.28858,79
2026-09-14 11:00:00+00:00,77875.0,77875.0,77702.0,77736.0,11.80595,213
2026-09-14 11:15:00+00:00,77737.0,77892.0,77737.0,77883.0,2.72408,125
2026-09-14 11:30:00+00:00,77884.0,77898.0,77671.0,77799.0,3.9333,101
2026-09-14 11:45:00+00:00,77799.0,77800.0,77663.0,77752.0,0.76277,90
2026-09-14 12:00:00+00:00,77746.0,77814.0,77685.0,77814.0,5.92349,104
2026-09-14 12:15:00+00:00,77814.0,77974.0,77814.0,77974.0,1.00742,101
2026-09-14 12:30:00+00:00,77975.0,78058.0,77753.0,77904.0,1.77098,116
2026-09-14 12:45:00+00:00,77880.0,77909.0,77619.0,77663.0,0.27482,88
2026-09-14 13:00:00+00:00,77671.0,77701.0,77467.0,77687.0,7.67334,179
2026-09-14 13:15:00+00:00,77681.0,77826.0,77681.0,77826.0,1.80855,102
2026-09-14 13:30:00+00:00,77836.0,78229.0,77836.0,78140.0,1.43719,179
2026-09-14 13:45:00+00:00,78134.0,78459.0,78037.0,78208.0,4.9053,263
2026-09-14 14:00:00+00:00,78150.0,78500.0,78149.0,78483.0,7.51799,231
2026-09-14 14:15:00+00:00,78483.0,78610.0,78185.0,78354.0,8.96567,219
2026-09-14 14:30:00+00:00,78369.0,78660.0,78315.0,78390.0,2.61861,188
2026-09-14 14:45:00+00:00,78402.0,78587.0,78369.0,78523.0,3.24665,140
2026-09-14 15:00:00+00:00,78491.0,78550.0,78268.0,78482.0,7.52773,250
2026-09-14 15:15:00+00:00,78469.0,78567.0,78367.0,78383.0,0.91495,142
2026-09-14 15:30:00+00:00,78383.0,78563.0,78310.0,78526.0,2.34883,137
2026-09-14 15:45:00+00:00,78526.0,78650.0,78336.0,78553.0,6.02634,155
2026-09-14 16:00:00+00:00,78548.0,78571.0,78403.0,78413.0,7.58238,122
2026-09-14 16:15:00+00:00,78414.0,78859.0,78414.0,78642.0,7.04033,272
2026-09-14 16:30:00+00:00,78643.0,78699.0,78600.0,78619.0,5.87519,198
2026-09-14 16:45:00+00:00,78619.0,78870.0,78618.0,78747.0,1.2599,229
2026-09-14 17:00:00+00:00,78748.0,78868.0,78720.0,78805.0,5.51086,198
2026-09-14 17:15:00+00:00,78806.0,78961.0,78762.0,78871.0,1.59838,260
2026-09-14 17:30:00+00:00,78871.0,78878.0,78700.0,78829.0,5.34318,231
2026-09-14 17:45:00+00:00,78830.0,79014.0,78792.0,78926.0,8.18758,288
2026-09-14 18:00:00+00:00,78927.0,78988.0,78837.0,78837.0,3.66814,236
2026-09-14 18:15:00+00:00,78838.0,79232.0,78832.0,79125.0,3.81946,257
2026-09-14 18:30:00+00:00,79131.0,79236.0,78987.0,79184.0,2.6836,242
2026-09-14 18:45:00+00:00,79183.0,79319.0,79165.0,79214.0,16.13371,362
2026-09-14 19:00:00+00:00,79215.0,79215.0,79000.0,79067.0,1.19977,186
2026-09-14 19:15:00+00:00,79068.0,79220.0,79068.0,79138.0,1.95359,218
2026-09-14 19:30:00+00:00,79139.0,79191.0,78956.0,79123.0,2.0854,213
2026-09-14 19:45:00+00:00,79129.0,79150.0,78985.0,78985.0,1.76332,179
2026-09-14 20:00:00+00:00,78986.0,79197.0,78983.0,79171.0,15.72578,368
2026-09-14 20:15:00+00:00,79171.0,79588.0,79171.0,79435.0,8.99503,423
2026-09-14 20:30:00+00:00,79439.0,79477.0,79327.0,79330.0,4.32811,264
2026-09-14 20:45:00+00:00,79331.0,79380.0,79090.0,79090.0,1.75941,202
2026-09-14 21:00:00+00:00,79094.0,79094.0,78745.0,78867.0,13.6167,337
2026-09-14 21:15:00+00:00,78880.0,78983.0,78810.0,78899.0,1.47259,145
2026-09-14 21:30:00+00:00,78900.0,78959.0,78779.0,78808.0,0.73284,155
2026-09-14 21:45:00+00:00,78809.0,78815.0,78743.0,78756.0,3.49844,144
2026-09-14 22:00:00+00:00,78756.0,78838.0,78710.0,78822.0,2.74197,152
2026-09-14 22:15:00+00:00,78811.0,78811.0,78515.0,78575.0,8.80041,219
2026-09-14 22:30:00+00:00,78576.0,78667.0,78504.0,78633.0,3.19478,141
2026-09-14 22:45:00+00:00,78646.0,78646.0,78535.0,78535.0,1.08593,113
2026-09-14 23:00:00+00:00,78536.0,78558.0,78352.0,78408.0,0.58738,166
2026-09-14 23:15:00+00:00,78413.0,78461.0,78351.0,78397.0,0.99941,156
2026-09-14 23:30:00+00:00,78376.0,78376.0,78267.0,78313.0,2.23475,172
2026-09-14 23:45:00+00:00,78313.0,78313.0,78133.0,78184.0,0.38824,206
2026-09-15 00:00:00+00:00,78184.0,78248.0,78112.0,78115.0,1.72575,226
2026-09-15 00:15:00+00:00,78116.0,78130.0,77994.0,78019.0,1.99078,280
2026-09-15 00:30:00+00:00,78020.0,78070.0,77938.0,77959.0,0.14585,166
2026-09-15 00:45:00+00:00,77957.0,78010.0,77938.0,77949.0,1.25757,181
2026-09-15 01:00:00+00:00,77950.0,77950.0,77737.0,77808.0,2.29796,221
2026-09-15 01:15:00+00:00,77809.0,78019.0,77780.0,77842.0,0.98136,167
2026-09-15 01:30:00+00:00,77847.0,78001.0,77842.0,77999.0,0.77289,131
2026-09-15 01:45:00+00:00,78000.0,78049.0,77898.0,77902.0,0.76877,147
2026-09-15 02:00:00+00:00,77903.0,78000.0,77865.0,77965.0,0.73826,148
2026-09-15 02:15:00+00:00,77966.0,78005.0,77892.0,77941.0,0.15533,110
2026-09-15 02:30:00+00:00,77942.0,77942.0,77830.0,77856.0,0.81341,147
2026-09-15 02:45:00+00:00,77857.0,77899.0,77789.0,77892.0,3.99713,178
2026-09-15 03:00:00+00:00,77892.0,77892.0,77696.0,77701.0,0.38589,168
2026-09-15 03:15:00+00:00,77707.0,77844.0,77699.0,77843.0,3.77627,171
2026-09-15 03:30:00+00:00,77844.0,77852.0,77766.0,77797.0,5.00888,163
2026-09-15 03:45:00+00:00,77798.0,77798.0,77647.0,77647.0,0.26781,157
2026-09-15 04:00:00+00:00,77671.0,77734.0,77647.0,77648.0,1.29685,186
2026-09-15 04:15:00+00:00,77648.0,77682.0,77561.0,77616.0,1.39344,188
2026-09-15 04:30:00+00:00,77617.0,77651.0,77534.0,77621.0,2.85183,234
2026-09-15 04:45:00+00:00,77622.0,77622.0,77557.0,77557.0,1.47438,168
2026-09-15 05:00:00+00:00,77558.0,77634.0,77287.0,77388.0,6.00761,266
2026-09-15 05:15:00+00:00,77401.0,77462.0,77301.0,77453.0,0.84751,171
2026-09-15 05:30:00+00:00,77454.0,77491.0,77370.0,77456.0,1.4858,157
2026-09-15 05:45:00+00:00,77457.0,77667.0,77453.0,77620.0,0.33867,142
2026-09-15 06:00:00+00:00,77621.0,77716.0,77569.0,77569.0,1.32199,176
2026-09-15 06:15:00+00:00,77570.0,77586.0,77400.0,77400.0,0.87732,150
2026-09-15 06:30:00+00:00,77401.0,77451.0,77400.0,77417.0,0.31106,127
2026-09-15 06:45:00+00:00,77440.0,77440.0,77145.0,77249.0,31.56453,349
2026-09-15 07:00:00+00:00,77250.0,77287.0,77152.0,77179.0,0.50943,128
2026-09-15 07:15:00+00:00,77191.0,77286.0,77175.0,77253.0,3.66215,133
2026-09-15 07:30:00+00:00,77258.0,77258.0,76963.0,76994.0,24.24252,330
2026-09-15 07:45:00+00:00,76994.0,77053.0,76840.0,76875.0,22.66484,305
2026-09-15 08:00:00+00:00,76881.0,76889.0,76668.0,76759.0,13.09417,246
2026-09-15 08:15:00+00:00,76760.0,76838.0,76668.0,76820.0,3.94882,156
2026-09-15 08:30:00+00:00,76818.0,76861.0,76763.0,76795.0,19.87938,296
2026-09-15 08:45:00+00:00,76796.0,76958.0,76795.0,76957.0,13.31777,245
2026-09-15 09:00:00+00:00,76951.0,76951.0,76857.0,76876.0,9.26464,186
2026-09-15 09:15:00+00:00,76893.0,76952.0,76830.0,76860.0,2.03718,77
2026-09-15 09:30:00+00:00,76879.0,76951.0,76876.0,76951.0,1.34864,92
2026-09-15 09:45:00+00:00,76956.0,77010.0,76915.0,76941.0,53.31464,412
2026-09-15 10:00:00+00:00,76942.0,77015.0,76864.0,76959.0,7.85227,176
2026-09-15 10:15:00+00:00,76962.0,77000.0,76840.0,76883.0,3.52047,125
2026-09-15 10:30:00+00:00,76840.0,77001.0,76831.0,77001.0,1.87732,108
2026-09-15 10:45:00+00:00,77017.0,77131.0,76964.0,77008.0,2.83263,136
2026-09-15 11:00:00+00:00,77008.0,77175.0,76975.0,76984.0,4.18698,129
2026-09-15 11:15:00+00:00,76995.0,77071.0,76943.0,76967.0,0.81054,95
2026-09-15 11:30:00+00:00,76963.0,76963.0,76830.0,76890.0,0.2466,99
2026-09-15 11:45:00+00:00,76891.0,76914.0,76817.0,76900.0,1.75947,105
2026-09-15 12:00:00+00:00,76900.0,76935.0,76815.0,76890.0,3.07939,131
2026-09-15 12:15:00+00:00,76890.0,76943.0,76875.0,76883.0,2.88555,109
2026-09-15 12:30:00+00:00,76910.0,76933.0,76836.0,76914.0,1.1489,120
2026-09-15 12:45:00+00:00,76914.0,77097.0,76854.0,76937.0,3.98903,194
2026-09-15 13:00:00+00:00,76930.0,77096.0,76930.0,76944.0,0.4691,105
2026-09-15 13:15:00+00:00,76966.0,76977.0,76900.0,76923.0,1.59078,169
2026-09-15 13:30:00+00:00,76924.0,76924.0,76128.0,76401.0,26.76579,752
2026-09-15 13:45:00+00:00,76403.0,76565.0,76124.0,76565.0,21.10548,367
2026-09-15 14:00:00+00:00,76569.0,76647.0,76285.0,76366.0,2.9232,266
2026-09-15 14:15:00+00:00,76365.0,76455.0,76284.0,76300.0,2.46728,165
2026-09-15 14:30:00+00:00,76301.0,76301.0,75667.0,75863.0,19.42218,847
2026-09-15 14:45:00+00:00,75875.0,75937.0,75578.0,75901.0,7.38162,462
2026-09-15 15:00:00+00:00,75904.0,76053.0,75798.0,75959.0,8.40358,328
2026-09-15 15:15:00+00:00,75988.0,76455.0,75901.0,76313.0,5.17599,344
2026-09-15 15:30:00+00:00,76312.0,76405.0,76239.0,76396.0,2.96299,283
2026-09-15 15:45:00+00:00,76393.0,76549.0,76380.0,76467.0,6.54445,254
2026-09-15 16:00:00+00:00,76467.0,76519.0,76224.0,76225.0,1.32241,209
2026-09-15 16:15:00+00:00,76225.0,76448.0,76225.0,76415.0,0.76446,201
2026-09-15 16:30:00+00:00,76424.0,76431.0,76250.0,76318.0,3.65935,205
2026-09-15 16:45:00+00:00,76319.0,76439.0,76305.0,76337.0,2.45037,216
2026-09-15 17:00:00+00:00,76329.0,76364.0,76136.0,76208.0,1.05054,179
2026-09-15 17:15:00+00:00,76205.0,76478.0,76191.0,76467.0,3.33708,188
2026-09-15 17:30:00+00:00,76460.0,77270.0,76460.0,76712.0,13.76373,564
2026-09-15 17:45:00+00:00,76712.0,77031.0,76712.0,76912.0,5.18697,242
2026-09-15 18:00:00+00:00,76913.0,76916.0,76788.0,76847.0,1.00353,176
2026-09-15 18:15:00+00:00,76815.0,77134.0,76460.0,76846.0,2.91949,336
2026-09-15 18:30:00+00:00,76869.0,76869.0,75676.0,75760.0,47.5949,1113
2026-09-15 18:45:00+00:00,75752.0,76158.0,74934.0,75978.0,63.72318,2103
2026-09-15 19:00:00+00:00,75949.0,76225.0,75783.0,75944.0,31.79463,609
2026-09-15 19:15:00+00:00,75939.0,76259.0,75836.0,75891.0,4.25091,287
2026-09-15 19:30:00+00:00,75893.0,76023.0,75844.0,75847.0,5.09364,326
2026-09-15 19:45:00+00:00,75859.0,76158.0,75828.0,76144.0,7.52373,330
2026-09-15 20:00:00+00:00,76150.0,76198.0,75900.0,75990.0,6.82172,285
2026-09-15 20:15:00+00:00,75998.0,75998.0,75700.0,75700.0,10.03557,383
2026-09-15 20:30:00+00:00,75701.0,75812.0,75576.0,75812.0,6.61646,309
2026-09-15 20:45:00+00:00,75813.0,75960.0,75813.0,75888.0,7.89955,269
2026-09-15 21:00:00+00:00,75888.0,75915.0,75670.0,75829.0,1.2388,237
2026-09-15 21:15:00+00:00,75825.0,75859.0,75602.0,75622.0,5.53871,229
2026-09-15 21:30:00+00:00,75630.0,75709.0,75501.0,75690.0,1.30513,129
2026-09-15 21:45:00+00:00,75690.0,75707.0,75360.0,75427.0,3.64057,204
2026-09-15 22:00:00+00:00,75428.0,75525.0,75297.0,75333.0,2.40619,192
2026-09-15 22:15:00+00:00,75323.0,75488.0,75100.0,75433.0,4.52799,290
2026-09-15 22:30:00+00:00,75436.0,75602.0,75436.0,75561.0,5.98905,260
2026-09-15 22:45:00+00:00,75562.0,75694.0,75549.0,75611.0,6.2402,292
2026-09-15 23:00:00+00:00,75611.0,75843.0,75602.0,75831.0,3.92199,257
2026-09-15 23:15:00+00:00,75844.0,75889.0,75682.0,75684.0,1.17533,217
2026-09-15 23:30:00+00:00,75682.0,75691.0,75514.0,75626.0,1.32733,229
2026-09-15 23:45:00+00:00,75627.0,75666.0,75567.0,75574.0,0.39355,160
2026-09-16 00:00:00+00:00,75589.0,75748.0,75528.0,75652.0,4.03985,211
2026-09-16 00:15:00+00:00,75652.0,75817.0,75636.0,75808.0,8.196,235
2026-09-16 00:30:00+00:00,75808.0,75866.0,75730.0,75764.0,2.22379,229
2026-09-16 00:45:00+00:00,75755.0,75840.0,75678.0,75730.0,0.19116,188
2026-09-16 01:00:00+00:00,75721.0,75818.0,75651.0,75738.0,0.59664,170
2026-09-16 01:15:00+00:00,75733.0,75907.0,75687.0,75829.0,1.04942,189
2026-09-16 01:30:00+00:00,75826.0,75826.0,75502.0,75614.0,0.37936,172
2026-09-16 01:45:00+00:00,75615.0,75671.0,75416.0,75448.0,1.41822,185
2026-09-16 02:00:00+00:00,75448.0,75619.0,75439.0,75599.0,2.79636,218
2026-09-16 02:15:00+00:00,75609.0,75900.0,75608.0,75899.0,1.60445,190
2026-09-16 02:30:00+00:00,75900.0,76050.0,75891.0,75920.0,3.18199,208
2026-09-16 02:45:00+00:00,75918.0,75958.0,75767.0,75839.0,0.4481,167
2026-09-16 03:00:00+00:00,75840.0,75931.0,75774.0,75910.0,1.8072,192
2026-09-16 03:15:00+00:00,75911.0,76040.0,75811.0,75811.0,4.55914,207
2026-09-16 03:30:00+00:00,75812.0,75865.0,75731.0,75744.0,0.35314,135
2026-09-16 03:45:00+00:00,75745.0,75796.0,75713.0,75772.0,0.08792,123
2026-09-16 04:00:00+00:00,75773.0,75868.0,75764.0,75840.0,0.695,147
2026-09-16 04:15:00+00:00,75841.0,75945.0,75784.0,75824.0,0.3072,122
2026-09-16 04:30:00+00:00,75825.0,75981.0,75806.0,75882.0,0.16584,126
2026-09-16 04:45:00+00:00,75882.0,75925.0,75757.0,75814.0,0.61454,137
2026-09-16 05:00:00+00:00,75812.0,75828.0,75630.0,75754.0,0.68812,155
2026-09-16 05:15:00+00:00,75757.0,75861.0,75748.0,75833.0,1.13388,158
2026-09-16 05:30:00+00:00,75833.0,75930.0,75784.0,75916.0,0.57381,119
2026-09-16 05:45:00+00:00,75917.0,75926.0,75848.0,75925.0,0.99844,128
2026-09-16 06:00:00+00:00,75921.0,75989.0,75916.0,75976.0,10.64067,168
2026-09-16 06:15:00+00:00,75949.0,75984.0,75847.0,75875.0,1.46118,127
2026-09-16 06:30:00+00:00,75875.0,75904.0,75784.0,75869.0,4.56111,190
2026-09-16 06:45:00+00:00,75870.0,75982.0,75869.0,75982.0,0.26964,122
2026-09-16 07:00:00+00:00,75979.0,76033.0,75762.0,75830.0,6.99411,140
2026-09-16 07:15:00+00:00,75830.0,75875.0,75750.0,75762.0,1.12616,129
2026-09-16 07:30:00+00:00,75767.0,75853.0,75725.0,75745.0,2.24437,138
2026-09-16 07:45:00+00:00,75764.0,75835.0,75680.0,75708.0,0.54508,116
2026-09-16 08:00:00+00:00,75708.0,75708.0,75402.0,75465.0,4.03004,222
2026-09-16 08:15:00+00:00,75466.0,75578.0,75311.0,75402.0,1.27428,177
2026-09-16 08:30:00+00:00,75381.0,75527.0,75381.0,75505.0,3.14356,167
2026-09-16 08:45:00+00:00,75506.0,75682.0,75484.0,75682.0,1.62408,139
2026-09-16 09:00:00+00:00,75683.0,75897.0,75673.0,75743.0,0.79075,133
2026-09-16 09:15:00+00:00,75741.0,75820.0,75713.0,75786.0,1.60643,144
2026-09-16 09:30:00+00:00,75787.0,75890.0,75782.0,75864.0,0.57068,111
2026-09-16 09:45:00+00:00,75865.0,75942.0,75839.0,75939.0,3.34293,127
2026-09-16 10:00:00+00:00,75937.0,75984.0,75890.0,75894.0,3.20741,130
2026-09-16 10:15:00+00:00,75894.0,75967.0,75872.0,75912.0,3.21878,152
2026-09-16 10:30:00+00:00,75926.0,75948.0,75883.0,75937.0,6.10296,158
2026-09-16 10:45:00+00:00,75937.0,75937.0,75809.0,75856.0,44.01594,411
2026-09-16 11:00:00+00:00,75926.0,75972.0,75633.0,75835.0,18.14584,429
2026-09-16 11:15:00+00:00,75835.0,75914.0,75792.0,75900.0,2.71115,224
2026-09-16 11:30:00+00:00,75900.0,76213.0,75880.0,76172.0,19.04936,323
2026-09-16 11:45:00+00:00,76172.0,76238.0,76108.0,76194.0,13.44902,379
2026-09-16 12:00:00+00:00,76192.0,76246.0,76061.0,76065.0,46.28761,433
2026-09-16 12:15:00+00:00,76065.0,76097.0,75862.0,75863.0,86.39333,618
2026-09-16 12:30:00+00:00,75877.0,75970.0,75771.0,75915.0,24.93654,318
2026-09-16 12:45:00+00:00,75912.0,75994.0,75893.0,75894.0,5.87113,252
2026-09-16 13:00:00+00:00,75924.0,75924.0,75815.0,75848.0,47.15316,1694
2026-09-16 13:15:00+00:00,75849.0,75882.0,75664.0,75712.0,57.93093,696
2026-09-16 13:30:00+00:00,75712.0,75728.0,75527.0,75728.0,11.69639,323
2026-09-16 13:45:00+00:00,75723.0,75879.0,75575.0,75598.0,4.76254,264
2026-09-16 14:00:00+00:00,75598.0,75607.0,75377.0,75508.0,13.61235,306
2026-09-16 14:15:00+00:00,75508.0,75764.0,75495.0,75748.0,11.5954,345
2026-09-16 14:30:00+00:00,75764.0,75764.0,75560.0,75719.0,3.18269,237
2026-09-16 14:45:00+00:00,75706.0,75706.0,75426.0,75639.0,2.72996,236
2026-09-16 15:00:00+00:00,75639.0,75729.0,75515.0,75721.0,4.38963,285
2026-09-16 15:15:00+00:00,75670.0,75751.0,75586.0,75587.0,6.612,295
2026-09-16 15:30:00+00:00,75592.0,75739.0,75515.0,75686.0,0.99386,196
2026-09-16 15:45:00+00:00,75702.0,75909.0,75690.0,75747.0,3.34935,195
2026-09-16 16:00:00+00:00,75763.0,75821.0,75611.0,75802.0,9.41205,182
2026-09-16 16:15:00+00:00,75798.0,75844.0,75678.0,75718.0,25.086,250
2026-09-16 16:30:00+00:00,75735.0,75777.0,75612.0,75624.0,26.1093,311
2026-09-16 16:45:00+00:00,75646.0,75768.0,75646.0,75704.0,1.82478,130
2026-09-16 17:00:00+00:00,75696.0,75732.0,75611.0,75664.0,2.50003,156
2026-09-16 17:15:00+00:00,75661.0,75754.0,75579.0,75651.0,0.66398,212
2026-09-16 17:30:00+00:00,75652.0,75675.0,75336.0,75395.0,9.85178,368
2026-09-16 17:45:00+00:00,75403.0,75844.0,75299.0,75643.0,9.08948,279
2026-09-16 18:00:00+00:00,75680.0,76467.0,75236.0,75705.0,40.2593,1166
2026-09-16 18:15:00+00:00,75732.0,76022.0,75600.0,75966.0,11.153,362
2026-09-16 18:30:00+00:00,75958.0,76226.0,74890.0,75892.0,85.27085,1734
2026-09-16 18:45:00+00:00,75890.0,75972.0,75412.0,75544.0,10.82803,398
2026-09-16 19:00:00+00:00,75583.0,76101.0,75577.0,75855.0,8.40472,422
2026-09-16 19:15:00+00:00,75881.0,75946.0,75188.0,75433.0,7.70364,404
2026-09-16 19:30:00+00:00,75466.0,75902.0,75384.0,75892.0,5.17674,274
2026-09-16 19:45:00+00:00,75911.0,76057.0,75911.0,76018.0,2.37958,190
2026-09-16 20:00:00+00:00,76018.0,76330.0,75955.0,76148.0,3.82447,237
2026-09-16 20:15:00+00:00,76146.0,76308.0,76058.0,76148.0,7.89834,256
2026-09-16 20:30:00+00:00,76153.0,76191.0,75977.0,76061.0,5.06842,230
2026-09-16 20:45:00+00:00,76049.0,76133.0,76014.0,76117.0,4.06825,185
2026-09-16 21:00:00+00:00,76118.0,76156.0,76032.0,76050.0,2.00991,157
2026-09-16 21:15:00+00:00,76061.0,76091.0,75980.0,76005.0,6.72245,238
2026-09-16 21:30:00+00:00,76004.0,76040.0,75887.0,75899.0,3.70483,227
2026-09-16 21:45:00+00:00,75899.0,75977.0,75884.0,75924.0,1.36778,180
2026-09-16 22:00:00+00:00,75927.0,75939.0,75634.0,75855.0,2.09935,230
2026-09-16 22:15:00+00:00,75843.0,75880.0,75628.0,75702.0,4.89028,226
2026-09-16 22:30:00+00:00,75703.0,75757.0,75606.0,75757.0,1.9531,179
2026-09-16 22:45:00+00:00,75757.0,75768.0,75587.0,75622.0,2.56763,176
2026-09-16 23:00:00+00:00,75622.0,75783.0,75589.0,75778.0,2.74508,135
2026-09-16 23:15:00+00:00,75779.0,76087.0,75779.0,76009.0,2.64305,230
2026-09-16 23:30:00+00:00,76010.0,76193.0,76009.0,76162.0,11.91827,248
2026-09-16 23:45:00+00:00,76167.0,76223.0,76118.0,76167.0,5.84059,161
2026-09-17 00:00:00+00:00,76168.0,76382.0,76146.0,76277.0,5.44529,199
2026-09-17 00:15:00+00:00,76276.0,76439.0,76274.0,76364.0,3.10965,231
2026-09-17 00:30:00+00:00,76364.0,76450.0,76326.0,76387.0,6.96903,236
2026-09-17 00:45:00+00:00,76386.0,76409.0,76276.0,76277.0,1.28116,207
2026-09-17 01:00:00+00:00,76278.0,76299.0,76158.0,76223.0,3.20473,209
2026-09-17 01:15:00+00:00,76249.0,76586.0,76188.0,76580.0,1.61283,242
2026-09-17 01:30:00+00:00,76580.0,76715.0,76444.0,76539.0,3.99177,283
2026-09-17 01:45:00+00:00,76539.0,76539.0,76276.0,76313.0,5.00494,217
2026-09-17 02:00:00+00:00,76313.0,76336.0,76053.0,76153.0,1.91944,197
2026-09-17 02:15:00+00:00,76153.0,76153.0,76013.0,76121.0,1.84781,191
2026-09-17 02:30:00+00:00,76121.0,76388.0,76098.0,76362.0,1.76083,202
2026-09-17 02:45:00+00:00,76368.0,76410.0,76278.0,76305.0,3.26708,174
2026-09-17 03:00:00+00:00,76310.0,76431.0,76304.0,76370.0,6.11306,218
2026-09-17 03:15:00+00:00,76371.0,76455.0,76360.0,76439.0,1.25908,229
2026-09-17 03:30:00+00:00,76437.0,76484.0,76390.0,76421.0,7.99903,290
2026-09-17 03:45:00+00:00,76425.0,76449.0,76357.0,76373.0,2.42547,189
2026-09-17 04:00:00+00:00,76382.0,76382.0,76239.0,76260.0,1.87563,192
2026-09-17 04:15:00+00:00,76260.0,76260.0,76136.0,76145.0,0.64116,169
2026-09-17 04:30:00+00:00,76144.0,76326.0,76128.0,76303.0,2.73248,198
2026-09-17 04:45:00+00:00,76303.0,76521.0,76269.0,76488.0,1.70965,217
2026-09-17 05:00:00+00:00,76482.0,76565.0,76383.0,76413.0,2.14666,223
2026-09-17 05:15:00+00:00,76412.0,76490.0,76350.0,76424.0,1.19207,213
2026-09-17 05:30:00+00:00,76423.0,76423.0,76266.0,76287.0,6.96849,241
2026-09-17 05:45:00+00:00,76281.0,76366.0,76236.0,76255.0,2.31484,238
2026-09-17 06:00:00+00:00,76254.0,76410.0,76232.0,76386.0,1.73502,217
2026-09-17 06:15:00+00:00,76385.0,76385.0,76263.0,76356.0,1.3762,225
2026-09-17 06:30:00+00:00,76392.0,76500.0,76382.0,76490.0,2.21628,280
2026-09-17 06:45:00+00:00,76485.0,76536.0,76399.0,76414.0,4.20831,254
2026-09-17 07:00:00+00:00,76413.0,76602.0,76407.0,76456.0,18.95396,337
2026-09-17 07:15:00+00:00,76459.0,76560.0,76442.0,76443.0,24.48474,327
2026-09-17 07:30:00+00:00,76451.0,76455.0,76366.0,76419.0,29.01524,434
2026-09-17 07:45:00+00:00,76418.0,76454.0,76269.0,76371.0,44.23281,716
2026-09-17 08:00:00+00:00,76376.0,76451.0,76337.0,76342.0,11.11377,289
2026-09-17 08:15:00+00:00,76341.0,76453.0,76321.0,76385.0,3.33976,245
2026-09-17 08:30:00+00:00,76385.0,76465.0,76336.0,76418.0,5.01471,223
2026-09-17 08:45:00+00:00,76418.0,76518.0,76402.0,76499.0,5.56473,282
2026-09-17 09:00:00+00:00,76498.0,76650.0,76498.0,76618.0,3.05098,264
2026-09-17 09:15:00+00:00,76619.0,76668.0,76580.0,76620.0,1.16021,230
2026-09-17 09:30:00+00:00,76603.0,76688.0,76523.0,76523.0,4.19857,243
2026-09-17 09:45:00+00:00,76523.0,76570.0,76408.0,76409.0,3.46232,228
2026-09-17 10:00:00+00:00,76403.0,76407.0,76250.0,76339.0,2.43982,212
2026-09-17 10:15:00+00:00,76326.0,76329.0,76248.0,76289.0,1.65369,219
2026-09-17 10:30:00+00:00,76275.0,76339.0,76244.0,76245.0,3.46249,244
2026-09-17 10:45:00+00:00,76249.0,76339.0,76200.0,76339.0,1.52422,238
2026-09-17 11:00:00+00:00,76335.0,76378.0,76279.0,76362.0,4.71776,310
2026-09-17 11:15:00+00:00,76362.0,76381.0,76285.0,76316.0,25.50881,401
2026-09-17 11:30:00+00:00,76315.0,76315.0,76096.0,76112.0,26.88919,452
2026-09-17 11:45:00+00:00,76111.0,76398.0,76111.0,76398.0,28.48085,502
2026-09-17 12:00:00+00:00,76398.0,76733.0,76330.0,76733.0,28.35788,574
2026-09-17 12:15:00+00:00,76737.0,76932.0,76730.0,76927.0,13.47892,443
2026-09-17 12:30:00+00:00,76887.0,77087.0,76794.0,76814.0,6.27154,367
2026-09-17 12:45:00+00:00,76809.0,76826.0,76666.0,76667.0,4.53427,254
2026-09-17 13:00:00+00:00,76661.0,76820.0,76582.0,76587.0,3.50845,278
2026-09-17 13:15:00+00:00,76583.0,76678.0,76399.0,76418.0,16.43521,464
2026-09-17 13:30:00+00:00,76393.0,76513.0,75952.0,76078.0,8.98927,459
2026-09-17 13:45:00+00:00,76077.0,76633.0,75985.0,76633.0,10.33823,358
2026-09-17 14:00:00+00:00,76633.0,76927.0,76335.0,76899.0,3.65963,389
2026-09-17 14:15:00+00:00,76886.0,77000.0,76647.0,76892.0,4.51347,357
2026-09-17 14:30:00+00:00,76881.0,76952.0,76541.0,76548.0,3.03626,322
2026-09-17 14:45:00+00:00,76558.0,76673.0,76430.0,76449.0,2.9651,275
2026-09-17 15:00:00+00:00,76436.0,76441.0,76212.0,76271.0,2.559,339
2026-09-17 15:15:00+00:00,76278.0,76393.0,76223.0,76385.0,2.50311,268
2026-09-17 15:30:00+00:00,76401.0,76787.0,76390.0,76696.0,4.28882,390
2026-09-17 15:45:00+00:00,76678.0,76732.0,76537.0,76677.0,35.02851,527
2026-09-17 16:00:00+00:00,76697.0,76747.0,76583.0,76655.0,13.11689,387
2026-09-17 16:15:00+00:00,76656.0,76721.0,76594.0,76640.0,6.8949,320
2026-09-17 16:30:00+00:00,76638.0,76639.0,76469.0,76630.0,5.83552,384
2026-09-17 16:45:00+00:00,76629.0,76671.0,76506.0,76668.0,34.33373,507
2026-09-17 17:00:00+00:00,76677.0,76834.0,76581.0,76732.0,39.05484,676
2026-09-17 17:15:00+00:00,76732.0,76872.0,76698.0,76851.0,6.57709,330
2026-09-17 17:30:00+00:00,76850.0,76894.0,76586.0,76617.0,65.34839,871
2026-09-17 17:45:00+00:00,76617.0,76622.0,76503.0,76601.0,12.49431,385
2026-09-17 18:00:00+00:00,76601.0,76659.0,76600.0,76658.0,4.64261,275
2026-09-17 18:15:00+00:00,76658.0,76727.0,76658.0,76674.0,1.19353,237
2026-09-17 18:30:00+00:00,76676.0,76688.0,76406.0,76538.0,24.83917,382
2026-09-17 18:45:00+00:00,76538.0,76617.0,76480.0,76497.0,62.53547,821
2026-09-17 19:00:00+00:00,76496.0,76557.0,76483.0,76483.0,8.7722,312
2026-09-17 19:15:00+00:00,76482.0,76547.0,76393.0,76523.0,36.04008,599
2026-09-17 19:30:00+00:00,76523.0,76557.0,76473.0,76535.0,2.65803,256
2026-09-17 19:45:00+00:00,76535.0,76611.0,76434.0,76535.0,4.93056,339
2026-09-17 20:00:00+00:00,76524.0,76594.0,76470.0,76572.0,3.84403,249
2026-09-17 20:15:00+00:00,76571.0,76669.0,76536.0,76651.0,1.57694,223
2026-09-17 20:30:00+00:00,76642.0,76643.0,76441.0,76470.0,1.37067,250
2026-09-17 20:45:00+00:00,76469.0,76502.0,76430.0,76501.0,0.90059,225
2026-09-17 21:00:00+00:00,76501.0,76547.0,76440.0,76447.0,5.30225,301
2026-09-17 21:15:00+00:00,76447.0,76514.0,76447.0,76514.0,0.79271,241
2026-09-17 21:30:00+00:00,76500.0,76523.0,76468.0,76469.0,2.56095,295
2026-09-17 21:45:00+00:00,76467.0,76467.0,76353.0,76361.0,0.81686,259
2026-09-17 22:00:00+00:00,76352.0,76405.0,76283.0,76308.0,0.52568,256
2026-09-17 22:15:00+00:00,76308.0,76308.0,76200.0,76206.0,0.62576,253
2026-09-17 22:30:00+00:00,76202.0,76391.0,76200.0,76361.0,1.67209,248
2026-09-17 22:45:00+00:00,76361.0,76375.0,76263.0,76359.0,2.07323,225
2026-09-17 23:00:00+00:00,76359.0,76443.0,76333.0,76437.0,1.1139,207
2026-09-17 23:15:00+00:00,76432.0,76446.0,76406.0,76424.0,2.39372,210
2026-09-17 23:30:00+00:00,76423.0,76424.0,76329.0,76372.0,2.40584,199
2026-09-17 23:45:00+00:00,76372.0,76433.0,76337.0,76352.0,1.01095,187
2026-09-18 00:00:00+00:00,76352.0,76406.0,76312.0,76401.0,3.83215,259
2026-09-18 00:15:00+00:00,76399.0,76399.0,76224.0,76318.0,0.74754,207
2026-09-18 00:30:00+00:00,76317.0,76384.0,76286.0,76369.0,0.44287,182
2026-09-18 00:45:00+00:00,76368.0,76530.0,76342.0,76530.0,1.71438,226
2026-09-18 01:00:00+00:00,76529.0,76607.0,76477.0,76491.0,3.49448,241
2026-09-18 01:15:00+00:00,76488.0,76574.0,76452.0,76528.0,1.72976,219
2026-09-18 01:30:00+00:00,76524.0,76661.0,76524.0,76629.0,0.90169,205
2026-09-18 01:45:00+00:00,76629.0,76704.0,76616.0,76667.0,0.65714,214
2026-09-18 02:00:00+00:00,76667.0,76744.0,76582.0,76692.0,1.78169,220
2026-09-18 02:15:00+00:00,76691.0,76849.0,76664.0,76848.0,2.15295,227
2026-09-18 02:30:00+00:00,76853.0,76959.0,76853.0,76870.0,9.46958,289
2026-09-18 02:45:00+00:00,76870.0,76960.0,76845.0,76913.0,0.76628,188
2026-09-18 03:00:00+00:00,76913.0,77249.0,76902.0,77249.0,10.21728,410
2026-09-18 03:15:00+00:00,77249.0,77529.0,77221.0,77356.0,6.52932,481
2026-09-18 03:30:00+00:00,77362.0,77427.0,77252.0,77279.0,3.64187,336
2026-09-18 03:45:00+00:00,77275.0,77402.0,77275.0,77309.0,3.97382,221
2026-09-18 04:00:00+00:00,77311.0,77352.0,77173.0,77228.0,3.15012,263
2026-09-18 04:15:00+00:00,77241.0,77321.0,77192.0,77219.0,2.19258,322
2026-09-18 04:30:00+00:00,77226.0,77372.0,77169.0,77372.0,2.98676,346
2026-09-18 04:45:00+00:00,77371.0,77500.0,77282.0,77500.0,3.61612,409
2026-09-18 05:00:00+00:00,77504.0,77600.0,77387.0,77471.0,5.86504,525
2026-09-18 05:15:00+00:00,77471.0,77560.0,77388.0,77550.0,1.05065,344
2026-09-18 05:30:00+00:00,77550.0,77642.0,77472.0,77535.0,2.28077,252
2026-09-18 05:45:00+00:00,77530.0,77541.0,77398.0,77436.0,1.81652,255
2026-09-18 06:00:00+00:00,77435.0,77546.0,77426.0,77437.0,5.47897,239
2026-09-18 06:15:00+00:00,77436.0,77615.0,77420.0,77480.0,1.49627,250
2026-09-18 06:30:00+00:00,77470.0,77520.0,77424.0,77453.0,0.73454,203
2026-09-18 06:45:00+00:00,77452.0,77536.0,77343.0,77526.0,3.96524,239
2026-09-18 07:00:00+00:00,77507.0,77709.0,77503.0,77562.0,6.92962,363
2026-09-18 07:15:00+00:00,77560.0,77761.0,77555.0,77730.0,8.55956,392
2026-09-18 07:30:00+00:00,77735.0,77780.0,77679.0,77758.0,10.99884,405
2026-09-18 07:45:00+00:00,77757.0,77761.0,77675.0,77721.0,2.70568,253
2026-09-18 08:00:00+00:00,77745.0,77916.0,77607.0,77712.0,4.8222,326
2026-09-18 08:15:00+00:00,77711.0,78000.0,77711.0,77905.0,4.59915,352
2026-09-18 08:30:00+00:00,77905.0,77976.0,77857.0,77914.0,6.11668,264
2026-09-18 08:45:00+00:00,77914.0,78216.0,77905.0,78216.0,5.6713,284
2026-09-18 09:00:00+00:00,78219.0,78407.0,78183.0,78304.0,7.81392,424
2026-09-18 09:15:00+00:00,78303.0,78323.0,78106.0,78106.0,10.81458,392
2026-09-18 09:30:00+00:00,78107.0,78107.0,77958.0,77996.0,3.74158,259
2026-09-18 09:45:00+00:00,77987.0,78152.0,77986.0,78149.0,2.74178,213
2026-09-18 10:00:00+00:00,78149.0,78160.0,78050.0,78129.0,7.1241,266
2026-09-18 10:15:00+00:00,78129.0,78207.0,78099.0,78206.0,2.64762,182
2026-09-18 10:30:00+00:00,78200.0,78248.0,78120.0,78169.0,3.17707,209
2026-09-18 10:45:00+00:00,78168.0,78300.0,78167.0,78232.0,7.96692,290
2026-09-18 11:00:00+00:00,78228.0,78357.0,77990.0,78059.0,6.27021,360
2026-09-18 11:15:00+00:00,78060.0,78105.0,77989.0,77990.0,3.51461,234
2026-09-18 11:30:00+00:00,77989.0,78114.0,77971.0,77971.0,1.04145,204
2026-09-18 11:45:00+00:00,77971.0,78043.0,77971.0,78000.0,1.2661,188
2026-09-18 12:00:00+00:00,78021.0,78057.0,77940.0,78013.0,2.6291,229
2026-09-18 12:15:00+00:00,78013.0,78049.0,77933.0,77955.0,8.82305,237
2026-09-18 12:30:00+00:00,77965.0,78122.0,77926.0,78051.0,6.35107,277
2026-09-18 12:45:00+00:00,78051.0,78084.0,77970.0,77988.0,1.81373,217
2026-09-18 13:00:00+00:00,77986.0,78028.0,77924.0,77971.0,1.41568,215
2026-09-18 13:15:00+00:00,77980.0,78125.0,77979.0,78124.0,1.73158,230
2026-09-18 13:30:00+00:00,78124.0,79253.0,78091.0,79251.0,10.56859,748
2026-09-18 13:45:00+00:00,79223.0,80429.0,79188.0,79999.0,26.30739,1217
2026-09-18 14:00:00+00:00,80006.0,80533.0,80006.0,80242.0,35.85582,1055
2026-09-18 14:15:00+00:00,80242.0,80932.0,80242.0,80663.0,26.21378,863
2026-09-18 14:30:00+00:00,80662.0,80767.0,80454.0,80752.0,8.33827,384
2026-09-18 14:45:00+00:00,80752.0,80914.0,80677.0,80904.0,8.58155,507
2026-09-18 15:00:00+00:00,80911.0,81000.0,80528.0,80729.0,22.23994,617
2026-09-18 15:15:00+00:00,80728.0,81093.0,80728.0,80917.0,20.45322,541
2026-09-18 15:30:00+00:00,80930.0,80930.0,80618.0,80618.0,26.84961,511
2026-09-18 15:45:00+00:00,80608.0,80786.0,80477.0,80671.0,38.76366,591
2026-09-18 16:00:00+00:00,80697.0,80933.0,80608.0,80933.0,57.36849,815
2026-09-18 16:15:00+00:00,80941.0,81045.0,80841.0,81011.0,40.42725,584
2026-09-18 16:30:00+00:00,80988.0,81226.0,80875.0,80963.0,51.48842,689
2026-09-18 16:45:00+00:00,80959.0,80959.0,80535.0,80795.0,127.8773,1496
2026-09-18 17:00:00+00:00,80795.0,80872.0,80730.0,80859.0,16.21807,471
2026-09-18 17:15:00+00:00,80859.0,80904.0,80613.0,80713.0,5.22845,267
2026-09-18 17:30:00+00:00,80715.0,80747.0,80543.0,80741.0,5.83245,334
2026-09-18 17:45:00+00:00,80737.0,80982.0,80736.0,80982.0,5.72872,358
2026-09-18 18:00:00+00:00,80923.0,80960.0,80776.0,80839.0,22.74911,379
2026-09-18 18:15:00+00:00,80840.0,80959.0,80795.0,80957.0,1.53952,286
2026-09-18 18:30:00+00:00,80957.0,81118.0,80893.0,80919.0,4.94191,269
2026-09-18 18:45:00+00:00,80914.0,81044.0,80845.0,80912.0,67.71394,775
2026-09-18 19:00:00+00:00,80925.0,81187.0,80877.0,81154.0,10.29047,358
2026-09-18 19:15:00+00:00,81171.0,81364.0,81091.0,81227.0,18.62934,539
2026-09-18 19:30:00+00:00,81219.0,81232.0,81054.0,81227.0,4.52035,319
2026-09-18 19:45:00+00:00,81202.0,81331.0,81116.0,81210.0,18.00784,426
2026-09-18 20:00:00+00:00,81194.0,81222.0,80937.0,81059.0,6.64684,325
2026-09-18 20:15:00+00:00,81062.0,81200.0,80921.0,81012.0,3.12612,309
2026-09-18 20:30:00+00:00,81038.0,81162.0,80963.0,81161.0,10.89969,317
2026-09-18 20:45:00+00:00,81166.0,81178.0,81066.0,81108.0,1.99073,271
2026-09-18 21:00:00+00:00,81141.0,81274.0,81095.0,81261.0,3.26342,243
2026-09-18 21:15:00+00:00,81260.0,81260.0,81109.0,81179.0,1.5307,266
2026-09-18 21:30:00+00:00,81193.0,81286.0,81136.0,81224.0,12.57402,373
2026-09-18 21:45:00+00:00,81225.0,81256.0,81148.0,81235.0,7.90633,375
2026-09-18 22:00:00+00:00,81235.0,81375.0,81211.0,81255.0,5.08807,424
2026-09-18 22:15:00+00:00,81254.0,81352.0,81252.0,81274.0,3.60875,382
2026-09-18 22:30:00+00:00,81271.0,81272.0,81090.0,81133.0,1.0409,303
2026-09-18 22:45:00+00:00,81132.0,81170.0,81100.0,81144.0,3.64574,275
2026-09-18 23:00:00+00:00,81154.0,81215.0,81095.0,81180.0,7.28409,355
2026-09-18 23:15:00+00:00,81179.0,81200.0,81000.0,81000.0,6.08742,370
2026-09-18 23:30:00+00:00,81001.0,81023.0,80867.0,80896.0,4.53396,331
2026-09-18 23:45:00+00:00,80903.0,80979.0,80886.0,80898.0,1.55694,314
2026-09-19 00:00:00+00:00,80897.0,80974.0,80848.0,80973.0,7.24754,351
2026-09-19 00:15:00+00:00,80973.0,81100.0,80969.0,81099.0,3.96524,319
2026-09-19 00:30:00+00:00,81099.0,81337.0,81099.0,81337.0,7.18831,371
2026-09-19 00:45:00+00:00,81326.0,81651.0,81264.0,81650.0,13.91178,532
2026-09-19 01:00:00+00:00,81651.0,81725.0,81260.0,81262.0,2.1983,500
2026-09-19 01:15:00+00:00,81264.0,81311.0,81101.0,81243.0,4.78787,346
2026-09-19 01:30:00+00:00,81242.0,81251.0,81033.0,81162.0,4.23389,376
2026-09-19 01:45:00+00:00,81162.0,81400.0,81162.0,81259.0,7.10855,363
2026-09-19 02:00:00+00:00,81265.0,81383.0,81235.0,81356.0,3.31223,314
2026-09-19 02:15:00+00:00,81356.0,81416.0,81300.0,81322.0,8.09432,349
2026-09-19 02:30:00+00:00,81323.0,81414.0,81270.0,81296.0,2.9802,283
2026-09-19 02:45:00+00:00,81285.0,81292.0,81258.0,81261.0,2.95196,301
2026-09-19 03:00:00+00:00,81277.0,81375.0,81260.0,81268.0,3.07417,291
2026-09-19 03:15:00+00:00,81267.0,81268.0,81123.0,81123.0,4.21932,372
2026-09-19 03:30:00+00:00,81123.0,81161.0,81104.0,81158.0,1.58351,323
2026-09-19 03:45:00+00:00,81158.0,81165.0,81115.0,81115.0,2.74702,284
2026-09-19 04:00:00+00:00,81115.0,81195.0,81094.0,81185.0,1.3331,281
2026-09-19 04:15:00+00:00,81185.0,81205.0,81101.0,81118.0,1.89595,295
2026-09-19 04:30:00+00:00,81118.0,81119.0,80903.0,80955.0,3.02566,362
2026-09-19 04:45:00+00:00,80955.0,81004.0,80914.0,81003.0,2.97358,293
2026-09-19 05:00:00+00:00,81003.0,81117.0,81003.0,81032.0,1.50147,228
2026-09-19 05:15:00+00:00,81032.0,81132.0,81003.0,81054.0,5.7233,286
2026-09-19 05:30:00+00:00,81054.0,81100.0,81015.0,81015.0,1.13237,188
2026-09-19 05:45:00+00:00,81015.0,81068.0,81006.0,81037.0,1.01986,199
2026-09-19 06:00:00+00:00,81032.0,81060.0,80986.0,80990.0,1.42136,202
2026-09-19 06:15:00+00:00,80989.0,81033.0,80910.0,80938.0,0.93982,206
2026-09-19 06:30:00+00:00,80937.0,81069.0,80937.0,81046.0,1.27079,222
2026-09-19 06:45:00+00:00,81045.0,81083.0,80991.0,81023.0,1.26436,239
2026-09-19 07:00:00+00:00,81022.0,81117.0,81022.0,81117.0,1.00076,207
2026-09-19 07:15:00+00:00,81132.0,81232.0,81049.0,81083.0,0.95994,216
2026-09-19 07:30:00+00:00,81083.0,81103.0,81020.0,81046.0,3.31894,238
2026-09-19 07:45:00+00:00,81045.0,81166.0,81016.0,81079.0,1.25394,212
2026-09-19 08:00:00+00:00,81084.0,81232.0,81054.0,81229.0,3.07764,253
2026-09-19 08:15:00+00:00,81228.0,81383.0,81189.0,81285.0,2.93005,311
2026-09-19 08:30:00+00:00,81285.0,81332.0,81248.0,81293.0,2.5026,242
2026-09-19 08:45:00+00:00,81293.0,81361.0,81278.0,81299.0,1.64183,262
2026-09-19 09:00:00+00:00,81299.0,81499.0,81278.0,81432.0,1.29673,304
2026-09-19 09:15:00+00:00,81412.0,81492.0,81385.0,81400.0,3.58769,330
2026-09-19 09:30:00+00:00,81401.0,81426.0,81241.0,81248.0,0.94408,207
2026-09-19 09:45:00+00:00,81249.0,81330.0,81248.0,81318.0,1.17098,209
2026-09-19 10:00:00+00:00,81307.0,81315.0,81217.0,81288.0,1.52115,192
2026-09-19 10:15:00+00:00,81298.0,81308.0,81235.0,81271.0,1.83088,194
2026-09-19 10:30:00+00:00,81270.0,81287.0,81210.0,81232.0,2.74024,219
2026-09-19 10:45:00+00:00,81247.0,81300.0,81194.0,81195.0,2.84793,206
2026-09-19 11:00:00+00:00,81194.0,81338.0,81193.0,81290.0,7.41105,216
2026-09-19 11:15:00+00:00,81289.0,81348.0,81255.0,81256.0,2.63577,191
2026-09-19 11:30:00+00:00,81255.0,81281.0,81221.0,81273.0,2.05432,171
2026-09-19 11:45:00+00:00,81273.0,81304.0,81265.0,81292.0,1.44356,164
2026-09-19 12:00:00+00:00,81292.0,81337.0,81253.0,81328.0,2.25093,154
2026-09-19 12:15:00+00:00,81327.0,81346.0,81198.0,81226.0,1.32919,151
2026-09-19 12:30:00+00:00,81212.0,81272.0,81210.0,81256.0,0.61209,150
2026-09-19 12:45:00+00:00,81261.0,81326.0,81232.0,81316.0,1.18711,163
2026-09-19 13:00:00+00:00,81299.0,81320.0,81168.0,81231.0,3.85765,208
2026-09-19 13:15:00+00:00,81236.0,81326.0,81230.0,81231.0,2.33633,178
2026-09-19 13:30:00+00:00,81230.0,81270.0,81183.0,81242.0,6.32618,209
2026-09-19 13:45:00+00:00,81241.0,81341.0,81231.0,81331.0,6.15724,188
2026-09-19 14:00:00+00:00,81332.0,81419.0,81313.0,81365.0,2.69109,197
2026-09-19 14:15:00+00:00,81365.0,81559.0,81364.0,81559.0,1.8466,262
2026-09-19 14:30:00+00:00,81559.0,81607.0,81470.0,81517.0,2.71444,228
2026-09-19 14:45:00+00:00,81518.0,81601.0,81476.0,81549.0,2.18093,212
2026-09-19 15:00:00+00:00,81549.0,81726.0,81549.0,81675.0,2.16668,232
2026-09-19 15:15:00+00:00,81687.0,81735.0,81548.0,81549.0,2.67063,195
2026-09-19 15:30:00+00:00,81548.0,81917.0,81548.0,81900.0,7.90519,316
2026-09-19 15:45:00+00:00,81899.0,81899.0,81584.0,81614.0,2.29628,260
2026-09-19 16:00:00+00:00,81628.0,81750.0,81471.0,81739.0,3.34378,257
2026-09-19 16:15:00+00:00,81749.0,81851.0,81718.0,81800.0,1.58131,192
2026-09-19 16:30:00+00:00,81804.0,81880.0,81788.0,81840.0,0.92766,206
2026-09-19 16:45:00+00:00,81839.0,81840.0,81800.0,81810.0,2.02563,193
2026-09-19 17:00:00+00:00,81811.0,81825.0,81718.0,81718.0,2.89938,187
2026-09-19 17:15:00+00:00,81717.0,81787.0,81434.0,81513.0,5.1248,284
2026-09-19 17:30:00+00:00,81513.0,81575.0,81443.0,81485.0,2.53099,207
2026-09-19 17:45:00+00:00,81486.0,81532.0,81442.0,81459.0,1.30595,190
2026-09-19 18:00:00+00:00,81457.0,81547.0,81336.0,81382.0,6.75651,263
2026-09-19 18:15:00+00:00,81382.0,81492.0,81329.0,81447.0,0.77957,205
2026-09-19 18:30:00+00:00,81446.0,81520.0,81377.0,81479.0,3.27358,195
2026-09-19 18:45:00+00:00,81488.0,81490.0,81401.0,81428.0,0.3272,155
2026-09-19 19:00:00+00:00,81428.0,81459.0,81370.0,81370.0,0.35754,165
2026-09-19 19:15:00+00:00,81369.0,81442.0,81350.0,81397.0,3.48545,214
2026-09-19 19:30:00+00:00,81391.0,81392.0,81300.0,81311.0,2.24844,203
2026-09-19 19:45:00+00:00,81311.0,81373.0,81308.0,81341.0,0.9285,150
2026-09-19 20:00:00+00:00,81354.0,81424.0,81340.0,81411.0,3.7122,188
2026-09-19 20:15:00+00:00,81410.0,81410.0,81156.0,81223.0,88.30526,1070
2026-09-19 20:30:00+00:00,81223.0,81256.0,81174.0,81248.0,13.73254,255
2026-09-19 20:45:00+00:00,81238.0,81241.0,81051.0,81120.0,15.49314,318
2026-09-19 21:00:00+00:00,81121.0,81198.0,80971.0,80987.0,9.40662,309
2026-09-19 21:15:00+00:00,80986.0,81032.0,80826.0,81029.0,82.39437,1036
2026-09-19 21:30:00+00:00,81028.0,81030.0,80900.0,80986.0,9.08151,247
2026-09-19 21:45:00+00:00,80985.0,81118.0,80985.0,81065.0,2.27197,190
2026-09-19 22:00:00+00:00,81066.0,81066.0,80933.0,80959.0,0.81642,194
2026-09-19 22:15:00+00:00,80957.0,81058.0,80957.0,81058.0,1.15335,178
2026-09-19 22:30:00+00:00,81032.0,81214.0,81032.0,81214.0,0.35179,169
2026-09-19 22:45:00+00:00,81213.0,81228.0,81174.0,81225.0,1.04926,164
2026-09-19 23:00:00+00:00,81225.0,81250.0,81219.0,81250.0,4.62406,192
2026-09-19 23:15:00+00:00,81249.0,81279.0,81188.0,81279.0,1.47466,189
2026-09-19 23:30:00+00:00,81278.0,81344.0,81242.0,81247.0,1.07227,157
2026-09-19 23:45:00+00:00,81246.0,81305.0,81232.0,81241.0,8.37899,255
2026-09-20 00:00:00+00:00,81241.0,81270.0,81194.0,81270.0,4.27669,240
2026-09-20 00:15:00+00:00,81287.0,81304.0,81201.0,81297.0,0.49984,162
2026-09-20 00:30:00+00:00,81294.0,81316.0,81238.0,81314.0,0.41041,184
2026-09-20 00:45:00+00:00,81314.0,81314.0,81258.0,81275.0,1.28668,213
2026-09-20 01:00:00+00:00,81274.0,81275.0,81117.0,81117.0,0.94644,175
2026-09-20 01:15:00+00:00,81111.0,81200.0,81078.0,81093.0,2.37501,191
2026-09-20 01:30:00+00:00,81086.0,81096.0,81017.0,81059.0,0.72689,166
2026-09-20 01:45:00+00:00,81058.0,81094.0,81004.0,81081.0,0.70808,175
2026-09-20 02:00:00+00:00,81078.0,81124.0,81058.0,81123.0,3.94142,203
2026-09-20 02:15:00+00:00,81123.0,81138.0,80960.0,80964.0,6.0449,247
2026-09-20 02:30:00+00:00,80969.0,80969.0,80551.0,80551.0,6.84217,311
2026-09-20 02:45:00+00:00,80551.0,80664.0,80251.0,80309.0,6.52124,513
2026-09-20 03:00:00+00:00,80313.0,80505.0,80200.0,80228.0,3.35317,287
2026-09-20 03:15:00+00:00,80228.0,80495.0,80117.0,80369.0,2.72057,262
2026-09-20 03:30:00+00:00,80361.0,80386.0,80277.0,80365.0,4.55574,209
2026-09-20 03:45:00+00:00,80357.0,80484.0,80310.0,80463.0,2.04503,157
2026-09-20 04:00:00+00:00,80489.0,80496.0,80385.0,80418.0,4.70317,277
2026-09-20 04:15:00+00:00,80419.0,80515.0,80320.0,80407.0,4.48938,277
2026-09-20 04:30:00+00:00,80421.0,80466.0,80366.0,80366.0,0.42115,139
2026-09-20 04:45:00+00:00,80364.0,80465.0,80300.0,80408.0,3.24711,185
2026-09-20 05:00:00+00:00,80416.0,80600.0,80386.0,80576.0,1.66759,186
2026-09-20 05:15:00+00:00,80566.0,80566.0,80433.0,80518.0,1.15894,203
2026-09-20 05:30:00+00:00,80517.0,80592.0,80429.0,80509.0,0.40728,179
2026-09-20 05:45:00+00:00,80516.0,80522.0,80425.0,80466.0,0.36768,154
2026-09-20 06:00:00+00:00,80467.0,80508.0,80406.0,80496.0,1.44671,214
2026-09-20 06:15:00+00:00,80502.0,80594.0,80435.0,80435.0,0.34455,165
2026-09-20 06:30:00+00:00,80433.0,80465.0,80262.0,80358.0,1.73037,198
2026-09-20 06:45:00+00:00,80360.0,80416.0,80213.0,80293.0,0.84424,182
2026-09-20 07:00:00+00:00,80293.0,80352.0,80279.0,80344.0,2.73094,171
2026-09-20 07:15:00+00:00,80343.0,80393.0,80267.0,80384.0,0.24793,141
2026-09-20 07:30:00+00:00,80384.0,80385.0,80278.0,80338.0,0.84689,143
2026-09-20 07:45:00+00:00,80338.0,80369.0,80299.0,80300.0,1.81266,133
2026-09-20 08:00:00+00:00,80300.0,80444.0,80297.0,80408.0,3.05241,160
2026-09-20 08:15:00+00:00,80408.0,80415.0,80356.0,80358.0,1.56216,139
2026-09-20 08:30:00+00:00,80357.0,80390.0,80236.0,80237.0,9.60805,165
2026-09-20 08:45:00+00:00,80237.0,80278.0,80162.0,80247.0,0.67863,143
2026-09-20 09:00:00+00:00,80246.0,80292.0,80245.0,80252.0,1.0285,154
2026-09-20 09:15:00+00:00,80252.0,80382.0,80241.0,80362.0,0.68626,132
2026-09-20 09:30:00+00:00,80358.0,80559.0,80358.0,80526.0,4.23676,176
2026-09-20 09:45:00+00:00,80522.0,80522.0,80442.0,80451.0,1.48927,141
2026-09-20 10:00:00+00:00,80452.0,80495.0,80312.0,80374.0,0.81424,148
2026-09-20 10:15:00+00:00,80409.0,80422.0,80310.0,80360.0,4.43673,182
2026-09-20 10:30:00+00:00,80360.0,80399.0,80301.0,80340.0,1.82181,136
2026-09-20 10:45:00+00:00,80340.0,80375.0,80293.0,80293.0,0.43877,127
2026-09-20 11:00:00+00:00,80290.0,80392.0,80267.0,80337.0,1.47602,133
2026-09-20 11:15:00+00:00,80336.0,80361.0,80289.0,80347.0,0.21565,117
2026-09-20 11:30:00+00:00,80356.0,80466.0,80356.0,80429.0,0.82466,119
2026-09-20 11:45:00+00:00,80428.0,80504.0,80414.0,80455.0,2.90174,150
2026-09-20 12:00:00+00:00,80456.0,80488.0,80404.0,80453.0,5.48418,213
2026-09-20 12:15:00+00:00,80464.0,80468.0,80326.0,80333.0,3.06943,221
2026-09-20 12:30:00+00:00,80333.0,80342.0,80129.0,80258.0,25.27378,690
2026-09-20 12:45:00+00:00,80262.0,80448.0,79600.0,80443.0,45.16138,1351
2026-09-20 13:00:00+00:00,80442.0,80602.0,80442.0,80515.0,44.25746,649
2026-09-20 13:15:00+00:00,80516.0,80526.0,80411.0,80473.0,51.04843,735
2026-09-20 13:30:00+00:00,80473.0,80525.0,80396.0,80524.0,5.83318,232
2026-09-20 13:45:00+00:00,80525.0,80539.0,80506.0,80523.0,1.0896,157
2026-09-20 14:00:00+00:00,80524.0,80737.0,80523.0,80552.0,3.20896,302
2026-09-20 14:15:00+00:00,80551.0,80551.0,80400.0,80500.0,2.98807,330
2026-09-20 14:30:00+00:00,80500.0,80617.0,80472.0,80599.0,15.04841,304
2026-09-20 14:45:00+00:00,80598.0,80718.0,80525.0,80635.0,113.69885,1082
2026-09-20 15:00:00+00:00,80636.0,80864.0,80636.0,80715.0,92.09539,1010
2026-09-20 15:15:00+00:00,80715.0,80842.0,80634.0,80635.0,9.75716,314
2026-09-20 15:30:00+00:00,80634.0,80844.0,80634.0,80808.0,4.68581,222
2026-09-20 15:45:00+00:00,80808.0,80925.0,80808.0,80876.0,3.07669,188
2026-09-20 16:00:00+00:00,80884.0,81158.0,80789.0,81133.0,6.01914,340
2026-09-20 16:15:00+00:00,81144.0,81256.0,81019.0,81197.0,7.21265,308
2026-09-20 16:30:00+00:00,81163.0,81450.0,81069.0,81357.0,8.82659,417
2026-09-20 16:45:00+00:00,81369.0,81421.0,81207.0,81298.0,2.55443,331
2026-09-20 17:00:00+00:00,81303.0,81408.0,81135.0,81181.0,9.74355,441
2026-09-20 17:15:00+00:00,81202.0,81275.0,81100.0,81109.0,7.63848,306
2026-09-20 17:30:00+00:00,81108.0,81319.0,81104.0,81307.0,5.64505,362
2026-09-20 17:45:00+00:00,81307.0,81320.0,81037.0,81112.0,16.62648,513
2026-09-20 18:00:00+00:00,81112.0,81167.0,81005.0,81076.0,12.4517,298
2026-09-20 18:15:00+00:00,81076.0,81246.0,81076.0,81246.0,3.18281,262
2026-09-20 18:30:00+00:00,81245.0,81288.0,81156.0,81196.0,1.1339,225
2026-09-20 18:45:00+00:00,81195.0,81196.0,81009.0,81009.0,2.39778,205
2026-09-20 19:00:00+00:00,81013.0,81095.0,81013.0,81069.0,3.26687,242
2026-09-20 19:15:00+00:00,81068.0,81091.0,81031.0,81089.0,8.99891,278
2026-09-20 19:30:00+00:00,81088.0,81280.0,81088.0,81208.0,3.50218,253
2026-09-20 19:45:00+00:00,81207.0,81270.0,81133.0,81154.0,1.71623,207
2026-09-20 20:00:00+00:00,81158.0,81203.0,81125.0,81130.0,1.3775,196
2026-09-20 20:15:00+00:00,81131.0,81201.0,81068.0,81185.0,4.403,242
2026-09-20 20:30:00+00:00,81184.0,81184.0,81057.0,81119.0,2.16793,201
2026-09-20 20:45:00+00:00,81119.0,81196.0,81054.0,81072.0,2.34813,208
2026-09-20 21:00:00+00:00,81070.0,81071.0,80557.0,80748.0,15.08329,511
2026-09-20 21:15:00+00:00,80742.0,80904.0,80742.0,80861.0,8.45808,329
2026-09-20 21:30:00+00:00,80857.0,80917.0,80778.0,80781.0,6.45088,228
2026-09-20 21:45:00+00:00,80781.0,80933.0,80768.0,80907.0,2.87771,199
2026-09-20 22:00:00+00:00,80907.0,81272.0,80768.0,81246.0,2.16839,285
2026-09-20 22:15:00+00:00,81265.0,81265.0,81057.0,81134.0,1.95611,197
2026-09-20 22:30:00+00:00,81149.0,81250.0,81082.0,81082.0,7.14829,239
2026-09-20 22:45:00+00:00,81097.0,81241.0,81082.0,81206.0,3.46503,238
2026-09-20 23:00:00+00:00,81205.0,81241.0,81111.0,81151.0,4.99805,312
2026-09-20 23:15:00+00:00,81132.0,81283.0,81119.0,81141.0,3.70288,293
2026-09-20 23:30:00+00:00,81140.0,81273.0,81115.0,81257.0,1.9779,330
2026-09-20 23:45:00+00:00,81256.0,81320.0,81140.0,81164.0,1.79244,323
2026-09-21 00:00:00+00:00,81163.0,81690.0,81155.0,81660.0,11.1723,635
2026-09-21 00:15:00+00:00,81664.0,81816.0,81518.0,81738.0,3.17565,330
2026-09-21 00:30:00+00:00,81735.0,81808.0,81534.0,81675.0,17.02111,364
2026-09-21 00:45:00+00:00,81686.0,81828.0,81582.0,81620.0,1.50392,254
2026-09-21 01:00:00+00:00,81620.0,81791.0,81514.0,81789.0,3.87059,270
2026-09-21 01:15:00+00:00,81790.0,82075.0,81501.0,81564.0,7.58311,510
2026-09-21 01:30:00+00:00,81571.0,81650.0,81258.0,81468.0,3.49157,295
2026-09-21 01:45:00+00:00,81454.0,81480.0,80856.0,80980.0,10.85825,460
2026-09-21 02:00:00+00:00,80984.0,81349.0,80921.0,81349.0,1.61716,219
2026-09-21 02:15:00+00:00,81349.0,81491.0,81297.0,81400.0,2.81416,233
2026-09-21 02:30:00+00:00,81401.0,81401.0,81147.0,81242.0,2.30146,223
2026-09-21 02:45:00+00:00,81237.0,81392.0,81191.0,81299.0,3.38439,182
2026-09-21 03:00:00+00:00,81300.0,81431.0,81222.0,81293.0,0.86773,157
2026-09-21 03:15:00+00:00,81309.0,81479.0,81309.0,81427.0,3.77313,191
2026-09-21 03:30:00+00:00,81434.0,81550.0,81434.0,81439.0,5.2397,171
2026-09-21 03:45:00+00:00,81480.0,81503.0,81360.0,81414.0,4.61879,179
2026-09-21 04:00:00+00:00,81414.0,81457.0,81273.0,81274.0,0.48001,151
2026-09-21 04:15:00+00:00,81274.0,81344.0,81235.0,81298.0,3.50885,177
2026-09-21 04:30:00+00:00,81281.0,81400.0,81222.0,81400.0,0.95039,139
2026-09-21 04:45:00+00:00,81399.0,81499.0,81363.0,81386.0,0.92264,123
2026-09-21 05:00:00+00:00,81385.0,81409.0,81302.0,81319.0,6.99176,163
2026-09-21 05:15:00+00:00,81323.0,81625.0,81323.0,81569.0,3.57688,158
2026-09-21 05:30:00+00:00,81584.0,81776.0,81584.0,81643.0,6.43635,226
2026-09-21 05:45:00+00:00,81616.0,81671.0,81535.0,81552.0,5.05157,214
2026-09-21 06:00:00+00:00,81565.0,81684.0,81535.0,81654.0,12.70596,233
2026-09-21 06:15:00+00:00,81669.0,81857.0,81669.0,81800.0,8.03982,269
2026-09-21 06:30:00+00:00,81828.0,81829.0,81406.0,81417.0,13.108,308
2026-09-21 06:45:00+00:00,81406.0,81749.0,81406.0,81643.0,0.91987,190
2026-09-21 07:00:00+00:00,81636.0,81678.0,81476.0,81566.0,0.44922,180
2026-09-21 07:15:00+00:00,81566.0,81663.0,81534.0,81609.0,7.96568,212
2026-09-21 07:30:00+00:00,81607.0,81611.0,81468.0,81499.0,0.54468,163
2026-09-21 07:45:00+00:00,81496.0,81721.0,81473.0,81706.0,0.5565,174
2026-09-21 08:00:00+00:00,81715.0,81981.0,81715.0,81856.0,6.44179,287
2026-09-21 08:15:00+00:00,81884.0,82254.0,81870.0,82239.0,13.35677,462
2026-09-21 08:30:00+00:00,82239.0,84157.0,82184.0,83511.0,129.50758,3018
2026-09-21 08:45:00+00:00,83490.0,83858.0,83285.0,83753.0,15.66289,596
2026-09-21 09:00:00+00:00,83749.0,84035.0,83678.0,83903.0,21.41073,597
2026-09-21 09:15:00+00:00,83907.0,84564.0,83907.0,84442.0,17.7994,745
2026-09-21 09:30:00+00:00,84432.0,85274.0,84324.0,85000.0,30.97769,1071
2026-09-21 09:45:00+00:00,85015.0,85053.0,84571.0,84652.0,57.6877,774
2026-09-21 10:00:00+00:00,84656.0,84804.0,84507.0,84574.0,24.66575,591
2026-09-21 10:15:00+00:00,84574.0,84731.0,84365.0,84365.0,30.91539,551
2026-09-21 10:30:00+00:00,84374.0,84459.0,84150.0,84291.0,16.96189,434
2026-09-21 10:45:00+00:00,84290.0,84445.0,84186.0,84436.0,27.33723,524
2026-09-21 11:00:00+00:00,84435.0,84643.0,84414.0,84600.0,2.98918,254
2026-09-21 11:15:00+00:00,84599.0,84700.0,84536.0,84659.0,6.20277,237
2026-09-21 11:30:00+00:00,84654.0,84855.0,84613.0,84811.0,12.39294,366
2026-09-21 11:45:00+00:00,84804.0,84900.0,84701.0,84864.0,12.94877,362
2026-09-21 12:00:00+00:00,84861.0,85157.0,84817.0,84977.0,37.89391,623
2026-09-21 12:15:00+00:00,84976.0,85418.0,84965.0,85052.0,19.21456,661
2026-09-21 12:30:00+00:00,85052.0,85400.0,85030.0,85282.0,7.7348,399
2026-09-21 12:45:00+00:00,85282.0,85414.0,85153.0,85333.0,5.96771,351
2026-09-21 13:00:00+00:00,85332.0,85441.0,85082.0,85166.0,6.30905,365
2026-09-21 13:15:00+00:00,85170.0,85220.0,84917.0,84929.0,7.39811,395
2026-09-21 13:30:00+00:00,84927.0,85208.0,84797.0,85054.0,14.41894,579
2026-09-21 13:45:00+00:00,85032.0,85804.0,85032.0,85411.0,16.86079,805
2026-09-21 14:00:00+00:00,85428.0,85519.0,85033.0,85292.0,5.47138,488
2026-09-21 14:15:00+00:00,85221.0,85759.0,85206.0,85702.0,2.32092,402
2026-09-21 14:30:00+00:00,85701.0,86000.0,85573.0,85766.0,33.62144,824
2026-09-21 14:45:00+00:00,85760.0,86108.0,85684.0,85831.0,7.50499,613
2026-09-21 15:00:00+00:00,85826.0,86334.0,85804.0,86280.0,14.13393,697
2026-09-21 15:15:00+00:00,86278.0,86278.0,85799.0,85848.0,122.26088,1191
2026-09-21 15:30:00+00:00,85843.0,86083.0,85796.0,86083.0,7.83595,479
2026-09-21 15:45:00+00:00,86100.0,86171.0,85908.0,85928.0,5.54845,346
2026-09-21 16:00:00+00:00,85921.0,85957.0,85703.0,85722.0,12.1561,512
2026-09-21 16:15:00+00:00,85729.0,85950.0,85719.0,85839.0,13.20695,586
2026-09-21 16:30:00+00:00,85862.0,85952.0,85596.0,85863.0,5.62971,531
2026-09-21 16:45:00+00:00,85837.0,86100.0,85170.0,85933.0,60.65396,1411
2026-09-21 17:00:00+00:00,85934.0,86025.0,85566.0,85937.0,76.60609,2771
2026-09-21 17:15:00+00:00,85917.0,85954.0,85671.0,85813.0,45.13652,2517
2026-09-21 17:30:00+00:00,85812.0,85916.0,85772.0,85822.0,8.24853,729
2026-09-21 17:45:00+00:00,85811.0,85827.0,85614.0,85792.0,21.05719,901
2026-09-21 18:00:00+00:00,85792.0,85895.0,85640.0,85870.0,86.23571,4390
2026-09-21 18:15:00+00:00,85873.0,85991.0,85823.0,85839.0,21.05525,1098
2026-09-21 18:30:00+00:00,85859.0,85901.0,85570.0,85815.0,63.22648,2696
2026-09-21 18:45:00+00:00,85843.0,85942.0,85214.0,85939.0,55.59587,3629
2026-09-21 19:00:00+00:00,85942.0,85974.0,85879.0,85954.0,16.16606,775
2026-09-21 19:15:00+00:00,85955.0,86365.0,85943.0,86363.0,45.15123,1201
2026-09-21 19:30:00+00:00,86364.0,86876.0,86324.0,86599.0,69.00336,1120
2026-09-21 19:45:00+00:00,86584.0,86667.0,86484.0,86501.0,3.60385,388
2026-09-21 20:00:00+00:00,86524.0,86812.0,86524.0,86751.0,5.14738,428
2026-09-21 20:15:00+00:00,86751.0,87413.0,86698.0,87287.0,22.95322,887
2026-09-21 20:30:00+00:00,87267.0,87319.0,86903.0,86940.0,29.11044,607
2026-09-21 20:45:00+00:00,86953.0,87067.0,86855.0,86994.0,15.18233,472
2026-09-21 21:00:00+00:00,86949.0,86959.0,86580.0,86581.0,8.01168,496
2026-09-21 21:15:00+00:00,86580.0,86677.0,86534.0,86614.0,2.97734,358
2026-09-21 21:30:00+00:00,86615.0,86842.0,86614.0,86769.0,2.7086,399
2026-09-21 21:45:00+00:00,86768.0,86771.0,86562.0,86562.0,2.96431,408
2026-09-21 22:00:00+00:00,86564.0,86684.0,86533.0,86604.0,2.52279,342
2026-09-21 22:15:00+00:00,86609.0,86736.0,86352.0,86396.0,9.95105,432
2026-09-21 22:30:00+00:00,86391.0,86567.0,86363.0,86402.0,4.99071,339
2026-09-21 22:45:00+00:00,86401.0,86427.0,86284.0,86425.0,2.58908,303
2026-09-21 23:00:00+00:00,86402.0,86673.0,86396.0,86628.0,2.73708,284
2026-09-21 23:15:00+00:00,86644.0,86671.0,86469.0,86469.0,1.05669,245
2026-09-21 23:30:00+00:00,86469.0,86500.0,86333.0,86430.0,16.92446,392
2026-09-21 23:45:00+00:00,86441.0,86608.0,86403.0,86588.0,19.31386,371
2026-09-22 00:00:00+00:00,86587.0,86600.0,86283.0,86449.0,16.73806,433
2026-09-22 00:15:00+00:00,86424.0,86466.0,86306.0,86392.0,11.01094,319
2026-09-22 00:30:00+00:00,86365.0,86476.0,86133.0,86315.0,5.31186,314
2026-09-22 00:45:00+00:00,86316.0,86367.0,85836.0,85872.0,6.63326,414
2026-09-22 01:00:00+00:00,85924.0,85947.0,85630.0,85763.0,4.42226,337
2026-09-22 01:15:00+00:00,85760.0,85850.0,85393.0,85740.0,2.55628,350
2026-09-22 01:30:00+00:00,85734.0,85800.0,85592.0,85633.0,12.89733,348
2026-09-22 01:45:00+00:00,85636.0,85679.0,85517.0,85585.0,20.55002,440
2026-09-22 02:00:00+00:00,85587.0,85642.0,85375.0,85578.0,16.05723,390
2026-09-22 02:15:00+00:00,85570.0,85805.0,85483.0,85698.0,7.73654,339
2026-09-22 02:30:00+00:00,85698.0,85803.0,85594.0,85784.0,5.43345,244
2026-09-22 02:45:00+00:00,85769.0,85833.0,85626.0,85697.0,3.51835,202
2026-09-22 03:00:00+00:00,85690.0,85724.0,85417.0,85501.0,4.47286,243
2026-09-22 03:15:00+00:00,85560.0,85616.0,85290.0,85574.0,11.30485,350
2026-09-22 03:30:00+00:00,85556.0,85579.0,85400.0,85467.0,0.92874,161
2026-09-22 03:45:00+00:00,85461.0,85691.0,85461.0,85658.0,9.22901,288
2026-09-22 04:00:00+00:00,85657.0,85698.0,85583.0,85589.0,3.26062,208
2026-09-22 04:15:00+00:00,85595.0,85609.0,85461.0,85529.0,4.87118,242
2026-09-22 04:30:00+00:00,85521.0,85579.0,85441.0,85501.0,4.76462,211
2026-09-22 04:45:00+00:00,85500.0,85500.0,85407.0,85411.0,1.76487,169
2026-09-22 05:00:00+00:00,85425.0,85489.0,85365.0,85396.0,1.59864,169
2026-09-22 05:15:00+00:00,85404.0,85404.0,85147.0,85192.0,8.56823,327
2026-09-22 05:30:00+00:00,85184.0,85392.0,85105.0,85392.0,4.25172,284
2026-09-22 05:45:00+00:00,85392.0,85567.0,85383.0,85384.0,0.69495,167
2026-09-22 06:00:00+00:00,85384.0,85440.0,85253.0,85347.0,2.44879,161
2026-09-22 06:15:00+00:00,85357.0,85360.0,85235.0,85349.0,1.75619,186
2026-09-22 06:30:00+00:00,85345.0,85550.0,85325.0,85473.0,10.72006,300
2026-09-22 06:45:00+00:00,85472.0,85487.0,85345.0,85366.0,2.46139,172
2026-09-22 07:00:00+00:00,85365.0,85482.0,85301.0,85452.0,2.77691,245
2026-09-22 07:15:00+00:00,85434.0,85447.0,85187.0,85291.0,5.34726,313
2026-09-22 07:30:00+00:00,85294.0,85304.0,85146.0,85206.0,4.03344,343
2026-09-22 07:45:00+00:00,85244.0,85317.0,85237.0,85317.0,7.99109,370
2026-09-22 08:00:00+00:00,85326.0,85505.0,85307.0,85462.0,10.1931,428
2026-09-22 08:15:00+00:00,85457.0,85580.0,85380.0,85386.0,3.29049,302
2026-09-22 08:30:00+00:00,85385.0,86122.0,85297.0,86112.0,5.39324,451
2026-09-22 08:45:00+00:00,86117.0,86340.0,85990.0,86192.0,13.07278,490
2026-09-22 09:00:00+00:00,86192.0,86192.0,85671.0,85928.0,34.5133,717
2026-09-22 09:15:00+00:00,85928.0,85983.0,85810.0,85890.0,4.71382,338
2026-09-22 09:30:00+00:00,85890.0,86044.0,85833.0,86024.0,3.80319,323
2026-09-22 09:45:00+00:00,86024.0,86246.0,85999.0,86222.0,5.20164,337
2026-09-22 10:00:00+00:00,86231.0,86235.0,85988.0,86016.0,4.13141,306
2026-09-22 10:15:00+00:00,86016.0,86067.0,85815.0,85852.0,7.43081,368
2026-09-22 10:30:00+00:00,85840.0,85936.0,85767.0,85850.0,3.05181,263
2026-09-22 10:45:00+00:00,85850.0,85962.0,85788.0,85905.0,6.19991,278
2026-09-22 11:00:00+00:00,85904.0,85984.0,85767.0,85968.0,2.9823,250
2026-09-22 11:15:00+00:00,85969.0,86085.0,85893.0,85893.0,5.67841,271
2026-09-22 11:30:00+00:00,85894.0,86115.0,85871.0,86083.0,7.22638,281
2026-09-22 11:45:00+00:00,86091.0,86095.0,85872.0,85966.0,6.15687,304
2026-09-22 12:00:00+00:00,85967.0,86019.0,85904.0,85904.0,4.10903,262
2026-09-22 12:15:00+00:00,85904.0,86096.0,85776.0,86095.0,1.96806,272
2026-09-22 12:30:00+00:00,86090.0,86150.0,85971.0,85971.0,37.0009,475
2026-09-22 12:45:00+00:00,85976.0,86053.0,85935.0,86016.0,2.25269,216
2026-09-22 13:00:00+00:00,86017.0,86190.0,86016.0,86030.0,12.85174,280
2026-09-22 13:15:00+00:00,86033.0,86044.0,85693.0,85707.0,5.70048,315
2026-09-22 13:30:00+00:00,85718.0,86135.0,85572.0,85896.0,2.81224,367
2026-09-22 13:45:00+00:00,85879.0,86338.0,85855.0,86304.0,3.31379,311
2026-09-22 14:00:00+00:00,86284.0,86424.0,86064.0,86319.0,5.84231,356
2026-09-22 14:15:00+00:00,86322.0,86351.0,85910.0,85910.0,15.27046,414
2026-09-22 14:30:00+00:00,85904.0,85970.0,85444.0,85869.0,6.33298,512
2026-09-22 14:45:00+00:00,85870.0,86233.0,85865.0,86233.0,9.06909,325
2026-09-22 15:00:00+00:00,86233.0,86355.0,86143.0,86298.0,4.01005,343
2026-09-22 15:15:00+00:00,86278.0,86330.0,86115.0,86276.0,3.04028,306
2026-09-22 15:30:00+00:00,86252.0,86558.0,86234.0,86549.0,7.90227,319
2026-09-22 15:45:00+00:00,86541.0,86704.0,86317.0,86408.0,4.07389,416
2026-09-22 16:00:00+00:00,86403.0,86500.0,86141.0,86171.0,7.0955,337
2026-09-22 16:15:00+00:00,86162.0,86288.0,86092.0,86095.0,2.57956,269
2026-09-22 16:30:00+00:00,86082.0,86298.0,86075.0,86232.0,0.66548,183
2026-09-22 16:45:00+00:00,86219.0,86578.0,86217.0,86438.0,1.09869,258
2026-09-22 17:00:00+00:00,86438.0,86560.0,86384.0,86446.0,5.17104,283
2026-09-22 17:15:00+00:00,86430.0,86591.0,86254.0,86591.0,1.88075,260
2026-09-22 17:30:00+00:00,86596.0,86641.0,86443.0,86477.0,2.83255,251
2026-09-22 17:45:00+00:00,86495.0,86659.0,86418.0,86572.0,1.31097,279
2026-09-22 18:00:00+00:00,86584.0,86660.0,86468.0,86528.0,0.69547,305
2026-09-22 18:15:00+00:00,86562.0,86663.0,86318.0,86318.0,2.83432,280
2026-09-22 18:30:00+00:00,86313.0,86463.0,86250.0,86410.0,0.68237,254
2026-09-22 18:45:00+00:00,86418.0,86584.0,86418.0,86463.0,1.13224,231
2026-09-22 19:00:00+00:00,86484.0,86540.0,86399.0,86487.0,0.28324,210
2026-09-22 19:15:00+00:00,86501.0,86592.0,86469.0,86547.0,1.53738,218
2026-09-22 19:30:00+00:00,86499.0,86511.0,86293.0,86393.0,0.49686,223
2026-09-22 19:45:00+00:00,86406.0,86424.0,86167.0,86234.0,4.62932,251
2026-09-22 20:00:00+00:00,86223.0,86289.0,86154.0,86219.0,6.96991,281
2026-09-22 20:15:00+00:00,86226.0,86393.0,86207.0,86365.0,4.07976,250
2026-09-22 20:30:00+00:00,86366.0,86371.0,86247.0,86333.0,5.90048,236
2026-09-22 20:45:00+00:00,86327.0,86328.0,86199.0,86262.0,2.76028,225
2026-09-22 21:00:00+00:00,86280.0,86363.0,86220.0,86266.0,2.23567,232
2026-09-22 21:15:00+00:00,86242.0,86270.0,86220.0,86249.0,2.5006,200
2026-09-22 21:30:00+00:00,86250.0,86300.0,86193.0,86205.0,1.3856,216
2026-09-22 21:45:00+00:00,86205.0,86316.0,86186.0,86186.0,0.4905,215
2026-09-22 22:00:00+00:00,86190.0,86291.0,86007.0,86053.0,2.51204,274
2026-09-22 22:15:00+00:00,86052.0,86223.0,86042.0,86165.0,0.88126,210
2026-09-22 22:30:00+00:00,86164.0,86281.0,86156.0,86221.0,1.51675,229
2026-09-22 22:45:00+00:00,86237.0,86283.0,86114.0,86115.0,1.54041,242
2026-09-22 23:00:00+00:00,86123.0,86500.0,86121.0,86391.0,2.46468,303
2026-09-22 23:15:00+00:00,86390.0,86467.0,86187.0,86243.0,10.85277,357
2026-09-22 23:30:00+00:00,86230.0,86276.0,86100.0,86147.0,4.9571,285
2026-09-22 23:45:00+00:00,86163.0,86217.0,86076.0,86198.0,4.65692,267
2026-09-23 00:00:00+00:00,86200.0,86365.0,86128.0,86365.0,0.2669,369
2026-09-23 00:15:00+00:00,86348.0,86534.0,86333.0,86452.0,0.68455,385
2026-09-23 00:30:00+00:00,86465.0,86590.0,86423.0,86453.0,1.6133,462
2026-09-23 00:45:00+00:00,86456.0,86515.0,86433.0,86461.0,0.57097,295
2026-09-23 01:00:00+00:00,86458.0,86827.0,86444.0,86699.0,1.84238,334
2026-09-23 01:15:00+00:00,86718.0,86727.0,86600.0,86642.0,3.0461,239
2026-09-23 01:30:00+00:00,86615.0,86642.0,86289.0,86289.0,2.4221,280
2026-09-23 01:45:00+00:00,86288.0,86375.0,86187.0,86373.0,0.69195,231
2026-09-23 02:00:00+00:00,86368.0,86390.0,86266.0,86374.0,1.56909,215
2026-09-23 02:15:00+00:00,86392.0,86625.0,86369.0,86582.0,0.7848,231
2026-09-23 02:30:00+00:00,86581.0,86590.0,86463.0,86477.0,0.9904,245
2026-09-23 02:45:00+00:00,86489.0,86551.0,86449.0,86550.0,3.01444,249
2026-09-23 03:00:00+00:00,86539.0,86551.0,86421.0,86546.0,1.83406,240
2026-09-23 03:15:00+00:00,86545.0,86792.0,86500.0,86694.0,4.12167,287
2026-09-23 03:30:00+00:00,86671.0,86942.0,86671.0,86878.0,4.47024,284
2026-09-23 03:45:00+00:00,86870.0,86876.0,86697.0,86706.0,2.42273,212
2026-09-23 04:00:00+00:00,86706.0,86908.0,86635.0,86845.0,2.41737,257
2026-09-23 04:15:00+00:00,86854.0,87243.0,86772.0,87026.0,3.86973,447
2026-09-23 04:30:00+00:00,87043.0,87280.0,87043.0,87156.0,1.10897,282
2026-09-23 04:45:00+00:00,87150.0,87220.0,87123.0,87163.0,2.03674,250
2026-09-23 05:00:00+00:00,87162.0,87163.0,86886.0,86934.0,1.23499,278
2026-09-23 05:15:00+00:00,86929.0,86971.0,86743.0,86771.0,7.35355,331
2026-09-23 05:30:00+00:00,86767.0,86828.0,86712.0,86750.0,3.64463,248
2026-09-23 05:45:00+00:00,86748.0,86773.0,86424.0,86492.0,5.41458,342
2026-09-23 06:00:00+00:00,86492.0,86605.0,86436.0,86603.0,2.88347,256
2026-09-23 06:15:00+00:00,86580.0,86602.0,86423.0,86424.0,2.15144,234
2026-09-23 06:30:00+00:00,86423.0,86569.0,86378.0,86569.0,3.21124,218
2026-09-23 06:45:00+00:00,86552.0,86552.0,86425.0,86456.0,0.6023,210
2026-09-23 07:00:00+00:00,86455.0,86455.0,86308.0,86348.0,1.24616,243
2026-09-23 07:15:00+00:00,86367.0,86428.0,86307.0,86400.0,0.39372,203
2026-09-23 07:30:00+00:00,86407.0,86408.0,86000.0,86055.0,4.25601,336
2026-09-23 07:45:00+00:00,86075.0,86223.0,86059.0,86135.0,2.69544,268
2026-09-23 08:00:00+00:00,86159.0,86251.0,86101.0,86172.0,1.03731,261
2026-09-23 08:15:00+00:00,86172.0,86278.0,86148.0,86149.0,3.09543,232
2026-09-23 08:30:00+00:00,86149.0,86223.0,86100.0,86101.0,1.69725,243
2026-09-23 08:45:00+00:00,86101.0,86101.0,85700.0,85910.0,3.15578,389
2026-09-23 09:00:00+00:00,85910.0,86016.0,85871.0,85945.0,0.71659,249
2026-09-23 09:15:00+00:00,85933.0,85999.0,85873.0,85889.0,2.38571,246
2026-09-23 09:30:00+00:00,85907.0,85932.0,85788.0,85813.0,2.59607,228
2026-09-23 09:45:00+00:00,85798.0,85917.0,85739.0,85844.0,1.53722,236
2026-09-23 10:00:00+00:00,85844.0,85911.0,85809.0,85848.0,0.69964,229
2026-09-23 10:15:00+00:00,85823.0,85841.0,85659.0,85799.0,0.52512,239
2026-09-23 10:30:00+00:00,85798.0,85877.0,85734.0,85877.0,0.73804,223
2026-09-23 10:45:00+00:00,85875.0,85921.0,85811.0,85916.0,0.67311,245
2026-09-23 11:00:00+00:00,85910.0,85960.0,85700.0,85746.0,1.21992,226
2026-09-23 11:15:00+00:00,85746.0,85746.0,85445.0,85493.0,3.59338,308
2026-09-23 11:30:00+00:00,85493.0,85578.0,85438.0,85498.0,3.98851,347
2026-09-23 11:45:00+00:00,85508.0,85658.0,85487.0,85630.0,0.7265,223
2026-09-23 12:00:00+00:00,85630.0,85658.0,85448.0,85455.0,1.20655,243
2026-09-23 12:15:00+00:00,85455.0,85492.0,85250.0,85461.0,1.46371,326
2026-09-23 12:30:00+00:00,85491.0,85557.0,85410.0,85441.0,9.36493,294
2026-09-23 12:45:00+00:00,85436.0,85529.0,85381.0,85464.0,14.86612,262
2026-09-23 13:00:00+00:00,85478.0,85487.0,85274.0,85350.0,5.0675,370
2026-09-23 13:15:00+00:00,85349.0,85558.0,85349.0,85519.0,9.26627,455
2026-09-23 13:30:00+00:00,85519.0,85846.0,85505.0,85824.0,20.38108,461
2026-09-23 13:45:00+00:00,85816.0,85816.0,85538.0,85771.0,9.11051,334
2026-09-23 14:00:00+00:00,85772.0,85909.0,84554.0,84867.0,28.14126,944
2026-09-23 14:15:00+00:00,84843.0,84860.0,83954.0,84028.0,23.92235,1085
2026-09-23 14:30:00+00:00,83994.0,84491.0,83896.0,84318.0,21.22181,543
2026-09-23 14:45:00+00:00,84311.0,84580.0,84208.0,84535.0,8.91058,371
2026-09-23 15:00:00+00:00,84535.0,84705.0,84448.0,84653.0,23.92473,443
2026-09-23 15:15:00+00:00,84648.0,84804.0,84514.0,84514.0,3.11249,272
2026-09-23 15:30:00+00:00,84526.0,84550.0,84300.0,84301.0,4.22938,284
2026-09-23 15:45:00+00:00,84300.0,84346.0,83969.0,84003.0,10.99102,365
2026-09-23 16:00:00+00:00,84003.0,84371.0,83563.0,84360.0,26.32033,857
2026-09-23 16:15:00+00:00,84300.0,84365.0,84175.0,84248.0,2.05362,243
2026-09-23 16:30:00+00:00,84258.0,84340.0,83959.0,84105.0,3.54948,355
2026-09-23 16:45:00+00:00,84104.0,84139.0,83871.0,84051.0,3.83448,321
2026-09-23 17:00:00+00:00,84050.0,84184.0,83738.0,83807.0,3.55859,371
2026-09-23 17:15:00+00:00,83806.0,84200.0,83776.0,84058.0,9.56716,425
2026-09-23 17:30:00+00:00,84051.0,84250.0,83974.0,84250.0,2.37522,285
2026-09-23 17:45:00+00:00,84250.0,84365.0,84244.0,84306.0,3.73432,314
2026-09-23 18:00:00+00:00,84306.0,84313.0,84135.0,84187.0,12.93316,356
2026-09-23 18:15:00+00:00,84180.0,84271.0,84126.0,84134.0,11.29891,336
2026-09-23 18:30:00+00:00,84128.0,84221.0,84118.0,84220.0,1.33648,255
2026-09-23 18:45:00+00:00,84207.0,84391.0,84183.0,84306.0,2.44757,290
2026-09-23 19:00:00+00:00,84310.0,84385.0,84207.0,84356.0,2.43583,255
2026-09-23 19:15:00+00:00,84355.0,84444.0,84305.0,84404.0,0.80667,256
2026-09-23 19:30:00+00:00,84403.0,84475.0,84386.0,84443.0,1.73376,251
2026-09-23 19:45:00+00:00,84428.0,84559.0,84427.0,84510.0,8.42108,332
2026-09-23 20:00:00+00:00,84535.0,84538.0,84305.0,84366.0,7.07295,332
2026-09-23 20:15:00+00:00,84366.0,84408.0,84256.0,84310.0,1.39919,264
2026-09-23 20:30:00+00:00,84327.0,84434.0,84301.0,84409.0,1.27448,275
2026-09-23 20:45:00+00:00,84420.0,84420.0,84212.0,84234.0,2.29666,292
2026-09-23 21:00:00+00:00,84233.0,84364.0,84211.0,84362.0,7.75486,322
2026-09-23 21:15:00+00:00,84361.0,84411.0,84317.0,84406.0,1.80735,259
2026-09-23 21:30:00+00:00,84405.0,84483.0,84405.0,84483.0,4.5134,334
2026-09-23 21:45:00+00:00,84483.0,84488.0,84405.0,84405.0,1.74166,329
2026-09-23 22:00:00+00:00,84408.0,84640.0,84327.0,84584.0,12.50294,348
2026-09-23 22:15:00+00:00,84583.0,84584.0,84463.0,84463.0,2.71282,240
2026-09-23 22:30:00+00:00,84462.0,84508.0,84380.0,84471.0,0.52169,226
2026-09-23 22:45:00+00:00,84471.0,84604.0,84470.0,84551.0,1.16826,243
2026-09-23 23:00:00+00:00,84544.0,84563.0,84468.0,84478.0,1.41663,232
2026-09-23 23:15:00+00:00,84474.0,84496.0,84418.0,84474.0,5.57977,259
2026-09-23 23:30:00+00:00,84483.0,84508.0,84422.0,84443.0,1.01367,241
2026-09-23 23:45:00+00:00,84444.0,84453.0,84331.0,84378.0,0.85796,252
2026-09-24 00:00:00+00:00,84377.0,84477.0,84300.0,84350.0,6.10722,281
2026-09-24 00:15:00+00:00,84351.0,84426.0,84328.0,84329.0,2.23636,238
2026-09-24 00:30:00+00:00,84340.0,84424.0,84253.0,84332.0,2.89242,278
2026-09-24 00:45:00+00:00,84331.0,84345.0,84211.0,84305.0,4.73459,307
2026-09-24 01:00:00+00:00,84301.0,84393.0,84225.0,84263.0,4.34256,307
2026-09-24 01:15:00+00:00,84262.0,84310.0,84168.0,84217.0,5.77977,306
2026-09-24 01:30:00+00:00,84208.0,84450.0,84073.0,84121.0,12.12142,390
2026-09-24 01:45:00+00:00,84110.0,84180.0,84052.0,84091.0,7.54381,338
2026-09-24 02:00:00+00:00,84090.0,84117.0,83740.0,83942.0,19.23883,546
2026-09-24 02:15:00+00:00,83968.0,84237.0,83968.0,84156.0,12.70587,345
2026-09-24 02:30:00+00:00,84155.0,84320.0,84126.0,84311.0,3.82036,295
2026-09-24 02:45:00+00:00,84314.0,84345.0,84299.0,84344.0,14.25233,301
2026-09-24 03:00:00+00:00,84343.0,84451.0,84227.0,84307.0,11.07327,302
2026-09-24 03:15:00+00:00,84333.0,84346.0,83995.0,84042.0,2.42691,307
2026-09-24 03:30:00+00:00,84021.0,84031.0,83871.0,84006.0,2.64088,281
2026-09-24 03:45:00+00:00,83990.0,84011.0,83834.0,83926.0,4.42946,275
2026-09-24 04:00:00+00:00,83931.0,83949.0,83790.0,83808.0,4.28049,268
2026-09-24 04:15:00+00:00,83804.0,83912.0,83783.0,83907.0,1.19401,252
2026-09-24 04:30:00+00:00,83919.0,83919.0,83836.0,83865.0,0.53317,216
2026-09-24 04:45:00+00:00,83865.0,84044.0,83776.0,84028.0,0.89346,218
2026-09-24 05:00:00+00:00,84028.0,84365.0,84027.0,84199.0,0.752,274
2026-09-24 05:15:00+00:00,84198.0,84224.0,84114.0,84160.0,3.27848,285
2026-09-24 05:30:00+00:00,84159.0,84242.0,84088.0,84188.0,1.14789,238
2026-09-24 05:45:00+00:00,84175.0,84231.0,83952.0,83959.0,0.73095,245
2026-09-24 06:00:00+00:00,83960.0,84179.0,83905.0,84119.0,1.70445,232
2026-09-24 06:15:00+00:00,84114.0,84190.0,84060.0,84181.0,0.5106,227
2026-09-24 06:30:00+00:00,84189.0,84224.0,84147.0,84179.0,2.41918,241
2026-09-24 06:45:00+00:00,84178.0,84178.0,84085.0,84097.0,0.45416,202
2026-09-24 07:00:00+00:00,84096.0,84135.0,83944.0,84075.0,0.69424,204
2026-09-24 07:15:00+00:00,84079.0,84400.0,84043.0,84400.0,1.28503,226
2026-09-24 07:30:00+00:00,84400.0,84535.0,84377.0,84420.0,8.82198,334
2026-09-24 07:45:00+00:00,84420.0,84593.0,84359.0,84514.0,0.68217,271
2026-09-24 08:00:00+00:00,84514.0,84610.0,84396.0,84403.0,0.606,300
2026-09-24 08:15:00+00:00,84398.0,84459.0,83794.0,83794.0,1.56731,359
2026-09-24 08:30:00+00:00,83788.0,83970.0,83648.0,83716.0,11.27425,424
2026-09-24 08:45:00+00:00,83725.0,83773.0,83326.0,83646.0,26.5454,784
2026-09-24 09:00:00+00:00,83647.0,83727.0,83459.0,83459.0,21.35972,344
2026-09-24 09:15:00+00:00,83459.0,83519.0,83329.0,83332.0,9.69757,321
2026-09-24 09:30:00+00:00,83332.0,83353.0,82893.0,83152.0,25.90266,763
2026-09-24 09:45:00+00:00,83152.0,83269.0,83033.0,83234.0,8.28765,275
2026-09-24 10:00:00+00:00,83233.0,83375.0,83132.0,83290.0,5.53174,251
2026-09-24 10:15:00+00:00,83256.0,83343.0,83153.0,83238.0,4.56384,229
2026-09-24 10:30:00+00:00,83202.0,83415.0,83136.0,83372.0,0.75765,198
2026-09-24 10:45:00+00:00,83372.0,83541.0,83349.0,83502.0,0.95897,221
2026-09-24 11:00:00+00:00,83501.0,83582.0,83490.0,83556.0,1.08336,201
2026-09-24 11:15:00+00:00,83556.0,83573.0,83496.0,83507.0,3.94668,233
2026-09-24 11:30:00+00:00,83518.0,83538.0,83390.0,83431.0,1.89871,196
2026-09-24 11:45:00+00:00,83431.0,83524.0,83383.0,83465.0,1.84548,196
2026-09-24 12:00:00+00:00,83459.0,83575.0,83368.0,83510.0,2.96152,222
2026-09-24 12:15:00+00:00,83496.0,83647.0,83496.0,83529.0,2.55667,240
2026-09-24 12:30:00+00:00,83529.0,83553.0,83316.0,83469.0,5.37754,305
2026-09-24 12:45:00+00:00,83471.0,83619.0,83400.0,83580.0,1.95312,219
2026-09-24 13:00:00+00:00,83581.0,83736.0,83581.0,83735.0,3.53001,250
2026-09-24 13:15:00+00:00,83717.0,83940.0,83717.0,83764.0,2.3204,279
2026-09-24 13:30:00+00:00,83763.0,84321.0,83763.0,83930.0,3.38001,404
2026-09-24 13:45:00+00:00,83946.0,84237.0,83859.0,84237.0,1.46264,251
2026-09-24 14:00:00+00:00,84236.0,84337.0,84125.0,84218.0,1.39705,271
2026-09-24 14:15:00+00:00,84223.0,84909.0,84127.0,84852.0,6.29475,466
2026-09-24 14:30:00+00:00,84811.0,84852.0,84380.0,84395.0,6.86927,381
2026-09-24 14:45:00+00:00,84380.0,84381.0,83381.0,83668.0,10.82871,644
2026-09-24 15:00:00+00:00,83658.0,83909.0,83505.0,83893.0,8.76203,370
2026-09-24 15:15:00+00:00,83893.0,84227.0,83869.0,84115.0,2.61305,285
2026-09-24 15:30:00+00:00,84104.0,84438.0,84091.0,84401.0,0.63466,256
2026-09-24 15:45:00+00:00,84413.0,84445.0,84280.0,84409.0,1.23482,248
2026-09-24 16:00:00+00:00,84417.0,84417.0,84036.0,84176.0,2.83793,311
2026-09-24 16:15:00+00:00,84202.0,84824.0,84202.0,84707.0,6.28068,485
2026-09-24 16:30:00+00:00,84707.0,84900.0,84445.0,84548.0,7.18886,389
2026-09-24 16:45:00+00:00,84536.0,84709.0,84428.0,84495.0,25.82779,365
2026-09-24 17:00:00+00:00,84456.0,84553.0,84363.0,84474.0,6.40739,222
2026-09-24 17:15:00+00:00,84469.0,84538.0,84226.0,84331.0,4.27509,251
2026-09-24 17:30:00+00:00,84362.0,84419.0,84126.0,84160.0,2.04107,230
2026-09-24 17:45:00+00:00,84160.0,84208.0,84009.0,84109.0,9.11842,257
2026-09-24 18:00:00+00:00,84096.0,84237.0,83881.0,84237.0,1.27725,232
2026-09-24 18:15:00+00:00,84237.0,84471.0,84237.0,84420.0,1.88345,199
2026-09-24 18:30:00+00:00,84419.0,84514.0,84240.0,84415.0,3.72895,204
2026-09-24 18:45:00+00:00,84415.0,84525.0,84357.0,84469.0,2.21724,159
2026-09-24 19:00:00+00:00,84469.0,84608.0,84284.0,84570.0,4.13854,218
2026-09-24 19:15:00+00:00,84570.0,84632.0,84520.0,84623.0,0.96192,245
2026-09-24 19:30:00+00:00,84624.0,84624.0,84401.0,84418.0,2.34609,225
2026-09-24 19:45:00+00:00,84416.0,84564.0,84310.0,84395.0,1.831,205
2026-09-24 20:00:00+00:00,84405.0,84423.0,84232.0,84232.0,3.9457,240
2026-09-24 20:15:00+00:00,84234.0,84313.0,84167.0,84258.0,1.24663,212
2026-09-24 20:30:00+00:00,84273.0,84414.0,84200.0,84374.0,0.89222,189
2026-09-24 20:45:00+00:00,84375.0,84459.0,84275.0,84360.0,2.54026,250
2026-09-24 21:00:00+00:00,84360.0,84385.0,84279.0,84335.0,4.69308,208
2026-09-24 21:15:00+00:00,84319.0,84445.0,84318.0,84414.0,2.89901,205
2026-09-24 21:30:00+00:00,84413.0,84483.0,84400.0,84475.0,3.22987,207
2026-09-24 21:45:00+00:00,84476.0,84486.0,84330.0,84348.0,0.93715,191
2026-09-24 22:00:00+00:00,84330.0,84362.0,84256.0,84325.0,1.47672,196
2026-09-24 22:15:00+00:00,84325.0,84330.0,83958.0,84126.0,1.29211,249
2026-09-24 22:30:00+00:00,84140.0,84192.0,84061.0,84134.0,2.25021,176
2026-09-24 22:45:00+00:00,84134.0,84275.0,84133.0,84275.0,0.73623,188
2026-09-24 23:00:00+00:00,84275.0,84365.0,84256.0,84293.0,3.02382,212
2026-09-24 23:15:00+00:00,84293.0,84423.0,84279.0,84409.0,2.36968,161
2026-09-24 23:30:00+00:00,84408.0,84456.0,84391.0,84392.0,1.4481,188
2026-09-24 23:45:00+00:00,84391.0,84427.0,84358.0,84392.0,1.53914,192
2026-09-25 00:00:00+00:00,84391.0,84702.0,84383.0,84650.0,4.79232,254
2026-09-25 00:15:00+00:00,84649.0,84658.0,84534.0,84655.0,0.78788,195
2026-09-25 00:30:00+00:00,84654.0,84663.0,84541.0,84583.0,0.30597,205
2026-09-25 00:45:00+00:00,84575.0,84646.0,84544.0,84580.0,0.54675,214
2026-09-25 01:00:00+00:00,84586.0,84765.0,84552.0,84710.0,1.12044,209
2026-09-25 01:15:00+00:00,84683.0,84745.0,84507.0,84521.0,2.88559,225
2026-09-25 01:30:00+00:00,84533.0,84533.0,84360.0,84469.0,0.71902,204
2026-09-25 01:45:00+00:00,84469.0,84621.0,84469.0,84606.0,0.82834,176
2026-09-25 02:00:00+00:00,84594.0,84858.0,84561.0,84829.0,3.3293,220
2026-09-25 02:15:00+00:00,84823.0,84874.0,84637.0,84675.0,2.87815,217
2026-09-25 02:30:00+00:00,84667.0,84704.0,84401.0,84487.0,3.10554,233
2026-09-25 02:45:00+00:00,84485.0,84485.0,84162.0,84205.0,0.94921,243
2026-09-25 03:00:00+00:00,84185.0,84310.0,84173.0,84238.0,2.32712,196
2026-09-25 03:15:00+00:00,84259.0,84317.0,84142.0,84143.0,0.46754,188
2026-09-25 03:30:00+00:00,84141.0,84361.0,84061.0,84183.0,2.08473,228
2026-09-25 03:45:00+00:00,84181.0,84223.0,84136.0,84220.0,1.56948,181
2026-09-25 04:00:00+00:00,84220.0,84220.0,84055.0,84055.0,5.58883,229
2026-09-25 04:15:00+00:00,84054.0,84146.0,84050.0,84108.0,3.46156,205
2026-09-25 04:30:00+00:00,84107.0,84283.0,84107.0,84251.0,5.68788,204
2026-09-25 04:45:00+00:00,84261.0,84272.0,84145.0,84195.0,0.94068,181
2026-09-25 05:00:00+00:00,84194.0,84233.0,84141.0,84184.0,1.89383,202
2026-09-25 05:15:00+00:00,84149.0,84254.0,84100.0,84173.0,3.23713,187
2026-09-25 05:30:00+00:00,84159.0,84323.0,84110.0,84247.0,0.66756,151
2026-09-25 05:45:00+00:00,84246.0,84282.0,84182.0,84183.0,2.86195,241
2026-09-25 06:00:00+00:00,84184.0,84221.0,83970.0,84106.0,3.56729,304
2026-09-25 06:15:00+00:00,84105.0,84265.0,84045.0,84099.0,2.73359,264
2026-09-25 06:30:00+00:00,84098.0,84101.0,83927.0,84011.0,8.3338,293
2026-09-25 06:45:00+00:00,83998.0,84059.0,83992.0,84024.0,1.73982,255
2026-09-25 07:00:00+00:00,84023.0,84048.0,83744.0,83803.0,3.63865,343
2026-09-25 07:15:00+00:00,83802.0,84035.0,83802.0,84035.0,3.01901,256
2026-09-25 07:30:00+00:00,84034.0,84083.0,83805.0,83902.0,10.08254,380
2026-09-25 07:45:00+00:00,83907.0,84064.0,83871.0,84024.0,3.34335,273
2026-09-25 08:00:00+00:00,84024.0,84167.0,84024.0,84100.0,1.9828,249
2026-09-25 08:15:00+00:00,84102.0,84472.0,84102.0,84405.0,10.79428,389
2026-09-25 08:30:00+00:00,84410.0,84427.0,84292.0,84303.0,12.76286,234
2026-09-25 08:45:00+00:00,84302.0,84457.0,84278.0,84394.0,4.57179,201
2026-09-25 09:00:00+00:00,84394.0,84719.0,84393.0,84603.0,15.33093,302
2026-09-25 09:15:00+00:00,84602.0,84825.0,84555.0,84819.0,2.97268,181
2026-09-25 09:30:00+00:00,84818.0,84850.0,84601.0,84636.0,0.81733,167
2026-09-25 09:45:00+00:00,84647.0,84650.0,84578.0,84579.0,3.57153,180
2026-09-25 10:00:00+00:00,84579.0,84579.0,84404.0,84514.0,9.31653,315
2026-09-25 10:15:00+00:00,84513.0,84750.0,84467.0,84735.0,2.74739,178
2026-09-25 10:30:00+00:00,84734.0,84823.0,84673.0,84785.0,4.52163,171
2026-09-25 10:45:00+00:00,84772.0,84861.0,84690.0,84705.0,6.83159,165
2026-09-25 11:00:00+00:00,84705.0,85237.0,84689.0,85237.0,6.31496,380
2026-09-25 11:15:00+00:00,85237.0,85250.0,84866.0,84940.0,12.94611,299
2026-09-25 11:30:00+00:00,84952.0,84958.0,84713.0,84735.0,4.30437,238
2026-09-25 11:45:00+00:00,84734.0,84755.0,84595.0,84595.0,2.45535,199
2026-09-25 12:00:00+00:00,84595.0,84707.0,84240.0,84365.0,5.62254,276
2026-09-25 12:15:00+00:00,84308.0,84419.0,83911.0,84417.0,11.36916,392
2026-09-25 12:30:00+00:00,84412.0,84542.0,84350.0,84443.0,1.99789,192
2026-09-25 12:45:00+00:00,84442.0,84564.0,84347.0,84470.0,1.41727,189
2026-09-25 13:00:00+00:00,84468.0,84569.0,84348.0,84446.0,3.04003,181
2026-09-25 13:15:00+00:00,84449.0,84579.0,84117.0,84117.0,6.63982,273
2026-09-25 13:30:00+00:00,84117.0,84330.0,83821.0,84003.0,9.68223,396
2026-09-25 13:45:00+00:00,84018.0,84110.0,83563.0,83916.0,12.57278,447
2026-09-25 14:00:00+00:00,83923.0,84007.0,83200.0,83561.0,8.92721,570
2026-09-25 14:15:00+00:00,83572.0,83804.0,83461.0,83649.0,4.01174,278
2026-09-25 14:30:00+00:00,83676.0,83933.0,83665.0,83687.0,3.93821,240
2026-09-25 14:45:00+00:00,83685.0,84025.0,83573.0,84011.0,1.75485,259
2026-09-25 15:00:00+00:00,84009.0,84084.0,83751.0,83990.0,4.6127,261
2026-09-25 15:15:00+00:00,83993.0,83994.0,83727.0,83753.0,1.09783,245
2026-09-25 15:30:00+00:00,83794.0,83881.0,83445.0,83484.0,2.85658,320
2026-09-25 15:45:00+00:00,83468.0,83769.0,83350.0,83769.0,4.42838,324
2026-09-25 16:00:00+00:00,83770.0,84051.0,83770.0,83980.0,11.75397,432
2026-09-25 16:15:00+00:00,84031.0,84100.0,83936.0,83957.0,3.78637,232
2026-09-25 16:30:00+00:00,83957.0,84021.0,83810.0,83902.0,2.06426,220
2026-09-25 16:45:00+00:00,83879.0,83890.0,83708.0,83729.0,1.40831,246
2026-09-25 17:00:00+00:00,83729.0,83945.0,83728.0,83944.0,2.80987,174
2026-09-25 17:15:00+00:00,83948.0,83972.0,83677.0,83677.0,0.95847,189
2026-09-25 17:30:00+00:00,83670.0,83832.0,83607.0,83800.0,3.88942,204
2026-09-25 17:45:00+00:00,83801.0,83801.0,83687.0,83768.0,2.2782,180
2026-09-25 18:00:00+00:00,83777.0,83990.0,83776.0,83977.0,0.95447,182
2026-09-25 18:15:00+00:00,83991.0,84062.0,83881.0,83948.0,0.32343,177
2026-09-25 18:30:00+00:00,83960.0,83998.0,83897.0,83967.0,1.68933,165
2026-09-25 18:45:00+00:00,83994.0,83996.0,83921.0,83951.0,3.61422,164
2026-09-25 19:00:00+00:00,83965.0,84035.0,83914.0,84034.0,1.38536,186
2026-09-25 19:15:00+00:00,84034.0,84035.0,83926.0,83986.0,1.4486,202
2026-09-25 19:30:00+00:00,83991.0,84056.0,83934.0,83969.0,2.99132,203
2026-09-25 19:45:00+00:00,83999.0,84057.0,83983.0,84018.0,1.99959,217
2026-09-25 20:00:00+00:00,84003.0,84037.0,83928.0,83966.0,4.49452,179
2026-09-25 20:15:00+00:00,83965.0,84103.0,83960.0,84059.0,2.63871,159
2026-09-25 20:30:00+00:00,84059.0,84185.0,84056.0,84125.0,5.62729,289
2026-09-25 20:45:00+00:00,84105.0,84105.0,83843.0,83886.0,1.7402,206
2026-09-25 21:00:00+00:00,83887.0,83921.0,83644.0,83678.0,3.97223,261
2026-09-25 21:15:00+00:00,83678.0,83770.0,83623.0,83770.0,5.70758,221
2026-09-25 21:30:00+00:00,83769.0,83826.0,83726.0,83814.0,0.55084,171
2026-09-25 21:45:00+00:00,83813.0,83878.0,83778.0,83786.0,0.94698,193
2026-09-25 22:00:00+00:00,83785.0,83929.0,83758.0,83928.0,0.66688,172
2026-09-25 22:15:00+00:00,83934.0,83966.0,83895.0,83896.0,0.74692,169
2026-09-25 22:30:00+00:00,83910.0,84091.0,83907.0,84078.0,0.75297,191
2026-09-25 22:45:00+00:00,84078.0,84098.0,84046.0,84070.0,4.57903,268
2026-09-25 23:00:00+00:00,84058.0,84098.0,84057.0,84060.0,0.73958,178
2026-09-25 23:15:00+00:00,84068.0,84085.0,84001.0,84085.0,0.86327,174
2026-09-25 23:30:00+00:00,84084.0,84090.0,84062.0,84066.0,1.52676,196
2026-09-25 23:45:00+00:00,84067.0,84075.0,84035.0,84075.0,2.82696,221
2026-09-26 00:00:00+00:00,84074.0,84110.0,84034.0,84069.0,9.71382,286
2026-09-26 00:15:00+00:00,84068.0,84069.0,83925.0,83929.0,0.85287,206
2026-09-26 00:30:00+00:00,83928.0,83929.0,83779.0,83869.0,0.78315,281
2026-09-26 00:45:00+00:00,83869.0,83936.0,83868.0,83898.0,0.98624,227
2026-09-26 01:00:00+00:00,83899.0,83966.0,83898.0,83923.0,2.18628,252
2026-09-26 01:15:00+00:00,83924.0,83980.0,83914.0,83938.0,2.84495,214
2026-09-26 01:30:00+00:00,83942.0,84073.0,83942.0,84025.0,2.83728,254
2026-09-26 01:45:00+00:00,84025.0,84077.0,84017.0,84067.0,0.6777,179
2026-09-26 02:00:00+00:00,84068.0,84112.0,83983.0,84111.0,0.48328,191
2026-09-26 02:15:00+00:00,84106.0,84121.0,84016.0,84016.0,1.20721,186
2026-09-26 02:30:00+00:00,84010.0,84039.0,83990.0,84012.0,1.65564,175
2026-09-26 02:45:00+00:00,84011.0,84054.0,84011.0,84011.0,0.91171,172
2026-09-26 03:00:00+00:00,84011.0,84012.0,83900.0,83930.0,4.56849,244
2026-09-26 03:15:00+00:00,83930.0,84016.0,83913.0,84014.0,0.59099,168
2026-09-26 03:30:00+00:00,84013.0,84041.0,83947.0,83948.0,1.36476,183
2026-09-26 03:45:00+00:00,83947.0,83959.0,83931.0,83941.0,2.49341,195
2026-09-26 04:00:00+00:00,83942.0,84007.0,83941.0,83972.0,0.40944,183
2026-09-26 04:15:00+00:00,83982.0,84034.0,83883.0,83891.0,0.19533,183
2026-09-26 04:30:00+00:00,83891.0,83976.0,83858.0,83976.0,0.26566,198
2026-09-26 04:45:00+00:00,83975.0,83983.0,83963.0,83974.0,0.48819,177
2026-09-26 05:00:00+00:00,83979.0,84008.0,83934.0,83958.0,0.53316,179
2026-09-26 05:15:00+00:00,83957.0,83984.0,83891.0,83920.0,0.35936,172
2026-09-26 05:30:00+00:00,83921.0,83957.0,83879.0,83955.0,1.10875,191
2026-09-26 05:45:00+00:00,83958.0,83978.0,83897.0,83920.0,1.25065,165
2026-09-26 06:00:00+00:00,83920.0,83940.0,83887.0,83888.0,0.23099,156
2026-09-26 06:15:00+00:00,83888.0,83925.0,83865.0,83916.0,2.11221,183
2026-09-26 06:30:00+00:00,83916.0,83971.0,83897.0,83906.0,0.54172,167
2026-09-26 06:45:00+00:00,83905.0,83927.0,83887.0,83893.0,1.49997,189
2026-09-26 07:00:00+00:00,83899.0,84000.0,83898.0,83994.0,5.80108,270
2026-09-26 07:15:00+00:00,83994.0,84000.0,83970.0,83993.0,2.14355,213
2026-09-26 07:30:00+00:00,83992.0,84048.0,83979.0,84020.0,6.16603,222
2026-09-26 07:45:00+00:00,84032.0,84110.0,84032.0,84102.0,1.76339,172
2026-09-26 08:00:00+00:00,84102.0,84102.0,84031.0,84059.0,1.46941,176
2026-09-26 08:15:00+00:00,84064.0,84094.0,84020.0,84094.0,3.32797,200
2026-09-26 08:30:00+00:00,84094.0,84265.0,84093.0,84264.0,7.71574,330
2026-09-26 08:45:00+00:00,84254.0,84256.0,84216.0,84227.0,5.80112,345
2026-09-26 09:00:00+00:00,84227.0,84228.0,83978.0,84008.0,2.02204,260
2026-09-26 09:15:00+00:00,84007.0,84043.0,83969.0,84034.0,0.30026,178
2026-09-26 09:30:00+00:00,84030.0,84049.0,83981.0,84012.0,0.43596,156
2026-09-26 09:45:00+00:00,84026.0,84034.0,83994.0,84017.0,2.44972,173
2026-09-26 10:00:00+00:00,84026.0,84131.0,84025.0,84128.0,0.12968,145
2026-09-26 10:15:00+00:00,84120.0,84195.0,84120.0,84148.0,2.76235,184
2026-09-26 10:30:00+00:00,84148.0,84170.0,84124.0,84164.0,0.79288,149
2026-09-26 10:45:00+00:00,84164.0,84187.0,84143.0,84187.0,1.36896,159
2026-09-26 11:00:00+00:00,84187.0,84198.0,84139.0,84187.0,0.79127,158
2026-09-26 11:15:00+00:00,84182.0,84204.0,84161.0,84162.0,0.39172,156
2026-09-26 11:30:00+00:00,84161.0,84207.0,84161.0,84182.0,2.11244,180
2026-09-26 11:45:00+00:00,84183.0,84196.0,84183.0,84190.0,0.36608,147
2026-09-26 12:00:00+00:00,84190.0,84190.0,84114.0,84141.0,1.90794,180
2026-09-26 12:15:00+00:00,84147.0,84195.0,84100.0,84102.0,0.28108,185
2026-09-26 12:30:00+00:00,84101.0,84129.0,84058.0,84058.0,1.29619,186
2026-09-26 12:45:00+00:00,84059.0,84075.0,84058.0,84070.0,0.57442,144
2026-09-26 13:00:00+00:00,84069.0,84131.0,83969.0,84011.0,4.94958,228
2026-09-26 13:15:00+00:00,84011.0,84025.0,83861.0,83938.0,1.70357,218
2026-09-26 13:30:00+00:00,83938.0,83943.0,83863.0,83921.0,1.13009,178
2026-09-26 13:45:00+00:00,83921.0,83975.0,83921.0,83945.0,2.46289,190
2026-09-26 14:00:00+00:00,83947.0,83980.0,83911.0,83942.0,0.94552,202
2026-09-26 14:15:00+00:00,83943.0,83990.0,83943.0,83990.0,0.2759,159
2026-09-26 14:30:00+00:00,83998.0,84035.0,83992.0,84020.0,0.23161,139
2026-09-26 14:45:00+00:00,84020.0,84057.0,84014.0,84036.0,1.9716,148
2026-09-26 15:00:00+00:00,84035.0,84045.0,84018.0,84027.0,0.36604,144
2026-09-26 15:15:00+00:00,84026.0,84065.0,84022.0,84064.0,0.32184,141
2026-09-26 15:30:00+00:00,84064.0,84192.0,84064.0,84134.0,0.48408,167
2026-09-26 15:45:00+00:00,84133.0,84157.0,84080.0,84154.0,0.19697,143
2026-09-26 16:00:00+00:00,84154.0,84156.0,84108.0,84130.0,0.54441,140
2026-09-26 16:15:00+00:00,84130.0,84142.0,84092.0,84115.0,0.13899,146
2026-09-26 16:30:00+00:00,84114.0,84169.0,84114.0,84155.0,0.28659,144
2026-09-26 16:45:00+00:00,84154.0,84166.0,84100.0,84122.0,1.09785,156
2026-09-26 17:00:00+00:00,84123.0,84123.0,84064.0,84086.0,2.63239,174
2026-09-26 17:15:00+00:00,84085.0,84085.0,84039.0,84063.0,2.34347,181
2026-09-26 17:30:00+00:00,84063.0,84104.0,84032.0,84103.0,0.52028,148
2026-09-26 17:45:00+00:00,84104.0,84144.0,84103.0,84136.0,0.4764,156
2026-09-26 18:00:00+00:00,84136.0,84163.0,84106.0,84106.0,1.0304,168
2026-09-26 18:15:00+00:00,84107.0,84107.0,84061.0,84071.0,3.62377,161
2026-09-26 18:30:00+00:00,84071.0,84078.0,84011.0,84011.0,0.45112,157
2026-09-26 18:45:00+00:00,84012.0,84022.0,83995.0,84010.0,0.20823,143
2026-09-26 19:00:00+00:00,84010.0,84060.0,84007.0,84034.0,0.15693,144
2026-09-26 19:15:00+00:00,84034.0,84040.0,84014.0,84040.0,0.47474,146
2026-09-26 19:30:00+00:00,84030.0,84045.0,83975.0,84010.0,0.9764,156
2026-09-26 19:45:00+00:00,84010.0,84011.0,84004.0,84009.0,0.14895,155
2026-09-26 20:00:00+00:00,84008.0,84045.0,83991.0,84010.0,1.09484,162
2026-09-26 20:15:00+00:00,84010.0,84088.0,84010.0,84083.0,0.82093,147
2026-09-26 20:30:00+00:00,84082.0,84087.0,83871.0,83893.0,0.79467,170
2026-09-26 20:45:00+00:00,83899.0,84045.0,83843.0,84029.0,0.46908,160
2026-09-26 21:00:00+00:00,84028.0,84123.0,84022.0,84122.0,0.95665,150
2026-09-26 21:15:00+00:00,84123.0,84207.0,84093.0,84207.0,0.16776,147
2026-09-26 21:30:00+00:00,84208.0,84249.0,84147.0,84167.0,1.00621,166
2026-09-26 21:45:00+00:00,84166.0,84166.0,84102.0,84142.0,0.14875,139
2026-09-26 22:00:00+00:00,84141.0,84395.0,84141.0,84313.0,0.56312,208
2026-09-26 22:15:00+00:00,84340.0,84348.0,84237.0,84338.0,0.18366,147
2026-09-26 22:30:00+00:00,84334.0,84334.0,84255.0,84273.0,0.1154,150
2026-09-26 22:45:00+00:00,84258.0,84339.0,84258.0,84284.0,0.39951,145
2026-09-26 23:00:00+00:00,84283.0,84374.0,84283.0,84356.0,0.57756,180
2026-09-26 23:15:00+00:00,84354.0,84419.0,84322.0,84366.0,1.51003,175
2026-09-26 23:30:00+00:00,84376.0,84423.0,84331.0,84338.0,1.51988,139
2026-09-26 23:45:00+00:00,84338.0,84449.0,84338.0,84425.0,1.1028,146
2026-09-27 00:00:00+00:00,84417.0,84434.0,84322.0,84322.0,0.16272,140
2026-09-27 00:15:00+00:00,84322.0,84323.0,84266.0,84266.0,1.46733,170
2026-09-27 00:30:00+00:00,84266.0,84370.0,84266.0,84333.0,0.8107,133
2026-09-27 00:45:00+00:00,84337.0,84346.0,84284.0,84296.0,1.64308,139
2026-09-27 01:00:00+00:00,84296.0,84380.0,84268.0,84380.0,2.34403,181
2026-09-27 01:15:00+00:00,84379.0,84398.0,84313.0,84314.0,0.40889,189
2026-09-27 01:30:00+00:00,84313.0,84395.0,84289.0,84395.0,1.06267,187
2026-09-27 01:45:00+00:00,84401.0,84549.0,84401.0,84479.0,1.35927,193
2026-09-27 02:00:00+00:00,84479.0,84528.0,84429.0,84473.0,0.42098,144
2026-09-27 02:15:00+00:00,84473.0,84529.0,84447.0,84485.0,1.80583,150
2026-09-27 02:30:00+00:00,84485.0,84519.0,84455.0,84461.0,0.52671,151
2026-09-27 02:45:00+00:00,84460.0,84476.0,84455.0,84455.0,2.90202,183
2026-09-27 03:00:00+00:00,84455.0,84508.0,84455.0,84475.0,0.4161,148
2026-09-27 03:15:00+00:00,84475.0,84475.0,84358.0,84378.0,0.30456,147
2026-09-27 03:30:00+00:00,84371.0,84429.0,84371.0,84393.0,0.25148,195
2026-09-27 03:45:00+00:00,84394.0,84399.0,84363.0,84374.0,0.42806,140
2026-09-27 04:00:00+00:00,84374.0,84497.0,84367.0,84471.0,1.34396,149
2026-09-27 04:15:00+00:00,84470.0,84480.0,84405.0,84406.0,0.22564,134
2026-09-27 04:30:00+00:00,84400.0,84400.0,84319.0,84319.0,0.23209,147
2026-09-27 04:45:00+00:00,84319.0,84344.0,84297.0,84330.0,0.86832,139
2026-09-27 05:00:00+00:00,84329.0,84399.0,84308.0,84374.0,0.16856,133
2026-09-27 05:15:00+00:00,84380.0,84380.0,84371.0,84371.0,3.00325,160
2026-09-27 05:30:00+00:00,84371.0,84621.0,84371.0,84529.0,6.34453,178
2026-09-27 05:45:00+00:00,84525.0,84549.0,84444.0,84471.0,0.33776,143
2026-09-27 06:00:00+00:00,84449.0,84588.0,84449.0,84572.0,0.65499,139
2026-09-27 06:15:00+00:00,84573.0,84613.0,84511.0,84569.0,2.07266,152
2026-09-27 06:30:00+00:00,84570.0,84576.0,84492.0,84495.0,0.35845,155
2026-09-27 06:45:00+00:00,84505.0,84535.0,84458.0,84499.0,2.91334,162
2026-09-27 07:00:00+00:00,84491.0,84528.0,84483.0,84514.0,2.69789,155
2026-09-27 07:15:00+00:00,84522.0,84526.0,84456.0,84502.0,8.85158,179
2026-09-27 07:30:00+00:00,84502.0,84612.0,84497.0,84601.0,5.0742,152
2026-09-27 07:45:00+00:00,84600.0,84769.0,84590.0,84762.0,0.37725,198
2026-09-27 08:00:00+00:00,84763.0,84825.0,84694.0,84790.0,1.8345,203
2026-09-27 08:15:00+00:00,84794.0,84849.0,84744.0,84788.0,0.4314,179
2026-09-27 08:30:00+00:00,84788.0,84863.0,84677.0,84701.0,0.7637,187
2026-09-27 08:45:00+00:00,84738.0,84801.0,84693.0,84773.0,0.40359,190
2026-09-27 09:00:00+00:00,84774.0,84774.0,84575.0,84648.0,1.25596,207
2026-09-27 09:15:00+00:00,84642.0,84693.0,84608.0,84692.0,2.326,200
2026-09-27 09:30:00+00:00,84691.0,84781.0,84690.0,84781.0,0.16658,176
2026-09-27 09:45:00+00:00,84780.0,84943.0,84780.0,84934.0,0.87685,200
2026-09-27 10:00:00+00:00,84919.0,85024.0,84893.0,85024.0,3.75377,292
2026-09-27 10:15:00+00:00,85023.0,85100.0,84901.0,84923.0,12.05373,330
2026-09-27 10:30:00+00:00,84922.0,84928.0,84844.0,84845.0,3.11751,203
2026-09-27 10:45:00+00:00,84846.0,84905.0,84800.0,84884.0,0.98967,179
2026-09-27 11:00:00+00:00,84860.0,84955.0,84843.0,84911.0,2.07454,180
2026-09-27 11:15:00+00:00,84910.0,84948.0,84849.0,84921.0,0.23139,156
2026-09-27 11:30:00+00:00,84903.0,84903.0,84841.0,84901.0,0.53731,160
2026-09-27 11:45:00+00:00,84920.0,84920.0,84850.0,84902.0,0.67646,162
2026-09-27 12:00:00+00:00,84903.0,85003.0,84903.0,85001.0,0.96951,184
2026-09-27 12:15:00+00:00,85001.0,85025.0,84954.0,84960.0,0.33126,144
2026-09-27 12:30:00+00:00,84964.0,85002.0,84959.0,84987.0,0.41994,164
2026-09-27 12:45:00+00:00,84987.0,84987.0,84801.0,84801.0,3.21208,192
2026-09-27 13:00:00+00:00,84795.0,84809.0,84638.0,84638.0,1.69588,213
2026-09-27 13:15:00+00:00,84672.0,84950.0,84661.0,84946.0,1.95078,198
2026-09-27 13:30:00+00:00,84950.0,85152.0,84804.0,84805.0,1.66991,252
2026-09-27 13:45:00+00:00,84800.0,85042.0,84750.0,85034.0,5.80204,217
2026-09-27 14:00:00+00:00,85033.0,85062.0,84923.0,85015.0,10.14216,239
2026-09-27 14:15:00+00:00,85016.0,85037.0,84708.0,84714.0,3.88848,236
2026-09-27 14:30:00+00:00,84714.0,84800.0,84680.0,84747.0,12.22221,322
2026-09-27 14:45:00+00:00,84733.0,84744.0,84464.0,84560.0,3.13679,290
2026-09-27 15:00:00+00:00,84539.0,84596.0,84378.0,84497.0,5.67026,273
2026-09-27 15:15:00+00:00,84515.0,84621.0,84461.0,84621.0,4.34096,277
2026-09-27 15:30:00+00:00,84621.0,84646.0,84444.0,84445.0,8.99171,278
2026-09-27 15:45:00+00:00,84445.0,84507.0,84438.0,84463.0,8.01957,235
2026-09-27 16:00:00+00:00,84463.0,84594.0,84463.0,84564.0,1.59066,185
2026-09-27 16:15:00+00:00,84564.0,84677.0,84510.0,84584.0,4.27332,207
2026-09-27 16:30:00+00:00,84584.0,84584.0,84381.0,84392.0,1.3854,174
2026-09-27 16:45:00+00:00,84391.0,84462.0,84388.0,84430.0,9.11049,245
2026-09-27 17:00:00+00:00,84431.0,84464.0,84331.0,84393.0,19.46478,437
2026-09-27 17:15:00+00:00,84393.0,84457.0,84393.0,84445.0,5.7553,212
2026-09-27 17:30:00+00:00,84445.0,84533.0,84444.0,84487.0,4.32089,205
2026-09-27 17:45:00+00:00,84487.0,84583.0,84487.0,84580.0,8.16003,232
2026-09-27 18:00:00+00:00,84579.0,84619.0,84564.0,84618.0,5.78442,224
2026-09-27 18:15:00+00:00,84619.0,84735.0,84613.0,84734.0,0.82569,164
2026-09-27 18:30:00+00:00,84734.0,84776.0,84679.0,84761.0,4.288,195
2026-09-27 18:45:00+00:00,84762.0,84825.0,84724.0,84825.0,3.92709,204
2026-09-27 19:00:00+00:00,84823.0,84835.0,84736.0,84797.0,5.47838,200
2026-09-27 19:15:00+00:00,84797.0,84855.0,84696.0,84697.0,8.26946,299
2026-09-27 19:30:00+00:00,84707.0,84807.0,84669.0,84777.0,2.90687,167
2026-09-27 19:45:00+00:00,84777.0,84825.0,84745.0,84745.0,10.08381,223
2026-09-27 20:00:00+00:00,84746.0,84816.0,84744.0,84815.0,4.1212,213
2026-09-27 20:15:00+00:00,84815.0,84816.0,84621.0,84621.0,4.48809,234
2026-09-27 20:30:00+00:00,84635.0,84651.0,84585.0,84639.0,4.54903,175
2026-09-27 20:45:00+00:00,84641.0,84642.0,84629.0,84635.0,37.41914,638
2026-09-27 21:00:00+00:00,84634.0,84699.0,84627.0,84698.0,34.64312,454
2026-09-27 21:15:00+00:00,84698.0,84733.0,84613.0,84613.0,7.7915,169
2026-09-27 21:30:00+00:00,84613.0,84628.0,84470.0,84565.0,12.0333,189
2026-09-27 21:45:00+00:00,84565.0,84710.0,84565.0,84686.0,3.60374,173
2026-09-27 22:00:00+00:00,84723.0,84754.0,84327.0,84332.0,2.08287,196
2026-09-27 22:15:00+00:00,84335.0,84577.0,84299.0,84577.0,5.15856,182
2026-09-27 22:30:00+00:00,84547.0,84547.0,84184.0,84186.0,0.64915,169
2026-09-27 22:45:00+00:00,84182.0,84242.0,84141.0,84193.0,3.76327,143
2026-09-27 23:00:00+00:00,84194.0,84312.0,84141.0,84243.0,3.92766,144
2026-09-27 23:15:00+00:00,84222.0,84442.0,84207.0,84398.0,2.46002,123
2026-09-27 23:30:00+00:00,84403.0,84461.0,84326.0,84326.0,3.21037,133
2026-09-27 23:45:00+00:00,84353.0,84533.0,84328.0,84456.0,2.62426,147
2026-09-28 00:00:00+00:00,84467.0,84566.0,84373.0,84433.0,4.32837,159
2026-09-28 00:15:00+00:00,84432.0,84985.0,84411.0,84791.0,7.0057,348
2026-09-28 00:30:00+00:00,84743.0,84753.0,84210.0,84301.0,4.29389,263
2026-09-28 00:45:00+00:00,84312.0,84623.0,84133.0,84133.0,4.65334,254
2026-09-28 01:00:00+00:00,84133.0,84233.0,83917.0,83960.0,2.96635,280
2026-09-28 01:15:00+00:00,83940.0,84149.0,83887.0,84077.0,3.11612,164
2026-09-28 01:30:00+00:00,84074.0,84148.0,83803.0,83803.0,2.00282,167
2026-09-28 01:45:00+00:00,83803.0,83913.0,83622.0,83697.0,2.99335,246
2026-09-28 02:00:00+00:00,83663.0,83762.0,83485.0,83745.0,2.32495,286
2026-09-28 02:15:00+00:00,83738.0,83738.0,83558.0,83651.0,3.89596,152
2026-09-28 02:30:00+00:00,83635.0,83635.0,83433.0,83499.0,9.64837,257
2026-09-28 02:45:00+00:00,83495.0,83538.0,83395.0,83396.0,5.56103,189
2026-09-28 03:00:00+00:00,83411.0,83522.0,83378.0,83436.0,9.51647,242
2026-09-28 03:15:00+00:00,83397.0,83494.0,83305.0,83317.0,1.88882,185
2026-09-28 03:30:00+00:00,83305.0,83486.0,83224.0,83466.0,3.65829,215
2026-09-28 03:45:00+00:00,83431.0,83478.0,83310.0,83326.0,3.63382,171
2026-09-28 04:00:00+00:00,83323.0,83417.0,83239.0,83416.0,2.44424,164
2026-09-28 04:15:00+00:00,83414.0,83497.0,83359.0,83459.0,3.1143,127
2026-09-28 04:30:00+00:00,83453.0,83499.0,83420.0,83480.0,0.54468,120
2026-09-28 04:45:00+00:00,83474.0,83490.0,83420.0,83481.0,2.39439,115
2026-09-28 05:00:00+00:00,83468.0,83500.0,83248.0,83316.0,1.52705,142
2026-09-28 05:15:00+00:00,83332.0,83332.0,83011.0,83063.0,3.5196,263
2026-09-28 05:30:00+00:00,83055.0,83128.0,82712.0,83128.0,10.2646,510
2026-09-28 05:45:00+00:00,83137.0,83188.0,83060.0,83178.0,2.69825,171
2026-09-28 06:00:00+00:00,83179.0,83288.0,83137.0,83241.0,6.90592,182
2026-09-28 06:15:00+00:00,83229.0,83251.0,83040.0,83040.0,4.68485,158
2026-09-28 06:30:00+00:00,83035.0,83213.0,83024.0,83176.0,0.85142,136
2026-09-28 06:45:00+00:00,83172.0,83213.0,83099.0,83148.0,1.80722,196
2026-09-28 07:00:00+00:00,83149.0,83252.0,83036.0,83054.0,4.05507,216
2026-09-28 07:15:00+00:00,83064.0,83147.0,82935.0,82935.0,3.6012,125
2026-09-28 07:30:00+00:00,82936.0,83045.0,82909.0,82917.0,3.32948,115
2026-09-28 07:45:00+00:00,82922.0,83110.0,82922.0,82964.0,3.94454,117
2026-09-28 08:00:00+00:00,82941.0,83141.0,82916.0,83002.0,6.36539,116
2026-09-28 08:15:00+00:00,83003.0,83031.0,82807.0,82829.0,2.48904,141
2026-09-28 08:30:00+00:00,82832.0,82947.0,82778.0,82900.0,1.37826,131
2026-09-28 08:45:00+00:00,82904.0,82990.0,82878.0,82943.0,3.88576,98
2026-09-28 09:00:00+00:00,82943.0,82973.0,82606.0,82854.0,1.25391,202
2026-09-28 09:15:00+00:00,82860.0,82945.0,82746.0,82787.0,2.84403,118
2026-09-28 09:30:00+00:00,82808.0,82822.0,82595.0,82601.0,5.20131,133
2026-09-28 09:45:00+00:00,82602.0,82765.0,82591.0,82616.0,6.77505,160
2026-09-28 10:00:00+00:00,82667.0,82837.0,82659.0,82717.0,1.6831,136
2026-09-28 10:15:00+00:00,82757.0,82815.0,82703.0,82767.0,3.11334,155
2026-09-28 10:30:00+00:00,82790.0,82926.0,82752.0,82926.0,3.10581,164
2026-09-28 10:45:00+00:00,82927.0,83004.0,82845.0,82927.0,6.11173,188
2026-09-28 11:00:00+00:00,82938.0,83024.0,82938.0,82966.0,3.67239,161
2026-09-28 11:15:00+00:00,82959.0,83065.0,82954.0,83002.0,6.91922,190
2026-09-28 11:30:00+00:00,83012.0,83089.0,82973.0,83068.0,6.37455,180
2026-09-28 11:45:00+00:00,83067.0,83083.0,82970.0,83076.0,2.39262,144
2026-09-28 12:00:00+00:00,83069.0,83494.0,83008.0,83378.0,4.0384,231
2026-09-28 12:15:00+00:00,83343.0,83453.0,83274.0,83376.0,6.15698,212
2026-09-28 12:30:00+00:00,83364.0,83427.0,83266.0,83318.0,5.24413,194
2026-09-28 12:45:00+00:00,83358.0,83638.0,83358.0,83589.0,8.95735,274
2026-09-28 13:00:00+00:00,83581.0,83581.0,83312.0,83400.0,6.37391,259
2026-09-28 13:15:00+00:00,83399.0,83557.0,83369.0,83557.0,4.23924,230
2026-09-28 13:30:00+00:00,83562.0,83801.0,83388.0,83705.0,14.03,342
2026-09-28 13:45:00+00:00,83735.0,83812.0,83486.0,83636.0,4.08004,233
2026-09-28 14:00:00+00:00,83636.0,83636.0,83316.0,83382.0,6.49756,272
2026-09-28 14:15:00+00:00,83394.0,83581.0,83109.0,83244.0,5.92817,331
2026-09-28 14:30:00+00:00,83247.0,83465.0,82869.0,82922.0,3.67043,319
2026-09-28 14:45:00+00:00,82924.0,83034.0,82559.0,82995.0,10.01488,479
2026-09-28 15:00:00+00:00,83004.0,83247.0,82935.0,82971.0,9.44476,282
2026-09-28 15:15:00+00:00,82927.0,83105.0,82783.0,83059.0,5.25179,280
2026-09-28 15:30:00+00:00,83084.0,83332.0,83006.0,83183.0,5.02825,261
2026-09-28 15:45:00+00:00,83196.0,83395.0,83196.0,83373.0,6.52006,238
2026-09-28 16:00:00+00:00,83361.0,83449.0,83235.0,83380.0,11.67699,304
2026-09-28 16:15:00+00:00,83394.0,84167.0,83365.0,83968.0,22.758,536
2026-09-28 16:30:00+00:00,84010.0,84106.0,83677.0,83724.0,9.64191,378
2026-09-28 16:45:00+00:00,83726.0,83730.0,83584.0,83697.0,5.57137,248
2026-09-28 17:00:00+00:00,83721.0,84215.0,83550.0,84215.0,9.45966,416
2026-09-28 17:15:00+00:00,84215.0,84342.0,83856.0,83885.0,0.6358,307
2026-09-28 17:30:00+00:00,83900.0,84005.0,83814.0,83996.0,3.43338,272
2026-09-28 17:45:00+00:00,83995.0,84039.0,83823.0,83859.0,3.30392,242
2026-09-28 18:00:00+00:00,83860.0,83965.0,83826.0,83963.0,8.07889,272
2026-09-28 18:15:00+00:00,83962.0,83992.0,83892.0,83928.0,8.51049,319
2026-09-28 18:30:00+00:00,83920.0,83958.0,83788.0,83850.0,5.81492,278
2026-09-28 18:45:00+00:00,83825.0,84030.0,83791.0,84019.0,8.63229,274
2026-09-28 19:00:00+00:00,84011.0,84023.0,83639.0,83701.0,2.31002,252
2026-09-28 19:15:00+00:00,83676.0,83718.0,83617.0,83617.0,3.90616,226
2026-09-28 19:30:00+00:00,83618.0,83636.0,83101.0,83286.0,9.52767,422
2026-09-28 19:45:00+00:00,83286.0,83388.0,83251.0,83365.0,1.0642,229
2026-09-28 20:00:00+00:00,83367.0,83581.0,83243.0,83542.0,4.131,235
2026-09-28 20:15:00+00:00,83519.0,83526.0,83388.0,83451.0,2.29017,223
2026-09-28 20:30:00+00:00,83452.0,83545.0,83421.0,83452.0,2.35479,215
2026-09-28 20:45:00+00:00,83447.0,83517.0,83390.0,83506.0,2.02473,203
2026-09-28 21:00:00+00:00,83517.0,83624.0,83516.0,83536.0,1.2149,193
2026-09-28 21:15:00+00:00,83541.0,83546.0,83382.0,83407.0,12.74501,273
2026-09-28 21:30:00+00:00,83408.0,83423.0,83364.0,83385.0,1.64545,193
2026-09-28 21:45:00+00:00,83386.0,83395.0,83177.0,83177.0,1.80554,231
2026-09-28 22:00:00+00:00,83190.0,83190.0,83059.0,83168.0,6.00013,311
2026-09-28 22:15:00+00:00,83119.0,83211.0,83118.0,83206.0,18.68278,329
2026-09-28 22:30:00+00:00,83207.0,83462.0,83206.0,83458.0,4.11618,277
2026-09-28 22:45:00+00:00,83459.0,83521.0,83448.0,83519.0,5.9312,281
2026-09-28 23:00:00+00:00,83518.0,83601.0,83413.0,83422.0,4.08475,268
2026-09-28 23:15:00+00:00,83423.0,83561.0,83423.0,83560.0,3.38657,259
2026-09-28 23:30:00+00:00,83571.0,83599.0,83550.0,83571.0,6.96187,319
2026-09-28 23:45:00+00:00,83571.0,83571.0,83469.0,83469.0,2.83628,269
2026-09-29 00:00:00+00:00,83469.0,83523.0,83448.0,83512.0,17.35488,401
2026-09-29 00:15:00+00:00,83510.0,83533.0,83324.0,83522.0,5.27138,313
2026-09-29 00:30:00+00:00,83522.0,83599.0,83444.0,83516.0,2.71519,292
2026-09-29 00:45:00+00:00,83515.0,83515.0,83160.0,83178.0,6.01796,311
2026-09-29 01:00:00+00:00,83158.0,83228.0,82976.0,82991.0,6.13431,335
2026-09-29 01:15:00+00:00,82966.0,83033.0,82806.0,82817.0,6.07953,296
2026-09-29 01:30:00+00:00,82805.0,82985.0,82753.0,82939.0,10.83803,352
2026-09-29 01:45:00+00:00,82939.0,83080.0,82893.0,83051.0,8.10631,287
2026-09-29 02:00:00+00:00,83041.0,83081.0,82879.0,82976.0,5.47621,280
2026-09-29 02:15:00+00:00,82985.0,83099.0,82873.0,82948.0,9.26874,312
2026-09-29 02:30:00+00:00,82960.0,83020.0,82868.0,83015.0,6.58594,275
2026-09-29 02:45:00+00:00,83010.0,83080.0,82880.0,82945.0,2.12564,236
2026-09-29 03:00:00+00:00,82937.0,83024.0,82870.0,82870.0,1.02135,214
2026-09-29 03:15:00+00:00,82871.0,83177.0,82851.0,83177.0,2.35421,242
2026-09-29 03:30:00+00:00,83158.0,83177.0,83064.0,83095.0,18.81568,296
2026-09-29 03:45:00+00:00,83095.0,83144.0,83020.0,83044.0,5.77635,266
2026-09-29 04:00:00+00:00,83045.0,83147.0,82998.0,83111.0,9.50192,304
2026-09-29 04:15:00+00:00,83111.0,83270.0,83111.0,83205.0,1.20483,238
2026-09-29 04:30:00+00:00,83196.0,83200.0,83090.0,83150.0,9.754,250
2026-09-29 04:45:00+00:00,83142.0,83181.0,83046.0,83173.0,0.35381,194
2026-09-29 05:00:00+00:00,83173.0,83237.0,83143.0,83236.0,6.41259,270
2026-09-29 05:15:00+00:00,83237.0,83327.0,83201.0,83290.0,10.48495,310
2026-09-29 05:30:00+00:00,83286.0,83312.0,82953.0,83270.0,8.18944,314
2026-09-29 05:45:00+00:00,83292.0,83399.0,83196.0,83398.0,1.12788,218
2026-09-29 06:00:00+00:00,83399.0,83844.0,83395.0,83843.0,4.52461,338
2026-09-29 06:15:00+00:00,83844.0,83860.0,83711.0,83859.0,10.03049,305
2026-09-29 06:30:00+00:00,83859.0,83935.0,83823.0,83884.0,4.83491,238
2026-09-29 06:45:00+00:00,83884.0,83984.0,83851.0,83982.0,3.64018,223
2026-09-29 07:00:00+00:00,83982.0,84022.0,83856.0,83968.0,10.95699,325
2026-09-29 07:15:00+00:00,83968.0,84045.0,83900.0,83959.0,4.68035,247
2026-09-29 07:30:00+00:00,83974.0,84166.0,83931.0,84000.0,7.66302,400
2026-09-29 07:45:00+00:00,84005.0,84046.0,83943.0,83957.0,10.44434,609
2026-09-29 08:00:00+00:00,83957.0,84067.0,83951.0,84025.0,4.80033,546
2026-09-29 08:15:00+00:00,84027.0,84350.0,84026.0,84145.0,4.03367,614
2026-09-29 08:30:00+00:00,84145.0,84146.0,83826.0,83827.0,1.69646,570
2026-09-29 08:45:00+00:00,83839.0,83868.0,83775.0,83858.0,1.71082,575
2026-09-29 09:00:00+00:00,83858.0,83864.0,83751.0,83766.0,1.35458,561
2026-09-29 09:15:00+00:00,83766.0,83872.0,83751.0,83828.0,0.58289,500
2026-09-29 09:30:00+00:00,83828.0,83991.0,83818.0,83991.0,2.9099,484
2026-09-29 09:45:00+00:00,83991.0,84299.0,83968.0,84235.0,8.32419,473
2026-09-29 10:00:00+00:00,84235.0,84300.0,84136.0,84187.0,7.5912,435
2026-09-29 10:15:00+00:00,84187.0,84199.0,84052.0,84125.0,3.39357,358
2026-09-29 10:30:00+00:00,84125.0,84139.0,83981.0,83997.0,6.9909,397
2026-09-29 10:45:00+00:00,83997.0,84063.0,83965.0,84014.0,0.30579,323
2026-09-29 11:00:00+00:00,84014.0,84081.0,83921.0,84001.0,1.96862,361
2026-09-29 11:15:00+00:00,84016.0,84075.0,83962.0,84051.0,3.22097,344
2026-09-29 11:30:00+00:00,84051.0,84253.0,84051.0,84249.0,6.95946,406
2026-09-29 11:45:00+00:00,84254.0,84485.0,84234.0,84340.0,6.42043,486
2026-09-29 12:00:00+00:00,84340.0,84423.0,84282.0,84308.0,8.00662,430
2026-09-29 12:15:00+00:00,84309.0,84460.0,84119.0,84202.0,6.03044,443
2026-09-29 12:30:00+00:00,84201.0,84456.0,84192.0,84351.0,7.90624,426
2026-09-29 12:45:00+00:00,84346.0,84377.0,84255.0,84331.0,4.22849,365
2026-09-29 13:00:00+00:00,84322.0,84449.0,84255.0,84410.0,1.19149,344
2026-09-29 13:15:00+00:00,84410.0,84528.0,84342.0,84358.0,8.68356,415
2026-09-29 13:30:00+00:00,84360.0,84360.0,84015.0,84190.0,12.29624,490
2026-09-29 13:45:00+00:00,84205.0,84445.0,84078.0,84213.0,6.06897,386
2026-09-29 14:00:00+00:00,84207.0,84292.0,83869.0,83903.0,1.55107,377
2026-09-29 14:15:00+00:00,83903.0,84070.0,83851.0,83940.0,0.99138,266
2026-09-29 14:30:00+00:00,83927.0,84015.0,83772.0,83861.0,10.35149,392
2026-09-29 14:45:00+00:00,83912.0,84009.0,83682.0,83748.0,8.48353,350
2026-09-29 15:00:00+00:00,83749.0,83749.0,83365.0,83437.0,13.89875,418
2026-09-29 15:15:00+00:00,83428.0,83492.0,82910.0,82989.0,6.64146,399
2026-09-29 15:30:00+00:00,83000.0,83222.0,82972.0,83155.0,2.17339,267
2026-09-29 15:45:00+00:00,83186.0,83296.0,82935.0,83036.0,1.98488,249
2026-09-29 16:00:00+00:00,83057.0,83128.0,82948.0,83018.0,5.53223,245
2026-09-29 16:15:00+00:00,82999.0,83270.0,82982.0,83233.0,5.39591,241
2026-09-29 16:30:00+00:00,83225.0,83247.0,83017.0,83032.0,3.78575,222
2026-09-29 16:45:00+00:00,83044.0,83070.0,82897.0,83043.0,3.22796,222
2026-09-29 17:00:00+00:00,83044.0,83177.0,83001.0,83126.0,0.48629,142
2026-09-29 17:15:00+00:00,83158.0,83166.0,83026.0,83161.0,1.28224,166
2026-09-29 17:30:00+00:00,83168.0,83202.0,83086.0,83127.0,1.14639,148
2026-09-29 17:45:00+00:00,83109.0,83158.0,82950.0,83047.0,0.94576,147
2026-09-29 18:00:00+00:00,83096.0,83406.0,83096.0,83400.0,1.17756,158
2026-09-29 18:15:00+00:00,83404.0,83489.0,83373.0,83397.0,0.352,125
2026-09-29 18:30:00+00:00,83392.0,83673.0,83383.0,83615.0,6.51946,238
2026-09-29 18:45:00+00:00,83606.0,83636.0,83559.0,83608.0,1.86916,181
2026-09-29 19:00:00+00:00,83608.0,83663.0,83558.0,83558.0,0.8701,165
2026-09-29 19:15:00+00:00,83559.0,83624.0,83500.0,83511.0,1.16588,183
2026-09-29 19:30:00+00:00,83512.0,83584.0,83410.0,83411.0,0.40238,167
2026-09-29 19:45:00+00:00,83409.0,83599.0,83379.0,83541.0,1.84639,207
2026-09-29 20:00:00+00:00,83556.0,83566.0,83467.0,83504.0,0.37782,166
2026-09-29 20:15:00+00:00,83514.0,83613.0,83513.0,83593.0,1.15782,171
2026-09-29 20:30:00+00:00,83589.0,83608.0,83551.0,83598.0,4.84398,199
2026-09-29 20:45:00+00:00,83599.0,83620.0,83567.0,83573.0,4.49648,193
2026-09-29 21:00:00+00:00,83574.0,83574.0,83467.0,83509.0,5.26545,196
2026-09-29 21:15:00+00:00,83508.0,83509.0,83325.0,83360.0,4.02371,213
2026-09-29 21:30:00+00:00,83360.0,83500.0,83360.0,83486.0,5.02804,174
2026-09-29 21:45:00+00:00,83456.0,83464.0,83374.0,83459.0,0.53173,143
2026-09-29 22:00:00+00:00,83459.0,83677.0,83459.0,83612.0,1.18966,173
2026-09-29 22:15:00+00:00,83598.0,83650.0,83509.0,83566.0,0.76491,161
2026-09-29 22:30:00+00:00,83565.0,83582.0,83497.0,83559.0,0.57402,161
2026-09-29 22:45:00+00:00,83559.0,83614.0,83535.0,83560.0,3.37236,152
2026-09-29 23:00:00+00:00,83559.0,83797.0,83559.0,83796.0,0.75595,195
2026-09-29 23:15:00+00:00,83796.0,83800.0,83674.0,83716.0,0.69242,142
2026-09-29 23:30:00+00:00,83717.0,83717.0,83586.0,83615.0,0.3112,139
2026-09-29 23:45:00+00:00,83623.0,83675.0,83599.0,83616.0,0.47853,133
2026-09-30 00:00:00+00:00,83615.0,83682.0,83475.0,83477.0,3.36792,181
2026-09-30 00:15:00+00:00,83484.0,83546.0,83370.0,83529.0,7.42484,217
2026-09-30 00:30:00+00:00,83530.0,83586.0,83421.0,83446.0,1.5289,168
2026-09-30 00:45:00+00:00,83445.0,83446.0,83312.0,83414.0,2.05779,171
2026-09-30 01:00:00+00:00,83412.0,83438.0,83351.0,83393.0,1.01293,151
2026-09-30 01:15:00+00:00,83401.0,83515.0,83360.0,83390.0,0.26538,143
2026-09-30 01:30:00+00:00,83395.0,83403.0,83302.0,83386.0,3.90889,164
2026-09-30 01:45:00+00:00,83413.0,83464.0,83361.0,83420.0,0.54227,139
2026-09-30 02:00:00+00:00,83411.0,83580.0,83396.0,83444.0,0.63815,157
2026-09-30 02:15:00+00:00,83430.0,83507.0,83328.0,83386.0,1.36156,144
2026-09-30 02:30:00+00:00,83392.0,83404.0,83255.0,83345.0,1.26945,160
2026-09-30 02:45:00+00:00,83313.0,83430.0,83313.0,83325.0,9.83692,190
2026-09-30 03:00:00+00:00,83338.0,83375.0,83279.0,83279.0,0.68299,162
2026-09-30 03:15:00+00:00,83280.0,83280.0,83120.0,83274.0,3.2014,187
2026-09-30 03:30:00+00:00,83261.0,83374.0,83206.0,83317.0,2.37599,167
2026-09-30 03:45:00+00:00,83309.0,83309.0,83230.0,83266.0,5.32436,180
2026-09-30 04:00:00+00:00,83265.0,83370.0,83265.0,83321.0,0.82997,137
2026-09-30 04:15:00+00:00,83328.0,83370.0,83310.0,83313.0,1.63082,151
2026-09-30 04:30:00+00:00,83324.0,83350.0,83247.0,83274.0,0.70569,137
2026-09-30 04:45:00+00:00,83275.0,83275.0,83167.0,83167.0,0.43863,125
2026-09-30 05:00:00+00:00,83176.0,83308.0,83176.0,83199.0,1.35177,140
2026-09-30 05:15:00+00:00,83200.0,83355.0,83158.0,83355.0,5.49354,137
2026-09-30 05:30:00+00:00,83370.0,83473.0,83353.0,83457.0,0.52753,150
2026-09-30 05:45:00+00:00,83437.0,83460.0,83265.0,83354.0,3.6876,213
2026-09-30 06:00:00+00:00,83349.0,83410.0,83090.0,83090.0,32.57563,346
2026-09-30 06:15:00+00:00,83122.0,83154.0,83045.0,83134.0,1.248,134
2026-09-30 06:30:00+00:00,83129.0,83129.0,83024.0,83063.0,5.81282,156
2026-09-30 06:45:00+00:00,83070.0,83136.0,82934.0,82998.0,12.86231,246
2026-09-30 07:00:00+00:00,83003.0,83059.0,82927.0,82974.0,0.80835,103
2026-09-30 07:15:00+00:00,82980.0,83344.0,82980.0,83266.0,0.93311,100
2026-09-30 07:30:00+00:00,83256.0,83374.0,83220.0,83374.0,0.47252,94
2026-09-30 07:45:00+00:00,83374.0,83427.0,83261.0,83266.0,7.27696,134
2026-09-30 08:00:00+00:00,83260.0,83306.0,83101.0,83101.0,1.26028,102
2026-09-30 08:15:00+00:00,83101.0,83240.0,83092.0,83092.0,0.69274,84
2026-09-30 08:30:00+00:00,83082.0,83105.0,83005.0,83051.0,0.04182,80
2026-09-30 08:45:00+00:00,83033.0,83125.0,83006.0,83037.0,1.61068,93
2026-09-30 09:00:00+00:00,83023.0,83247.0,83013.0,83247.0,1.59506,123
2026-09-30 09:15:00+00:00,83247.0,83392.0,83239.0,83373.0,1.56716,115
2026-09-30 09:30:00+00:00,83386.0,83754.0,83386.0,83527.0,2.71716,206
2026-09-30 09:45:00+00:00,83534.0,83615.0,83519.0,83587.0,1.81385,105
2026-09-30 10:00:00+00:00,83594.0,83747.0,83593.0,83711.0,3.36356,99
2026-09-30 10:15:00+00:00,83671.0,83812.0,83631.0,83751.0,4.12511,151
2026-09-30 10:30:00+00:00,83746.0,83883.0,83746.0,83842.0,6.32499,149
2026-09-30 10:45:00+00:00,83842.0,83908.0,83820.0,83879.0,7.59359,177
2026-09-30 11:00:00+00:00,83873.0,83873.0,83666.0,83801.0,1.89604,130
2026-09-30 11:15:00+00:00,83823.0,83850.0,83691.0,83831.0,8.60059,238
2026-09-30 11:30:00+00:00,83832.0,83946.0,83728.0,83897.0,0.59643,123
2026-09-30 11:45:00+00:00,83898.0,83914.0,83806.0,83887.0,1.96483,108
2026-09-30 12:00:00+00:00,83898.0,83929.0,83779.0,83860.0,2.88035,134
2026-09-30 12:15:00+00:00,83861.0,83919.0,83748.0,83892.0,0.25591,91
2026-09-30 12:30:00+00:00,83919.0,85035.0,83909.0,84824.0,23.31751,891
2026-09-30 12:45:00+00:00,84800.0,85491.0,84735.0,85269.0,34.36091,706
2026-09-30 13:00:00+00:00,85307.0,85608.0,85091.0,85345.0,10.91068,461
2026-09-30 13:15:00+00:00,85369.0,85468.0,85150.0,85162.0,3.14414,190
2026-09-30 13:30:00+00:00,85149.0,85523.0,84014.0,84457.0,8.78769,687
2026-09-30 13:45:00+00:00,84472.0,84688.0,84378.0,84599.0,1.74894,192
2026-09-30 14:00:00+00:00,84589.0,84600.0,84125.0,84334.0,10.56971,273
2026-09-30 14:15:00+00:00,84284.0,84300.0,83617.0,83690.0,2.41958,357
2026-09-30 14:30:00+00:00,83716.0,83780.0,83333.0,83499.0,12.5769,401
2026-09-30 14:45:00+00:00,83523.0,83946.0,83518.0,83758.0,1.29882,196
2026-09-30 15:00:00+00:00,83747.0,83945.0,83696.0,83904.0,2.03452,181
2026-09-30 15:15:00+00:00,83899.0,83964.0,83639.0,83836.0,2.7321,170
2026-09-30 15:30:00+00:00,83837.0,84214.0,83837.0,84045.0,7.60173,295
2026-09-30 15:45:00+00:00,84063.0,84235.0,84041.0,84089.0,0.97106,164
2026-09-30 16:00:00+00:00,84099.0,84325.0,84082.0,84299.0,1.86851,170
2026-09-30 16:15:00+00:00,84326.0,84442.0,84251.0,84251.0,7.79605,182
2026-09-30 16:30:00+00:00,84248.0,84328.0,84177.0,84302.0,2.14556,146
2026-09-30 16:45:00+00:00,84311.0,84422.0,84258.0,84291.0,2.43508,149
2026-09-30 17:00:00+00:00,84310.0,84379.0,84226.0,84255.0,0.67446,191
2026-09-30 17:15:00+00:00,84244.0,84245.0,83968.0,84180.0,1.23922,216
2026-09-30 17:30:00+00:00,84165.0,84166.0,83881.0,83966.0,2.34299,216
2026-09-30 17:45:00+00:00,83941.0,84110.0,83935.0,84009.0,8.06633,245
2026-09-30 18:00:00+00:00,83989.0,84043.0,83887.0,83994.0,1.71554,182
2026-09-30 18:15:00+00:00,83967.0,83991.0,83850.0,83886.0,2.33076,181
2026-09-30 18:30:00+00:00,83889.0,83918.0,83784.0,83828.0,0.67587,174
2026-09-30 18:45:00+00:00,83827.0,83966.0,83783.0,83921.0,3.71758,198
2026-09-30 19:00:00+00:00,83932.0,83940.0,83715.0,83739.0,0.82453,208
2026-09-30 19:15:00+00:00,83700.0,83756.0,83588.0,83713.0,0.92678,268
2026-09-30 19:30:00+00:00,83721.0,83905.0,83721.0,83783.0,0.91872,186
2026-09-30 19:45:00+00:00,83777.0,83793.0,83457.0,83580.0,1.77747,228
2026-09-30 20:00:00+00:00,83566.0,83615.0,83483.0,83614.0,2.41861,199
2026-09-30 20:15:00+00:00,83604.0,83727.0,83551.0,83695.0,0.25156,170
2026-09-30 20:30:00+00:00,83680.0,83692.0,83595.0,83647.0,0.39317,176
2026-09-30 20:45:00+00:00,83646.0,83683.0,83599.0,83632.0,7.26298,190
2026-09-30 21:00:00+00:00,83663.0,83754.0,83652.0,83741.0,0.3932,179
2026-09-30 21:15:00+00:00,83730.0,83790.0,83685.0,83692.0,0.5412,188
2026-09-30 21:30:00+00:00,83693.0,83780.0,83680.0,83681.0,0.35442,179
2026-09-30 21:45:00+00:00,83660.0,83715.0,83660.0,83712.0,0.90458,189
2026-09-30 22:00:00+00:00,83728.0,83738.0,83551.0,83678.0,1.55583,169
2026-09-30 22:15:00+00:00,83692.0,83782.0,83672.0,83781.0,0.08494,151
2026-09-30 22:30:00+00:00,83782.0,83792.0,83748.0,83763.0,0.41997,167
2026-09-30 22:45:00+00:00,83762.0,83765.0,83636.0,83637.0,0.20304,160
2026-09-30 23:00:00+00:00,83630.0,83718.0,83589.0,83638.0,0.84681,170
2026-09-30 23:15:00+00:00,83637.0,83777.0,83614.0,83614.0,1.33267,160
2026-09-30 23:30:00+00:00,83615.0,83646.0,83485.0,83569.0,0.42677,179
2026-09-30 23:45:00+00:00,83569.0,83591.0,83491.0,83559.0,0.6132,160
2026-10-01 00:00:00+00:00,83559.0,83596.0,83404.0,83451.0,11.86791,291
2026-10-01 00:15:00+00:00,83450.0,83450.0,83366.0,83414.0,5.92561,250
2026-10-01 00:30:00+00:00,83414.0,83500.0,83378.0,83497.0,2.75813,198
2026-10-01 00:45:00+00:00,83497.0,83510.0,83420.0,83448.0,1.39623,206
2026-10-01 01:00:00+00:00,83443.0,83549.0,83428.0,83534.0,0.74422,210
2026-10-01 01:15:00+00:00,83518.0,83626.0,83463.0,83576.0,1.15284,224
2026-10-01 01:30:00+00:00,83570.0,83570.0,83423.0,83534.0,0.52922,203
2026-10-01 01:45:00+00:00,83540.0,83550.0,83439.0,83444.0,1.19918,188
2026-10-01 02:00:00+00:00,83445.0,83600.0,83445.0,83528.0,1.5264,174
2026-10-01 02:15:00+00:00,83527.0,83528.0,83376.0,83484.0,2.26908,195
2026-10-01 02:30:00+00:00,83480.0,83538.0,83377.0,83388.0,2.57615,208
2026-10-01 02:45:00+00:00,83389.0,83470.0,83369.0,83441.0,5.3548,197
2026-10-01 03:00:00+00:00,83432.0,83469.0,83373.0,83433.0,2.16464,184
2026-10-01 03:15:00+00:00,83420.0,83489.0,83384.0,83484.0,1.48383,184
2026-10-01 03:30:00+00:00,83457.0,83685.0,83408.0,83675.0,2.1933,182
2026-10-01 03:45:00+00:00,83663.0,83733.0,83586.0,83702.0,0.6743,158
2026-10-01 04:00:00+00:00,83723.0,83891.0,83709.0,83891.0,4.53339,232
2026-10-01 04:15:00+00:00,83855.0,83862.0,83670.0,83812.0,2.29965,190
2026-10-01 04:30:00+00:00,83820.0,83894.0,83735.0,83894.0,13.68236,257
2026-10-01 04:45:00+00:00,83907.0,84157.0,83894.0,84054.0,2.57186,248
2026-10-01 05:00:00+00:00,84044.0,84215.0,83991.0,84203.0,0.42399,166
2026-10-01 05:15:00+00:00,84205.0,84275.0,84205.0,84246.0,2.70546,173
2026-10-01 05:30:00+00:00,84254.0,84280.0,84175.0,84176.0,1.45167,159
2026-10-01 05:45:00+00:00,84187.0,84333.0,84187.0,84261.0,6.02645,191
2026-10-01 06:00:00+00:00,84262.0,84365.0,84208.0,84332.0,1.45128,154
2026-10-01 06:15:00+00:00,84339.0,84351.0,84271.0,84312.0,1.86105,164
2026-10-01 06:30:00+00:00,84328.0,84330.0,84089.0,84124.0,1.97796,180
2026-10-01 06:45:00+00:00,84130.0,84177.0,84088.0,84091.0,1.10481,166
2026-10-01 07:00:00+00:00,84090.0,84192.0,84034.0,84038.0,4.75103,204
2026-10-01 07:15:00+00:00,84038.0,84040.0,83307.0,83326.0,2.308,367
2026-10-01 07:30:00+00:00,83319.0,83613.0,83319.0,83511.0,3.71485,205
2026-10-01 07:45:00+00:00,83475.0,83598.0,83366.0,83378.0,1.2098,158
2026-10-01 08:00:00+00:00,83379.0,83470.0,83303.0,83320.0,3.04354,203
2026-10-01 08:15:00+00:00,83319.0,83416.0,83300.0,83378.0,1.08324,171
2026-10-01 08:30:00+00:00,83379.0,83500.0,83134.0,83448.0,1.67328,254
2026-10-01 08:45:00+00:00,83441.0,83531.0,83384.0,83530.0,6.16229,176
2026-10-01 09:00:00+00:00,83528.0,83700.0,83523.0,83654.0,1.86438,222
2026-10-01 09:15:00+00:00,83673.0,83748.0,83647.0,83730.0,2.32511,175
2026-10-01 09:30:00+00:00,83731.0,83858.0,83731.0,83850.0,2.49427,196
2026-10-01 09:45:00+00:00,83836.0,83855.0,83702.0,83736.0,1.42201,140
2026-10-01 10:00:00+00:00,83745.0,83745.0,83393.0,83662.0,3.04246,223
2026-10-01 10:15:00+00:00,83634.0,83721.0,83537.0,83646.0,1.02051,163
2026-10-01 10:30:00+00:00,83663.0,83833.0,83660.0,83833.0,0.76118,165
2026-10-01 10:45:00+00:00,83850.0,84055.0,83829.0,83947.0,2.09351,222
2026-10-01 11:00:00+00:00,83908.0,83908.0,83794.0,83850.0,0.23121,139
2026-10-01 11:15:00+00:00,83843.0,83844.0,83749.0,83836.0,3.67795,187
2026-10-01 11:30:00+00:00,83841.0,83961.0,83758.0,83920.0,4.43079,196
2026-10-01 11:45:00+00:00,83937.0,84004.0,83886.0,83896.0,2.70474,159
2026-10-01 12:00:00+00:00,83901.0,83976.0,83889.0,83954.0,6.83952,235
2026-10-01 12:15:00+00:00,83932.0,83956.0,83830.0,83871.0,1.12429,161
2026-10-01 12:30:00+00:00,83872.0,84014.0,83811.0,83866.0,2.4627,188
2026-10-01 12:45:00+00:00,83865.0,83895.0,83638.0,83702.0,1.23465,181
2026-10-01 13:00:00+00:00,83710.0,83719.0,83458.0,83482.0,10.09552,255
2026-10-01 13:15:00+00:00,83490.0,83581.0,83427.0,83435.0,3.18232,233
2026-10-01 13:30:00+00:00,83445.0,83940.0,83423.0,83901.0,6.51184,274
2026-10-01 13:45:00+00:00,83926.0,83982.0,83641.0,83899.0,8.60692,260
2026-10-01 14:00:00+00:00,83825.0,83998.0,83531.0,83745.0,4.10767,318
2026-10-01 14:15:00+00:00,83755.0,84174.0,83755.0,84066.0,3.49402,329
2026-10-01 14:30:00+00:00,84069.0,84288.0,83946.0,83974.0,6.26837,327
2026-10-01 14:45:00+00:00,83963.0,84042.0,83742.0,84017.0,5.68522,327
2026-10-01 15:00:00+00:00,84021.0,84316.0,83791.0,84047.0,5.84051,417
2026-10-01 15:15:00+00:00,84046.0,84208.0,84017.0,84072.0,2.9028,219
2026-10-01 15:30:00+00:00,84040.0,84040.0,83783.0,83845.0,3.16953,233
2026-10-01 15:45:00+00:00,83857.0,84235.0,83852.0,84083.0,5.83724,301
2026-10-01 16:00:00+00:00,84120.0,84254.0,84091.0,84254.0,5.64321,267
2026-10-01 16:15:00+00:00,84267.0,84369.0,84208.0,84262.0,4.56925,305
2026-10-01 16:30:00+00:00,84262.0,84579.0,84158.0,84281.0,5.6654,378
2026-10-01 16:45:00+00:00,84292.0,84361.0,84024.0,84162.0,3.5572,262
2026-10-01 17:00:00+00:00,84159.0,84440.0,84151.0,84394.0,7.91931,293
2026-10-01 17:15:00+00:00,84394.0,84875.0,84394.0,84875.0,6.16124,390
2026-10-01 17:30:00+00:00,84875.0,85015.0,84751.0,85015.0,10.20028,302
2026-10-01 17:45:00+00:00,85021.0,85033.0,84763.0,84863.0,3.9641,208
2026-10-01 18:00:00+00:00,84846.0,84946.0,84660.0,84849.0,6.71876,227
2026-10-01 18:15:00+00:00,84848.0,84893.0,84761.0,84768.0,2.13945,174
2026-10-01 18:30:00+00:00,84763.0,85231.0,84763.0,84953.0,5.80977,322
2026-10-01 18:45:00+00:00,84940.0,84940.0,84655.0,84761.0,2.51584,180
2026-10-01 19:00:00+00:00,84767.0,84872.0,84698.0,84785.0,11.76782,241
2026-10-01 19:15:00+00:00,84778.0,84804.0,84581.0,84582.0,8.47641,231
2026-10-01 19:30:00+00:00,84586.0,84738.0,84572.0,84628.0,0.52969,167
2026-10-01 19:45:00+00:00,84614.0,84682.0,84563.0,84621.0,0.88242,157
2026-10-01 20:00:00+00:00,84645.0,84824.0,84645.0,84757.0,0.55253,172
2026-10-01 20:15:00+00:00,84757.0,84820.0,84757.0,84759.0,0.74765,147
2026-10-01 20:30:00+00:00,84758.0,84759.0,84576.0,84588.0,1.34069,164
2026-10-01 20:45:00+00:00,84588.0,84660.0,84544.0,84613.0,0.26342,185
2026-10-01 21:00:00+00:00,84612.0,84648.0,84593.0,84602.0,0.42463,179
2026-10-01 21:15:00+00:00,84601.0,84664.0,84543.0,84566.0,0.35158,164
2026-10-01 21:30:00+00:00,84557.0,84596.0,84490.0,84494.0,9.81171,395
2026-10-01 21:45:00+00:00,84495.0,84562.0,84494.0,84550.0,7.4717,368
2026-10-01 22:00:00+00:00,84550.0,84779.0,84540.0,84742.0,3.66164,177
2026-10-01 22:15:00+00:00,84733.0,84768.0,84694.0,84694.0,0.09588,143
2026-10-01 22:30:00+00:00,84681.0,84777.0,84648.0,84673.0,1.48433,154
2026-10-01 22:45:00+00:00,84655.0,84771.0,84623.0,84736.0,1.09787,161
2026-10-01 23:00:00+00:00,84734.0,84734.0,84655.0,84656.0,3.6863,165
2026-10-01 23:15:00+00:00,84655.0,84749.0,84639.0,84714.0,1.96992,166
2026-10-01 23:30:00+00:00,84711.0,84831.0,84678.0,84812.0,7.15631,214
2026-10-01 23:45:00+00:00,84806.0,84877.0,84770.0,84851.0,4.03971,172
2026-10-02 00:00:00+00:00,84850.0,84900.0,84760.0,84900.0,4.70726,223
2026-10-02 00:15:00+00:00,84857.0,84926.0,84780.0,84781.0,0.4516,200
2026-10-02 00:30:00+00:00,84780.0,84883.0,84689.0,84804.0,9.12261,299
2026-10-02 00:45:00+00:00,84792.0,84797.0,84704.0,84766.0,4.65978,222
2026-10-02 01:00:00+00:00,84776.0,84776.0,84663.0,84663.0,3.45681,199
2026-10-02 01:15:00+00:00,84663.0,84692.0,84520.0,84603.0,0.92181,193
2026-10-02 01:30:00+00:00,84604.0,84637.0,84575.0,84576.0,0.7216,179
2026-10-02 01:45:00+00:00,84575.0,84965.0,84575.0,84901.0,2.1459,208
2026-10-02 02:00:00+00:00,84900.0,85092.0,84849.0,85059.0,2.1935,186
2026-10-02 02:15:00+00:00,85059.0,85059.0,84854.0,84918.0,5.42314,163
2026-10-02 02:30:00+00:00,84915.0,84967.0,84848.0,84966.0,0.22643,99
2026-10-02 02:45:00+00:00,84972.0,85176.0,84972.0,85173.0,1.12257,166
2026-10-02 03:00:00+00:00,85176.0,85485.0,85173.0,85291.0,2.49328,290
2026-10-02 03:15:00+00:00,85296.0,85326.0,85182.0,85257.0,1.34067,159
2026-10-02 03:30:00+00:00,85249.0,85446.0,85249.0,85409.0,2.45219,235
2026-10-02 03:45:00+00:00,85407.0,85544.0,85362.0,85479.0,2.85585,284
2026-10-02 04:00:00+00:00,85516.0,85579.0,85436.0,85449.0,3.25137,185
2026-10-02 04:15:00+00:00,85458.0,86767.0,85456.0,86746.0,17.22256,975
2026-10-02 04:30:00+00:00,86769.0,86850.0,86355.0,86524.0,2.58016,438
2026-10-02 04:45:00+00:00,86485.0,86720.0,86432.0,86629.0,5.96455,239
2026-10-02 05:00:00+00:00,86626.0,86642.0,86471.0,86553.0,7.08574,248
2026-10-02 05:15:00+00:00,86557.0,86571.0,86282.0,86316.0,1.27121,192
2026-10-02 05:30:00+00:00,86316.0,86369.0,85876.0,86111.0,6.00524,309
2026-10-02 05:45:00+00:00,86116.0,86123.0,85931.0,85957.0,1.85146,180
2026-10-02 06:00:00+00:00,85958.0,86067.0,85845.0,85882.0,5.52104,261
2026-10-02 06:15:00+00:00,85898.0,86037.0,85897.0,86019.0,2.18288,233
2026-10-02 06:30:00+00:00,85991.0,86066.0,85899.0,85976.0,3.6587,228
2026-10-02 06:45:00+00:00,85971.0,86075.0,85918.0,85966.0,2.70712,228
2026-10-02 07:00:00+00:00,85966.0,86028.0,85873.0,85931.0,1.88014,197
2026-10-02 07:15:00+00:00,85931.0,85959.0,85870.0,85931.0,1.60406,205
2026-10-02 07:30:00+00:00,85922.0,85922.0,85746.0,85746.0,8.56977,252
2026-10-02 07:45:00+00:00,85760.0,86146.0,85760.0,86086.0,10.22426,282
2026-10-02 08:00:00+00:00,86087.0,86339.0,86063.0,86311.0,6.04075,266
2026-10-02 08:15:00+00:00,86302.0,86606.0,86301.0,86383.0,2.24582,276
2026-10-02 08:30:00+00:00,86412.0,86467.0,86261.0,86315.0,0.61727,168
2026-10-02 08:45:00+00:00,86314.0,86346.0,86212.0,86240.0,4.75492,166
2026-10-02 09:00:00+00:00,86240.0,86253.0,86132.0,86216.0,2.36943,202
2026-10-02 09:15:00+00:00,86202.0,86232.0,86112.0,86211.0,2.26812,251
2026-10-02 09:30:00+00:00,86211.0,86403.0,86168.0,86336.0,1.2137,275
2026-10-02 09:45:00+00:00,86344.0,86430.0,86269.0,86358.0,3.05359,300
2026-10-02 10:00:00+00:00,86358.0,86433.0,86309.0,86309.0,11.8375,312
2026-10-02 10:15:00+00:00,86317.0,86397.0,86164.0,86387.0,2.3904,316
2026-10-02 10:30:00+00:00,86391.0,86476.0,86351.0,86421.0,1.994,228
2026-10-02 10:45:00+00:00,86414.0,86414.0,86268.0,86275.0,0.51104,180
2026-10-02 11:00:00+00:00,86287.0,86491.0,86249.0,86445.0,3.02823,199
2026-10-02 11:15:00+00:00,86455.0,86492.0,86416.0,86418.0,1.42533,160
2026-10-02 11:30:00+00:00,86417.0,86517.0,86417.0,86458.0,0.99934,190
2026-10-02 11:45:00+00:00,86480.0,86554.0,86417.0,86420.0,3.66398,242
2026-10-02 12:00:00+00:00,86417.0,86482.0,86308.0,86414.0,5.86761,252
2026-10-02 12:15:00+00:00,86419.0,86659.0,86389.0,86640.0,11.68673,300
2026-10-02 12:30:00+00:00,86618.0,87210.0,86428.0,86462.0,24.86426,971
2026-10-02 12:45:00+00:00,86468.0,86891.0,86460.0,86802.0,6.11257,364
2026-10-02 13:00:00+00:00,86803.0,86930.0,86659.0,86696.0,4.29785,311
2026-10-02 13:15:00+00:00,86675.0,86748.0,86595.0,86605.0,2.82995,289
2026-10-02 13:30:00+00:00,86604.0,87149.0,86577.0,86901.0,43.72624,531
2026-10-02 13:45:00+00:00,86927.0,86991.0,86485.0,86586.0,8.16959,281
2026-10-02 14:00:00+00:00,86572.0,86843.0,86340.0,86355.0,2.89847,283
2026-10-02 14:15:00+00:00,86354.0,86650.0,86106.0,86129.0,3.32393,321
2026-10-02 14:30:00+00:00,86100.0,86174.0,85708.0,85956.0,9.37779,440
2026-10-02 14:45:00+00:00,85946.0,86040.0,85396.0,85666.0,11.01341,441
2026-10-02 15:00:00+00:00,85678.0,85735.0,85358.0,85618.0,10.38286,313
2026-10-02 15:15:00+00:00,85615.0,85665.0,85310.0,85442.0,2.35761,253
2026-10-02 15:30:00+00:00,85462.0,85519.0,85303.0,85311.0,27.87316,366
2026-10-02 15:45:00+00:00,85311.0,85420.0,85147.0,85296.0,6.50192,330
2026-10-02 16:00:00+00:00,85304.0,85487.0,85128.0,85192.0,3.00596,290
2026-10-02 16:15:00+00:00,85222.0,85316.0,85110.0,85157.0,7.69177,258
2026-10-02 16:30:00+00:00,85181.0,85212.0,85010.0,85176.0,10.10506,270
2026-10-02 16:45:00+00:00,85172.0,85273.0,85062.0,85133.0,5.71524,193
2026-10-02 17:00:00+00:00,85147.0,85239.0,84917.0,84917.0,17.27158,286
2026-10-02 17:15:00+00:00,84917.0,84972.0,84591.0,84613.0,9.20192,568
2026-10-02 17:30:00+00:00,84591.0,84771.0,84514.0,84602.0,4.71638,296
2026-10-02 17:45:00+00:00,84602.0,84810.0,84577.0,84791.0,2.15614,186
2026-10-02 18:00:00+00:00,84792.0,84877.0,84792.0,84877.0,1.15133,136
2026-10-02 18:15:00+00:00,84876.0,84876.0,84542.0,84598.0,2.70602,189
2026-10-02 18:30:00+00:00,84613.0,84619.0,83911.0,83986.0,7.82361,519
2026-10-02 18:45:00+00:00,84003.0,84269.0,83889.0,84247.0,6.02371,312
2026-10-02 19:00:00+00:00,84229.0,84288.0,84050.0,84099.0,1.77116,193
2026-10-02 19:15:00+00:00,84133.0,84167.0,83962.0,84122.0,3.88752,260
2026-10-02 19:30:00+00:00,84135.0,84207.0,84073.0,84172.0,4.59456,243
2026-10-02 19:45:00+00:00,84203.0,84312.0,84142.0,84312.0,2.84358,230
2026-10-02 20:00:00+00:00,84305.0,84446.0,84305.0,84352.0,0.76916,203
2026-10-02 20:15:00+00:00,84351.0,84510.0,84321.0,84332.0,0.46371,172
2026-10-02 20:30:00+00:00,84321.0,84432.0,84205.0,84226.0,1.4529,187
2026-10-02 20:45:00+00:00,84225.0,84474.0,84214.0,84436.0,1.40749,195
2026-10-02 21:00:00+00:00,84414.0,84512.0,84414.0,84480.0,0.90057,175
2026-10-02 21:15:00+00:00,84484.0,84499.0,84410.0,84424.0,0.35107,178
2026-10-02 21:30:00+00:00,84420.0,84530.0,84398.0,84501.0,1.15936,245
2026-10-02 21:45:00+00:00,84501.0,84520.0,84484.0,84513.0,2.43853,219
2026-10-02 22:00:00+00:00,84513.0,84537.0,84431.0,84520.0,1.6121,257
2026-10-02 22:15:00+00:00,84527.0,84542.0,84462.0,84496.0,1.93167,214
2026-10-02 22:30:00+00:00,84495.0,84529.0,84473.0,84489.0,1.7285,179
2026-10-02 22:45:00+00:00,84503.0,84539.0,84483.0,84538.0,0.10186,170
2026-10-02 23:00:00+00:00,84542.0,84543.0,84466.0,84470.0,0.32601,174
2026-10-02 23:15:00+00:00,84469.0,84547.0,84469.0,84535.0,0.8112,185
2026-10-02 23:30:00+00:00,84535.0,84550.0,84490.0,84543.0,0.49458,156
2026-10-02 23:45:00+00:00,84542.0,84553.0,84490.0,84490.0,0.1353,140
2026-10-03 00:00:00+00:00,84490.0,84520.0,84425.0,84494.0,0.39853,154
2026-10-03 00:15:00+00:00,84499.0,84543.0,84499.0,84534.0,0.27761,119
2026-10-03 00:30:00+00:00,84543.0,84621.0,84543.0,84606.0,1.31452,170
2026-10-03 00:45:00+00:00,84601.0,84664.0,84601.0,84623.0,0.65712,146
2026-10-03 01:00:00+00:00,84633.0,84669.0,84602.0,84633.0,0.75462,156
2026-10-03 01:15:00+00:00,84640.0,84690.0,84591.0,84606.0,3.331,161
2026-10-03 01:30:00+00:00,84607.0,84657.0,84606.0,84622.0,0.19904,112
2026-10-03 01:45:00+00:00,84621.0,84640.0,84603.0,84629.0,3.42045,152
2026-10-03 02:00:00+00:00,84629.0,84636.0,84590.0,84607.0,1.36392,142
2026-10-03 02:15:00+00:00,84611.0,84668.0,84611.0,84642.0,1.02854,137
2026-10-03 02:30:00+00:00,84641.0,84690.0,84637.0,84669.0,0.2876,128
2026-10-03 02:45:00+00:00,84674.0,84674.0,84589.0,84589.0,0.1218,126
2026-10-03 03:00:00+00:00,84590.0,84620.0,84525.0,84527.0,1.0844,129
2026-10-03 03:15:00+00:00,84528.0,84611.0,84528.0,84593.0,1.58005,132
2026-10-03 03:30:00+00:00,84593.0,84650.0,84593.0,84649.0,0.35823,124
2026-10-03 03:45:00+00:00,84649.0,84696.0,84648.0,84696.0,0.35577,118
2026-10-03 04:00:00+00:00,84697.0,84726.0,84649.0,84652.0,0.30863,119
2026-10-03 04:15:00+00:00,84651.0,84651.0,84517.0,84517.0,0.34373,119
2026-10-03 04:30:00+00:00,84517.0,84561.0,84517.0,84553.0,0.13426,110
2026-10-03 04:45:00+00:00,84560.0,84601.0,84558.0,84575.0,0.41882,91
2026-10-03 05:00:00+00:00,84575.0,84575.0,84540.0,84553.0,1.43837,148
2026-10-03 05:15:00+00:00,84553.0,84614.0,84553.0,84613.0,0.1507,107
2026-10-03 05:30:00+00:00,84613.0,84632.0,84613.0,84628.0,0.06969,99
2026-10-03 05:45:00+00:00,84629.0,84652.0,84616.0,84625.0,0.10511,118
2026-10-03 06:00:00+00:00,84646.0,84668.0,84625.0,84629.0,4.47305,155
2026-10-03 06:15:00+00:00,84629.0,84669.0,84629.0,84645.0,0.08233,115
2026-10-03 06:30:00+00:00,84644.0,84663.0,84622.0,84656.0,0.11384,106
2026-10-03 06:45:00+00:00,84645.0,84645.0,84554.0,84566.0,1.10183,136
2026-10-03 07:00:00+00:00,84566.0,84612.0,84566.0,84608.0,0.35458,137
2026-10-03 07:15:00+00:00,84584.0,84620.0,84581.0,84619.0,1.63004,143
2026-10-03 07:30:00+00:00,84630.0,84662.0,84582.0,84582.0,2.36941,143
2026-10-03 07:45:00+00:00,84583.0,84610.0,84558.0,84558.0,2.19983,150
2026-10-03 08:00:00+00:00,84559.0,84623.0,84558.0,84618.0,8.70268,247
2026-10-03 08:15:00+00:00,84617.0,84618.0,84542.0,84579.0,3.8908,161
2026-10-03 08:30:00+00:00,84568.0,84604.0,84544.0,84603.0,0.81501,130
2026-10-03 08:45:00+00:00,84604.0,84618.0,84601.0,84615.0,0.24395,116
2026-10-03 09:00:00+00:00,84592.0,84639.0,84591.0,84638.0,0.0843,87
2026-10-03 09:15:00+00:00,84639.0,84639.0,84571.0,84571.0,1.12267,124
2026-10-03 09:30:00+00:00,84571.0,84572.0,84552.0,84553.0,3.45109,137
2026-10-03 09:45:00+00:00,84556.0,84570.0,84556.0,84569.0,0.7705,128
2026-10-03 10:00:00+00:00,84569.0,84584.0,84560.0,84562.0,0.72195,113
2026-10-03 10:15:00+00:00,84562.0,84587.0,84549.0,84582.0,0.53748,116
2026-10-03 10:30:00+00:00,84563.0,84593.0,84563.0,84584.0,0.29003,105
2026-10-03 10:45:00+00:00,84583.0,84608.0,84582.0,84607.0,2.48261,143
2026-10-03 11:00:00+00:00,84607.0,84622.0,84595.0,84621.0,1.03437,77
