ts,o,h,l,c,v,n
2026-03-09 01:00:00+00:00,66335.0,66678.0,66129.0,66202.0,47.88306,670
2026-03-09 02:00:00+00:00,66171.0,66700.0,65966.0,66540.0,38.02361,577
2026-03-09 03:00:00+00:00,66525.0,67674.0,66516.0,67191.0,43.45544,1368
2026-03-09 04:00:00+00:00,67219.0,67608.0,67090.0,67090.0,24.39161,358
2026-03-09 05:00:00+00:00,67138.0,68030.0,67107.0,67889.0,25.50307,523
2026-03-09 06:00:00+00:00,67895.0,67904.0,67255.0,67255.0,14.67847,434
2026-03-09 07:00:00+00:00,67254.0,67535.0,66903.0,67528.0,16.57062,540
2026-03-09 08:00:00+00:00,67534.0,67905.0,67382.0,67800.0,20.95267,480
2026-03-09 09:00:00+00:00,67805.0,68439.0,67568.0,67974.0,27.01808,519
2026-03-09 10:00:00+00:00,67989.0,68068.0,67560.0,67601.0,16.25118,253
2026-03-09 11:00:00+00:00,67584.0,67832.0,67345.0,67765.0,15.73768,336
2026-03-09 12:00:00+00:00,67765.0,68330.0,67748.0,68191.0,13.08502,327
2026-03-09 13:00:00+00:00,68156.0,69328.0,68156.0,68993.0,78.61915,1139
2026-03-09 14:00:00+00:00,68977.0,69486.0,68708.0,69146.0,59.33713,827
2026-03-09 15:00:00+00:00,69193.0,69256.0,68750.0,68902.0,20.81789,535
2026-03-09 16:00:00+00:00,68896.0,69233.0,68662.0,68977.0,31.41375,638
2026-03-09 17:00:00+00:00,68984.0,69086.0,68288.0,68607.0,18.42036,715
2026-03-09 18:00:00+00:00,68617.0,68691.0,68257.0,68305.0,55.68226,813
2026-03-09 19:00:00+00:00,68349.0,69509.0,68339.0,68995.0,56.46187,1007
2026-03-09 20:00:00+00:00,69008.0,69156.0,68786.0,68997.0,16.89237,456
2026-03-09 21:00:00+00:00,69014.0,69114.0,68664.0,68920.0,25.78379,366
2026-03-09 22:00:00+00:00,68917.0,69035.0,68602.0,68652.0,24.37145,473
2026-03-09 23:00:00+00:00,68636.0,68687.0,68387.0,68430.0,12.5644,251
2026-03-10 00:00:00+00:00,68429.0,69292.0,68397.0,69135.0,23.01083,385
2026-03-10 01:00:00+00:00,69143.0,69389.0,68816.0,69274.0,53.20688,449
2026-03-10 02:00:00+00:00,69269.0,70567.0,69127.0,70263.0,28.37862,615
2026-03-10 03:00:00+00:00,70256.0,70367.0,69400.0,69437.0,26.27599,392
2026-03-10 04:00:00+00:00,69452.0,70125.0,69451.0,70076.0,22.7009,800
2026-03-10 05:00:00+00:00,70088.0,70362.0,69895.0,69957.0,13.04765,761
2026-03-10 06:00:00+00:00,69968.0,70179.0,69752.0,69913.0,7.42776,1373
2026-03-10 07:00:00+00:00,69915.0,70521.0,69824.0,70407.0,20.48417,1472
2026-03-10 08:00:00+00:00,70453.0,71072.0,70403.0,70669.0,33.46042,775
2026-03-10 09:00:00+00:00,70659.0,71299.0,70653.0,71019.0,10.40257,355
2026-03-10 10:00:00+00:00,71018.0,71018.0,70675.0,70778.0,5.67387,231
2026-03-10 11:00:00+00:00,70769.0,70845.0,70560.0,70610.0,5.88643,157
2026-03-10 12:00:00+00:00,70603.0,70607.0,70319.0,70518.0,11.38016,261
2026-03-10 13:00:00+00:00,70530.0,70932.0,69737.0,69924.0,58.06919,811
2026-03-10 14:00:00+00:00,69939.0,71520.0,69284.0,71424.0,43.70288,1070
2026-03-10 15:00:00+00:00,71500.0,71774.0,70939.0,71365.0,32.43088,817
2026-03-10 16:00:00+00:00,71360.0,71686.0,70978.0,71264.0,37.9978,524
2026-03-10 17:00:00+00:00,71259.0,71451.0,70525.0,70879.0,26.00021,636
2026-03-10 18:00:00+00:00,70870.0,70916.0,69926.0,70040.0,21.70974,654
2026-03-10 19:00:00+00:00,70038.0,70265.0,69757.0,70059.0,23.71524,517
2026-03-10 20:00:00+00:00,70030.0,70349.0,70030.0,70238.0,7.26015,203
2026-03-10 21:00:00+00:00,70290.0,70401.0,69566.0,69779.0,24.88635,327
2026-03-10 22:00:00+00:00,69760.0,69842.0,69476.0,69717.0,40.04984,694
2026-03-10 23:00:00+00:00,69712.0,69988.0,69712.0,69966.0,35.19652,630
2026-03-11 00:00:00+00:00,69956.0,70158.0,69774.0,70070.0,19.53939,507
2026-03-11 01:00:00+00:00,70058.0,70159.0,69891.0,70082.0,4.36197,1476
2026-03-11 02:00:00+00:00,70083.0,70129.0,69629.0,69832.0,3.89078,1050
2026-03-11 03:00:00+00:00,69829.0,69912.0,69504.0,69564.0,9.45956,410
2026-03-11 04:00:00+00:00,69562.0,70272.0,69516.0,70135.0,3.69964,230
2026-03-11 05:00:00+00:00,70199.0,70201.0,69448.0,69578.0,103.06771,1244
2026-03-11 06:00:00+00:00,69550.0,69990.0,69521.0,69955.0,11.41365,164
2026-03-11 07:00:00+00:00,69957.0,70017.0,69522.0,69691.0,5.10441,163
2026-03-11 08:00:00+00:00,69664.0,69777.0,69506.0,69670.0,3.18332,153
2026-03-11 09:00:00+00:00,69615.0,69737.0,69405.0,69405.0,18.02071,365
2026-03-11 10:00:00+00:00,69466.0,69692.0,69403.0,69619.0,3.68357,143
2026-03-11 11:00:00+00:00,69669.0,69669.0,69176.0,69188.0,51.53745,1151
2026-03-11 12:00:00+00:00,69173.0,69763.0,68992.0,69359.0,36.6475,586
2026-03-11 13:00:00+00:00,69340.0,71101.0,69340.0,70196.0,37.37371,1083
2026-03-11 14:00:00+00:00,70211.0,70975.0,70005.0,70581.0,33.50565,873
2026-03-11 15:00:00+00:00,70610.0,70674.0,69733.0,70230.0,36.17498,914
2026-03-11 16:00:00+00:00,70244.0,70842.0,70198.0,70574.0,13.61305,474
2026-03-11 17:00:00+00:00,70607.0,71330.0,70571.0,70795.0,27.30351,761
2026-03-11 18:00:00+00:00,70810.0,70900.0,70430.0,70627.0,155.99552,1240
2026-03-11 19:00:00+00:00,70631.0,70744.0,70395.0,70670.0,56.46024,615
2026-03-11 20:00:00+00:00,70667.0,70713.0,70412.0,70666.0,11.2148,400
2026-03-11 21:00:00+00:00,70649.0,70792.0,70531.0,70766.0,28.50034,438
2026-03-11 22:00:00+00:00,70770.0,70913.0,70257.0,70375.0,72.25782,668
2026-03-11 23:00:00+00:00,70378.0,70515.0,70130.0,70192.0,26.3082,385
2026-03-12 00:00:00+00:00,70197.0,70358.0,70134.0,70226.0,39.50382,631
2026-03-12 01:00:00+00:00,70226.0,70236.0,69763.0,69822.0,29.28039,2115
2026-03-12 02:00:00+00:00,69821.0,69882.0,69228.0,69294.0,57.57209,1393
2026-03-12 03:00:00+00:00,69293.0,69616.0,69267.0,69437.0,45.98218,749
2026-03-12 04:00:00+00:00,69437.0,69660.0,69290.0,69378.0,13.16625,441
2026-03-12 05:00:00+00:00,69367.0,69589.0,69235.0,69490.0,55.01598,687
2026-03-12 06:00:00+00:00,69488.0,69569.0,69376.0,69485.0,84.21599,793
2026-03-12 07:00:00+00:00,69516.0,69870.0,69446.0,69832.0,8.78476,542
2026-03-12 08:00:00+00:00,69836.0,70125.0,69704.0,69905.0,89.63728,866
2026-03-12 09:00:00+00:00,69913.0,70395.0,69587.0,69963.0,49.63636,881
2026-03-12 10:00:00+00:00,69955.0,70515.0,69878.0,70430.0,10.37185,619
2026-03-12 11:00:00+00:00,70426.0,70800.0,70386.0,70440.0,58.89001,880
2026-03-12 12:00:00+00:00,70450.0,70640.0,70310.0,70401.0,9.00284,373
2026-03-12 13:00:00+00:00,70403.0,70550.0,69701.0,69979.0,24.46881,985
2026-03-12 14:00:00+00:00,69995.0,70662.0,69397.0,69617.0,21.62098,1050
2026-03-12 15:00:00+00:00,69613.0,70572.0,69502.0,70353.0,19.97972,1019
2026-03-12 16:00:00+00:00,70352.0,70561.0,69930.0,70393.0,14.87443,746
2026-03-12 17:00:00+00:00,70437.0,70558.0,70106.0,70224.0,36.88761,685
2026-03-12 18:00:00+00:00,70226.0,70301.0,69804.0,69808.0,36.03527,551
2026-03-12 19:00:00+00:00,69801.0,70564.0,69780.0,70456.0,37.23369,570
2026-03-12 20:00:00+00:00,70472.0,70563.0,70150.0,70194.0,11.48418,353
2026-03-12 21:00:00+00:00,70175.0,70474.0,70175.0,70316.0,40.19539,314
2026-03-12 22:00:00+00:00,70284.0,70290.0,70031.0,70124.0,3.18179,113
2026-03-12 23:00:00+00:00,70181.0,70739.0,70181.0,70536.0,49.1436,481
2026-03-13 00:00:00+00:00,70535.0,72012.0,70405.0,71489.0,110.81958,1518
2026-03-13 01:00:00+00:00,71467.0,71761.0,71297.0,71673.0,35.68172,2192
2026-03-13 02:00:00+00:00,71672.0,71710.0,71061.0,71143.0,50.62729,1490
2026-03-13 03:00:00+00:00,71156.0,71500.0,70977.0,71416.0,11.93706,544
2026-03-13 04:00:00+00:00,71396.0,71488.0,71259.0,71401.0,9.3809,219
2026-03-13 05:00:00+00:00,71405.0,71636.0,71248.0,71566.0,13.04006,348
2026-03-13 06:00:00+00:00,71595.0,71604.0,71200.0,71354.0,8.21277,283
2026-03-13 07:00:00+00:00,71339.0,71689.0,71260.0,71640.0,19.82675,479
2026-03-13 08:00:00+00:00,71640.0,72160.0,71408.0,71825.0,19.36747,525
2026-03-13 09:00:00+00:00,71841.0,72101.0,71606.0,72027.0,10.97225,394
2026-03-13 10:00:00+00:00,72034.0,72600.0,72030.0,72512.0,30.74189,802
2026-03-13 11:00:00+00:00,72524.0,72548.0,72233.0,72245.0,3.93254,468
2026-03-13 12:00:00+00:00,72248.0,72890.0,72248.0,72792.0,44.74922,1021
2026-03-13 13:00:00+00:00,72808.0,73597.0,72712.0,73400.0,67.29581,1346
2026-03-13 14:00:00+00:00,73399.0,73920.0,72385.0,72385.0,105.77354,2650
2026-03-13 15:00:00+00:00,72458.0,72850.0,71774.0,71857.0,50.82012,2240
2026-03-13 16:00:00+00:00,71857.0,72100.0,71183.0,71900.0,28.56496,1329
2026-03-13 17:00:00+00:00,71894.0,72255.0,70946.0,71045.0,25.46159,981
2026-03-13 18:00:00+00:00,71060.0,71350.0,70861.0,71054.0,46.27023,883
2026-03-13 19:00:00+00:00,71054.0,71302.0,71020.0,71163.0,18.82518,545
2026-03-13 20:00:00+00:00,71187.0,71468.0,71150.0,71358.0,10.18498,442
2026-03-13 21:00:00+00:00,71371.0,71487.0,71086.0,71110.0,7.89762,410
2026-03-13 22:00:00+00:00,71188.0,71188.0,70576.0,70822.0,24.63618,882
2026-03-13 23:00:00+00:00,70821.0,71007.0,70712.0,70932.0,14.22468,535
2026-03-14 00:00:00+00:00,70931.0,70950.0,70572.0,70673.0,17.14016,521
2026-03-14 01:00:00+00:00,70642.0,70924.0,70514.0,70857.0,6.60962,502
2026-03-14 02:00:00+00:00,70856.0,70910.0,70740.0,70781.0,9.27971,343
2026-03-14 03:00:00+00:00,70819.0,71164.0,70810.0,71064.0,13.27842,345
2026-03-14 04:00:00+00:00,71060.0,71310.0,71039.0,71039.0,5.33026,289
2026-03-14 05:00:00+00:00,71064.0,71146.0,70957.0,71012.0,0.71085,100
2026-03-14 06:00:00+00:00,71011.0,71011.0,70357.0,70663.0,15.86928,402
2026-03-14 07:00:00+00:00,70627.0,70751.0,70494.0,70601.0,10.44822,1767
2026-03-14 08:00:00+00:00,70600.0,70722.0,70547.0,70608.0,6.46609,1499
2026-03-14 09:00:00+00:00,70597.0,70713.0,70415.0,70546.0,10.02441,688
2026-03-14 10:00:00+00:00,70528.0,70587.0,70395.0,70579.0,78.80098,1604
2026-03-14 11:00:00+00:00,70577.0,70794.0,70577.0,70759.0,41.59851,738
2026-03-14 12:00:00+00:00,70768.0,70852.0,70635.0,70742.0,2.19801,240
2026-03-14 13:00:00+00:00,70759.0,70936.0,70746.0,70900.0,10.01773,122
2026-03-14 14:00:00+00:00,70896.0,70954.0,70595.0,70617.0,6.52923,283
2026-03-14 15:00:00+00:00,70617.0,70725.0,70503.0,70601.0,5.53945,332
2026-03-14 16:00:00+00:00,70584.0,70712.0,70501.0,70689.0,5.51437,355
2026-03-14 17:00:00+00:00,70684.0,70732.0,70595.0,70624.0,4.15032,153
2026-03-14 18:00:00+00:00,70609.0,70708.0,70566.0,70678.0,6.66933,300
2026-03-14 19:00:00+00:00,70669.0,70746.0,70613.0,70718.0,5.39228,417
2026-03-14 20:00:00+00:00,70718.0,70863.0,70662.0,70820.0,5.15791,326
2026-03-14 21:00:00+00:00,70815.0,70824.0,70676.0,70797.0,5.36554,254
2026-03-14 22:00:00+00:00,70770.0,70808.0,70726.0,70728.0,2.80908,105
2026-03-14 23:00:00+00:00,70729.0,71249.0,70729.0,71217.0,17.1981,385
2026-03-15 00:00:00+00:00,71216.0,71218.0,70982.0,71004.0,11.4692,565
2026-03-15 01:00:00+00:00,71003.0,71043.0,70863.0,71002.0,19.72485,1799
2026-03-15 02:00:00+00:00,71003.0,71612.0,71003.0,71456.0,25.29509,740
2026-03-15 03:00:00+00:00,71473.0,71506.0,71238.0,71348.0,7.01209,136
2026-03-15 04:00:00+00:00,71351.0,71656.0,71345.0,71592.0,27.18318,771
2026-03-15 05:00:00+00:00,71577.0,71790.0,71489.0,71500.0,9.27384,296
2026-03-15 06:00:00+00:00,71513.0,71594.0,71403.0,71447.0,23.52903,272
2026-03-15 07:00:00+00:00,71446.0,71667.0,71414.0,71464.0,7.08234,257
2026-03-15 08:00:00+00:00,71484.0,71717.0,71471.0,71717.0,4.61339,203
2026-03-15 09:00:00+00:00,71717.0,71942.0,71717.0,71813.0,25.35185,398
2026-03-15 10:00:00+00:00,71818.0,71933.0,71745.0,71789.0,20.86677,558
2026-03-15 11:00:00+00:00,71788.0,71896.0,71687.0,71866.0,8.54327,569
2026-03-15 12:00:00+00:00,71867.0,71867.0,71581.0,71615.0,14.32779,759
2026-03-15 13:00:00+00:00,71618.0,71684.0,71282.0,71618.0,6.98432,650
2026-03-15 14:00:00+00:00,71613.0,71633.0,71352.0,71633.0,3.4316,586
2026-03-15 15:00:00+00:00,71636.0,71636.0,71430.0,71489.0,10.69395,310
2026-03-15 16:00:00+00:00,71482.0,71587.0,71331.0,71424.0,5.85028,351
2026-03-15 17:00:00+00:00,71436.0,71989.0,71421.0,71827.0,3.73647,264
2026-03-15 18:00:00+00:00,71824.0,71863.0,71360.0,71388.0,11.08757,384
2026-03-15 19:00:00+00:00,71381.0,71562.0,71338.0,71559.0,4.17665,283
2026-03-15 20:00:00+00:00,71560.0,71914.0,71447.0,71749.0,4.39222,301
2026-03-15 21:00:00+00:00,71747.0,72231.0,71642.0,72104.0,7.08191,300
2026-03-15 22:00:00+00:00,72120.0,73082.0,71739.0,72752.0,26.92282,797
2026-03-15 23:00:00+00:00,72785.0,73200.0,72442.0,72832.0,27.21627,593
2026-03-16 00:00:00+00:00,72828.0,73008.0,72500.0,72560.0,14.34618,391
2026-03-16 01:00:00+00:00,72560.0,72855.0,72301.0,72766.0,14.24662,1866
2026-03-16 02:00:00+00:00,72765.0,72865.0,72392.0,72547.0,8.83433,1130
2026-03-16 03:00:00+00:00,72531.0,74302.0,72471.0,73580.0,116.31545,1248
2026-03-16 04:00:00+00:00,73583.0,74441.0,73583.0,73834.0,28.53904,895
2026-03-16 05:00:00+00:00,73830.0,74254.0,73707.0,74177.0,20.69369,854
2026-03-16 06:00:00+00:00,74208.0,74208.0,73614.0,73720.0,23.36563,920
2026-03-16 07:00:00+00:00,73719.0,73919.0,73399.0,73452.0,13.24837,860
2026-03-16 08:00:00+00:00,73471.0,73765.0,72900.0,73138.0,18.89978,1091
2026-03-16 09:00:00+00:00,73147.0,73333.0,73065.0,73255.0,44.77105,700
2026-03-16 10:00:00+00:00,73269.0,73795.0,73224.0,73795.0,13.13249,866
2026-03-16 11:00:00+00:00,73800.0,73816.0,73537.0,73552.0,23.89087,745
2026-03-16 12:00:00+00:00,73568.0,74039.0,73477.0,73885.0,16.73978,1020
2026-03-16 13:00:00+00:00,73880.0,74500.0,73797.0,74109.0,20.72564,1041
2026-03-16 14:00:00+00:00,74115.0,74459.0,72995.0,73562.0,42.16111,1820
2026-03-16 15:00:00+00:00,73562.0,74022.0,73209.0,73277.0,16.45391,1251
2026-03-16 16:00:00+00:00,73286.0,73905.0,73188.0,73766.0,15.34181,1169
2026-03-16 17:00:00+00:00,73795.0,74057.0,73665.0,73953.0,12.06027,1020
2026-03-16 18:00:00+00:00,73957.0,74378.0,73887.0,73889.0,58.40027,1135
2026-03-16 19:00:00+00:00,73929.0,74410.0,73817.0,73954.0,13.45959,780
2026-03-16 20:00:00+00:00,73971.0,74244.0,73857.0,74244.0,16.44465,767
2026-03-16 21:00:00+00:00,74215.0,74786.0,74150.0,74398.0,28.71942,1028
2026-03-16 22:00:00+00:00,74385.0,74899.0,74385.0,74739.0,21.18341,696
2026-03-16 23:00:00+00:00,74711.0,74911.0,74248.0,74889.0,15.61409,576
2026-03-17 00:00:00+00:00,74887.0,75498.0,74627.0,75298.0,85.83468,1422
2026-03-17 01:00:00+00:00,75336.0,76000.0,75078.0,75626.0,29.22687,1131
2026-03-17 02:00:00+00:00,75628.0,75680.0,75111.0,75195.0,20.14035,930
2026-03-17 03:00:00+00:00,75207.0,75325.0,74284.0,74472.0,42.4686,1559
2026-03-17 04:00:00+00:00,74495.0,74686.0,73999.0,74243.0,29.69757,2111
2026-03-17 05:00:00+00:00,74243.0,74450.0,73792.0,74043.0,14.8948,2685
2026-03-17 06:00:00+00:00,74039.0,74276.0,73883.0,74080.0,15.18264,1298
2026-03-17 07:00:00+00:00,74086.0,74446.0,74065.0,74244.0,14.66897,948
2026-03-17 08:00:00+00:00,74245.0,74461.0,74126.0,74191.0,12.43078,981
2026-03-17 09:00:00+00:00,74175.0,74400.0,73847.0,73946.0,15.39524,1095
2026-03-17 10:00:00+00:00,73941.0,73969.0,73590.0,73729.0,25.03405,1255
2026-03-17 11:00:00+00:00,73733.0,74200.0,73688.0,74048.0,24.49632,1162
2026-03-17 12:00:00+00:00,74045.0,74190.0,73674.0,73750.0,17.49533,1166
2026-03-17 13:00:00+00:00,73752.0,74167.0,73431.0,73606.0,30.28501,1455
2026-03-17 14:00:00+00:00,73643.0,74427.0,73448.0,74399.0,32.76923,1405
2026-03-17 15:00:00+00:00,74402.0,74900.0,73683.0,73935.0,29.57148,1320
2026-03-17 16:00:00+00:00,73935.0,74358.0,73878.0,74165.0,56.95514,1311
2026-03-17 17:00:00+00:00,74175.0,74581.0,74024.0,74513.0,25.42126,1140
2026-03-17 18:00:00+00:00,74509.0,74789.0,74418.0,74712.0,29.38741,1018
2026-03-17 19:00:00+00:00,74707.0,74825.0,74460.0,74554.0,12.34356,948
2026-03-17 20:00:00+00:00,74547.0,74702.0,74388.0,74557.0,14.60978,1014
2026-03-17 21:00:00+00:00,74534.0,74836.0,74483.0,74726.0,25.37398,1307
2026-03-17 22:00:00+00:00,74696.0,74801.0,73952.0,74314.0,19.47644,1306
2026-03-17 23:00:00+00:00,74331.0,74413.0,73883.0,73918.0,21.55254,1413
2026-03-18 00:00:00+00:00,73918.0,74084.0,73575.0,73882.0,43.03188,2321
2026-03-18 01:00:00+00:00,73884.0,74225.0,73834.0,74094.0,9.85873,625
2026-03-18 02:00:00+00:00,74099.0,74488.0,74094.0,74366.0,8.28422,464
2026-03-18 03:00:00+00:00,74372.0,74679.0,74278.0,74499.0,14.4879,535
2026-03-18 04:00:00+00:00,74499.0,74509.0,74177.0,74197.0,5.71465,322
2026-03-18 05:00:00+00:00,74190.0,74325.0,73866.0,73972.0,17.43056,357
2026-03-18 06:00:00+00:00,73989.0,74238.0,73955.0,73966.0,6.01489,384
2026-03-18 07:00:00+00:00,73970.0,74008.0,73709.0,73898.0,7.75365,380
2026-03-18 08:00:00+00:00,73901.0,74126.0,73882.0,74027.0,21.92325,588
2026-03-18 09:00:00+00:00,74075.0,74286.0,74052.0,74193.0,4.74252,347
2026-03-18 10:00:00+00:00,74189.0,74275.0,73854.0,73955.0,4.38685,380
2026-03-18 11:00:00+00:00,73955.0,74080.0,72828.0,72978.0,24.08581,846
2026-03-18 12:00:00+00:00,72910.0,72966.0,72302.0,72409.0,43.44728,997
2026-03-18 13:00:00+00:00,72359.0,72570.0,72001.0,72136.0,47.22832,979
2026-03-18 14:00:00+00:00,72126.0,72231.0,71168.0,71203.0,62.9233,2120
2026-03-18 15:00:00+00:00,71202.0,71535.0,70898.0,71476.0,58.62599,1329
2026-03-18 16:00:00+00:00,71439.0,71573.0,71063.0,71338.0,30.71977,1561
2026-03-18 17:00:00+00:00,71338.0,71754.0,71217.0,71626.0,27.21509,1000
2026-03-18 18:00:00+00:00,71631.0,71969.0,70963.0,71107.0,34.69204,934
2026-03-18 19:00:00+00:00,71098.0,71457.0,70966.0,71077.0,16.88505,389
2026-03-18 20:00:00+00:00,71072.0,71305.0,70505.0,71228.0,32.4811,768
2026-03-18 21:00:00+00:00,71201.0,71422.0,71164.0,71270.0,18.37027,429
2026-03-18 22:00:00+00:00,71259.0,71259.0,70935.0,71142.0,15.16907,446
2026-03-18 23:00:00+00:00,71145.0,71360.0,71073.0,71243.0,9.77607,831
2026-03-19 00:00:00+00:00,71242.0,71302.0,70971.0,71006.0,10.26184,1767
2026-03-19 01:00:00+00:00,70995.0,71186.0,70962.0,71122.0,9.60185,401
2026-03-19 02:00:00+00:00,71121.0,71257.0,70911.0,71067.0,5.05304,246
2026-03-19 03:00:00+00:00,71069.0,71602.0,71068.0,71218.0,6.72996,294
2026-03-19 04:00:00+00:00,71216.0,71216.0,70664.0,70821.0,22.60208,636
2026-03-19 05:00:00+00:00,70828.0,70890.0,70678.0,70814.0,2.99056,91
2026-03-19 06:00:00+00:00,70836.0,70944.0,70527.0,70580.0,10.09333,282
2026-03-19 07:00:00+00:00,70570.0,70593.0,69507.0,70209.0,47.23765,1027
2026-03-19 08:00:00+00:00,70204.0,70299.0,69893.0,69975.0,12.65159,397
2026-03-19 09:00:00+00:00,70000.0,70551.0,70000.0,70518.0,23.53268,601
2026-03-19 10:00:00+00:00,70515.0,70530.0,70113.0,70126.0,18.31073,325
2026-03-19 11:00:00+00:00,70126.0,70241.0,69912.0,69932.0,35.46943,637
2026-03-19 12:00:00+00:00,69943.0,69952.0,69127.0,69288.0,28.69706,960
2026-03-19 13:00:00+00:00,69288.0,70046.0,69076.0,69886.0,40.33942,1655
2026-03-19 14:00:00+00:00,69900.0,70108.0,69095.0,69514.0,23.11516,1362
2026-03-19 15:00:00+00:00,69485.0,69897.0,68801.0,69413.0,70.6822,1368
2026-03-19 16:00:00+00:00,69405.0,69613.0,69190.0,69446.0,57.27437,828
2026-03-19 17:00:00+00:00,69446.0,69921.0,69110.0,69841.0,24.46001,758
2026-03-19 18:00:00+00:00,69853.0,69905.0,69593.0,69839.0,11.36529,320
2026-03-19 19:00:00+00:00,69836.0,70598.0,69827.0,70269.0,73.87786,1147
2026-03-19 20:00:00+00:00,70268.0,70658.0,70196.0,70492.0,7.6644,388
2026-03-19 21:00:00+00:00,70459.0,70698.0,70401.0,70447.0,4.21518,159
2026-03-19 22:00:00+00:00,70417.0,70478.0,69960.0,70192.0,13.0061,338
2026-03-19 23:00:00+00:00,70207.0,70293.0,69743.0,69935.0,14.29709,412
2026-03-20 00:00:00+00:00,69937.0,70321.0,69853.0,70203.0,13.16662,327
2026-03-20 01:00:00+00:00,70203.0,70586.0,70203.0,70409.0,4.93147,238
2026-03-20 02:00:00+00:00,70420.0,70516.0,70087.0,70459.0,7.01117,1610
2026-03-20 03:00:00+00:00,70417.0,70797.0,70417.0,70737.0,11.80389,424
2026-03-20 04:00:00+00:00,70734.0,70967.0,70564.0,70782.0,29.63235,1197
2026-03-20 05:00:00+00:00,70775.0,70881.0,70542.0,70608.0,8.03024,238
2026-03-20 06:00:00+00:00,70557.0,70648.0,70368.0,70485.0,1.63295,139
2026-03-20 07:00:00+00:00,70450.0,70932.0,70222.0,70856.0,26.74655,1338
2026-03-20 08:00:00+00:00,70853.0,71347.0,70794.0,71030.0,55.13768,747
2026-03-20 09:00:00+00:00,71011.0,71011.0,70430.0,70576.0,34.88295,565
2026-03-20 10:00:00+00:00,70583.0,70660.0,70241.0,70595.0,33.20259,455
2026-03-20 11:00:00+00:00,70590.0,70799.0,70329.0,70481.0,7.87064,244
2026-03-20 12:00:00+00:00,70502.0,70676.0,70257.0,70346.0,12.13734,373
2026-03-20 13:00:00+00:00,70354.0,70614.0,69813.0,69871.0,19.98214,935
2026-03-20 14:00:00+00:00,69867.0,70241.0,69600.0,69730.0,16.45356,847
2026-03-20 15:00:00+00:00,69742.0,69988.0,69486.0,69806.0,18.45136,729
2026-03-20 16:00:00+00:00,69857.0,70080.0,69593.0,69869.0,6.83131,407
2026-03-20 17:00:00+00:00,69839.0,69976.0,69397.0,69976.0,7.86753,406
2026-03-20 18:00:00+00:00,69972.0,70053.0,69533.0,69756.0,11.52698,454
2026-03-20 19:00:00+00:00,69777.0,70162.0,69663.0,70156.0,4.88022,389
2026-03-20 20:00:00+00:00,70121.0,70222.0,69750.0,70050.0,5.32099,201
2026-03-20 21:00:00+00:00,69999.0,70690.0,69964.0,70544.0,14.71312,385
2026-03-20 22:00:00+00:00,70557.0,70897.0,70557.0,70777.0,37.39928,293
2026-03-20 23:00:00+00:00,70772.0,70777.0,70446.0,70511.0,24.44121,334
2026-03-21 00:00:00+00:00,70507.0,70823.0,70503.0,70695.0,24.0123,260
2026-03-21 01:00:00+00:00,70700.0,70749.0,70466.0,70477.0,5.39716,98
2026-03-21 02:00:00+00:00,70452.0,70778.0,70452.0,70730.0,2.42794,575
2026-03-21 03:00:00+00:00,70729.0,70780.0,70620.0,70689.0,3.89507,773
2026-03-21 04:00:00+00:00,70699.0,70794.0,70619.0,70642.0,3.47546,130
2026-03-21 05:00:00+00:00,70628.0,70813.0,70624.0,70693.0,2.86197,75
2026-03-21 06:00:00+00:00,70704.0,70782.0,70687.0,70749.0,1.24935,78
2026-03-21 07:00:00+00:00,70755.0,70875.0,70670.0,70697.0,1.78139,934
2026-03-21 08:00:00+00:00,70697.0,70737.0,70491.0,70566.0,2.56789,145
2026-03-21 09:00:00+00:00,70581.0,70718.0,70568.0,70641.0,10.46585,295
2026-03-21 10:00:00+00:00,70645.0,70662.0,70548.0,70594.0,4.25296,356
2026-03-21 11:00:00+00:00,70600.0,70650.0,70555.0,70649.0,29.70307,601
2026-03-21 12:00:00+00:00,70650.0,70787.0,70650.0,70709.0,4.62691,395
2026-03-21 13:00:00+00:00,70709.0,70798.0,70688.0,70728.0,3.91534,229
2026-03-21 14:00:00+00:00,70728.0,71072.0,70594.0,70614.0,7.29953,327
2026-03-21 15:00:00+00:00,70619.0,70749.0,70470.0,70632.0,4.55293,268
2026-03-21 16:00:00+00:00,70616.0,70644.0,70253.0,70290.0,4.35344,368
2026-03-21 17:00:00+00:00,70298.0,70403.0,70205.0,70310.0,3.61893,313
2026-03-21 18:00:00+00:00,70297.0,70502.0,70292.0,70403.0,6.46651,238
2026-03-21 19:00:00+00:00,70375.0,70432.0,70320.0,70380.0,0.22445,132
2026-03-21 20:00:00+00:00,70380.0,70488.0,70345.0,70440.0,1.45771,163
2026-03-21 21:00:00+00:00,70444.0,70491.0,70256.0,70346.0,0.77287,147
2026-03-21 22:00:00+00:00,70335.0,70354.0,70240.0,70255.0,15.30718,1435
2026-03-21 23:00:00+00:00,70272.0,70272.0,68591.0,68893.0,28.54309,2149
2026-03-22 00:00:00+00:00,68904.0,69127.0,68249.0,68939.0,59.24712,1548
2026-03-22 01:00:00+00:00,68947.0,69082.0,68769.0,68955.0,7.55816,305
2026-03-22 02:00:00+00:00,68956.0,69385.0,68933.0,69292.0,4.3992,319
2026-03-22 03:00:00+00:00,69259.0,69561.0,69135.0,69331.0,7.49366,421
2026-03-22 04:00:00+00:00,69328.0,69504.0,69214.0,69321.0,8.82471,208
2026-03-22 05:00:00+00:00,69338.0,69338.0,69129.0,69132.0,9.06887,444
2026-03-22 06:00:00+00:00,69132.0,69220.0,69046.0,69158.0,8.6624,349
2026-03-22 07:00:00+00:00,69157.0,69225.0,68900.0,68900.0,14.58782,229
2026-03-22 08:00:00+00:00,68908.0,68962.0,68558.0,68800.0,23.06991,703
2026-03-22 09:00:00+00:00,68800.0,68884.0,68594.0,68823.0,7.87052,454
2026-03-22 10:00:00+00:00,68802.0,68830.0,68594.0,68659.0,6.00965,451
2026-03-22 11:00:00+00:00,68647.0,68674.0,68169.0,68250.0,31.64472,745
2026-03-22 12:00:00+00:00,68250.0,68757.0,68210.0,68653.0,137.24916,1134
2026-03-22 13:00:00+00:00,68662.0,68936.0,68542.0,68715.0,7.04808,429
2026-03-22 14:00:00+00:00,68741.0,68892.0,68552.0,68710.0,6.26661,908
2026-03-22 15:00:00+00:00,68710.0,68987.0,68707.0,68844.0,5.66166,478
2026-03-22 16:00:00+00:00,68844.0,68876.0,68686.0,68819.0,1.30907,146
2026-03-22 17:00:00+00:00,68779.0,68838.0,68680.0,68729.0,1.37984,101
2026-03-22 18:00:00+00:00,68675.0,68732.0,68367.0,68614.0,3.73456,326
2026-03-22 19:00:00+00:00,68614.0,68614.0,68156.0,68197.0,7.42596,398
2026-03-22 20:00:00+00:00,68232.0,68481.0,68100.0,68180.0,6.90183,408
2026-03-22 21:00:00+00:00,68168.0,68220.0,67368.0,67885.0,26.44003,1229
2026-03-22 22:00:00+00:00,67796.0,68381.0,67578.0,68292.0,16.81513,796
2026-03-22 23:00:00+00:00,68325.0,68449.0,67814.0,67842.0,25.90423,506
2026-03-23 00:00:00+00:00,67840.0,68130.0,67448.0,67654.0,10.0015,685
2026-03-23 01:00:00+00:00,67640.0,68150.0,67539.0,67913.0,67.03814,586
2026-03-23 02:00:00+00:00,67934.0,68371.0,67804.0,68298.0,6.13533,335
2026-03-23 03:00:00+00:00,68308.0,68560.0,68047.0,68061.0,41.06809,931
2026-03-23 04:00:00+00:00,68067.0,68524.0,68048.0,68520.0,8.76231,1515
2026-03-23 05:00:00+00:00,68523.0,68879.0,68523.0,68879.0,22.86602,1535
2026-03-23 06:00:00+00:00,68878.0,68878.0,67701.0,67838.0,46.00084,881
2026-03-23 07:00:00+00:00,67846.0,68425.0,67504.0,68261.0,56.81884,904
2026-03-23 08:00:00+00:00,68296.0,68654.0,68296.0,68424.0,85.97378,718
2026-03-23 09:00:00+00:00,68434.0,68434.0,67914.0,68308.0,13.26161,475
2026-03-23 10:00:00+00:00,68316.0,68685.0,68282.0,68528.0,6.98889,337
2026-03-23 11:00:00+00:00,68560.0,71439.0,68542.0,70081.0,271.76294,4891
2026-03-23 12:00:00+00:00,70115.0,70844.0,69647.0,70734.0,138.18591,1760
2026-03-23 13:00:00+00:00,70790.0,71556.0,70592.0,71431.0,33.4712,1106
2026-03-23 14:00:00+00:00,71464.0,71785.0,71120.0,71488.0,20.27865,633
2026-03-23 15:00:00+00:00,71444.0,71618.0,70103.0,70115.0,30.09362,1087
2026-03-23 16:00:00+00:00,70120.0,70713.0,70119.0,70528.0,17.47292,668
2026-03-23 17:00:00+00:00,70550.0,71102.0,70368.0,71075.0,15.46181,657
2026-03-23 18:00:00+00:00,71071.0,71157.0,70877.0,71080.0,8.35774,454
2026-03-23 19:00:00+00:00,71078.0,71218.0,70656.0,70684.0,4.93241,302
2026-03-23 20:00:00+00:00,70682.0,70966.0,70566.0,70894.0,4.37336,260
2026-03-23 21:00:00+00:00,70907.0,70976.0,70811.0,70811.0,3.435,204
2026-03-23 22:00:00+00:00,70875.0,70875.0,70509.0,70774.0,3.11523,244
2026-03-23 23:00:00+00:00,70750.0,70952.0,70387.0,70895.0,8.49282,426
2026-03-24 00:00:00+00:00,70876.0,71056.0,70408.0,70684.0,8.56958,367
2026-03-24 01:00:00+00:00,70668.0,70868.0,70278.0,70502.0,7.17294,1486
2026-03-24 02:00:00+00:00,70502.0,70670.0,70357.0,70435.0,4.00147,1163
2026-03-24 03:00:00+00:00,70417.0,70552.0,70383.0,70512.0,0.88375,238
2026-03-24 04:00:00+00:00,70520.0,70701.0,70253.0,70356.0,3.62799,364
2026-03-24 05:00:00+00:00,70360.0,70366.0,70114.0,70258.0,6.77455,434
2026-03-24 06:00:00+00:00,70251.0,70519.0,70243.0,70519.0,4.95633,265
2026-03-24 07:00:00+00:00,70462.0,71375.0,70462.0,71260.0,7.34368,349
2026-03-24 08:00:00+00:00,71293.0,71333.0,70845.0,70977.0,2.72421,339
2026-03-24 09:00:00+00:00,70936.0,71348.0,70859.0,71301.0,40.02378,592
2026-03-24 10:00:00+00:00,71301.0,71315.0,71069.0,71254.0,4.87335,363
2026-03-24 11:00:00+00:00,71192.0,71306.0,70952.0,71135.0,5.4606,279
2026-03-24 12:00:00+00:00,71146.0,71146.0,70867.0,70940.0,5.02118,219
2026-03-24 13:00:00+00:00,70939.0,71032.0,69980.0,70087.0,14.2077,737
2026-03-24 14:00:00+00:00,70084.0,70433.0,69500.0,69856.0,20.84239,841
2026-03-24 15:00:00+00:00,69905.0,70255.0,69762.0,69866.0,25.19367,718
2026-03-24 16:00:00+00:00,69837.0,69971.0,69367.0,69437.0,12.44363,427
2026-03-24 17:00:00+00:00,69451.0,69496.0,68915.0,69181.0,30.75972,748
2026-03-24 18:00:00+00:00,69235.0,69710.0,69182.0,69408.0,16.56165,441
2026-03-24 19:00:00+00:00,69408.0,69664.0,69265.0,69330.0,2.47724,250
2026-03-24 20:00:00+00:00,69322.0,70266.0,69272.0,70076.0,29.51081,610
2026-03-24 21:00:00+00:00,70094.0,70388.0,69889.0,70328.0,11.70896,526
2026-03-24 22:00:00+00:00,70314.0,70565.0,70156.0,70326.0,50.64964,553
2026-03-24 23:00:00+00:00,70311.0,70795.0,70265.0,70538.0,19.00832,329
2026-03-25 00:00:00+00:00,70531.0,71033.0,70495.0,70819.0,18.90951,382
2026-03-25 01:00:00+00:00,70830.0,70953.0,70609.0,70656.0,5.63445,1199
2026-03-25 02:00:00+00:00,70663.0,70752.0,70469.0,70501.0,2.54685,1508
2026-03-25 03:00:00+00:00,70515.0,70774.0,70390.0,70684.0,21.45404,553
2026-03-25 04:00:00+00:00,70684.0,70930.0,70676.0,70930.0,3.76433,303
2026-03-25 05:00:00+00:00,70939.0,71314.0,70909.0,71092.0,7.66691,397
2026-03-25 06:00:00+00:00,71101.0,71241.0,70973.0,70973.0,1.80523,226
2026-03-25 07:00:00+00:00,70973.0,71236.0,70875.0,70902.0,11.26354,379
2026-03-25 08:00:00+00:00,70923.0,71471.0,70776.0,71229.0,14.53676,896
2026-03-25 09:00:00+00:00,71229.0,71400.0,71087.0,71327.0,5.28851,460
2026-03-25 10:00:00+00:00,71338.0,71588.0,71281.0,71500.0,14.503,427
2026-03-25 11:00:00+00:00,71486.0,72016.0,71467.0,71687.0,37.87515,1003
2026-03-25 12:00:00+00:00,71717.0,71921.0,71146.0,71741.0,34.66127,722
2026-03-25 13:00:00+00:00,71729.0,71959.0,71521.0,71550.0,24.26663,703
2026-03-25 14:00:00+00:00,71600.0,71640.0,71224.0,71231.0,11.82782,401
2026-03-25 15:00:00+00:00,71228.0,71288.0,70577.0,70834.0,27.71462,830
2026-03-25 16:00:00+00:00,70841.0,71735.0,70737.0,71326.0,14.91953,606
2026-03-25 17:00:00+00:00,71339.0,71358.0,70732.0,70766.0,4.6437,313
2026-03-25 18:00:00+00:00,70766.0,71107.0,70690.0,70806.0,7.29726,336
2026-03-25 19:00:00+00:00,70798.0,71072.0,70767.0,70859.0,4.86893,275
2026-03-25 20:00:00+00:00,70810.0,71044.0,70635.0,70985.0,1.72356,328
2026-03-25 21:00:00+00:00,70966.0,71144.0,70927.0,71012.0,11.82924,1282
2026-03-25 22:00:00+00:00,71011.0,71555.0,70919.0,71347.0,7.86881,1391
2026-03-25 23:00:00+00:00,71361.0,71418.0,71175.0,71313.0,5.04779,295
2026-03-26 00:00:00+00:00,71312.0,71406.0,71136.0,71267.0,12.752,315
2026-03-26 01:00:00+00:00,71268.0,71346.0,71154.0,71250.0,1.74677,227
2026-03-26 02:00:00+00:00,71233.0,71265.0,70675.0,70898.0,3.90611,324
2026-03-26 03:00:00+00:00,70841.0,70954.0,70674.0,70871.0,15.90508,285
2026-03-26 04:00:00+00:00,70870.0,70880.0,70691.0,70743.0,18.43634,425
2026-03-26 05:00:00+00:00,70737.0,70770.0,69949.0,69988.0,8.23646,634
2026-03-26 06:00:00+00:00,69941.0,70126.0,69847.0,70056.0,4.91023,360
2026-03-26 07:00:00+00:00,70070.0,70151.0,69804.0,70084.0,104.96284,684
2026-03-26 08:00:00+00:00,70085.0,70119.0,69799.0,70007.0,9.6053,437
2026-03-26 09:00:00+00:00,70005.0,70111.0,69394.0,69563.0,12.95647,613
2026-03-26 10:00:00+00:00,69553.0,69680.0,69437.0,69472.0,7.94007,523
2026-03-26 11:00:00+00:00,69472.0,69635.0,69169.0,69243.0,15.30915,511
2026-03-26 12:00:00+00:00,69247.0,69448.0,69206.0,69416.0,22.43961,559
2026-03-26 13:00:00+00:00,69419.0,69848.0,69196.0,69614.0,26.68087,614
2026-03-26 14:00:00+00:00,69660.0,69794.0,69247.0,69458.0,21.24099,353
2026-03-26 15:00:00+00:00,69449.0,69457.0,68652.0,69059.0,95.7684,1031
2026-03-26 16:00:00+00:00,69017.0,69043.0,68810.0,68895.0,12.99128,415
2026-03-26 17:00:00+00:00,68895.0,69126.0,68366.0,68435.0,30.48148,537
2026-03-26 18:00:00+00:00,68467.0,68563.0,68121.0,68446.0,30.97339,623
2026-03-26 19:00:00+00:00,68449.0,68654.0,68332.0,68516.0,9.40366,214
2026-03-26 20:00:00+00:00,68518.0,69411.0,68423.0,68967.0,36.32322,1125
2026-03-26 21:00:00+00:00,68961.0,69138.0,68829.0,68888.0,8.4052,584
2026-03-26 22:00:00+00:00,68875.0,68981.0,68577.0,68846.0,19.26985,257
2026-03-26 23:00:00+00:00,68846.0,68947.0,68601.0,68778.0,6.02258,103
2026-03-27 00:00:00+00:00,68777.0,68928.0,68528.0,68718.0,10.64908,189
2026-03-27 01:00:00+00:00,68763.0,69019.0,68687.0,69012.0,17.65592,170
2026-03-27 02:00:00+00:00,69041.0,69142.0,68849.0,68873.0,4.24921,671
2026-03-27 03:00:00+00:00,68874.0,68901.0,68660.0,68738.0,17.59264,2857
2026-03-27 04:00:00+00:00,68742.0,68768.0,68292.0,68564.0,19.6336,807
2026-03-27 05:00:00+00:00,68539.0,68848.0,68500.0,68609.0,3.06722,146
2026-03-27 06:00:00+00:00,68618.0,68815.0,68581.0,68679.0,4.21433,256
2026-03-27 07:00:00+00:00,68656.0,68946.0,68451.0,68451.0,18.0721,306
2026-03-27 08:00:00+00:00,68524.0,68619.0,67609.0,67898.0,54.18746,1127
2026-03-27 09:00:00+00:00,67897.0,67930.0,67545.0,67659.0,26.11669,537
2026-03-27 10:00:00+00:00,67665.0,67751.0,66330.0,66476.0,89.42186,1525
2026-03-27 11:00:00+00:00,66518.0,66832.0,66251.0,66688.0,44.93138,905
2026-03-27 12:00:00+00:00,66717.0,66747.0,66428.0,66600.0,19.72938,586
2026-03-27 13:00:00+00:00,66600.0,66729.0,66024.0,66165.0,32.35509,871
2026-03-27 14:00:00+00:00,66143.0,66369.0,65712.0,66187.0,48.81239,1114
2026-03-27 15:00:00+00:00,66187.0,66600.0,65941.0,66088.0,26.84094,846
2026-03-27 16:00:00+00:00,66090.0,66146.0,65779.0,65960.0,39.92902,802
2026-03-27 17:00:00+00:00,65983.0,66253.0,65570.0,65596.0,36.60585,1113
2026-03-27 18:00:00+00:00,65589.0,65912.0,65521.0,65811.0,15.74152,721
2026-03-27 19:00:00+00:00,65811.0,66095.0,65667.0,65998.0,47.79317,661
2026-03-27 20:00:00+00:00,65998.0,66101.0,65776.0,65971.0,17.8613,540
2026-03-27 21:00:00+00:00,65970.0,66141.0,65970.0,66040.0,12.96249,774
2026-03-27 22:00:00+00:00,66040.0,66040.0,65871.0,65980.0,25.23849,3211
2026-03-27 23:00:00+00:00,65981.0,66376.0,65929.0,66376.0,3.94409,314
2026-03-28 00:00:00+00:00,66374.0,66478.0,66261.0,66403.0,3.65749,189
2026-03-28 01:00:00+00:00,66381.0,66382.0,66033.0,66097.0,6.53198,231
2026-03-28 02:00:00+00:00,66152.0,66213.0,65909.0,66003.0,4.09511,246
2026-03-28 03:00:00+00:00,66021.0,66203.0,66021.0,66183.0,16.16252,145
2026-03-28 04:00:00+00:00,66207.0,66277.0,66092.0,66214.0,14.66411,274
2026-03-28 05:00:00+00:00,66275.0,66354.0,66189.0,66319.0,5.29148,129
2026-03-28 06:00:00+00:00,66369.0,66462.0,66282.0,66389.0,0.94075,134
2026-03-28 07:00:00+00:00,66388.0,66545.0,66355.0,66535.0,6.37112,208
2026-03-28 08:00:00+00:00,66535.0,66538.0,66368.0,66375.0,5.00986,218
2026-03-28 09:00:00+00:00,66382.0,66382.0,66230.0,66278.0,5.88807,137
2026-03-28 10:00:00+00:00,66259.0,66386.0,66111.0,66198.0,15.51542,329
2026-03-28 11:00:00+00:00,66198.0,66329.0,66180.0,66316.0,16.05669,332
2026-03-28 12:00:00+00:00,66310.0,66481.0,66209.0,66414.0,19.19001,282
2026-03-28 13:00:00+00:00,66418.0,67097.0,66392.0,66792.0,53.34324,661
2026-03-28 14:00:00+00:00,66798.0,66900.0,66653.0,66694.0,23.46336,383
2026-03-28 15:00:00+00:00,66714.0,67239.0,66670.0,66943.0,61.92869,612
2026-03-28 16:00:00+00:00,66981.0,67053.0,66821.0,66886.0,9.31803,175
2026-03-28 17:00:00+00:00,66891.0,66940.0,66667.0,66805.0,2.01511,113
2026-03-28 18:00:00+00:00,66816.0,66912.0,66805.0,66884.0,3.2382,210
2026-03-28 19:00:00+00:00,66855.0,66887.0,66783.0,66853.0,2.94212,104
2026-03-28 20:00:00+00:00,66873.0,66966.0,66860.0,66898.0,0.88438,143
2026-03-28 21:00:00+00:00,66873.0,66881.0,66571.0,66663.0,23.06204,337
2026-03-28 22:00:00+00:00,66661.0,66743.0,66570.0,66707.0,12.02577,139
2026-03-28 23:00:00+00:00,66699.0,66699.0,66246.0,66339.0,9.83793,1558
2026-03-29 00:00:00+00:00,66339.0,66457.0,66256.0,66407.0,0.87956,1356
2026-03-29 01:00:00+00:00,66452.0,66568.0,66352.0,66525.0,14.47406,403
2026-03-29 02:00:00+00:00,66509.0,66791.0,66501.0,66740.0,17.02137,411
2026-03-29 03:00:00+00:00,66755.0,67059.0,66714.0,66874.0,18.70785,315
2026-03-29 04:00:00+00:00,66874.0,66897.0,66698.0,66698.0,1.93298,80
2026-03-29 05:00:00+00:00,66692.0,66787.0,66573.0,66763.0,7.09282,385
2026-03-29 06:00:00+00:00,66756.0,66842.0,66612.0,66708.0,8.21853,350
2026-03-29 07:00:00+00:00,66706.0,66706.0,66531.0,66641.0,13.30825,1418
2026-03-29 08:00:00+00:00,66641.0,66727.0,66563.0,66688.0,3.07948,238
2026-03-29 09:00:00+00:00,66687.0,66727.0,66518.0,66596.0,5.36035,425
2026-03-29 10:00:00+00:00,66595.0,66595.0,66386.0,66472.0,11.14156,482
2026-03-29 11:00:00+00:00,66481.0,66912.0,66471.0,66779.0,38.49957,1053
2026-03-29 12:00:00+00:00,66770.0,66819.0,66663.0,66804.0,19.26934,667
2026-03-29 13:00:00+00:00,66796.0,66820.0,66496.0,66531.0,4.38412,520
2026-03-29 14:00:00+00:00,66543.0,66738.0,66442.0,66548.0,3.15807,354
2026-03-29 15:00:00+00:00,66547.0,66668.0,66292.0,66479.0,19.70909,469
2026-03-29 16:00:00+00:00,66475.0,66611.0,66400.0,66452.0,2.10026,262
2026-03-29 17:00:00+00:00,66452.0,66487.0,66138.0,66332.0,34.46888,417
2026-03-29 18:00:00+00:00,66332.0,66480.0,66277.0,66378.0,4.29254,262
2026-03-29 19:00:00+00:00,66378.0,66433.0,66280.0,66301.0,4.33461,263
2026-03-29 20:00:00+00:00,66298.0,66732.0,66298.0,66566.0,2.03792,296
2026-03-29 21:00:00+00:00,66566.0,66710.0,66491.0,66678.0,5.58827,267
2026-03-29 22:00:00+00:00,66662.0,66662.0,64969.0,65815.0,69.96311,1643
2026-03-29 23:00:00+00:00,65848.0,66327.0,65826.0,65968.0,63.00815,1853
2026-03-30 00:00:00+00:00,65968.0,66988.0,65761.0,66233.0,33.35938,2451
2026-03-30 01:00:00+00:00,66266.0,66776.0,66239.0,66596.0,7.31589,1822
2026-03-30 02:00:00+00:00,66601.0,67369.0,66530.0,67064.0,34.21605,1264
2026-03-30 03:00:00+00:00,67065.0,67257.0,66927.0,67108.0,12.77748,557
2026-03-30 04:00:00+00:00,67126.0,67581.0,67114.0,67570.0,24.50204,794
2026-03-30 05:00:00+00:00,67570.0,67746.0,67398.0,67460.0,15.51322,610
2026-03-30 06:00:00+00:00,67460.0,67534.0,67247.0,67274.0,16.05104,547
2026-03-30 07:00:00+00:00,67266.0,67589.0,67198.0,67589.0,3.37683,427
2026-03-30 08:00:00+00:00,67590.0,67880.0,67576.0,67633.0,12.73908,478
2026-03-30 09:00:00+00:00,67626.0,67651.0,67406.0,67457.0,132.64229,595
2026-03-30 10:00:00+00:00,67439.0,67470.0,67314.0,67442.0,6.16402,237
2026-03-30 11:00:00+00:00,67436.0,67931.0,67436.0,67623.0,16.06898,980
2026-03-30 12:00:00+00:00,67658.0,67940.0,67618.0,67863.0,18.44034,601
2026-03-30 13:00:00+00:00,67863.0,68096.0,67427.0,67500.0,28.9337,779
2026-03-30 14:00:00+00:00,67531.0,67812.0,67080.0,67790.0,15.52027,562
2026-03-30 15:00:00+00:00,67811.0,67859.0,67373.0,67608.0,12.96441,522
2026-03-30 16:00:00+00:00,67615.0,67622.0,67209.0,67338.0,6.10613,184
2026-03-30 17:00:00+00:00,67334.0,67427.0,66630.0,66788.0,6.96664,409
2026-03-30 18:00:00+00:00,66792.0,66849.0,66486.0,66619.0,10.68184,290
2026-03-30 19:00:00+00:00,66588.0,66629.0,66207.0,66469.0,3.54909,372
2026-03-30 20:00:00+00:00,66518.0,66643.0,66497.0,66606.0,22.40895,435
2026-03-30 21:00:00+00:00,66610.0,66951.0,66565.0,66776.0,13.92349,334
2026-03-30 22:00:00+00:00,66767.0,66951.0,66667.0,66751.0,3.44645,220
2026-03-30 23:00:00+00:00,66751.0,66757.0,66371.0,66746.0,41.89322,385
2026-03-31 00:00:00+00:00,66745.0,67256.0,66525.0,67106.0,57.57785,699
2026-03-31 01:00:00+00:00,67165.0,68335.0,67009.0,67939.0,44.0119,916
2026-03-31 02:00:00+00:00,67919.0,68057.0,67747.0,67923.0,6.92552,1108
2026-03-31 03:00:00+00:00,67923.0,67973.0,67620.0,67671.0,2.13521,1411
2026-03-31 04:00:00+00:00,67671.0,67834.0,67485.0,67516.0,3.7676,2062
2026-03-31 05:00:00+00:00,67520.0,67725.0,67374.0,67646.0,4.98245,505
2026-03-31 06:00:00+00:00,67656.0,67665.0,67315.0,67459.0,3.78031,832
2026-03-31 07:00:00+00:00,67459.0,67482.0,67066.0,67323.0,56.23293,4571
2026-03-31 08:00:00+00:00,67333.0,67451.0,66654.0,66759.0,25.13286,741
2026-03-31 09:00:00+00:00,66772.0,66855.0,65972.0,66067.0,52.0555,820
2026-03-31 10:00:00+00:00,66077.0,66427.0,66061.0,66313.0,8.76556,201
2026-03-31 11:00:00+00:00,66325.0,66828.0,66215.0,66657.0,16.06883,318
2026-03-31 12:00:00+00:00,66647.0,66882.0,66520.0,66629.0,33.42413,422
2026-03-31 13:00:00+00:00,66629.0,67364.0,66629.0,67236.0,17.35157,638
2026-03-31 14:00:00+00:00,67248.0,67708.0,66418.0,66568.0,44.1955,1020
2026-03-31 15:00:00+00:00,66568.0,67247.0,66568.0,66676.0,21.62473,579
2026-03-31 16:00:00+00:00,66708.0,67961.0,66702.0,67618.0,51.43534,815
2026-03-31 17:00:00+00:00,67619.0,68536.0,67364.0,67483.0,55.98267,1217
2026-03-31 18:00:00+00:00,67489.0,67902.0,67489.0,67806.0,11.93158,487
2026-03-31 19:00:00+00:00,67819.0,67978.0,67683.0,67815.0,22.30952,566
2026-03-31 20:00:00+00:00,67816.0,68223.0,67800.0,68223.0,30.82316,726
2026-03-31 21:00:00+00:00,68213.0,68364.0,67852.0,68235.0,8.84098,785
2026-03-31 22:00:00+00:00,68265.0,68269.0,67962.0,68159.0,10.74722,668
2026-03-31 23:00:00+00:00,68164.0,68341.0,68058.0,68251.0,5.9507,555
2026-04-01 00:00:00+00:00,68256.0,68285.0,67846.0,68256.0,11.66689,656
2026-04-01 01:00:00+00:00,68295.0,68321.0,67739.0,67739.0,13.57732,671
2026-04-01 02:00:00+00:00,67750.0,67867.0,67559.0,67627.0,12.84286,493
2026-04-01 03:00:00+00:00,67651.0,68190.0,67651.0,68145.0,4.87551,386
2026-04-01 04:00:00+00:00,68146.0,68421.0,67998.0,68260.0,6.33534,355
2026-04-01 05:00:00+00:00,68264.0,68708.0,68142.0,68425.0,19.77822,1248
2026-04-01 06:00:00+00:00,68425.0,69185.0,68423.0,69076.0,13.01228,1525
2026-04-01 07:00:00+00:00,69079.0,69280.0,68646.0,68646.0,14.07583,1872
2026-04-01 08:00:00+00:00,68656.0,68833.0,68448.0,68645.0,22.00011,746
2026-04-01 09:00:00+00:00,68613.0,68716.0,68391.0,68641.0,9.83323,321
2026-04-01 10:00:00+00:00,68646.0,68659.0,68423.0,68574.0,13.55074,492
2026-04-01 11:00:00+00:00,68572.0,68722.0,68498.0,68688.0,7.33046,239
2026-04-01 12:00:00+00:00,68680.0,68759.0,68260.0,68349.0,9.26879,358
2026-04-01 13:00:00+00:00,68379.0,68615.0,67947.0,68073.0,12.75528,416
2026-04-01 14:00:00+00:00,68097.0,68652.0,68056.0,68591.0,22.45307,536
2026-04-01 15:00:00+00:00,68601.0,68936.0,68433.0,68920.0,21.83581,413
2026-04-01 16:00:00+00:00,68916.0,68961.0,68598.0,68801.0,10.72068,406
2026-04-01 17:00:00+00:00,68809.0,69137.0,68249.0,68250.0,9.96765,378
2026-04-01 18:00:00+00:00,68254.0,68272.0,67946.0,68029.0,5.24574,240
2026-04-01 19:00:00+00:00,68067.0,68275.0,68029.0,68141.0,14.93095,356
2026-04-01 20:00:00+00:00,68164.0,68234.0,67967.0,68185.0,4.60135,144
2026-04-01 21:00:00+00:00,68186.0,68511.0,68186.0,68393.0,15.69722,171
2026-04-01 22:00:00+00:00,68364.0,68364.0,68084.0,68135.0,3.59372,156
2026-04-01 23:00:00+00:00,68127.0,68232.0,68015.0,68093.0,3.10247,120
2026-04-02 00:00:00+00:00,68115.0,68629.0,68050.0,68604.0,7.69232,222
2026-04-02 01:00:00+00:00,68602.0,68602.0,67059.0,67358.0,33.72748,2358
2026-04-02 02:00:00+00:00,67359.0,67359.0,66643.0,66879.0,18.3877,766
2026-04-02 03:00:00+00:00,66835.0,66959.0,66494.0,66564.0,33.79086,651
2026-04-02 04:00:00+00:00,66559.0,66631.0,66226.0,66318.0,15.68225,786
2026-04-02 05:00:00+00:00,66322.0,66626.0,66303.0,66591.0,11.04028,1464
2026-04-02 06:00:00+00:00,66593.0,66806.0,66557.0,66678.0,10.14286,331
2026-04-02 07:00:00+00:00,66675.0,66919.0,66566.0,66912.0,10.45995,899
2026-04-02 08:00:00+00:00,66907.0,66907.0,66454.0,66455.0,11.95313,2641
2026-04-02 09:00:00+00:00,66454.0,66515.0,66305.0,66462.0,17.77464,2071
2026-04-02 10:00:00+00:00,66453.0,66500.0,66220.0,66451.0,16.41315,810
2026-04-02 11:00:00+00:00,66461.0,66475.0,66164.0,66214.0,14.15542,460
2026-04-02 12:00:00+00:00,66213.0,66238.0,65964.0,66031.0,13.12726,606
2026-04-02 13:00:00+00:00,66064.0,66265.0,65730.0,66265.0,15.1484,679
2026-04-02 14:00:00+00:00,66235.0,67085.0,66164.0,66852.0,17.83031,728
2026-04-02 15:00:00+00:00,66870.0,66965.0,66653.0,66852.0,11.4593,374
2026-04-02 16:00:00+00:00,66824.0,67250.0,66764.0,67080.0,27.73727,596
2026-04-02 17:00:00+00:00,67095.0,67407.0,66663.0,66678.0,24.42277,628
2026-04-02 18:00:00+00:00,66675.0,67067.0,66603.0,66973.0,4.2569,300
2026-04-02 19:00:00+00:00,67000.0,67107.0,66890.0,66978.0,9.58836,289
2026-04-02 20:00:00+00:00,66925.0,67094.0,66810.0,66946.0,2.86104,184
2026-04-02 21:00:00+00:00,66999.0,66999.0,66738.0,66937.0,29.50948,294
2026-04-02 22:00:00+00:00,66913.0,67028.0,66845.0,67011.0,3.43119,187
2026-04-02 23:00:00+00:00,66980.0,67078.0,66849.0,66889.0,4.66678,121
2026-04-03 00:00:00+00:00,66901.0,66988.0,66707.0,66781.0,3.20786,172
2026-04-03 01:00:00+00:00,66781.0,66899.0,66494.0,66606.0,6.77146,254
2026-04-03 02:00:00+00:00,66626.0,66738.0,66287.0,66538.0,5.29477,722
2026-04-03 03:00:00+00:00,66539.0,66723.0,66496.0,66605.0,10.26274,1781
2026-04-03 04:00:00+00:00,66594.0,66690.0,66510.0,66619.0,4.08738,175
2026-04-03 05:00:00+00:00,66606.0,66813.0,66428.0,66592.0,6.15597,1651
2026-04-03 06:00:00+00:00,66619.0,66806.0,66581.0,66803.0,2.44128,122
2026-04-03 07:00:00+00:00,66800.0,67256.0,66785.0,67044.0,5.21774,211
2026-04-03 08:00:00+00:00,67051.0,67290.0,66926.0,66984.0,6.87122,317
2026-04-03 09:00:00+00:00,66971.0,67021.0,66758.0,66855.0,4.20188,263
2026-04-03 10:00:00+00:00,66853.0,66896.0,66700.0,66889.0,3.3161,160
2026-04-03 11:00:00+00:00,66890.0,67043.0,66860.0,67003.0,9.23262,125
2026-04-03 12:00:00+00:00,67024.0,67360.0,66651.0,66729.0,8.50772,410
2026-04-03 13:00:00+00:00,66703.0,66736.0,66526.0,66683.0,6.35789,366
2026-04-03 14:00:00+00:00,66685.0,67001.0,66658.0,66970.0,17.85283,432
2026-04-03 15:00:00+00:00,66943.0,67037.0,66834.0,66853.0,20.41649,245
2026-04-03 16:00:00+00:00,66844.0,67059.0,66838.0,67008.0,51.5965,334
2026-04-03 17:00:00+00:00,67013.0,67064.0,66791.0,66860.0,27.25162,318
2026-04-03 18:00:00+00:00,66851.0,66910.0,66790.0,66823.0,5.74737,125
2026-04-03 19:00:00+00:00,66819.0,66894.0,66778.0,66881.0,1.40321,88
2026-04-03 20:00:00+00:00,66871.0,66911.0,66824.0,66828.0,0.94414,108
2026-04-03 21:00:00+00:00,66829.0,66961.0,66828.0,66956.0,1.33713,201
2026-04-03 22:00:00+00:00,66933.0,66955.0,66844.0,66895.0,1.45238,163
2026-04-03 23:00:00+00:00,66894.0,66945.0,66820.0,66945.0,1.30415,105
2026-04-04 00:00:00+00:00,66951.0,66960.0,66880.0,66883.0,4.3817,117
2026-04-04 01:00:00+00:00,66890.0,66912.0,66829.0,66848.0,2.35099,79
2026-04-04 02:00:00+00:00,66847.0,66913.0,66812.0,66831.0,1.09633,104
2026-04-04 03:00:00+00:00,66852.0,66889.0,66827.0,66827.0,0.80751,113
2026-04-04 04:00:00+00:00,66822.0,66883.0,66772.0,66867.0,6.41049,219
2026-04-04 05:00:00+00:00,66880.0,66945.0,66851.0,66917.0,0.72967,58
2026-04-04 06:00:00+00:00,66931.0,67059.0,66920.0,67020.0,1.44095,73
2026-04-04 07:00:00+00:00,67038.0,67039.0,66953.0,67024.0,1.49484,64
2026-04-04 08:00:00+00:00,67022.0,67050.0,66920.0,66931.0,2.10639,150
2026-04-04 09:00:00+00:00,66936.0,66990.0,66931.0,66978.0,1.22594,78
2026-04-04 10:00:00+00:00,66975.0,67160.0,66926.0,67153.0,4.25226,96
2026-04-04 11:00:00+00:00,67158.0,67219.0,67076.0,67128.0,117.9525,1498
2026-04-04 12:00:00+00:00,67159.0,67177.0,67061.0,67091.0,88.41082,368
2026-04-04 13:00:00+00:00,67095.0,67255.0,67076.0,67224.0,0.90564,68
2026-04-04 14:00:00+00:00,67212.0,67212.0,67035.0,67202.0,5.85937,118
2026-04-04 15:00:00+00:00,67193.0,67518.0,67191.0,67365.0,1.45096,177
2026-04-04 16:00:00+00:00,67385.0,67501.0,67324.0,67353.0,1.61964,75
2026-04-04 17:00:00+00:00,67348.0,67412.0,67291.0,67318.0,2.11021,99
2026-04-04 18:00:00+00:00,67343.0,67375.0,67274.0,67319.0,2.71331,92
2026-04-04 19:00:00+00:00,67302.0,67522.0,67284.0,67284.0,1.95606,130
2026-04-04 20:00:00+00:00,67289.0,67290.0,67193.0,67259.0,1.89342,70
2026-04-04 21:00:00+00:00,67285.0,67437.0,67223.0,67348.0,3.00052,72
2026-04-04 22:00:00+00:00,67348.0,67435.0,67348.0,67388.0,7.78324,152
2026-04-04 23:00:00+00:00,67391.0,67391.0,67258.0,67290.0,2.90094,117
2026-04-05 00:00:00+00:00,67294.0,67299.0,67166.0,67188.0,5.62294,130
2026-04-05 01:00:00+00:00,67206.0,67216.0,67076.0,67095.0,2.22429,150
2026-04-05 02:00:00+00:00,67089.0,67161.0,66989.0,67148.0,1.48511,108
2026-04-05 03:00:00+00:00,67164.0,67181.0,67100.0,67118.0,5.2102,129
2026-04-05 04:00:00+00:00,67114.0,67173.0,67058.0,67088.0,1.24317,121
2026-04-05 05:00:00+00:00,67095.0,67132.0,66892.0,66909.0,2.04577,112
2026-04-05 06:00:00+00:00,66914.0,66928.0,66596.0,66800.0,4.15039,261
2026-04-05 07:00:00+00:00,66795.0,66895.0,66707.0,66799.0,4.81737,293
2026-04-05 08:00:00+00:00,66807.0,66921.0,66800.0,66921.0,3.26087,164
2026-04-05 09:00:00+00:00,66930.0,67039.0,66886.0,67022.0,1.56873,89
2026-04-05 10:00:00+00:00,67018.0,67139.0,66952.0,67036.0,84.22357,792
2026-04-05 11:00:00+00:00,67035.0,67082.0,66970.0,66993.0,60.87007,519
2026-04-05 12:00:00+00:00,66987.0,66987.0,66675.0,66771.0,7.989,245
2026-04-05 13:00:00+00:00,66770.0,66896.0,66694.0,66872.0,2.19173,173
2026-04-05 14:00:00+00:00,66870.0,66952.0,66824.0,66901.0,5.16664,279
2026-04-05 15:00:00+00:00,66906.0,67804.0,66814.0,67292.0,13.40012,747
2026-04-05 16:00:00+00:00,67307.0,67386.0,67169.0,67172.0,3.46083,356
2026-04-05 17:00:00+00:00,67195.0,67382.0,67167.0,67350.0,10.25028,279
2026-04-05 18:00:00+00:00,67350.0,67443.0,67268.0,67378.0,6.99029,286
2026-04-05 19:00:00+00:00,67382.0,67526.0,67276.0,67314.0,2.93773,199
2026-04-05 20:00:00+00:00,67346.0,67688.0,67325.0,67641.0,3.41717,284
2026-04-05 21:00:00+00:00,67642.0,67664.0,67413.0,67521.0,4.29444,299
2026-04-05 22:00:00+00:00,67559.0,68341.0,67349.0,68335.0,28.72597,760
2026-04-05 23:00:00+00:00,68358.0,69107.0,68264.0,68990.0,40.62624,852
2026-04-06 00:00:00+00:00,69008.0,69555.0,69008.0,69054.0,49.6127,994
2026-04-06 01:00:00+00:00,69054.0,69105.0,68775.0,68777.0,30.87999,602
2026-04-06 02:00:00+00:00,68778.0,69370.0,68764.0,69192.0,13.59032,455
2026-04-06 03:00:00+00:00,69194.0,69236.0,69043.0,69076.0,2.47016,292
2026-04-06 04:00:00+00:00,69131.0,69196.0,68957.0,69125.0,4.87185,416
2026-04-06 05:00:00+00:00,69127.0,69234.0,69083.0,69186.0,4.96899,414
2026-04-06 06:00:00+00:00,69170.0,69337.0,68804.0,68964.0,4.21468,393
2026-04-06 07:00:00+00:00,68960.0,69185.0,68831.0,69102.0,3.3998,264
2026-04-06 08:00:00+00:00,69107.0,69336.0,69079.0,69232.0,2.86653,228
2026-04-06 09:00:00+00:00,69219.0,70253.0,69204.0,69723.0,23.75892,585
2026-04-06 10:00:00+00:00,69727.0,69949.0,69697.0,69770.0,25.93999,826
2026-04-06 11:00:00+00:00,69770.0,69770.0,69585.0,69613.0,19.26292,418
2026-04-06 12:00:00+00:00,69620.0,69631.0,69349.0,69351.0,9.90756,185
2026-04-06 13:00:00+00:00,69367.0,69530.0,69250.0,69394.0,6.28686,330
2026-04-06 14:00:00+00:00,69417.0,69804.0,69186.0,69676.0,12.20148,408
2026-04-06 15:00:00+00:00,69654.0,69973.0,69543.0,69957.0,5.01408,265
2026-04-06 16:00:00+00:00,69976.0,70347.0,69802.0,69802.0,11.18501,398
2026-04-06 17:00:00+00:00,69801.0,69801.0,69297.0,69597.0,15.98319,558
2026-04-06 18:00:00+00:00,69592.0,69936.0,69505.0,69911.0,14.69854,342
2026-04-06 19:00:00+00:00,69908.0,69912.0,69615.0,69780.0,5.08019,184
2026-04-06 20:00:00+00:00,69778.0,69999.0,69639.0,69841.0,4.21513,368
2026-04-06 21:00:00+00:00,69841.0,69841.0,69446.0,69524.0,3.33593,369
2026-04-06 22:00:00+00:00,69494.0,69571.0,68831.0,68831.0,3.62881,285
2026-04-06 23:00:00+00:00,68818.0,68914.0,68348.0,68855.0,8.28223,432
2026-04-07 00:00:00+00:00,68852.0,69127.0,68739.0,68785.0,15.304,258
2026-04-07 01:00:00+00:00,68779.0,68886.0,68387.0,68436.0,4.26863,207
2026-04-07 02:00:00+00:00,68419.0,68716.0,68296.0,68680.0,2.64676,123
2026-04-07 03:00:00+00:00,68673.0,68809.0,68651.0,68787.0,4.35184,123
2026-04-07 04:00:00+00:00,68775.0,68977.0,68568.0,68865.0,5.13623,122
2026-04-07 05:00:00+00:00,68878.0,68878.0,68630.0,68636.0,1.22695,90
2026-04-07 06:00:00+00:00,68665.0,68665.0,68449.0,68597.0,7.7586,257
2026-04-07 07:00:00+00:00,68567.0,68687.0,68510.0,68616.0,1.94975,230
2026-04-07 08:00:00+00:00,68617.0,68985.0,68600.0,68958.0,3.28414,189
2026-04-07 09:00:00+00:00,68966.0,69252.0,68966.0,69149.0,3.7916,281
2026-04-07 10:00:00+00:00,69156.0,69164.0,68207.0,68247.0,14.90932,427
2026-04-07 11:00:00+00:00,68222.0,68448.0,68080.0,68348.0,17.76685,329
2026-04-07 12:00:00+00:00,68344.0,68558.0,68093.0,68388.0,12.37143,359
2026-04-07 13:00:00+00:00,68397.0,68643.0,68212.0,68255.0,101.09705,998
2026-04-07 14:00:00+00:00,68251.0,68258.0,67776.0,67866.0,35.98002,638
2026-04-07 15:00:00+00:00,67843.0,68218.0,67731.0,68146.0,31.44109,407
2026-04-07 16:00:00+00:00,68149.0,68426.0,68070.0,68229.0,10.63059,416
2026-04-07 17:00:00+00:00,68228.0,68983.0,68207.0,68735.0,8.19046,313
2026-04-07 18:00:00+00:00,68693.0,68750.0,68352.0,68442.0,6.33397,142
2026-04-07 19:00:00+00:00,68424.0,69096.0,68343.0,69012.0,20.54748,485
2026-04-07 20:00:00+00:00,69032.0,69526.0,69032.0,69300.0,18.46632,388
2026-04-07 21:00:00+00:00,69321.0,70200.0,69321.0,69919.0,43.44807,823
2026-04-07 22:00:00+00:00,70000.0,71499.0,70000.0,71477.0,98.45695,1793
2026-04-07 23:00:00+00:00,71500.0,72718.0,71207.0,71923.0,71.20752,1418
2026-04-08 00:00:00+00:00,71918.0,72096.0,71555.0,71700.0,22.64856,404
2026-04-08 01:00:00+00:00,71705.0,71745.0,71447.0,71456.0,10.50782,270
2026-04-08 02:00:00+00:00,71461.0,71717.0,71247.0,71328.0,19.56818,518
2026-04-08 03:00:00+00:00,71346.0,71464.0,71261.0,71274.0,35.72371,864
2026-04-08 04:00:00+00:00,71275.0,71665.0,71270.0,71555.0,50.26879,1052
2026-04-08 05:00:00+00:00,71570.0,71814.0,71543.0,71717.0,43.65502,1067
2026-04-08 06:00:00+00:00,71718.0,71931.0,71565.0,71714.0,32.56664,1160
2026-04-08 07:00:00+00:00,71722.0,71892.0,71573.0,71628.0,21.75894,901
2026-04-08 08:00:00+00:00,71632.0,71820.0,71632.0,71799.0,57.9486,979
2026-04-08 09:00:00+00:00,71800.0,71954.0,71606.0,71719.0,83.73079,907
2026-04-08 10:00:00+00:00,71719.0,71791.0,71468.0,71491.0,42.73807,1075
2026-04-08 11:00:00+00:00,71466.0,71721.0,71399.0,71670.0,212.61449,2692
2026-04-08 12:00:00+00:00,71692.0,72161.0,71608.0,72079.0,25.67351,1272
2026-04-08 13:00:00+00:00,72082.0,72858.0,71530.0,71621.0,63.11279,2121
2026-04-08 14:00:00+00:00,71651.0,71750.0,70724.0,70902.0,47.36942,1750
2026-04-08 15:00:00+00:00,70917.0,71350.0,70839.0,71310.0,67.62985,1580
2026-04-08 16:00:00+00:00,71321.0,71695.0,71261.0,71615.0,16.16151,580
2026-04-08 17:00:00+00:00,71625.0,71961.0,71515.0,71901.0,9.27751,516
2026-04-08 18:00:00+00:00,71842.0,71878.0,71111.0,71111.0,33.5731,830
2026-04-08 19:00:00+00:00,71103.0,71378.0,71034.0,71321.0,11.91628,438
2026-04-08 20:00:00+00:00,71331.0,71483.0,71292.0,71381.0,12.26806,464
2026-04-08 21:00:00+00:00,71373.0,71733.0,71336.0,71554.0,13.66039,395
2026-04-08 22:00:00+00:00,71554.0,71554.0,71063.0,71069.0,9.20382,354
2026-04-08 23:00:00+00:00,71075.0,71207.0,70916.0,71088.0,29.11087,742
2026-04-09 00:00:00+00:00,71075.0,71141.0,70661.0,70824.0,38.88599,940
2026-04-09 01:00:00+00:00,70815.0,70950.0,70478.0,70922.0,38.12825,880
2026-04-09 02:00:00+00:00,70943.0,71178.0,70826.0,71053.0,15.47582,643
2026-04-09 03:00:00+00:00,71050.0,71103.0,70860.0,71006.0,13.16963,381
2026-04-09 04:00:00+00:00,71002.0,71013.0,70751.0,70793.0,2.14803,211
2026-04-09 05:00:00+00:00,70791.0,71086.0,70749.0,71000.0,16.04811,587
2026-04-09 06:00:00+00:00,71011.0,71090.0,70824.0,71032.0,25.9219,922
2026-04-09 07:00:00+00:00,71032.0,71116.0,70978.0,70997.0,4.77837,194
2026-04-09 08:00:00+00:00,70997.0,71375.0,70888.0,71263.0,23.70744,808
2026-04-09 09:00:00+00:00,71248.0,71554.0,71123.0,71550.0,7.72697,342
2026-04-09 10:00:00+00:00,71546.0,71546.0,71296.0,71296.0,61.29226,1065
2026-04-09 11:00:00+00:00,71289.0,71366.0,71060.0,71173.0,85.97672,1278
2026-04-09 12:00:00+00:00,71181.0,71333.0,71062.0,71286.0,5.05956,264
2026-04-09 13:00:00+00:00,71350.0,71350.0,70650.0,70813.0,7.4845,489
2026-04-09 14:00:00+00:00,70811.0,71259.0,70538.0,71137.0,9.7127,437
2026-04-09 15:00:00+00:00,71132.0,72350.0,70960.0,72138.0,25.11769,890
2026-04-09 16:00:00+00:00,72147.0,72403.0,71758.0,72070.0,29.45255,1353
2026-04-09 17:00:00+00:00,72087.0,72570.0,72081.0,72356.0,46.70192,720
2026-04-09 18:00:00+00:00,72359.0,72359.0,71787.0,71907.0,12.02513,357
2026-04-09 19:00:00+00:00,71878.0,72309.0,71787.0,72122.0,19.59356,591
2026-04-09 20:00:00+00:00,72109.0,72468.0,71999.0,72442.0,14.49837,584
2026-04-09 21:00:00+00:00,72442.0,72713.0,72176.0,72285.0,5.54921,601
2026-04-09 22:00:00+00:00,72328.0,73153.0,71989.0,71989.0,35.91076,979
2026-04-09 23:00:00+00:00,71974.0,72055.0,71618.0,71809.0,26.72267,666
2026-04-10 00:00:00+00:00,71808.0,72026.0,71628.0,71910.0,6.62064,570
2026-04-10 01:00:00+00:00,71979.0,72391.0,71701.0,72182.0,14.87628,647
2026-04-10 02:00:00+00:00,72186.0,72287.0,71951.0,71980.0,15.28848,466
2026-04-10 03:00:00+00:00,71980.0,72044.0,71842.0,71885.0,9.12793,246
2026-04-10 04:00:00+00:00,71930.0,72177.0,71852.0,72135.0,2.9584,165
2026-04-10 05:00:00+00:00,72146.0,72287.0,72033.0,72124.0,37.81859,864
2026-04-10 06:00:00+00:00,72145.0,72206.0,71813.0,71824.0,36.22886,620
2026-04-10 07:00:00+00:00,71808.0,71849.0,71458.0,71483.0,3.7644,196
2026-04-10 08:00:00+00:00,71489.0,71771.0,71441.0,71617.0,43.79232,939
2026-04-10 09:00:00+00:00,71625.0,71878.0,71625.0,71812.0,9.37487,180
2026-04-10 10:00:00+00:00,71807.0,71938.0,71749.0,71914.0,30.13405,617
2026-04-10 11:00:00+00:00,71917.0,72274.0,71912.0,72149.0,25.58196,630
2026-04-10 12:00:00+00:00,72136.0,72453.0,72027.0,72276.0,22.1759,592
2026-04-10 13:00:00+00:00,72268.0,72408.0,71938.0,72352.0,32.26158,644
2026-04-10 14:00:00+00:00,72329.0,73173.0,72329.0,72930.0,24.93942,723
2026-04-10 15:00:00+00:00,72975.0,73312.0,72408.0,72464.0,19.66011,575
2026-04-10 16:00:00+00:00,72476.0,73089.0,72439.0,73041.0,12.13065,372
2026-04-10 17:00:00+00:00,73011.0,73150.0,72839.0,73129.0,7.02596,225
2026-04-10 18:00:00+00:00,73133.0,73172.0,72923.0,73122.0,9.50818,196
2026-04-10 19:00:00+00:00,73167.0,73286.0,72944.0,73259.0,19.73805,263
2026-04-10 20:00:00+00:00,73285.0,73460.0,73107.0,73431.0,9.3145,277
2026-04-10 21:00:00+00:00,73393.0,73393.0,73013.0,73227.0,38.79693,400
2026-04-10 22:00:00+00:00,73228.0,73279.0,72813.0,72913.0,2.71882,132
2026-04-10 23:00:00+00:00,72910.0,73007.0,72823.0,72994.0,9.26866,144
2026-04-11 00:00:00+00:00,72995.0,72996.0,72837.0,72860.0,13.47773,407
2026-04-11 01:00:00+00:00,72871.0,73019.0,72715.0,72975.0,3.49823,158
2026-04-11 02:00:00+00:00,72981.0,73131.0,72950.0,72991.0,3.23132,106
2026-04-11 03:00:00+00:00,72999.0,73117.0,72890.0,72910.0,1.7071,84
2026-04-11 04:00:00+00:00,72872.0,72985.0,72722.0,72857.0,6.58097,553
2026-04-11 05:00:00+00:00,72857.0,72876.0,72723.0,72769.0,1.35107,198
2026-04-11 06:00:00+00:00,72769.0,72804.0,72681.0,72803.0,6.39287,121
2026-04-11 07:00:00+00:00,72802.0,72866.0,72708.0,72759.0,2.39112,91
2026-04-11 08:00:00+00:00,72760.0,72834.0,72675.0,72718.0,6.14859,110
2026-04-11 09:00:00+00:00,72712.0,72950.0,72655.0,72950.0,53.39373,1099
2026-04-11 10:00:00+00:00,72943.0,72953.0,72796.0,72874.0,66.30842,1084
2026-04-11 11:00:00+00:00,72873.0,72955.0,72848.0,72935.0,57.05486,942
2026-04-11 12:00:00+00:00,72942.0,73023.0,72847.0,72965.0,2.97678,342
2026-04-11 13:00:00+00:00,72931.0,72938.0,72561.0,72708.0,9.7116,307
2026-04-11 14:00:00+00:00,72684.0,72775.0,72642.0,72750.0,1.86898,113
2026-04-11 15:00:00+00:00,72740.0,72910.0,72717.0,72890.0,4.97436,137
2026-04-11 16:00:00+00:00,72893.0,73225.0,72857.0,73096.0,3.55098,172
2026-04-11 17:00:00+00:00,73086.0,73202.0,72984.0,73124.0,16.41153,164
2026-04-11 18:00:00+00:00,73106.0,73763.0,73106.0,73589.0,75.34154,628
2026-04-11 19:00:00+00:00,73600.0,73834.0,73517.0,73685.0,25.78597,406
2026-04-11 20:00:00+00:00,73698.0,73698.0,73276.0,73340.0,8.33729,178
2026-04-11 21:00:00+00:00,73350.0,73563.0,73249.0,73474.0,11.84122,230
2026-04-11 22:00:00+00:00,73448.0,73609.0,73286.0,73413.0,5.08981,141
2026-04-11 23:00:00+00:00,73413.0,73413.0,72963.0,73078.0,6.68495,288
2026-04-12 00:00:00+00:00,73082.0,73139.0,72930.0,73105.0,1.97536,94
2026-04-12 01:00:00+00:00,73140.0,73152.0,71373.0,71677.0,94.08109,1501
2026-04-12 02:00:00+00:00,71673.0,71973.0,71400.0,71825.0,9.30246,245
2026-04-12 03:00:00+00:00,71798.0,71895.0,71665.0,71678.0,1.85573,103
2026-04-12 04:00:00+00:00,71645.0,71688.0,71480.0,71499.0,5.34286,135
2026-04-12 05:00:00+00:00,71514.0,71824.0,71473.0,71756.0,2.88645,98
2026-04-12 06:00:00+00:00,71741.0,71802.0,71685.0,71693.0,5.48739,132
2026-04-12 07:00:00+00:00,71698.0,71779.0,71633.0,71732.0,4.25159,150
2026-04-12 08:00:00+00:00,71746.0,71817.0,71653.0,71674.0,44.06149,315
2026-04-12 09:00:00+00:00,71671.0,71675.0,71560.0,71578.0,4.1134,215
2026-04-12 10:00:00+00:00,71578.0,71722.0,71397.0,71476.0,15.30251,310
2026-04-12 11:00:00+00:00,71480.0,71567.0,71456.0,71501.0,4.80205,158
2026-04-12 12:00:00+00:00,71496.0,71518.0,71112.0,71112.0,18.66193,382
2026-04-12 13:00:00+00:00,71100.0,71158.0,70909.0,70917.0,10.05347,359
2026-04-12 14:00:00+00:00,70916.0,71144.0,70748.0,70798.0,59.69197,447
2026-04-12 15:00:00+00:00,70803.0,70951.0,70657.0,70914.0,8.90209,274
2026-04-12 16:00:00+00:00,70910.0,70982.0,70851.0,70927.0,11.48617,179
2026-04-12 17:00:00+00:00,70979.0,71225.0,70965.0,71131.0,8.07277,268
2026-04-12 18:00:00+00:00,71183.0,71234.0,71087.0,71171.0,5.27849,286
2026-04-12 19:00:00+00:00,71175.0,71248.0,71105.0,71114.0,2.49777,188
2026-04-12 20:00:00+00:00,71119.0,71455.0,70974.0,71364.0,4.67059,298
2026-04-12 21:00:00+00:00,71364.0,71471.0,71194.0,71373.0,6.34995,266
2026-04-12 22:00:00+00:00,71373.0,71376.0,70546.0,70936.0,5.00906,435
2026-04-12 23:00:00+00:00,70911.0,70911.0,70598.0,70748.0,3.50696,303
2026-04-13 00:00:00+00:00,70752.0,71272.0,70634.0,71181.0,1.79113,302
2026-04-13 01:00:00+00:00,71197.0,71240.0,71057.0,71240.0,4.55687,251
2026-04-13 02:00:00+00:00,71247.0,71277.0,71023.0,71083.0,2.09554,247
2026-04-13 03:00:00+00:00,71099.0,71146.0,70941.0,71012.0,1.52442,122
2026-04-13 04:00:00+00:00,71016.0,71146.0,70880.0,70917.0,1.44089,216
2026-04-13 05:00:00+00:00,70912.0,70936.0,70700.0,70874.0,1.64025,294
2026-04-13 06:00:00+00:00,70898.0,71099.0,70894.0,71051.0,3.478,184
2026-04-13 07:00:00+00:00,71072.0,71072.0,70710.0,70841.0,5.22449,127
2026-04-13 08:00:00+00:00,70835.0,70874.0,70617.0,70704.0,2.90731,168
2026-04-13 09:00:00+00:00,70726.0,70920.0,70690.0,70814.0,5.18224,159
2026-04-13 10:00:00+00:00,70815.0,70855.0,70738.0,70738.0,10.37943,237
2026-04-13 11:00:00+00:00,70744.0,70996.0,70744.0,70944.0,50.56655,1158
2026-04-13 12:00:00+00:00,70945.0,71235.0,70801.0,71113.0,8.10653,283
2026-04-13 13:00:00+00:00,71122.0,71714.0,70851.0,71682.0,10.97404,569
2026-04-13 14:00:00+00:00,71697.0,72446.0,71433.0,72443.0,22.73974,894
2026-04-13 15:00:00+00:00,72443.0,72500.0,71702.0,71897.0,24.64408,1136
2026-04-13 16:00:00+00:00,71893.0,72469.0,71717.0,72243.0,25.36628,814
2026-04-13 17:00:00+00:00,72247.0,72611.0,72113.0,72183.0,18.54095,565
2026-04-13 18:00:00+00:00,72183.0,72503.0,72114.0,72469.0,14.29335,287
2026-04-13 19:00:00+00:00,72441.0,73511.0,72350.0,73384.0,33.45616,804
2026-04-13 20:00:00+00:00,73378.0,73429.0,73062.0,73188.0,18.88145,679
2026-04-13 21:00:00+00:00,73193.0,73398.0,73138.0,73224.0,8.14313,431
2026-04-13 22:00:00+00:00,73224.0,74763.0,73224.0,74679.0,37.3254,1733
2026-04-13 23:00:00+00:00,74674.0,74920.0,74447.0,74451.0,23.64593,652
2026-04-14 00:00:00+00:00,74450.0,74551.0,74158.0,74185.0,13.61702,558
2026-04-14 01:00:00+00:00,74152.0,74475.0,74055.0,74436.0,4.45862,257
2026-04-14 02:00:00+00:00,74437.0,74598.0,74339.0,74408.0,6.04811,265
2026-04-14 03:00:00+00:00,74358.0,74534.0,74312.0,74510.0,11.69722,356
2026-04-14 04:00:00+00:00,74502.0,74546.0,74406.0,74418.0,7.51688,281
2026-04-14 05:00:00+00:00,74425.0,74450.0,74209.0,74253.0,1.82607,231
2026-04-14 06:00:00+00:00,74276.0,74596.0,74276.0,74587.0,24.20001,741
2026-04-14 07:00:00+00:00,74586.0,74963.0,74519.0,74578.0,8.73905,410
2026-04-14 08:00:00+00:00,74597.0,74950.0,74526.0,74806.0,38.81693,420
2026-04-14 09:00:00+00:00,74812.0,74890.0,74487.0,74550.0,32.79159,686
2026-04-14 10:00:00+00:00,74550.0,74654.0,74379.0,74415.0,20.81789,972
2026-04-14 11:00:00+00:00,74415.0,74500.0,74336.0,74409.0,151.56395,1802
2026-04-14 12:00:00+00:00,74417.0,74500.0,74314.0,74473.0,17.75887,458
2026-04-14 13:00:00+00:00,74486.0,75577.0,74438.0,75576.0,35.99418,1364
2026-04-14 14:00:00+00:00,75576.0,76091.0,75100.0,75100.0,48.23534,1740
2026-04-14 15:00:00+00:00,75091.0,75480.0,74638.0,75366.0,29.65854,778
2026-04-14 16:00:00+00:00,75396.0,75722.0,74565.0,74692.0,31.07609,1605
2026-04-14 17:00:00+00:00,74691.0,74983.0,74300.0,74787.0,16.27355,1405
2026-04-14 18:00:00+00:00,74795.0,74854.0,73889.0,74149.0,58.39997,1079
2026-04-14 19:00:00+00:00,74150.0,74448.0,73951.0,74283.0,14.14629,827
2026-04-14 20:00:00+00:00,74301.0,74491.0,74069.0,74134.0,7.55962,460
2026-04-14 21:00:00+00:00,74180.0,74344.0,73997.0,74328.0,11.41108,417
2026-04-14 22:00:00+00:00,74281.0,74413.0,73882.0,74070.0,5.12596,396
2026-04-14 23:00:00+00:00,74090.0,74263.0,74044.0,74186.0,1.55975,303
2026-04-15 00:00:00+00:00,74176.0,74723.0,74165.0,74603.0,44.51459,1099
2026-04-15 01:00:00+00:00,74591.0,74812.0,74538.0,74650.0,1.89358,389
2026-04-15 02:00:00+00:00,74643.0,74719.0,74236.0,74376.0,2.846,228
2026-04-15 03:00:00+00:00,74341.0,74400.0,74212.0,74382.0,8.48988,111
2026-04-15 04:00:00+00:00,74382.0,74461.0,74315.0,74367.0,5.66593,169
2026-04-15 05:00:00+00:00,74374.0,74448.0,73927.0,74062.0,9.47534,173
2026-04-15 06:00:00+00:00,74054.0,74062.0,73888.0,73914.0,9.20948,242
2026-04-15 07:00:00+00:00,73929.0,74043.0,73573.0,73807.0,5.31232,264
2026-04-15 08:00:00+00:00,73766.0,74209.0,73728.0,74156.0,4.17734,128
2026-04-15 09:00:00+00:00,74161.0,74195.0,73942.0,74045.0,6.50584,107
2026-04-15 10:00:00+00:00,74057.0,74298.0,73842.0,73884.0,40.29179,292
2026-04-15 11:00:00+00:00,73915.0,74284.0,73910.0,74236.0,6.17671,235
2026-04-15 12:00:00+00:00,74242.0,74482.0,74101.0,74309.0,9.83138,233
2026-04-15 13:00:00+00:00,74301.0,74453.0,73844.0,74104.0,23.03126,474
2026-04-15 14:00:00+00:00,74080.0,74532.0,73862.0,74162.0,8.26926,547
2026-04-15 15:00:00+00:00,74163.0,74306.0,73600.0,73859.0,12.28064,513
2026-04-15 16:00:00+00:00,73789.0,74176.0,73789.0,73949.0,12.36205,438
2026-04-15 17:00:00+00:00,73972.0,74243.0,73938.0,74132.0,8.96451,431
2026-04-15 18:00:00+00:00,74123.0,74419.0,74096.0,74415.0,9.35817,443
2026-04-15 19:00:00+00:00,74400.0,75295.0,74389.0,75024.0,28.36114,830
2026-04-15 20:00:00+00:00,75055.0,75075.0,74568.0,74910.0,98.09008,848
2026-04-15 21:00:00+00:00,74910.0,74920.0,74586.0,74770.0,36.57497,801
2026-04-15 22:00:00+00:00,74785.0,75420.0,74770.0,74987.0,28.86928,719
2026-04-15 23:00:00+00:00,74971.0,74973.0,74647.0,74835.0,22.16873,777
2026-04-16 00:00:00+00:00,74837.0,74880.0,74487.0,74838.0,10.96044,425
2026-04-16 01:00:00+00:00,74802.0,74802.0,74493.0,74661.0,25.12212,760
2026-04-16 02:00:00+00:00,74659.0,75280.0,74631.0,74963.0,13.54499,512
2026-04-16 03:00:00+00:00,74899.0,75148.0,74892.0,74912.0,26.49716,654
2026-04-16 04:00:00+00:00,74897.0,75182.0,74761.0,74963.0,33.61423,929
2026-04-16 05:00:00+00:00,74948.0,75144.0,74921.0,75073.0,33.41945,820
2026-04-16 06:00:00+00:00,75093.0,75148.0,74887.0,75052.0,15.37713,437
2026-04-16 07:00:00+00:00,75036.0,75103.0,74675.0,74741.0,11.02904,354
2026-04-16 08:00:00+00:00,74732.0,74783.0,74548.0,74692.0,9.31899,298
2026-04-16 09:00:00+00:00,74691.0,74924.0,74613.0,74613.0,26.88257,697
2026-04-16 10:00:00+00:00,74611.0,74658.0,74291.0,74329.0,95.69842,1491
2026-04-16 11:00:00+00:00,74335.0,74610.0,74312.0,74601.0,66.81708,1241
2026-04-16 12:00:00+00:00,74610.0,74875.0,74610.0,74650.0,4.72357,251
2026-04-16 13:00:00+00:00,74638.0,75019.0,73345.0,73800.0,41.42348,1405
2026-04-16 14:00:00+00:00,73799.0,74199.0,73459.0,73975.0,24.09003,734
2026-04-16 15:00:00+00:00,73986.0,74881.0,73971.0,74713.0,56.29675,933
2026-04-16 16:00:00+00:00,74733.0,74954.0,74107.0,74217.0,40.65614,622
2026-04-16 17:00:00+00:00,74212.0,74434.0,73942.0,74242.0,50.40215,636
2026-04-16 18:00:00+00:00,74371.0,75092.0,74257.0,75058.0,13.21245,356
2026-04-16 19:00:00+00:00,75086.0,75419.0,74760.0,75379.0,12.71751,389
2026-04-16 20:00:00+00:00,75419.0,75528.0,75031.0,75231.0,20.2592,502
2026-04-16 21:00:00+00:00,75272.0,75287.0,74833.0,74948.0,2.32678,221
2026-04-16 22:00:00+00:00,74951.0,75136.0,74856.0,74894.0,4.8802,265
2026-04-16 23:00:00+00:00,74890.0,75200.0,74866.0,75200.0,7.38135,266
2026-04-17 00:00:00+00:00,75177.0,75187.0,74910.0,74973.0,15.23319,283
2026-04-17 01:00:00+00:00,74958.0,75057.0,74597.0,74770.0,91.10086,896
2026-04-17 02:00:00+00:00,74754.0,74829.0,74567.0,74714.0,7.43373,308
2026-04-17 03:00:00+00:00,74720.0,74851.0,74645.0,74657.0,23.81389,366
2026-04-17 04:00:00+00:00,74671.0,74891.0,74640.0,74802.0,7.58926,222
2026-04-17 05:00:00+00:00,74803.0,74816.0,74602.0,74659.0,58.29219,1004
2026-04-17 06:00:00+00:00,74653.0,74960.0,74616.0,74945.0,45.92271,792
2026-04-17 07:00:00+00:00,74984.0,75123.0,74964.0,75066.0,31.92859,305
2026-04-17 08:00:00+00:00,75100.0,75888.0,75018.0,75784.0,19.7873,423
2026-04-17 09:00:00+00:00,75815.0,76358.0,75553.0,75824.0,97.76286,1271
2026-04-17 10:00:00+00:00,75811.0,75908.0,75131.0,75302.0,47.6527,1047
2026-04-17 11:00:00+00:00,75297.0,75625.0,75278.0,75625.0,41.60039,560
2026-04-17 12:00:00+00:00,75632.0,76294.0,75609.0,76274.0,32.99047,446
2026-04-17 13:00:00+00:00,76270.0,77447.0,76070.0,77372.0,108.97935,2125
2026-04-17 14:00:00+00:00,77413.0,78115.0,77087.0,77940.0,60.71086,1215
2026-04-17 15:00:00+00:00,77961.0,78034.0,77363.0,77819.0,62.57917,1298
2026-04-17 16:00:00+00:00,77820.0,78346.0,77754.0,77905.0,31.09429,1191
2026-04-17 17:00:00+00:00,77905.0,77952.0,77141.0,77555.0,16.74069,865
2026-04-17 18:00:00+00:00,77543.0,77568.0,77119.0,77205.0,6.78678,572
2026-04-17 19:00:00+00:00,77205.0,77506.0,77063.0,77490.0,15.65905,617
2026-04-17 20:00:00+00:00,77473.0,77644.0,77197.0,77385.0,8.21118,407
2026-04-17 21:00:00+00:00,77376.0,77533.0,77314.0,77467.0,6.81995,510
2026-04-17 22:00:00+00:00,77459.0,77539.0,77307.0,77329.0,4.78274,351
2026-04-17 23:00:00+00:00,77321.0,77321.0,76956.0,77112.0,6.03596,291
2026-04-18 00:00:00+00:00,77106.0,77295.0,77026.0,77191.0,56.18058,850
2026-04-18 01:00:00+00:00,77180.0,77356.0,77167.0,77252.0,3.55159,261
2026-04-18 02:00:00+00:00,77251.0,77425.0,77164.0,77316.0,14.98041,432
2026-04-18 03:00:00+00:00,77304.0,77310.0,76996.0,77025.0,15.14808,354
2026-04-18 04:00:00+00:00,77010.0,77189.0,76944.0,77140.0,7.6503,210
2026-04-18 05:00:00+00:00,77153.0,77274.0,77141.0,77172.0,28.46869,671
2026-04-18 06:00:00+00:00,77177.0,77256.0,77104.0,77189.0,17.75921,547
2026-04-18 07:00:00+00:00,77179.0,77179.0,76943.0,77024.0,8.0668,501
2026-04-18 08:00:00+00:00,77031.0,77079.0,76535.0,76763.0,13.57674,632
2026-04-18 09:00:00+00:00,76735.0,76744.0,76476.0,76626.0,2.20337,346
2026-04-18 10:00:00+00:00,76603.0,76603.0,76186.0,76227.0,6.41051,345
2026-04-18 11:00:00+00:00,76204.0,76204.0,75815.0,76082.0,11.75587,408
2026-04-18 12:00:00+00:00,76086.0,76318.0,76086.0,76248.0,5.04248,345
2026-04-18 13:00:00+00:00,76245.0,76245.0,75848.0,76146.0,6.74497,417
2026-04-18 14:00:00+00:00,76163.0,76300.0,76007.0,76284.0,14.38666,429
2026-04-18 15:00:00+00:00,76276.0,76391.0,76059.0,76204.0,4.02865,462
2026-04-18 16:00:00+00:00,76181.0,76256.0,75747.0,75980.0,5.29502,390
2026-04-18 17:00:00+00:00,75951.0,75970.0,75829.0,75873.0,8.04324,224
2026-04-18 18:00:00+00:00,75872.0,75872.0,75500.0,75680.0,15.54242,285
2026-04-18 19:00:00+00:00,75675.0,75817.0,75616.0,75699.0,3.12492,223
2026-04-18 20:00:00+00:00,75696.0,75858.0,75648.0,75770.0,4.54652,95
2026-04-18 21:00:00+00:00,75786.0,75869.0,75638.0,75837.0,2.58048,75
2026-04-18 22:00:00+00:00,75816.0,75900.0,75651.0,75860.0,4.84148,87
2026-04-18 23:00:00+00:00,75865.0,75911.0,75742.0,75747.0,2.27164,75
2026-04-19 00:00:00+00:00,75736.0,75877.0,75605.0,75703.0,2.76053,92
2026-04-19 01:00:00+00:00,75740.0,75793.0,75530.0,75661.0,3.45032,92
2026-04-19 02:00:00+00:00,75661.0,75729.0,75469.0,75552.0,4.09461,227
2026-04-19 03:00:00+00:00,75519.0,75663.0,75401.0,75551.0,3.47921,214
2026-04-19 04:00:00+00:00,75551.0,75790.0,75455.0,75695.0,5.41772,249
2026-04-19 05:00:00+00:00,75696.0,75720.0,75554.0,75579.0,1.09467,180
2026-04-19 06:00:00+00:00,75579.0,75580.0,75331.0,75422.0,14.42894,247
2026-04-19 07:00:00+00:00,75417.0,75419.0,74945.0,75287.0,16.26445,383
2026-04-19 08:00:00+00:00,75276.0,75331.0,75126.0,75278.0,12.48005,203
2026-04-19 09:00:00+00:00,75278.0,75287.0,74983.0,75028.0,10.19526,184
2026-04-19 10:00:00+00:00,75030.0,75266.0,75005.0,75257.0,2.63829,108
2026-04-19 11:00:00+00:00,75267.0,75648.0,75249.0,75632.0,2.57333,139
2026-04-19 12:00:00+00:00,75632.0,75734.0,75500.0,75607.0,12.91598,402
2026-04-19 13:00:00+00:00,75601.0,76286.0,75601.0,75942.0,23.99578,513
2026-04-19 14:00:00+00:00,75982.0,76170.0,75725.0,76067.0,13.48572,369
2026-04-19 15:00:00+00:00,76072.0,76189.0,75459.0,75856.0,30.45962,539
2026-04-19 16:00:00+00:00,75895.0,75896.0,75360.0,75407.0,35.92723,549
2026-04-19 17:00:00+00:00,75375.0,75411.0,74698.0,74804.0,48.98629,865
2026-04-19 18:00:00+00:00,74822.0,74921.0,74662.0,74826.0,41.35179,473
2026-04-19 19:00:00+00:00,74864.0,75089.0,74864.0,75017.0,7.9534,140
2026-04-19 20:00:00+00:00,74983.0,74983.0,74483.0,74677.0,50.8717,712
2026-04-19 21:00:00+00:00,74672.0,74853.0,74421.0,74502.0,13.12184,338
2026-04-19 22:00:00+00:00,74473.0,74473.0,73820.0,74100.0,30.30651,744
2026-04-19 23:00:00+00:00,74062.0,74069.0,73842.0,73842.0,6.95561,147
2026-04-20 00:00:00+00:00,73830.0,74374.0,73789.0,74321.0,8.00405,327
2026-04-20 01:00:00+00:00,74313.0,74789.0,74263.0,74642.0,27.0748,774
2026-04-20 02:00:00+00:00,74648.0,74652.0,74359.0,74474.0,9.29012,334
2026-04-20 03:00:00+00:00,74460.0,74687.0,74412.0,74685.0,16.48329,438
2026-04-20 04:00:00+00:00,74692.0,74692.0,74493.0,74620.0,10.31621,222
2026-04-20 05:00:00+00:00,74607.0,74608.0,74153.0,74304.0,15.53718,173
2026-04-20 06:00:00+00:00,74326.0,74914.0,74299.0,74850.0,6.25572,257
2026-04-20 07:00:00+00:00,74855.0,75589.0,74732.0,74865.0,22.32166,568
2026-04-20 08:00:00+00:00,74872.0,75031.0,74664.0,74766.0,4.88365,121
2026-04-20 09:00:00+00:00,74755.0,75267.0,74750.0,75110.0,7.32307,136
2026-04-20 10:00:00+00:00,75125.0,75431.0,75045.0,75045.0,11.27655,151
2026-04-20 11:00:00+00:00,75067.0,75318.0,74988.0,75217.0,6.49766,281
2026-04-20 12:00:00+00:00,75198.0,75669.0,75121.0,75284.0,9.33748,301
2026-04-20 13:00:00+00:00,75328.0,75460.0,74943.0,75317.0,17.41179,432
2026-04-20 14:00:00+00:00,75316.0,75788.0,74987.0,75051.0,22.76012,607
2026-04-20 15:00:00+00:00,75081.0,75796.0,74778.0,75746.0,48.25441,679
2026-04-20 16:00:00+00:00,75750.0,75750.0,75328.0,75335.0,11.53668,297
2026-04-20 17:00:00+00:00,75382.0,76011.0,75332.0,75967.0,9.09407,396
2026-04-20 18:00:00+00:00,75967.0,76499.0,75966.0,76459.0,16.00419,627
2026-04-20 19:00:00+00:00,76490.0,76515.0,76209.0,76327.0,5.34974,306
2026-04-20 20:00:00+00:00,76350.0,76608.0,76177.0,76342.0,10.99682,378
2026-04-20 21:00:00+00:00,76343.0,76394.0,75828.0,76001.0,33.91933,438
2026-04-20 22:00:00+00:00,76015.0,76155.0,75955.0,76018.0,4.17765,163
2026-04-20 23:00:00+00:00,76017.0,76017.0,75673.0,75881.0,2.02641,243
2026-04-21 00:00:00+00:00,75879.0,76151.0,75748.0,76147.0,12.79912,325
2026-04-21 01:00:00+00:00,76094.0,76281.0,75910.0,75960.0,15.03358,321
2026-04-21 02:00:00+00:00,75956.0,75956.0,75612.0,75617.0,57.29509,498
2026-04-21 03:00:00+00:00,75603.0,75759.0,75526.0,75759.0,46.67264,977
2026-04-21 04:00:00+00:00,75763.0,75864.0,75653.0,75860.0,15.38514,285
2026-04-21 05:00:00+00:00,75859.0,76049.0,75844.0,75858.0,22.04654,368
2026-04-21 06:00:00+00:00,75863.0,76173.0,75764.0,76022.0,32.32737,545
2026-04-21 07:00:00+00:00,76025.0,76334.0,75898.0,76138.0,27.9451,471
2026-04-21 08:00:00+00:00,76138.0,76900.0,76135.0,76560.0,26.91372,549
2026-04-21 09:00:00+00:00,76560.0,76605.0,76214.0,76407.0,13.42332,300
2026-04-21 10:00:00+00:00,76418.0,76900.0,76412.0,76804.0,11.00008,249
2026-04-21 11:00:00+00:00,76795.0,76795.0,76391.0,76521.0,12.44743,412
2026-04-21 12:00:00+00:00,76499.0,76561.0,75815.0,76081.0,63.33376,842
2026-04-21 13:00:00+00:00,76085.0,76218.0,75823.0,75965.0,40.39391,476
2026-04-21 14:00:00+00:00,75938.0,76616.0,75704.0,75709.0,34.1082,686
2026-04-21 15:00:00+00:00,75711.0,76001.0,75500.0,75864.0,26.51969,613
2026-04-21 16:00:00+00:00,75890.0,76192.0,75816.0,75819.0,28.67842,523
2026-04-21 17:00:00+00:00,75824.0,75917.0,75108.0,75570.0,39.14852,825
2026-04-21 18:00:00+00:00,75549.0,75670.0,75319.0,75621.0,12.72064,334
2026-04-21 19:00:00+00:00,75636.0,75916.0,74862.0,75035.0,11.37709,422
2026-04-21 20:00:00+00:00,75033.0,75869.0,74995.0,75770.0,28.78714,584
2026-04-21 21:00:00+00:00,75759.0,75789.0,75482.0,75572.0,4.37311,110
2026-04-21 22:00:00+00:00,75520.0,75651.0,75353.0,75651.0,3.12228,98
2026-04-21 23:00:00+00:00,75651.0,76422.0,75651.0,76354.0,5.88216,208
2026-04-22 00:00:00+00:00,76353.0,76536.0,76248.0,76392.0,20.07782,572
2026-04-22 01:00:00+00:00,76341.0,76449.0,76157.0,76327.0,9.94612,305
2026-04-22 02:00:00+00:00,76334.0,77648.0,76264.0,77627.0,22.99488,807
2026-04-22 03:00:00+00:00,77650.0,77736.0,77433.0,77567.0,81.11006,980
2026-04-22 04:00:00+00:00,77560.0,77719.0,77410.0,77505.0,20.05307,579
2026-04-22 05:00:00+00:00,77545.0,78443.0,77480.0,78004.0,28.44101,1029
2026-04-22 06:00:00+00:00,78013.0,78051.0,77915.0,78021.0,7.63599,550
2026-04-22 07:00:00+00:00,78020.0,78121.0,77849.0,78012.0,29.65899,477
2026-04-22 08:00:00+00:00,78045.0,78216.0,77982.0,78080.0,23.05741,360
2026-04-22 09:00:00+00:00,78026.0,78216.0,77995.0,78052.0,12.9481,545
2026-04-22 10:00:00+00:00,78055.0,78198.0,77979.0,78198.0,10.29242,706
2026-04-22 11:00:00+00:00,78198.0,78421.0,78141.0,78324.0,57.51297,1305
2026-04-22 12:00:00+00:00,78337.0,78521.0,78168.0,78297.0,15.86192,478
2026-04-22 13:00:00+00:00,78287.0,78871.0,78203.0,78871.0,30.15511,806
2026-04-22 14:00:00+00:00,78872.0,79195.0,78644.0,79104.0,36.05801,1412
2026-04-22 15:00:00+00:00,79104.0,79429.0,78896.0,79313.0,46.27137,978
2026-04-22 16:00:00+00:00,79313.0,79491.0,78696.0,78768.0,16.71317,595
2026-04-22 17:00:00+00:00,78775.0,79073.0,78747.0,78937.0,7.54275,352
2026-04-22 18:00:00+00:00,78952.0,79167.0,78859.0,79059.0,14.88839,483
2026-04-22 19:00:00+00:00,79023.0,79106.0,78754.0,78879.0,25.84632,418
2026-04-22 20:00:00+00:00,78914.0,78949.0,78477.0,78480.0,106.47822,1118
2026-04-22 21:00:00+00:00,78480.0,78862.0,78477.0,78797.0,33.00606,636
2026-04-22 22:00:00+00:00,78792.0,78865.0,78508.0,78629.0,4.72047,217
2026-04-22 23:00:00+00:00,78637.0,78638.0,78193.0,78216.0,28.93649,664
2026-04-23 00:00:00+00:00,78215.0,78572.0,77653.0,78430.0,38.07961,974
2026-04-23 01:00:00+00:00,78376.0,78482.0,78120.0,78404.0,7.30018,135
2026-04-23 02:00:00+00:00,78381.0,78387.0,77826.0,78030.0,8.13392,173
2026-04-23 03:00:00+00:00,77937.0,78036.0,77545.0,77751.0,38.66782,649
2026-04-23 04:00:00+00:00,77750.0,77957.0,77712.0,77949.0,20.89694,459
2026-04-23 05:00:00+00:00,77961.0,78121.0,77799.0,78046.0,13.61036,201
2026-04-23 06:00:00+00:00,78105.0,78370.0,78086.0,78247.0,4.12004,188
2026-04-23 07:00:00+00:00,78247.0,78282.0,78020.0,78077.0,26.24608,722
2026-04-23 08:00:00+00:00,78071.0,78213.0,77770.0,77890.0,14.24648,353
2026-04-23 09:00:00+00:00,77891.0,77900.0,77476.0,77659.0,46.90844,1140
2026-04-23 10:00:00+00:00,77681.0,77694.0,77246.0,77440.0,51.93532,655
2026-04-23 11:00:00+00:00,77488.0,77751.0,77424.0,77751.0,51.08573,742
2026-04-23 12:00:00+00:00,77751.0,77892.0,77600.0,77840.0,11.79275,234
2026-04-23 13:00:00+00:00,77896.0,77907.0,77431.0,77572.0,12.69417,367
2026-04-23 14:00:00+00:00,77531.0,78238.0,77475.0,78221.0,11.60684,456
2026-04-23 15:00:00+00:00,78220.0,78699.0,78025.0,78424.0,7.95885,647
2026-04-23 16:00:00+00:00,78447.0,78548.0,78071.0,78147.0,9.97852,467
2026-04-23 17:00:00+00:00,78138.0,78228.0,77018.0,77814.0,74.01619,1268
2026-04-23 18:00:00+00:00,77837.0,78177.0,77735.0,77749.0,12.51359,350
2026-04-23 19:00:00+00:00,77748.0,77919.0,77654.0,77746.0,6.31815,155
2026-04-23 20:00:00+00:00,77704.0,78074.0,77704.0,77915.0,6.67686,244
2026-04-23 21:00:00+00:00,77898.0,78087.0,77838.0,77933.0,5.97238,118
2026-04-23 22:00:00+00:00,77913.0,78352.0,77913.0,78275.0,13.14071,209
2026-04-23 23:00:00+00:00,78270.0,78320.0,78075.0,78291.0,28.45498,576
2026-04-24 00:00:00+00:00,78291.0,78548.0,78202.0,78432.0,21.91547,493
2026-04-24 01:00:00+00:00,78374.0,78484.0,78010.0,78484.0,6.09969,176
2026-04-24 02:00:00+00:00,78477.0,78578.0,78136.0,78192.0,4.45068,211
2026-04-24 03:00:00+00:00,78208.0,78209.0,77615.0,77779.0,13.26735,434
2026-04-24 04:00:00+00:00,77763.0,77899.0,77541.0,77717.0,14.72452,501
2026-04-24 05:00:00+00:00,77705.0,78069.0,77505.0,77986.0,21.05479,814
2026-04-24 06:00:00+00:00,78013.0,78013.0,77807.0,77830.0,42.47635,1127
2026-04-24 07:00:00+00:00,77824.0,77886.0,77598.0,77690.0,18.63437,585
2026-04-24 08:00:00+00:00,77690.0,78030.0,77622.0,77825.0,43.25061,712
2026-04-24 09:00:00+00:00,77836.0,77851.0,77467.0,77570.0,61.15944,902
2026-04-24 10:00:00+00:00,77556.0,77835.0,77497.0,77796.0,25.07749,787
2026-04-24 11:00:00+00:00,77798.0,78410.0,77794.0,78261.0,44.46265,1262
2026-04-24 12:00:00+00:00,78262.0,78360.0,78060.0,78286.0,2.82412,299
2026-04-24 13:00:00+00:00,78303.0,78454.0,77957.0,78118.0,17.44776,546
2026-04-24 14:00:00+00:00,78117.0,78117.0,77737.0,78072.0,37.46296,803
2026-04-24 15:00:00+00:00,78023.0,78257.0,77641.0,78070.0,8.0957,289
2026-04-24 16:00:00+00:00,78093.0,78093.0,77620.0,77805.0,7.55587,317
2026-04-24 17:00:00+00:00,77800.0,77832.0,77515.0,77713.0,7.31263,322
2026-04-24 18:00:00+00:00,77702.0,77751.0,77408.0,77654.0,2.29424,260
2026-04-24 19:00:00+00:00,77655.0,77763.0,77557.0,77643.0,5.52245,255
2026-04-24 20:00:00+00:00,77656.0,77777.0,77499.0,77755.0,3.84958,255
2026-04-24 21:00:00+00:00,77734.0,77788.0,77575.0,77575.0,12.26314,341
2026-04-24 22:00:00+00:00,77573.0,77646.0,77300.0,77360.0,34.97442,676
2026-04-24 23:00:00+00:00,77378.0,77478.0,77361.0,77461.0,7.8558,264
2026-04-25 00:00:00+00:00,77461.0,77511.0,77346.0,77484.0,1.82131,273
2026-04-25 01:00:00+00:00,77505.0,77630.0,77464.0,77581.0,0.5738,182
2026-04-25 02:00:00+00:00,77597.0,77680.0,77541.0,77646.0,0.57043,30
2026-04-25 03:00:00+00:00,77648.0,77736.0,77609.0,77683.0,1.38109,74
2026-04-25 04:00:00+00:00,77690.0,77728.0,77640.0,77648.0,1.08887,43
2026-04-25 05:00:00+00:00,77664.0,77664.0,77518.0,77559.0,16.80188,468
2026-04-25 06:00:00+00:00,77558.0,77594.0,77514.0,77552.0,27.06021,493
2026-04-25 07:00:00+00:00,77503.0,77582.0,77487.0,77533.0,1.25771,73
2026-04-25 08:00:00+00:00,77512.0,77695.0,77512.0,77654.0,31.00544,639
2026-04-25 09:00:00+00:00,77673.0,77803.0,77633.0,77741.0,54.66683,547
2026-04-25 10:00:00+00:00,77749.0,77899.0,77749.0,77813.0,3.76223,218
2026-04-25 11:00:00+00:00,77814.0,77814.0,77643.0,77707.0,80.33846,941
2026-04-25 12:00:00+00:00,77687.0,77745.0,77582.0,77595.0,1.29262,173
2026-04-25 13:00:00+00:00,77600.0,77747.0,77600.0,77734.0,1.39568,241
2026-04-25 14:00:00+00:00,77734.0,77794.0,77679.0,77699.0,1.28531,231
2026-04-25 15:00:00+00:00,77699.0,77757.0,77357.0,77357.0,4.59635,344
2026-04-25 16:00:00+00:00,77356.0,77477.0,77202.0,77415.0,18.42643,398
2026-04-25 17:00:00+00:00,77407.0,77424.0,77258.0,77260.0,9.20106,133
2026-04-25 18:00:00+00:00,77302.0,77395.0,77292.0,77332.0,1.96826,76
2026-04-25 19:00:00+00:00,77322.0,77369.0,77224.0,77339.0,0.62263,54
2026-04-25 20:00:00+00:00,77350.0,77480.0,77329.0,77480.0,1.15973,45
2026-04-25 21:00:00+00:00,77500.0,77546.0,77468.0,77538.0,2.40047,55
2026-04-25 22:00:00+00:00,77547.0,77655.0,77528.0,77582.0,4.73392,151
2026-04-25 23:00:00+00:00,77591.0,77667.0,77563.0,77653.0,2.23854,182
2026-04-26 00:00:00+00:00,77652.0,77669.0,77484.0,77550.0,3.97021,482
2026-04-26 01:00:00+00:00,77547.0,77582.0,77495.0,77496.0,5.06809,503
2026-04-26 02:00:00+00:00,77497.0,77608.0,77490.0,77518.0,1.24814,453
2026-04-26 03:00:00+00:00,77543.0,77564.0,77352.0,77413.0,3.87045,353
2026-04-26 04:00:00+00:00,77412.0,77829.0,77400.0,77790.0,31.45267,429
2026-04-26 05:00:00+00:00,77790.0,78217.0,77733.0,78033.0,46.6555,1036
2026-04-26 06:00:00+00:00,78051.0,78069.0,77947.0,78041.0,4.41467,104
2026-04-26 07:00:00+00:00,78063.0,78139.0,77987.0,78132.0,42.30451,1006
2026-04-26 08:00:00+00:00,78145.0,78232.0,78072.0,78073.0,29.47228,555
2026-04-26 09:00:00+00:00,78072.0,78072.0,77956.0,78034.0,37.18584,431
2026-04-26 10:00:00+00:00,78027.0,78088.0,77988.0,78019.0,16.27622,511
2026-04-26 11:00:00+00:00,78040.0,78155.0,78040.0,78129.0,14.53142,565
2026-04-26 12:00:00+00:00,78129.0,78129.0,77816.0,77864.0,15.32782,378
2026-04-26 13:00:00+00:00,77867.0,78027.0,77830.0,78021.0,11.90041,337
2026-04-26 14:00:00+00:00,78007.0,78189.0,77915.0,78125.0,9.40193,392
2026-04-26 15:00:00+00:00,78138.0,78159.0,78038.0,78080.0,0.64236,180
2026-04-26 16:00:00+00:00,78081.0,78124.0,77972.0,77972.0,32.26958,457
2026-04-26 17:00:00+00:00,77960.0,78086.0,77903.0,78058.0,3.55323,228
2026-04-26 18:00:00+00:00,78065.0,78364.0,78025.0,78330.0,12.67627,512
2026-04-26 19:00:00+00:00,78343.0,78539.0,78097.0,78265.0,28.13833,605
2026-04-26 20:00:00+00:00,78289.0,78415.0,78195.0,78250.0,7.0354,330
2026-04-26 21:00:00+00:00,78250.0,78863.0,77908.0,78434.0,24.47977,968
2026-04-26 22:00:00+00:00,78422.0,78850.0,78009.0,78377.0,37.56069,849
2026-04-26 23:00:00+00:00,78328.0,78904.0,78091.0,78667.0,12.06406,556
2026-04-27 00:00:00+00:00,78685.0,79356.0,78438.0,79259.0,13.12318,639
2026-04-27 01:00:00+00:00,79274.0,79482.0,78767.0,79251.0,26.66339,697
2026-04-27 02:00:00+00:00,79306.0,79317.0,79046.0,79153.0,19.48047,540
2026-04-27 03:00:00+00:00,79118.0,79328.0,79093.0,79128.0,11.27908,522
2026-04-27 04:00:00+00:00,79132.0,79173.0,78909.0,78958.0,13.47542,659
2026-04-27 05:00:00+00:00,78968.0,78968.0,77623.0,77835.0,26.6611,1197
2026-04-27 06:00:00+00:00,77811.0,77905.0,77500.0,77742.0,13.26836,650
2026-04-27 07:00:00+00:00,77725.0,77773.0,77600.0,77652.0,11.10981,858
2026-04-27 08:00:00+00:00,77638.0,77829.0,77575.0,77824.0,30.97452,1062
2026-04-27 09:00:00+00:00,77814.0,77995.0,77717.0,77926.0,35.83508,1306
2026-04-27 10:00:00+00:00,77921.0,77962.0,77804.0,77881.0,3.03081,580
2026-04-27 11:00:00+00:00,77855.0,77914.0,77762.0,77858.0,71.13863,1309
2026-04-27 12:00:00+00:00,77859.0,77880.0,77650.0,77687.0,32.02366,818
2026-04-27 13:00:00+00:00,77679.0,77965.0,77611.0,77764.0,25.6089,727
2026-04-27 14:00:00+00:00,77755.0,78261.0,77684.0,77809.0,7.47827,806
2026-04-27 15:00:00+00:00,77821.0,77829.0,76594.0,76788.0,89.16018,1761
2026-04-27 16:00:00+00:00,76795.0,76850.0,76572.0,76616.0,47.63888,630
2026-04-27 17:00:00+00:00,76630.0,76929.0,76630.0,76731.0,7.53904,391
2026-04-27 18:00:00+00:00,76710.0,76884.0,76672.0,76839.0,23.03169,297
2026-04-27 19:00:00+00:00,76843.0,76896.0,76495.0,76862.0,27.4223,330
2026-04-27 20:00:00+00:00,76866.0,77059.0,76858.0,76994.0,9.25332,215
2026-04-27 21:00:00+00:00,76974.0,76984.0,76800.0,76801.0,1.86273,232
2026-04-27 22:00:00+00:00,76800.0,77070.0,76797.0,77065.0,17.59542,430
2026-04-27 23:00:00+00:00,77047.0,77437.0,77012.0,77376.0,13.79705,404
2026-04-28 00:00:00+00:00,77376.0,77464.0,77205.0,77401.0,39.50042,515
2026-04-28 01:00:00+00:00,77363.0,77381.0,77062.0,77107.0,10.7225,209
2026-04-28 02:00:00+00:00,77102.0,77224.0,76693.0,76901.0,6.76027,370
2026-04-28 03:00:00+00:00,76891.0,76894.0,76697.0,76829.0,10.19997,249
2026-04-28 04:00:00+00:00,76815.0,76946.0,76721.0,76896.0,3.82546,237
2026-04-28 05:00:00+00:00,76909.0,77154.0,76826.0,76938.0,35.41349,554
2026-04-28 06:00:00+00:00,76952.0,77029.0,76589.0,76707.0,51.8081,520
2026-04-28 07:00:00+00:00,76710.0,76911.0,76450.0,76896.0,21.11114,310
2026-04-28 08:00:00+00:00,76882.0,77000.0,76751.0,76839.0,12.34025,303
2026-04-28 09:00:00+00:00,76834.0,76851.0,76515.0,76605.0,5.34501,174
2026-04-28 10:00:00+00:00,76614.0,76688.0,76491.0,76617.0,14.1326,448
2026-04-28 11:00:00+00:00,76633.0,76640.0,76145.0,76223.0,64.6268,1153
2026-04-28 12:00:00+00:00,76229.0,76413.0,76171.0,76365.0,14.96572,337
2026-04-28 13:00:00+00:00,76363.0,76411.0,75988.0,76213.0,10.17274,530
2026-04-28 14:00:00+00:00,76159.0,76185.0,75683.0,75949.0,14.18976,749
2026-04-28 15:00:00+00:00,75958.0,76075.0,75860.0,76067.0,10.52832,747
2026-04-28 16:00:00+00:00,76015.0,76198.0,75900.0,76141.0,4.00217,186
2026-04-28 17:00:00+00:00,76119.0,76268.0,75965.0,76184.0,16.47164,215
2026-04-28 18:00:00+00:00,76190.0,76281.0,76141.0,76226.0,4.48949,91
2026-04-28 19:00:00+00:00,76208.0,76369.0,76078.0,76311.0,13.56578,232
2026-04-28 20:00:00+00:00,76332.0,76463.0,76332.0,76463.0,6.08398,247
2026-04-28 21:00:00+00:00,76457.0,76471.0,76291.0,76348.0,2.95312,95
2026-04-28 22:00:00+00:00,76360.0,76422.0,76236.0,76236.0,2.98566,83
2026-04-28 23:00:00+00:00,76230.0,76363.0,76209.0,76348.0,2.51008,85
2026-04-29 00:00:00+00:00,76331.0,76534.0,76270.0,76509.0,17.9796,296
2026-04-29 01:00:00+00:00,76494.0,76621.0,76196.0,76545.0,10.09644,290
2026-04-29 02:00:00+00:00,76573.0,76640.0,76395.0,76500.0,12.42307,231
2026-04-29 03:00:00+00:00,76535.0,77115.0,76517.0,76991.0,5.14519,436
2026-04-29 04:00:00+00:00,76994.0,77427.0,76881.0,77261.0,21.77473,774
2026-04-29 05:00:00+00:00,77260.0,77323.0,77201.0,77303.0,6.62135,528
2026-04-29 06:00:00+00:00,77293.0,77401.0,76940.0,77023.0,120.48259,1941
2026-04-29 07:00:00+00:00,77046.0,77168.0,77012.0,77044.0,15.37906,405
2026-04-29 08:00:00+00:00,77072.0,77140.0,76962.0,77038.0,3.23989,343
2026-04-29 09:00:00+00:00,77038.0,77774.0,76930.0,77638.0,58.84411,789
2026-04-29 10:00:00+00:00,77641.0,77891.0,77585.0,77624.0,51.97424,782
2026-04-29 11:00:00+00:00,77624.0,77697.0,77569.0,77601.0,36.46579,878
2026-04-29 12:00:00+00:00,77601.0,77604.0,77004.0,77149.0,92.67881,1221
2026-04-29 13:00:00+00:00,77154.0,77235.0,76438.0,76788.0,11.32047,516
2026-04-29 14:00:00+00:00,76784.0,76865.0,76488.0,76570.0,17.16503,400
2026-04-29 15:00:00+00:00,76571.0,76628.0,75714.0,75876.0,19.66366,649
2026-04-29 16:00:00+00:00,75920.0,76112.0,75666.0,75763.0,29.18026,618
2026-04-29 17:00:00+00:00,75769.0,76093.0,75769.0,76093.0,16.23015,412
2026-04-29 18:00:00+00:00,76165.0,76213.0,74966.0,75481.0,67.53635,1437
2026-04-29 19:00:00+00:00,75486.0,75562.0,75274.0,75505.0,54.25457,804
2026-04-29 20:00:00+00:00,75544.0,75817.0,75485.0,75677.0,9.31441,391
2026-04-29 21:00:00+00:00,75655.0,76029.0,75603.0,75917.0,2.8821,266
2026-04-29 22:00:00+00:00,75914.0,75965.0,75807.0,75918.0,4.87534,227
2026-04-29 23:00:00+00:00,75912.0,75969.0,75706.0,75769.0,6.37824,292
2026-04-30 00:00:00+00:00,75768.0,76305.0,75621.0,76264.0,53.20845,1001
2026-04-30 01:00:00+00:00,76247.0,76413.0,76160.0,76219.0,2.23608,290
2026-04-30 02:00:00+00:00,76223.0,76331.0,75500.0,75718.0,10.3011,629
2026-04-30 03:00:00+00:00,75697.0,75979.0,75677.0,75928.0,3.15251,353
2026-04-30 04:00:00+00:00,75932.0,75957.0,75400.0,75465.0,18.06736,455
2026-04-30 05:00:00+00:00,75468.0,75719.0,75310.0,75588.0,5.57858,327
2026-04-30 06:00:00+00:00,75588.0,75836.0,75551.0,75736.0,5.99214,268
2026-04-30 07:00:00+00:00,75732.0,76160.0,75708.0,76119.0,11.12405,415
2026-04-30 08:00:00+00:00,76162.0,76193.0,76011.0,76035.0,4.3094,428
2026-04-30 09:00:00+00:00,76031.0,76303.0,75988.0,76078.0,7.18115,425
2026-04-30 10:00:00+00:00,76079.0,76130.0,75956.0,76022.0,27.08412,569
2026-04-30 11:00:00+00:00,76050.0,76208.0,75895.0,76040.0,33.85837,538
2026-04-30 12:00:00+00:00,76048.0,76458.0,76034.0,76290.0,28.83822,513
2026-04-30 13:00:00+00:00,76295.0,76625.0,76091.0,76391.0,53.50411,711
2026-04-30 14:00:00+00:00,76391.0,76564.0,76080.0,76301.0,33.98962,618
2026-04-30 15:00:00+00:00,76301.0,76600.0,76168.0,76485.0,15.4606,331
2026-04-30 16:00:00+00:00,76458.0,76458.0,76247.0,76257.0,17.87636,346
2026-04-30 17:00:00+00:00,76247.0,76320.0,76112.0,76291.0,37.98262,401
2026-04-30 18:00:00+00:00,76249.0,76463.0,76209.0,76338.0,2.86459,213
2026-04-30 19:00:00+00:00,76331.0,76500.0,76305.0,76412.0,3.92647,298
2026-04-30 20:00:00+00:00,76402.0,76547.0,76308.0,76477.0,10.88399,296
2026-04-30 21:00:00+00:00,76474.0,76524.0,76231.0,76231.0,5.55049,292
2026-04-30 22:00:00+00:00,76216.0,76424.0,76194.0,76199.0,3.32743,169
2026-04-30 23:00:00+00:00,76232.0,76353.0,76198.0,76301.0,8.20706,157
2026-05-01 00:00:00+00:00,76313.0,76566.0,76297.0,76421.0,6.62334,202
2026-05-01 01:00:00+00:00,76425.0,76749.0,76422.0,76717.0,13.02496,227
2026-05-01 02:00:00+00:00,76664.0,76700.0,76523.0,76575.0,14.28223,170
2026-05-01 03:00:00+00:00,76564.0,77427.0,76536.0,77103.0,20.75175,611
2026-05-01 04:00:00+00:00,77103.0,77187.0,76937.0,77027.0,7.5644,318
2026-05-01 05:00:00+00:00,77026.0,77168.0,77020.0,77144.0,5.33386,157
2026-05-01 06:00:00+00:00,77149.0,77171.0,76895.0,77002.0,3.18671,202
2026-05-01 07:00:00+00:00,77002.0,77120.0,76965.0,77119.0,34.4239,387
2026-05-01 08:00:00+00:00,77107.0,77480.0,77049.0,77356.0,11.70392,288
2026-05-01 09:00:00+00:00,77377.0,77377.0,77214.0,77226.0,7.72571,222
2026-05-01 10:00:00+00:00,77272.0,77406.0,77152.0,77268.0,32.53221,439
2026-05-01 11:00:00+00:00,77305.0,77584.0,77262.0,77442.0,94.47336,1101
2026-05-01 12:00:00+00:00,77444.0,78150.0,77412.0,77905.0,28.68247,605
2026-05-01 13:00:00+00:00,77928.0,78900.0,77928.0,78715.0,24.10847,751
2026-05-01 14:00:00+00:00,78733.0,78850.0,78092.0,78338.0,16.5545,650
2026-05-01 15:00:00+00:00,78349.0,78735.0,78207.0,78456.0,17.02222,652
2026-05-01 16:00:00+00:00,78442.0,78675.0,78161.0,78221.0,20.66571,633
2026-05-01 17:00:00+00:00,78220.0,78579.0,78130.0,78547.0,26.75884,695
2026-05-01 18:00:00+00:00,78569.0,78611.0,78388.0,78409.0,5.91115,402
2026-05-01 19:00:00+00:00,78436.0,78540.0,78349.0,78387.0,39.27474,590
2026-05-01 20:00:00+00:00,78403.0,78426.0,77780.0,77874.0,77.6989,1200
2026-05-01 21:00:00+00:00,77874.0,78188.0,77874.0,78188.0,8.10226,347
2026-05-01 22:00:00+00:00,78189.0,78400.0,78154.0,78172.0,1.81333,76
2026-05-01 23:00:00+00:00,78148.0,78219.0,78030.0,78219.0,12.71341,208
2026-05-02 00:00:00+00:00,78223.0,78386.0,78179.0,78326.0,13.03832,227
2026-05-02 01:00:00+00:00,78295.0,78422.0,78284.0,78327.0,25.85809,326
2026-05-02 02:00:00+00:00,78316.0,78433.0,78249.0,78400.0,22.34875,283
2026-05-02 03:00:00+00:00,78357.0,78500.0,78246.0,78442.0,7.03687,134
2026-05-02 04:00:00+00:00,78420.0,78436.0,78146.0,78179.0,1.20285,175
2026-05-02 05:00:00+00:00,78175.0,78218.0,78048.0,78190.0,21.08889,190
2026-05-02 06:00:00+00:00,78195.0,78344.0,78152.0,78344.0,2.13564,97
2026-05-02 07:00:00+00:00,78319.0,78347.0,78200.0,78221.0,3.01863,223
2026-05-02 08:00:00+00:00,78220.0,78350.0,78161.0,78309.0,1.05188,195
2026-05-02 09:00:00+00:00,78304.0,78391.0,78235.0,78304.0,11.85151,258
2026-05-02 10:00:00+00:00,78304.0,78313.0,78221.0,78259.0,2.92241,194
2026-05-02 11:00:00+00:00,78259.0,78259.0,78103.0,78145.0,20.74357,648
2026-05-02 12:00:00+00:00,78145.0,78257.0,78106.0,78205.0,5.80343,237
2026-05-02 13:00:00+00:00,78221.0,78411.0,78220.0,78364.0,1.98267,135
2026-05-02 14:00:00+00:00,78355.0,78458.0,78300.0,78417.0,5.44274,118
2026-05-02 15:00:00+00:00,78419.0,78486.0,78370.0,78485.0,12.19813,170
2026-05-02 16:00:00+00:00,78475.0,78579.0,78436.0,78469.0,15.49965,328
2026-05-02 17:00:00+00:00,78469.0,78469.0,78388.0,78395.0,12.9148,181
2026-05-02 18:00:00+00:00,78390.0,78473.0,78318.0,78473.0,0.31975,41
2026-05-02 19:00:00+00:00,78459.0,78508.0,78437.0,78453.0,6.32604,127
2026-05-02 20:00:00+00:00,78464.0,78464.0,78416.0,78450.0,2.74817,57
2026-05-02 21:00:00+00:00,78460.0,79133.0,78456.0,78764.0,9.32508,383
2026-05-02 22:00:00+00:00,78729.0,78876.0,78636.0,78832.0,4.51463,196
2026-05-02 23:00:00+00:00,78822.0,78831.0,78643.0,78695.0,1.3752,229
2026-05-03 00:00:00+00:00,78695.0,78739.0,78508.0,78555.0,0.77465,216
2026-05-03 01:00:00+00:00,78555.0,78555.0,78165.0,78252.0,0.5512,293
2026-05-03 02:00:00+00:00,78250.0,78291.0,78114.0,78172.0,0.41273,138
2026-05-03 03:00:00+00:00,78174.0,78205.0,78113.0,78205.0,2.24891,169
2026-05-03 04:00:00+00:00,78187.0,78212.0,78124.0,78165.0,2.22199,62
2026-05-03 05:00:00+00:00,78157.0,78254.0,78157.0,78246.0,0.40128,65
2026-05-03 06:00:00+00:00,78242.0,78323.0,78079.0,78273.0,2.86142,108
2026-05-03 07:00:00+00:00,78292.0,78433.0,78292.0,78356.0,0.89371,120
2026-05-03 08:00:00+00:00,78354.0,78482.0,78354.0,78380.0,7.21911,237
2026-05-03 09:00:00+00:00,78380.0,78606.0,78352.0,78540.0,6.01929,285
2026-05-03 10:00:00+00:00,78537.0,78537.0,78396.0,78399.0,8.26171,333
2026-05-03 11:00:00+00:00,78387.0,78834.0,78366.0,78636.0,8.65882,527
2026-05-03 12:00:00+00:00,78649.0,78855.0,78649.0,78742.0,8.28192,411
2026-05-03 13:00:00+00:00,78752.0,78759.0,78580.0,78664.0,3.58029,233
2026-05-03 14:00:00+00:00,78673.0,78766.0,78617.0,78743.0,1.27678,145
2026-05-03 15:00:00+00:00,78726.0,78770.0,78632.0,78649.0,1.4139,106
2026-05-03 16:00:00+00:00,78663.0,78763.0,78597.0,78655.0,16.37642,184
2026-05-03 17:00:00+00:00,78649.0,78800.0,78575.0,78724.0,4.66387,84
2026-05-03 18:00:00+00:00,78733.0,78765.0,78657.0,78756.0,4.0048,78
2026-05-03 19:00:00+00:00,78741.0,78849.0,78694.0,78782.0,16.5374,114
2026-05-03 20:00:00+00:00,78765.0,79231.0,78734.0,78896.0,13.89408,417
2026-05-03 21:00:00+00:00,78914.0,79063.0,78681.0,78849.0,57.95876,595
2026-05-03 22:00:00+00:00,78849.0,79437.0,78848.0,79189.0,17.99858,569
2026-05-03 23:00:00+00:00,79178.0,79255.0,78501.0,78581.0,9.36941,322
2026-05-04 00:00:00+00:00,78579.0,78579.0,78308.0,78556.0,4.12961,220
2026-05-04 01:00:00+00:00,78559.0,79800.0,78421.0,79750.0,9.64588,635
2026-05-04 02:00:00+00:00,79752.0,80381.0,79562.0,80165.0,24.3456,1117
2026-05-04 03:00:00+00:00,80192.0,80423.0,79923.0,80262.0,16.58109,400
2026-05-04 04:00:00+00:00,80332.0,80600.0,80228.0,80328.0,11.5108,465
2026-05-04 05:00:00+00:00,80336.0,80388.0,79976.0,80027.0,4.01199,237
2026-05-04 06:00:00+00:00,80036.0,80040.0,79514.0,79900.0,29.94359,421
2026-05-04 07:00:00+00:00,79854.0,79933.0,79697.0,79697.0,23.62267,192
2026-05-04 08:00:00+00:00,79693.0,79787.0,79607.0,79726.0,24.53029,259
2026-05-04 09:00:00+00:00,79705.0,79907.0,79668.0,79886.0,3.19972,105
2026-05-04 10:00:00+00:00,79827.0,79827.0,78226.0,78957.0,170.92011,2439
2026-05-04 11:00:00+00:00,78953.0,79122.0,78726.0,78825.0,10.94017,340
2026-05-04 12:00:00+00:00,78776.0,79016.0,78725.0,78860.0,10.89316,196
2026-05-04 13:00:00+00:00,78842.0,79101.0,78593.0,78809.0,10.54947,405
2026-05-04 14:00:00+00:00,78787.0,80534.0,78525.0,80260.0,79.12985,1429
2026-05-04 15:00:00+00:00,80223.0,80348.0,79386.0,80079.0,42.2036,834
2026-05-04 16:00:00+00:00,80033.0,80387.0,79624.0,80054.0,25.03988,553
2026-05-04 17:00:00+00:00,80039.0,80772.0,80030.0,80405.0,22.93201,716
2026-05-04 18:00:00+00:00,80404.0,80445.0,80043.0,80143.0,9.56657,410
2026-05-04 19:00:00+00:00,80093.0,80125.0,79892.0,80057.0,7.82333,294
2026-05-04 20:00:00+00:00,80047.0,80138.0,79899.0,79936.0,4.76072,195
2026-05-04 21:00:00+00:00,79944.0,80359.0,79944.0,80261.0,9.43449,358
2026-05-04 22:00:00+00:00,80260.0,80387.0,80072.0,80082.0,4.36159,314
2026-05-04 23:00:00+00:00,80054.0,80054.0,79733.0,79830.0,14.20569,365
2026-05-05 00:00:00+00:00,79853.0,80182.0,79788.0,80180.0,11.04893,498
2026-05-05 01:00:00+00:00,80179.0,80377.0,80090.0,80350.0,53.34473,788
2026-05-05 02:00:00+00:00,80348.0,80898.0,80305.0,80563.0,25.45089,524
2026-05-05 03:00:00+00:00,80579.0,81061.0,80480.0,80885.0,29.86191,724
2026-05-05 04:00:00+00:00,80880.0,80967.0,80732.0,80894.0,20.76137,439
2026-05-05 05:00:00+00:00,80879.0,81325.0,80820.0,80973.0,12.75268,388
2026-05-05 06:00:00+00:00,80991.0,81017.0,80801.0,80978.0,8.75491,273
2026-05-05 07:00:00+00:00,80969.0,81136.0,80839.0,80875.0,9.17865,534
2026-05-05 08:00:00+00:00,80843.0,80880.0,80735.0,80813.0,9.53647,654
2026-05-05 09:00:00+00:00,80809.0,80809.0,80542.0,80592.0,6.91724,807
2026-05-05 10:00:00+00:00,80579.0,80852.0,80539.0,80840.0,10.72577,609
2026-05-05 11:00:00+00:00,80840.0,81109.0,80802.0,81013.0,16.89791,968
2026-05-05 12:00:00+00:00,81013.0,81314.0,80939.0,81286.0,13.39691,925
2026-05-05 13:00:00+00:00,81286.0,81707.0,81231.0,81354.0,49.97688,1541
2026-05-05 14:00:00+00:00,81346.0,81501.0,80957.0,81326.0,26.58273,1172
2026-05-05 15:00:00+00:00,81318.0,81691.0,81244.0,81539.0,7.78319,783
2026-05-05 16:00:00+00:00,81599.0,81610.0,81073.0,81299.0,13.4379,708
2026-05-05 17:00:00+00:00,81290.0,81463.0,81210.0,81274.0,8.82988,658
2026-05-05 18:00:00+00:00,81278.0,81594.0,81278.0,81518.0,13.4916,753
2026-05-05 19:00:00+00:00,81511.0,81684.0,81405.0,81609.0,18.51714,562
2026-05-05 20:00:00+00:00,81606.0,81763.0,81541.0,81658.0,4.25435,565
2026-05-05 21:00:00+00:00,81661.0,81774.0,81322.0,81415.0,11.41671,657
2026-05-05 22:00:00+00:00,81424.0,81607.0,80819.0,81100.0,32.25055,848
2026-05-05 23:00:00+00:00,81108.0,81209.0,80793.0,80915.0,28.38343,816
2026-05-06 00:00:00+00:00,80914.0,81244.0,80775.0,81009.0,19.05837,742
2026-05-06 01:00:00+00:00,81043.0,81501.0,80988.0,81424.0,4.89003,444
2026-05-06 02:00:00+00:00,81425.0,81425.0,81044.0,81340.0,13.84009,510
2026-05-06 03:00:00+00:00,81352.0,81738.0,81352.0,81575.0,15.34417,580
2026-05-06 04:00:00+00:00,81590.0,81630.0,81289.0,81338.0,5.92305,402
2026-05-06 05:00:00+00:00,81323.0,81343.0,81082.0,81327.0,4.37727,276
2026-05-06 06:00:00+00:00,81316.0,81525.0,81221.0,81492.0,6.00547,299
2026-05-06 07:00:00+00:00,81513.0,81608.0,81331.0,81367.0,11.75018,415
2026-05-06 08:00:00+00:00,81355.0,81983.0,81331.0,81947.0,13.61268,566
2026-05-06 09:00:00+00:00,81950.0,82051.0,81691.0,81986.0,27.56674,847
2026-05-06 10:00:00+00:00,81986.0,82376.0,81971.0,82295.0,37.39866,869
2026-05-06 11:00:00+00:00,82275.0,82800.0,82275.0,82511.0,10.03246,699
2026-05-06 12:00:00+00:00,82513.0,82518.0,82176.0,82215.0,10.95196,466
2026-05-06 13:00:00+00:00,82192.0,82201.0,81559.0,81659.0,85.8517,1051
2026-05-06 14:00:00+00:00,81669.0,81965.0,81129.0,81512.0,27.87374,882
2026-05-06 15:00:00+00:00,81539.0,81796.0,81308.0,81685.0,65.88559,1350
2026-05-06 16:00:00+00:00,81686.0,81859.0,81406.0,81609.0,71.02642,936
2026-05-06 17:00:00+00:00,81608.0,81697.0,81400.0,81435.0,20.9527,510
2026-05-06 18:00:00+00:00,81447.0,81546.0,81275.0,81335.0,21.92093,512
2026-05-06 19:00:00+00:00,81349.0,81500.0,81191.0,81451.0,8.35045,328
2026-05-06 20:00:00+00:00,81451.0,81693.0,81304.0,81429.0,12.53239,387
2026-05-06 21:00:00+00:00,81428.0,81620.0,81320.0,81515.0,10.12819,382
2026-05-06 22:00:00+00:00,81531.0,81531.0,81250.0,81344.0,10.94154,540
2026-05-06 23:00:00+00:00,81323.0,81436.0,81002.0,81433.0,11.68995,668
2026-05-07 00:00:00+00:00,81433.0,81466.0,80974.0,81017.0,38.97274,692
2026-05-07 01:00:00+00:00,81012.0,81288.0,80868.0,81187.0,18.03497,847
2026-05-07 02:00:00+00:00,81184.0,81187.0,80903.0,81113.0,21.62977,827
2026-05-07 03:00:00+00:00,81113.0,81119.0,80838.0,80852.0,22.24634,860
2026-05-07 04:00:00+00:00,80852.0,81000.0,80756.0,80998.0,7.61579,748
2026-05-07 05:00:00+00:00,80998.0,81183.0,80992.0,81057.0,5.42839,416
2026-05-07 06:00:00+00:00,81089.0,81417.0,80902.0,81417.0,15.97427,408
2026-05-07 07:00:00+00:00,81427.0,81706.0,81399.0,81510.0,35.42021,637
2026-05-07 08:00:00+00:00,81512.0,81575.0,81187.0,81212.0,45.38988,1178
2026-05-07 09:00:00+00:00,81212.0,81213.0,80847.0,80911.0,15.99279,636
2026-05-07 10:00:00+00:00,80911.0,80975.0,80580.0,80843.0,12.86558,757
2026-05-07 11:00:00+00:00,80843.0,81032.0,80781.0,80851.0,14.1821,553
2026-05-07 12:00:00+00:00,80850.0,81185.0,80850.0,81154.0,10.16582,711
2026-05-07 13:00:00+00:00,81134.0,81150.0,80277.0,80500.0,15.18215,859
2026-05-07 14:00:00+00:00,80465.0,80679.0,80030.0,80155.0,31.89883,940
2026-05-07 15:00:00+00:00,80143.0,80254.0,79741.0,79875.0,65.10283,1139
2026-05-07 16:00:00+00:00,79855.0,80003.0,79696.0,79781.0,16.87045,888
2026-05-07 17:00:00+00:00,79798.0,80122.0,79513.0,80088.0,50.93776,1154
2026-05-07 18:00:00+00:00,80094.0,80267.0,80003.0,80196.0,74.33986,1112
2026-05-07 19:00:00+00:00,80177.0,80188.0,79923.0,80119.0,10.18215,460
2026-05-07 20:00:00+00:00,80139.0,80337.0,79867.0,79872.0,8.403,500
2026-05-07 21:00:00+00:00,79878.0,79916.0,79644.0,79734.0,10.33808,418
2026-05-07 22:00:00+00:00,79709.0,79967.0,79587.0,79931.0,8.21437,190
2026-05-07 23:00:00+00:00,79904.0,80070.0,79883.0,80023.0,10.53354,296
2026-05-08 00:00:00+00:00,80007.0,80117.0,79748.0,79819.0,19.3879,347
2026-05-08 01:00:00+00:00,79866.0,79895.0,79630.0,79729.0,15.39076,466
2026-05-08 02:00:00+00:00,79739.0,79739.0,79359.0,79486.0,17.99278,640
2026-05-08 03:00:00+00:00,79486.0,79658.0,79206.0,79585.0,13.96904,642
2026-05-08 04:00:00+00:00,79579.0,79749.0,79539.0,79661.0,6.65579,492
2026-05-08 05:00:00+00:00,79661.0,79787.0,79599.0,79611.0,8.7816,508
2026-05-08 06:00:00+00:00,79601.0,79651.0,79417.0,79500.0,20.54279,707
2026-05-08 07:00:00+00:00,79499.0,79712.0,79251.0,79670.0,3.13139,206
2026-05-08 08:00:00+00:00,79671.0,79956.0,79654.0,79873.0,7.693,227
2026-05-08 09:00:00+00:00,79887.0,80034.0,79800.0,79872.0,30.08937,415
2026-05-08 10:00:00+00:00,79890.0,80250.0,79787.0,80222.0,6.79475,391
2026-05-08 11:00:00+00:00,80223.0,80327.0,80143.0,80234.0,11.2179,463
2026-05-08 12:00:00+00:00,80232.0,80491.0,79990.0,80009.0,10.79851,391
2026-05-08 13:00:00+00:00,80038.0,80100.0,79553.0,79622.0,8.36316,388
2026-05-08 14:00:00+00:00,79675.0,80414.0,79659.0,80151.0,61.68231,826
2026-05-08 15:00:00+00:00,80160.0,80208.0,79622.0,80155.0,6.71884,520
2026-05-08 16:00:00+00:00,80158.0,80172.0,79746.0,79798.0,6.0588,435
2026-05-08 17:00:00+00:00,79772.0,80240.0,79732.0,80048.0,9.30269,498
2026-05-08 18:00:00+00:00,80080.0,80291.0,80076.0,80081.0,12.98639,496
2026-05-08 19:00:00+00:00,80070.0,80159.0,79959.0,80156.0,8.42528,515
2026-05-08 20:00:00+00:00,80152.0,80291.0,80082.0,80123.0,4.27579,339
2026-05-08 21:00:00+00:00,80132.0,80253.0,80117.0,80253.0,9.31529,264
2026-05-08 22:00:00+00:00,80253.0,80409.0,80253.0,80286.0,8.41696,341
2026-05-08 23:00:00+00:00,80285.0,80291.0,80124.0,80194.0,18.7097,546
2026-05-09 00:00:00+00:00,80192.0,80227.0,80113.0,80222.0,45.89215,911
2026-05-09 01:00:00+00:00,80200.0,80429.0,80197.0,80321.0,7.22863,462
2026-05-09 02:00:00+00:00,80330.0,80466.0,80329.0,80412.0,8.42285,392
2026-05-09 03:00:00+00:00,80413.0,80522.0,80306.0,80381.0,7.3507,409
2026-05-09 04:00:00+00:00,80386.0,80651.0,80367.0,80387.0,3.07768,359
2026-05-09 05:00:00+00:00,80387.0,80484.0,80349.0,80374.0,5.55967,318
2026-05-09 06:00:00+00:00,80368.0,80421.0,80200.0,80242.0,7.86344,223
2026-05-09 07:00:00+00:00,80245.0,80296.0,80136.0,80227.0,7.23521,356
2026-05-09 08:00:00+00:00,80226.0,80442.0,80215.0,80412.0,6.45325,269
2026-05-09 09:00:00+00:00,80413.0,80413.0,80203.0,80230.0,7.36262,210
2026-05-09 10:00:00+00:00,80230.0,80337.0,80154.0,80263.0,12.87959,353
2026-05-09 11:00:00+00:00,80253.0,80367.0,80253.0,80356.0,2.58592,158
2026-05-09 12:00:00+00:00,80339.0,80414.0,80270.0,80395.0,3.23032,244
2026-05-09 13:00:00+00:00,80395.0,80411.0,80310.0,80397.0,1.5762,227
2026-05-09 14:00:00+00:00,80396.0,80417.0,80244.0,80322.0,15.36816,489
2026-05-09 15:00:00+00:00,80310.0,80591.0,80217.0,80519.0,4.1824,402
2026-05-09 16:00:00+00:00,80519.0,80756.0,80482.0,80618.0,6.41225,405
2026-05-09 17:00:00+00:00,80621.0,80905.0,80621.0,80803.0,0.87769,232
2026-05-09 18:00:00+00:00,80805.0,81048.0,80777.0,80903.0,4.63908,191
2026-05-09 19:00:00+00:00,80912.0,80948.0,80787.0,80908.0,2.6751,88
2026-05-09 20:00:00+00:00,80925.0,80925.0,80734.0,80785.0,0.80416,101
2026-05-09 21:00:00+00:00,80822.0,80886.0,80734.0,80766.0,2.88784,252
2026-05-09 22:00:00+00:00,80757.0,80807.0,80670.0,80750.0,10.68552,227
2026-05-09 23:00:00+00:00,80748.0,80817.0,80603.0,80643.0,16.48857,423
2026-05-10 00:00:00+00:00,80643.0,80743.0,80600.0,80631.0,25.36801,546
2026-05-10 01:00:00+00:00,80642.0,80662.0,80550.0,80662.0,12.12862,225
2026-05-10 02:00:00+00:00,80664.0,80765.0,80592.0,80757.0,2.92957,92
2026-05-10 03:00:00+00:00,80765.0,80844.0,80710.0,80787.0,0.43869,66
2026-05-10 04:00:00+00:00,80763.0,80819.0,80719.0,80765.0,0.50638,40
2026-05-10 05:00:00+00:00,80741.0,80792.0,80672.0,80690.0,6.26507,131
2026-05-10 06:00:00+00:00,80684.0,80739.0,80650.0,80731.0,1.78152,83
2026-05-10 07:00:00+00:00,80745.0,80789.0,80721.0,80732.0,3.05335,319
2026-05-10 08:00:00+00:00,80727.0,80913.0,80707.0,80819.0,4.17046,366
2026-05-10 09:00:00+00:00,80820.0,80913.0,80748.0,80799.0,8.39469,411
2026-05-10 10:00:00+00:00,80799.0,80868.0,80682.0,80866.0,4.78689,409
2026-05-10 11:00:00+00:00,80865.0,80954.0,80740.0,80842.0,2.42033,477
2026-05-10 12:00:00+00:00,80814.0,80937.0,80786.0,80902.0,1.46038,318
2026-05-10 13:00:00+00:00,80912.0,80981.0,80862.0,80958.0,2.6876,403
2026-05-10 14:00:00+00:00,80940.0,80995.0,80825.0,80961.0,3.04069,380
2026-05-10 15:00:00+00:00,80976.0,81417.0,80931.0,81405.0,4.70317,525
2026-05-10 16:00:00+00:00,81429.0,81461.0,81187.0,81358.0,12.95223,701
2026-05-10 17:00:00+00:00,81359.0,81542.0,81202.0,81460.0,15.00248,638
2026-05-10 18:00:00+00:00,81455.0,81474.0,81199.0,81250.0,16.43398,518
2026-05-10 19:00:00+00:00,81250.0,81450.0,81108.0,81399.0,18.09766,674
2026-05-10 20:00:00+00:00,81401.0,81437.0,80266.0,80709.0,17.92996,771
2026-05-10 21:00:00+00:00,80714.0,80918.0,80570.0,80711.0,15.379,561
2026-05-10 22:00:00+00:00,80657.0,82133.0,80657.0,81970.0,27.56861,982
2026-05-10 23:00:00+00:00,81994.0,82426.0,81994.0,82175.0,22.33836,642
2026-05-11 00:00:00+00:00,82186.0,82300.0,81270.0,81467.0,37.36512,774
2026-05-11 01:00:00+00:00,81438.0,81738.0,81295.0,81481.0,13.13196,226
2026-05-11 02:00:00+00:00,81488.0,81514.0,81120.0,81173.0,3.24135,104
2026-05-11 03:00:00+00:00,81170.0,81171.0,80518.0,80701.0,5.77649,265
2026-05-11 04:00:00+00:00,80701.0,80850.0,80638.0,80850.0,2.76284,150
2026-05-11 05:00:00+00:00,80802.0,80966.0,80756.0,80834.0,4.15909,190
2026-05-11 06:00:00+00:00,80826.0,81029.0,80754.0,80846.0,9.13408,263
2026-05-11 07:00:00+00:00,80838.0,80838.0,80690.0,80743.0,5.89069,242
2026-05-11 08:00:00+00:00,80736.0,80859.0,80640.0,80734.0,6.72997,167
2026-05-11 09:00:00+00:00,80777.0,80964.0,80765.0,80956.0,2.74124,125
2026-05-11 10:00:00+00:00,80956.0,81180.0,80948.0,80948.0,2.80718,166
2026-05-11 11:00:00+00:00,80935.0,81178.0,80901.0,81178.0,8.62389,177
2026-05-11 12:00:00+00:00,81180.0,81323.0,81010.0,81047.0,6.65793,193
2026-05-11 13:00:00+00:00,81099.0,81320.0,80728.0,81034.0,13.27883,387
2026-05-11 14:00:00+00:00,81064.0,81212.0,80460.0,80895.0,9.2326,425
2026-05-11 15:00:00+00:00,80919.0,81402.0,80805.0,81387.0,10.55238,399
2026-05-11 16:00:00+00:00,81421.0,81900.0,81334.0,81589.0,44.0309,691
2026-05-11 17:00:00+00:00,81593.0,82030.0,81371.0,81929.0,15.07295,434
2026-05-11 18:00:00+00:00,81927.0,82116.0,81849.0,81849.0,7.5434,286
2026-05-11 19:00:00+00:00,81865.0,82093.0,81750.0,81962.0,8.83475,473
2026-05-11 20:00:00+00:00,81970.0,82070.0,81762.0,81800.0,6.58142,499
2026-05-11 21:00:00+00:00,81800.0,81869.0,81599.0,81812.0,9.08305,647
2026-05-11 22:00:00+00:00,81813.0,81961.0,81715.0,81811.0,10.83147,348
2026-05-11 23:00:00+00:00,81812.0,81812.0,81609.0,81725.0,0.56126,282
2026-05-12 00:00:00+00:00,81725.0,81763.0,81468.0,81530.0,1.52508,348
2026-05-12 01:00:00+00:00,81531.0,81598.0,80731.0,81178.0,9.37693,581
2026-05-12 02:00:00+00:00,81179.0,81321.0,81092.0,81251.0,1.25413,427
2026-05-12 03:00:00+00:00,81252.0,81287.0,81018.0,81044.0,2.09776,320
2026-05-12 04:00:00+00:00,81045.0,81287.0,81000.0,81215.0,0.37521,296
2026-05-12 05:00:00+00:00,81216.0,81284.0,81177.0,81200.0,1.70366,234
2026-05-12 06:00:00+00:00,81188.0,81279.0,80988.0,81000.0,2.76199,280
2026-05-12 07:00:00+00:00,81001.0,81101.0,80808.0,80833.0,6.8408,240
2026-05-12 08:00:00+00:00,80822.0,80941.0,80766.0,80830.0,4.4919,263
2026-05-12 09:00:00+00:00,80830.0,80937.0,80700.0,80812.0,2.75873,300
2026-05-12 10:00:00+00:00,80812.0,80828.0,80618.0,80650.0,6.12373,278
2026-05-12 11:00:00+00:00,80667.0,80772.0,80473.0,80772.0,5.93405,534
2026-05-12 12:00:00+00:00,80772.0,80994.0,80616.0,80873.0,9.73494,659
2026-05-12 13:00:00+00:00,80873.0,80924.0,80402.0,80459.0,14.89008,797
2026-05-12 14:00:00+00:00,80459.0,80874.0,80390.0,80537.0,9.24833,909
2026-05-12 15:00:00+00:00,80500.0,80654.0,80182.0,80312.0,21.58302,1218
2026-05-12 16:00:00+00:00,80309.0,80401.0,79854.0,80000.0,25.93709,1211
2026-05-12 17:00:00+00:00,80000.0,80575.0,80000.0,80525.0,62.02483,1056
2026-05-12 18:00:00+00:00,80514.0,80749.0,80479.0,80678.0,3.38561,568
2026-05-12 19:00:00+00:00,80678.0,80853.0,80678.0,80834.0,7.03456,532
2026-05-12 20:00:00+00:00,80842.0,80875.0,80645.0,80689.0,2.38121,480
2026-05-12 21:00:00+00:00,80700.0,80733.0,80500.0,80573.0,12.22204,557
2026-05-12 22:00:00+00:00,80584.0,80785.0,80584.0,80649.0,2.92609,467
2026-05-12 23:00:00+00:00,80630.0,80707.0,80438.0,80490.0,0.69961,451
2026-05-13 00:00:00+00:00,80489.0,80751.0,80411.0,80703.0,4.232,586
2026-05-13 01:00:00+00:00,80702.0,81175.0,80672.0,80994.0,3.14826,532
2026-05-13 02:00:00+00:00,80998.0,81250.0,80933.0,81043.0,6.98387,658
2026-05-13 03:00:00+00:00,81060.0,81277.0,81000.0,81250.0,3.506,481
2026-05-13 04:00:00+00:00,81247.0,81277.0,81132.0,81232.0,1.27395,457
2026-05-13 05:00:00+00:00,81236.0,81242.0,80995.0,81017.0,1.23717,368
2026-05-13 06:00:00+00:00,81016.0,81143.0,80973.0,80987.0,3.91931,408
2026-05-13 07:00:00+00:00,80986.0,81056.0,80902.0,81025.0,6.9729,428
2026-05-13 08:00:00+00:00,81028.0,81200.0,80947.0,81175.0,3.10497,367
2026-05-13 09:00:00+00:00,81175.0,81296.0,81126.0,81268.0,10.40367,414
2026-05-13 10:00:00+00:00,81269.0,81269.0,80803.0,80807.0,9.32905,202
2026-05-13 11:00:00+00:00,80808.0,80821.0,80477.0,80477.0,2.58731,292
2026-05-13 12:00:00+00:00,80466.0,80569.0,79856.0,80197.0,19.55298,437
2026-05-13 13:00:00+00:00,80185.0,80316.0,79569.0,79643.0,21.54342,620
2026-05-13 14:00:00+00:00,79635.0,79868.0,79475.0,79734.0,10.99486,362
2026-05-13 15:00:00+00:00,79774.0,79803.0,78796.0,78829.0,11.81645,483
2026-05-13 16:00:00+00:00,78805.0,79190.0,78741.0,79097.0,27.96238,521
2026-05-13 17:00:00+00:00,79140.0,79553.0,79121.0,79508.0,52.57148,597
2026-05-13 18:00:00+00:00,79530.0,79793.0,79529.0,79660.0,27.48503,341
2026-05-13 19:00:00+00:00,79601.0,79622.0,79381.0,79620.0,57.05625,558
2026-05-13 20:00:00+00:00,79630.0,79738.0,79594.0,79659.0,78.73577,754
2026-05-13 21:00:00+00:00,79667.0,79667.0,79311.0,79367.0,20.08544,376
2026-05-13 22:00:00+00:00,79376.0,79455.0,79203.0,79429.0,10.85331,214
2026-05-13 23:00:00+00:00,79422.0,79466.0,79230.0,79284.0,80.41076,670
2026-05-14 00:00:00+00:00,79296.0,79641.0,79296.0,79560.0,80.08522,682
2026-05-14 01:00:00+00:00,79527.0,79650.0,79403.0,79585.0,2.07898,113
2026-05-14 02:00:00+00:00,79589.0,79648.0,79213.0,79346.0,10.33222,302
2026-05-14 03:00:00+00:00,79340.0,79427.0,78929.0,79024.0,7.08507,397
2026-05-14 04:00:00+00:00,79016.0,79439.0,78957.0,79422.0,9.65603,356
2026-05-14 05:00:00+00:00,79407.0,79979.0,79372.0,79819.0,5.57827,306
2026-05-14 06:00:00+00:00,79815.0,79920.0,79768.0,79828.0,61.09003,280
2026-05-14 07:00:00+00:00,79828.0,79922.0,79704.0,79737.0,7.34823,99
2026-05-14 08:00:00+00:00,79737.0,79906.0,79640.0,79814.0,2.14003,77
2026-05-14 09:00:00+00:00,79852.0,79895.0,79570.0,79607.0,7.24185,181
2026-05-14 10:00:00+00:00,79587.0,79725.0,79390.0,79552.0,2.61885,119
2026-05-14 11:00:00+00:00,79552.0,79585.0,79228.0,79277.0,6.08901,149
2026-05-14 12:00:00+00:00,79219.0,79761.0,79207.0,79746.0,5.31699,424
2026-05-14 13:00:00+00:00,79742.0,80048.0,79684.0,79721.0,14.59944,532
2026-05-14 14:00:00+00:00,79675.0,80977.0,79563.0,80966.0,55.13329,835
2026-05-14 15:00:00+00:00,80982.0,81318.0,80830.0,81300.0,19.4977,493
2026-05-14 16:00:00+00:00,81326.0,81871.0,81105.0,81871.0,26.1548,707
2026-05-14 17:00:00+00:00,81893.0,82033.0,81340.0,81727.0,10.24413,469
2026-05-14 18:00:00+00:00,81681.0,81950.0,81467.0,81593.0,21.3252,348
2026-05-14 19:00:00+00:00,81581.0,81717.0,81348.0,81410.0,10.65059,245
2026-05-14 20:00:00+00:00,81444.0,81588.0,81171.0,81389.0,7.22131,413
2026-05-14 21:00:00+00:00,81466.0,81520.0,81263.0,81384.0,1.8458,349
2026-05-14 22:00:00+00:00,81383.0,81543.0,81338.0,81460.0,4.28679,341
2026-05-14 23:00:00+00:00,81407.0,81418.0,81068.0,81069.0,4.35346,384
2026-05-15 00:00:00+00:00,81082.0,81656.0,81082.0,81510.0,3.02017,282
2026-05-15 01:00:00+00:00,81522.0,81609.0,81123.0,81123.0,2.73826,253
2026-05-15 02:00:00+00:00,81113.0,81349.0,80760.0,81290.0,3.83399,371
2026-05-15 03:00:00+00:00,81290.0,81337.0,80939.0,81046.0,11.25009,300
2026-05-15 04:00:00+00:00,81034.0,81091.0,80704.0,80719.0,9.38912,404
2026-05-15 05:00:00+00:00,80704.0,80873.0,80323.0,80372.0,9.62313,643
2026-05-15 06:00:00+00:00,80361.0,80650.0,80321.0,80610.0,5.95058,329
2026-05-15 07:00:00+00:00,80588.0,81005.0,80588.0,80819.0,10.90895,261
2026-05-15 08:00:00+00:00,80818.0,80818.0,80416.0,80635.0,9.37027,276
2026-05-15 09:00:00+00:00,80644.0,80651.0,80377.0,80486.0,4.20622,114
2026-05-15 10:00:00+00:00,80488.0,80783.0,80423.0,80713.0,7.39699,398
2026-05-15 11:00:00+00:00,80764.0,80771.0,80562.0,80622.0,19.81128,212
2026-05-15 12:00:00+00:00,80614.0,80635.0,80327.0,80379.0,10.18644,346
2026-05-15 13:00:00+00:00,80370.0,80370.0,78643.0,78724.0,45.11518,1720
2026-05-15 14:00:00+00:00,78730.0,79306.0,78639.0,79144.0,36.31635,1046
2026-05-15 15:00:00+00:00,79140.0,79342.0,79001.0,79123.0,10.33606,433
2026-05-15 16:00:00+00:00,79145.0,79357.0,79109.0,79267.0,13.87214,467
2026-05-15 17:00:00+00:00,79238.0,79463.0,79203.0,79439.0,8.77495,610
2026-05-15 18:00:00+00:00,79473.0,79541.0,79153.0,79251.0,9.53413,602
2026-05-15 19:00:00+00:00,79263.0,79263.0,79038.0,79111.0,6.08342,516
2026-05-15 20:00:00+00:00,79117.0,79175.0,78980.0,79083.0,7.53899,528
2026-05-15 21:00:00+00:00,79084.0,79180.0,78868.0,78946.0,37.95909,702
2026-05-15 22:00:00+00:00,78976.0,79109.0,78948.0,79064.0,19.99671,658
2026-05-15 23:00:00+00:00,79053.0,79110.0,79029.0,79055.0,19.1528,570
2026-05-16 00:00:00+00:00,79060.0,79181.0,79029.0,79048.0,8.18726,270
2026-05-16 01:00:00+00:00,79061.0,79138.0,78969.0,79127.0,38.88611,843
2026-05-16 02:00:00+00:00,79143.0,79158.0,79034.0,79092.0,9.42458,414
2026-05-16 03:00:00+00:00,79108.0,79157.0,79020.0,79066.0,16.24707,625
2026-05-16 04:00:00+00:00,79060.0,79070.0,78852.0,78989.0,16.72174,371
2026-05-16 05:00:00+00:00,78993.0,79002.0,78891.0,78986.0,12.33412,265
2026-05-16 06:00:00+00:00,78998.0,79004.0,78431.0,78621.0,7.04202,482
2026-05-16 07:00:00+00:00,78612.0,78616.0,78051.0,78357.0,7.53906,446
2026-05-16 08:00:00+00:00,78346.0,78501.0,78340.0,78417.0,7.01555,385
2026-05-16 09:00:00+00:00,78401.0,78424.0,77930.0,78069.0,12.78102,581
2026-05-16 10:00:00+00:00,78056.0,78089.0,77645.0,77954.0,18.44545,544
2026-05-16 11:00:00+00:00,78000.0,78167.0,78000.0,78073.0,4.50192,125
2026-05-16 12:00:00+00:00,78055.0,78093.0,77901.0,77980.0,15.41398,330
2026-05-16 13:00:00+00:00,77980.0,77988.0,77819.0,77984.0,9.25445,446
2026-05-16 14:00:00+00:00,77989.0,78308.0,77872.0,78115.0,7.82585,424
2026-05-16 15:00:00+00:00,78113.0,78275.0,78062.0,78220.0,3.98746,401
2026-05-16 16:00:00+00:00,78216.0,78336.0,78110.0,78145.0,9.57046,292
2026-05-16 17:00:00+00:00,78176.0,78293.0,78176.0,78191.0,8.8537,131
2026-05-16 18:00:00+00:00,78180.0,78295.0,78126.0,78211.0,3.71022,92
2026-05-16 19:00:00+00:00,78214.0,78300.0,78200.0,78235.0,25.99611,247
2026-05-16 20:00:00+00:00,78236.0,78302.0,78201.0,78239.0,3.00809,103
2026-05-16 21:00:00+00:00,78232.0,78283.0,78223.0,78269.0,7.09453,96
2026-05-16 22:00:00+00:00,78241.0,78249.0,78142.0,78150.0,7.57493,108
2026-05-16 23:00:00+00:00,78149.0,78220.0,78098.0,78145.0,14.088,179
2026-05-17 00:00:00+00:00,78106.0,78220.0,77810.0,77933.0,21.4034,515
2026-05-17 01:00:00+00:00,77951.0,78077.0,77717.0,77720.0,13.94816,367
2026-05-17 02:00:00+00:00,77719.0,77907.0,77719.0,77895.0,22.21379,228
2026-05-17 03:00:00+00:00,77882.0,78051.0,77882.0,78006.0,2.17992,97
2026-05-17 04:00:00+00:00,78020.0,78187.0,77995.0,78148.0,2.84066,100
2026-05-17 05:00:00+00:00,78142.0,78295.0,78074.0,78095.0,15.9682,282
2026-05-17 06:00:00+00:00,78107.0,78170.0,77993.0,78075.0,17.09437,262
2026-05-17 07:00:00+00:00,78085.0,78181.0,78036.0,78140.0,1.56423,72
2026-05-17 08:00:00+00:00,78151.0,78168.0,78020.0,78071.0,3.459,112
2026-05-17 09:00:00+00:00,78071.0,78268.0,78071.0,78224.0,2.34494,142
2026-05-17 10:00:00+00:00,78225.0,78543.0,78224.0,78431.0,26.5587,498
2026-05-17 11:00:00+00:00,78431.0,78443.0,78264.0,78387.0,2.7234,260
2026-05-17 12:00:00+00:00,78392.0,78500.0,78310.0,78321.0,2.47256,93
2026-05-17 13:00:00+00:00,78331.0,78331.0,78165.0,78199.0,3.5546,107
2026-05-17 14:00:00+00:00,78192.0,78192.0,77841.0,78041.0,3.53563,234
2026-05-17 15:00:00+00:00,78016.0,78097.0,77907.0,78024.0,4.28484,130
2026-05-17 16:00:00+00:00,78036.0,78136.0,78019.0,78025.0,4.1305,146
2026-05-17 17:00:00+00:00,78021.0,78076.0,77863.0,78071.0,5.02451,171
2026-05-17 18:00:00+00:00,78065.0,78242.0,78000.0,78242.0,4.22862,257
2026-05-17 19:00:00+00:00,78243.0,78445.0,78193.0,78406.0,9.76455,317
2026-05-17 20:00:00+00:00,78393.0,78419.0,78243.0,78270.0,4.48944,294
2026-05-17 21:00:00+00:00,78254.0,78458.0,78225.0,78382.0,4.0596,271
2026-05-17 22:00:00+00:00,78379.0,78379.0,77751.0,77917.0,37.03704,598
2026-05-17 23:00:00+00:00,77918.0,77950.0,76772.0,77428.0,28.1888,1047
2026-05-18 00:00:00+00:00,77432.0,77454.0,76897.0,77135.0,24.88644,495
2026-05-18 01:00:00+00:00,77166.0,77236.0,76722.0,77085.0,17.77769,564
2026-05-18 02:00:00+00:00,77077.0,77179.0,76689.0,76800.0,6.73752,328
2026-05-18 03:00:00+00:00,76816.0,76984.0,76793.0,76894.0,1.35505,211
2026-05-18 04:00:00+00:00,76893.0,77030.0,76751.0,77030.0,1.79261,219
2026-05-18 05:00:00+00:00,77008.0,77039.0,76845.0,76846.0,7.67358,378
2026-05-18 06:00:00+00:00,76867.0,76935.0,76575.0,76869.0,4.62397,348
2026-05-18 07:00:00+00:00,76910.0,77042.0,76727.0,77026.0,6.39916,321
2026-05-18 08:00:00+00:00,77047.0,77132.0,76867.0,76996.0,2.45967,287
2026-05-18 09:00:00+00:00,77002.0,77017.0,76865.0,76889.0,4.28785,251
2026-05-18 10:00:00+00:00,76901.0,76908.0,76706.0,76750.0,2.77163,135
2026-05-18 11:00:00+00:00,76751.0,77356.0,76653.0,77256.0,9.37156,255
2026-05-18 12:00:00+00:00,77260.0,77751.0,77256.0,77599.0,12.34277,424
2026-05-18 13:00:00+00:00,77599.0,77600.0,76697.0,76906.0,28.90903,803
2026-05-18 14:00:00+00:00,76907.0,76921.0,76230.0,76352.0,21.57894,733
2026-05-18 15:00:00+00:00,76354.0,76438.0,76041.0,76379.0,10.99962,484
2026-05-18 16:00:00+00:00,76325.0,76610.0,76191.0,76368.0,55.58146,587
2026-05-18 17:00:00+00:00,76352.0,76701.0,76329.0,76643.0,34.53045,608
2026-05-18 18:00:00+00:00,76645.0,76651.0,76106.0,76196.0,36.58231,700
2026-05-18 19:00:00+00:00,76166.0,76939.0,76166.0,76863.0,23.63114,603
2026-05-18 20:00:00+00:00,76865.0,77125.0,76838.0,76869.0,3.91537,236
2026-05-18 21:00:00+00:00,76856.0,77127.0,76768.0,77046.0,9.04387,322
2026-05-18 22:00:00+00:00,77047.0,77172.0,76904.0,76952.0,21.57073,537
2026-05-18 23:00:00+00:00,77030.0,77116.0,76892.0,76957.0,23.83819,550
2026-05-19 00:00:00+00:00,76956.0,77345.0,76903.0,77153.0,2.96458,253
2026-05-19 01:00:00+00:00,77070.0,77099.0,76632.0,76632.0,6.1729,260
2026-05-19 02:00:00+00:00,76630.0,76937.0,76440.0,76554.0,4.5547,274
2026-05-19 03:00:00+00:00,76552.0,76808.0,76537.0,76722.0,5.94958,254
2026-05-19 04:00:00+00:00,76717.0,76890.0,76659.0,76865.0,7.58487,190
2026-05-19 05:00:00+00:00,76877.0,76960.0,76601.0,76862.0,2.29406,107
2026-05-19 06:00:00+00:00,76863.0,77053.0,76845.0,76983.0,4.84891,191
2026-05-19 07:00:00+00:00,76958.0,77228.0,76927.0,77168.0,7.84484,419
2026-05-19 08:00:00+00:00,77189.0,77259.0,76936.0,77016.0,12.69841,445
2026-05-19 09:00:00+00:00,77016.0,77022.0,76662.0,76785.0,8.5903,423
2026-05-19 10:00:00+00:00,76754.0,77030.0,76656.0,76980.0,29.59001,342
2026-05-19 11:00:00+00:00,76981.0,77001.0,76600.0,76678.0,7.36522,257
2026-05-19 12:00:00+00:00,76648.0,76929.0,76630.0,76909.0,0.80226,86
2026-05-19 13:00:00+00:00,76899.0,76991.0,76565.0,76821.0,5.3476,217
2026-05-19 14:00:00+00:00,76820.0,76943.0,76107.0,76335.0,20.60186,514
2026-05-19 15:00:00+00:00,76292.0,76610.0,76281.0,76448.0,6.46075,226
2026-05-19 16:00:00+00:00,76466.0,76858.0,76370.0,76832.0,10.41361,300
2026-05-19 17:00:00+00:00,76835.0,76950.0,76710.0,76793.0,21.89817,444
2026-05-19 18:00:00+00:00,76795.0,76879.0,76671.0,76721.0,44.03105,1009
2026-05-19 19:00:00+00:00,76731.0,77000.0,76712.0,76756.0,20.2615,496
2026-05-19 20:00:00+00:00,76756.0,76984.0,76756.0,76981.0,33.01355,713
2026-05-19 21:00:00+00:00,76981.0,76983.0,76912.0,76925.0,6.42547,257
2026-05-19 22:00:00+00:00,76873.0,76873.0,76597.0,76657.0,9.58421,257
2026-05-19 23:00:00+00:00,76627.0,76916.0,76627.0,76772.0,13.09849,377
2026-05-20 00:00:00+00:00,76771.0,76827.0,76459.0,76719.0,28.31223,719
2026-05-20 01:00:00+00:00,76723.0,76837.0,76477.0,76749.0,14.08309,458
2026-05-20 02:00:00+00:00,76776.0,76841.0,76520.0,76617.0,35.18825,500
2026-05-20 03:00:00+00:00,76580.0,76741.0,76532.0,76654.0,2.48928,176
2026-05-20 04:00:00+00:00,76678.0,76754.0,76617.0,76707.0,3.65843,173
2026-05-20 05:00:00+00:00,76744.0,77270.0,76744.0,77148.0,6.19787,351
2026-05-20 06:00:00+00:00,77148.0,77346.0,77133.0,77346.0,2.68006,183
2026-05-20 07:00:00+00:00,77350.0,77397.0,77190.0,77216.0,6.23639,198
2026-05-20 08:00:00+00:00,77207.0,77527.0,77162.0,77398.0,2.97881,214
2026-05-20 09:00:00+00:00,77392.0,77482.0,77317.0,77417.0,10.71666,327
2026-05-20 10:00:00+00:00,77422.0,77594.0,77422.0,77463.0,10.39229,638
2026-05-20 11:00:00+00:00,77462.0,77507.0,77255.0,77330.0,10.40634,603
2026-05-20 12:00:00+00:00,77314.0,77663.0,77314.0,77558.0,10.99995,417
2026-05-20 13:00:00+00:00,77575.0,77586.0,76934.0,77142.0,15.381,734
2026-05-20 14:00:00+00:00,77155.0,77510.0,76838.0,77421.0,12.17443,664
2026-05-20 15:00:00+00:00,77420.0,77799.0,77270.0,77409.0,26.82642,797
2026-05-20 16:00:00+00:00,77409.0,77503.0,76987.0,77283.0,12.48654,606
2026-05-20 17:00:00+00:00,77278.0,77652.0,77178.0,77511.0,12.3898,595
2026-05-20 18:00:00+00:00,77508.0,77565.0,77336.0,77356.0,8.2691,344
2026-05-20 19:00:00+00:00,77346.0,77646.0,77300.0,77596.0,33.24537,653
2026-05-20 20:00:00+00:00,77612.0,77738.0,77455.0,77691.0,79.2008,659
2026-05-20 21:00:00+00:00,77670.0,77725.0,77442.0,77442.0,14.94943,278
2026-05-20 22:00:00+00:00,77441.0,77441.0,77180.0,77434.0,10.25395,279
2026-05-20 23:00:00+00:00,77423.0,77492.0,77327.0,77490.0,6.93744,332
2026-05-21 00:00:00+00:00,77490.0,78055.0,77455.0,77921.0,24.75216,809
2026-05-21 01:00:00+00:00,77937.0,78097.0,77725.0,77789.0,68.18672,1760
2026-05-21 02:00:00+00:00,77793.0,78040.0,77758.0,77901.0,11.93613,571
2026-05-21 03:00:00+00:00,77901.0,78039.0,77836.0,78025.0,7.91944,617
2026-05-21 04:00:00+00:00,78025.0,78111.0,77908.0,77984.0,6.83095,463
2026-05-21 05:00:00+00:00,77973.0,78074.0,77661.0,77765.0,7.02771,471
2026-05-21 06:00:00+00:00,77754.0,77823.0,77498.0,77559.0,19.17087,451
2026-05-21 07:00:00+00:00,77542.0,77830.0,77465.0,77807.0,16.40694,495
2026-05-21 08:00:00+00:00,77808.0,78100.0,77801.0,77872.0,57.90266,1129
2026-05-21 09:00:00+00:00,77872.0,77919.0,77582.0,77582.0,7.8826,477
2026-05-21 10:00:00+00:00,77570.0,77622.0,77132.0,77136.0,5.39635,411
2026-05-21 11:00:00+00:00,77134.0,77312.0,77089.0,77127.0,5.54071,302
2026-05-21 12:00:00+00:00,77164.0,77307.0,77030.0,77215.0,13.4656,539
2026-05-21 13:00:00+00:00,77206.0,77291.0,76677.0,77066.0,28.63851,845
2026-05-21 14:00:00+00:00,77071.0,77180.0,76732.0,76908.0,14.5861,653
2026-05-21 15:00:00+00:00,76909.0,77324.0,76830.0,77193.0,11.71077,626
2026-05-21 16:00:00+00:00,77195.0,77265.0,76936.0,77107.0,29.15467,847
2026-05-21 17:00:00+00:00,77131.0,78035.0,77090.0,77830.0,41.28575,821
2026-05-21 18:00:00+00:00,77826.0,77882.0,77204.0,77327.0,36.19323,669
2026-05-21 19:00:00+00:00,77311.0,77750.0,77311.0,77639.0,8.26407,202
2026-05-21 20:00:00+00:00,77669.0,77733.0,77594.0,77644.0,20.11776,331
2026-05-21 21:00:00+00:00,77670.0,77753.0,77601.0,77603.0,6.51739,184
2026-05-21 22:00:00+00:00,77630.0,77695.0,77493.0,77570.0,10.03388,146
2026-05-21 23:00:00+00:00,77570.0,77703.0,77510.0,77573.0,2.89436,211
2026-05-22 00:00:00+00:00,77573.0,77588.0,77315.0,77319.0,22.01007,569
2026-05-22 01:00:00+00:00,77313.0,77605.0,77269.0,77552.0,9.70177,438
2026-05-22 02:00:00+00:00,77564.0,77677.0,77543.0,77624.0,1.78697,252
2026-05-22 03:00:00+00:00,77621.0,77749.0,77621.0,77713.0,4.81487,226
2026-05-22 04:00:00+00:00,77741.0,77837.0,77585.0,77594.0,3.57107,246
2026-05-22 05:00:00+00:00,77585.0,77656.0,77415.0,77417.0,3.25615,258
2026-05-22 06:00:00+00:00,77421.0,77467.0,77325.0,77362.0,4.2645,256
2026-05-22 07:00:00+00:00,77359.0,77470.0,77224.0,77350.0,25.10966,544
2026-05-22 08:00:00+00:00,77351.0,77476.0,77167.0,77212.0,6.04638,229
2026-05-22 09:00:00+00:00,77208.0,77291.0,77129.0,77279.0,12.27243,156
2026-05-22 10:00:00+00:00,77237.0,77283.0,77201.0,77243.0,2.80588,77
2026-05-22 11:00:00+00:00,77250.0,77357.0,77133.0,77353.0,6.06696,181
2026-05-22 12:00:00+00:00,77353.0,77500.0,77328.0,77426.0,3.48261,174
2026-05-22 13:00:00+00:00,77468.0,77484.0,77081.0,77209.0,7.3276,352
2026-05-22 14:00:00+00:00,77208.0,77208.0,76706.0,76710.0,11.39448,501
2026-05-22 15:00:00+00:00,76700.0,76955.0,76522.0,76740.0,10.71924,567
2026-05-22 16:00:00+00:00,76740.0,76943.0,76718.0,76896.0,51.74921,849
2026-05-22 17:00:00+00:00,76908.0,77038.0,76691.0,76691.0,5.89529,406
2026-05-22 18:00:00+00:00,76707.0,76844.0,76068.0,76465.0,11.35803,553
2026-05-22 19:00:00+00:00,76457.0,76509.0,75623.0,75782.0,27.07691,910
2026-05-22 20:00:00+00:00,75783.0,76003.0,75765.0,75904.0,21.79288,499
2026-05-22 21:00:00+00:00,75900.0,76001.0,75873.0,75895.0,16.10877,434
2026-05-22 22:00:00+00:00,75895.0,75904.0,75500.0,75664.0,23.29641,437
2026-05-22 23:00:00+00:00,75665.0,75795.0,75328.0,75469.0,6.89805,314
2026-05-23 00:00:00+00:00,75468.0,75553.0,75164.0,75301.0,15.26193,502
2026-05-23 01:00:00+00:00,75328.0,75430.0,75290.0,75416.0,4.61805,336
2026-05-23 02:00:00+00:00,75416.0,75528.0,75366.0,75518.0,21.13905,406
2026-05-23 03:00:00+00:00,75509.0,75606.0,75509.0,75579.0,2.25322,289
2026-05-23 04:00:00+00:00,75579.0,75587.0,75442.0,75463.0,34.97691,600
2026-05-23 05:00:00+00:00,75464.0,75484.0,75395.0,75403.0,14.37798,452
2026-05-23 06:00:00+00:00,75403.0,75421.0,75316.0,75327.0,10.03986,367
2026-05-23 07:00:00+00:00,75346.0,75359.0,74240.0,74543.0,23.85176,1160
2026-05-23 08:00:00+00:00,74549.0,74662.0,74300.0,74617.0,15.90543,790
2026-05-23 09:00:00+00:00,74614.0,74694.0,74563.0,74601.0,7.54422,307
2026-05-23 10:00:00+00:00,74609.0,74729.0,74602.0,74663.0,7.36379,245
2026-05-23 11:00:00+00:00,74664.0,74800.0,74663.0,74747.0,5.37162,318
2026-05-23 12:00:00+00:00,74736.0,74739.0,74605.0,74712.0,3.90063,353
2026-05-23 13:00:00+00:00,74718.0,75186.0,74718.0,75173.0,3.44767,226
2026-05-23 14:00:00+00:00,75162.0,75613.0,75042.0,75457.0,18.89659,251
2026-05-23 15:00:00+00:00,75469.0,75602.0,75337.0,75447.0,13.57099,280
2026-05-23 16:00:00+00:00,75448.0,75549.0,75333.0,75393.0,21.2113,287
2026-05-23 17:00:00+00:00,75377.0,75430.0,75330.0,75412.0,29.77873,236
2026-05-23 18:00:00+00:00,75409.0,75891.0,75393.0,75804.0,12.98695,255
2026-05-23 19:00:00+00:00,75798.0,75900.0,75709.0,75892.0,48.44783,333
2026-05-23 20:00:00+00:00,75892.0,77207.0,75882.0,77207.0,48.01355,911
2026-05-23 21:00:00+00:00,77212.0,77299.0,76489.0,76714.0,27.23664,635
2026-05-23 22:00:00+00:00,76750.0,76800.0,76337.0,76500.0,4.91623,163
2026-05-23 23:00:00+00:00,76466.0,76715.0,76461.0,76667.0,4.06017,235
2026-05-24 00:00:00+00:00,76666.0,76841.0,76565.0,76761.0,2.49051,250
2026-05-24 01:00:00+00:00,76765.0,76840.0,76698.0,76809.0,3.56052,164
2026-05-24 02:00:00+00:00,76812.0,76862.0,76633.0,76770.0,4.13084,146
2026-05-24 03:00:00+00:00,76737.0,76891.0,76684.0,76694.0,1.6327,103
2026-05-24 04:00:00+00:00,76670.0,76772.0,76665.0,76708.0,13.83752,151
2026-05-24 05:00:00+00:00,76703.0,76781.0,76570.0,76781.0,25.48594,160
2026-05-24 06:00:00+00:00,76750.0,76981.0,76649.0,76918.0,6.73051,162
2026-05-24 07:00:00+00:00,76924.0,76943.0,76705.0,76706.0,18.98834,248
2026-05-24 08:00:00+00:00,76721.0,76779.0,76658.0,76754.0,14.21061,351
2026-05-24 09:00:00+00:00,76749.0,76950.0,76734.0,76950.0,3.56537,162
2026-05-24 10:00:00+00:00,76941.0,77431.0,76857.0,77120.0,13.95016,398
2026-05-24 11:00:00+00:00,77111.0,77276.0,77111.0,77247.0,7.54384,389
2026-05-24 12:00:00+00:00,77252.0,77253.0,76975.0,77032.0,17.65732,621
2026-05-24 13:00:00+00:00,77037.0,77038.0,76605.0,76702.0,12.44083,667
2026-05-24 14:00:00+00:00,76718.0,76763.0,76146.0,76384.0,6.20199,695
2026-05-24 15:00:00+00:00,76371.0,76461.0,76277.0,76291.0,9.96722,532
2026-05-24 16:00:00+00:00,76294.0,76646.0,76294.0,76575.0,54.97514,1058
2026-05-24 17:00:00+00:00,76582.0,76699.0,76498.0,76623.0,16.11356,340
2026-05-24 18:00:00+00:00,76622.0,76717.0,76534.0,76591.0,9.78258,263
2026-05-24 19:00:00+00:00,76596.0,76705.0,76538.0,76669.0,3.75565,311
2026-05-24 20:00:00+00:00,76713.0,76713.0,76547.0,76589.0,5.39751,290
2026-05-24 21:00:00+00:00,76589.0,76674.0,76041.0,76118.0,8.33056,473
2026-05-24 22:00:00+00:00,76072.0,76931.0,76072.0,76729.0,11.29423,698
2026-05-24 23:00:00+00:00,76746.0,77148.0,76743.0,76994.0,22.91444,609
2026-05-25 00:00:00+00:00,76986.0,77204.0,76986.0,77073.0,18.60785,431
2026-05-25 01:00:00+00:00,77135.0,77183.0,76849.0,76856.0,9.2881,337
2026-05-25 02:00:00+00:00,76900.0,77397.0,76900.0,77024.0,31.38087,535
2026-05-25 03:00:00+00:00,77035.0,77077.0,76932.0,76941.0,34.08422,502
2026-05-25 04:00:00+00:00,76942.0,77373.0,76916.0,77314.0,95.23959,969
2026-05-25 05:00:00+00:00,77305.0,77427.0,77252.0,77327.0,9.45387,245
2026-05-25 06:00:00+00:00,77328.0,77532.0,77150.0,77355.0,5.90342,293
2026-05-25 07:00:00+00:00,77355.0,77442.0,77132.0,77326.0,1.78689,306
2026-05-25 08:00:00+00:00,77326.0,77391.0,77213.0,77371.0,3.31474,275
2026-05-25 09:00:00+00:00,77385.0,77608.0,77359.0,77541.0,8.35939,335
2026-05-25 10:00:00+00:00,77532.0,77614.0,77450.0,77486.0,2.14047,359
2026-05-25 11:00:00+00:00,77482.0,77482.0,77278.0,77303.0,2.42693,301
2026-05-25 12:00:00+00:00,77304.0,77374.0,77249.0,77345.0,11.69833,374
2026-05-25 13:00:00+00:00,77319.0,77394.0,77237.0,77281.0,3.31229,356
2026-05-25 14:00:00+00:00,77281.0,77703.0,77269.0,77657.0,5.59939,413
2026-05-25 15:00:00+00:00,77707.0,77828.0,77512.0,77597.0,21.70111,650
2026-05-25 16:00:00+00:00,77592.0,77762.0,77469.0,77693.0,14.49615,367
2026-05-25 17:00:00+00:00,77693.0,77758.0,77515.0,77516.0,15.28545,387
2026-05-25 18:00:00+00:00,77507.0,77604.0,77500.0,77531.0,36.99106,327
2026-05-25 19:00:00+00:00,77522.0,77522.0,77312.0,77411.0,4.00296,147
2026-05-25 20:00:00+00:00,77412.0,77445.0,77181.0,77240.0,3.44904,199
2026-05-25 21:00:00+00:00,77236.0,77335.0,77230.0,77325.0,2.19345,72
2026-05-25 22:00:00+00:00,77325.0,77377.0,77011.0,77157.0,7.60337,206
2026-05-25 23:00:00+00:00,77071.0,77323.0,77066.0,77293.0,5.46498,244
2026-05-26 00:00:00+00:00,77279.0,77308.0,76537.0,76769.0,9.64898,506
2026-05-26 01:00:00+00:00,76697.0,76817.0,76565.0,76709.0,8.67457,241
2026-05-26 02:00:00+00:00,76712.0,76754.0,76491.0,76593.0,8.38901,380
2026-05-26 03:00:00+00:00,76599.0,76651.0,76434.0,76615.0,1.91274,216
2026-05-26 04:00:00+00:00,76631.0,76750.0,76556.0,76701.0,2.31652,249
2026-05-26 05:00:00+00:00,76701.0,76925.0,76649.0,76853.0,4.33925,161
2026-05-26 06:00:00+00:00,76853.0,76961.0,76724.0,76842.0,2.56531,187
2026-05-26 07:00:00+00:00,76848.0,76854.0,76542.0,76627.0,11.92177,342
2026-05-26 08:00:00+00:00,76653.0,76777.0,76648.0,76664.0,2.06013,114
2026-05-26 09:00:00+00:00,76664.0,76733.0,76589.0,76606.0,10.18048,163
2026-05-26 10:00:00+00:00,76594.0,77545.0,76535.0,77370.0,12.25285,364
2026-05-26 11:00:00+00:00,77381.0,77434.0,77117.0,77124.0,2.7792,203
2026-05-26 12:00:00+00:00,77139.0,77160.0,76847.0,77060.0,9.74454,325
2026-05-26 13:00:00+00:00,77079.0,77373.0,76625.0,77132.0,95.93676,1280
2026-05-26 14:00:00+00:00,77179.0,77999.0,76659.0,76820.0,115.6471,1768
2026-05-26 15:00:00+00:00,76835.0,76913.0,76209.0,76450.0,22.59017,859
2026-05-26 16:00:00+00:00,76440.0,76621.0,76145.0,76465.0,9.05035,543
2026-05-26 17:00:00+00:00,76478.0,76552.0,75780.0,75858.0,31.67882,970
2026-05-26 18:00:00+00:00,75858.0,76172.0,75705.0,75734.0,20.12199,736
2026-05-26 19:00:00+00:00,75735.0,75999.0,75705.0,75934.0,24.7488,719
2026-05-26 20:00:00+00:00,75968.0,76079.0,75898.0,76012.0,3.98501,469
2026-05-26 21:00:00+00:00,76014.0,76019.0,75765.0,75805.0,3.64834,494
2026-05-26 22:00:00+00:00,75808.0,75899.0,75583.0,75656.0,14.60175,544
2026-05-26 23:00:00+00:00,75680.0,75881.0,75679.0,75835.0,1.37551,400
2026-05-27 00:00:00+00:00,75835.0,75987.0,75801.0,75986.0,16.72263,478
2026-05-27 01:00:00+00:00,75979.0,76005.0,75732.0,75781.0,10.14745,527
2026-05-27 02:00:00+00:00,75777.0,75795.0,75600.0,75725.0,4.18239,526
2026-05-27 03:00:00+00:00,75774.0,75866.0,75526.0,75562.0,17.75554,786
2026-05-27 04:00:00+00:00,75561.0,75598.0,75208.0,75475.0,28.81857,1066
2026-05-27 05:00:00+00:00,75474.0,75632.0,75474.0,75621.0,27.05674,797
2026-05-27 06:00:00+00:00,75604.0,75792.0,75582.0,75739.0,18.89299,664
2026-05-27 07:00:00+00:00,75742.0,75888.0,75674.0,75888.0,39.51987,608
2026-05-27 08:00:00+00:00,75876.0,75974.0,75762.0,75778.0,5.81433,424
2026-05-27 09:00:00+00:00,75777.0,75893.0,75633.0,75824.0,13.52741,522
2026-05-27 10:00:00+00:00,75820.0,75950.0,75777.0,75838.0,4.71341,357
2026-05-27 11:00:00+00:00,75809.0,75920.0,75649.0,75650.0,12.51557,750
2026-05-27 12:00:00+00:00,75666.0,76013.0,75473.0,75578.0,11.63408,681
2026-05-27 13:00:00+00:00,75606.0,75656.0,74762.0,74949.0,23.69306,1119
2026-05-27 14:00:00+00:00,74954.0,75129.0,74669.0,74950.0,10.84959,642
2026-05-27 15:00:00+00:00,74931.0,75378.0,74885.0,75212.0,8.60602,609
2026-05-27 16:00:00+00:00,75215.0,75296.0,74904.0,75204.0,10.87134,614
2026-05-27 17:00:00+00:00,75204.0,75242.0,74606.0,74765.0,18.80959,705
2026-05-27 18:00:00+00:00,74757.0,74925.0,74533.0,74911.0,61.30919,927
2026-05-27 19:00:00+00:00,74927.0,74976.0,74854.0,74951.0,14.22274,749
2026-05-27 20:00:00+00:00,74960.0,75303.0,74960.0,75179.0,16.15428,512
2026-05-27 21:00:00+00:00,75171.0,75171.0,74268.0,74375.0,10.14672,723
2026-05-27 22:00:00+00:00,74392.0,74675.0,74207.0,74339.0,9.08151,894
2026-05-27 23:00:00+00:00,74310.0,74492.0,74159.0,74350.0,35.28754,771
2026-05-28 00:00:00+00:00,74350.0,74484.0,74265.0,74452.0,11.37484,628
2026-05-28 01:00:00+00:00,74453.0,74472.0,74067.0,74230.0,8.97389,710
2026-05-28 02:00:00+00:00,74257.0,74282.0,74039.0,74175.0,14.7923,691
2026-05-28 03:00:00+00:00,74176.0,74264.0,73000.0,73177.0,39.32372,1804
2026-05-28 04:00:00+00:00,73170.0,73175.0,72667.0,73081.0,20.11469,1222
2026-05-28 05:00:00+00:00,73082.0,73085.0,72827.0,72885.0,17.12498,684
2026-05-28 06:00:00+00:00,72883.0,73098.0,72679.0,73081.0,21.75145,786
2026-05-28 07:00:00+00:00,73097.0,73390.0,73057.0,73390.0,13.28587,728
2026-05-28 08:00:00+00:00,73387.0,73387.0,73117.0,73225.0,5.7591,682
2026-05-28 09:00:00+00:00,73221.0,73461.0,73169.0,73439.0,5.92741,632
2026-05-28 10:00:00+00:00,73434.0,73503.0,73250.0,73300.0,4.94062,567
2026-05-28 11:00:00+00:00,73300.0,73435.0,73233.0,73407.0,13.1744,686
2026-05-28 12:00:00+00:00,73408.0,73477.0,73164.0,73431.0,11.66813,588
2026-05-28 13:00:00+00:00,73430.0,73478.0,72685.0,72918.0,10.11407,785
2026-05-28 14:00:00+00:00,72924.0,73457.0,72501.0,72934.0,28.69857,1283
2026-05-28 15:00:00+00:00,72932.0,73069.0,72607.0,72826.0,8.22333,737
2026-05-28 16:00:00+00:00,72831.0,73343.0,72657.0,73343.0,10.24652,561
2026-05-28 17:00:00+00:00,73359.0,73625.0,73228.0,73462.0,17.72223,729
2026-05-28 18:00:00+00:00,73463.0,73655.0,73433.0,73572.0,2.64469,421
2026-05-28 19:00:00+00:00,73573.0,73573.0,73315.0,73315.0,5.77854,460
2026-05-28 20:00:00+00:00,73338.0,73642.0,73181.0,73494.0,15.53858,675
2026-05-28 21:00:00+00:00,73521.0,73836.0,73484.0,73743.0,9.8058,475
2026-05-28 22:00:00+00:00,73746.0,73856.0,73381.0,73382.0,9.80681,407
2026-05-28 23:00:00+00:00,73381.0,73634.0,73381.0,73547.0,7.98457,356
2026-05-29 00:00:00+00:00,73544.0,73783.0,73544.0,73635.0,18.37108,517
2026-05-29 01:00:00+00:00,73660.0,73784.0,73393.0,73528.0,10.45275,366
2026-05-29 02:00:00+00:00,73517.0,73560.0,73105.0,73133.0,7.0193,357
2026-05-29 03:00:00+00:00,73145.0,73370.0,73145.0,73218.0,2.84501,176
2026-05-29 04:00:00+00:00,73218.0,73424.0,73143.0,73424.0,3.31683,143
2026-05-29 05:00:00+00:00,73428.0,73632.0,73414.0,73632.0,4.28516,252
2026-05-29 06:00:00+00:00,73612.0,73840.0,73578.0,73712.0,12.06857,283
2026-05-29 07:00:00+00:00,73711.0,73758.0,73320.0,73446.0,14.98227,462
2026-05-29 08:00:00+00:00,73448.0,73755.0,73448.0,73577.0,8.8056,539
2026-05-29 09:00:00+00:00,73594.0,73836.0,73579.0,73681.0,4.75822,521
2026-05-29 10:00:00+00:00,73681.0,73681.0,73527.0,73574.0,3.41631,349
2026-05-29 11:00:00+00:00,73533.0,73619.0,73277.0,73408.0,4.10108,387
2026-05-29 12:00:00+00:00,73408.0,73408.0,73139.0,73219.0,2.09542,379
2026-05-29 13:00:00+00:00,73218.0,73250.0,72837.0,73050.0,29.60227,842
2026-05-29 14:00:00+00:00,73069.0,73114.0,72450.0,73020.0,42.5315,1486
2026-05-29 15:00:00+00:00,73019.0,74111.0,72927.0,73738.0,25.78859,1500
2026-05-29 16:00:00+00:00,73738.0,74032.0,73501.0,73982.0,12.3015,1008
2026-05-29 17:00:00+00:00,73991.0,74247.0,73839.0,73897.0,35.22364,1237
2026-05-29 18:00:00+00:00,73904.0,73994.0,73135.0,73294.0,17.487,1129
2026-05-29 19:00:00+00:00,73297.0,73654.0,73189.0,73459.0,11.95239,874
2026-05-29 20:00:00+00:00,73451.0,73685.0,73451.0,73606.0,40.06871,840
2026-05-29 21:00:00+00:00,73611.0,73776.0,73348.0,73348.0,5.92041,539
2026-05-29 22:00:00+00:00,73349.0,73491.0,73312.0,73412.0,0.88484,270
2026-05-29 23:00:00+00:00,73404.0,73432.0,73252.0,73408.0,4.91692,309
2026-05-30 00:00:00+00:00,73407.0,73494.0,73343.0,73465.0,6.49879,430
2026-05-30 01:00:00+00:00,73452.0,73587.0,73411.0,73584.0,4.12929,254
2026-05-30 02:00:00+00:00,73587.0,73700.0,73540.0,73700.0,9.05889,165
2026-05-30 03:00:00+00:00,73693.0,73706.0,73460.0,73487.0,0.64244,105
2026-05-30 04:00:00+00:00,73464.0,73498.0,73153.0,73315.0,5.25359,343
2026-05-30 05:00:00+00:00,73323.0,73558.0,73285.0,73530.0,3.40514,234
2026-05-30 06:00:00+00:00,73543.0,73640.0,73465.0,73520.0,4.20315,188
2026-05-30 07:00:00+00:00,73526.0,73526.0,73422.0,73479.0,1.60303,125
2026-05-30 08:00:00+00:00,73479.0,73489.0,73443.0,73449.0,7.03737,241
2026-05-30 09:00:00+00:00,73454.0,73545.0,73448.0,73541.0,2.72121,259
2026-05-30 10:00:00+00:00,73541.0,73609.0,73527.0,73561.0,4.37835,329
2026-05-30 11:00:00+00:00,73554.0,73569.0,73488.0,73526.0,3.27865,463
2026-05-30 12:00:00+00:00,73526.0,73639.0,73526.0,73620.0,11.18072,446
2026-05-30 13:00:00+00:00,73620.0,73757.0,73601.0,73755.0,8.48162,395
2026-05-30 14:00:00+00:00,73755.0,74016.0,73749.0,73859.0,9.84468,602
2026-05-30 15:00:00+00:00,73864.0,73956.0,73773.0,73835.0,2.93984,406
2026-05-30 16:00:00+00:00,73835.0,73917.0,73797.0,73866.0,12.06713,421
2026-05-30 17:00:00+00:00,73862.0,73957.0,73749.0,73945.0,9.24958,360
2026-05-30 18:00:00+00:00,73943.0,74045.0,73878.0,73958.0,22.38835,509
2026-05-30 19:00:00+00:00,73959.0,73985.0,73900.0,73924.0,3.31657,219
2026-05-30 20:00:00+00:00,73927.0,73927.0,73835.0,73876.0,4.40763,334
2026-05-30 21:00:00+00:00,73891.0,73961.0,73856.0,73874.0,6.44252,228
2026-05-30 22:00:00+00:00,73861.0,73862.0,73721.0,73805.0,3.31709,224
2026-05-30 23:00:00+00:00,73807.0,73920.0,73711.0,73780.0,2.01584,199
2026-05-31 00:00:00+00:00,73799.0,73956.0,73773.0,73951.0,2.68752,221
2026-05-31 01:00:00+00:00,73944.0,74186.0,73944.0,73984.0,10.77876,398
2026-05-31 02:00:00+00:00,73989.0,74162.0,73821.0,74011.0,3.20034,244
2026-05-31 03:00:00+00:00,74035.0,74146.0,73991.0,74067.0,2.91416,195
2026-05-31 04:00:00+00:00,74064.0,74128.0,74028.0,74106.0,9.75907,286
2026-05-31 05:00:00+00:00,74103.0,74120.0,73962.0,73980.0,10.99219,417
2026-05-31 06:00:00+00:00,73972.0,74012.0,73909.0,73991.0,1.76032,338
2026-05-31 07:00:00+00:00,73991.0,73991.0,73768.0,73797.0,5.30811,499
2026-05-31 08:00:00+00:00,73796.0,73910.0,73777.0,73875.0,3.36955,365
2026-05-31 09:00:00+00:00,73870.0,73942.0,73739.0,73768.0,9.90105,512
2026-05-31 10:00:00+00:00,73768.0,73820.0,73662.0,73819.0,8.10277,411
2026-05-31 11:00:00+00:00,73838.0,73916.0,73826.0,73894.0,4.47283,314
2026-05-31 12:00:00+00:00,73879.0,73923.0,73803.0,73840.0,5.39522,335
2026-05-31 13:00:00+00:00,73840.0,73944.0,73749.0,73804.0,4.1401,276
2026-05-31 14:00:00+00:00,73804.0,73804.0,73448.0,73529.0,17.45503,576
2026-05-31 15:00:00+00:00,73544.0,73703.0,73528.0,73594.0,9.28934,343
2026-05-31 16:00:00+00:00,73585.0,73639.0,73309.0,73450.0,9.16771,262
2026-05-31 17:00:00+00:00,73448.0,73666.0,73408.0,73618.0,6.14975,174
2026-05-31 18:00:00+00:00,73618.0,73636.0,73523.0,73552.0,7.12324,302
2026-05-31 19:00:00+00:00,73546.0,73581.0,73391.0,73489.0,2.47308,436
2026-05-31 20:00:00+00:00,73507.0,73680.0,73507.0,73659.0,9.13023,396
2026-05-31 21:00:00+00:00,73664.0,73823.0,73540.0,73814.0,5.82431,296
2026-05-31 22:00:00+00:00,73804.0,73923.0,73610.0,73870.0,14.47407,390
2026-05-31 23:00:00+00:00,73871.0,74092.0,73436.0,73624.0,2.5158,302
2026-06-01 00:00:00+00:00,73605.0,73997.0,73574.0,73811.0,8.99767,391
2026-06-01 01:00:00+00:00,73819.0,73821.0,73205.0,73207.0,3.05253,436
2026-06-01 02:00:00+00:00,73204.0,73782.0,73164.0,73712.0,14.39876,492
2026-06-01 03:00:00+00:00,73713.0,73911.0,73660.0,73680.0,7.64361,239
2026-06-01 04:00:00+00:00,73680.0,73757.0,73281.0,73464.0,9.40503,294
2026-06-01 05:00:00+00:00,73460.0,73466.0,73266.0,73275.0,9.7574,214
2026-06-01 06:00:00+00:00,73281.0,73295.0,72905.0,73059.0,10.73094,358
2026-06-01 07:00:00+00:00,73050.0,73119.0,72646.0,72739.0,11.93209,585
2026-06-01 08:00:00+00:00,72765.0,72855.0,72556.0,72827.0,6.63235,487
2026-06-01 09:00:00+00:00,72837.0,73026.0,72760.0,72812.0,12.19252,614
2026-06-01 10:00:00+00:00,72836.0,72836.0,72530.0,72673.0,10.45198,651
2026-06-01 11:00:00+00:00,72682.0,72694.0,72232.0,72390.0,25.67745,758
2026-06-01 12:00:00+00:00,72419.0,72525.0,71881.0,72157.0,29.99559,1374
2026-06-01 13:00:00+00:00,72162.0,72169.0,71320.0,71638.0,52.16443,1624
2026-06-01 14:00:00+00:00,71641.0,71798.0,71324.0,71437.0,14.16646,793
2026-06-01 15:00:00+00:00,71462.0,71579.0,70976.0,71025.0,21.86154,1148
2026-06-01 16:00:00+00:00,71026.0,71500.0,70611.0,71483.0,24.6033,1104
2026-06-01 17:00:00+00:00,71480.0,71725.0,71400.0,71582.0,28.84368,980
2026-06-01 18:00:00+00:00,71576.0,71604.0,71316.0,71432.0,9.32212,665
2026-06-01 19:00:00+00:00,71425.0,71602.0,71319.0,71527.0,4.24929,489
2026-06-01 20:00:00+00:00,71524.0,71624.0,71357.0,71373.0,12.21951,642
2026-06-01 21:00:00+00:00,71377.0,71377.0,70885.0,70960.0,10.09178,535
2026-06-01 22:00:00+00:00,70934.0,71373.0,70768.0,71346.0,33.00596,524
2026-06-01 23:00:00+00:00,71332.0,71500.0,71152.0,71340.0,25.64976,759
2026-06-02 00:00:00+00:00,71343.0,71343.0,71029.0,71200.0,8.59497,366
2026-06-02 01:00:00+00:00,71222.0,71290.0,70536.0,70565.0,7.08111,546
2026-06-02 02:00:00+00:00,70565.0,70800.0,70100.0,70750.0,19.9142,914
2026-06-02 03:00:00+00:00,70771.0,70957.0,70721.0,70884.0,5.81043,679
2026-06-02 04:00:00+00:00,70911.0,70958.0,70638.0,70732.0,11.9057,258
2026-06-02 05:00:00+00:00,70729.0,70747.0,70186.0,70189.0,7.90355,413
2026-06-02 06:00:00+00:00,70186.0,70354.0,69900.0,70035.0,29.40464,1029
2026-06-02 07:00:00+00:00,70041.0,70188.0,69687.0,70038.0,34.32742,1182
2026-06-02 08:00:00+00:00,70046.0,70096.0,69656.0,69732.0,23.18171,752
2026-06-02 09:00:00+00:00,69733.0,69767.0,69267.0,69331.0,22.32195,1144
2026-06-02 10:00:00+00:00,69331.0,69657.0,69267.0,69564.0,12.51344,746
2026-06-02 11:00:00+00:00,69560.0,69570.0,69339.0,69391.0,12.56682,603
2026-06-02 12:00:00+00:00,69388.0,69447.0,68930.0,68930.0,55.64075,1505
2026-06-02 13:00:00+00:00,68930.0,69098.0,68667.0,68725.0,58.6409,1462
2026-06-02 14:00:00+00:00,68708.0,68708.0,67573.0,67916.0,117.36333,3624
2026-06-02 15:00:00+00:00,67915.0,67975.0,66983.0,67221.0,100.00865,3376
2026-06-02 16:00:00+00:00,67202.0,68051.0,67154.0,67324.0,75.35941,2098
2026-06-02 17:00:00+00:00,67328.0,67766.0,67300.0,67403.0,18.42895,1561
2026-06-02 18:00:00+00:00,67408.0,67562.0,67057.0,67252.0,31.31079,1423
2026-06-02 19:00:00+00:00,67252.0,67417.0,66399.0,67219.0,79.36828,2339
2026-06-02 20:00:00+00:00,67241.0,67603.0,66838.0,67505.0,60.96068,1814
2026-06-02 21:00:00+00:00,67512.0,67840.0,67334.0,67481.0,18.08313,998
2026-06-02 22:00:00+00:00,67472.0,67472.0,66200.0,66300.0,32.88164,1315
2026-06-02 23:00:00+00:00,66313.0,66790.0,66133.0,66689.0,30.17087,1218
2026-06-03 00:00:00+00:00,66688.0,67106.0,66583.0,66873.0,29.82535,1214
2026-06-03 01:00:00+00:00,66873.0,66973.0,66400.0,66846.0,42.18223,1380
2026-06-03 02:00:00+00:00,66843.0,66860.0,66522.0,66551.0,8.89887,689
2026-06-03 03:00:00+00:00,66554.0,66582.0,65429.0,65778.0,107.70263,2436
2026-06-03 04:00:00+00:00,65778.0,66560.0,65766.0,66405.0,41.05027,1106
2026-06-03 05:00:00+00:00,66419.0,67336.0,66412.0,67273.0,11.65046,974
2026-06-03 06:00:00+00:00,67288.0,67441.0,66900.0,66902.0,19.34688,699
2026-06-03 07:00:00+00:00,66893.0,67253.0,66806.0,67145.0,75.63153,897
2026-06-03 08:00:00+00:00,67129.0,67175.0,66907.0,66950.0,22.23989,501
2026-06-03 09:00:00+00:00,66950.0,67236.0,66591.0,67015.0,92.8278,1428
2026-06-03 10:00:00+00:00,67005.0,67374.0,66999.0,67229.0,22.50556,537
2026-06-03 11:00:00+00:00,67205.0,67294.0,67001.0,67001.0,20.54634,322
2026-06-03 12:00:00+00:00,67012.0,67106.0,66722.0,67021.0,26.34942,538
2026-06-03 13:00:00+00:00,67043.0,67164.0,66572.0,66811.0,47.90945,1042
2026-06-03 14:00:00+00:00,66809.0,66900.0,66584.0,66780.0,22.27787,751
2026-06-03 15:00:00+00:00,66778.0,66810.0,65999.0,65999.0,94.23602,1459
2026-06-03 16:00:00+00:00,66000.0,66286.0,65489.0,65988.0,60.87495,1692
2026-06-03 17:00:00+00:00,65995.0,66107.0,65622.0,65896.0,72.54565,1450
2026-06-03 18:00:00+00:00,65897.0,66090.0,65687.0,65981.0,19.38565,681
2026-06-03 19:00:00+00:00,65978.0,65997.0,65180.0,65393.0,268.57227,3467
2026-06-03 20:00:00+00:00,65374.0,65532.0,64716.0,64932.0,38.98881,1762
2026-06-03 21:00:00+00:00,64947.0,65771.0,64892.0,65665.0,38.41896,1134
2026-06-03 22:00:00+00:00,65681.0,65761.0,64720.0,64771.0,41.41305,1161
2026-06-03 23:00:00+00:00,64847.0,64891.0,64023.0,64039.0,57.39786,1585
2026-06-04 00:00:00+00:00,64067.0,64344.0,62943.0,63280.0,111.44212,3377
2026-06-04 01:00:00+00:00,63280.0,63433.0,62062.0,62121.0,121.70574,3220
2026-06-04 02:00:00+00:00,62138.0,63571.0,61368.0,63171.0,146.49486,3587
2026-06-04 03:00:00+00:00,63178.0,64487.0,63178.0,64309.0,64.1485,1562
2026-06-04 04:00:00+00:00,64324.0,64713.0,64246.0,64361.0,45.82716,1016
2026-06-04 05:00:00+00:00,64349.0,64349.0,63618.0,63923.0,36.03184,1007
2026-06-04 06:00:00+00:00,63893.0,64444.0,63858.0,63997.0,59.32299,1179
2026-06-04 07:00:00+00:00,63997.0,64027.0,63481.0,63580.0,81.91587,1000
2026-06-04 08:00:00+00:00,63579.0,63864.0,63230.0,63592.0,128.18999,1583
2026-06-04 09:00:00+00:00,63565.0,63566.0,62667.0,63207.0,57.13298,1156
2026-06-04 10:00:00+00:00,63213.0,63213.0,62267.0,62388.0,62.00356,1266
2026-06-04 11:00:00+00:00,62378.0,62781.0,62186.0,62500.0,75.13044,1172
2026-06-04 12:00:00+00:00,62499.0,63929.0,62370.0,63711.0,108.28181,1778
2026-06-04 13:00:00+00:00,63709.0,64184.0,63010.0,64172.0,89.9039,1497
2026-06-04 14:00:00+00:00,64198.0,64452.0,63754.0,63918.0,36.91546,1006
2026-06-04 15:00:00+00:00,63887.0,64360.0,63659.0,63849.0,28.82714,824
2026-06-04 16:00:00+00:00,63852.0,63864.0,63394.0,63501.0,89.97008,1393
2026-06-04 17:00:00+00:00,63481.0,63659.0,62921.0,63485.0,29.50613,1034
2026-06-04 18:00:00+00:00,63485.0,64033.0,63085.0,63773.0,18.54387,972
2026-06-04 19:00:00+00:00,63772.0,64077.0,63479.0,63586.0,24.03907,928
2026-06-04 20:00:00+00:00,63567.0,63612.0,63150.0,63598.0,51.53086,868
2026-06-04 21:00:00+00:00,63568.0,63830.0,63103.0,63243.0,23.74913,630
2026-06-04 22:00:00+00:00,63227.0,63717.0,63146.0,63717.0,21.99501,864
2026-06-04 23:00:00+00:00,63686.0,63868.0,63341.0,63833.0,17.67583,511
2026-06-05 00:00:00+00:00,63834.0,63926.0,63351.0,63396.0,36.72074,780
2026-06-05 01:00:00+00:00,63355.0,63498.0,63007.0,63345.0,17.63922,682
2026-06-05 02:00:00+00:00,63351.0,63355.0,62553.0,62565.0,11.87422,643
2026-06-05 03:00:00+00:00,62566.0,62825.0,62302.0,62660.0,16.39973,678
2026-06-05 04:00:00+00:00,62700.0,63580.0,62490.0,63580.0,43.09821,909
2026-06-05 05:00:00+00:00,63590.0,63623.0,62236.0,62284.0,34.7845,934
2026-06-05 06:00:00+00:00,62309.0,62585.0,61153.0,61896.0,90.27049,2956
2026-06-05 07:00:00+00:00,61924.0,63060.0,61341.0,63060.0,65.93883,1590
2026-06-05 08:00:00+00:00,63060.0,63060.0,62283.0,62431.0,37.52856,716
2026-06-05 09:00:00+00:00,62419.0,63204.0,62419.0,62824.0,45.1063,967
2026-06-05 10:00:00+00:00,62846.0,62905.0,62366.0,62517.0,58.99149,671
2026-06-05 11:00:00+00:00,62500.0,62604.0,61940.0,61948.0,104.5844,984
2026-06-05 12:00:00+00:00,61938.0,62404.0,61599.0,61927.0,34.94278,1044
2026-06-05 13:00:00+00:00,61934.0,62267.0,60714.0,60723.0,88.19404,2422
2026-06-05 14:00:00+00:00,60712.0,61236.0,60331.0,60843.0,98.38411,3255
2026-06-05 15:00:00+00:00,60850.0,61081.0,60048.0,60434.0,116.96223,2898
2026-06-05 16:00:00+00:00,60432.0,61541.0,59768.0,61379.0,140.17011,4421
2026-06-05 17:00:00+00:00,61378.0,61485.0,60634.0,60789.0,138.19574,2088
2026-06-05 18:00:00+00:00,60791.0,60917.0,59138.0,59366.0,157.33635,4105
2026-06-05 19:00:00+00:00,59381.0,60443.0,59128.0,60321.0,220.97053,3956
2026-06-05 20:00:00+00:00,60294.0,61748.0,59935.0,61657.0,123.18297,2335
2026-06-05 21:00:00+00:00,61657.0,61992.0,61463.0,61684.0,64.6396,1444
2026-06-05 22:00:00+00:00,61641.0,61967.0,61232.0,61601.0,44.2978,1405
2026-06-05 23:00:00+00:00,61610.0,61760.0,60532.0,61053.0,30.42496,1327
2026-06-06 00:00:00+00:00,61052.0,61519.0,61052.0,61270.0,23.10861,828
2026-06-06 01:00:00+00:00,61307.0,61385.0,60952.0,61080.0,35.57975,955
2026-06-06 02:00:00+00:00,61056.0,61164.0,60675.0,60951.0,5.96441,616
2026-06-06 03:00:00+00:00,60934.0,60952.0,60531.0,60685.0,23.81016,754
2026-06-06 04:00:00+00:00,60713.0,60864.0,59501.0,60098.0,43.6306,1641
2026-06-06 05:00:00+00:00,60099.0,61034.0,59635.0,60939.0,50.85351,1639
2026-06-06 06:00:00+00:00,60945.0,61263.0,60682.0,60763.0,12.40391,878
2026-06-06 07:00:00+00:00,60780.0,61216.0,60730.0,60975.0,12.63945,716
2026-06-06 08:00:00+00:00,60969.0,61487.0,60886.0,61271.0,46.36963,800
2026-06-06 09:00:00+00:00,61268.0,61369.0,60889.0,60958.0,47.36924,1209
2026-06-06 10:00:00+00:00,60966.0,60966.0,60216.0,60604.0,153.89986,1806
2026-06-06 11:00:00+00:00,60580.0,60942.0,60575.0,60795.0,30.9852,535
2026-06-06 12:00:00+00:00,60796.0,61145.0,60635.0,61015.0,24.3791,639
2026-06-06 13:00:00+00:00,61017.0,61087.0,60701.0,60798.0,14.02014,629
2026-06-06 14:00:00+00:00,60787.0,61016.0,60778.0,60788.0,65.47642,759
2026-06-06 15:00:00+00:00,60804.0,60905.0,60400.0,60775.0,13.79931,661
2026-06-06 16:00:00+00:00,60734.0,60945.0,60493.0,60762.0,7.63418,573
2026-06-06 17:00:00+00:00,60768.0,60833.0,60500.0,60576.0,4.74834,285
2026-06-06 18:00:00+00:00,60579.0,60723.0,60391.0,60624.0,18.28707,593
2026-06-06 19:00:00+00:00,60606.0,60774.0,60514.0,60584.0,11.75371,677
2026-06-06 20:00:00+00:00,60584.0,60739.0,60505.0,60681.0,9.14191,497
2026-06-06 21:00:00+00:00,60690.0,60981.0,60688.0,60774.0,25.20419,448
2026-06-06 22:00:00+00:00,60731.0,60794.0,60394.0,60601.0,32.04383,626
2026-06-06 23:00:00+00:00,60547.0,60927.0,60540.0,60876.0,7.06368,292
2026-06-07 00:00:00+00:00,60875.0,60964.0,60743.0,60782.0,12.57349,261
2026-06-07 01:00:00+00:00,60766.0,61635.0,60750.0,61497.0,17.61479,568
2026-06-07 02:00:00+00:00,61470.0,61545.0,61183.0,61488.0,3.31747,205
2026-06-07 03:00:00+00:00,61488.0,61759.0,61415.0,61713.0,46.27824,608
2026-06-07 04:00:00+00:00,61699.0,61905.0,61487.0,61896.0,68.10167,989
2026-06-07 05:00:00+00:00,61888.0,62118.0,61649.0,61750.0,11.03212,653
2026-06-07 06:00:00+00:00,61758.0,62250.0,61617.0,62102.0,20.20779,581
2026-06-07 07:00:00+00:00,62072.0,62400.0,61990.0,62397.0,10.6255,441
2026-06-07 08:00:00+00:00,62384.0,62962.0,62267.0,62851.0,15.37662,660
2026-06-07 09:00:00+00:00,62831.0,62914.0,62422.0,62544.0,23.89138,618
2026-06-07 10:00:00+00:00,62547.0,62570.0,62312.0,62384.0,17.14688,384
2026-06-07 11:00:00+00:00,62378.0,62740.0,62376.0,62610.0,55.01772,1103
2026-06-07 12:00:00+00:00,62619.0,62633.0,61575.0,61890.0,22.19854,906
2026-06-07 13:00:00+00:00,61894.0,61899.0,61661.0,61713.0,8.56981,467
2026-06-07 14:00:00+00:00,61711.0,62311.0,61711.0,61906.0,8.86953,617
2026-06-07 15:00:00+00:00,61911.0,62201.0,61675.0,62078.0,13.07349,554
2026-06-07 16:00:00+00:00,62091.0,62307.0,61962.0,62061.0,18.88607,536
2026-06-07 17:00:00+00:00,62070.0,62313.0,62040.0,62150.0,10.78627,375
2026-06-07 18:00:00+00:00,62150.0,62274.0,62017.0,62017.0,9.41909,411
2026-06-07 19:00:00+00:00,62017.0,62017.0,61181.0,61309.0,30.45199,824
2026-06-07 20:00:00+00:00,61317.0,61951.0,61212.0,61869.0,10.94079,350
2026-06-07 21:00:00+00:00,61880.0,61989.0,61666.0,61794.0,6.85838,237
2026-06-07 22:00:00+00:00,61781.0,64141.0,61761.0,62854.0,60.35169,2096
2026-06-07 23:00:00+00:00,62847.0,63434.0,62806.0,63331.0,13.79669,573
2026-06-08 00:00:00+00:00,63316.0,63850.0,63142.0,63632.0,79.25958,1002
2026-06-08 01:00:00+00:00,63626.0,63626.0,62734.0,63171.0,18.45759,545
2026-06-08 02:00:00+00:00,63229.0,63250.0,62922.0,63130.0,10.83467,319
2026-06-08 03:00:00+00:00,63118.0,63456.0,62989.0,63106.0,17.16048,331
2026-06-08 04:00:00+00:00,63129.0,63150.0,62653.0,62700.0,11.32331,309
2026-06-08 05:00:00+00:00,62690.0,62815.0,62412.0,62722.0,14.35488,331
2026-06-08 06:00:00+00:00,62746.0,63106.0,62745.0,62977.0,4.00861,193
2026-06-08 07:00:00+00:00,62983.0,63319.0,62805.0,63253.0,7.58182,331
2026-06-08 08:00:00+00:00,63241.0,63241.0,62973.0,63135.0,3.26223,186
2026-06-08 09:00:00+00:00,63113.0,63541.0,63113.0,63471.0,6.12561,357
2026-06-08 10:00:00+00:00,63461.0,63511.0,63079.0,63109.0,5.06647,247
2026-06-08 11:00:00+00:00,63115.0,63840.0,63038.0,63461.0,18.36649,569
2026-06-08 12:00:00+00:00,63472.0,63908.0,62695.0,63840.0,61.83025,1146
2026-06-08 13:00:00+00:00,63848.0,63918.0,63340.0,63779.0,39.82529,1078
2026-06-08 14:00:00+00:00,63731.0,64080.0,63569.0,63947.0,42.55525,783
2026-06-08 15:00:00+00:00,63971.0,64197.0,63708.0,63717.0,24.06531,549
2026-06-08 16:00:00+00:00,63750.0,64010.0,63473.0,63542.0,50.61327,652
2026-06-08 17:00:00+00:00,63543.0,63652.0,63286.0,63521.0,47.14965,817
2026-06-08 18:00:00+00:00,63541.0,63676.0,63338.0,63455.0,11.56804,410
2026-06-08 19:00:00+00:00,63444.0,63575.0,63350.0,63355.0,10.44529,403
2026-06-08 20:00:00+00:00,63393.0,63483.0,63165.0,63482.0,16.85665,636
2026-06-08 21:00:00+00:00,63484.0,63834.0,63481.0,63726.0,4.04392,497
2026-06-08 22:00:00+00:00,63715.0,63715.0,63199.0,63446.0,18.42618,542
2026-06-08 23:00:00+00:00,63434.0,63598.0,63000.0,63090.0,9.01405,463
2026-06-09 00:00:00+00:00,63092.0,63160.0,62430.0,62570.0,13.77498,525
2026-06-09 01:00:00+00:00,62604.0,62861.0,62557.0,62781.0,5.33793,271
2026-06-09 02:00:00+00:00,62766.0,62847.0,62539.0,62847.0,5.36969,189
2026-06-09 03:00:00+00:00,62861.0,62962.0,62694.0,62863.0,5.64698,368
2026-06-09 04:00:00+00:00,62865.0,63414.0,62743.0,63213.0,20.83066,576
2026-06-09 05:00:00+00:00,63209.0,63497.0,63093.0,63322.0,29.70945,536
2026-06-09 06:00:00+00:00,63337.0,63489.0,63208.0,63277.0,3.8762,397
2026-06-09 07:00:00+00:00,63277.0,63410.0,63002.0,63182.0,26.15249,449
2026-06-09 08:00:00+00:00,63195.0,63195.0,62770.0,62829.0,21.26941,496
2026-06-09 09:00:00+00:00,62840.0,62930.0,62599.0,62706.0,6.25814,530
2026-06-09 10:00:00+00:00,62726.0,62800.0,62597.0,62786.0,14.05351,448
2026-06-09 11:00:00+00:00,62762.0,62805.0,62491.0,62696.0,6.71111,473
2026-06-09 12:00:00+00:00,62684.0,62878.0,62435.0,62616.0,35.45294,769
2026-06-09 13:00:00+00:00,62670.0,62709.0,62148.0,62261.0,26.28959,1325
2026-06-09 14:00:00+00:00,62259.0,62369.0,61132.0,61510.0,51.30936,2174
2026-06-09 15:00:00+00:00,61510.0,61667.0,61010.0,61102.0,23.21404,1154
2026-06-09 16:00:00+00:00,61095.0,61442.0,60753.0,61358.0,32.5058,1502
2026-06-09 17:00:00+00:00,61369.0,61863.0,61361.0,61650.0,53.76764,966
2026-06-09 18:00:00+00:00,61669.0,61899.0,61551.0,61742.0,15.30682,706
2026-06-09 19:00:00+00:00,61727.0,62068.0,61678.0,62068.0,16.04218,602
2026-06-09 20:00:00+00:00,62069.0,62230.0,61924.0,62129.0,11.39679,376
2026-06-09 21:00:00+00:00,62135.0,62146.0,61663.0,61726.0,14.91998,492
2026-06-09 22:00:00+00:00,61728.0,61925.0,61640.0,61686.0,5.28381,396
2026-06-09 23:00:00+00:00,61687.0,61848.0,61538.0,61698.0,6.42071,340
2026-06-10 00:00:00+00:00,61698.0,61898.0,61418.0,61890.0,17.0835,698
2026-06-10 01:00:00+00:00,61882.0,61940.0,61573.0,61666.0,5.79578,303
2026-06-10 02:00:00+00:00,61691.0,61808.0,61194.0,61300.0,17.80835,453
2026-06-10 03:00:00+00:00,61264.0,61543.0,61264.0,61512.0,10.55935,217
2026-06-10 04:00:00+00:00,61506.0,61531.0,61162.0,61241.0,5.1168,256
2026-06-10 05:00:00+00:00,61277.0,61364.0,61051.0,61310.0,6.97321,253
2026-06-10 06:00:00+00:00,61326.0,61482.0,61121.0,61437.0,2.32571,183
2026-06-10 07:00:00+00:00,61431.0,61747.0,61419.0,61657.0,9.12631,212
2026-06-10 08:00:00+00:00,61652.0,61693.0,61150.0,61228.0,13.14503,261
2026-06-10 09:00:00+00:00,61231.0,61380.0,60762.0,61288.0,61.2196,792
2026-06-10 10:00:00+00:00,61268.0,61414.0,61123.0,61350.0,5.93582,257
2026-06-10 11:00:00+00:00,61346.0,61393.0,60688.0,60964.0,30.92418,1092
2026-06-10 12:00:00+00:00,60970.0,61897.0,60906.0,61532.0,29.38855,959
2026-06-10 13:00:00+00:00,61522.0,62401.0,61408.0,62088.0,32.15594,1000
2026-06-10 14:00:00+00:00,62107.0,62204.0,61787.0,62149.0,16.22373,627
2026-06-10 15:00:00+00:00,62168.0,62801.0,61820.0,62594.0,50.53785,1214
2026-06-10 16:00:00+00:00,62595.0,62598.0,61911.0,62188.0,9.93998,481
2026-06-10 17:00:00+00:00,62187.0,62328.0,61627.0,61924.0,20.82028,740
2026-06-10 18:00:00+00:00,61943.0,62094.0,61577.0,61827.0,18.55179,561
2026-06-10 19:00:00+00:00,61832.0,62027.0,61632.0,61909.0,22.77355,474
2026-06-10 20:00:00+00:00,61892.0,61900.0,61648.0,61749.0,7.62699,339
2026-06-10 21:00:00+00:00,61743.0,61743.0,61149.0,61301.0,36.23975,743
2026-06-10 22:00:00+00:00,61300.0,61530.0,61067.0,61333.0,10.72266,536
2026-06-10 23:00:00+00:00,61325.0,61548.0,61063.0,61479.0,34.0322,630
2026-06-11 00:00:00+00:00,61467.0,61918.0,61467.0,61765.0,13.48982,425
2026-06-11 01:00:00+00:00,61777.0,62315.0,61769.0,62170.0,33.23261,612
2026-06-11 02:00:00+00:00,62194.0,62246.0,61892.0,62133.0,6.34889,273
2026-06-11 03:00:00+00:00,62107.0,62716.0,61960.0,62631.0,4.80487,326
2026-06-11 04:00:00+00:00,62628.0,62786.0,62499.0,62663.0,17.13062,317
2026-06-11 05:00:00+00:00,62668.0,62668.0,62499.0,62540.0,8.0803,276
2026-06-11 06:00:00+00:00,62552.0,62930.0,62489.0,62720.0,14.90124,497
2026-06-11 07:00:00+00:00,62715.0,62794.0,62562.0,62666.0,13.08327,428
2026-06-11 08:00:00+00:00,62666.0,62975.0,62666.0,62890.0,15.39626,402
2026-06-11 09:00:00+00:00,62903.0,62920.0,62732.0,62865.0,3.47154,238
2026-06-11 10:00:00+00:00,62863.0,63130.0,62721.0,63126.0,8.52913,391
2026-06-11 11:00:00+00:00,63084.0,63204.0,63011.0,63075.0,12.40445,565
2026-06-11 12:00:00+00:00,63064.0,63139.0,62478.0,62976.0,18.39666,672
2026-06-11 13:00:00+00:00,62953.0,63179.0,62634.0,63013.0,18.13438,584
2026-06-11 14:00:00+00:00,63019.0,63032.0,62690.0,62702.0,11.88971,469
2026-06-11 15:00:00+00:00,62690.0,62820.0,62500.0,62684.0,16.80077,547
2026-06-11 16:00:00+00:00,62702.0,62780.0,62504.0,62537.0,13.0948,397
2026-06-11 17:00:00+00:00,62519.0,63580.0,62287.0,63580.0,35.24615,1032
2026-06-11 18:00:00+00:00,63575.0,63766.0,63271.0,63410.0,14.75928,500
2026-06-11 19:00:00+00:00,63410.0,63854.0,63350.0,63568.0,12.81431,652
2026-06-11 20:00:00+00:00,63574.0,63619.0,63231.0,63353.0,11.10416,502
2026-06-11 21:00:00+00:00,63356.0,63548.0,63356.0,63474.0,5.59825,414
2026-06-11 22:00:00+00:00,63480.0,63649.0,63434.0,63467.0,62.8738,685
2026-06-11 23:00:00+00:00,63465.0,63644.0,63325.0,63571.0,9.90967,467
2026-06-12 00:00:00+00:00,63580.0,63735.0,63475.0,63597.0,11.35424,397
2026-06-12 01:00:00+00:00,63594.0,63594.0,63252.0,63355.0,8.82113,303
2026-06-12 02:00:00+00:00,63355.0,63706.0,63355.0,63557.0,17.87952,245
2026-06-12 03:00:00+00:00,63549.0,63562.0,63279.0,63458.0,4.84108,160
2026-06-12 04:00:00+00:00,63455.0,63785.0,63367.0,63619.0,9.23107,224
2026-06-12 05:00:00+00:00,63625.0,63625.0,63250.0,63300.0,2.43891,150
2026-06-12 06:00:00+00:00,63263.0,63330.0,62776.0,62952.0,8.63259,314
2026-06-12 07:00:00+00:00,62946.0,63124.0,62891.0,63050.0,35.73364,362
2026-06-12 08:00:00+00:00,63039.0,63536.0,63039.0,63428.0,16.33572,340
2026-06-12 09:00:00+00:00,63414.0,63888.0,63383.0,63691.0,12.76186,351
2026-06-12 10:00:00+00:00,63667.0,63775.0,63539.0,63664.0,6.01479,270
2026-06-12 11:00:00+00:00,63643.0,63828.0,63635.0,63709.0,8.32824,224
2026-06-12 12:00:00+00:00,63696.0,63711.0,63334.0,63395.0,10.00324,403
2026-06-12 13:00:00+00:00,63394.0,63454.0,63006.0,63162.0,26.77961,451
2026-06-12 14:00:00+00:00,63159.0,63955.0,63143.0,63955.0,48.68636,775
2026-06-12 15:00:00+00:00,63967.0,64364.0,63529.0,63571.0,125.91798,1221
2026-06-12 16:00:00+00:00,63581.0,63962.0,63501.0,63941.0,16.17458,517
2026-06-12 17:00:00+00:00,63945.0,64058.0,63716.0,63827.0,20.75059,497
2026-06-12 18:00:00+00:00,63832.0,63890.0,63646.0,63660.0,16.00535,469
2026-06-12 19:00:00+00:00,63672.0,63768.0,63043.0,63575.0,170.06287,1533
2026-06-12 20:00:00+00:00,63574.0,63670.0,62852.0,63429.0,270.04284,2502
2026-06-12 21:00:00+00:00,63424.0,63601.0,63414.0,63486.0,3.41004,326
2026-06-12 22:00:00+00:00,63456.0,63633.0,63456.0,63490.0,2.08712,262
2026-06-12 23:00:00+00:00,63488.0,63558.0,63420.0,63545.0,7.39554,367
2026-06-13 00:00:00+00:00,63559.0,63613.0,63488.0,63595.0,2.66817,237
2026-06-13 01:00:00+00:00,63593.0,63820.0,63593.0,63796.0,3.65395,276
2026-06-13 02:00:00+00:00,63805.0,63813.0,63544.0,63636.0,31.7216,382
2026-06-13 03:00:00+00:00,63629.0,63706.0,63433.0,63516.0,5.63993,307
2026-06-13 04:00:00+00:00,63515.0,63628.0,63472.0,63501.0,9.67728,292
2026-06-13 05:00:00+00:00,63501.0,63569.0,63485.0,63528.0,4.26325,330
2026-06-13 06:00:00+00:00,63559.0,63712.0,63534.0,63711.0,2.47046,249
2026-06-13 07:00:00+00:00,63710.0,63860.0,63649.0,63813.0,7.96861,329
2026-06-13 08:00:00+00:00,63832.0,63881.0,63741.0,63786.0,11.30673,311
2026-06-13 09:00:00+00:00,63786.0,63832.0,63717.0,63720.0,7.9469,272
2026-06-13 10:00:00+00:00,63730.0,63881.0,63722.0,63819.0,9.09345,272
2026-06-13 11:00:00+00:00,63819.0,63949.0,63819.0,63949.0,6.83483,384
2026-06-13 12:00:00+00:00,63949.0,64166.0,63901.0,64104.0,21.09384,567
2026-06-13 13:00:00+00:00,64114.0,64207.0,64034.0,64081.0,8.78792,547
2026-06-13 14:00:00+00:00,64075.0,64207.0,64075.0,64199.0,15.23073,466
2026-06-13 15:00:00+00:00,64203.0,64320.0,64169.0,64277.0,12.4903,611
2026-06-13 16:00:00+00:00,64278.0,64278.0,63897.0,63985.0,17.14062,469
2026-06-13 17:00:00+00:00,63992.0,64101.0,63915.0,63952.0,17.79577,288
2026-06-13 18:00:00+00:00,63951.0,64268.0,63951.0,64142.0,10.85255,335
2026-06-13 19:00:00+00:00,64144.0,64319.0,64133.0,64281.0,8.88595,417
2026-06-13 20:00:00+00:00,64280.0,64283.0,64221.0,64274.0,3.35339,267
2026-06-13 21:00:00+00:00,64274.0,64732.0,64216.0,64457.0,5.66841,501
2026-06-13 22:00:00+00:00,64461.0,64543.0,64370.0,64451.0,2.91603,278
2026-06-13 23:00:00+00:00,64445.0,64572.0,64375.0,64428.0,4.70992,259
2026-06-14 00:00:00+00:00,64454.0,64564.0,64366.0,64534.0,14.48473,369
2026-06-14 01:00:00+00:00,64539.0,64678.0,64501.0,64579.0,5.74263,283
2026-06-14 02:00:00+00:00,64562.0,64621.0,64477.0,64487.0,7.31102,269
2026-06-14 03:00:00+00:00,64487.0,64531.0,64450.0,64526.0,15.66415,292
2026-06-14 04:00:00+00:00,64535.0,64543.0,64321.0,64326.0,7.39996,238
2026-06-14 05:00:00+00:00,64329.0,64396.0,64281.0,64364.0,3.25936,233
2026-06-14 06:00:00+00:00,64354.0,64474.0,64240.0,64267.0,2.69496,272
2026-06-14 07:00:00+00:00,64267.0,64422.0,64224.0,64397.0,22.23101,398
2026-06-14 08:00:00+00:00,64402.0,64493.0,64366.0,64442.0,4.86898,275
2026-06-14 09:00:00+00:00,64443.0,64597.0,64301.0,64597.0,9.9764,407
2026-06-14 10:00:00+00:00,64597.0,64639.0,64481.0,64518.0,5.52761,528
2026-06-14 11:00:00+00:00,64518.0,64630.0,64449.0,64531.0,5.17162,531
2026-06-14 12:00:00+00:00,64543.0,64552.0,64286.0,64308.0,2.14897,396
2026-06-14 13:00:00+00:00,64307.0,64381.0,64237.0,64286.0,34.7764,627
2026-06-14 14:00:00+00:00,64305.0,64319.0,63851.0,63953.0,31.84167,802
2026-06-14 15:00:00+00:00,63992.0,64121.0,63974.0,63996.0,3.74357,476
2026-06-14 16:00:00+00:00,63992.0,64167.0,63897.0,63931.0,6.47546,415
2026-06-14 17:00:00+00:00,63915.0,63989.0,63675.0,63704.0,4.79163,393
2026-06-14 18:00:00+00:00,63704.0,63795.0,63659.0,63795.0,3.785,272
2026-06-14 19:00:00+00:00,63790.0,63833.0,63721.0,63773.0,3.01276,252
2026-06-14 20:00:00+00:00,63778.0,64073.0,63776.0,63982.0,3.13253,292
2026-06-14 21:00:00+00:00,63984.0,65630.0,63984.0,65299.0,38.89979,1197
2026-06-14 22:00:00+00:00,65350.0,65500.0,64946.0,65373.0,12.04252,572
2026-06-14 23:00:00+00:00,65400.0,65776.0,65255.0,65726.0,36.47615,545
2026-06-15 00:00:00+00:00,65725.0,65881.0,65471.0,65607.0,21.08972,396
2026-06-15 01:00:00+00:00,65610.0,65687.0,65326.0,65502.0,9.99639,220
2026-06-15 02:00:00+00:00,65503.0,65752.0,65430.0,65432.0,6.57294,220
2026-06-15 03:00:00+00:00,65426.0,65965.0,65426.0,65891.0,12.31003,355
2026-06-15 04:00:00+00:00,65893.0,65898.0,65628.0,65628.0,10.89311,520
2026-06-15 05:00:00+00:00,65626.0,65850.0,65601.0,65825.0,31.1695,561
2026-06-15 06:00:00+00:00,65825.0,65926.0,65745.0,65784.0,13.23826,468
2026-06-15 07:00:00+00:00,65784.0,65967.0,65616.0,65642.0,13.45181,504
2026-06-15 08:00:00+00:00,65652.0,65768.0,65601.0,65659.0,8.47533,341
2026-06-15 09:00:00+00:00,65641.0,65763.0,65486.0,65577.0,20.49783,438
2026-06-15 10:00:00+00:00,65574.0,65899.0,65564.0,65889.0,13.3912,636
2026-06-15 11:00:00+00:00,65837.0,66401.0,65820.0,66281.0,270.85243,3380
2026-06-15 12:00:00+00:00,66282.0,66601.0,66111.0,66574.0,160.87301,1998
2026-06-15 13:00:00+00:00,66574.0,66912.0,66403.0,66421.0,44.32754,1329
2026-06-15 14:00:00+00:00,66433.0,66645.0,66272.0,66583.0,17.73921,706
2026-06-15 15:00:00+00:00,66571.0,67247.0,66571.0,67240.0,24.57674,978
2026-06-15 16:00:00+00:00,67239.0,67263.0,67057.0,67141.0,17.00385,952
2026-06-15 17:00:00+00:00,67140.0,67141.0,66642.0,66839.0,18.82732,1177
2026-06-15 18:00:00+00:00,66838.0,66898.0,66704.0,66741.0,17.73775,941
2026-06-15 19:00:00+00:00,66740.0,66871.0,66369.0,66576.0,8.17716,1073
2026-06-15 20:00:00+00:00,66585.0,66654.0,66473.0,66500.0,11.12672,627
2026-06-15 21:00:00+00:00,66495.0,66547.0,66322.0,66341.0,4.15578,503
2026-06-15 22:00:00+00:00,66341.0,66452.0,66080.0,66180.0,8.32278,531
2026-06-15 23:00:00+00:00,66180.0,66332.0,66101.0,66305.0,2.30761,353
2026-06-16 00:00:00+00:00,66304.0,66433.0,66215.0,66225.0,4.23996,366
2026-06-16 01:00:00+00:00,66231.0,66397.0,66225.0,66331.0,8.6522,380
2026-06-16 02:00:00+00:00,66331.0,66347.0,65663.0,65718.0,10.58003,762
2026-06-16 03:00:00+00:00,65726.0,66139.0,65636.0,66136.0,10.3648,500
2026-06-16 04:00:00+00:00,66141.0,66250.0,65787.0,65818.0,6.89579,630
2026-06-16 05:00:00+00:00,65818.0,66112.0,65818.0,66024.0,11.50258,753
2026-06-16 06:00:00+00:00,66047.0,66531.0,66047.0,66415.0,8.10704,668
2026-06-16 07:00:00+00:00,66428.0,66491.0,66276.0,66344.0,6.01209,529
2026-06-16 08:00:00+00:00,66344.0,66974.0,66325.0,66870.0,35.56799,842
2026-06-16 09:00:00+00:00,66889.0,66889.0,66460.0,66482.0,14.17683,836
2026-06-16 10:00:00+00:00,66491.0,66744.0,66457.0,66484.0,20.12387,728
2026-06-16 11:00:00+00:00,66483.0,66619.0,66330.0,66435.0,31.20694,798
2026-06-16 12:00:00+00:00,66449.0,66768.0,66320.0,66391.0,32.46353,952
2026-06-16 13:00:00+00:00,66382.0,66421.0,65897.0,66008.0,17.48112,700
2026-06-16 14:00:00+00:00,66027.0,66224.0,65329.0,65606.0,20.46307,954
2026-06-16 15:00:00+00:00,65610.0,65943.0,65561.0,65825.0,15.19956,825
2026-06-16 16:00:00+00:00,65836.0,65900.0,65658.0,65706.0,36.75213,752
2026-06-16 17:00:00+00:00,65714.0,65962.0,65662.0,65933.0,14.15875,542
2026-06-16 18:00:00+00:00,65937.0,66183.0,65765.0,65785.0,21.421,829
2026-06-16 19:00:00+00:00,65777.0,65778.0,65500.0,65625.0,30.29681,1248
2026-06-16 20:00:00+00:00,65589.0,65813.0,65544.0,65803.0,7.66622,797
2026-06-16 21:00:00+00:00,65812.0,65884.0,65605.0,65721.0,8.93085,810
2026-06-16 22:00:00+00:00,65721.0,65827.0,65624.0,65726.0,8.46016,622
2026-06-16 23:00:00+00:00,65732.0,65785.0,65580.0,65619.0,9.17078,413
2026-06-17 00:00:00+00:00,65618.0,65792.0,65618.0,65663.0,4.69129,270
2026-06-17 01:00:00+00:00,65666.0,65896.0,65440.0,65894.0,3.56857,357
2026-06-17 02:00:00+00:00,65898.0,66062.0,65751.0,65861.0,6.13539,470
2026-06-17 03:00:00+00:00,65856.0,65856.0,65676.0,65788.0,2.01491,238
2026-06-17 04:00:00+00:00,65809.0,65983.0,65740.0,65843.0,2.59795,250
2026-06-17 05:00:00+00:00,65843.0,65930.0,65706.0,65780.0,3.57678,295
2026-06-17 06:00:00+00:00,65784.0,65840.0,65534.0,65573.0,3.37864,368
2026-06-17 07:00:00+00:00,65580.0,65659.0,65211.0,65487.0,5.82433,428
2026-06-17 08:00:00+00:00,65486.0,65516.0,64809.0,64878.0,15.74839,584
2026-06-17 09:00:00+00:00,64871.0,65031.0,64808.0,64878.0,29.44085,412
2026-06-17 10:00:00+00:00,64878.0,64959.0,64725.0,64754.0,7.9084,385
2026-06-17 11:00:00+00:00,64753.0,64830.0,64512.0,64766.0,11.17606,785
2026-06-17 12:00:00+00:00,64766.0,65050.0,64561.0,65000.0,17.61877,468
2026-06-17 13:00:00+00:00,64991.0,65329.0,64796.0,65246.0,13.25816,520
2026-06-17 14:00:00+00:00,65205.0,65412.0,64750.0,65063.0,7.26992,460
2026-06-17 15:00:00+00:00,65068.0,65812.0,64955.0,65719.0,18.62876,580
2026-06-17 16:00:00+00:00,65730.0,66390.0,65688.0,65813.0,20.41424,847
2026-06-17 17:00:00+00:00,65821.0,66136.0,65757.0,66049.0,22.20903,614
2026-06-17 18:00:00+00:00,65983.0,66005.0,64793.0,65485.0,52.60022,1653
2026-06-17 19:00:00+00:00,65496.0,65613.0,64015.0,64266.0,44.83573,1553
2026-06-17 20:00:00+00:00,64235.0,64445.0,64162.0,64389.0,22.58102,605
2026-06-17 21:00:00+00:00,64402.0,64420.0,64113.0,64206.0,34.34889,431
2026-06-17 22:00:00+00:00,64201.0,64389.0,63896.0,64251.0,14.00254,456
2026-06-17 23:00:00+00:00,64251.0,64470.0,64208.0,64452.0,4.51242,207
2026-06-18 00:00:00+00:00,64456.0,64655.0,64423.0,64428.0,18.29588,263
2026-06-18 01:00:00+00:00,64429.0,64761.0,64426.0,64505.0,7.31538,241
2026-06-18 02:00:00+00:00,64538.0,64726.0,64453.0,64660.0,5.48809,202
2026-06-18 03:00:00+00:00,64632.0,64632.0,64223.0,64248.0,6.95096,256
2026-06-18 04:00:00+00:00,64245.0,64287.0,63779.0,63885.0,15.69606,481
2026-06-18 05:00:00+00:00,63834.0,63955.0,63657.0,63935.0,11.72893,427
2026-06-18 06:00:00+00:00,63935.0,64063.0,63800.0,64021.0,18.64064,349
2026-06-18 07:00:00+00:00,64037.0,64456.0,63956.0,64456.0,8.76422,351
2026-06-18 08:00:00+00:00,64456.0,64591.0,64341.0,64341.0,9.62552,349
2026-06-18 09:00:00+00:00,64346.0,64431.0,64172.0,64172.0,4.79097,180
2026-06-18 10:00:00+00:00,64166.0,64194.0,63879.0,64047.0,14.23339,281
2026-06-18 11:00:00+00:00,64044.0,64152.0,63842.0,63929.0,8.96834,231
2026-06-18 12:00:00+00:00,63933.0,64337.0,63909.0,64322.0,17.33333,317
2026-06-18 13:00:00+00:00,64323.0,64380.0,63737.0,63902.0,20.15472,553
2026-06-18 14:00:00+00:00,63909.0,64125.0,63545.0,63748.0,24.16605,769
2026-06-18 15:00:00+00:00,63743.0,63747.0,62251.0,62304.0,44.97152,1462
2026-06-18 16:00:00+00:00,62305.0,62745.0,62297.0,62617.0,23.06299,792
2026-06-18 17:00:00+00:00,62651.0,62658.0,62197.0,62532.0,343.14181,4323
2026-06-18 18:00:00+00:00,62550.0,62879.0,62500.0,62629.0,21.86777,572
2026-06-18 19:00:00+00:00,62630.0,62945.0,62563.0,62878.0,41.97141,548
2026-06-18 20:00:00+00:00,62889.0,63190.0,62889.0,63029.0,10.16729,453
2026-06-18 21:00:00+00:00,63029.0,63067.0,62823.0,62906.0,9.94922,315
2026-06-18 22:00:00+00:00,62903.0,62903.0,62698.0,62826.0,4.68922,186
2026-06-18 23:00:00+00:00,62816.0,62919.0,62710.0,62896.0,2.0367,242
2026-06-19 00:00:00+00:00,62891.0,63016.0,62785.0,62935.0,12.67003,412
2026-06-19 01:00:00+00:00,62970.0,63032.0,62791.0,62960.0,10.77096,300
2026-06-19 02:00:00+00:00,62960.0,63043.0,62832.0,62942.0,6.15298,277
2026-06-19 03:00:00+00:00,62951.0,62959.0,62327.0,62714.0,12.9827,724
2026-06-19 04:00:00+00:00,62712.0,62857.0,62367.0,62398.0,7.17963,352
2026-06-19 05:00:00+00:00,62417.0,62692.0,62416.0,62688.0,1.61313,241
2026-06-19 06:00:00+00:00,62685.0,62866.0,62675.0,62866.0,5.83485,182
2026-06-19 07:00:00+00:00,62839.0,62852.0,62454.0,62546.0,14.65447,324
2026-06-19 08:00:00+00:00,62566.0,62714.0,62498.0,62517.0,4.6629,158
2026-06-19 09:00:00+00:00,62558.0,62600.0,62277.0,62327.0,7.30215,287
2026-06-19 10:00:00+00:00,62322.0,62533.0,62318.0,62519.0,21.88684,293
2026-06-19 11:00:00+00:00,62497.0,62630.0,62405.0,62584.0,11.51387,411
2026-06-19 12:00:00+00:00,62601.0,62833.0,62316.0,62788.0,9.63546,430
2026-06-19 13:00:00+00:00,62790.0,63350.0,62635.0,63179.0,8.58832,693
2026-06-19 14:00:00+00:00,63178.0,63363.0,62974.0,63165.0,6.61853,360
2026-06-19 15:00:00+00:00,63170.0,63228.0,62990.0,63157.0,12.27503,385
2026-06-19 16:00:00+00:00,63159.0,63335.0,62898.0,62924.0,12.32283,302
2026-06-19 17:00:00+00:00,62948.0,63167.0,62827.0,63164.0,7.31516,357
2026-06-19 18:00:00+00:00,63139.0,63148.0,62950.0,63058.0,20.62836,287
2026-06-19 19:00:00+00:00,63041.0,63075.0,62887.0,62969.0,7.51236,339
2026-06-19 20:00:00+00:00,62987.0,63215.0,62921.0,63205.0,7.58055,202
2026-06-19 21:00:00+00:00,63189.0,63228.0,63007.0,63026.0,2.28721,92
2026-06-19 22:00:00+00:00,63028.0,63310.0,63010.0,63257.0,1.09721,119
2026-06-19 23:00:00+00:00,63268.0,63599.0,63229.0,63519.0,5.96567,221
2026-06-20 00:00:00+00:00,63498.0,63716.0,63427.0,63503.0,17.58859,249
2026-06-20 01:00:00+00:00,63483.0,63574.0,63376.0,63520.0,4.35582,201
2026-06-20 02:00:00+00:00,63513.0,63517.0,63296.0,63312.0,7.89275,149
2026-06-20 03:00:00+00:00,63294.0,63450.0,63293.0,63395.0,1.75241,98
2026-06-20 04:00:00+00:00,63426.0,63564.0,63369.0,63513.0,5.92701,127
2026-06-20 05:00:00+00:00,63538.0,63824.0,63509.0,63621.0,7.86933,320
2026-06-20 06:00:00+00:00,63621.0,63707.0,63602.0,63699.0,4.2149,114
2026-06-20 07:00:00+00:00,63691.0,63753.0,63581.0,63613.0,0.86118,89
2026-06-20 08:00:00+00:00,63611.0,63611.0,63356.0,63368.0,6.65725,182
2026-06-20 09:00:00+00:00,63384.0,63715.0,63384.0,63703.0,7.67682,310
2026-06-20 10:00:00+00:00,63688.0,63727.0,63553.0,63630.0,1.08807,79
2026-06-20 11:00:00+00:00,63637.0,63728.0,63584.0,63638.0,4.63261,138
2026-06-20 12:00:00+00:00,63631.0,63732.0,63493.0,63596.0,7.61716,185
2026-06-20 13:00:00+00:00,63592.0,63592.0,63247.0,63374.0,4.39865,225
2026-06-20 14:00:00+00:00,63339.0,64050.0,63152.0,63916.0,38.51383,792
2026-06-20 15:00:00+00:00,63920.0,64333.0,63802.0,64093.0,21.30725,653
2026-06-20 16:00:00+00:00,64112.0,64112.0,63856.0,63954.0,4.32172,202
2026-06-20 17:00:00+00:00,63936.0,63974.0,63700.0,63785.0,2.96851,233
2026-06-20 18:00:00+00:00,63781.0,63860.0,63724.0,63737.0,1.04267,169
2026-06-20 19:00:00+00:00,63732.0,63894.0,63732.0,63872.0,2.35103,225
2026-06-20 20:00:00+00:00,63872.0,63908.0,63792.0,63859.0,8.71717,317
2026-06-20 21:00:00+00:00,63859.0,64020.0,63859.0,63954.0,2.68322,219
2026-06-20 22:00:00+00:00,63936.0,64280.0,63922.0,64209.0,5.14377,356
2026-06-20 23:00:00+00:00,64206.0,64275.0,64184.0,64257.0,4.60943,292
2026-06-21 00:00:00+00:00,64230.0,64255.0,64179.0,64228.0,0.78291,233
2026-06-21 01:00:00+00:00,64230.0,64260.0,64164.0,64207.0,3.97152,266
2026-06-21 02:00:00+00:00,64184.0,64206.0,64166.0,64184.0,1.04232,198
2026-06-21 03:00:00+00:00,64184.0,64395.0,64172.0,64363.0,2.20545,305
2026-06-21 04:00:00+00:00,64359.0,64508.0,64209.0,64215.0,2.5832,307
2026-06-21 05:00:00+00:00,64214.0,64291.0,64157.0,64183.0,6.54868,358
2026-06-21 06:00:00+00:00,64183.0,64254.0,64131.0,64218.0,2.04275,356
2026-06-21 07:00:00+00:00,64225.0,64225.0,64097.0,64129.0,3.15183,315
2026-06-21 08:00:00+00:00,64122.0,64147.0,63843.0,63945.0,5.87387,432
2026-06-21 09:00:00+00:00,63945.0,64172.0,63888.0,64145.0,9.64082,498
2026-06-21 10:00:00+00:00,64139.0,64340.0,64139.0,64296.0,3.0853,243
2026-06-21 11:00:00+00:00,64311.0,64399.0,64053.0,64100.0,4.56222,426
2026-06-21 12:00:00+00:00,64121.0,64179.0,63905.0,64135.0,5.70547,381
2026-06-21 13:00:00+00:00,64135.0,64135.0,63960.0,64086.0,3.43022,295
2026-06-21 14:00:00+00:00,64086.0,64092.0,63945.0,64086.0,1.0983,247
2026-06-21 15:00:00+00:00,64084.0,64275.0,64069.0,64159.0,4.97268,354
2026-06-21 16:00:00+00:00,64154.0,64183.0,63984.0,64079.0,2.79063,291
2026-06-21 17:00:00+00:00,64078.0,64153.0,64010.0,64103.0,0.24744,183
2026-06-21 18:00:00+00:00,64081.0,64153.0,63896.0,64101.0,4.65459,165
2026-06-21 19:00:00+00:00,64139.0,64224.0,64112.0,64148.0,1.4503,172
2026-06-21 20:00:00+00:00,64142.0,64195.0,63643.0,63769.0,12.59517,476
2026-06-21 21:00:00+00:00,63769.0,63885.0,63451.0,63733.0,4.27539,491
2026-06-21 22:00:00+00:00,63727.0,63782.0,63514.0,63736.0,10.17072,419
2026-06-21 23:00:00+00:00,63721.0,63723.0,63223.0,63242.0,6.15109,442
2026-06-22 00:00:00+00:00,63249.0,64015.0,63249.0,63824.0,3.92525,491
2026-06-22 01:00:00+00:00,63823.0,64737.0,63785.0,64555.0,11.95005,807
2026-06-22 02:00:00+00:00,64541.0,64589.0,64185.0,64185.0,7.55978,484
2026-06-22 03:00:00+00:00,64183.0,64373.0,63854.0,63903.0,7.68104,628
2026-06-22 04:00:00+00:00,63914.0,64044.0,63817.0,64029.0,1.64805,278
2026-06-22 05:00:00+00:00,64023.0,64259.0,64023.0,64185.0,7.53109,398
2026-06-22 06:00:00+00:00,64186.0,64250.0,63889.0,63930.0,4.60817,508
2026-06-22 07:00:00+00:00,63933.0,64310.0,63900.0,64150.0,6.53235,332
2026-06-22 08:00:00+00:00,64156.0,64259.0,63969.0,64095.0,17.54122,582
2026-06-22 09:00:00+00:00,64097.0,64193.0,64003.0,64084.0,10.29024,411
2026-06-22 10:00:00+00:00,64080.0,64215.0,64024.0,64076.0,4.35466,418
2026-06-22 11:00:00+00:00,64082.0,64696.0,64035.0,64600.0,9.84553,534
2026-06-22 12:00:00+00:00,64605.0,65152.0,64523.0,65100.0,36.84264,751
2026-06-22 13:00:00+00:00,65102.0,65521.0,64911.0,65514.0,35.89838,877
2026-06-22 14:00:00+00:00,65525.0,65553.0,64800.0,64917.0,13.00508,507
2026-06-22 15:00:00+00:00,64928.0,65071.0,64700.0,64771.0,18.10791,508
2026-06-22 16:00:00+00:00,64791.0,64791.0,64472.0,64668.0,17.00755,544
2026-06-22 17:00:00+00:00,64668.0,64695.0,64341.0,64553.0,5.75493,393
2026-06-22 18:00:00+00:00,64555.0,64677.0,64263.0,64274.0,16.22556,449
2026-06-22 19:00:00+00:00,64290.0,64439.0,64227.0,64439.0,8.2128,390
2026-06-22 20:00:00+00:00,64431.0,64604.0,64301.0,64380.0,12.78169,380
2026-06-22 21:00:00+00:00,64379.0,64431.0,64092.0,64254.0,7.91221,361
2026-06-22 22:00:00+00:00,64256.0,64329.0,63750.0,63914.0,9.49194,551
2026-06-22 23:00:00+00:00,63889.0,63991.0,63836.0,63960.0,3.66218,300
2026-06-23 00:00:00+00:00,63960.0,64086.0,63620.0,64071.0,63.90663,923
2026-06-23 01:00:00+00:00,64077.0,64200.0,63841.0,64106.0,10.59338,588
2026-06-23 02:00:00+00:00,64096.0,64200.0,63980.0,64142.0,1.54799,158
2026-06-23 03:00:00+00:00,64125.0,64135.0,63906.0,64006.0,9.45529,321
2026-06-23 04:00:00+00:00,64006.0,64021.0,63552.0,63552.0,6.3879,223
2026-06-23 05:00:00+00:00,63553.0,63656.0,63301.0,63330.0,7.69281,411
2026-06-23 06:00:00+00:00,63336.0,63336.0,62526.0,62878.0,35.40692,1002
2026-06-23 07:00:00+00:00,62874.0,63030.0,62807.0,62816.0,7.822,640
2026-06-23 08:00:00+00:00,62822.0,62884.0,61899.0,62327.0,50.89653,1601
2026-06-23 09:00:00+00:00,62327.0,62452.0,62292.0,62324.0,11.7548,554
2026-06-23 10:00:00+00:00,62321.0,62515.0,62182.0,62272.0,25.58501,822
2026-06-23 11:00:00+00:00,62273.0,62570.0,62270.0,62460.0,4.30678,418
2026-06-23 12:00:00+00:00,62461.0,62500.0,62170.0,62208.0,7.23654,372
2026-06-23 13:00:00+00:00,62201.0,62476.0,61914.0,62414.0,12.67335,492
2026-06-23 14:00:00+00:00,62417.0,62772.0,62368.0,62445.0,36.53003,642
2026-06-23 15:00:00+00:00,62378.0,62453.0,62150.0,62382.0,61.26359,916
2026-06-23 16:00:00+00:00,62412.0,62742.0,62299.0,62504.0,147.34921,1937
2026-06-23 17:00:00+00:00,62476.0,62619.0,62270.0,62288.0,38.45136,957
2026-06-23 18:00:00+00:00,62306.0,62381.0,62054.0,62160.0,6.31646,589
2026-06-23 19:00:00+00:00,62161.0,62396.0,62159.0,62347.0,8.05327,397
2026-06-23 20:00:00+00:00,62346.0,62454.0,62313.0,62397.0,25.49946,624
2026-06-23 21:00:00+00:00,62403.0,62583.0,62403.0,62522.0,6.61916,379
2026-06-23 22:00:00+00:00,62538.0,62702.0,62460.0,62524.0,23.11255,339
2026-06-23 23:00:00+00:00,62524.0,62720.0,62439.0,62659.0,20.0911,453
2026-06-24 00:00:00+00:00,62658.0,62949.0,62658.0,62933.0,15.29942,514
2026-06-24 01:00:00+00:00,62934.0,63041.0,62711.0,62871.0,21.01398,635
2026-06-24 02:00:00+00:00,62872.0,62946.0,62557.0,62565.0,6.70742,535
2026-06-24 03:00:00+00:00,62566.0,62767.0,62409.0,62676.0,9.16616,613
2026-06-24 04:00:00+00:00,62672.0,62729.0,62471.0,62706.0,5.66743,573
2026-06-24 05:00:00+00:00,62686.0,63000.0,62652.0,62813.0,11.4087,617
2026-06-24 06:00:00+00:00,62814.0,62839.0,62671.0,62713.0,10.68895,423
2026-06-24 07:00:00+00:00,62713.0,62766.0,62550.0,62579.0,19.34225,900
2026-06-24 08:00:00+00:00,62579.0,62740.0,62549.0,62737.0,13.54918,592
2026-06-24 09:00:00+00:00,62735.0,62735.0,62567.0,62626.0,2.90772,355
2026-06-24 10:00:00+00:00,62613.0,62615.0,62350.0,62374.0,10.51022,533
2026-06-24 11:00:00+00:00,62371.0,63121.0,62248.0,62865.0,23.1458,873
2026-06-24 12:00:00+00:00,62865.0,62914.0,62532.0,62552.0,21.76158,780
2026-06-24 13:00:00+00:00,62554.0,62565.0,61038.0,61240.0,197.10408,3485
2026-06-24 14:00:00+00:00,61241.0,61374.0,60823.0,61046.0,131.19423,2165
2026-06-24 15:00:00+00:00,61044.0,61068.0,60204.0,60223.0,94.29373,2503
2026-06-24 16:00:00+00:00,60216.0,60584.0,59585.0,59796.0,84.09687,2117
2026-06-24 17:00:00+00:00,59785.0,59979.0,59050.0,59342.0,191.63008,2811
2026-06-24 18:00:00+00:00,59356.0,59863.0,59234.0,59528.0,41.05741,1551
2026-06-24 19:00:00+00:00,59542.0,59907.0,59458.0,59901.0,25.43314,1036
2026-06-24 20:00:00+00:00,59900.0,61125.0,59793.0,60901.0,157.19381,2182
2026-06-24 21:00:00+00:00,60894.0,61061.0,60602.0,61045.0,23.25043,954
2026-06-24 22:00:00+00:00,61030.0,61188.0,60734.0,60800.0,7.03864,742
2026-06-24 23:00:00+00:00,60800.0,61023.0,60760.0,60993.0,2.63741,608
2026-06-25 00:00:00+00:00,61001.0,61075.0,60661.0,60694.0,7.89066,712
2026-06-25 01:00:00+00:00,60746.0,60900.0,60644.0,60854.0,7.56102,927
2026-06-25 02:00:00+00:00,60835.0,60875.0,60622.0,60711.0,6.25067,796
2026-06-25 03:00:00+00:00,60710.0,60822.0,60633.0,60814.0,4.12919,537
2026-06-25 04:00:00+00:00,60806.0,61313.0,60718.0,61279.0,6.78068,644
2026-06-25 05:00:00+00:00,61274.0,61727.0,61203.0,61501.0,32.44474,1002
2026-06-25 06:00:00+00:00,61503.0,61760.0,61502.0,61642.0,18.56688,793
2026-06-25 07:00:00+00:00,61652.0,61883.0,61581.0,61830.0,8.81649,712
2026-06-25 08:00:00+00:00,61834.0,61848.0,61614.0,61630.0,22.54114,616
2026-06-25 09:00:00+00:00,61630.0,61706.0,61545.0,61671.0,2.25628,371
2026-06-25 10:00:00+00:00,61660.0,61679.0,61204.0,61204.0,3.75523,340
2026-06-25 11:00:00+00:00,61203.0,61332.0,61002.0,61214.0,12.59668,462
2026-06-25 12:00:00+00:00,61218.0,61696.0,61002.0,61163.0,28.06933,906
2026-06-25 13:00:00+00:00,61169.0,61291.0,58050.0,58241.0,245.32339,5370
2026-06-25 14:00:00+00:00,58258.0,60413.0,58258.0,59392.0,206.94052,4561
2026-06-25 15:00:00+00:00,59388.0,59574.0,58812.0,59485.0,66.3504,1715
2026-06-25 16:00:00+00:00,59494.0,59977.0,59100.0,59253.0,42.51363,1683
2026-06-25 17:00:00+00:00,59256.0,59656.0,59064.0,59599.0,90.65089,1587
2026-06-25 18:00:00+00:00,59613.0,59709.0,59298.0,59423.0,24.89437,1285
2026-06-25 19:00:00+00:00,59440.0,59440.0,59111.0,59218.0,11.61934,1121
2026-06-25 20:00:00+00:00,59263.0,59659.0,59263.0,59392.0,10.49785,1188
2026-06-25 21:00:00+00:00,59387.0,60162.0,59382.0,60141.0,11.8509,1313
2026-06-25 22:00:00+00:00,60132.0,60132.0,59666.0,59771.0,37.37327,1547
2026-06-25 23:00:00+00:00,59759.0,60115.0,59658.0,59718.0,8.40777,1152
2026-06-26 00:00:00+00:00,59717.0,59829.0,59575.0,59601.0,7.96056,1166
2026-06-26 01:00:00+00:00,59597.0,59717.0,59173.0,59358.0,31.02678,1129
2026-06-26 02:00:00+00:00,59381.0,59381.0,58296.0,58485.0,50.10342,2633
2026-06-26 03:00:00+00:00,58485.0,60044.0,58283.0,59960.0,17.581,1442
2026-06-26 04:00:00+00:00,59971.0,60151.0,59755.0,59853.0,29.1218,1323
2026-06-26 05:00:00+00:00,59864.0,59980.0,59671.0,59887.0,7.63353,851
2026-06-26 06:00:00+00:00,59875.0,60384.0,59646.0,60263.0,11.50939,957
2026-06-26 07:00:00+00:00,60257.0,60681.0,60223.0,60476.0,23.64057,1108
2026-06-26 08:00:00+00:00,60474.0,60499.0,60014.0,60167.0,69.73623,1194
2026-06-26 09:00:00+00:00,60182.0,60182.0,59505.0,59656.0,32.3695,1109
2026-06-26 10:00:00+00:00,59664.0,59776.0,59181.0,59247.0,13.80994,1068
2026-06-26 11:00:00+00:00,59252.0,59500.0,59205.0,59341.0,12.51811,1102
2026-06-26 12:00:00+00:00,59357.0,59935.0,58919.0,59112.0,25.05229,1444
2026-06-26 13:00:00+00:00,59144.0,60115.0,58410.0,60077.0,58.89892,1951
2026-06-26 14:00:00+00:00,60101.0,60214.0,59335.0,59528.0,46.35021,1448
2026-06-26 15:00:00+00:00,59534.0,60415.0,59521.0,60251.0,41.78923,1264
2026-06-26 16:00:00+00:00,60251.0,60484.0,59919.0,59976.0,17.85835,835
2026-06-26 17:00:00+00:00,59957.0,60205.0,59881.0,59954.0,9.83419,635
2026-06-26 18:00:00+00:00,59954.0,60082.0,59495.0,59592.0,8.2033,556
2026-06-26 19:00:00+00:00,59597.0,60014.0,59553.0,59700.0,5.76695,523
2026-06-26 20:00:00+00:00,59716.0,59913.0,59516.0,59640.0,15.48975,582
2026-06-26 21:00:00+00:00,59640.0,59980.0,59610.0,59848.0,4.13208,316
2026-06-26 22:00:00+00:00,59832.0,60011.0,59687.0,59976.0,7.16254,342
2026-06-26 23:00:00+00:00,59969.0,60045.0,59863.0,60044.0,2.90752,286
2026-06-27 00:00:00+00:00,60043.0,60115.0,59815.0,59986.0,17.61474,354
2026-06-27 01:00:00+00:00,59991.0,59997.0,59854.0,59869.0,7.17974,274
2026-06-27 02:00:00+00:00,59860.0,60295.0,59844.0,60242.0,6.90449,464
2026-06-27 03:00:00+00:00,60197.0,60339.0,60104.0,60244.0,10.58672,471
2026-06-27 04:00:00+00:00,60247.0,60415.0,60153.0,60179.0,9.31599,342
2026-06-27 05:00:00+00:00,60181.0,60247.0,60064.0,60174.0,10.70648,345
2026-06-27 06:00:00+00:00,60175.0,60415.0,60056.0,60307.0,11.41292,372
2026-06-27 07:00:00+00:00,60317.0,60499.0,60235.0,60482.0,15.29279,451
2026-06-27 08:00:00+00:00,60483.0,60483.0,60305.0,60387.0,25.04922,509
2026-06-27 09:00:00+00:00,60387.0,60425.0,60228.0,60367.0,8.39955,344
2026-06-27 10:00:00+00:00,60352.0,60415.0,60313.0,60350.0,26.69556,613
2026-06-27 11:00:00+00:00,60347.0,60379.0,60140.0,60279.0,17.95282,647
2026-06-27 12:00:00+00:00,60272.0,60361.0,60196.0,60341.0,10.05359,453
2026-06-27 13:00:00+00:00,60360.0,60576.0,60321.0,60515.0,14.30475,620
2026-06-27 14:00:00+00:00,60518.0,60644.0,60441.0,60549.0,16.2555,667
2026-06-27 15:00:00+00:00,60553.0,60865.0,60501.0,60759.0,16.78513,675
2026-06-27 16:00:00+00:00,60776.0,60783.0,60610.0,60741.0,12.43721,406
2026-06-27 17:00:00+00:00,60741.0,60751.0,60365.0,60463.0,13.92452,492
2026-06-27 18:00:00+00:00,60460.0,60498.0,60386.0,60487.0,16.62277,390
2026-06-27 19:00:00+00:00,60487.0,60537.0,60014.0,60095.0,16.85745,484
2026-06-27 20:00:00+00:00,60099.0,60223.0,60099.0,60214.0,3.85298,149
2026-06-27 21:00:00+00:00,60231.0,60398.0,60066.0,60123.0,6.34794,224
2026-06-27 22:00:00+00:00,60100.0,60175.0,59798.0,60153.0,9.54371,310
2026-06-27 23:00:00+00:00,60153.0,60238.0,59876.0,59948.0,5.00361,170
2026-06-28 00:00:00+00:00,59954.0,60123.0,59954.0,60112.0,3.54577,244
2026-06-28 01:00:00+00:00,60075.0,60192.0,59916.0,60134.0,1.79212,139
2026-06-28 02:00:00+00:00,60150.0,60255.0,59984.0,60093.0,10.21869,221
2026-06-28 03:00:00+00:00,60122.0,60217.0,60096.0,60146.0,18.3397,411
2026-06-28 04:00:00+00:00,60145.0,60177.0,60047.0,60073.0,13.89026,339
2026-06-28 05:00:00+00:00,60080.0,60080.0,59713.0,59924.0,16.2996,421
2026-06-28 06:00:00+00:00,59925.0,59974.0,59755.0,59939.0,8.37537,319
2026-06-28 07:00:00+00:00,59938.0,60200.0,59938.0,60161.0,13.79164,378
2026-06-28 08:00:00+00:00,60162.0,60455.0,60072.0,60295.0,14.23589,403
2026-06-28 09:00:00+00:00,60294.0,60386.0,60180.0,60182.0,6.28504,284
2026-06-28 10:00:00+00:00,60186.0,60226.0,60009.0,60106.0,19.59907,462
2026-06-28 11:00:00+00:00,60105.0,60307.0,60064.0,60270.0,22.7924,395
2026-06-28 12:00:00+00:00,60284.0,60379.0,60124.0,60236.0,12.38672,302
2026-06-28 13:00:00+00:00,60227.0,60227.0,59931.0,60008.0,17.38638,444
2026-06-28 14:00:00+00:00,60010.0,60151.0,59960.0,59974.0,14.50432,359
2026-06-28 15:00:00+00:00,59967.0,60055.0,59765.0,59825.0,8.63528,530
2026-06-28 16:00:00+00:00,59833.0,59879.0,59526.0,59634.0,12.79511,824
2026-06-28 17:00:00+00:00,59634.0,59847.0,59350.0,59528.0,51.21856,1021
2026-06-28 18:00:00+00:00,59517.0,59641.0,59447.0,59551.0,5.62355,570
2026-06-28 19:00:00+00:00,59551.0,59607.0,59208.0,59416.0,9.09401,749
2026-06-28 20:00:00+00:00,59411.0,59695.0,59411.0,59591.0,16.57643,783
2026-06-28 21:00:00+00:00,59591.0,59717.0,59263.0,59373.0,16.60484,882
2026-06-28 22:00:00+00:00,59375.0,59828.0,58859.0,59007.0,20.94557,1461
2026-06-28 23:00:00+00:00,59003.0,59767.0,58942.0,59502.0,23.57813,1104
2026-06-29 00:00:00+00:00,59501.0,59626.0,58933.0,59601.0,20.17089,1075
2026-06-29 01:00:00+00:00,59593.0,59616.0,59133.0,59371.0,15.25796,789
2026-06-29 02:00:00+00:00,59356.0,59726.0,58836.0,59680.0,20.31254,881
2026-06-29 03:00:00+00:00,59685.0,60139.0,59685.0,59983.0,43.22047,1149
2026-06-29 04:00:00+00:00,59977.0,59985.0,59684.0,59756.0,39.83451,810
2026-06-29 05:00:00+00:00,59757.0,60035.0,59335.0,60035.0,34.25283,1053
2026-06-29 06:00:00+00:00,60037.0,60265.0,59985.0,60014.0,31.13607,992
2026-06-29 07:00:00+00:00,60014.0,60115.0,59874.0,59962.0,30.08423,836
2026-06-29 08:00:00+00:00,59961.0,60027.0,59679.0,59772.0,25.11684,837
2026-06-29 09:00:00+00:00,59768.0,60029.0,59723.0,59979.0,29.05323,767
2026-06-29 10:00:00+00:00,59986.0,60235.0,59986.0,60013.0,21.89975,773
2026-06-29 11:00:00+00:00,60014.0,60139.0,59730.0,59906.0,35.86984,862
2026-06-29 12:00:00+00:00,59907.0,60720.0,59552.0,59895.0,52.18165,1639
2026-06-29 13:00:00+00:00,59895.0,60258.0,59273.0,59498.0,42.84409,1611
2026-06-29 14:00:00+00:00,59505.0,59606.0,58948.0,59380.0,57.12897,1678
2026-06-29 15:00:00+00:00,59386.0,59863.0,59025.0,59745.0,45.98877,1140
2026-06-29 16:00:00+00:00,59760.0,59931.0,59504.0,59823.0,31.37439,692
2026-06-29 17:00:00+00:00,59821.0,60610.0,59821.0,60343.0,20.70111,1025
2026-06-29 18:00:00+00:00,60335.0,60450.0,60118.0,60220.0,18.43867,753
2026-06-29 19:00:00+00:00,60222.0,60474.0,60085.0,60350.0,26.87845,509
2026-06-29 20:00:00+00:00,60380.0,60462.0,60218.0,60219.0,18.80054,813
2026-06-29 21:00:00+00:00,60221.0,60516.0,60182.0,60408.0,46.48619,907
2026-06-29 22:00:00+00:00,60408.0,60447.0,60271.0,60278.0,9.63191,669
2026-06-29 23:00:00+00:00,60274.0,60307.0,60139.0,60177.0,17.18421,584
2026-06-30 00:00:00+00:00,60179.0,60195.0,59641.0,59773.0,20.51728,753
2026-06-30 01:00:00+00:00,59774.0,59980.0,59719.0,59874.0,11.82831,554
2026-06-30 02:00:00+00:00,59876.0,59970.0,59695.0,59869.0,35.41213,731
2026-06-30 03:00:00+00:00,59869.0,59944.0,59522.0,59557.0,15.63021,735
2026-06-30 04:00:00+00:00,59538.0,59623.0,59349.0,59417.0,8.46731,625
2026-06-30 05:00:00+00:00,59415.0,59574.0,59300.0,59568.0,5.62193,556
2026-06-30 06:00:00+00:00,59570.0,59635.0,59440.0,59529.0,6.02313,514
2026-06-30 07:00:00+00:00,59528.0,59567.0,59384.0,59460.0,7.20254,723
2026-06-30 08:00:00+00:00,59460.0,59486.0,59125.0,59248.0,13.11329,800
2026-06-30 09:00:00+00:00,59246.0,59341.0,59179.0,59301.0,16.37641,579
2026-06-30 10:00:00+00:00,59301.0,59340.0,59216.0,59267.0,9.78206,524
2026-06-30 11:00:00+00:00,59255.0,59339.0,59048.0,59112.0,10.48152,698
2026-06-30 12:00:00+00:00,59111.0,59112.0,58335.0,58336.0,54.66136,1532
2026-06-30 13:00:00+00:00,58337.0,58698.0,58182.0,58672.0,49.12937,1651
2026-06-30 14:00:00+00:00,58671.0,59184.0,58353.0,58416.0,45.09916,1389
2026-06-30 15:00:00+00:00,58391.0,58719.0,58127.0,58310.0,50.41686,1536
2026-06-30 16:00:00+00:00,58311.0,58548.0,58199.0,58422.0,29.16875,1240
2026-06-30 17:00:00+00:00,58430.0,58556.0,58253.0,58355.0,19.43067,866
2026-06-30 18:00:00+00:00,58358.0,58618.0,58287.0,58609.0,48.57049,1055
2026-06-30 19:00:00+00:00,58609.0,58764.0,58515.0,58734.0,18.37554,847
2026-06-30 20:00:00+00:00,58748.0,58799.0,58580.0,58677.0,15.39656,853
2026-06-30 21:00:00+00:00,58668.0,58700.0,58450.0,58576.0,11.86666,722
2026-06-30 22:00:00+00:00,58585.0,58726.0,58456.0,58539.0,7.32007,498
2026-06-30 23:00:00+00:00,58531.0,58592.0,58496.0,58571.0,2.33453,415
2026-07-01 00:00:00+00:00,58560.0,58678.0,58250.0,58506.0,4.98244,545
2026-07-01 01:00:00+00:00,58514.0,58929.0,57774.0,58706.0,58.72377,2142
2026-07-01 02:00:00+00:00,58708.0,59101.0,58613.0,59029.0,9.78252,399
2026-07-01 03:00:00+00:00,59028.0,59240.0,58784.0,59127.0,20.9328,710
2026-07-01 04:00:00+00:00,59128.0,59383.0,58999.0,59276.0,8.12322,571
2026-07-01 05:00:00+00:00,59277.0,59310.0,59052.0,59092.0,14.46295,659
2026-07-01 06:00:00+00:00,59092.0,59099.0,58479.0,58697.0,19.03544,780
2026-07-01 07:00:00+00:00,58698.0,58766.0,58554.0,58704.0,9.06799,501
2026-07-01 08:00:00+00:00,58704.0,58935.0,58449.0,58920.0,21.34532,583
2026-07-01 09:00:00+00:00,58919.0,59028.0,58800.0,58900.0,14.59995,550
2026-07-01 10:00:00+00:00,58894.0,58894.0,58571.0,58611.0,12.47766,357
2026-07-01 11:00:00+00:00,58609.0,58705.0,58499.0,58562.0,19.05552,586
2026-07-01 12:00:00+00:00,58566.0,58611.0,58286.0,58474.0,60.79342,579
2026-07-01 13:00:00+00:00,58473.0,59442.0,58473.0,59442.0,47.30525,1156
2026-07-01 14:00:00+00:00,59438.0,60046.0,59240.0,59490.0,37.82681,1289
2026-07-01 15:00:00+00:00,59490.0,60478.0,59480.0,60101.0,48.55085,1018
2026-07-01 16:00:00+00:00,60116.0,60181.0,59818.0,59873.0,20.89104,609
2026-07-01 17:00:00+00:00,59884.0,60180.0,59739.0,60149.0,13.14406,514
2026-07-01 18:00:00+00:00,60133.0,60249.0,59987.0,60121.0,26.42667,1041
2026-07-01 19:00:00+00:00,60121.0,60299.0,59959.0,59982.0,33.12404,805
2026-07-01 20:00:00+00:00,59994.0,60157.0,59816.0,60088.0,17.31998,951
2026-07-01 21:00:00+00:00,60088.0,60793.0,60088.0,60784.0,61.20929,1779
2026-07-01 22:00:00+00:00,60785.0,61274.0,60310.0,60422.0,34.0791,1582
2026-07-01 23:00:00+00:00,60422.0,60422.0,59940.0,59973.0,14.10601,831
2026-07-02 00:00:00+00:00,59972.0,59980.0,59551.0,59712.0,11.55931,669
2026-07-02 01:00:00+00:00,59716.0,60277.0,59682.0,60135.0,3.7276,526
2026-07-02 02:00:00+00:00,60135.0,60440.0,59984.0,60375.0,3.465,446
2026-07-02 03:00:00+00:00,60385.0,61066.0,60279.0,61007.0,12.3781,729
2026-07-02 04:00:00+00:00,61007.0,61007.0,60674.0,60726.0,16.86825,784
2026-07-02 05:00:00+00:00,60726.0,60817.0,60441.0,60447.0,12.67605,647
2026-07-02 06:00:00+00:00,60447.0,60595.0,60192.0,60206.0,18.23521,773
2026-07-02 07:00:00+00:00,60205.0,60224.0,60041.0,60080.0,27.60907,739
2026-07-02 08:00:00+00:00,60073.0,60491.0,60062.0,60446.0,38.40181,884
2026-07-02 09:00:00+00:00,60446.0,61342.0,60305.0,61106.0,43.76142,1367
2026-07-02 10:00:00+00:00,61106.0,61291.0,60983.0,61206.0,14.3149,1186
2026-07-02 11:00:00+00:00,61206.0,61308.0,61077.0,61296.0,33.09117,1399
2026-07-02 12:00:00+00:00,61287.0,61548.0,61109.0,61469.0,45.40583,1331
2026-07-02 13:00:00+00:00,61483.0,61982.0,61439.0,61870.0,62.6831,2304
2026-07-02 14:00:00+00:00,61870.0,62133.0,61362.0,61639.0,25.44453,1224
2026-07-02 15:00:00+00:00,61639.0,61787.0,61371.0,61552.0,15.09524,1020
2026-07-02 16:00:00+00:00,61577.0,61732.0,61101.0,61633.0,38.28608,1582
2026-07-02 17:00:00+00:00,61633.0,61882.0,61574.0,61615.0,14.38633,840
2026-07-02 18:00:00+00:00,61615.0,61820.0,61614.0,61707.0,10.57762,761
2026-07-02 19:00:00+00:00,61706.0,61710.0,61390.0,61442.0,7.79221,568
2026-07-02 20:00:00+00:00,61448.0,61546.0,61294.0,61522.0,18.82548,837
2026-07-02 21:00:00+00:00,61526.0,61583.0,61460.0,61540.0,30.03341,1148
2026-07-02 22:00:00+00:00,61508.0,61544.0,61370.0,61414.0,9.46,1130
2026-07-02 23:00:00+00:00,61403.0,61534.0,61284.0,61489.0,18.56196,772
2026-07-03 00:00:00+00:00,61488.0,61509.0,61179.0,61238.0,12.88434,673
2026-07-03 01:00:00+00:00,61231.0,61656.0,61215.0,61517.0,9.88044,715
2026-07-03 02:00:00+00:00,61524.0,61600.0,61227.0,61365.0,4.97926,630
2026-07-03 03:00:00+00:00,61344.0,61508.0,61260.0,61362.0,23.38798,763
2026-07-03 04:00:00+00:00,61370.0,61460.0,61282.0,61384.0,11.86868,571
2026-07-03 05:00:00+00:00,61374.0,61742.0,61374.0,61636.0,12.92632,699
2026-07-03 06:00:00+00:00,61635.0,61776.0,61551.0,61652.0,20.08255,1504
2026-07-03 07:00:00+00:00,61654.0,61794.0,61604.0,61688.0,32.29561,1702
2026-07-03 08:00:00+00:00,61691.0,61844.0,61511.0,61526.0,22.24565,1633
2026-07-03 09:00:00+00:00,61525.0,61711.0,61456.0,61659.0,33.79143,1241
2026-07-03 10:00:00+00:00,61651.0,61971.0,61612.0,61860.0,8.07012,706
2026-07-03 11:00:00+00:00,61861.0,62024.0,61790.0,61959.0,12.16965,784
2026-07-03 12:00:00+00:00,61970.0,62104.0,61807.0,61919.0,18.88675,812
2026-07-03 13:00:00+00:00,61955.0,62205.0,61896.0,62052.0,20.34057,823
2026-07-03 14:00:00+00:00,62052.0,62206.0,61660.0,62103.0,27.60299,949
2026-07-03 15:00:00+00:00,62108.0,62337.0,61773.0,61870.0,43.73649,1033
2026-07-03 16:00:00+00:00,61877.0,62083.0,61870.0,62052.0,12.69614,766
2026-07-03 17:00:00+00:00,62063.0,62241.0,62038.0,62147.0,5.96833,687
2026-07-03 18:00:00+00:00,62159.0,62198.0,62070.0,62164.0,3.77888,975
2026-07-03 19:00:00+00:00,62164.0,62260.0,62107.0,62178.0,12.29044,1102
2026-07-03 20:00:00+00:00,62164.0,62824.0,62144.0,62728.0,23.96527,1439
2026-07-03 21:00:00+00:00,62724.0,62905.0,62472.0,62689.0,8.05091,1052
2026-07-03 22:00:00+00:00,62683.0,62701.0,62500.0,62533.0,1.69292,433
2026-07-03 23:00:00+00:00,62530.0,62656.0,62481.0,62565.0,6.11904,679
2026-07-04 00:00:00+00:00,62545.0,62888.0,62545.0,62706.0,7.89514,611
2026-07-04 01:00:00+00:00,62706.0,62706.0,62373.0,62430.0,5.97378,381
2026-07-04 02:00:00+00:00,62434.0,62516.0,62371.0,62485.0,3.80853,287
2026-07-04 03:00:00+00:00,62490.0,62684.0,62436.0,62590.0,5.87684,315
2026-07-04 04:00:00+00:00,62578.0,62690.0,62521.0,62594.0,16.79318,476
2026-07-04 05:00:00+00:00,62621.0,62622.0,62388.0,62414.0,7.70555,269
2026-07-04 06:00:00+00:00,62419.0,62502.0,62284.0,62444.0,4.78379,291
2026-07-04 07:00:00+00:00,62444.0,62566.0,62408.0,62538.0,5.36207,322
2026-07-04 08:00:00+00:00,62538.0,62604.0,62466.0,62506.0,3.99207,364
2026-07-04 09:00:00+00:00,62522.0,62522.0,62380.0,62437.0,3.19048,310
2026-07-04 10:00:00+00:00,62437.0,62488.0,62393.0,62469.0,9.966,330
2026-07-04 11:00:00+00:00,62442.0,62494.0,62414.0,62432.0,7.9542,273
2026-07-04 12:00:00+00:00,62432.0,62636.0,62432.0,62618.0,10.93404,367
2026-07-04 13:00:00+00:00,62618.0,62712.0,62496.0,62539.0,13.5022,398
2026-07-04 14:00:00+00:00,62539.0,62685.0,62539.0,62650.0,4.31805,348
2026-07-04 15:00:00+00:00,62650.0,63007.0,62650.0,62899.0,19.97546,685
2026-07-04 16:00:00+00:00,62899.0,62929.0,62752.0,62883.0,3.47495,584
2026-07-04 17:00:00+00:00,62883.0,63361.0,62770.0,63241.0,10.75045,845
2026-07-04 18:00:00+00:00,63234.0,63309.0,63046.0,63123.0,15.44516,680
2026-07-04 19:00:00+00:00,63123.0,63410.0,63082.0,63256.0,17.65854,1013
2026-07-04 20:00:00+00:00,63251.0,63348.0,63118.0,63192.0,6.09529,769
2026-07-04 21:00:00+00:00,63192.0,63409.0,63167.0,63268.0,4.23614,532
2026-07-04 22:00:00+00:00,63272.0,63275.0,63114.0,63135.0,5.70908,568
2026-07-04 23:00:00+00:00,63144.0,63191.0,62905.0,63093.0,2.29893,453
2026-07-05 00:00:00+00:00,63092.0,63098.0,62877.0,62939.0,4.88135,451
2026-07-05 01:00:00+00:00,62941.0,62993.0,62757.0,62844.0,2.20949,420
2026-07-05 02:00:00+00:00,62839.0,62880.0,62557.0,62648.0,3.69154,461
2026-07-05 03:00:00+00:00,62651.0,62746.0,62608.0,62719.0,1.16208,335
2026-07-05 04:00:00+00:00,62721.0,62905.0,62664.0,62781.0,24.38142,400
2026-07-05 05:00:00+00:00,62759.0,62774.0,62617.0,62690.0,4.93834,421
2026-07-05 06:00:00+00:00,62696.0,62781.0,62625.0,62728.0,2.78462,347
2026-07-05 07:00:00+00:00,62730.0,63005.0,62675.0,62984.0,5.33704,389
2026-07-05 08:00:00+00:00,62975.0,63056.0,62847.0,62904.0,3.01846,387
2026-07-05 09:00:00+00:00,62875.0,62885.0,62412.0,62582.0,8.37007,591
2026-07-05 10:00:00+00:00,62583.0,62711.0,62510.0,62710.0,3.93452,404
2026-07-05 11:00:00+00:00,62710.0,62755.0,62557.0,62615.0,9.72843,489
2026-07-05 12:00:00+00:00,62603.0,62723.0,62511.0,62692.0,4.43856,488
2026-07-05 13:00:00+00:00,62695.0,62777.0,62609.0,62745.0,1.66371,483
2026-07-05 14:00:00+00:00,62745.0,62772.0,62622.0,62770.0,7.58626,525
2026-07-05 15:00:00+00:00,62771.0,62895.0,62631.0,62695.0,2.28567,415
2026-07-05 16:00:00+00:00,62701.0,62726.0,62570.0,62604.0,9.8546,456
2026-07-05 17:00:00+00:00,62598.0,62757.0,62549.0,62580.0,12.42091,403
2026-07-05 18:00:00+00:00,62580.0,62815.0,62579.0,62765.0,4.12053,303
2026-07-05 19:00:00+00:00,62747.0,62827.0,62679.0,62727.0,13.63763,380
2026-07-05 20:00:00+00:00,62723.0,62786.0,62660.0,62700.0,3.39324,156
2026-07-05 21:00:00+00:00,62683.0,63179.0,62579.0,63069.0,3.02876,201
2026-07-05 22:00:00+00:00,63051.0,63878.0,62973.0,63689.0,15.94901,627
2026-07-05 23:00:00+00:00,63695.0,63951.0,63526.0,63601.0,7.09044,405
2026-07-06 00:00:00+00:00,63594.0,63715.0,63320.0,63676.0,4.15893,293
2026-07-06 01:00:00+00:00,63715.0,63861.0,63509.0,63516.0,8.99125,303
2026-07-06 02:00:00+00:00,63514.0,63603.0,63324.0,63415.0,13.4467,243
2026-07-06 03:00:00+00:00,63389.0,63436.0,63082.0,63236.0,14.49323,347
2026-07-06 04:00:00+00:00,63237.0,63324.0,63136.0,63212.0,9.23976,195
2026-07-06 05:00:00+00:00,63212.0,63218.0,62918.0,63065.0,6.46894,244
2026-07-06 06:00:00+00:00,63054.0,63085.0,62925.0,62925.0,15.60027,270
2026-07-06 07:00:00+00:00,62917.0,63068.0,62837.0,63048.0,23.19921,427
2026-07-06 08:00:00+00:00,63048.0,63195.0,62788.0,62854.0,26.01771,522
2026-07-06 09:00:00+00:00,62848.0,62866.0,62588.0,62615.0,10.57707,389
2026-07-06 10:00:00+00:00,62615.0,62975.0,62610.0,62768.0,4.94914,306
2026-07-06 11:00:00+00:00,62784.0,62946.0,62480.0,62480.0,37.36262,1219
2026-07-06 12:00:00+00:00,62470.0,62470.0,61634.0,61700.0,86.67647,2161
2026-07-06 13:00:00+00:00,61696.0,61986.0,61280.0,61760.0,48.34758,1315
2026-07-06 14:00:00+00:00,61727.0,62353.0,61678.0,62008.0,33.9125,1387
2026-07-06 15:00:00+00:00,62013.0,63533.0,62013.0,63509.0,49.08488,1319
2026-07-06 16:00:00+00:00,63537.0,63814.0,63359.0,63703.0,41.51761,988
2026-07-06 17:00:00+00:00,63691.0,63931.0,63548.0,63563.0,17.13843,865
2026-07-06 18:00:00+00:00,63566.0,63830.0,63539.0,63655.0,16.94168,611
2026-07-06 19:00:00+00:00,63666.0,63850.0,63618.0,63693.0,7.5007,334
2026-07-06 20:00:00+00:00,63718.0,63836.0,63555.0,63803.0,9.2662,263
2026-07-06 21:00:00+00:00,63796.0,64648.0,63774.0,64419.0,15.44964,773
2026-07-06 22:00:00+00:00,64455.0,64455.0,64135.0,64206.0,9.99098,294
2026-07-06 23:00:00+00:00,64219.0,64299.0,64000.0,64001.0,4.56435,207
2026-07-07 00:00:00+00:00,64015.0,64255.0,63986.0,64157.0,7.04864,287
2026-07-07 01:00:00+00:00,64164.0,64164.0,63765.0,63812.0,5.20562,256
2026-07-07 02:00:00+00:00,63805.0,63864.0,63264.0,63285.0,8.32174,400
2026-07-07 03:00:00+00:00,63286.0,63371.0,63119.0,63147.0,6.97077,313
2026-07-07 04:00:00+00:00,63148.0,63238.0,63035.0,63055.0,34.65918,348
2026-07-07 05:00:00+00:00,63065.0,63234.0,62778.0,63102.0,9.51415,354
2026-07-07 06:00:00+00:00,63102.0,63349.0,62958.0,63296.0,13.20682,273
2026-07-07 07:00:00+00:00,63286.0,63388.0,63034.0,63034.0,6.42518,266
2026-07-07 08:00:00+00:00,63039.0,63135.0,62947.0,63049.0,16.09978,400
2026-07-07 09:00:00+00:00,63049.0,63279.0,63012.0,63207.0,7.56121,300
2026-07-07 10:00:00+00:00,63208.0,63423.0,63194.0,63238.0,24.74423,561
2026-07-07 11:00:00+00:00,63191.0,63406.0,63089.0,63352.0,28.73849,676
2026-07-07 12:00:00+00:00,63370.0,63828.0,63363.0,63434.0,36.59849,908
2026-07-07 13:00:00+00:00,63430.0,63439.0,62952.0,62990.0,31.09644,1064
2026-07-07 14:00:00+00:00,62947.0,63554.0,62627.0,63512.0,29.86224,1408
2026-07-07 15:00:00+00:00,63485.0,64065.0,63328.0,63898.0,30.65372,1046
2026-07-07 16:00:00+00:00,63914.0,64211.0,63788.0,63956.0,74.99333,1220
2026-07-07 17:00:00+00:00,63955.0,64194.0,63864.0,64152.0,13.652,616
2026-07-07 18:00:00+00:00,64154.0,64154.0,63646.0,63646.0,11.25912,429
2026-07-07 19:00:00+00:00,63658.0,63842.0,63375.0,63766.0,13.34196,512
2026-07-07 20:00:00+00:00,63796.0,63864.0,63589.0,63662.0,3.67469,322
2026-07-07 21:00:00+00:00,63665.0,63829.0,63296.0,63393.0,4.14578,329
2026-07-07 22:00:00+00:00,63361.0,63624.0,63195.0,63512.0,9.46431,441
2026-07-07 23:00:00+00:00,63487.0,63674.0,63298.0,63338.0,6.34163,300
2026-07-08 00:00:00+00:00,63328.0,63713.0,63281.0,63574.0,7.49388,387
2026-07-08 01:00:00+00:00,63578.0,63607.0,62898.0,62988.0,9.2269,481
2026-07-08 02:00:00+00:00,62971.0,63026.0,62510.0,62948.0,17.89168,665
2026-07-08 03:00:00+00:00,62967.0,63060.0,62667.0,62716.0,5.08399,193
2026-07-08 04:00:00+00:00,62727.0,62871.0,62651.0,62759.0,3.80678,119
2026-07-08 05:00:00+00:00,62754.0,62835.0,62519.0,62590.0,16.73478,364
2026-07-08 06:00:00+00:00,62602.0,62690.0,62455.0,62626.0,8.85017,455
2026-07-08 07:00:00+00:00,62638.0,62840.0,62515.0,62833.0,12.8353,292
2026-07-08 08:00:00+00:00,62818.0,62880.0,61834.0,61972.0,39.60477,846
2026-07-08 09:00:00+00:00,61978.0,62120.0,61710.0,62012.0,30.75214,575
2026-07-08 10:00:00+00:00,62014.0,62141.0,61859.0,62103.0,9.32869,277
2026-07-08 11:00:00+00:00,62142.0,63556.0,62015.0,62934.0,80.22894,1869
2026-07-08 12:00:00+00:00,62934.0,62935.0,61927.0,61928.0,45.2772,1077
2026-07-08 13:00:00+00:00,61927.0,62043.0,61604.0,61893.0,24.7708,815
2026-07-08 14:00:00+00:00,61877.0,62106.0,61675.0,61833.0,82.03987,981
2026-07-08 15:00:00+00:00,61841.0,61863.0,61510.0,61666.0,21.65751,680
2026-07-08 16:00:00+00:00,61661.0,62087.0,61650.0,62066.0,17.56981,491
2026-07-08 17:00:00+00:00,62066.0,62334.0,61989.0,62061.0,3.51716,254
2026-07-08 18:00:00+00:00,62063.0,62290.0,62011.0,62145.0,16.31747,599
2026-07-08 19:00:00+00:00,62148.0,62256.0,62036.0,62235.0,7.48799,344
2026-07-08 20:00:00+00:00,62191.0,62275.0,62040.0,62077.0,4.72806,225
2026-07-08 21:00:00+00:00,62071.0,62200.0,61929.0,62146.0,7.75333,433
2026-07-08 22:00:00+00:00,62145.0,62289.0,62130.0,62275.0,1.2333,181
2026-07-08 23:00:00+00:00,62281.0,62295.0,62127.0,62248.0,6.30419,219
2026-07-09 00:00:00+00:00,62246.0,62273.0,62023.0,62097.0,6.7973,293
2026-07-09 01:00:00+00:00,62098.0,62592.0,61815.0,61854.0,6.46086,498
2026-07-09 02:00:00+00:00,61876.0,62066.0,61672.0,61744.0,24.13146,427
2026-07-09 03:00:00+00:00,61746.0,62014.0,61677.0,61926.0,2.0536,230
2026-07-09 04:00:00+00:00,61947.0,62404.0,61947.0,62404.0,5.46377,269
2026-07-09 05:00:00+00:00,62409.0,62565.0,62196.0,62528.0,1.85456,248
2026-07-09 06:00:00+00:00,62538.0,62913.0,62441.0,62908.0,4.78077,363
2026-07-09 07:00:00+00:00,62919.0,63197.0,62760.0,62947.0,10.90979,415
2026-07-09 08:00:00+00:00,62958.0,63046.0,62830.0,62860.0,11.78581,312
2026-07-09 09:00:00+00:00,62845.0,62954.0,62750.0,62904.0,5.99006,344
2026-07-09 10:00:00+00:00,62904.0,63004.0,62647.0,62721.0,8.28392,257
2026-07-09 11:00:00+00:00,62727.0,62779.0,62567.0,62732.0,10.32766,334
2026-07-09 12:00:00+00:00,62732.0,62893.0,62429.0,62570.0,18.1802,747
2026-07-09 13:00:00+00:00,62570.0,63187.0,62461.0,62982.0,14.62423,692
2026-07-09 14:00:00+00:00,63008.0,63076.0,62620.0,62971.0,9.92003,582
2026-07-09 15:00:00+00:00,63000.0,63183.0,62758.0,62824.0,13.94842,578
2026-07-09 16:00:00+00:00,62825.0,62930.0,62517.0,62651.0,9.85348,650
2026-07-09 17:00:00+00:00,62671.0,63129.0,62618.0,63113.0,17.99041,531
2026-07-09 18:00:00+00:00,63130.0,63445.0,63035.0,63180.0,10.66345,675
2026-07-09 19:00:00+00:00,63181.0,63342.0,63131.0,63207.0,21.78604,557
2026-07-09 20:00:00+00:00,63206.0,63291.0,63139.0,63276.0,6.70787,362
2026-07-09 21:00:00+00:00,63266.0,63348.0,63183.0,63229.0,4.17945,370
2026-07-09 22:00:00+00:00,63240.0,63355.0,63170.0,63171.0,6.9895,313
2026-07-09 23:00:00+00:00,63171.0,63271.0,63034.0,63182.0,3.37058,188
2026-07-10 00:00:00+00:00,63181.0,63206.0,62896.0,63058.0,3.07261,303
2026-07-10 01:00:00+00:00,63068.0,63896.0,62922.0,63695.0,15.19155,678
2026-07-10 02:00:00+00:00,63737.0,63997.0,63650.0,63928.0,6.99187,310
2026-07-10 03:00:00+00:00,63919.0,64000.0,63788.0,63904.0,12.63126,389
2026-07-10 04:00:00+00:00,63935.0,64141.0,63846.0,64023.0,7.65887,480
2026-07-10 05:00:00+00:00,64023.0,64157.0,63922.0,64081.0,8.45593,586
2026-07-10 06:00:00+00:00,64080.0,64114.0,63815.0,63819.0,36.92869,667
2026-07-10 07:00:00+00:00,63825.0,63982.0,63779.0,63971.0,9.57256,541
2026-07-10 08:00:00+00:00,63962.0,64343.0,63952.0,64206.0,15.55886,559
2026-07-10 09:00:00+00:00,64190.0,64444.0,64056.0,64353.0,21.11465,749
2026-07-10 10:00:00+00:00,64353.0,64465.0,64243.0,64364.0,10.4043,557
2026-07-10 11:00:00+00:00,64372.0,64440.0,64305.0,64378.0,14.82952,555
2026-07-10 12:00:00+00:00,64388.0,64575.0,64245.0,64265.0,19.90964,774
2026-07-10 13:00:00+00:00,64265.0,64648.0,64131.0,64454.0,11.33244,674
2026-07-10 14:00:00+00:00,64431.0,64477.0,63775.0,63867.0,15.57207,951
2026-07-10 15:00:00+00:00,63873.0,64179.0,63867.0,63972.0,19.69543,660
2026-07-10 16:00:00+00:00,64000.0,64190.0,63801.0,64119.0,16.96777,836
2026-07-10 17:00:00+00:00,64118.0,64126.0,63804.0,63804.0,12.23009,669
2026-07-10 18:00:00+00:00,63804.0,63961.0,63702.0,63763.0,7.9037,657
2026-07-10 19:00:00+00:00,63762.0,64009.0,63744.0,63876.0,4.38881,522
2026-07-10 20:00:00+00:00,63890.0,63890.0,63636.0,63805.0,8.21751,504
2026-07-10 21:00:00+00:00,63805.0,64046.0,63804.0,63969.0,6.85535,409
2026-07-10 22:00:00+00:00,63969.0,64118.0,63941.0,64075.0,10.93687,425
2026-07-10 23:00:00+00:00,64076.0,64169.0,63983.0,64122.0,5.17772,317
2026-07-11 00:00:00+00:00,64122.0,64135.0,64015.0,64108.0,2.93861,321
2026-07-11 01:00:00+00:00,64090.0,64267.0,63971.0,63987.0,9.5874,417
2026-07-11 02:00:00+00:00,63985.0,64123.0,63945.0,64120.0,4.25121,284
2026-07-11 03:00:00+00:00,64120.0,64158.0,64041.0,64121.0,2.96298,298
2026-07-11 04:00:00+00:00,64110.0,64172.0,64048.0,64092.0,2.03931,320
2026-07-11 05:00:00+00:00,64104.0,64199.0,64073.0,64142.0,11.13567,364
2026-07-11 06:00:00+00:00,64142.0,64226.0,64099.0,64179.0,13.27898,419
2026-07-11 07:00:00+00:00,64179.0,64192.0,64102.0,64113.0,2.51055,368
2026-07-11 08:00:00+00:00,64113.0,64256.0,64112.0,64227.0,3.8498,361
2026-07-11 09:00:00+00:00,64226.0,64261.0,64099.0,64100.0,10.544,405
2026-07-11 10:00:00+00:00,64116.0,64147.0,64092.0,64139.0,1.90609,264
2026-07-11 11:00:00+00:00,64145.0,64159.0,64117.0,64150.0,4.99947,230
2026-07-11 12:00:00+00:00,64150.0,64182.0,64087.0,64143.0,5.56394,290
2026-07-11 13:00:00+00:00,64144.0,64220.0,64121.0,64195.0,4.46862,307
2026-07-11 14:00:00+00:00,64195.0,64450.0,64195.0,64321.0,8.19998,485
2026-07-11 15:00:00+00:00,64321.0,64447.0,63865.0,64128.0,9.41732,736
2026-07-11 16:00:00+00:00,64128.0,64226.0,64061.0,64145.0,15.49142,560
2026-07-11 17:00:00+00:00,64146.0,64363.0,64136.0,64290.0,1.41065,363
2026-07-11 18:00:00+00:00,64278.0,64348.0,64252.0,64294.0,4.39365,346
2026-07-11 19:00:00+00:00,64294.0,64321.0,64213.0,64253.0,41.24877,656
2026-07-11 20:00:00+00:00,64253.0,64421.0,64253.0,64362.0,3.26307,337
2026-07-11 21:00:00+00:00,64354.0,64399.0,64307.0,64317.0,4.8486,373
2026-07-11 22:00:00+00:00,64317.0,64396.0,64120.0,64159.0,4.75547,348
2026-07-11 23:00:00+00:00,64159.0,64210.0,63783.0,63783.0,24.57623,1159
2026-07-12 00:00:00+00:00,63782.0,63877.0,63680.0,63797.0,3.0224,343
2026-07-12 01:00:00+00:00,63794.0,64141.0,63786.0,64104.0,2.74444,282
2026-07-12 02:00:00+00:00,64100.0,64107.0,64000.0,64053.0,2.88571,306
2026-07-12 03:00:00+00:00,64045.0,64188.0,64019.0,64169.0,1.04674,216
2026-07-12 04:00:00+00:00,64193.0,64215.0,63919.0,63970.0,3.28511,269
2026-07-12 05:00:00+00:00,63973.0,63995.0,63875.0,63945.0,2.67733,247
2026-07-12 06:00:00+00:00,63928.0,63929.0,63619.0,63719.0,9.23393,407
2026-07-12 07:00:00+00:00,63719.0,63857.0,63718.0,63842.0,5.74113,320
2026-07-12 08:00:00+00:00,63840.0,64050.0,63840.0,63938.0,13.86558,481
2026-07-12 09:00:00+00:00,63937.0,64002.0,63725.0,63922.0,23.27364,605
2026-07-12 10:00:00+00:00,63917.0,63917.0,63800.0,63832.0,5.69382,302
2026-07-12 11:00:00+00:00,63831.0,63994.0,63793.0,63981.0,5.81692,358
2026-07-12 12:00:00+00:00,63971.0,64087.0,63936.0,63996.0,6.14092,328
2026-07-12 13:00:00+00:00,63996.0,64051.0,63955.0,63975.0,13.79237,397
2026-07-12 14:00:00+00:00,63976.0,64241.0,63922.0,64164.0,8.94921,351
2026-07-12 15:00:00+00:00,64153.0,64216.0,64088.0,64152.0,4.61553,304
2026-07-12 16:00:00+00:00,64164.0,64178.0,64026.0,64153.0,2.98776,304
2026-07-12 17:00:00+00:00,64153.0,64158.0,64020.0,64055.0,4.84236,319
2026-07-12 18:00:00+00:00,64056.0,64110.0,63996.0,64110.0,4.60329,299
2026-07-12 19:00:00+00:00,64110.0,64226.0,64109.0,64193.0,3.80058,200
2026-07-12 20:00:00+00:00,64194.0,64221.0,64138.0,64167.0,2.91275,161
2026-07-12 21:00:00+00:00,64175.0,64207.0,63879.0,63920.0,3.72553,243
2026-07-12 22:00:00+00:00,63878.0,63890.0,63666.0,63866.0,32.99135,1305
2026-07-12 23:00:00+00:00,63826.0,63881.0,63701.0,63753.0,3.05933,198
2026-07-13 00:00:00+00:00,63751.0,64378.0,63550.0,64050.0,12.13264,701
2026-07-13 01:00:00+00:00,64057.0,64057.0,63378.0,63386.0,11.09212,544
2026-07-13 02:00:00+00:00,63376.0,63510.0,63218.0,63324.0,18.10856,540
2026-07-13 03:00:00+00:00,63309.0,63344.0,62721.0,62782.0,21.39086,811
2026-07-13 04:00:00+00:00,62743.0,62866.0,62600.0,62631.0,8.49363,356
2026-07-13 05:00:00+00:00,62643.0,62863.0,62468.0,62762.0,40.83372,640
2026-07-13 06:00:00+00:00,62779.0,62829.0,62686.0,62757.0,18.51466,450
2026-07-13 07:00:00+00:00,62771.0,63016.0,62720.0,62958.0,7.6645,537
2026-07-13 08:00:00+00:00,62958.0,63226.0,62918.0,63144.0,23.11548,760
2026-07-13 09:00:00+00:00,63144.0,63148.0,63040.0,63053.0,14.42339,616
2026-07-13 10:00:00+00:00,63053.0,63082.0,62814.0,62821.0,48.98092,1903
2026-07-13 11:00:00+00:00,62821.0,63071.0,62821.0,62864.0,28.70213,1184
2026-07-13 12:00:00+00:00,62864.0,62929.0,62521.0,62575.0,33.3619,1312
2026-07-13 13:00:00+00:00,62575.0,62703.0,62122.0,62279.0,13.99331,1167
2026-07-13 14:00:00+00:00,62279.0,62742.0,62063.0,62742.0,24.54079,991
2026-07-13 15:00:00+00:00,62738.0,62949.0,62535.0,62583.0,23.07217,1198
2026-07-13 16:00:00+00:00,62581.0,62589.0,62172.0,62225.0,12.84802,895
2026-07-13 17:00:00+00:00,62228.0,62307.0,61853.0,61853.0,14.65639,910
2026-07-13 18:00:00+00:00,61854.0,62043.0,61785.0,61969.0,13.29806,884
2026-07-13 19:00:00+00:00,61981.0,62246.0,61940.0,62246.0,19.59053,721
2026-07-13 20:00:00+00:00,62224.0,62269.0,62035.0,62167.0,9.22004,385
2026-07-13 21:00:00+00:00,62175.0,62181.0,61853.0,62025.0,19.04603,493
2026-07-13 22:00:00+00:00,62043.0,62163.0,61852.0,61853.0,17.21628,447
2026-07-13 23:00:00+00:00,61855.0,62279.0,61828.0,62277.0,6.60241,377
2026-07-14 00:00:00+00:00,62276.0,62597.0,62212.0,62499.0,20.22662,837
2026-07-14 01:00:00+00:00,62499.0,62589.0,62413.0,62482.0,7.02309,734
2026-07-14 02:00:00+00:00,62455.0,62579.0,62263.0,62484.0,7.14183,367
2026-07-14 03:00:00+00:00,62498.0,62543.0,62253.0,62504.0,6.67713,397
2026-07-14 04:00:00+00:00,62500.0,62699.0,62469.0,62689.0,14.6159,367
2026-07-14 05:00:00+00:00,62687.0,62825.0,62645.0,62669.0,18.66986,486
2026-07-14 06:00:00+00:00,62664.0,62704.0,62514.0,62560.0,4.6179,250
2026-07-14 07:00:00+00:00,62551.0,62592.0,62441.0,62471.0,24.06555,581
2026-07-14 08:00:00+00:00,62477.0,62719.0,62437.0,62634.0,6.48077,338
2026-07-14 09:00:00+00:00,62636.0,62663.0,62471.0,62563.0,7.06084,382
2026-07-14 10:00:00+00:00,62569.0,62837.0,62554.0,62734.0,15.69296,436
2026-07-14 11:00:00+00:00,62742.0,62846.0,62650.0,62772.0,12.6327,464
2026-07-14 12:00:00+00:00,62790.0,63906.0,62719.0,63890.0,45.67923,1322
2026-07-14 13:00:00+00:00,63908.0,64105.0,63654.0,63770.0,26.11553,573
2026-07-14 14:00:00+00:00,63762.0,64300.0,63555.0,64237.0,40.62714,966
2026-07-14 15:00:00+00:00,64238.0,64897.0,64149.0,64684.0,51.37372,1537
2026-07-14 16:00:00+00:00,64711.0,64854.0,64566.0,64686.0,22.74973,662
2026-07-14 17:00:00+00:00,64663.0,64665.0,64218.0,64589.0,19.23775,620
2026-07-14 18:00:00+00:00,64585.0,64588.0,64444.0,64533.0,27.02723,375
2026-07-14 19:00:00+00:00,64533.0,64659.0,64446.0,64554.0,25.11959,458
2026-07-14 20:00:00+00:00,64523.0,64557.0,64383.0,64539.0,9.54309,465
2026-07-14 21:00:00+00:00,64535.0,64845.0,64502.0,64644.0,8.74147,432
2026-07-14 22:00:00+00:00,64644.0,65050.0,64502.0,64816.0,16.01625,565
2026-07-14 23:00:00+00:00,64819.0,64995.0,64751.0,64993.0,6.58192,433
2026-07-15 00:00:00+00:00,64994.0,65028.0,64732.0,64783.0,39.53832,984
2026-07-15 01:00:00+00:00,64787.0,64810.0,64606.0,64630.0,14.28019,503
2026-07-15 02:00:00+00:00,64628.0,64704.0,64443.0,64471.0,5.92789,434
2026-07-15 03:00:00+00:00,64471.0,64790.0,64471.0,64758.0,8.42364,325
2026-07-15 04:00:00+00:00,64744.0,64833.0,64662.0,64700.0,15.51358,409
2026-07-15 05:00:00+00:00,64700.0,64922.0,64564.0,64911.0,9.79313,401
2026-07-15 06:00:00+00:00,64903.0,65224.0,64774.0,64776.0,10.92802,549
2026-07-15 07:00:00+00:00,64775.0,64843.0,64446.0,64509.0,12.88234,502
2026-07-15 08:00:00+00:00,64505.0,64726.0,64505.0,64725.0,27.18204,460
2026-07-15 09:00:00+00:00,64726.0,64869.0,64607.0,64612.0,19.90669,292
2026-07-15 10:00:00+00:00,64600.0,64790.0,64575.0,64607.0,16.04253,378
2026-07-15 11:00:00+00:00,64589.0,64691.0,64575.0,64673.0,9.57906,262
2026-07-15 12:00:00+00:00,64666.0,65190.0,64571.0,65126.0,28.04548,633
2026-07-15 13:00:00+00:00,65132.0,65517.0,64844.0,65083.0,36.86089,923
2026-07-15 14:00:00+00:00,65071.0,65469.0,65025.0,65344.0,12.70456,781
2026-07-15 15:00:00+00:00,65315.0,65530.0,65219.0,65364.0,16.30651,698
2026-07-15 16:00:00+00:00,65376.0,65404.0,64735.0,65055.0,29.98518,693
2026-07-15 17:00:00+00:00,65078.0,65137.0,64938.0,65006.0,9.58961,504
2026-07-15 18:00:00+00:00,65002.0,65079.0,64802.0,64814.0,6.8319,280
2026-07-15 19:00:00+00:00,64810.0,64961.0,64709.0,64925.0,7.481,275
2026-07-15 20:00:00+00:00,64894.0,65000.0,64889.0,64924.0,23.02096,388
2026-07-15 21:00:00+00:00,64925.0,64970.0,64751.0,64786.0,9.34244,350
2026-07-15 22:00:00+00:00,64786.0,64924.0,64747.0,64841.0,5.66248,301
2026-07-15 23:00:00+00:00,64841.0,64898.0,64670.0,64715.0,6.22811,315
2026-07-16 00:00:00+00:00,64714.0,64814.0,64483.0,64562.0,24.79934,564
2026-07-16 01:00:00+00:00,64565.0,64795.0,64388.0,64706.0,17.29298,433
2026-07-16 02:00:00+00:00,64708.0,64708.0,64552.0,64614.0,1.62808,263
2026-07-16 03:00:00+00:00,64604.0,64708.0,64511.0,64576.0,3.55904,297
2026-07-16 04:00:00+00:00,64575.0,64653.0,64497.0,64572.0,26.47463,480
2026-07-16 05:00:00+00:00,64595.0,64937.0,64568.0,64863.0,27.79702,429
2026-07-16 06:00:00+00:00,64864.0,64920.0,64592.0,64719.0,2.28967,304
2026-07-16 07:00:00+00:00,64717.0,64722.0,64035.0,64197.0,6.9908,481
2026-07-16 08:00:00+00:00,64186.0,64299.0,63855.0,64070.0,12.79836,574
2026-07-16 09:00:00+00:00,64080.0,64128.0,63982.0,64034.0,11.6782,395
2026-07-16 10:00:00+00:00,64035.0,64213.0,64023.0,64169.0,18.05853,421
2026-07-16 11:00:00+00:00,64162.0,64215.0,64052.0,64194.0,12.3552,385
2026-07-16 12:00:00+00:00,64187.0,64195.0,63822.0,63935.0,23.32229,640
2026-07-16 13:00:00+00:00,63964.0,64416.0,63947.0,64337.0,4.20903,471
2026-07-16 14:00:00+00:00,64335.0,64784.0,64299.0,64485.0,11.65064,560
2026-07-16 15:00:00+00:00,64488.0,64839.0,64262.0,64660.0,6.71407,338
2026-07-16 16:00:00+00:00,64673.0,64675.0,64285.0,64438.0,9.0757,344
2026-07-16 17:00:00+00:00,64433.0,64439.0,63957.0,64020.0,11.42789,400
2026-07-16 18:00:00+00:00,64019.0,64262.0,64004.0,64216.0,14.88095,315
2026-07-16 19:00:00+00:00,64198.0,64248.0,64112.0,64208.0,5.91011,256
2026-07-16 20:00:00+00:00,64213.0,64226.0,64063.0,64081.0,3.93766,202
2026-07-16 21:00:00+00:00,64071.0,64196.0,64062.0,64111.0,1.81971,191
2026-07-16 22:00:00+00:00,64138.0,64193.0,63909.0,63916.0,14.62343,270
2026-07-16 23:00:00+00:00,63907.0,63950.0,63706.0,63781.0,24.49549,490
2026-07-17 00:00:00+00:00,63775.0,63847.0,63565.0,63836.0,16.54866,440
2026-07-17 01:00:00+00:00,63817.0,64011.0,63437.0,63495.0,5.60442,337
2026-07-17 02:00:00+00:00,63460.0,63596.0,63354.0,63431.0,7.15764,290
2026-07-17 03:00:00+00:00,63448.0,63654.0,63445.0,63524.0,14.42913,259
2026-07-17 04:00:00+00:00,63524.0,63524.0,63280.0,63439.0,8.22419,257
2026-07-17 05:00:00+00:00,63432.0,63432.0,62771.0,62789.0,25.10791,790
2026-07-17 06:00:00+00:00,62784.0,62942.0,62684.0,62901.0,22.41406,650
2026-07-17 07:00:00+00:00,62903.0,62940.0,62775.0,62791.0,9.40841,273
2026-07-17 08:00:00+00:00,62787.0,62886.0,62621.0,62846.0,14.82616,363
2026-07-17 09:00:00+00:00,62846.0,63004.0,62814.0,62943.0,5.795,322
2026-07-17 10:00:00+00:00,62952.0,63136.0,62944.0,63130.0,8.78788,472
2026-07-17 11:00:00+00:00,63130.0,63296.0,63009.0,63235.0,9.77384,418
2026-07-17 12:00:00+00:00,63241.0,63286.0,63030.0,63031.0,8.53044,453
2026-07-17 13:00:00+00:00,63051.0,63088.0,62500.0,63062.0,65.31634,913
2026-07-17 14:00:00+00:00,63093.0,63443.0,63042.0,63151.0,12.03896,590
2026-07-17 15:00:00+00:00,63111.0,63399.0,62818.0,63399.0,10.28329,403
2026-07-17 16:00:00+00:00,63400.0,63645.0,63275.0,63534.0,17.98666,506
2026-07-17 17:00:00+00:00,63558.0,64200.0,63558.0,64022.0,47.4337,754
2026-07-17 18:00:00+00:00,64030.0,64337.0,63865.0,64225.0,10.1426,402
2026-07-17 19:00:00+00:00,64221.0,64221.0,63961.0,64105.0,6.04983,315
2026-07-17 20:00:00+00:00,64100.0,64145.0,63930.0,64091.0,1.95903,210
2026-07-17 21:00:00+00:00,64096.0,64177.0,64046.0,64070.0,7.88286,283
2026-07-17 22:00:00+00:00,64080.0,64101.0,63900.0,63934.0,5.10349,274
2026-07-17 23:00:00+00:00,63947.0,63975.0,63865.0,63910.0,3.4276,314
2026-07-18 00:00:00+00:00,63909.0,63974.0,63865.0,63866.0,3.80331,331
2026-07-18 01:00:00+00:00,63867.0,63963.0,63860.0,63921.0,4.86194,346
2026-07-18 02:00:00+00:00,63921.0,63989.0,63891.0,63923.0,3.16503,380
2026-07-18 03:00:00+00:00,63924.0,63976.0,63896.0,63975.0,4.00359,434
2026-07-18 04:00:00+00:00,63976.0,63976.0,63903.0,63923.0,3.13098,194
2026-07-18 05:00:00+00:00,63934.0,63954.0,63890.0,63914.0,0.89067,150
2026-07-18 06:00:00+00:00,63916.0,63952.0,63895.0,63932.0,19.43644,413
2026-07-18 07:00:00+00:00,63932.0,63970.0,63930.0,63960.0,3.59438,372
2026-07-18 08:00:00+00:00,63955.0,63978.0,63909.0,63937.0,17.14404,548
2026-07-18 09:00:00+00:00,63955.0,63959.0,63887.0,63944.0,1.80325,384
2026-07-18 10:00:00+00:00,63943.0,63970.0,63943.0,63962.0,1.9894,377
2026-07-18 11:00:00+00:00,63963.0,64030.0,63962.0,64017.0,2.40172,387
2026-07-18 12:00:00+00:00,64017.0,64218.0,64016.0,64179.0,13.32064,582
2026-07-18 13:00:00+00:00,64178.0,64178.0,63929.0,64056.0,7.17804,425
2026-07-18 14:00:00+00:00,64058.0,64149.0,64058.0,64090.0,11.02393,566
2026-07-18 15:00:00+00:00,64092.0,64128.0,64009.0,64093.0,7.78469,607
2026-07-18 16:00:00+00:00,64093.0,64269.0,64060.0,64257.0,3.06754,500
2026-07-18 17:00:00+00:00,64258.0,64458.0,64235.0,64457.0,27.99532,754
2026-07-18 18:00:00+00:00,64457.0,64601.0,64425.0,64479.0,42.48966,896
2026-07-18 19:00:00+00:00,64480.0,64568.0,64449.0,64532.0,21.75552,665
2026-07-18 20:00:00+00:00,64552.0,64700.0,64491.0,64674.0,7.43586,531
2026-07-18 21:00:00+00:00,64674.0,64815.0,64585.0,64702.0,11.85363,673
2026-07-18 22:00:00+00:00,64716.0,64833.0,64674.0,64768.0,7.53513,639
2026-07-18 23:00:00+00:00,64768.0,64806.0,64681.0,64800.0,3.89469,592
2026-07-19 00:00:00+00:00,64800.0,64867.0,64741.0,64749.0,7.70079,691
2026-07-19 01:00:00+00:00,64753.0,64761.0,64731.0,64734.0,1.77688,381
2026-07-19 02:00:00+00:00,64734.0,64919.0,64687.0,64802.0,18.76746,526
2026-07-19 03:00:00+00:00,64802.0,64811.0,64596.0,64668.0,0.94642,366
2026-07-19 04:00:00+00:00,64668.0,64752.0,64579.0,64677.0,2.32167,375
2026-07-19 05:00:00+00:00,64693.0,64771.0,64638.0,64686.0,1.98291,388
2026-07-19 06:00:00+00:00,64686.0,64715.0,64667.0,64667.0,9.02767,331
2026-07-19 07:00:00+00:00,64668.0,64738.0,64635.0,64674.0,4.70646,250
2026-07-19 08:00:00+00:00,64682.0,64696.0,64600.0,64659.0,7.58351,356
2026-07-19 09:00:00+00:00,64660.0,64683.0,64472.0,64474.0,5.45294,336
2026-07-19 10:00:00+00:00,64475.0,64647.0,64444.0,64548.0,7.23977,341
2026-07-19 11:00:00+00:00,64535.0,64589.0,64427.0,64437.0,13.0736,464
2026-07-19 12:00:00+00:00,64438.0,64438.0,64254.0,64409.0,13.20032,427
2026-07-19 13:00:00+00:00,64415.0,64471.0,64272.0,64451.0,16.75189,447
2026-07-19 14:00:00+00:00,64451.0,64600.0,64390.0,64556.0,15.61183,501
2026-07-19 15:00:00+00:00,64554.0,64591.0,64463.0,64538.0,5.50518,497
2026-07-19 16:00:00+00:00,64538.0,64603.0,64475.0,64505.0,1.32617,220
2026-07-19 17:00:00+00:00,64506.0,64699.0,64391.0,64516.0,27.88592,864
2026-07-19 18:00:00+00:00,64517.0,64517.0,64283.0,64379.0,9.67967,260
2026-07-19 19:00:00+00:00,64392.0,64422.0,64317.0,64410.0,2.98139,211
2026-07-19 20:00:00+00:00,64420.0,64498.0,64419.0,64462.0,1.67533,152
2026-07-19 21:00:00+00:00,64490.0,64515.0,64310.0,64371.0,1.47144,189
2026-07-19 22:00:00+00:00,64328.0,64855.0,64322.0,64647.0,7.06489,304
2026-07-19 23:00:00+00:00,64645.0,64705.0,64546.0,64682.0,10.06457,239
2026-07-20 00:00:00+00:00,64681.0,65050.0,64399.0,64520.0,10.86875,517
2026-07-20 01:00:00+00:00,64521.0,64976.0,64478.0,64584.0,3.35118,327
2026-07-20 02:00:00+00:00,64588.0,64903.0,64560.0,64780.0,4.39758,230
2026-07-20 03:00:00+00:00,64778.0,64851.0,64602.0,64748.0,8.3673,198
2026-07-20 04:00:00+00:00,64815.0,64817.0,64500.0,64516.0,1.81203,180
2026-07-20 05:00:00+00:00,64513.0,64513.0,64049.0,64081.0,5.584,431
2026-07-20 06:00:00+00:00,64092.0,64179.0,63730.0,63859.0,17.32487,517
2026-07-20 07:00:00+00:00,63863.0,64237.0,63854.0,64201.0,12.28135,415
2026-07-20 08:00:00+00:00,64211.0,64292.0,63745.0,64001.0,34.56958,611
2026-07-20 09:00:00+00:00,63997.0,64215.0,63948.0,64156.0,3.85926,211
2026-07-20 10:00:00+00:00,64144.0,64344.0,64114.0,64236.0,5.19995,162
2026-07-20 11:00:00+00:00,64250.0,65009.0,64219.0,64952.0,26.83909,586
2026-07-20 12:00:00+00:00,64951.0,64952.0,64560.0,64591.0,12.80444,287
2026-07-20 13:00:00+00:00,64606.0,64692.0,64186.0,64301.0,51.4067,706
2026-07-20 14:00:00+00:00,64291.0,64525.0,64045.0,64379.0,78.86767,1651
2026-07-20 15:00:00+00:00,64368.0,65594.0,64368.0,65554.0,66.17854,2027
2026-07-20 16:00:00+00:00,65554.0,65582.0,65317.0,65434.0,53.12845,1138
2026-07-20 17:00:00+00:00,65449.0,65582.0,65300.0,65532.0,15.0669,514
2026-07-20 18:00:00+00:00,65541.0,65744.0,65161.0,65197.0,30.64423,616
2026-07-20 19:00:00+00:00,65197.0,65227.0,65002.0,65091.0,10.33434,806
2026-07-20 20:00:00+00:00,65141.0,65399.0,65025.0,65328.0,18.5659,902
2026-07-20 21:00:00+00:00,65308.0,65400.0,65227.0,65238.0,6.88443,822
2026-07-20 22:00:00+00:00,65242.0,65244.0,65050.0,65098.0,10.29462,539
2026-07-20 23:00:00+00:00,65098.0,65215.0,65097.0,65203.0,1.47695,126
2026-07-21 00:00:00+00:00,65208.0,65533.0,65115.0,65533.0,3.31914,267
2026-07-21 01:00:00+00:00,65522.0,65618.0,65195.0,65200.0,1.02842,184
2026-07-21 02:00:00+00:00,65202.0,65445.0,65147.0,65378.0,1.51276,193
2026-07-21 03:00:00+00:00,65369.0,65544.0,65369.0,65533.0,56.9317,821
2026-07-21 04:00:00+00:00,65524.0,65698.0,65443.0,65483.0,17.53813,371
2026-07-21 05:00:00+00:00,65458.0,65874.0,65452.0,65707.0,4.57476,302
2026-07-21 06:00:00+00:00,65707.0,65939.0,65610.0,65897.0,22.55033,512
2026-07-21 07:00:00+00:00,65879.0,66204.0,65823.0,66156.0,45.96312,693
2026-07-21 08:00:00+00:00,66157.0,66321.0,66104.0,66191.0,30.70211,527
2026-07-21 09:00:00+00:00,66189.0,66303.0,66123.0,66244.0,15.8861,336
2026-07-21 10:00:00+00:00,66251.0,66380.0,66150.0,66155.0,34.28117,680
2026-07-21 11:00:00+00:00,66158.0,66320.0,66113.0,66309.0,23.45107,641
2026-07-21 12:00:00+00:00,66309.0,66609.0,66248.0,66532.0,31.3433,620
2026-07-21 13:00:00+00:00,66529.0,66750.0,66300.0,66735.0,32.37034,916
2026-07-21 14:00:00+00:00,66741.0,66900.0,66607.0,66815.0,32.09608,1432
2026-07-21 15:00:00+00:00,66815.0,66815.0,66515.0,66654.0,10.80006,1045
2026-07-21 16:00:00+00:00,66655.0,66722.0,66429.0,66510.0,23.78835,639
2026-07-21 17:00:00+00:00,66498.0,66521.0,66035.0,66175.0,27.83126,793
2026-07-21 18:00:00+00:00,66177.0,66314.0,66000.0,66264.0,51.34087,904
2026-07-21 19:00:00+00:00,66276.0,66468.0,66235.0,66396.0,19.50745,553
2026-07-21 20:00:00+00:00,66408.0,66458.0,66323.0,66370.0,6.72984,299
2026-07-21 21:00:00+00:00,66371.0,66373.0,66253.0,66343.0,10.81655,366
2026-07-21 22:00:00+00:00,66344.0,66344.0,66179.0,66267.0,3.10886,304
2026-07-21 23:00:00+00:00,66267.0,66530.0,66203.0,66509.0,4.2755,800
2026-07-22 00:00:00+00:00,66519.0,66687.0,66505.0,66626.0,4.24735,384
2026-07-22 01:00:00+00:00,66581.0,66611.0,66259.0,66362.0,3.99806,340
2026-07-22 02:00:00+00:00,66390.0,66486.0,66259.0,66273.0,2.77337,263
2026-07-22 03:00:00+00:00,66271.0,66328.0,66156.0,66166.0,5.33268,305
2026-07-22 04:00:00+00:00,66164.0,66382.0,66153.0,66340.0,1.60657,261
2026-07-22 05:00:00+00:00,66338.0,66341.0,65921.0,65942.0,24.40426,476
2026-07-22 06:00:00+00:00,65943.0,65990.0,65807.0,65901.0,11.3607,390
2026-07-22 07:00:00+00:00,65899.0,65929.0,65677.0,65800.0,31.61975,400
2026-07-22 08:00:00+00:00,65800.0,66101.0,65800.0,65940.0,3.31749,254
2026-07-22 09:00:00+00:00,65941.0,66029.0,65795.0,65886.0,10.92733,344
2026-07-22 10:00:00+00:00,65874.0,66063.0,65845.0,65998.0,2.88389,275
2026-07-22 11:00:00+00:00,65998.0,66041.0,65864.0,65982.0,6.7996,378
2026-07-22 12:00:00+00:00,65982.0,65982.0,65535.0,65598.0,32.64756,769
2026-07-22 13:00:00+00:00,65598.0,65936.0,65539.0,65912.0,8.44705,429
2026-07-22 14:00:00+00:00,65914.0,66144.0,65554.0,65754.0,40.06018,864
2026-07-22 15:00:00+00:00,65755.0,66082.0,65755.0,65979.0,11.71013,335
2026-07-22 16:00:00+00:00,66011.0,66360.0,65905.0,66207.0,20.06299,476
2026-07-22 17:00:00+00:00,66211.0,66246.0,65946.0,65990.0,10.39582,430
2026-07-22 18:00:00+00:00,65997.0,66047.0,65710.0,65867.0,15.0294,379
2026-07-22 19:00:00+00:00,65871.0,65910.0,65688.0,65903.0,13.40977,332
2026-07-22 20:00:00+00:00,65882.0,65950.0,65764.0,65874.0,28.44462,418
2026-07-22 21:00:00+00:00,65876.0,66094.0,65846.0,66026.0,23.1558,554
2026-07-22 22:00:00+00:00,66027.0,66027.0,65891.0,66004.0,10.91551,423
2026-07-22 23:00:00+00:00,66004.0,66092.0,65809.0,66073.0,9.73628,368
2026-07-23 00:00:00+00:00,66076.0,66271.0,66025.0,66030.0,4.16766,408
2026-07-23 01:00:00+00:00,66023.0,66166.0,65727.0,65798.0,8.7812,405
2026-07-23 02:00:00+00:00,65790.0,65807.0,65641.0,65779.0,3.90659,330
2026-07-23 03:00:00+00:00,65781.0,65781.0,65569.0,65620.0,7.8837,304
2026-07-23 04:00:00+00:00,65615.0,65694.0,65554.0,65562.0,0.63416,228
2026-07-23 05:00:00+00:00,65576.0,65755.0,65533.0,65655.0,2.70643,268
2026-07-23 06:00:00+00:00,65657.0,65786.0,65594.0,65755.0,3.8795,271
2026-07-23 07:00:00+00:00,65750.0,65750.0,65327.0,65401.0,8.01181,380
2026-07-23 08:00:00+00:00,65401.0,65618.0,65400.0,65613.0,3.43217,139
2026-07-23 09:00:00+00:00,65592.0,65705.0,65580.0,65609.0,8.30869,157
2026-07-23 10:00:00+00:00,65610.0,65758.0,65564.0,65699.0,2.19412,148
2026-07-23 11:00:00+00:00,65711.0,65712.0,65510.0,65524.0,3.96893,242
2026-07-23 12:00:00+00:00,65523.0,65550.0,64958.0,65116.0,27.31332,800
2026-07-23 13:00:00+00:00,65135.0,65200.0,64841.0,64862.0,30.08979,826
2026-07-23 14:00:00+00:00,64860.0,65178.0,64809.0,64874.0,35.74669,760
2026-07-23 15:00:00+00:00,64870.0,64970.0,64700.0,64926.0,15.97332,550
2026-07-23 16:00:00+00:00,64925.0,64925.0,64670.0,64691.0,14.82465,461
2026-07-23 17:00:00+00:00,64693.0,64874.0,64622.0,64622.0,148.87461,2545
2026-07-23 18:00:00+00:00,64630.0,64883.0,64630.0,64810.0,7.31943,234
2026-07-23 19:00:00+00:00,64844.0,64871.0,64648.0,64806.0,12.7258,288
2026-07-23 20:00:00+00:00,64803.0,65135.0,64785.0,65088.0,7.378,282
2026-07-23 21:00:00+00:00,65095.0,65150.0,64970.0,65129.0,7.24091,326
2026-07-23 22:00:00+00:00,65125.0,65172.0,64969.0,65143.0,7.14538,282
2026-07-23 23:00:00+00:00,65132.0,65167.0,65015.0,65048.0,2.02382,185
2026-07-24 00:00:00+00:00,65048.0,65062.0,64730.0,64917.0,2.84306,296
2026-07-24 01:00:00+00:00,64924.0,65115.0,64910.0,65030.0,1.4926,244
2026-07-24 02:00:00+00:00,65033.0,65118.0,64891.0,65056.0,0.80253,159
2026-07-24 03:00:00+00:00,65056.0,65410.0,65021.0,65406.0,5.95043,243
2026-07-24 04:00:00+00:00,65410.0,65411.0,65214.0,65249.0,9.18805,249
2026-07-24 05:00:00+00:00,65272.0,65348.0,65214.0,65277.0,1.22306,266
2026-07-24 06:00:00+00:00,65260.0,65450.0,65235.0,65435.0,5.62676,414
2026-07-24 07:00:00+00:00,65443.0,65759.0,65318.0,65460.0,26.5982,736
2026-07-24 08:00:00+00:00,65465.0,65465.0,65275.0,65275.0,6.95423,338
2026-07-24 09:00:00+00:00,65275.0,65275.0,64909.0,65066.0,12.64106,497
2026-07-24 10:00:00+00:00,65063.0,65109.0,64867.0,64898.0,5.70705,279
2026-07-24 11:00:00+00:00,64904.0,65033.0,64814.0,65032.0,5.44965,286
2026-07-24 12:00:00+00:00,65023.0,65084.0,64714.0,64722.0,13.19659,435
2026-07-24 13:00:00+00:00,64727.0,64741.0,63882.0,64087.0,59.10409,1371
2026-07-24 14:00:00+00:00,64106.0,64153.0,63691.0,64000.0,38.52573,860
2026-07-24 15:00:00+00:00,63989.0,64259.0,63805.0,64037.0,29.72019,761
2026-07-24 16:00:00+00:00,64038.0,64137.0,63832.0,63898.0,18.87322,466
2026-07-24 17:00:00+00:00,63915.0,64139.0,63847.0,64118.0,7.26185,417
2026-07-24 18:00:00+00:00,64116.0,64235.0,64075.0,64210.0,3.81809,341
2026-07-24 19:00:00+00:00,64212.0,64233.0,64087.0,64179.0,3.84057,338
2026-07-24 20:00:00+00:00,64175.0,64222.0,64084.0,64113.0,9.98671,354
2026-07-24 21:00:00+00:00,64113.0,64168.0,64074.0,64096.0,10.21459,381
2026-07-24 22:00:00+00:00,64097.0,64158.0,64073.0,64109.0,3.70921,349
2026-07-24 23:00:00+00:00,64110.0,64127.0,64084.0,64086.0,5.09381,561
2026-07-25 00:00:00+00:00,64085.0,64119.0,63994.0,64012.0,1.59747,534
2026-07-25 01:00:00+00:00,64012.0,64101.0,63945.0,64007.0,2.76253,535
2026-07-25 02:00:00+00:00,64008.0,64039.0,63956.0,63980.0,1.03887,518
2026-07-25 03:00:00+00:00,63982.0,64042.0,63961.0,64022.0,3.48996,496
2026-07-25 04:00:00+00:00,64023.0,64145.0,64022.0,64125.0,2.06773,418
2026-07-25 05:00:00+00:00,64125.0,64141.0,63929.0,63960.0,2.62341,406
2026-07-25 06:00:00+00:00,63959.0,64019.0,63912.0,63967.0,53.47631,830
2026-07-25 07:00:00+00:00,63972.0,63994.0,63875.0,63987.0,51.87532,1106
2026-07-25 08:00:00+00:00,63963.0,63971.0,63805.0,63862.0,14.18201,869
2026-07-25 09:00:00+00:00,63875.0,63980.0,63835.0,63954.0,17.39884,595
2026-07-25 10:00:00+00:00,63960.0,64006.0,63953.0,63979.0,68.95854,563
2026-07-25 11:00:00+00:00,63979.0,64046.0,63975.0,64011.0,17.07711,303
2026-07-25 12:00:00+00:00,64017.0,64073.0,63985.0,64072.0,16.32721,344
2026-07-25 13:00:00+00:00,64073.0,64216.0,64063.0,64123.0,8.27781,402
2026-07-25 14:00:00+00:00,64116.0,64165.0,64069.0,64161.0,22.87882,402
2026-07-25 15:00:00+00:00,64157.0,64218.0,64119.0,64133.0,6.29179,251
2026-07-25 16:00:00+00:00,64141.0,64186.0,64074.0,64158.0,6.94294,216
2026-07-25 17:00:00+00:00,64155.0,64286.0,64153.0,64206.0,7.77072,261
2026-07-25 18:00:00+00:00,64224.0,64396.0,64224.0,64371.0,4.4316,350
2026-07-25 19:00:00+00:00,64376.0,64403.0,64346.0,64348.0,3.54139,321
2026-07-25 20:00:00+00:00,64348.0,64353.0,64270.0,64284.0,1.96606,189
2026-07-25 21:00:00+00:00,64286.0,64358.0,64215.0,64297.0,2.77079,174
2026-07-25 22:00:00+00:00,64303.0,64356.0,64290.0,64350.0,28.47586,389
2026-07-25 23:00:00+00:00,64351.0,64363.0,64300.0,64305.0,1.30688,150
2026-07-26 00:00:00+00:00,64304.0,64433.0,64300.0,64433.0,5.07759,261
2026-07-26 01:00:00+00:00,64437.0,64481.0,64399.0,64402.0,3.2296,214
2026-07-26 02:00:00+00:00,64407.0,64470.0,64373.0,64468.0,1.35962,115
2026-07-26 03:00:00+00:00,64468.0,64517.0,64430.0,64465.0,12.75079,323
2026-07-26 04:00:00+00:00,64485.0,64525.0,64430.0,64469.0,7.12188,190
2026-07-26 05:00:00+00:00,64470.0,64470.0,64360.0,64364.0,3.69714,135
2026-07-26 06:00:00+00:00,64359.0,64389.0,64230.0,64379.0,4.81747,183
2026-07-26 07:00:00+00:00,64379.0,64398.0,64283.0,64299.0,5.79759,299
2026-07-26 08:00:00+00:00,64299.0,64430.0,64282.0,64430.0,8.77857,294
2026-07-26 09:00:00+00:00,64430.0,64481.0,64423.0,64479.0,5.70003,384
2026-07-26 10:00:00+00:00,64478.0,64498.0,64428.0,64455.0,10.45008,418
2026-07-26 11:00:00+00:00,64448.0,64473.0,64432.0,64448.0,2.4622,362
2026-07-26 12:00:00+00:00,64448.0,64598.0,64390.0,64407.0,2.99002,341
2026-07-26 13:00:00+00:00,64407.0,64512.0,64359.0,64468.0,2.65184,620
2026-07-26 14:00:00+00:00,64468.0,64710.0,64468.0,64657.0,2.59484,330
2026-07-26 15:00:00+00:00,64663.0,64771.0,64617.0,64715.0,8.97565,552
2026-07-26 16:00:00+00:00,64730.0,64863.0,64645.0,64687.0,6.87691,481
2026-07-26 17:00:00+00:00,64687.0,64745.0,64609.0,64633.0,4.49299,323
2026-07-26 18:00:00+00:00,64624.0,64711.0,64616.0,64679.0,2.80191,329
2026-07-26 19:00:00+00:00,64679.0,64725.0,64635.0,64655.0,8.92915,478
2026-07-26 20:00:00+00:00,64655.0,64655.0,64599.0,64601.0,10.18033,614
2026-07-26 21:00:00+00:00,64601.0,64860.0,64601.0,64790.0,4.98871,781
2026-07-26 22:00:00+00:00,64790.0,65432.0,64790.0,65349.0,12.13845,825
2026-07-26 23:00:00+00:00,65382.0,65494.0,65241.0,65341.0,5.47722,871
2026-07-27 00:00:00+00:00,65340.0,65365.0,65020.0,65067.0,12.54457,709
2026-07-27 01:00:00+00:00,65082.0,65161.0,64861.0,65147.0,8.25935,722
2026-07-27 02:00:00+00:00,65147.0,65222.0,65058.0,65130.0,8.5555,684
2026-07-27 03:00:00+00:00,65127.0,65315.0,65117.0,65230.0,8.28896,636
2026-07-27 04:00:00+00:00,65244.0,65434.0,65184.0,65226.0,22.76452,797
2026-07-27 05:00:00+00:00,65233.0,65435.0,65221.0,65421.0,6.81,671
2026-07-27 06:00:00+00:00,65415.0,65669.0,65366.0,65370.0,11.10182,932
2026-07-27 07:00:00+00:00,65362.0,65395.0,65179.0,65186.0,10.77244,655
2026-07-27 08:00:00+00:00,65185.0,65205.0,65086.0,65108.0,9.5835,616
2026-07-27 09:00:00+00:00,65087.0,65281.0,65040.0,65207.0,9.66065,576
2026-07-27 10:00:00+00:00,65199.0,65370.0,65182.0,65279.0,16.84826,686
2026-07-27 11:00:00+00:00,65279.0,65279.0,65050.0,65051.0,7.77751,658
2026-07-27 12:00:00+00:00,65051.0,65202.0,64809.0,65030.0,5.85659,665
2026-07-27 13:00:00+00:00,65030.0,65642.0,64868.0,65158.0,13.46503,1001
2026-07-27 14:00:00+00:00,65157.0,65356.0,64417.0,64627.0,26.62432,1210
2026-07-27 15:00:00+00:00,64611.0,64700.0,64373.0,64479.0,10.49773,729
2026-07-27 16:00:00+00:00,64486.0,64896.0,64452.0,64835.0,10.59214,618
2026-07-27 17:00:00+00:00,64824.0,65014.0,64728.0,64948.0,4.52769,494
2026-07-27 18:00:00+00:00,64948.0,64990.0,64698.0,64811.0,2.8939,585
2026-07-27 19:00:00+00:00,64822.0,65014.0,64748.0,64916.0,2.49323,581
2026-07-27 20:00:00+00:00,64916.0,65003.0,64840.0,64904.0,11.37749,540
2026-07-27 21:00:00+00:00,64903.0,64904.0,64750.0,64761.0,1.7727,398
2026-07-27 22:00:00+00:00,64760.0,64760.0,63760.0,63760.0,37.20865,1227
2026-07-27 23:00:00+00:00,63750.0,63896.0,63537.0,63721.0,65.7452,1273
2026-07-28 00:00:00+00:00,63720.0,63770.0,63420.0,63431.0,13.19473,706
2026-07-28 01:00:00+00:00,63437.0,63469.0,63027.0,63174.0,9.75544,840
2026-07-28 02:00:00+00:00,63173.0,63238.0,63050.0,63131.0,3.37625,485
2026-07-28 03:00:00+00:00,63136.0,63316.0,63118.0,63284.0,5.33189,609
2026-07-28 04:00:00+00:00,63275.0,63307.0,63168.0,63293.0,4.19982,599
2026-07-28 05:00:00+00:00,63291.0,63569.0,63273.0,63390.0,5.4539,579
2026-07-28 06:00:00+00:00,63392.0,63584.0,63331.0,63567.0,5.82963,617
2026-07-28 07:00:00+00:00,63574.0,63582.0,63394.0,63436.0,6.27053,522
2026-07-28 08:00:00+00:00,63436.0,63473.0,63338.0,63364.0,18.42046,589
2026-07-28 09:00:00+00:00,63364.0,63506.0,63322.0,63327.0,11.09247,501
2026-07-28 10:00:00+00:00,63327.0,63488.0,63245.0,63409.0,19.18502,642
2026-07-28 11:00:00+00:00,63416.0,63525.0,63306.0,63412.0,6.21715,455
2026-07-28 12:00:00+00:00,63402.0,63503.0,63340.0,63486.0,8.89493,479
2026-07-28 13:00:00+00:00,63484.0,63518.0,62690.0,63024.0,25.36897,1144
2026-07-28 14:00:00+00:00,63066.0,63470.0,62912.0,63341.0,26.26275,821
2026-07-28 15:00:00+00:00,63343.0,64111.0,63212.0,63881.0,19.87975,854
2026-07-28 16:00:00+00:00,63875.0,64048.0,63735.0,63990.0,19.8053,574
2026-07-28 17:00:00+00:00,63984.0,63984.0,63464.0,63625.0,6.38537,536
2026-07-28 18:00:00+00:00,63629.0,63777.0,63629.0,63679.0,12.12373,392
2026-07-28 19:00:00+00:00,63681.0,63817.0,63623.0,63817.0,13.24203,434
2026-07-28 20:00:00+00:00,63828.0,63945.0,63808.0,63850.0,4.58205,485
2026-07-28 21:00:00+00:00,63851.0,63999.0,63817.0,63903.0,2.79003,439
2026-07-28 22:00:00+00:00,63911.0,63954.0,63704.0,63720.0,5.63951,490
2026-07-28 23:00:00+00:00,63720.0,63874.0,63501.0,63855.0,5.01145,517
2026-07-29 00:00:00+00:00,63845.0,64100.0,63805.0,63881.0,14.26575,587
2026-07-29 01:00:00+00:00,63875.0,63925.0,63625.0,63628.0,6.46797,478
2026-07-29 02:00:00+00:00,63625.0,64056.0,63601.0,63889.0,3.74296,457
2026-07-29 03:00:00+00:00,63900.0,63927.0,63627.0,63660.0,10.89096,524
2026-07-29 04:00:00+00:00,63681.0,63888.0,63514.0,63883.0,10.01163,537
2026-07-29 05:00:00+00:00,63887.0,64020.0,63813.0,63988.0,4.10292,479
2026-07-29 06:00:00+00:00,63988.0,64388.0,63956.0,64359.0,19.19338,666
2026-07-29 07:00:00+00:00,64372.0,64490.0,64331.0,64485.0,8.31955,440
2026-07-29 08:00:00+00:00,64492.0,64500.0,64210.0,64340.0,31.34563,565
2026-07-29 09:00:00+00:00,64339.0,64650.0,64311.0,64618.0,8.58144,386
2026-07-29 10:00:00+00:00,64633.0,64637.0,64359.0,64400.0,6.71871,324
2026-07-29 11:00:00+00:00,64409.0,64518.0,64346.0,64432.0,4.92362,409
2026-07-29 12:00:00+00:00,64434.0,64434.0,64171.0,64207.0,4.50549,411
2026-07-29 13:00:00+00:00,64189.0,64600.0,64086.0,64594.0,14.1085,647
2026-07-29 14:00:00+00:00,64600.0,64638.0,63996.0,64033.0,21.43033,861
2026-07-29 15:00:00+00:00,64031.0,64112.0,63827.0,63898.0,52.87763,845
2026-07-29 16:00:00+00:00,63893.0,64046.0,63565.0,63739.0,9.07568,576
2026-07-29 17:00:00+00:00,63737.0,64201.0,63636.0,64201.0,6.2193,516
2026-07-29 18:00:00+00:00,64202.0,64598.0,63720.0,64430.0,12.34217,986
2026-07-29 19:00:00+00:00,64443.0,64529.0,63479.0,63532.0,14.97236,876
2026-07-29 20:00:00+00:00,63511.0,63663.0,63299.0,63462.0,12.98434,599
2026-07-29 21:00:00+00:00,63442.0,63780.0,63230.0,63778.0,17.31905,690
2026-07-29 22:00:00+00:00,63787.0,64055.0,63787.0,63868.0,10.30949,716
2026-07-29 23:00:00+00:00,63868.0,63995.0,63818.0,63912.0,8.15279,734
2026-07-30 00:00:00+00:00,63907.0,64028.0,63525.0,63600.0,13.16137,749
2026-07-30 01:00:00+00:00,63609.0,64295.0,63609.0,64182.0,3.75984,635
2026-07-30 02:00:00+00:00,64190.0,64323.0,64104.0,64125.0,16.30423,643
2026-07-30 03:00:00+00:00,64120.0,64224.0,64062.0,64083.0,2.68272,512
2026-07-30 04:00:00+00:00,64084.0,64109.0,63941.0,63949.0,5.14552,545
2026-07-30 05:00:00+00:00,63952.0,64087.0,63834.0,63957.0,4.89265,581
2026-07-30 06:00:00+00:00,63956.0,64008.0,63896.0,63936.0,9.02381,609
2026-07-30 07:00:00+00:00,63935.0,64076.0,63867.0,63920.0,5.43382,536
2026-07-30 08:00:00+00:00,63946.0,64267.0,63913.0,64234.0,41.79432,1047
2026-07-30 09:00:00+00:00,64235.0,64547.0,64212.0,64485.0,11.09749,623
2026-07-30 10:00:00+00:00,64488.0,64549.0,64480.0,64491.0,5.19873,406
2026-07-30 11:00:00+00:00,64492.0,64800.0,64458.0,64710.0,6.92436,554
2026-07-30 12:00:00+00:00,64723.0,64937.0,64716.0,64855.0,10.22642,580
2026-07-30 13:00:00+00:00,64884.0,65106.0,64639.0,64977.0,8.48211,681
2026-07-30 14:00:00+00:00,64968.0,64987.0,64567.0,64622.0,10.26611,607
2026-07-30 15:00:00+00:00,64637.0,64825.0,64552.0,64672.0,13.59635,685
2026-07-30 16:00:00+00:00,64674.0,64891.0,64672.0,64768.0,4.82816,623
2026-07-30 17:00:00+00:00,64766.0,64920.0,64712.0,64807.0,8.2586,759
2026-07-30 18:00:00+00:00,64808.0,64841.0,64617.0,64641.0,13.91682,772
2026-07-30 19:00:00+00:00,64640.0,64846.0,64640.0,64764.0,11.37151,732
2026-07-30 20:00:00+00:00,64745.0,64874.0,64701.0,64726.0,8.7102,663
2026-07-30 21:00:00+00:00,64726.0,64755.0,64667.0,64687.0,2.44024,326
2026-07-30 22:00:00+00:00,64669.0,64960.0,64638.0,64811.0,5.70773,368
2026-07-30 23:00:00+00:00,64807.0,65039.0,64713.0,64733.0,3.21501,321
2026-07-31 00:00:00+00:00,64728.0,64849.0,64641.0,64668.0,26.67677,483
2026-07-31 01:00:00+00:00,64668.0,65336.0,64457.0,64515.0,6.45912,742
2026-07-31 02:00:00+00:00,64506.0,64558.0,64164.0,64248.0,8.21159,423
2026-07-31 03:00:00+00:00,64236.0,64382.0,64139.0,64322.0,23.94466,428
2026-07-31 04:00:00+00:00,64310.0,64383.0,64186.0,64253.0,5.09126,275
2026-07-31 05:00:00+00:00,64254.0,64365.0,64216.0,64305.0,5.72642,326
2026-07-31 06:00:00+00:00,64299.0,64432.0,64167.0,64196.0,8.04167,306
2026-07-31 07:00:00+00:00,64177.0,64184.0,63835.0,63915.0,22.84739,515
2026-07-31 08:00:00+00:00,63903.0,63936.0,63778.0,63787.0,25.4826,393
2026-07-31 09:00:00+00:00,63790.0,63802.0,63600.0,63654.0,7.28789,322
2026-07-31 10:00:00+00:00,63638.0,63892.0,63574.0,63873.0,4.90008,362
2026-07-31 11:00:00+00:00,63877.0,63958.0,63731.0,63755.0,7.32012,356
2026-07-31 12:00:00+00:00,63773.0,63773.0,63581.0,63693.0,35.10701,616
2026-07-31 13:00:00+00:00,63700.0,63765.0,63189.0,63219.0,32.43827,882
2026-07-31 14:00:00+00:00,63215.0,63234.0,62394.0,62615.0,105.91097,2073
2026-07-31 15:00:00+00:00,62577.0,62683.0,62421.0,62632.0,30.13537,912
2026-07-31 16:00:00+00:00,62636.0,62891.0,62622.0,62828.0,52.305,903
2026-07-31 17:00:00+00:00,62813.0,63227.0,62751.0,63176.0,11.25977,530
2026-07-31 18:00:00+00:00,63179.0,63226.0,62903.0,63055.0,23.66227,564
2026-07-31 19:00:00+00:00,63061.0,63098.0,62877.0,62915.0,12.26705,479
2026-07-31 20:00:00+00:00,62920.0,62968.0,62879.0,62895.0,5.078,426
2026-07-31 21:00:00+00:00,62901.0,62993.0,62806.0,62902.0,5.36272,354
2026-07-31 22:00:00+00:00,62897.0,62967.0,62838.0,62890.0,6.09898,387
2026-07-31 23:00:00+00:00,62898.0,62961.0,62806.0,62831.0,8.9472,360
2026-08-01 00:00:00+00:00,62831.0,62956.0,62831.0,62888.0,6.4903,356
2026-08-01 01:00:00+00:00,62888.0,62945.0,62866.0,62920.0,12.4803,566
2026-08-01 02:00:00+00:00,62926.0,63052.0,62926.0,63011.0,2.92668,294
2026-08-01 03:00:00+00:00,63012.0,63022.0,62919.0,62953.0,10.41028,327
2026-08-01 04:00:00+00:00,62953.0,63059.0,62941.0,63053.0,2.94009,322
2026-08-01 05:00:00+00:00,63045.0,63084.0,62945.0,62974.0,3.27909,293
2026-08-01 06:00:00+00:00,62971.0,63030.0,62936.0,63030.0,11.99555,339
2026-08-01 07:00:00+00:00,63030.0,63068.0,62980.0,62992.0,3.373,372
2026-08-01 08:00:00+00:00,62993.0,63091.0,62993.0,63084.0,1.37132,168
2026-08-01 09:00:00+00:00,63081.0,63974.0,63004.0,63006.0,10.896,448
2026-08-01 10:00:00+00:00,63065.0,63065.0,62943.0,63003.0,6.27102,586
2026-08-01 11:00:00+00:00,63003.0,63046.0,62986.0,63032.0,6.38333,743
2026-08-01 12:00:00+00:00,63032.0,63078.0,63023.0,63041.0,9.22491,489
2026-08-01 13:00:00+00:00,63045.0,63061.0,63015.0,63015.0,9.33873,363
2026-08-01 14:00:00+00:00,63016.0,63082.0,63015.0,63072.0,6.16651,362
2026-08-01 15:00:00+00:00,63079.0,63082.0,62972.0,62972.0,4.76725,361
2026-08-01 16:00:00+00:00,62959.0,62976.0,62837.0,62868.0,7.05846,478
2026-08-01 17:00:00+00:00,62876.0,62943.0,62615.0,62660.0,11.13618,456
2026-08-01 18:00:00+00:00,62628.0,62685.0,62237.0,62529.0,10.5225,703
2026-08-01 19:00:00+00:00,62548.0,62571.0,62413.0,62482.0,5.05289,393
2026-08-01 20:00:00+00:00,62481.0,62610.0,62442.0,62610.0,3.19978,309
2026-08-01 21:00:00+00:00,62610.0,62796.0,62609.0,62761.0,11.89289,416
2026-08-01 22:00:00+00:00,62780.0,62809.0,62746.0,62775.0,4.73538,372
2026-08-01 23:00:00+00:00,62787.0,62797.0,62714.0,62768.0,1.77038,506
2026-08-02 00:00:00+00:00,62768.0,62913.0,62752.0,62784.0,0.931,463
2026-08-02 01:00:00+00:00,62793.0,63023.0,62789.0,62928.0,1.12499,421
2026-08-02 02:00:00+00:00,62929.0,63478.0,62900.0,63394.0,9.6596,571
2026-08-02 03:00:00+00:00,63388.0,63490.0,63332.0,63406.0,2.99076,412
2026-08-02 04:00:00+00:00,63419.0,63547.0,63419.0,63528.0,3.60875,464
2026-08-02 05:00:00+00:00,63528.0,63571.0,63358.0,63403.0,13.79211,538
2026-08-02 06:00:00+00:00,63409.0,63441.0,63377.0,63427.0,4.17308,448
2026-08-02 07:00:00+00:00,63427.0,63478.0,63418.0,63431.0,4.57712,346
2026-08-02 08:00:00+00:00,63442.0,63472.0,63113.0,63136.0,8.45184,418
2026-08-02 09:00:00+00:00,63133.0,63255.0,63042.0,63215.0,3.54357,300
2026-08-02 10:00:00+00:00,63208.0,63216.0,63071.0,63142.0,4.22959,362
2026-08-02 11:00:00+00:00,63148.0,63148.0,62946.0,62961.0,4.27208,387
2026-08-02 12:00:00+00:00,62960.0,63166.0,62960.0,63061.0,3.25655,304
2026-08-02 13:00:00+00:00,63062.0,63093.0,62963.0,63070.0,5.47922,326
2026-08-02 14:00:00+00:00,63060.0,63106.0,63000.0,63016.0,15.6483,348
2026-08-02 15:00:00+00:00,63015.0,63106.0,63000.0,63040.0,12.98789,375
2026-08-02 16:00:00+00:00,63051.0,63203.0,63006.0,63132.0,12.24804,443
2026-08-02 17:00:00+00:00,63127.0,63266.0,63090.0,63250.0,11.81001,364
2026-08-02 18:00:00+00:00,63247.0,63521.0,63232.0,63321.0,3.34425,345
2026-08-02 19:00:00+00:00,63322.0,63409.0,63266.0,63390.0,1.35563,278
2026-08-02 20:00:00+00:00,63389.0,63442.0,63338.0,63432.0,2.77173,321
2026-08-02 21:00:00+00:00,63439.0,63700.0,63418.0,63506.0,9.80197,439
2026-08-02 22:00:00+00:00,63506.0,63723.0,63310.0,63366.0,2.12894,325
2026-08-02 23:00:00+00:00,63365.0,63521.0,63275.0,63505.0,2.5524,284
2026-08-03 00:00:00+00:00,63504.0,63520.0,63154.0,63254.0,4.94594,498
2026-08-03 01:00:00+00:00,63231.0,63280.0,63045.0,63136.0,5.93996,945
2026-08-03 02:00:00+00:00,63137.0,63204.0,63034.0,63072.0,2.05861,425
2026-08-03 03:00:00+00:00,63061.0,63095.0,62731.0,62801.0,1.96182,457
2026-08-03 04:00:00+00:00,62779.0,62929.0,62728.0,62728.0,0.44597,250
2026-08-03 05:00:00+00:00,62729.0,62803.0,62691.0,62756.0,4.13328,291
2026-08-03 06:00:00+00:00,62758.0,62794.0,62545.0,62560.0,6.83931,434
2026-08-03 07:00:00+00:00,62561.0,62630.0,62500.0,62535.0,9.12645,383
2026-08-03 08:00:00+00:00,62550.0,62571.0,62237.0,62471.0,7.05306,522
2026-08-03 09:00:00+00:00,62477.0,62794.0,62451.0,62761.0,7.63386,477
2026-08-03 10:00:00+00:00,62761.0,62783.0,62565.0,62671.0,7.17201,509
2026-08-03 11:00:00+00:00,62677.0,62718.0,62485.0,62492.0,2.76841,390
2026-08-03 12:00:00+00:00,62499.0,62720.0,62384.0,62637.0,7.8155,436
2026-08-03 13:00:00+00:00,62637.0,63320.0,62514.0,63310.0,63.6648,818
2026-08-03 14:00:00+00:00,63298.0,63898.0,63097.0,63893.0,14.99795,934
2026-08-03 15:00:00+00:00,63900.0,63915.0,63584.0,63611.0,17.11112,549
2026-08-03 16:00:00+00:00,63631.0,63889.0,63608.0,63723.0,8.82596,486
2026-08-03 17:00:00+00:00,63723.0,63984.0,63663.0,63842.0,13.31726,545
2026-08-03 18:00:00+00:00,63844.0,63933.0,63718.0,63813.0,4.40261,375
2026-08-03 19:00:00+00:00,63815.0,64018.0,63789.0,63831.0,8.09794,523
2026-08-03 20:00:00+00:00,63828.0,63961.0,63729.0,63758.0,3.81626,377
2026-08-03 21:00:00+00:00,63750.0,63753.0,63526.0,63563.0,7.03966,344
2026-08-03 22:00:00+00:00,63560.0,63624.0,63357.0,63557.0,3.46116,315
2026-08-03 23:00:00+00:00,63564.0,63575.0,63421.0,63481.0,2.18236,263
2026-08-04 00:00:00+00:00,63480.0,63540.0,63290.0,63304.0,2.58214,424
2026-08-04 01:00:00+00:00,63310.0,63874.0,63310.0,63804.0,6.70979,560
2026-08-04 02:00:00+00:00,63804.0,63909.0,63646.0,63779.0,4.37733,524
2026-08-04 03:00:00+00:00,63787.0,63812.0,63625.0,63759.0,0.82273,313
2026-08-04 04:00:00+00:00,63759.0,64179.0,63711.0,63980.0,12.56051,545
2026-08-04 05:00:00+00:00,63997.0,63997.0,63749.0,63752.0,4.62104,386
2026-08-04 06:00:00+00:00,63756.0,63806.0,63609.0,63622.0,1.0218,326
2026-08-04 07:00:00+00:00,63620.0,63685.0,63455.0,63634.0,3.5959,357
2026-08-04 08:00:00+00:00,63634.0,63689.0,63512.0,63524.0,2.28004,320
2026-08-04 09:00:00+00:00,63526.0,63542.0,63469.0,63539.0,4.73456,378
2026-08-04 10:00:00+00:00,63519.0,63765.0,63402.0,63707.0,4.66496,428
2026-08-04 11:00:00+00:00,63715.0,63889.0,63653.0,63862.0,11.57475,595
2026-08-04 12:00:00+00:00,63863.0,63995.0,63730.0,63845.0,12.99115,646
2026-08-04 13:00:00+00:00,63846.0,64030.0,63596.0,63613.0,15.412,805
2026-08-04 14:00:00+00:00,63624.0,64123.0,63559.0,64063.0,21.44146,806
2026-08-04 15:00:00+00:00,64070.0,64163.0,63746.0,64067.0,49.04637,899
2026-08-04 16:00:00+00:00,64068.0,64069.0,63852.0,63894.0,10.32904,595
2026-08-04 17:00:00+00:00,63906.0,64123.0,63842.0,63930.0,14.31251,606
2026-08-04 18:00:00+00:00,63921.0,64352.0,63915.0,64258.0,28.32475,810
2026-08-04 19:00:00+00:00,64255.0,64358.0,64165.0,64171.0,19.39009,688
2026-08-04 20:00:00+00:00,64194.0,64391.0,63961.0,64306.0,16.34287,618
2026-08-04 21:00:00+00:00,64304.0,64304.0,64144.0,64150.0,3.98267,390
2026-08-04 22:00:00+00:00,64150.0,64255.0,64113.0,64230.0,1.95308,378
2026-08-04 23:00:00+00:00,64235.0,64484.0,64059.0,64059.0,5.1315,484
2026-08-05 00:00:00+00:00,64058.0,64146.0,63948.0,63948.0,4.83914,434
2026-08-05 01:00:00+00:00,63953.0,64298.0,63911.0,64283.0,6.44312,396
2026-08-05 02:00:00+00:00,64287.0,64449.0,64277.0,64322.0,5.91005,462
2026-08-05 03:00:00+00:00,64319.0,64389.0,64014.0,64137.0,6.42881,471
2026-08-05 04:00:00+00:00,64136.0,64167.0,64057.0,64120.0,4.52761,340
2026-08-05 05:00:00+00:00,64112.0,64459.0,64108.0,64293.0,13.06629,582
2026-08-05 06:00:00+00:00,64288.0,64338.0,64196.0,64213.0,6.07418,648
2026-08-05 07:00:00+00:00,64213.0,64231.0,63972.0,64132.0,5.80081,576
2026-08-05 08:00:00+00:00,64137.0,64239.0,64071.0,64072.0,7.48268,606
2026-08-05 09:00:00+00:00,64085.0,64149.0,64065.0,64106.0,19.57351,680
2026-08-05 10:00:00+00:00,64110.0,64194.0,63972.0,64024.0,9.89023,546
2026-08-05 11:00:00+00:00,64024.0,64100.0,63992.0,64024.0,11.21133,575
2026-08-05 12:00:00+00:00,64024.0,64525.0,64021.0,64286.0,14.74732,1042
2026-08-05 13:00:00+00:00,64284.0,64354.0,63850.0,64354.0,64.41213,1629
2026-08-05 14:00:00+00:00,64345.0,64522.0,64241.0,64429.0,33.0595,1428
2026-08-05 15:00:00+00:00,64426.0,64681.0,64323.0,64323.0,31.34169,1468
2026-08-05 16:00:00+00:00,64331.0,64705.0,64329.0,64612.0,11.70424,1038
2026-08-05 17:00:00+00:00,64631.0,64728.0,64501.0,64725.0,10.81274,801
2026-08-05 18:00:00+00:00,64715.0,64778.0,64616.0,64748.0,14.64182,954
2026-08-05 19:00:00+00:00,64745.0,64891.0,64725.0,64804.0,9.57614,842
2026-08-05 20:00:00+00:00,64820.0,64962.0,64769.0,64794.0,21.96801,1002
2026-08-05 21:00:00+00:00,64794.0,64794.0,64616.0,64666.0,8.14547,834
2026-08-05 22:00:00+00:00,64666.0,64726.0,64576.0,64580.0,20.94172,994
2026-08-05 23:00:00+00:00,64575.0,64683.0,64534.0,64602.0,19.90037,813
2026-08-06 00:00:00+00:00,64602.0,64650.0,64522.0,64592.0,4.12134,828
2026-08-06 01:00:00+00:00,64592.0,64600.0,64451.0,64523.0,4.45115,882
2026-08-06 02:00:00+00:00,64523.0,64592.0,64394.0,64518.0,2.88588,588
2026-08-06 03:00:00+00:00,64507.0,64518.0,64440.0,64483.0,1.17808,464
2026-08-06 04:00:00+00:00,64482.0,64674.0,64441.0,64674.0,3.29869,515
2026-08-06 05:00:00+00:00,64686.0,64935.0,64685.0,64850.0,6.70826,673
2026-08-06 06:00:00+00:00,64854.0,64854.0,64688.0,64801.0,8.32043,684
2026-08-06 07:00:00+00:00,64806.0,64891.0,64727.0,64752.0,6.59603,554
2026-08-06 08:00:00+00:00,64750.0,64926.0,64702.0,64887.0,5.6461,530
2026-08-06 09:00:00+00:00,64882.0,64889.0,64574.0,64626.0,3.45141,532
2026-08-06 10:00:00+00:00,64625.0,64633.0,64535.0,64562.0,8.26028,530
2026-08-06 11:00:00+00:00,64568.0,64589.0,64445.0,64553.0,8.7741,574
2026-08-06 12:00:00+00:00,64554.0,64565.0,64332.0,64348.0,8.07803,549
2026-08-06 13:00:00+00:00,64351.0,64450.0,64126.0,64385.0,17.15298,706
2026-08-06 14:00:00+00:00,64364.0,64776.0,64315.0,64720.0,17.31197,716
2026-08-06 15:00:00+00:00,64724.0,64924.0,64574.0,64574.0,8.99685,503
2026-08-06 16:00:00+00:00,64595.0,64714.0,64536.0,64691.0,7.54126,547
2026-08-06 17:00:00+00:00,64697.0,64769.0,64500.0,64560.0,5.67676,515
2026-08-06 18:00:00+00:00,64559.0,64559.0,64323.0,64355.0,13.04364,533
2026-08-06 19:00:00+00:00,64359.0,64423.0,64322.0,64396.0,7.08953,425
2026-08-06 20:00:00+00:00,64404.0,64491.0,64394.0,64394.0,8.83781,471
2026-08-06 21:00:00+00:00,64394.0,64452.0,64349.0,64396.0,10.26422,445
2026-08-06 22:00:00+00:00,64396.0,64396.0,64284.0,64300.0,4.71756,269
2026-08-06 23:00:00+00:00,64291.0,64305.0,64148.0,64267.0,3.6951,402
2026-08-07 00:00:00+00:00,64267.0,64346.0,64173.0,64256.0,5.39726,482
2026-08-07 01:00:00+00:00,64271.0,64409.0,64251.0,64364.0,1.76092,483
2026-08-07 02:00:00+00:00,64365.0,64481.0,64198.0,64354.0,3.36518,601
2026-08-07 03:00:00+00:00,64355.0,64357.0,64213.0,64234.0,2.2898,500
2026-08-07 04:00:00+00:00,64235.0,64317.0,64134.0,64206.0,1.98622,476
2026-08-07 05:00:00+00:00,64200.0,64334.0,64136.0,64307.0,5.96144,511
2026-08-07 06:00:00+00:00,64307.0,64416.0,64237.0,64261.0,15.35026,630
2026-08-07 07:00:00+00:00,64250.0,64385.0,64231.0,64276.0,1.99245,488
2026-08-07 08:00:00+00:00,64277.0,64609.0,64271.0,64568.0,15.6773,826
2026-08-07 09:00:00+00:00,64567.0,64921.0,64567.0,64801.0,28.52211,1044
2026-08-07 10:00:00+00:00,64831.0,64888.0,64771.0,64850.0,28.32559,878
2026-08-07 11:00:00+00:00,64856.0,65162.0,64852.0,64979.0,26.44718,965
2026-08-07 12:00:00+00:00,64992.0,65330.0,64949.0,65236.0,29.42412,862
2026-08-07 13:00:00+00:00,65251.0,65288.0,64952.0,64952.0,34.13041,786
2026-08-07 14:00:00+00:00,64965.0,65219.0,64750.0,64901.0,19.56903,790
2026-08-07 15:00:00+00:00,64913.0,65077.0,64860.0,64868.0,13.05189,533
2026-08-07 16:00:00+00:00,64900.0,65021.0,64770.0,64770.0,21.75581,498
2026-08-07 17:00:00+00:00,64782.0,64782.0,64477.0,64715.0,10.57099,572
2026-08-07 18:00:00+00:00,64720.0,64839.0,64642.0,64672.0,8.77694,482
2026-08-07 19:00:00+00:00,64712.0,64973.0,64703.0,64919.0,13.25535,530
2026-08-07 20:00:00+00:00,64919.0,64995.0,64908.0,64931.0,3.06946,361
2026-08-07 21:00:00+00:00,64931.0,65047.0,64901.0,64901.0,6.42304,387
2026-08-07 22:00:00+00:00,64900.0,64917.0,64810.0,64850.0,3.13831,396
2026-08-07 23:00:00+00:00,64851.0,64891.0,64846.0,64885.0,2.7779,441
2026-08-08 00:00:00+00:00,64884.0,64923.0,64800.0,64887.0,3.44525,435
2026-08-08 01:00:00+00:00,64891.0,64931.0,64882.0,64885.0,2.24582,392
2026-08-08 02:00:00+00:00,64885.0,64930.0,64864.0,64895.0,2.19721,335
2026-08-08 03:00:00+00:00,64896.0,65039.0,64890.0,64997.0,3.65266,372
2026-08-08 04:00:00+00:00,64997.0,65033.0,64935.0,64972.0,4.81273,417
2026-08-08 05:00:00+00:00,64972.0,64995.0,64950.0,64970.0,8.44678,619
2026-08-08 06:00:00+00:00,64969.0,64991.0,64932.0,64977.0,2.05827,454
2026-08-08 07:00:00+00:00,64977.0,64986.0,64925.0,64941.0,4.89442,411
2026-08-08 08:00:00+00:00,64939.0,64994.0,64909.0,64968.0,2.44151,347
2026-08-08 09:00:00+00:00,64968.0,65014.0,64957.0,64957.0,2.4096,291
2026-08-08 10:00:00+00:00,64958.0,64999.0,64957.0,64985.0,1.33488,330
2026-08-08 11:00:00+00:00,64985.0,64999.0,64928.0,64940.0,6.67848,414
2026-08-08 12:00:00+00:00,64936.0,65013.0,64891.0,64972.0,2.32692,348
2026-08-08 13:00:00+00:00,64972.0,64995.0,64962.0,64976.0,4.39405,366
2026-08-08 14:00:00+00:00,64977.0,65151.0,64976.0,65081.0,10.6319,616
2026-08-08 15:00:00+00:00,65083.0,65109.0,65014.0,65034.0,5.4886,465
2026-08-08 16:00:00+00:00,65034.0,65077.0,65005.0,65045.0,11.49776,620
2026-08-08 17:00:00+00:00,65045.0,65117.0,65037.0,65075.0,7.75965,553
2026-08-08 18:00:00+00:00,65075.0,65082.0,64986.0,64995.0,8.77967,478
2026-08-08 19:00:00+00:00,64995.0,65036.0,64970.0,65027.0,5.24121,489
2026-08-08 20:00:00+00:00,65027.0,65049.0,65015.0,65031.0,2.99109,466
2026-08-08 21:00:00+00:00,65032.0,65032.0,64965.0,64976.0,2.28814,506
2026-08-08 22:00:00+00:00,64977.0,64992.0,64900.0,64901.0,4.13597,516
2026-08-08 23:00:00+00:00,64901.0,64929.0,64884.0,64907.0,5.95905,508
2026-08-09 00:00:00+00:00,64906.0,64936.0,64904.0,64923.0,4.88374,517
2026-08-09 01:00:00+00:00,64923.0,64948.0,64800.0,64811.0,32.70687,536
2026-08-09 02:00:00+00:00,64812.0,64812.0,64728.0,64770.0,17.79226,527
2026-08-09 03:00:00+00:00,64771.0,64771.0,64673.0,64740.0,3.5478,362
2026-08-09 04:00:00+00:00,64740.0,64774.0,64727.0,64739.0,9.85262,367
2026-08-09 05:00:00+00:00,64740.0,64763.0,64735.0,64763.0,5.77226,389
2026-08-09 06:00:00+00:00,64764.0,64811.0,64757.0,64808.0,12.51584,358
2026-08-09 07:00:00+00:00,64798.0,64809.0,64765.0,64766.0,4.62837,356
2026-08-09 08:00:00+00:00,64767.0,64888.0,64744.0,64765.0,2.82191,331
2026-08-09 09:00:00+00:00,64770.0,64810.0,64759.0,64810.0,1.45831,289
2026-08-09 10:00:00+00:00,64830.0,64930.0,64830.0,64912.0,4.78163,353
2026-08-09 11:00:00+00:00,64909.0,64945.0,64897.0,64897.0,4.89897,352
2026-08-09 12:00:00+00:00,64897.0,64898.0,64861.0,64898.0,4.43235,369
2026-08-09 13:00:00+00:00,64898.0,65195.0,64898.0,65155.0,11.13514,525
2026-08-09 14:00:00+00:00,65171.0,65235.0,65098.0,65211.0,5.78953,656
2026-08-09 15:00:00+00:00,65216.0,65217.0,65156.0,65186.0,7.56163,738
2026-08-09 16:00:00+00:00,65189.0,65224.0,65140.0,65197.0,4.4645,661
2026-08-09 17:00:00+00:00,65198.0,65200.0,65149.0,65154.0,5.78253,675
2026-08-09 18:00:00+00:00,65154.0,65184.0,65148.0,65152.0,5.40296,676
2026-08-09 19:00:00+00:00,65153.0,65172.0,65138.0,65140.0,3.53978,635
2026-08-09 20:00:00+00:00,65140.0,65148.0,65029.0,65103.0,2.09462,644
2026-08-09 21:00:00+00:00,65104.0,65200.0,65084.0,65150.0,1.80529,528
2026-08-09 22:00:00+00:00,65170.0,65428.0,64939.0,65033.0,11.96369,847
2026-08-09 23:00:00+00:00,65020.0,65055.0,64796.0,64856.0,7.51062,546
2026-08-10 00:00:00+00:00,64851.0,65260.0,64783.0,64909.0,3.70506,620
2026-08-10 01:00:00+00:00,64931.0,65342.0,64852.0,65154.0,11.60593,753
2026-08-10 02:00:00+00:00,65171.0,65173.0,64868.0,65054.0,7.98094,670
2026-08-10 03:00:00+00:00,65054.0,65115.0,64859.0,64919.0,14.9367,683
2026-08-10 04:00:00+00:00,64926.0,65053.0,64881.0,64949.0,2.04669,450
2026-08-10 05:00:00+00:00,64958.0,65105.0,64935.0,65079.0,21.78583,572
2026-08-10 06:00:00+00:00,65086.0,65290.0,65086.0,65249.0,8.84309,499
2026-08-10 07:00:00+00:00,65260.0,65325.0,65162.0,65163.0,1.60683,452
2026-08-10 08:00:00+00:00,65165.0,65286.0,65154.0,65198.0,10.65536,513
2026-08-10 09:00:00+00:00,65194.0,65194.0,64910.0,64919.0,18.97096,601
2026-08-10 10:00:00+00:00,64917.0,65021.0,64917.0,64960.0,15.25293,553
2026-08-10 11:00:00+00:00,64960.0,65082.0,64924.0,65076.0,4.1365,557
2026-08-10 12:00:00+00:00,65078.0,65172.0,64795.0,64800.0,22.2716,806
2026-08-10 13:00:00+00:00,64813.0,64912.0,64464.0,64503.0,12.85798,796
2026-08-10 14:00:00+00:00,64508.0,64832.0,64499.0,64583.0,12.54821,667
2026-08-10 15:00:00+00:00,64578.0,64663.0,64156.0,64245.0,42.2397,1152
2026-08-10 16:00:00+00:00,64227.0,64310.0,63790.0,63860.0,35.96997,1175
2026-08-10 17:00:00+00:00,63888.0,63970.0,63789.0,63909.0,5.44244,588
2026-08-10 18:00:00+00:00,63908.0,63973.0,63773.0,63839.0,2.3179,523
2026-08-10 19:00:00+00:00,63840.0,64045.0,63838.0,63978.0,11.55217,615
2026-08-10 20:00:00+00:00,63994.0,64150.0,63967.0,64120.0,11.81272,681
2026-08-10 21:00:00+00:00,64121.0,64121.0,63934.0,63939.0,7.72495,569
2026-08-10 22:00:00+00:00,63939.0,64018.0,63897.0,63966.0,2.997,615
2026-08-10 23:00:00+00:00,63966.0,63972.0,63876.0,63927.0,4.15359,664
2026-08-11 00:00:00+00:00,63926.0,64003.0,63852.0,63985.0,14.14431,888
2026-08-11 01:00:00+00:00,63983.0,64015.0,63896.0,63998.0,11.37852,756
2026-08-11 02:00:00+00:00,63999.0,64025.0,63974.0,63984.0,11.19035,666
2026-08-11 03:00:00+00:00,63984.0,64112.0,63983.0,64077.0,5.10586,654
2026-08-11 04:00:00+00:00,64078.0,64094.0,63971.0,63972.0,4.56286,647
2026-08-11 05:00:00+00:00,63972.0,63999.0,63900.0,63939.0,7.88763,598
2026-08-11 06:00:00+00:00,63939.0,63993.0,63819.0,63912.0,11.78031,734
2026-08-11 07:00:00+00:00,63912.0,64066.0,63851.0,64008.0,25.96225,659
2026-08-11 08:00:00+00:00,64017.0,64105.0,63995.0,64086.0,23.05927,666
2026-08-11 09:00:00+00:00,64091.0,64235.0,64066.0,64235.0,21.62955,738
2026-08-11 10:00:00+00:00,64244.0,64260.0,64151.0,64186.0,45.38925,817
2026-08-11 11:00:00+00:00,64186.0,64357.0,64186.0,64338.0,24.67233,767
2026-08-11 12:00:00+00:00,64338.0,64448.0,64240.0,64284.0,13.70593,746
2026-08-11 13:00:00+00:00,64284.0,64328.0,64001.0,64165.0,11.67623,692
2026-08-11 14:00:00+00:00,64145.0,64202.0,63671.0,63723.0,19.62464,875
2026-08-11 15:00:00+00:00,63715.0,63823.0,63422.0,63572.0,12.57223,897
2026-08-11 16:00:00+00:00,63556.0,63601.0,63422.0,63453.0,16.40809,676
2026-08-11 17:00:00+00:00,63451.0,63568.0,63415.0,63555.0,3.55378,580
2026-08-11 18:00:00+00:00,63555.0,63574.0,63200.0,63316.0,14.16869,748
2026-08-11 19:00:00+00:00,63309.0,63480.0,63189.0,63480.0,6.69139,688
2026-08-11 20:00:00+00:00,63480.0,63706.0,63480.0,63698.0,5.14273,721
2026-08-11 21:00:00+00:00,63698.0,63712.0,63570.0,63618.0,5.73426,580
2026-08-11 22:00:00+00:00,63627.0,63723.0,63579.0,63616.0,1.20087,538
2026-08-11 23:00:00+00:00,63615.0,63616.0,63504.0,63555.0,2.18569,552
2026-08-12 00:00:00+00:00,63547.0,63703.0,63495.0,63690.0,6.26935,628
2026-08-12 01:00:00+00:00,63690.0,63793.0,63649.0,63763.0,2.63202,551
2026-08-12 02:00:00+00:00,63774.0,63849.0,63680.0,63691.0,5.41358,676
2026-08-12 03:00:00+00:00,63706.0,63789.0,63660.0,63776.0,5.85315,695
2026-08-12 04:00:00+00:00,63776.0,63836.0,63690.0,63720.0,2.52001,527
2026-08-12 05:00:00+00:00,63721.0,63822.0,63678.0,63792.0,17.82615,628
2026-08-12 06:00:00+00:00,63783.0,63783.0,63567.0,63656.0,43.91993,754
2026-08-12 07:00:00+00:00,63656.0,63774.0,63588.0,63774.0,7.92483,580
2026-08-12 08:00:00+00:00,63774.0,63807.0,63704.0,63732.0,26.30932,630
2026-08-12 09:00:00+00:00,63732.0,64046.0,63708.0,64046.0,7.08572,626
2026-08-12 10:00:00+00:00,64046.0,64142.0,64004.0,64077.0,4.39295,508
2026-08-12 11:00:00+00:00,64094.0,64182.0,64048.0,64177.0,3.68585,500
2026-08-12 12:00:00+00:00,64177.0,64414.0,63927.0,64065.0,12.63114,766
2026-08-12 13:00:00+00:00,64067.0,64092.0,63787.0,63791.0,7.89923,531
2026-08-12 14:00:00+00:00,63786.0,63859.0,63321.0,63321.0,7.30155,728
2026-08-12 15:00:00+00:00,63322.0,63505.0,63277.0,63382.0,12.29182,752
2026-08-12 16:00:00+00:00,63383.0,63510.0,63320.0,63430.0,4.07156,572
2026-08-12 17:00:00+00:00,63430.0,63493.0,63353.0,63414.0,2.37097,529
2026-08-12 18:00:00+00:00,63415.0,63459.0,63322.0,63334.0,2.32011,517
2026-08-12 19:00:00+00:00,63334.0,63403.0,63260.0,63369.0,2.08024,532
2026-08-12 20:00:00+00:00,63369.0,63549.0,63368.0,63549.0,3.73096,586
2026-08-12 21:00:00+00:00,63550.0,63591.0,63372.0,63412.0,2.57728,524
2026-08-12 22:00:00+00:00,63406.0,63480.0,63321.0,63372.0,3.56987,574
2026-08-12 23:00:00+00:00,63372.0,63424.0,63321.0,63424.0,3.66635,715
2026-08-13 00:00:00+00:00,63420.0,63634.0,63405.0,63492.0,3.18384,792
2026-08-13 01:00:00+00:00,63489.0,63567.0,63321.0,63389.0,1.37201,587
2026-08-13 02:00:00+00:00,63390.0,63508.0,63313.0,63481.0,0.88508,576
2026-08-13 03:00:00+00:00,63482.0,63613.0,63445.0,63582.0,1.87426,675
2026-08-13 04:00:00+00:00,63583.0,63703.0,63532.0,63638.0,2.06739,725
2026-08-13 05:00:00+00:00,63638.0,63928.0,63608.0,63814.0,13.78933,651
2026-08-13 06:00:00+00:00,63807.0,63863.0,63686.0,63863.0,17.81023,764
2026-08-13 07:00:00+00:00,63866.0,63870.0,63777.0,63793.0,28.44433,641
2026-08-13 08:00:00+00:00,63793.0,63843.0,63684.0,63696.0,5.87192,512
2026-08-13 09:00:00+00:00,63697.0,63723.0,63514.0,63717.0,2.89169,427
2026-08-13 10:00:00+00:00,63717.0,63748.0,63531.0,63597.0,6.67431,664
2026-08-13 11:00:00+00:00,63598.0,63607.0,63297.0,63427.0,7.05925,978
2026-08-13 12:00:00+00:00,63427.0,63644.0,63393.0,63632.0,5.27152,727
2026-08-13 13:00:00+00:00,63632.0,63789.0,63512.0,63638.0,5.17008,584
2026-08-13 14:00:00+00:00,63660.0,63929.0,63619.0,63808.0,5.39392,559
2026-08-13 15:00:00+00:00,63804.0,63883.0,63370.0,63370.0,8.67417,629
2026-08-13 16:00:00+00:00,63369.0,63511.0,62802.0,63114.0,20.98588,1074
2026-08-13 17:00:00+00:00,63109.0,63239.0,63028.0,63093.0,12.34859,653
2026-08-13 18:00:00+00:00,63090.0,63299.0,63051.0,63243.0,16.03627,628
2026-08-13 19:00:00+00:00,63244.0,63445.0,63244.0,63340.0,8.12196,604
2026-08-13 20:00:00+00:00,63345.0,63411.0,63310.0,63347.0,5.72835,614
2026-08-13 21:00:00+00:00,63346.0,63441.0,63331.0,63422.0,7.28911,511
2026-08-13 22:00:00+00:00,63422.0,63586.0,63420.0,63473.0,4.60936,488
2026-08-13 23:00:00+00:00,63473.0,63489.0,63354.0,63436.0,5.33002,554
2026-08-14 00:00:00+00:00,63437.0,63511.0,63357.0,63486.0,4.43179,597
2026-08-14 01:00:00+00:00,63487.0,63533.0,63405.0,63511.0,4.11382,461
2026-08-14 02:00:00+00:00,63516.0,63550.0,63411.0,63411.0,19.24743,565
2026-08-14 03:00:00+00:00,63411.0,63510.0,63249.0,63252.0,2.25947,519
2026-08-14 04:00:00+00:00,63252.0,63403.0,63215.0,63310.0,26.87891,711
2026-08-14 05:00:00+00:00,63309.0,63329.0,63227.0,63313.0,2.0724,497
2026-08-14 06:00:00+00:00,63313.0,63313.0,62871.0,62906.0,17.10438,901
2026-08-14 07:00:00+00:00,62907.0,63042.0,62861.0,62862.0,9.78651,1193
2026-08-14 08:00:00+00:00,62862.0,62933.0,62647.0,62872.0,14.20839,1385
2026-08-14 09:00:00+00:00,62879.0,62879.0,62695.0,62733.0,4.5335,692
2026-08-14 10:00:00+00:00,62733.0,62886.0,62691.0,62750.0,5.81138,447
2026-08-14 11:00:00+00:00,62757.0,62870.0,62753.0,62805.0,5.43144,472
2026-08-14 12:00:00+00:00,62806.0,62850.0,62667.0,62679.0,17.74869,587
2026-08-14 13:00:00+00:00,62671.0,62758.0,62543.0,62591.0,21.86102,714
2026-08-14 14:00:00+00:00,62604.0,62729.0,62498.0,62567.0,28.84232,810
2026-08-14 15:00:00+00:00,62576.0,63000.0,62565.0,62930.0,20.68214,677
2026-08-14 16:00:00+00:00,62931.0,63167.0,62905.0,63081.0,25.54567,711
2026-08-14 17:00:00+00:00,63082.0,63191.0,62947.0,62957.0,1.57945,445
2026-08-14 18:00:00+00:00,62961.0,63018.0,62832.0,62865.0,6.04985,356
2026-08-14 19:00:00+00:00,62865.0,62934.0,62771.0,62893.0,4.86525,481
2026-08-14 20:00:00+00:00,62907.0,62966.0,62837.0,62844.0,3.12527,539
2026-08-14 21:00:00+00:00,62845.0,62881.0,62810.0,62863.0,7.59732,491
2026-08-14 22:00:00+00:00,62864.0,62896.0,62733.0,62831.0,21.41364,568
2026-08-14 23:00:00+00:00,62827.0,63013.0,62815.0,62997.0,1.81454,441
2026-08-15 00:00:00+00:00,62997.0,63013.0,62950.0,62968.0,1.83706,447
2026-08-15 01:00:00+00:00,62969.0,62993.0,62941.0,62985.0,2.91428,467
2026-08-15 02:00:00+00:00,62989.0,63090.0,62979.0,63088.0,0.56938,415
2026-08-15 03:00:00+00:00,63089.0,63130.0,62999.0,62999.0,1.29659,437
2026-08-15 04:00:00+00:00,63002.0,63093.0,63002.0,63059.0,1.78857,477
2026-08-15 05:00:00+00:00,63059.0,63092.0,62976.0,63012.0,2.10967,409
2026-08-15 06:00:00+00:00,63013.0,63073.0,62975.0,63049.0,0.58726,387
2026-08-15 07:00:00+00:00,63050.0,63065.0,62980.0,63009.0,1.70932,387
2026-08-15 08:00:00+00:00,63009.0,63010.0,62880.0,62880.0,7.18589,594
2026-08-15 09:00:00+00:00,62898.0,62992.0,62861.0,62980.0,2.10389,277
2026-08-15 10:00:00+00:00,62972.0,62993.0,62939.0,62990.0,4.28089,333
2026-08-15 11:00:00+00:00,62981.0,62993.0,62931.0,62960.0,3.17918,369
2026-08-15 12:00:00+00:00,62959.0,62981.0,62879.0,62981.0,15.32263,435
2026-08-15 13:00:00+00:00,62981.0,63012.0,62954.0,62991.0,3.71058,379
2026-08-15 14:00:00+00:00,62993.0,62993.0,62938.0,62986.0,3.3598,378
2026-08-15 15:00:00+00:00,62986.0,63059.0,62966.0,63032.0,2.28274,399
2026-08-15 16:00:00+00:00,63032.0,63057.0,63002.0,63034.0,1.74913,393
2026-08-15 17:00:00+00:00,63035.0,63041.0,62999.0,63007.0,2.82512,438
2026-08-15 18:00:00+00:00,63007.0,63046.0,62982.0,62997.0,5.17283,512
2026-08-15 19:00:00+00:00,62997.0,63060.0,62992.0,63055.0,7.46775,426
2026-08-15 20:00:00+00:00,63056.0,63056.0,63008.0,63045.0,3.18765,446
2026-08-15 21:00:00+00:00,63040.0,63108.0,63037.0,63106.0,15.6249,521
2026-08-15 22:00:00+00:00,63106.0,63112.0,63077.0,63079.0,3.51745,425
2026-08-15 23:00:00+00:00,63079.0,63087.0,63014.0,63015.0,26.02009,484
2026-08-16 00:00:00+00:00,63014.0,63015.0,63009.0,63013.0,3.05792,433
2026-08-16 01:00:00+00:00,63013.0,63018.0,62948.0,63018.0,0.76569,361
2026-08-16 02:00:00+00:00,63018.0,63095.0,62959.0,63060.0,4.06819,498
2026-08-16 03:00:00+00:00,63060.0,63066.0,63048.0,63065.0,2.55842,508
2026-08-16 04:00:00+00:00,63065.0,63093.0,63030.0,63031.0,6.71909,598
2026-08-16 05:00:00+00:00,63032.0,63041.0,62986.0,63012.0,4.33917,520
2026-08-16 06:00:00+00:00,63012.0,63033.0,62994.0,63017.0,2.66017,459
2026-08-16 07:00:00+00:00,63017.0,63017.0,63000.0,63011.0,2.44891,494
2026-08-16 08:00:00+00:00,63010.0,63021.0,62995.0,63018.0,4.95773,479
2026-08-16 09:00:00+00:00,63019.0,63019.0,62921.0,62940.0,4.25704,557
2026-08-16 10:00:00+00:00,62940.0,62961.0,62908.0,62955.0,2.4738,424
2026-08-16 11:00:00+00:00,62955.0,62955.0,62923.0,62955.0,1.65202,374
2026-08-16 12:00:00+00:00,62955.0,62972.0,62940.0,62959.0,6.24732,439
2026-08-16 13:00:00+00:00,62959.0,63016.0,62958.0,63007.0,1.18678,353
2026-08-16 14:00:00+00:00,63007.0,63046.0,63001.0,63044.0,1.6404,357
2026-08-16 15:00:00+00:00,63047.0,63080.0,63043.0,63079.0,1.38844,396
2026-08-16 16:00:00+00:00,63085.0,63323.0,63072.0,63204.0,10.21095,642
2026-08-16 17:00:00+00:00,63204.0,63221.0,63075.0,63100.0,4.4572,548
2026-08-16 18:00:00+00:00,63100.0,63113.0,63064.0,63088.0,1.06345,383
2026-08-16 19:00:00+00:00,63088.0,63168.0,63041.0,63051.0,6.04463,489
2026-08-16 20:00:00+00:00,63049.0,63084.0,62976.0,63005.0,1.84449,396
2026-08-16 21:00:00+00:00,63006.0,63019.0,62714.0,62866.0,2.95212,479
2026-08-16 22:00:00+00:00,62858.0,62905.0,62669.0,62860.0,5.69276,521
2026-08-16 23:00:00+00:00,62861.0,62939.0,62779.0,62852.0,17.03143,461
2026-08-17 00:00:00+00:00,62851.0,62904.0,62704.0,62861.0,26.75889,653
2026-08-17 01:00:00+00:00,62861.0,63179.0,62855.0,63055.0,13.00165,564
2026-08-17 02:00:00+00:00,63060.0,63438.0,62986.0,63344.0,20.83869,574
2026-08-17 03:00:00+00:00,63380.0,63462.0,63280.0,63370.0,7.19091,462
2026-08-17 04:00:00+00:00,63371.0,63526.0,63371.0,63491.0,14.24765,480
2026-08-17 05:00:00+00:00,63491.0,63546.0,63395.0,63465.0,4.87767,418
2026-08-17 06:00:00+00:00,63465.0,63660.0,63428.0,63614.0,3.26337,436
2026-08-17 07:00:00+00:00,63618.0,63618.0,63458.0,63459.0,21.65659,491
2026-08-17 08:00:00+00:00,63475.0,63480.0,63281.0,63314.0,12.63182,536
2026-08-17 09:00:00+00:00,63314.0,63359.0,63227.0,63251.0,8.17614,518
2026-08-17 10:00:00+00:00,63251.0,63632.0,63229.0,63624.0,5.93413,579
2026-08-17 11:00:00+00:00,63600.0,63706.0,63531.0,63558.0,7.19572,448
2026-08-17 12:00:00+00:00,63558.0,63610.0,63465.0,63479.0,10.61596,443
2026-08-17 13:00:00+00:00,63479.0,63716.0,63371.0,63595.0,6.49676,487
2026-08-17 14:00:00+00:00,63598.0,63826.0,63521.0,63826.0,2.18266,430
2026-08-17 15:00:00+00:00,63830.0,64185.0,63763.0,64160.0,17.07098,894
2026-08-17 16:00:00+00:00,64168.0,64169.0,64008.0,64070.0,8.00342,490
2026-08-17 17:00:00+00:00,64074.0,64366.0,63932.0,64277.0,25.80311,833
2026-08-17 18:00:00+00:00,64280.0,64558.0,64229.0,64368.0,42.75139,1013
2026-08-17 19:00:00+00:00,64368.0,64368.0,64230.0,64260.0,11.21963,691
2026-08-17 20:00:00+00:00,64259.0,64378.0,64215.0,64326.0,7.20146,755
2026-08-17 21:00:00+00:00,64327.0,64370.0,64238.0,64332.0,9.73719,760
2026-08-17 22:00:00+00:00,64345.0,64358.0,64225.0,64239.0,15.91346,729
2026-08-17 23:00:00+00:00,64241.0,64515.0,64231.0,64478.0,2.78365,603
2026-08-18 00:00:00+00:00,64477.0,64505.0,64309.0,64329.0,9.9518,853
2026-08-18 01:00:00+00:00,64319.0,64319.0,64106.0,64156.0,2.12872,776
2026-08-18 02:00:00+00:00,64153.0,64232.0,64015.0,64060.0,13.08943,790
2026-08-18 03:00:00+00:00,64064.0,64134.0,64000.0,64134.0,1.22678,458
2026-08-18 04:00:00+00:00,64131.0,64191.0,64030.0,64157.0,4.3578,411
2026-08-18 05:00:00+00:00,64157.0,64209.0,64081.0,64176.0,8.9721,489
2026-08-18 06:00:00+00:00,64176.0,64399.0,64103.0,64275.0,20.99572,677
2026-08-18 07:00:00+00:00,64275.0,64306.0,64122.0,64143.0,8.78458,638
2026-08-18 08:00:00+00:00,64150.0,64276.0,64042.0,64233.0,7.3196,607
2026-08-18 09:00:00+00:00,64232.0,64232.0,64077.0,64114.0,3.1207,623
2026-08-18 10:00:00+00:00,64105.0,64161.0,64076.0,64143.0,2.93823,557
2026-08-18 11:00:00+00:00,64132.0,64334.0,64132.0,64295.0,9.34289,638
2026-08-18 12:00:00+00:00,64295.0,64296.0,64169.0,64170.0,10.67688,725
2026-08-18 13:00:00+00:00,64170.0,64226.0,63999.0,64169.0,5.10233,673
2026-08-18 14:00:00+00:00,64165.0,64979.0,64165.0,64674.0,26.29721,1178
2026-08-18 15:00:00+00:00,64697.0,64850.0,64611.0,64821.0,15.26694,835
2026-08-18 16:00:00+00:00,64851.0,64853.0,64634.0,64791.0,20.71665,960
2026-08-18 17:00:00+00:00,64785.0,64788.0,64646.0,64646.0,4.95507,770
2026-08-18 18:00:00+00:00,64645.0,64793.0,64626.0,64744.0,6.95731,794
2026-08-18 19:00:00+00:00,64737.0,64768.0,64615.0,64619.0,5.58954,726
2026-08-18 20:00:00+00:00,64622.0,64625.0,64546.0,64546.0,2.7755,749
2026-08-18 21:00:00+00:00,64546.0,64611.0,64534.0,64571.0,4.57817,754
2026-08-18 22:00:00+00:00,64563.0,64617.0,64523.0,64601.0,7.14837,835
2026-08-18 23:00:00+00:00,64588.0,64742.0,64588.0,64687.0,8.12142,786
2026-08-19 00:00:00+00:00,64686.0,64704.0,64449.0,64450.0,15.0649,793
2026-08-19 01:00:00+00:00,64444.0,64507.0,64343.0,64355.0,8.95077,695
2026-08-19 02:00:00+00:00,64344.0,64363.0,64293.0,64295.0,9.42297,721
2026-08-19 03:00:00+00:00,64295.0,64358.0,64235.0,64280.0,1.88482,572
2026-08-19 04:00:00+00:00,64280.0,64340.0,64244.0,64259.0,4.64358,565
2026-08-19 05:00:00+00:00,64257.0,64358.0,64182.0,64183.0,18.62843,764
2026-08-19 06:00:00+00:00,64197.0,64287.0,64117.0,64286.0,11.26708,762
2026-08-19 07:00:00+00:00,64291.0,64339.0,64213.0,64242.0,1.84939,563
2026-08-19 08:00:00+00:00,64237.0,64454.0,64203.0,64373.0,16.77415,804
2026-08-19 09:00:00+00:00,64368.0,64430.0,64317.0,64374.0,9.42029,699
2026-08-19 10:00:00+00:00,64374.0,64399.0,64316.0,64399.0,8.2651,676
2026-08-19 11:00:00+00:00,64393.0,64477.0,64391.0,64457.0,13.26848,797
2026-08-19 12:00:00+00:00,64457.0,64932.0,64418.0,64835.0,21.5224,1034
2026-08-19 13:00:00+00:00,64839.0,65173.0,64739.0,64976.0,40.9219,1274
2026-08-19 14:00:00+00:00,65020.0,65919.0,64981.0,65880.0,42.66471,1640
2026-08-19 15:00:00+00:00,65914.0,69747.0,65854.0,68503.0,198.75986,6904
2026-08-19 16:00:00+00:00,68505.0,68921.0,68380.0,68438.0,163.77198,2903
2026-08-19 17:00:00+00:00,68475.0,68493.0,67794.0,68165.0,116.77335,2005
2026-08-19 18:00:00+00:00,68169.0,68429.0,68010.0,68376.0,59.13997,1321
2026-08-19 19:00:00+00:00,68371.0,68458.0,68100.0,68401.0,51.10008,1323
2026-08-19 20:00:00+00:00,68422.0,69545.0,68368.0,69050.0,70.70608,2170
2026-08-19 21:00:00+00:00,69049.0,70071.0,68978.0,69694.0,67.01972,3078
2026-08-19 22:00:00+00:00,69750.0,69808.0,68956.0,69208.0,17.6537,2144
2026-08-19 23:00:00+00:00,69233.0,69406.0,69130.0,69300.0,14.16186,2062
2026-08-20 00:00:00+00:00,69299.0,69756.0,69299.0,69364.0,91.48968,2673
2026-08-20 01:00:00+00:00,69373.0,69857.0,69244.0,69688.0,61.72773,2369
2026-08-20 02:00:00+00:00,69693.0,69794.0,69233.0,69271.0,19.39722,1966
2026-08-20 03:00:00+00:00,69260.0,69294.0,68873.0,69141.0,13.289,1972
2026-08-20 04:00:00+00:00,69141.0,69542.0,69107.0,69439.0,19.50844,1968
2026-08-20 05:00:00+00:00,69438.0,69620.0,69320.0,69352.0,12.09652,1635
2026-08-20 06:00:00+00:00,69358.0,69869.0,69314.0,69818.0,27.37377,2114
2026-08-20 07:00:00+00:00,69804.0,69961.0,69464.0,69778.0,23.03183,2010
2026-08-20 08:00:00+00:00,69783.0,71761.0,69746.0,71514.0,90.57132,3668
2026-08-20 09:00:00+00:00,71528.0,71995.0,71443.0,71729.0,62.40925,2313
2026-08-20 10:00:00+00:00,71726.0,72408.0,71637.0,71929.0,100.52462,3028
2026-08-20 11:00:00+00:00,71929.0,72268.0,71766.0,71863.0,80.04538,2626
2026-08-20 12:00:00+00:00,71862.0,71926.0,71441.0,71884.0,71.93145,2402
2026-08-20 13:00:00+00:00,71890.0,72026.0,71072.0,71622.0,38.69891,2274
2026-08-20 14:00:00+00:00,71622.0,71928.0,71344.0,71758.0,27.25388,1906
2026-08-20 15:00:00+00:00,71762.0,72760.0,71741.0,72440.0,56.24955,2723
2026-08-20 16:00:00+00:00,72405.0,72840.0,72171.0,72806.0,54.61822,2139
2026-08-20 17:00:00+00:00,72754.0,72929.0,72524.0,72715.0,21.22454,2064
2026-08-20 18:00:00+00:00,72731.0,72794.0,72388.0,72419.0,39.83818,1961
2026-08-20 19:00:00+00:00,72414.0,72764.0,72320.0,72621.0,21.78367,1658
2026-08-20 20:00:00+00:00,72621.0,73051.0,72581.0,72655.0,54.10448,2067
2026-08-20 21:00:00+00:00,72654.0,72827.0,72540.0,72734.0,23.99995,2012
2026-08-20 22:00:00+00:00,72734.0,72872.0,72490.0,72678.0,19.56264,2060
2026-08-20 23:00:00+00:00,72677.0,73388.0,72664.0,73005.0,56.42925,2469
2026-08-21 00:00:00+00:00,73004.0,73967.0,73004.0,73681.0,39.1611,2566
2026-08-21 01:00:00+00:00,73675.0,75726.0,73647.0,75098.0,135.35549,4596
2026-08-21 02:00:00+00:00,75096.0,75150.0,74358.0,74402.0,40.31685,2385
2026-08-21 03:00:00+00:00,74411.0,74828.0,74200.0,74473.0,34.13287,2073
2026-08-21 04:00:00+00:00,74547.0,75000.0,74533.0,74987.0,31.91205,1785
2026-08-21 05:00:00+00:00,74993.0,75459.0,74887.0,75413.0,41.01735,2040
2026-08-21 06:00:00+00:00,75421.0,75716.0,75083.0,75624.0,57.35006,2187
2026-08-21 07:00:00+00:00,75622.0,76888.0,75595.0,76313.0,178.18373,4378
2026-08-21 08:00:00+00:00,76328.0,79476.0,76252.0,79281.0,165.93839,5226
2026-08-21 09:00:00+00:00,79222.0,79336.0,77218.0,77889.0,122.35123,4911
2026-08-21 10:00:00+00:00,77890.0,78217.0,77592.0,77795.0,72.11938,2880
2026-08-21 11:00:00+00:00,77783.0,77832.0,76385.0,76709.0,99.65429,4017
2026-08-21 12:00:00+00:00,76706.0,77444.0,76502.0,77177.0,78.76173,2642
2026-08-21 13:00:00+00:00,77193.0,77681.0,76200.0,77246.0,104.97235,3552
2026-08-21 14:00:00+00:00,77222.0,77405.0,76527.0,77338.0,71.25008,2960
2026-08-21 15:00:00+00:00,77339.0,77816.0,77110.0,77171.0,53.05581,2734
2026-08-21 16:00:00+00:00,77170.0,77508.0,76741.0,77450.0,46.9255,2528
2026-08-21 17:00:00+00:00,77455.0,77685.0,77145.0,77349.0,44.84089,2396
2026-08-21 18:00:00+00:00,77354.0,77508.0,76596.0,77086.0,39.77858,2376
2026-08-21 19:00:00+00:00,77091.0,77313.0,76817.0,77004.0,28.19381,2140
2026-08-21 20:00:00+00:00,77003.0,77502.0,76830.0,77478.0,19.89164,1796
2026-08-21 21:00:00+00:00,77478.0,78665.0,77365.0,78495.0,121.10306,2643
2026-08-21 22:00:00+00:00,78487.0,78730.0,78089.0,78425.0,32.58055,1968
2026-08-21 23:00:00+00:00,78449.0,78700.0,78112.0,78317.0,15.26692,1460
2026-08-22 00:00:00+00:00,78316.0,78482.0,77677.0,77907.0,40.32742,1684
2026-08-22 01:00:00+00:00,77920.0,78200.0,77792.0,77820.0,15.72779,1260
2026-08-22 02:00:00+00:00,77820.0,78542.0,77772.0,78442.0,11.55479,1374
2026-08-22 03:00:00+00:00,78455.0,78796.0,78345.0,78380.0,24.60184,1439
2026-08-22 04:00:00+00:00,78380.0,78783.0,78188.0,78469.0,26.13822,1636
2026-08-22 05:00:00+00:00,78456.0,78562.0,76552.0,77379.0,84.2353,3229
2026-08-22 06:00:00+00:00,77380.0,77559.0,76989.0,77468.0,15.30261,1192
2026-08-22 07:00:00+00:00,77468.0,77630.0,77205.0,77241.0,23.07037,1234
2026-08-22 08:00:00+00:00,77275.0,77415.0,77024.0,77180.0,36.10187,1467
2026-08-22 09:00:00+00:00,77186.0,77361.0,76834.0,77051.0,16.47446,1303
2026-08-22 10:00:00+00:00,77055.0,77180.0,76533.0,76966.0,20.61608,1443
2026-08-22 11:00:00+00:00,76958.0,77180.0,76790.0,77087.0,15.31271,1148
2026-08-22 12:00:00+00:00,77093.0,77375.0,77060.0,77284.0,15.73999,1132
2026-08-22 13:00:00+00:00,77279.0,77362.0,77101.0,77284.0,33.73802,1509
2026-08-22 14:00:00+00:00,77284.0,77312.0,76930.0,76996.0,13.4699,1260
2026-08-22 15:00:00+00:00,77002.0,77092.0,76875.0,76966.0,3.85228,931
2026-08-22 16:00:00+00:00,76966.0,77520.0,76945.0,77284.0,5.38871,988
2026-08-22 17:00:00+00:00,77271.0,77352.0,77066.0,77257.0,11.42848,999
2026-08-22 18:00:00+00:00,77258.0,77358.0,77134.0,77259.0,47.69567,1366
2026-08-22 19:00:00+00:00,77256.0,77479.0,77205.0,77426.0,25.18994,1171
2026-08-22 20:00:00+00:00,77424.0,77460.0,77269.0,77334.0,13.21474,1174
2026-08-22 21:00:00+00:00,77323.0,77323.0,76844.0,76882.0,7.33977,1293
2026-08-22 22:00:00+00:00,76865.0,77154.0,76768.0,76996.0,8.32305,1227
2026-08-22 23:00:00+00:00,77012.0,77100.0,76878.0,77056.0,13.46126,1006
2026-08-23 00:00:00+00:00,77053.0,77329.0,77022.0,77297.0,23.71608,1274
2026-08-23 01:00:00+00:00,77296.0,77388.0,77139.0,77177.0,10.83282,1135
2026-08-23 02:00:00+00:00,77177.0,77205.0,77006.0,77055.0,6.59912,1094
2026-08-23 03:00:00+00:00,77055.0,77124.0,76821.0,76907.0,14.27034,1170
2026-08-23 04:00:00+00:00,76906.0,77011.0,76459.0,76590.0,27.10581,1548
2026-08-23 05:00:00+00:00,76589.0,76714.0,75560.0,76092.0,44.10823,1832
2026-08-23 06:00:00+00:00,76072.0,76354.0,75910.0,76103.0,13.3072,1289
2026-08-23 07:00:00+00:00,76103.0,76345.0,75913.0,75998.0,15.44571,1211
2026-08-23 08:00:00+00:00,76004.0,76643.0,75945.0,76455.0,17.79741,1312
2026-08-23 09:00:00+00:00,76456.0,76624.0,76442.0,76531.0,17.96161,912
2026-08-23 10:00:00+00:00,76530.0,76925.0,76523.0,76769.0,54.52835,1566
2026-08-23 11:00:00+00:00,76769.0,77388.0,76753.0,77303.0,64.59552,2266
2026-08-23 12:00:00+00:00,77304.0,77308.0,77012.0,77211.0,14.72792,874
2026-08-23 13:00:00+00:00,77212.0,77749.0,77207.0,77486.0,48.71113,1411
2026-08-23 14:00:00+00:00,77484.0,77646.0,76817.0,77186.0,111.98922,1669
2026-08-23 15:00:00+00:00,77219.0,77328.0,76936.0,77152.0,5.53233,713
2026-08-23 16:00:00+00:00,77155.0,77475.0,77155.0,77407.0,22.1759,992
2026-08-23 17:00:00+00:00,77416.0,77434.0,77136.0,77175.0,20.95594,852
2026-08-23 18:00:00+00:00,77178.0,77398.0,77104.0,77315.0,20.84627,845
2026-08-23 19:00:00+00:00,77325.0,77451.0,77244.0,77325.0,21.41561,632
2026-08-23 20:00:00+00:00,77326.0,77426.0,77190.0,77392.0,18.5993,702
2026-08-23 21:00:00+00:00,77400.0,78044.0,77400.0,77827.0,52.69046,1484
2026-08-23 22:00:00+00:00,77834.0,77968.0,77549.0,77579.0,14.1163,898
2026-08-23 23:00:00+00:00,77590.0,77801.0,77300.0,77729.0,10.29708,931
2026-08-24 00:00:00+00:00,77729.0,77754.0,77165.0,77679.0,21.37701,1049
2026-08-24 01:00:00+00:00,77682.0,77702.0,76901.0,76901.0,27.48518,811
2026-08-24 02:00:00+00:00,76924.0,77527.0,76872.0,77457.0,13.69452,647
2026-08-24 03:00:00+00:00,77457.0,77504.0,76950.0,76951.0,14.17241,792
2026-08-24 04:00:00+00:00,76972.0,77249.0,76690.0,76899.0,7.31565,622
2026-08-24 05:00:00+00:00,76876.0,77227.0,76848.0,77165.0,5.80342,494
2026-08-24 06:00:00+00:00,77161.0,77504.0,77073.0,77457.0,2.98003,433
2026-08-24 07:00:00+00:00,77460.0,77773.0,77285.0,77302.0,7.19712,550
2026-08-24 08:00:00+00:00,77315.0,77381.0,76835.0,77037.0,18.60008,913
2026-08-24 09:00:00+00:00,77017.0,77587.0,77017.0,77524.0,12.28338,754
2026-08-24 10:00:00+00:00,77536.0,77993.0,77517.0,77614.0,27.9131,844
2026-08-24 11:00:00+00:00,77613.0,78588.0,77459.0,78433.0,31.01255,1298
2026-08-24 12:00:00+00:00,78405.0,79316.0,77971.0,79149.0,55.11071,1886
2026-08-24 13:00:00+00:00,79153.0,79414.0,77814.0,78571.0,65.04049,1866
2026-08-24 14:00:00+00:00,78589.0,79797.0,78586.0,79479.0,60.35924,1853
2026-08-24 15:00:00+00:00,79494.0,79964.0,78798.0,79063.0,109.77955,1874
2026-08-24 16:00:00+00:00,79094.0,79845.0,78913.0,79051.0,102.72002,1741
2026-08-24 17:00:00+00:00,79064.0,79205.0,78480.0,78765.0,61.2576,1746
2026-08-24 18:00:00+00:00,78771.0,79088.0,78723.0,78942.0,86.75446,1756
2026-08-24 19:00:00+00:00,78942.0,79110.0,78589.0,78752.0,11.71188,978
2026-08-24 20:00:00+00:00,78780.0,78975.0,78540.0,78909.0,13.34559,1078
2026-08-24 21:00:00+00:00,78923.0,79038.0,78858.0,78980.0,11.41467,937
2026-08-24 22:00:00+00:00,78980.0,78986.0,78710.0,78732.0,4.86932,778
2026-08-24 23:00:00+00:00,78733.0,78999.0,78634.0,78965.0,13.39535,857
2026-08-25 00:00:00+00:00,78964.0,79858.0,78714.0,79736.0,51.70427,1251
2026-08-25 01:00:00+00:00,79745.0,79955.0,79489.0,79817.0,42.11759,1147
2026-08-25 02:00:00+00:00,79816.0,81232.0,79735.0,80611.0,85.95418,1957
2026-08-25 03:00:00+00:00,80620.0,80924.0,80291.0,80467.0,51.75456,1190
2026-08-25 04:00:00+00:00,80448.0,80583.0,80134.0,80350.0,44.9447,1248
2026-08-25 05:00:00+00:00,80372.0,80806.0,80305.0,80718.0,58.795,1194
2026-08-25 06:00:00+00:00,80733.0,80864.0,80400.0,80505.0,40.75621,926
2026-08-25 07:00:00+00:00,80526.0,80775.0,79331.0,79683.0,13.51791,1024
2026-08-25 08:00:00+00:00,79708.0,80200.0,79598.0,79914.0,14.38128,823
2026-08-25 09:00:00+00:00,79920.0,79945.0,78900.0,79188.0,35.70571,1146
2026-08-25 10:00:00+00:00,79186.0,79488.0,79020.0,79308.0,29.13013,1072
2026-08-25 11:00:00+00:00,79285.0,79443.0,79049.0,79099.0,10.94754,701
2026-08-25 12:00:00+00:00,79111.0,79170.0,78628.0,78957.0,73.47638,1201
2026-08-25 13:00:00+00:00,78984.0,79180.0,78107.0,78602.0,53.45721,1480
2026-08-25 14:00:00+00:00,78606.0,79385.0,78494.0,79240.0,47.96194,1309
2026-08-25 15:00:00+00:00,79239.0,79525.0,79042.0,79511.0,26.97263,1215
2026-08-25 16:00:00+00:00,79511.0,79557.0,79083.0,79154.0,51.04294,1203
2026-08-25 17:00:00+00:00,79138.0,79250.0,78764.0,79236.0,17.01582,835
2026-08-25 18:00:00+00:00,79239.0,79342.0,79050.0,79126.0,24.19708,947
2026-08-25 19:00:00+00:00,79116.0,79215.0,78720.0,78945.0,77.25349,1745
2026-08-25 20:00:00+00:00,78917.0,79015.0,78188.0,78208.0,32.1725,1255
2026-08-25 21:00:00+00:00,78201.0,78677.0,77877.0,78600.0,106.92246,2037
2026-08-25 22:00:00+00:00,78601.0,79008.0,78600.0,78899.0,71.84346,1766
2026-08-25 23:00:00+00:00,78899.0,78985.0,78400.0,78506.0,76.83866,2292
2026-08-26 00:00:00+00:00,78535.0,78685.0,78311.0,78622.0,5.02176,791
2026-08-26 01:00:00+00:00,78622.0,78937.0,78621.0,78798.0,16.05756,787
2026-08-26 02:00:00+00:00,78799.0,79221.0,78736.0,79097.0,6.09646,793
2026-08-26 03:00:00+00:00,79090.0,79166.0,78889.0,79065.0,17.01472,657
2026-08-26 04:00:00+00:00,79060.0,79165.0,78774.0,78807.0,5.97582,653
2026-08-26 05:00:00+00:00,78831.0,79118.0,78631.0,79068.0,29.20905,779
2026-08-26 06:00:00+00:00,79063.0,79182.0,78800.0,78928.0,14.37483,801
2026-08-26 07:00:00+00:00,78920.0,79063.0,78845.0,78924.0,68.31272,1272
2026-08-26 08:00:00+00:00,78915.0,79106.0,78609.0,78703.0,33.36686,1164
2026-08-26 09:00:00+00:00,78702.0,78878.0,78250.0,78442.0,13.32811,1130
2026-08-26 10:00:00+00:00,78442.0,78842.0,78300.0,78703.0,9.28179,954
2026-08-26 11:00:00+00:00,78710.0,78768.0,78306.0,78467.0,6.37913,916
2026-08-26 12:00:00+00:00,78477.0,78685.0,77968.0,78327.0,24.95913,1327
2026-08-26 13:00:00+00:00,78300.0,78541.0,77908.0,78440.0,14.33169,1012
2026-08-26 14:00:00+00:00,78440.0,78597.0,77764.0,77782.0,15.54839,1003
2026-08-26 15:00:00+00:00,77782.0,78163.0,77626.0,78020.0,41.38195,1273
2026-08-26 16:00:00+00:00,78061.0,78169.0,77840.0,77996.0,20.98389,1048
2026-08-26 17:00:00+00:00,77998.0,78611.0,77998.0,78443.0,49.80638,1210
2026-08-26 18:00:00+00:00,78443.0,78641.0,78304.0,78479.0,38.40941,951
2026-08-26 19:00:00+00:00,78478.0,78567.0,78304.0,78466.0,71.51804,1513
2026-08-26 20:00:00+00:00,78470.0,78530.0,78201.0,78448.0,7.7284,710
2026-08-26 21:00:00+00:00,78448.0,78823.0,78404.0,78743.0,14.42121,905
2026-08-26 22:00:00+00:00,78743.0,78990.0,78577.0,78718.0,9.90911,983
2026-08-26 23:00:00+00:00,78666.0,79175.0,78664.0,79031.0,53.71486,1142
2026-08-27 00:00:00+00:00,79030.0,79036.0,78800.0,78800.0,124.99381,2567
2026-08-27 01:00:00+00:00,78800.0,79026.0,78600.0,78914.0,40.69447,1574
2026-08-27 02:00:00+00:00,78912.0,78985.0,78700.0,78714.0,4.17087,752
2026-08-27 03:00:00+00:00,78713.0,78975.0,78621.0,78814.0,6.77022,769
2026-08-27 04:00:00+00:00,78815.0,78878.0,78666.0,78757.0,3.68012,689
2026-08-27 05:00:00+00:00,78758.0,78920.0,78600.0,78909.0,8.86186,703
2026-08-27 06:00:00+00:00,78909.0,78909.0,78618.0,78832.0,2.68235,678
2026-08-27 07:00:00+00:00,78804.0,79094.0,78748.0,79073.0,3.81854,782
2026-08-27 08:00:00+00:00,79086.0,79997.0,79039.0,79736.0,30.03936,1446
2026-08-27 09:00:00+00:00,79746.0,80500.0,79668.0,79987.0,75.90552,2337
2026-08-27 10:00:00+00:00,79990.0,80157.0,79385.0,79618.0,150.62363,2766
2026-08-27 11:00:00+00:00,79616.0,79768.0,79188.0,79441.0,26.30496,1261
2026-08-27 12:00:00+00:00,79462.0,79570.0,79250.0,79262.0,28.70827,1053
2026-08-27 13:00:00+00:00,79263.0,79543.0,78891.0,79527.0,29.10735,1202
2026-08-27 14:00:00+00:00,79537.0,80388.0,79350.0,80214.0,26.37865,1520
2026-08-27 15:00:00+00:00,80213.0,80778.0,80091.0,80304.0,62.70765,1779
2026-08-27 16:00:00+00:00,80332.0,80601.0,80194.0,80361.0,14.37694,1134
2026-08-27 17:00:00+00:00,80384.0,80845.0,80228.0,80467.0,57.60963,1527
2026-08-27 18:00:00+00:00,80464.0,80464.0,80200.0,80291.0,121.20357,2744
2026-08-27 19:00:00+00:00,80293.0,80426.0,79908.0,79908.0,87.70121,2005
2026-08-27 20:00:00+00:00,79945.0,80116.0,79903.0,80102.0,7.3166,895
2026-08-27 21:00:00+00:00,80103.0,80192.0,79982.0,80183.0,12.32209,947
2026-08-27 22:00:00+00:00,80205.0,80433.0,80173.0,80317.0,14.84993,1049
2026-08-27 23:00:00+00:00,80314.0,80405.0,80157.0,80266.0,16.55953,971
2026-08-28 00:00:00+00:00,80266.0,80720.0,80181.0,80591.0,4.95007,904
2026-08-28 01:00:00+00:00,80609.0,81444.0,80441.0,80515.0,20.80786,1398
2026-08-28 02:00:00+00:00,80499.0,80499.0,79737.0,79933.0,53.63768,1219
2026-08-28 03:00:00+00:00,79933.0,80054.0,79785.0,79827.0,11.39234,1039
2026-08-28 04:00:00+00:00,79831.0,79984.0,79620.0,79649.0,7.41892,1128
2026-08-28 05:00:00+00:00,79650.0,79885.0,79575.0,79695.0,5.06909,1094
2026-08-28 06:00:00+00:00,79712.0,80005.0,79712.0,79903.0,6.88656,944
2026-08-28 07:00:00+00:00,79905.0,79906.0,79590.0,79672.0,4.33751,668
2026-08-28 08:00:00+00:00,79702.0,79844.0,79489.0,79501.0,5.08685,803
2026-08-28 09:00:00+00:00,79511.0,79513.0,79254.0,79290.0,30.34775,1022
2026-08-28 10:00:00+00:00,79291.0,79566.0,79034.0,79562.0,12.55357,956
2026-08-28 11:00:00+00:00,79566.0,79768.0,79554.0,79598.0,5.01994,773
2026-08-28 12:00:00+00:00,79598.0,79707.0,79299.0,79413.0,34.65082,1016
2026-08-28 13:00:00+00:00,79409.0,79543.0,79038.0,79477.0,34.72757,1143
2026-08-28 14:00:00+00:00,79363.0,79697.0,78466.0,79530.0,58.93318,2011
2026-08-28 15:00:00+00:00,79566.0,79810.0,78338.0,78340.0,19.58758,1176
2026-08-28 16:00:00+00:00,78337.0,78405.0,76887.0,77797.0,104.89085,2994
2026-08-28 17:00:00+00:00,77799.0,78133.0,77664.0,77905.0,11.12013,1269
2026-08-28 18:00:00+00:00,77904.0,77941.0,77270.0,77542.0,17.10337,1303
2026-08-28 19:00:00+00:00,77561.0,77797.0,77381.0,77567.0,28.32181,1273
2026-08-28 20:00:00+00:00,77550.0,77615.0,77309.0,77421.0,58.59351,1403
2026-08-28 21:00:00+00:00,77421.0,77543.0,77284.0,77379.0,8.89102,1215
2026-08-28 22:00:00+00:00,77380.0,77787.0,77350.0,77779.0,65.92976,1818
2026-08-28 23:00:00+00:00,77779.0,77854.0,77658.0,77854.0,63.16507,1827
2026-08-29 00:00:00+00:00,77853.0,77959.0,77730.0,77742.0,17.7852,1154
2026-08-29 01:00:00+00:00,77737.0,77853.0,77643.0,77800.0,3.40655,973
2026-08-29 02:00:00+00:00,77800.0,77836.0,77579.0,77665.0,7.63816,1002
2026-08-29 03:00:00+00:00,77669.0,77719.0,77520.0,77520.0,38.71081,1280
2026-08-29 04:00:00+00:00,77522.0,77698.0,77522.0,77670.0,19.68194,1115
2026-08-29 05:00:00+00:00,77671.0,77730.0,77623.0,77658.0,18.32577,1082
2026-08-29 06:00:00+00:00,77658.0,77658.0,77401.0,77481.0,17.19904,1327
2026-08-29 07:00:00+00:00,77482.0,77681.0,77450.0,77653.0,13.51941,1305
2026-08-29 08:00:00+00:00,77631.0,77634.0,77489.0,77634.0,5.59521,728
2026-08-29 09:00:00+00:00,77640.0,77740.0,77562.0,77653.0,6.92989,714
2026-08-29 10:00:00+00:00,77647.0,77738.0,77525.0,77645.0,6.70862,894
2026-08-29 11:00:00+00:00,77645.0,77738.0,77571.0,77595.0,7.87913,925
2026-08-29 12:00:00+00:00,77595.0,77671.0,77529.0,77595.0,18.45298,1295
2026-08-29 13:00:00+00:00,77595.0,77728.0,77579.0,77708.0,5.79702,737
2026-08-29 14:00:00+00:00,77708.0,78151.0,77667.0,78007.0,6.69648,927
2026-08-29 15:00:00+00:00,78016.0,78017.0,77850.0,77875.0,53.59548,1079
2026-08-29 16:00:00+00:00,77874.0,78141.0,77869.0,78040.0,17.69937,1025
2026-08-29 17:00:00+00:00,78040.0,78112.0,77906.0,78112.0,14.81083,988
2026-08-29 18:00:00+00:00,78112.0,78250.0,78019.0,78169.0,9.04452,875
2026-08-29 19:00:00+00:00,78170.0,78329.0,78151.0,78197.0,3.92302,896
2026-08-29 20:00:00+00:00,78198.0,78305.0,78123.0,78133.0,1.07632,711
2026-08-29 21:00:00+00:00,78132.0,78196.0,78059.0,78169.0,8.07862,759
2026-08-29 22:00:00+00:00,78172.0,78241.0,78089.0,78230.0,3.70951,729
2026-08-29 23:00:00+00:00,78230.0,78280.0,78188.0,78229.0,4.05662,787
2026-08-30 00:00:00+00:00,78228.0,78328.0,78161.0,78188.0,9.39112,804
2026-08-30 01:00:00+00:00,78188.0,78192.0,78000.0,78090.0,2.09559,760
2026-08-30 02:00:00+00:00,78096.0,78183.0,78018.0,78108.0,3.48033,696
2026-08-30 03:00:00+00:00,78108.0,78239.0,78059.0,78136.0,3.24237,708
2026-08-30 04:00:00+00:00,78136.0,78226.0,78000.0,78116.0,7.31388,814
2026-08-30 05:00:00+00:00,78115.0,78225.0,78115.0,78139.0,1.67138,981
2026-08-30 06:00:00+00:00,78140.0,78307.0,78115.0,78265.0,13.72997,948
2026-08-30 07:00:00+00:00,78273.0,78283.0,78097.0,78097.0,29.71856,1028
2026-08-30 08:00:00+00:00,78100.0,78180.0,78018.0,78058.0,20.53935,1112
2026-08-30 09:00:00+00:00,78058.0,78097.0,78000.0,78001.0,13.10776,1195
2026-08-30 10:00:00+00:00,78000.0,78155.0,77989.0,78150.0,49.97037,1253
2026-08-30 11:00:00+00:00,78150.0,78239.0,78109.0,78170.0,4.4588,857
2026-08-30 12:00:00+00:00,78172.0,78844.0,78172.0,78754.0,14.24161,1202
2026-08-30 13:00:00+00:00,78805.0,78960.0,78583.0,78845.0,8.4533,924
2026-08-30 14:00:00+00:00,78844.0,78938.0,78712.0,78775.0,5.57851,797
2026-08-30 15:00:00+00:00,78789.0,78881.0,78621.0,78815.0,5.56311,815
2026-08-30 16:00:00+00:00,78840.0,79399.0,78761.0,79328.0,20.29342,1180
2026-08-30 17:00:00+00:00,79326.0,79327.0,78778.0,79001.0,8.97456,1058
2026-08-30 18:00:00+00:00,79001.0,79165.0,78773.0,79012.0,3.65337,915
2026-08-30 19:00:00+00:00,79012.0,79028.0,78734.0,78843.0,5.51236,873
2026-08-30 20:00:00+00:00,78844.0,78923.0,78421.0,78579.0,11.55264,1039
2026-08-30 21:00:00+00:00,78578.0,78712.0,78238.0,78631.0,12.87465,1035
2026-08-30 22:00:00+00:00,78631.0,78790.0,78300.0,78427.0,63.41787,1269
2026-08-30 23:00:00+00:00,78403.0,78447.0,77035.0,77700.0,32.95456,1709
2026-08-31 00:00:00+00:00,77685.0,78177.0,77441.0,77931.0,14.37981,1089
2026-08-31 01:00:00+00:00,77926.0,77996.0,77566.0,77628.0,5.08979,885
2026-08-31 02:00:00+00:00,77610.0,77974.0,77363.0,77449.0,25.99784,986
2026-08-31 03:00:00+00:00,77470.0,77830.0,77374.0,77732.0,6.83542,852
2026-08-31 04:00:00+00:00,77740.0,77749.0,77440.0,77602.0,6.68547,877
2026-08-31 05:00:00+00:00,77601.0,78129.0,77495.0,78012.0,3.87304,759
2026-08-31 06:00:00+00:00,77989.0,78121.0,77850.0,78073.0,13.40766,812
2026-08-31 07:00:00+00:00,78073.0,78297.0,78019.0,78181.0,13.05215,899
2026-08-31 08:00:00+00:00,78189.0,78500.0,77953.0,78464.0,25.96663,983
2026-08-31 09:00:00+00:00,78480.0,78798.0,78387.0,78504.0,19.02029,1174
2026-08-31 10:00:00+00:00,78504.0,78723.0,78292.0,78691.0,33.99511,1483
2026-08-31 11:00:00+00:00,78691.0,78691.0,78300.0,78301.0,38.43551,1136
2026-08-31 12:00:00+00:00,78301.0,78524.0,77692.0,77920.0,69.7571,1875
2026-08-31 13:00:00+00:00,77933.0,78259.0,77719.0,77841.0,35.03565,1223
2026-08-31 14:00:00+00:00,77849.0,78641.0,77739.0,78557.0,80.70008,1493
2026-08-31 15:00:00+00:00,78599.0,78719.0,78189.0,78543.0,17.06953,980
2026-08-31 16:00:00+00:00,78551.0,78875.0,78497.0,78628.0,82.30247,1248
2026-08-31 17:00:00+00:00,78627.0,78982.0,78486.0,78886.0,17.47939,1034
2026-08-31 18:00:00+00:00,78894.0,79210.0,78776.0,79020.0,11.60817,979
2026-08-31 19:00:00+00:00,79021.0,79246.0,78856.0,78906.0,13.01726,1101
2026-08-31 20:00:00+00:00,78912.0,79139.0,78784.0,78836.0,20.21899,1047
2026-08-31 21:00:00+00:00,78846.0,79045.0,78719.0,78938.0,8.97003,900
2026-08-31 22:00:00+00:00,78963.0,78987.0,78559.0,78567.0,5.60265,913
2026-08-31 23:00:00+00:00,78566.0,78581.0,78380.0,78563.0,11.88399,997
2026-09-01 00:00:00+00:00,78562.0,78888.0,78537.0,78619.0,7.01417,957
2026-09-01 01:00:00+00:00,78661.0,78785.0,78374.0,78395.0,5.00108,1046
2026-09-01 02:00:00+00:00,78377.0,78447.0,78186.0,78427.0,9.49937,974
2026-09-01 03:00:00+00:00,78427.0,78856.0,78379.0,78660.0,5.30431,917
2026-09-01 04:00:00+00:00,78660.0,78887.0,78628.0,78710.0,10.47277,837
2026-09-01 05:00:00+00:00,78718.0,79210.0,78718.0,79174.0,25.92388,1177
2026-09-01 06:00:00+00:00,79152.0,79152.0,78735.0,78736.0,35.49464,1179
2026-09-01 07:00:00+00:00,78721.0,78796.0,78502.0,78627.0,6.96803,847
2026-09-01 08:00:00+00:00,78627.0,78648.0,77810.0,77849.0,33.72832,1170
2026-09-01 09:00:00+00:00,77879.0,78054.0,77773.0,77899.0,13.2892,964
2026-09-01 10:00:00+00:00,77891.0,78175.0,77733.0,78009.0,26.77404,1087
2026-09-01 11:00:00+00:00,78008.0,78184.0,77878.0,78069.0,33.27581,1043
2026-09-01 12:00:00+00:00,78072.0,78138.0,77727.0,77969.0,20.99234,991
2026-09-01 13:00:00+00:00,77983.0,78185.0,77500.0,78048.0,26.35503,1382
2026-09-01 14:00:00+00:00,78052.0,78384.0,78034.0,78128.0,41.16626,1341
2026-09-01 15:00:00+00:00,78137.0,78137.0,77701.0,77895.0,14.61318,957
2026-09-01 16:00:00+00:00,77892.0,77952.0,77290.0,77581.0,25.53186,1146
2026-09-01 17:00:00+00:00,77581.0,77699.0,77236.0,77252.0,8.7287,936
2026-09-01 18:00:00+00:00,77253.0,77312.0,76405.0,77126.0,37.48795,1880
2026-09-01 19:00:00+00:00,77126.0,77437.0,77100.0,77280.0,19.19699,1304
2026-09-01 20:00:00+00:00,77288.0,77452.0,77208.0,77424.0,10.42628,1093
2026-09-01 21:00:00+00:00,77422.0,77485.0,76893.0,77195.0,16.1902,1072
2026-09-01 22:00:00+00:00,77194.0,77337.0,77009.0,77244.0,4.54815,1073
2026-09-01 23:00:00+00:00,77246.0,77597.0,77189.0,77400.0,4.81542,973
2026-09-02 00:00:00+00:00,77400.0,77491.0,77102.0,77185.0,7.23277,919
2026-09-02 01:00:00+00:00,77185.0,77339.0,76694.0,76979.0,8.48926,931
2026-09-02 02:00:00+00:00,76992.0,77301.0,76909.0,77287.0,5.60363,934
2026-09-02 03:00:00+00:00,77292.0,77747.0,77268.0,77525.0,3.95435,835
2026-09-02 04:00:00+00:00,77524.0,77580.0,77264.0,77538.0,2.33507,650
2026-09-02 05:00:00+00:00,77533.0,77723.0,77396.0,77620.0,5.06033,656
2026-09-02 06:00:00+00:00,77620.0,77686.0,77391.0,77558.0,250.96389,5191
2026-09-02 07:00:00+00:00,77566.0,77720.0,77428.0,77438.0,22.54126,835
2026-09-02 08:00:00+00:00,77462.0,77513.0,76706.0,76805.0,17.63028,973
2026-09-02 09:00:00+00:00,76810.0,77006.0,76452.0,76717.0,34.0851,1110
2026-09-02 10:00:00+00:00,76720.0,76725.0,76243.0,76643.0,36.44228,1258
2026-09-02 11:00:00+00:00,76631.0,76808.0,76327.0,76808.0,13.14685,895
2026-09-02 12:00:00+00:00,76775.0,77002.0,76584.0,76584.0,27.99781,937
2026-09-02 13:00:00+00:00,76590.0,77397.0,76590.0,77102.0,31.94079,1314
2026-09-02 14:00:00+00:00,77118.0,77447.0,76984.0,77052.0,13.56211,882
2026-09-02 15:00:00+00:00,77051.0,77353.0,76716.0,77248.0,17.73959,1000
2026-09-02 16:00:00+00:00,77241.0,77544.0,77146.0,77156.0,4.91454,712
2026-09-02 17:00:00+00:00,77174.0,77380.0,76934.0,77363.0,15.45648,934
2026-09-02 18:00:00+00:00,77362.0,77485.0,77267.0,77349.0,8.40785,786
2026-09-02 19:00:00+00:00,77342.0,77379.0,77100.0,77313.0,4.0439,734
2026-09-02 20:00:00+00:00,77300.0,77490.0,77186.0,77386.0,8.38666,823
2026-09-02 21:00:00+00:00,77385.0,77414.0,77224.0,77271.0,2.68387,773
2026-09-02 22:00:00+00:00,77262.0,77263.0,77004.0,77022.0,7.26761,925
2026-09-02 23:00:00+00:00,77025.0,77362.0,77000.0,77340.0,10.77349,901
2026-09-03 00:00:00+00:00,77335.0,77378.0,76984.0,77066.0,17.10749,914
2026-09-03 01:00:00+00:00,77056.0,77525.0,76965.0,77341.0,6.00728,847
2026-09-03 02:00:00+00:00,77341.0,77865.0,77221.0,77773.0,120.91619,1567
2026-09-03 03:00:00+00:00,77783.0,77844.0,77609.0,77672.0,8.06512,901
2026-09-03 04:00:00+00:00,77672.0,77804.0,77519.0,77736.0,8.26199,824
2026-09-03 05:00:00+00:00,77742.0,77794.0,77071.0,77778.0,7.01318,1047
2026-09-03 06:00:00+00:00,77782.0,77827.0,77673.0,77801.0,2.4661,774
2026-09-03 07:00:00+00:00,77792.0,78147.0,77571.0,77632.0,19.05267,1495
2026-09-03 08:00:00+00:00,77635.0,78034.0,77635.0,77816.0,4.11261,797
2026-09-03 09:00:00+00:00,77810.0,77933.0,77579.0,77599.0,5.25689,818
2026-09-03 10:00:00+00:00,77577.0,77748.0,77455.0,77706.0,14.25973,1014
2026-09-03 11:00:00+00:00,77722.0,77975.0,77687.0,77936.0,4.26083,558
2026-09-03 12:00:00+00:00,77914.0,78751.0,77872.0,78625.0,23.0223,1025
2026-09-03 13:00:00+00:00,78622.0,78963.0,78434.0,78820.0,13.30301,786
2026-09-03 14:00:00+00:00,78801.0,80554.0,78695.0,80554.0,61.17763,1902
2026-09-03 15:00:00+00:00,80546.0,81382.0,80374.0,81360.0,56.53989,1958
2026-09-03 16:00:00+00:00,81360.0,81381.0,80631.0,80967.0,66.0946,2003
2026-09-03 17:00:00+00:00,80967.0,81200.0,80886.0,81049.0,33.92584,1376
2026-09-03 18:00:00+00:00,81060.0,81350.0,80919.0,81263.0,12.0895,1048
2026-09-03 19:00:00+00:00,81262.0,81788.0,81183.0,81747.0,23.62412,1151
2026-09-03 20:00:00+00:00,81781.0,81781.0,81400.0,81473.0,14.64087,751
2026-09-03 21:00:00+00:00,81473.0,82290.0,81311.0,81604.0,25.67607,1160
2026-09-03 22:00:00+00:00,81626.0,81626.0,80933.0,81180.0,46.69269,1114
2026-09-03 23:00:00+00:00,81180.0,81341.0,81100.0,81284.0,18.92472,730
2026-09-04 00:00:00+00:00,81283.0,81438.0,80977.0,80984.0,14.19879,708
2026-09-04 01:00:00+00:00,80993.0,81100.0,80785.0,80980.0,31.92591,747
2026-09-04 02:00:00+00:00,80970.0,80973.0,80667.0,80834.0,12.09267,668
2026-09-04 03:00:00+00:00,80846.0,81030.0,80806.0,80878.0,28.22165,749
2026-09-04 04:00:00+00:00,80860.0,81328.0,80837.0,81091.0,48.47091,994
2026-09-04 05:00:00+00:00,81068.0,81163.0,80881.0,81011.0,5.01631,637
2026-09-04 06:00:00+00:00,81006.0,81109.0,80600.0,80793.0,14.38442,804
2026-09-04 07:00:00+00:00,80805.0,80950.0,80660.0,80661.0,18.52286,779
2026-09-04 08:00:00+00:00,80660.0,81227.0,80529.0,81146.0,14.88788,744
2026-09-04 09:00:00+00:00,81151.0,81299.0,80952.0,81060.0,9.87302,972
2026-09-04 10:00:00+00:00,81052.0,81191.0,80835.0,81190.0,20.31537,960
2026-09-04 11:00:00+00:00,81191.0,81399.0,81079.0,81207.0,18.34534,972
2026-09-04 12:00:00+00:00,81225.0,81337.0,79210.0,79455.0,108.32076,2762
2026-09-04 13:00:00+00:00,79451.0,79697.0,78983.0,79405.0,38.27217,1307
2026-09-04 14:00:00+00:00,79382.0,79570.0,78661.0,78909.0,37.21663,1829
2026-09-04 15:00:00+00:00,78910.0,79563.0,78800.0,79442.0,24.45363,1306
2026-09-04 16:00:00+00:00,79435.0,79889.0,79401.0,79766.0,15.37292,1006
2026-09-04 17:00:00+00:00,79765.0,79765.0,79433.0,79501.0,30.04627,966
2026-09-04 18:00:00+00:00,79500.0,79697.0,79500.0,79650.0,36.71307,851
2026-09-04 19:00:00+00:00,79655.0,79837.0,79653.0,79832.0,8.71401,656
2026-09-04 20:00:00+00:00,79804.0,79882.0,79684.0,79712.0,13.55914,715
2026-09-04 21:00:00+00:00,79723.0,79843.0,79552.0,79669.0,3.44527,683
2026-09-04 22:00:00+00:00,79654.0,79740.0,79635.0,79658.0,11.07088,969
2026-09-04 23:00:00+00:00,79643.0,79782.0,79614.0,79669.0,7.85238,803
2026-09-05 00:00:00+00:00,79669.0,79733.0,79571.0,79596.0,6.52864,855
2026-09-05 01:00:00+00:00,79603.0,79728.0,79555.0,79556.0,2.5712,787
2026-09-05 02:00:00+00:00,79553.0,79647.0,79503.0,79589.0,6.17287,797
2026-09-05 03:00:00+00:00,79589.0,79654.0,79542.0,79604.0,2.15337,667
2026-09-05 04:00:00+00:00,79605.0,79612.0,79510.0,79510.0,7.26773,726
2026-09-05 05:00:00+00:00,79510.0,79624.0,79459.0,79595.0,11.35703,844
2026-09-05 06:00:00+00:00,79596.0,79736.0,79592.0,79677.0,3.4218,653
2026-09-05 07:00:00+00:00,79677.0,79780.0,79677.0,79733.0,3.17868,639
2026-09-05 08:00:00+00:00,79720.0,79751.0,79600.0,79678.0,8.92675,699
2026-09-05 09:00:00+00:00,79679.0,79758.0,79647.0,79647.0,11.23523,632
2026-09-05 10:00:00+00:00,79647.0,79691.0,79608.0,79626.0,10.59934,585
2026-09-05 11:00:00+00:00,79630.0,79696.0,79630.0,79635.0,7.292,670
2026-09-05 12:00:00+00:00,79635.0,79791.0,79632.0,79723.0,3.14201,603
2026-09-05 13:00:00+00:00,79730.0,79784.0,79561.0,79625.0,6.68984,651
2026-09-05 14:00:00+00:00,79644.0,79767.0,79644.0,79752.0,4.48114,737
2026-09-05 15:00:00+00:00,79735.0,79819.0,79686.0,79809.0,9.52435,611
2026-09-05 16:00:00+00:00,79805.0,80202.0,79770.0,80051.0,13.93291,774
2026-09-05 17:00:00+00:00,80052.0,80147.0,79983.0,80079.0,19.42051,794
2026-09-05 18:00:00+00:00,80061.0,80091.0,79938.0,80004.0,5.5362,741
2026-09-05 19:00:00+00:00,79987.0,79989.0,79716.0,79759.0,3.30641,792
2026-09-05 20:00:00+00:00,79759.0,79844.0,79700.0,79744.0,3.54747,690
2026-09-05 21:00:00+00:00,79745.0,79940.0,79728.0,79919.0,4.84939,736
2026-09-05 22:00:00+00:00,79939.0,79958.0,79767.0,79801.0,5.32559,774
2026-09-05 23:00:00+00:00,79794.0,79907.0,79726.0,79833.0,8.36687,736
2026-09-06 00:00:00+00:00,79832.0,79945.0,79816.0,79871.0,5.18528,665
2026-09-06 01:00:00+00:00,79888.0,80063.0,79885.0,79954.0,2.91124,772
2026-09-06 02:00:00+00:00,79958.0,80014.0,79872.0,79909.0,7.24228,777
2026-09-06 03:00:00+00:00,79915.0,80112.0,79894.0,80027.0,3.31906,754
2026-09-06 04:00:00+00:00,80027.0,80032.0,79871.0,79872.0,19.32689,777
2026-09-06 05:00:00+00:00,79871.0,80118.0,79805.0,79997.0,12.34927,774
2026-09-06 06:00:00+00:00,80010.0,80010.0,79704.0,79782.0,4.15447,648
2026-09-06 07:00:00+00:00,79787.0,79872.0,79620.0,79818.0,12.22233,724
2026-09-06 08:00:00+00:00,79819.0,79904.0,79769.0,79863.0,2.09026,586
2026-09-06 09:00:00+00:00,79864.0,80009.0,79826.0,79900.0,10.0921,865
2026-09-06 10:00:00+00:00,79900.0,80033.0,79900.0,80008.0,11.84428,851
2026-09-06 11:00:00+00:00,80008.0,80013.0,79898.0,79925.0,10.09273,811
2026-09-06 12:00:00+00:00,79925.0,80023.0,79884.0,79927.0,8.06583,721
2026-09-06 13:00:00+00:00,79926.0,79972.0,79759.0,79834.0,5.58901,639
2026-09-06 14:00:00+00:00,79830.0,79846.0,79237.0,79540.0,32.26079,1031
2026-09-06 15:00:00+00:00,79546.0,79723.0,79385.0,79710.0,4.84974,876
2026-09-06 16:00:00+00:00,79709.0,79770.0,79598.0,79684.0,8.32498,842
2026-09-06 17:00:00+00:00,79684.0,79770.0,79581.0,79737.0,5.09825,699
2026-09-06 18:00:00+00:00,79737.0,79959.0,79737.0,79941.0,6.07398,852
2026-09-06 19:00:00+00:00,79941.0,79942.0,79794.0,79826.0,15.01981,800
2026-09-06 20:00:00+00:00,79826.0,79973.0,79776.0,79894.0,3.30843,785
2026-09-06 21:00:00+00:00,79894.0,80035.0,79868.0,79940.0,9.62775,776
2026-09-06 22:00:00+00:00,79941.0,80078.0,79644.0,80045.0,26.22873,1142
2026-09-06 23:00:00+00:00,80047.0,80530.0,80020.0,80339.0,24.31569,981
2026-09-07 00:00:00+00:00,80338.0,80424.0,80061.0,80108.0,4.18555,818
2026-09-07 01:00:00+00:00,80135.0,80221.0,79825.0,79924.0,8.13083,747
2026-09-07 02:00:00+00:00,79920.0,80401.0,79792.0,79859.0,10.2997,942
2026-09-07 03:00:00+00:00,79876.0,79976.0,79575.0,79587.0,9.21174,956
2026-09-07 04:00:00+00:00,79588.0,79721.0,79540.0,79719.0,3.24851,716
2026-09-07 05:00:00+00:00,79718.0,79912.0,79670.0,79741.0,3.9582,746
2026-09-07 06:00:00+00:00,79742.0,79822.0,79651.0,79669.0,5.41731,772
2026-09-07 07:00:00+00:00,79668.0,79687.0,79006.0,79398.0,18.63965,1422
2026-09-07 08:00:00+00:00,79409.0,79526.0,79399.0,79425.0,5.7029,866
2026-09-07 09:00:00+00:00,79425.0,79541.0,79299.0,79299.0,5.11481,752
2026-09-07 10:00:00+00:00,79313.0,79452.0,79313.0,79363.0,10.7637,680
2026-09-07 11:00:00+00:00,79362.0,79480.0,79285.0,79412.0,4.04515,577
2026-09-07 12:00:00+00:00,79412.0,79616.0,79392.0,79593.0,8.49669,726
2026-09-07 13:00:00+00:00,79593.0,79631.0,79310.0,79340.0,4.20157,829
2026-09-07 14:00:00+00:00,79336.0,79380.0,78975.0,79182.0,7.36326,894
2026-09-07 15:00:00+00:00,79182.0,79182.0,78688.0,78796.0,24.83044,1090
2026-09-07 16:00:00+00:00,78796.0,79026.0,78787.0,79009.0,13.15821,781
2026-09-07 17:00:00+00:00,79014.0,79200.0,79001.0,79177.0,8.42227,722
2026-09-07 18:00:00+00:00,79178.0,79245.0,79085.0,79193.0,12.55922,799
2026-09-07 19:00:00+00:00,79194.0,79408.0,79148.0,79367.0,2.93577,632
2026-09-07 20:00:00+00:00,79367.0,79393.0,79177.0,79231.0,2.18585,631
2026-09-07 21:00:00+00:00,79244.0,79270.0,79144.0,79144.0,4.18427,745
2026-09-07 22:00:00+00:00,79145.0,79195.0,78791.0,78934.0,27.42835,916
2026-09-07 23:00:00+00:00,78925.0,79186.0,78925.0,79088.0,4.98873,694
2026-09-08 00:00:00+00:00,79087.0,79285.0,78951.0,79285.0,12.09487,891
2026-09-08 01:00:00+00:00,79289.0,79437.0,79256.0,79394.0,6.29548,572
2026-09-08 02:00:00+00:00,79414.0,79462.0,78924.0,78925.0,8.00094,605
2026-09-08 03:00:00+00:00,78922.0,78984.0,78716.0,78885.0,4.99194,707
2026-09-08 04:00:00+00:00,78881.0,78908.0,78656.0,78656.0,11.46302,791
2026-09-08 05:00:00+00:00,78668.0,78854.0,78535.0,78560.0,3.34083,459
2026-09-08 06:00:00+00:00,78560.0,78619.0,78260.0,78306.0,20.74211,966
2026-09-08 07:00:00+00:00,78307.0,78566.0,78170.0,78447.0,22.83109,870
2026-09-08 08:00:00+00:00,78448.0,78556.0,78266.0,78364.0,27.90016,973
2026-09-08 09:00:00+00:00,78374.0,78788.0,78318.0,78756.0,42.44798,1161
2026-09-08 10:00:00+00:00,78756.0,78975.0,78538.0,78538.0,36.85977,836
2026-09-08 11:00:00+00:00,78546.0,78557.0,78275.0,78404.0,61.41957,1222
2026-09-08 12:00:00+00:00,78403.0,78440.0,78193.0,78403.0,12.56995,992
2026-09-08 13:00:00+00:00,78419.0,78505.0,77630.0,77938.0,35.64862,1834
2026-09-08 14:00:00+00:00,77948.0,78589.0,77850.0,78538.0,15.36426,1012
2026-09-08 15:00:00+00:00,78533.0,78902.0,78432.0,78888.0,14.24009,988
2026-09-08 16:00:00+00:00,78887.0,78960.0,78563.0,78737.0,17.65367,1049
2026-09-08 17:00:00+00:00,78738.0,78891.0,78500.0,78500.0,14.56332,809
2026-09-08 18:00:00+00:00,78501.0,78806.0,78291.0,78424.0,10.22506,1129
2026-09-08 19:00:00+00:00,78447.0,78520.0,78312.0,78437.0,10.81523,1063
2026-09-08 20:00:00+00:00,78449.0,78600.0,78392.0,78460.0,10.43503,821
2026-09-08 21:00:00+00:00,78475.0,78600.0,78388.0,78472.0,8.57806,949
2026-09-08 22:00:00+00:00,78471.0,78630.0,78437.0,78543.0,4.30333,927
2026-09-08 23:00:00+00:00,78543.0,78559.0,78402.0,78440.0,2.41023,924
2026-09-09 00:00:00+00:00,78440.0,78794.0,78440.0,78755.0,6.51618,1176
2026-09-09 01:00:00+00:00,78756.0,78889.0,78628.0,78879.0,5.86368,1111
2026-09-09 02:00:00+00:00,78884.0,78910.0,78677.0,78728.0,4.06241,851
2026-09-09 03:00:00+00:00,78715.0,78715.0,78541.0,78635.0,4.97274,915
2026-09-09 04:00:00+00:00,78629.0,79210.0,78629.0,79168.0,11.92931,1145
2026-09-09 05:00:00+00:00,79169.0,79355.0,78835.0,78933.0,4.99785,1098
2026-09-09 06:00:00+00:00,78940.0,79285.0,78857.0,79152.0,4.35557,914
2026-09-09 07:00:00+00:00,79153.0,79371.0,79152.0,79288.0,22.11068,1146
2026-09-09 08:00:00+00:00,79289.0,79734.0,79272.0,79689.0,24.4004,1289
2026-09-09 09:00:00+00:00,79688.0,79707.0,78900.0,78933.0,12.30351,1086
2026-09-09 10:00:00+00:00,78934.0,79164.0,78865.0,78905.0,9.98867,923
2026-09-09 11:00:00+00:00,78904.0,79337.0,78743.0,79308.0,12.86243,1107
2026-09-09 12:00:00+00:00,79307.0,79636.0,79276.0,79576.0,27.26402,1048
2026-09-09 13:00:00+00:00,79580.0,79655.0,79111.0,79126.0,9.16212,1114
2026-09-09 14:00:00+00:00,79126.0,79399.0,78865.0,78949.0,21.36452,1518
2026-09-09 15:00:00+00:00,78964.0,79351.0,78053.0,78584.0,19.49959,1814
2026-09-09 16:00:00+00:00,78576.0,78907.0,78458.0,78786.0,14.034,1143
2026-09-09 17:00:00+00:00,78785.0,78912.0,78653.0,78742.0,14.48548,1054
2026-09-09 18:00:00+00:00,78749.0,78765.0,78388.0,78389.0,6.73305,934
2026-09-09 19:00:00+00:00,78390.0,78551.0,78133.0,78204.0,11.27767,1122
2026-09-09 20:00:00+00:00,78205.0,78310.0,77925.0,78307.0,33.53127,1196
2026-09-09 21:00:00+00:00,78293.0,78320.0,77990.0,78124.0,2.78682,635
2026-09-09 22:00:00+00:00,78129.0,78168.0,77761.0,77908.0,19.68208,910
2026-09-09 23:00:00+00:00,77900.0,78292.0,77900.0,78292.0,2.44706,607
2026-09-10 00:00:00+00:00,78287.0,78363.0,78090.0,78154.0,2.36967,626
2026-09-10 01:00:00+00:00,78159.0,78489.0,77933.0,78064.0,10.95958,771
2026-09-10 02:00:00+00:00,78075.0,78344.0,77957.0,78325.0,8.01406,730
2026-09-10 03:00:00+00:00,78325.0,78502.0,78255.0,78305.0,7.60959,834
2026-09-10 04:00:00+00:00,78298.0,78409.0,78273.0,78369.0,3.94202,714
2026-09-10 05:00:00+00:00,78370.0,78529.0,78238.0,78497.0,11.59647,756
2026-09-10 06:00:00+00:00,78502.0,78511.0,78138.0,78402.0,10.74604,1025
2026-09-10 07:00:00+00:00,78401.0,78404.0,77902.0,78092.0,12.63866,1000
2026-09-10 08:00:00+00:00,78092.0,78158.0,78025.0,78084.0,1.92928,594
2026-09-10 09:00:00+00:00,78085.0,78199.0,77905.0,77947.0,10.84085,619
2026-09-10 10:00:00+00:00,77966.0,78026.0,77811.0,77837.0,9.39041,648
2026-09-10 11:00:00+00:00,77830.0,78040.0,77681.0,77828.0,14.23503,879
2026-09-10 12:00:00+00:00,77819.0,77926.0,76669.0,76878.0,58.40488,2400
2026-09-10 13:00:00+00:00,76867.0,77219.0,76728.0,77167.0,18.35337,1525
2026-09-10 14:00:00+00:00,77181.0,77409.0,76945.0,77389.0,13.77785,1154
2026-09-10 15:00:00+00:00,77383.0,77388.0,77078.0,77225.0,12.18213,728
2026-09-10 16:00:00+00:00,77223.0,77281.0,76771.0,77171.0,30.37912,1181
2026-09-10 17:00:00+00:00,77171.0,77523.0,77101.0,77308.0,32.42708,964
2026-09-10 18:00:00+00:00,77291.0,77326.0,76960.0,77235.0,25.7202,950
2026-09-10 19:00:00+00:00,77235.0,77277.0,77056.0,77118.0,8.1756,789
2026-09-10 20:00:00+00:00,77139.0,77324.0,77095.0,77239.0,9.1858,980
2026-09-10 21:00:00+00:00,77240.0,77274.0,77091.0,77111.0,4.96744,693
2026-09-10 22:00:00+00:00,77128.0,77194.0,76800.0,76807.0,15.03223,817
2026-09-10 23:00:00+00:00,76807.0,76849.0,76484.0,76551.0,16.56694,1140
2026-09-11 00:00:00+00:00,76551.0,76901.0,76543.0,76885.0,9.48674,1145
2026-09-11 01:00:00+00:00,76875.0,76980.0,76652.0,76942.0,7.18295,1023
2026-09-11 02:00:00+00:00,76943.0,76972.0,76750.0,76829.0,17.94216,1077
2026-09-11 03:00:00+00:00,76814.0,76886.0,76687.0,76870.0,8.66996,1008
2026-09-11 04:00:00+00:00,76873.0,77178.0,76869.0,77105.0,6.05123,835
2026-09-11 05:00:00+00:00,77094.0,77241.0,77044.0,77241.0,18.15313,762
2026-09-11 06:00:00+00:00,77241.0,77417.0,77168.0,77288.0,5.86137,693
2026-09-11 07:00:00+00:00,77282.0,77393.0,77201.0,77227.0,8.16208,744
2026-09-11 08:00:00+00:00,77228.0,77485.0,77123.0,77343.0,4.13482,678
2026-09-11 09:00:00+00:00,77344.0,77354.0,76853.0,77036.0,10.22484,791
2026-09-11 10:00:00+00:00,77024.0,77141.0,76943.0,76979.0,2.63145,602
2026-09-11 11:00:00+00:00,76976.0,77023.0,76738.0,77023.0,8.88478,703
2026-09-11 12:00:00+00:00,77008.0,78117.0,76150.0,77995.0,88.37797,3104
2026-09-11 13:00:00+00:00,78010.0,79250.0,77270.0,79168.0,207.59265,3831
2026-09-11 14:00:00+00:00,79197.0,79839.0,78503.0,78784.0,58.90286,2063
2026-09-11 15:00:00+00:00,78801.0,78815.0,77321.0,77718.0,60.27973,1710
2026-09-11 16:00:00+00:00,77718.0,78064.0,77386.0,77919.0,15.62031,1237
2026-09-11 17:00:00+00:00,77917.0,77960.0,77500.0,77526.0,10.29265,811
2026-09-11 18:00:00+00:00,77520.0,77530.0,76888.0,77039.0,11.9117,969
2026-09-11 19:00:00+00:00,77040.0,77350.0,76995.0,77269.0,20.03618,884
2026-09-11 20:00:00+00:00,77264.0,77470.0,77180.0,77336.0,7.81599,644
2026-09-11 21:00:00+00:00,77312.0,77405.0,77065.0,77065.0,4.97633,832
2026-09-11 22:00:00+00:00,77116.0,77220.0,76952.0,77139.0,13.18038,838
2026-09-11 23:00:00+00:00,77135.0,77217.0,77110.0,77217.0,5.66644,648
2026-09-12 00:00:00+00:00,77217.0,77310.0,77217.0,77277.0,6.44126,639
2026-09-12 01:00:00+00:00,77277.0,77364.0,77247.0,77254.0,4.65133,692
2026-09-12 02:00:00+00:00,77254.0,77312.0,77197.0,77214.0,2.74561,601
2026-09-12 03:00:00+00:00,77257.0,77327.0,77220.0,77254.0,7.84717,659
2026-09-12 04:00:00+00:00,77254.0,77305.0,77209.0,77218.0,3.09388,571
2026-09-12 05:00:00+00:00,77218.0,77248.0,77159.0,77201.0,9.09818,688
2026-09-12 06:00:00+00:00,77202.0,77356.0,77197.0,77290.0,9.28421,622
2026-09-12 07:00:00+00:00,77290.0,77351.0,77253.0,77270.0,15.04045,628
2026-09-12 08:00:00+00:00,77271.0,77392.0,77265.0,77364.0,17.83221,691
2026-09-12 09:00:00+00:00,77364.0,77385.0,77322.0,77349.0,2.16715,421
2026-09-12 10:00:00+00:00,77350.0,77400.0,77311.0,77328.0,3.14285,355
2026-09-12 11:00:00+00:00,77329.0,77354.0,77289.0,77348.0,1.21932,329
2026-09-12 12:00:00+00:00,77348.0,77363.0,77277.0,77332.0,4.89135,420
2026-09-12 13:00:00+00:00,77326.0,77381.0,77255.0,77368.0,3.65453,478
2026-09-12 14:00:00+00:00,77369.0,77496.0,77362.0,77448.0,2.84911,642
2026-09-12 15:00:00+00:00,77448.0,77479.0,77367.0,77368.0,4.02072,578
2026-09-12 16:00:00+00:00,77369.0,77409.0,77331.0,77355.0,6.03507,438
2026-09-12 17:00:00+00:00,77355.0,77395.0,77172.0,77201.0,6.38175,390
2026-09-12 18:00:00+00:00,77201.0,77207.0,77113.0,77124.0,9.93243,270
2026-09-12 19:00:00+00:00,77129.0,77181.0,77064.0,77108.0,9.04832,311
2026-09-12 20:00:00+00:00,77125.0,77210.0,77125.0,77150.0,4.56259,398
2026-09-12 21:00:00+00:00,77150.0,77257.0,77137.0,77244.0,5.17829,528
2026-09-12 22:00:00+00:00,77244.0,77278.0,77171.0,77219.0,6.6525,495
2026-09-12 23:00:00+00:00,77220.0,77274.0,77215.0,77270.0,6.73485,524
2026-09-13 00:00:00+00:00,77270.0,77290.0,77143.0,77252.0,8.18218,423
2026-09-13 01:00:00+00:00,77252.0,77315.0,77226.0,77294.0,3.69714,257
2026-09-13 02:00:00+00:00,77294.0,77294.0,77228.0,77274.0,3.05061,301
2026-09-13 03:00:00+00:00,77274.0,77301.0,77178.0,77178.0,7.6826,315
2026-09-13 04:00:00+00:00,77178.0,77245.0,77178.0,77181.0,1.18571,206
2026-09-13 05:00:00+00:00,77181.0,77301.0,77181.0,77301.0,0.41965,202
2026-09-13 06:00:00+00:00,77301.0,77301.0,77052.0,77096.0,3.24749,281
2026-09-13 07:00:00+00:00,77070.0,77154.0,77070.0,77104.0,8.32033,538
2026-09-13 08:00:00+00:00,77104.0,77147.0,76729.0,76778.0,11.30104,569
2026-09-13 09:00:00+00:00,76778.0,76874.0,76555.0,76795.0,7.81286,532
2026-09-13 10:00:00+00:00,76763.0,76786.0,76617.0,76622.0,7.05957,441
2026-09-13 11:00:00+00:00,76644.0,76769.0,76495.0,76746.0,5.83743,535
2026-09-13 12:00:00+00:00,76756.0,76828.0,76677.0,76735.0,8.79402,639
2026-09-13 13:00:00+00:00,76736.0,76880.0,76554.0,76822.0,7.92387,609
2026-09-13 14:00:00+00:00,76823.0,77237.0,76822.0,77195.0,8.31112,680
2026-09-13 15:00:00+00:00,77196.0,77196.0,77002.0,77114.0,9.72086,654
2026-09-13 16:00:00+00:00,77115.0,77328.0,77114.0,77260.0,17.11164,795
2026-09-13 17:00:00+00:00,77261.0,77388.0,77213.0,77302.0,4.48181,583
2026-09-13 18:00:00+00:00,77303.0,77353.0,77280.0,77315.0,11.29296,687
2026-09-13 19:00:00+00:00,77316.0,77371.0,77200.0,77255.0,6.26356,673
2026-09-13 20:00:00+00:00,77256.0,77338.0,77226.0,77310.0,2.57377,542
2026-09-13 21:00:00+00:00,77316.0,77414.0,77271.0,77280.0,5.229,774
2026-09-13 22:00:00+00:00,77280.0,77280.0,76640.0,76676.0,8.38616,743
2026-09-13 23:00:00+00:00,76680.0,76831.0,76600.0,76794.0,5.54805,625
2026-09-14 00:00:00+00:00,76794.0,77025.0,76386.0,76784.0,24.81313,1002
2026-09-14 01:00:00+00:00,76785.0,77136.0,76617.0,77087.0,8.0156,868
2026-09-14 02:00:00+00:00,77088.0,77685.0,76998.0,77592.0,16.13181,896
2026-09-14 03:00:00+00:00,77592.0,77833.0,77472.0,77573.0,15.22323,642
2026-09-14 04:00:00+00:00,77578.0,77679.0,77513.0,77663.0,2.83412,441
2026-09-14 05:00:00+00:00,77663.0,77663.0,77464.0,77568.0,23.86645,595
2026-09-14 06:00:00+00:00,77569.0,77854.0,77341.0,77562.0,19.77692,988
2026-09-14 07:00:00+00:00,77562.0,77872.0,77499.0,77872.0,18.60982,670
2026-09-14 08:00:00+00:00,77872.0,77947.0,77641.0,77716.0,6.92451,516
2026-09-14 09:00:00+00:00,77717.0,78338.0,77570.0,78101.0,15.80259,784
2026-09-14 10:00:00+00:00,78124.0,78140.0,77871.0,77880.0,12.16333,494
2026-09-14 11:00:00+00:00,77875.0,77898.0,77663.0,77752.0,19.2261,529
2026-09-14 12:00:00+00:00,77746.0,78058.0,77619.0,77663.0,8.97671,409
2026-09-14 13:00:00+00:00,77671.0,78459.0,77467.0,78208.0,15.82438,723
2026-09-14 14:00:00+00:00,78150.0,78660.0,78149.0,78523.0,22.34892,778
2026-09-14 15:00:00+00:00,78491.0,78650.0,78268.0,78553.0,16.81785,684
2026-09-14 16:00:00+00:00,78548.0,78870.0,78403.0,78747.0,21.7578,821
2026-09-14 17:00:00+00:00,78748.0,79014.0,78700.0,78926.0,20.64,977
2026-09-14 18:00:00+00:00,78927.0,79319.0,78832.0,79214.0,26.30491,1097
2026-09-14 19:00:00+00:00,79215.0,79220.0,78956.0,78985.0,7.00208,796
2026-09-14 20:00:00+00:00,78986.0,79588.0,78983.0,79090.0,30.80833,1257
2026-09-14 21:00:00+00:00,79094.0,79094.0,78743.0,78756.0,19.32057,781
2026-09-14 22:00:00+00:00,78756.0,78838.0,78504.0,78535.0,15.82309,625
2026-09-14 23:00:00+00:00,78536.0,78558.0,78133.0,78184.0,4.20978,700
2026-09-15 00:00:00+00:00,78184.0,78248.0,77938.0,77949.0,5.11995,853
2026-09-15 01:00:00+00:00,77950.0,78049.0,77737.0,77902.0,4.82098,666
2026-09-15 02:00:00+00:00,77903.0,78005.0,77789.0,77892.0,5.70413,583
2026-09-15 03:00:00+00:00,77892.0,77892.0,77647.0,77647.0,9.43885,659
2026-09-15 04:00:00+00:00,77671.0,77734.0,77534.0,77557.0,7.0165,776
2026-09-15 05:00:00+00:00,77558.0,77667.0,77287.0,77620.0,8.67959,736
2026-09-15 06:00:00+00:00,77621.0,77716.0,77145.0,77249.0,34.0749,802
2026-09-15 07:00:00+00:00,77250.0,77287.0,76840.0,76875.0,51.07894,896
2026-09-15 08:00:00+00:00,76881.0,76958.0,76668.0,76957.0,50.24014,943
2026-09-15 09:00:00+00:00,76951.0,77010.0,76830.0,76941.0,65.9651,767
2026-09-15 10:00:00+00:00,76942.0,77131.0,76831.0,77008.0,16.08269,545
2026-09-15 11:00:00+00:00,77008.0,77175.0,76817.0,76900.0,7.00359,428
2026-09-15 12:00:00+00:00,76900.0,77097.0,76815.0,76937.0,11.10287,554
2026-09-15 13:00:00+00:00,76930.0,77096.0,76124.0,76565.0,49.93115,1393
2026-09-15 14:00:00+00:00,76569.0,76647.0,75578.0,75901.0,32.19428,1740
2026-09-15 15:00:00+00:00,75904.0,76549.0,75798.0,76467.0,23.08701,1209
2026-09-15 16:00:00+00:00,76467.0,76519.0,76224.0,76337.0,8.19659,831
2026-09-15 17:00:00+00:00,76329.0,77270.0,76136.0,76912.0,23.33832,1173
2026-09-15 18:00:00+00:00,76913.0,77134.0,74934.0,75978.0,115.2411,3728
2026-09-15 19:00:00+00:00,75949.0,76259.0,75783.0,76144.0,48.66291,1552
2026-09-15 20:00:00+00:00,76150.0,76198.0,75576.0,75888.0,31.3733,1246
2026-09-15 21:00:00+00:00,75888.0,75915.0,75360.0,75427.0,11.72321,799
2026-09-15 22:00:00+00:00,75428.0,75694.0,75100.0,75611.0,19.16343,1034
2026-09-15 23:00:00+00:00,75611.0,75889.0,75514.0,75574.0,6.8182,863
2026-09-16 00:00:00+00:00,75589.0,75866.0,75528.0,75730.0,14.6508,863
2026-09-16 01:00:00+00:00,75721.0,75907.0,75416.0,75448.0,3.44364,716
2026-09-16 02:00:00+00:00,75448.0,76050.0,75439.0,75839.0,8.0309,783
2026-09-16 03:00:00+00:00,75840.0,76040.0,75713.0,75772.0,6.8074,657
2026-09-16 04:00:00+00:00,75773.0,75981.0,75757.0,75814.0,1.78258,532
2026-09-16 05:00:00+00:00,75812.0,75930.0,75630.0,75925.0,3.39425,560
2026-09-16 06:00:00+00:00,75921.0,75989.0,75784.0,75982.0,16.9326,607
2026-09-16 07:00:00+00:00,75979.0,76033.0,75680.0,75708.0,10.90972,523
2026-09-16 08:00:00+00:00,75708.0,75708.0,75311.0,75682.0,10.07196,705
2026-09-16 09:00:00+00:00,75683.0,75942.0,75673.0,75939.0,6.31079,515
2026-09-16 10:00:00+00:00,75937.0,75984.0,75809.0,75856.0,56.54509,851
2026-09-16 11:00:00+00:00,75926.0,76238.0,75633.0,76194.0,53.35537,1355
2026-09-16 12:00:00+00:00,76192.0,76246.0,75771.0,75894.0,163.48861,1621
2026-09-16 13:00:00+00:00,75924.0,75924.0,75527.0,75598.0,121.54302,2977
2026-09-16 14:00:00+00:00,75598.0,75764.0,75377.0,75639.0,31.1204,1124
2026-09-16 15:00:00+00:00,75639.0,75909.0,75515.0,75747.0,15.34484,971
2026-09-16 16:00:00+00:00,75763.0,75844.0,75611.0,75704.0,62.43213,873
2026-09-16 17:00:00+00:00,75696.0,75844.0,75299.0,75643.0,22.10527,1015
2026-09-16 18:00:00+00:00,75680.0,76467.0,74890.0,75544.0,147.51118,3660
2026-09-16 19:00:00+00:00,75583.0,76101.0,75188.0,76018.0,23.66468,1290
2026-09-16 20:00:00+00:00,76018.0,76330.0,75955.0,76117.0,20.85948,908
2026-09-16 21:00:00+00:00,76118.0,76156.0,75884.0,75924.0,13.80497,802
2026-09-16 22:00:00+00:00,75927.0,75939.0,75587.0,75622.0,11.51036,811
2026-09-16 23:00:00+00:00,75622.0,76223.0,75589.0,76167.0,23.14699,774
2026-09-17 00:00:00+00:00,76168.0,76450.0,76146.0,76277.0,16.80513,873
2026-09-17 01:00:00+00:00,76278.0,76715.0,76158.0,76313.0,13.81427,951
2026-09-17 02:00:00+00:00,76313.0,76410.0,76013.0,76305.0,8.79516,764
2026-09-17 03:00:00+00:00,76310.0,76484.0,76304.0,76373.0,17.79664,926
2026-09-17 04:00:00+00:00,76382.0,76521.0,76128.0,76488.0,6.95892,776
2026-09-17 05:00:00+00:00,76482.0,76565.0,76236.0,76255.0,12.62206,915
2026-09-17 06:00:00+00:00,76254.0,76536.0,76232.0,76414.0,9.53581,976
2026-09-17 07:00:00+00:00,76413.0,76602.0,76269.0,76371.0,116.68675,1814
2026-09-17 08:00:00+00:00,76376.0,76518.0,76321.0,76499.0,25.03297,1039
2026-09-17 09:00:00+00:00,76498.0,76688.0,76408.0,76409.0,11.87208,965
2026-09-17 10:00:00+00:00,76403.0,76407.0,76200.0,76339.0,9.08022,913
2026-09-17 11:00:00+00:00,76335.0,76398.0,76096.0,76398.0,85.59661,1665
2026-09-17 12:00:00+00:00,76398.0,77087.0,76330.0,76667.0,52.64261,1638
2026-09-17 13:00:00+00:00,76661.0,76820.0,75952.0,76633.0,39.27116,1559
2026-09-17 14:00:00+00:00,76633.0,77000.0,76335.0,76449.0,14.17446,1343
2026-09-17 15:00:00+00:00,76436.0,76787.0,76212.0,76677.0,44.37944,1524
2026-09-17 16:00:00+00:00,76697.0,76747.0,76469.0,76668.0,60.18104,1598
2026-09-17 17:00:00+00:00,76677.0,76894.0,76503.0,76601.0,123.47463,2262
2026-09-17 18:00:00+00:00,76601.0,76727.0,76406.0,76497.0,93.21078,1715
2026-09-17 19:00:00+00:00,76496.0,76611.0,76393.0,76535.0,52.40087,1506
2026-09-17 20:00:00+00:00,76524.0,76669.0,76430.0,76501.0,7.69223,947
2026-09-17 21:00:00+00:00,76501.0,76547.0,76353.0,76361.0,9.47277,1096
2026-09-17 22:00:00+00:00,76352.0,76405.0,76200.0,76359.0,4.89676,982
2026-09-17 23:00:00+00:00,76359.0,76446.0,76329.0,76352.0,6.92441,803
2026-09-18 00:00:00+00:00,76352.0,76530.0,76224.0,76530.0,6.73694,874
2026-09-18 01:00:00+00:00,76529.0,76704.0,76452.0,76667.0,6.78307,879
2026-09-18 02:00:00+00:00,76667.0,76960.0,76582.0,76913.0,14.1705,924
2026-09-18 03:00:00+00:00,76913.0,77529.0,76902.0,77309.0,24.36229,1448
2026-09-18 04:00:00+00:00,77311.0,77500.0,77169.0,77500.0,11.94558,1340
2026-09-18 05:00:00+00:00,77504.0,77642.0,77387.0,77436.0,11.01298,1376
2026-09-18 06:00:00+00:00,77435.0,77615.0,77343.0,77526.0,11.67502,931
2026-09-18 07:00:00+00:00,77507.0,77780.0,77503.0,77721.0,29.1937,1413
2026-09-18 08:00:00+00:00,77745.0,78216.0,77607.0,78216.0,21.20933,1226
2026-09-18 09:00:00+00:00,78219.0,78407.0,77958.0,78149.0,25.11186,1288
2026-09-18 10:00:00+00:00,78149.0,78300.0,78050.0,78232.0,20.91571,947
2026-09-18 11:00:00+00:00,78228.0,78357.0,77971.0,78000.0,12.09237,986
2026-09-18 12:00:00+00:00,78021.0,78122.0,77926.0,77988.0,19.61695,960
2026-09-18 13:00:00+00:00,77986.0,80429.0,77924.0,79999.0,40.02324,2410
2026-09-18 14:00:00+00:00,80006.0,80932.0,80006.0,80904.0,78.98942,2809
2026-09-18 15:00:00+00:00,80911.0,81093.0,80477.0,80671.0,108.30643,2260
2026-09-18 16:00:00+00:00,80697.0,81226.0,80535.0,80795.0,277.16146,3584
2026-09-18 17:00:00+00:00,80795.0,80982.0,80543.0,80982.0,33.00769,1430
2026-09-18 18:00:00+00:00,80923.0,81118.0,80776.0,80912.0,96.94448,1709
2026-09-18 19:00:00+00:00,80925.0,81364.0,80877.0,81210.0,51.448,1642
2026-09-18 20:00:00+00:00,81194.0,81222.0,80921.0,81108.0,22.66338,1222
2026-09-18 21:00:00+00:00,81141.0,81286.0,81095.0,81235.0,25.27447,1257
2026-09-18 22:00:00+00:00,81235.0,81375.0,81090.0,81144.0,13.38346,1384
2026-09-18 23:00:00+00:00,81154.0,81215.0,80867.0,80898.0,19.46241,1370
2026-09-19 00:00:00+00:00,80897.0,81651.0,80848.0,81650.0,32.31287,1573
2026-09-19 01:00:00+00:00,81651.0,81725.0,81033.0,81259.0,18.32861,1585
2026-09-19 02:00:00+00:00,81265.0,81416.0,81235.0,81261.0,17.33871,1247
2026-09-19 03:00:00+00:00,81277.0,81375.0,81104.0,81115.0,11.62402,1270
2026-09-19 04:00:00+00:00,81115.0,81205.0,80903.0,81003.0,9.22829,1231
2026-09-19 05:00:00+00:00,81003.0,81132.0,81003.0,81037.0,9.377,901
2026-09-19 06:00:00+00:00,81032.0,81083.0,80910.0,81023.0,4.89633,869
2026-09-19 07:00:00+00:00,81022.0,81232.0,81016.0,81079.0,6.53358,873
2026-09-19 08:00:00+00:00,81084.0,81383.0,81054.0,81299.0,10.15212,1068
2026-09-19 09:00:00+00:00,81299.0,81499.0,81241.0,81318.0,6.99948,1050
2026-09-19 10:00:00+00:00,81307.0,81315.0,81194.0,81195.0,8.9402,811
2026-09-19 11:00:00+00:00,81194.0,81348.0,81193.0,81292.0,13.5447,742
2026-09-19 12:00:00+00:00,81292.0,81346.0,81198.0,81316.0,5.37932,618
2026-09-19 13:00:00+00:00,81299.0,81341.0,81168.0,81331.0,18.6774,783
2026-09-19 14:00:00+00:00,81332.0,81607.0,81313.0,81549.0,9.43306,899
2026-09-19 15:00:00+00:00,81549.0,81917.0,81548.0,81614.0,15.03878,1003
2026-09-19 16:00:00+00:00,81628.0,81880.0,81471.0,81810.0,7.87838,848
2026-09-19 17:00:00+00:00,81811.0,81825.0,81434.0,81459.0,11.86112,868
2026-09-19 18:00:00+00:00,81457.0,81547.0,81329.0,81428.0,11.13686,818
2026-09-19 19:00:00+00:00,81428.0,81459.0,81300.0,81341.0,7.01993,732
2026-09-19 20:00:00+00:00,81354.0,81424.0,81051.0,81120.0,121.24314,1831
2026-09-19 21:00:00+00:00,81121.0,81198.0,80826.0,81065.0,103.15447,1782
2026-09-19 22:00:00+00:00,81066.0,81228.0,80933.0,81225.0,3.37082,705
2026-09-19 23:00:00+00:00,81225.0,81344.0,81188.0,81241.0,15.54998,793
2026-09-20 00:00:00+00:00,81241.0,81316.0,81194.0,81275.0,6.47362,799
2026-09-20 01:00:00+00:00,81274.0,81275.0,81004.0,81081.0,4.75642,707
2026-09-20 02:00:00+00:00,81078.0,81138.0,80251.0,80309.0,23.34973,1274
2026-09-20 03:00:00+00:00,80313.0,80505.0,80117.0,80463.0,12.67451,915
2026-09-20 04:00:00+00:00,80489.0,80515.0,80300.0,80408.0,12.86081,878
2026-09-20 05:00:00+00:00,80416.0,80600.0,80386.0,80466.0,3.60149,722
2026-09-20 06:00:00+00:00,80467.0,80594.0,80213.0,80293.0,4.36587,759
2026-09-20 07:00:00+00:00,80293.0,80393.0,80267.0,80300.0,5.63842,588
2026-09-20 08:00:00+00:00,80300.0,80444.0,80162.0,80247.0,14.90125,607
2026-09-20 09:00:00+00:00,80246.0,80559.0,80241.0,80451.0,7.44079,603
2026-09-20 10:00:00+00:00,80452.0,80495.0,80293.0,80293.0,7.51155,593
2026-09-20 11:00:00+00:00,80290.0,80504.0,80267.0,80455.0,5.41807,519
2026-09-20 12:00:00+00:00,80456.0,80488.0,79600.0,80443.0,78.98877,2475
2026-09-20 13:00:00+00:00,80442.0,80602.0,80396.0,80523.0,102.22867,1773
2026-09-20 14:00:00+00:00,80524.0,80737.0,80400.0,80635.0,134.94429,2018
2026-09-20 15:00:00+00:00,80636.0,80925.0,80634.0,80876.0,109.61505,1734
2026-09-20 16:00:00+00:00,80884.0,81450.0,80789.0,81298.0,24.61281,1396
2026-09-20 17:00:00+00:00,81303.0,81408.0,81037.0,81112.0,39.65356,1622
2026-09-20 18:00:00+00:00,81112.0,81288.0,81005.0,81009.0,19.16619,990
2026-09-20 19:00:00+00:00,81013.0,81280.0,81013.0,81154.0,17.48419,980
2026-09-20 20:00:00+00:00,81158.0,81203.0,81054.0,81072.0,10.29656,847
2026-09-20 21:00:00+00:00,81070.0,81071.0,80557.0,80907.0,32.86996,1267
2026-09-20 22:00:00+00:00,80907.0,81272.0,80768.0,81206.0,14.73782,959
2026-09-20 23:00:00+00:00,81205.0,81320.0,81111.0,81164.0,12.47127,1258
2026-09-21 00:00:00+00:00,81163.0,81828.0,81155.0,81620.0,32.87298,1583
2026-09-21 01:00:00+00:00,81620.0,82075.0,80856.0,80980.0,25.80352,1535
2026-09-21 02:00:00+00:00,80984.0,81491.0,80921.0,81299.0,10.11717,857
2026-09-21 03:00:00+00:00,81300.0,81550.0,81222.0,81414.0,14.49935,698
2026-09-21 04:00:00+00:00,81414.0,81499.0,81222.0,81386.0,5.86189,590
2026-09-21 05:00:00+00:00,81385.0,81776.0,81302.0,81552.0,22.05656,761
2026-09-21 06:00:00+00:00,81565.0,81857.0,81406.0,81643.0,34.77365,1000
2026-09-21 07:00:00+00:00,81636.0,81721.0,81468.0,81706.0,9.51608,729
2026-09-21 08:00:00+00:00,81715.0,84157.0,81715.0,83753.0,164.96903,4363
2026-09-21 09:00:00+00:00,83749.0,85274.0,83678.0,84652.0,127.87552,3187
2026-09-21 10:00:00+00:00,84656.0,84804.0,84150.0,84436.0,99.88026,2100
2026-09-21 11:00:00+00:00,84435.0,84900.0,84414.0,84864.0,34.53366,1219
2026-09-21 12:00:00+00:00,84861.0,85418.0,84817.0,85333.0,70.81098,2034
2026-09-21 13:00:00+00:00,85332.0,85804.0,84797.0,85411.0,44.98689,2144
2026-09-21 14:00:00+00:00,85428.0,86108.0,85033.0,85831.0,48.91873,2327
2026-09-21 15:00:00+00:00,85826.0,86334.0,85796.0,85928.0,149.77921,2713
2026-09-21 16:00:00+00:00,85921.0,86100.0,85170.0,85933.0,91.64672,3040
2026-09-21 17:00:00+00:00,85934.0,86025.0,85566.0,85792.0,151.04833,6918
2026-09-21 18:00:00+00:00,85792.0,85991.0,85214.0,85939.0,226.11331,11813
2026-09-21 19:00:00+00:00,85942.0,86876.0,85879.0,86501.0,133.9245,3484
2026-09-21 20:00:00+00:00,86524.0,87413.0,86524.0,86994.0,72.39337,2394
2026-09-21 21:00:00+00:00,86949.0,86959.0,86534.0,86562.0,16.66193,1661
2026-09-21 22:00:00+00:00,86564.0,86736.0,86284.0,86425.0,20.05363,1416
2026-09-21 23:00:00+00:00,86402.0,86673.0,86333.0,86588.0,40.03209,1292
2026-09-22 00:00:00+00:00,86587.0,86600.0,85836.0,85872.0,39.69412,1480
2026-09-22 01:00:00+00:00,85924.0,85947.0,85393.0,85585.0,40.42589,1475
2026-09-22 02:00:00+00:00,85587.0,85833.0,85375.0,85697.0,32.74557,1175
2026-09-22 03:00:00+00:00,85690.0,85724.0,85290.0,85658.0,25.93546,1042
2026-09-22 04:00:00+00:00,85657.0,85698.0,85407.0,85411.0,14.66129,830
2026-09-22 05:00:00+00:00,85425.0,85567.0,85105.0,85384.0,15.11354,947
2026-09-22 06:00:00+00:00,85384.0,85550.0,85235.0,85366.0,17.38643,819
2026-09-22 07:00:00+00:00,85365.0,85482.0,85146.0,85317.0,20.1487,1271
2026-09-22 08:00:00+00:00,85326.0,86340.0,85297.0,86192.0,31.94961,1671
2026-09-22 09:00:00+00:00,86192.0,86246.0,85671.0,86222.0,48.23195,1715
2026-09-22 10:00:00+00:00,86231.0,86235.0,85767.0,85905.0,20.81394,1215
2026-09-22 11:00:00+00:00,85904.0,86115.0,85767.0,85966.0,22.04396,1106
2026-09-22 12:00:00+00:00,85967.0,86150.0,85776.0,86016.0,45.33068,1225
2026-09-22 13:00:00+00:00,86017.0,86338.0,85572.0,86304.0,24.67825,1273
2026-09-22 14:00:00+00:00,86284.0,86424.0,85444.0,86233.0,36.51484,1607
2026-09-22 15:00:00+00:00,86233.0,86704.0,86115.0,86408.0,19.02649,1384
2026-09-22 16:00:00+00:00,86403.0,86578.0,86075.0,86438.0,11.43923,1047
2026-09-22 17:00:00+00:00,86438.0,86659.0,86254.0,86572.0,11.19531,1073
2026-09-22 18:00:00+00:00,86584.0,86663.0,86250.0,86463.0,5.3444,1070
2026-09-22 19:00:00+00:00,86484.0,86592.0,86167.0,86234.0,6.9468,902
2026-09-22 20:00:00+00:00,86223.0,86393.0,86154.0,86262.0,19.71043,992
2026-09-22 21:00:00+00:00,86280.0,86363.0,86186.0,86186.0,6.61237,863
2026-09-22 22:00:00+00:00,86190.0,86291.0,86007.0,86115.0,6.45046,955
2026-09-22 23:00:00+00:00,86123.0,86500.0,86076.0,86198.0,22.93147,1212
2026-09-23 00:00:00+00:00,86200.0,86590.0,86128.0,86461.0,3.13572,1511
2026-09-23 01:00:00+00:00,86458.0,86827.0,86187.0,86373.0,8.00253,1084
2026-09-23 02:00:00+00:00,86368.0,86625.0,86266.0,86550.0,6.35873,940
2026-09-23 03:00:00+00:00,86539.0,86942.0,86421.0,86706.0,12.8487,1023
2026-09-23 04:00:00+00:00,86706.0,87280.0,86635.0,87163.0,9.43281,1236
2026-09-23 05:00:00+00:00,87162.0,87163.0,86424.0,86492.0,17.64775,1199
2026-09-23 06:00:00+00:00,86492.0,86605.0,86378.0,86456.0,8.84845,918
2026-09-23 07:00:00+00:00,86455.0,86455.0,86000.0,86135.0,8.59133,1050
2026-09-23 08:00:00+00:00,86159.0,86278.0,85700.0,85910.0,8.98577,1125
2026-09-23 09:00:00+00:00,85910.0,86016.0,85739.0,85844.0,7.23559,959
2026-09-23 10:00:00+00:00,85844.0,85921.0,85659.0,85916.0,2.63591,936
2026-09-23 11:00:00+00:00,85910.0,85960.0,85438.0,85630.0,9.52831,1104
2026-09-23 12:00:00+00:00,85630.0,85658.0,85250.0,85464.0,26.90131,1125
2026-09-23 13:00:00+00:00,85478.0,85846.0,85274.0,85771.0,43.82536,1620
2026-09-23 14:00:00+00:00,85772.0,85909.0,83896.0,84535.0,82.196,2943
2026-09-23 15:00:00+00:00,84535.0,84804.0,83969.0,84003.0,42.25762,1364
2026-09-23 16:00:00+00:00,84003.0,84371.0,83563.0,84051.0,35.75791,1776
2026-09-23 17:00:00+00:00,84050.0,84365.0,83738.0,84306.0,19.23529,1395
2026-09-23 18:00:00+00:00,84306.0,84391.0,84118.0,84306.0,28.01612,1237
2026-09-23 19:00:00+00:00,84310.0,84559.0,84207.0,84510.0,13.39734,1094
2026-09-23 20:00:00+00:00,84535.0,84538.0,84212.0,84234.0,12.04328,1163
2026-09-23 21:00:00+00:00,84233.0,84488.0,84211.0,84405.0,15.81727,1244
2026-09-23 22:00:00+00:00,84408.0,84640.0,84327.0,84551.0,16.90571,1057
2026-09-23 23:00:00+00:00,84544.0,84563.0,84331.0,84378.0,8.86803,984
2026-09-24 00:00:00+00:00,84377.0,84477.0,84211.0,84305.0,15.97059,1104
2026-09-24 01:00:00+00:00,84301.0,84450.0,84052.0,84091.0,29.78756,1341
2026-09-24 02:00:00+00:00,84090.0,84345.0,83740.0,84344.0,50.01739,1487
2026-09-24 03:00:00+00:00,84343.0,84451.0,83834.0,83926.0,20.57052,1165
2026-09-24 04:00:00+00:00,83931.0,84044.0,83776.0,84028.0,6.90113,954
2026-09-24 05:00:00+00:00,84028.0,84365.0,83952.0,83959.0,5.90932,1042
2026-09-24 06:00:00+00:00,83960.0,84224.0,83905.0,84097.0,5.08839,902
2026-09-24 07:00:00+00:00,84096.0,84593.0,83944.0,84514.0,11.48342,1035
2026-09-24 08:00:00+00:00,84514.0,84610.0,83326.0,83646.0,39.99296,1867
2026-09-24 09:00:00+00:00,83647.0,83727.0,82893.0,83234.0,65.2476,1703
2026-09-24 10:00:00+00:00,83233.0,83541.0,83132.0,83502.0,11.8122,899
2026-09-24 11:00:00+00:00,83501.0,83582.0,83383.0,83465.0,8.77423,826
2026-09-24 12:00:00+00:00,83459.0,83647.0,83316.0,83580.0,12.84885,986
2026-09-24 13:00:00+00:00,83581.0,84321.0,83581.0,84237.0,10.69306,1184
2026-09-24 14:00:00+00:00,84236.0,84909.0,83381.0,83668.0,25.38978,1762
2026-09-24 15:00:00+00:00,83658.0,84445.0,83505.0,84409.0,13.24456,1159
2026-09-24 16:00:00+00:00,84417.0,84900.0,84036.0,84495.0,42.13526,1550
2026-09-24 17:00:00+00:00,84456.0,84553.0,84009.0,84109.0,21.84197,960
2026-09-24 18:00:00+00:00,84096.0,84525.0,83881.0,84469.0,9.10689,794
2026-09-24 19:00:00+00:00,84469.0,84632.0,84284.0,84395.0,9.27755,893
2026-09-24 20:00:00+00:00,84405.0,84459.0,84167.0,84360.0,8.62481,891
2026-09-24 21:00:00+00:00,84360.0,84486.0,84279.0,84348.0,11.75911,811
2026-09-24 22:00:00+00:00,84330.0,84362.0,83958.0,84275.0,5.75527,809
2026-09-24 23:00:00+00:00,84275.0,84456.0,84256.0,84392.0,8.38074,753
2026-09-25 00:00:00+00:00,84391.0,84702.0,84383.0,84580.0,6.43292,868
2026-09-25 01:00:00+00:00,84586.0,84765.0,84360.0,84606.0,5.55339,814
2026-09-25 02:00:00+00:00,84594.0,84874.0,84162.0,84205.0,10.2622,913
2026-09-25 03:00:00+00:00,84185.0,84361.0,84061.0,84220.0,6.44887,793
2026-09-25 04:00:00+00:00,84220.0,84283.0,84050.0,84195.0,15.67895,819
2026-09-25 05:00:00+00:00,84194.0,84323.0,84100.0,84183.0,8.66047,781
2026-09-25 06:00:00+00:00,84184.0,84265.0,83927.0,84024.0,16.3745,1116
2026-09-25 07:00:00+00:00,84023.0,84083.0,83744.0,84024.0,20.08355,1252
2026-09-25 08:00:00+00:00,84024.0,84472.0,84024.0,84394.0,30.11173,1073
2026-09-25 09:00:00+00:00,84394.0,84850.0,84393.0,84579.0,22.69247,830
2026-09-25 10:00:00+00:00,84579.0,84861.0,84404.0,84705.0,23.41714,829
2026-09-25 11:00:00+00:00,84705.0,85250.0,84595.0,84595.0,26.02079,1116
2026-09-25 12:00:00+00:00,84595.0,84707.0,83911.0,84470.0,20.40686,1049
2026-09-25 13:00:00+00:00,84468.0,84579.0,83563.0,83916.0,31.93486,1297
2026-09-25 14:00:00+00:00,83923.0,84025.0,83200.0,84011.0,18.63201,1347
2026-09-25 15:00:00+00:00,84009.0,84084.0,83350.0,83769.0,12.99549,1150
2026-09-25 16:00:00+00:00,83770.0,84100.0,83708.0,83729.0,19.01291,1130
2026-09-25 17:00:00+00:00,83729.0,83972.0,83607.0,83768.0,9.93596,747
2026-09-25 18:00:00+00:00,83777.0,84062.0,83776.0,83951.0,6.58145,688
2026-09-25 19:00:00+00:00,83965.0,84057.0,83914.0,84018.0,7.82487,808
2026-09-25 20:00:00+00:00,84003.0,84185.0,83843.0,83886.0,14.50072,833
2026-09-25 21:00:00+00:00,83887.0,83921.0,83623.0,83786.0,11.17763,846
2026-09-25 22:00:00+00:00,83785.0,84098.0,83758.0,84070.0,6.7458,800
2026-09-25 23:00:00+00:00,84058.0,84098.0,84001.0,84075.0,5.95657,769
2026-09-26 00:00:00+00:00,84074.0,84110.0,83779.0,83898.0,12.33608,1000
2026-09-26 01:00:00+00:00,83899.0,84077.0,83898.0,84067.0,8.54621,899
2026-09-26 02:00:00+00:00,84068.0,84121.0,83983.0,84011.0,4.25784,724
2026-09-26 03:00:00+00:00,84011.0,84041.0,83900.0,83941.0,9.01765,790
2026-09-26 04:00:00+00:00,83942.0,84034.0,83858.0,83974.0,1.35862,741
2026-09-26 05:00:00+00:00,83979.0,84008.0,83879.0,83920.0,3.25192,707
2026-09-26 06:00:00+00:00,83920.0,83971.0,83865.0,83893.0,4.38489,695
2026-09-26 07:00:00+00:00,83899.0,84110.0,83898.0,84102.0,15.87405,877
2026-09-26 08:00:00+00:00,84102.0,84265.0,84020.0,84227.0,18.31424,1051
2026-09-26 09:00:00+00:00,84227.0,84228.0,83969.0,84017.0,5.20798,767
2026-09-26 10:00:00+00:00,84026.0,84195.0,84025.0,84187.0,5.05387,637
2026-09-26 11:00:00+00:00,84187.0,84207.0,84139.0,84190.0,3.66151,641
2026-09-26 12:00:00+00:00,84190.0,84195.0,84058.0,84070.0,4.05963,695
2026-09-26 13:00:00+00:00,84069.0,84131.0,83861.0,83945.0,10.24613,814
2026-09-26 14:00:00+00:00,83947.0,84057.0,83911.0,84036.0,3.42463,648
2026-09-26 15:00:00+00:00,84035.0,84192.0,84018.0,84154.0,1.36893,595
2026-09-26 16:00:00+00:00,84154.0,84169.0,84092.0,84122.0,2.06784,586
2026-09-26 17:00:00+00:00,84123.0,84144.0,84032.0,84136.0,5.97254,659
2026-09-26 18:00:00+00:00,84136.0,84163.0,83995.0,84010.0,5.31352,629
2026-09-26 19:00:00+00:00,84010.0,84060.0,83975.0,84009.0,1.75702,601
2026-09-26 20:00:00+00:00,84008.0,84088.0,83843.0,84029.0,3.17952,639
2026-09-26 21:00:00+00:00,84028.0,84249.0,84022.0,84142.0,2.27937,602
2026-09-26 22:00:00+00:00,84141.0,84395.0,84141.0,84284.0,1.26169,650
2026-09-26 23:00:00+00:00,84283.0,84449.0,84283.0,84425.0,4.71027,640
2026-09-27 00:00:00+00:00,84417.0,84434.0,84266.0,84296.0,4.08383,582
2026-09-27 01:00:00+00:00,84296.0,84549.0,84268.0,84479.0,5.17486,750
2026-09-27 02:00:00+00:00,84479.0,84529.0,84429.0,84455.0,5.65554,628
2026-09-27 03:00:00+00:00,84455.0,84508.0,84358.0,84374.0,1.4002,630
2026-09-27 04:00:00+00:00,84374.0,84497.0,84297.0,84330.0,2.67001,569
2026-09-27 05:00:00+00:00,84329.0,84621.0,84308.0,84471.0,9.8541,614
2026-09-27 06:00:00+00:00,84449.0,84613.0,84449.0,84499.0,5.99944,608
2026-09-27 07:00:00+00:00,84491.0,84769.0,84456.0,84762.0,17.00092,684
2026-09-27 08:00:00+00:00,84763.0,84863.0,84677.0,84773.0,3.43319,759
2026-09-27 09:00:00+00:00,84774.0,84943.0,84575.0,84934.0,4.62539,783
2026-09-27 10:00:00+00:00,84919.0,85100.0,84800.0,84884.0,19.91468,1004
2026-09-27 11:00:00+00:00,84860.0,84955.0,84841.0,84902.0,3.5197,658
2026-09-27 12:00:00+00:00,84903.0,85025.0,84801.0,84801.0,4.93279,684
2026-09-27 13:00:00+00:00,84795.0,85152.0,84638.0,85034.0,11.11861,880
2026-09-27 14:00:00+00:00,85033.0,85062.0,84464.0,84560.0,29.38964,1087
2026-09-27 15:00:00+00:00,84539.0,84646.0,84378.0,84463.0,27.0225,1063
2026-09-27 16:00:00+00:00,84463.0,84677.0,84381.0,84430.0,16.35987,811
2026-09-27 17:00:00+00:00,84431.0,84583.0,84331.0,84580.0,37.701,1086
2026-09-27 18:00:00+00:00,84579.0,84825.0,84564.0,84825.0,14.8252,787
2026-09-27 19:00:00+00:00,84823.0,84855.0,84669.0,84745.0,26.73852,889
2026-09-27 20:00:00+00:00,84746.0,84816.0,84585.0,84635.0,50.57746,1260
2026-09-27 21:00:00+00:00,84634.0,84733.0,84470.0,84686.0,58.07166,985
2026-09-27 22:00:00+00:00,84723.0,84754.0,84141.0,84193.0,11.65385,690
2026-09-27 23:00:00+00:00,84194.0,84533.0,84141.0,84456.0,12.22231,547
2026-09-28 00:00:00+00:00,84467.0,84985.0,84133.0,84133.0,20.2813,1024
2026-09-28 01:00:00+00:00,84133.0,84233.0,83622.0,83697.0,11.07864,857
2026-09-28 02:00:00+00:00,83663.0,83762.0,83395.0,83396.0,21.43031,884
2026-09-28 03:00:00+00:00,83411.0,83522.0,83224.0,83326.0,18.6974,813
2026-09-28 04:00:00+00:00,83323.0,83499.0,83239.0,83481.0,8.49761,526
2026-09-28 05:00:00+00:00,83468.0,83500.0,82712.0,83178.0,18.0095,1086
2026-09-28 06:00:00+00:00,83179.0,83288.0,83024.0,83148.0,14.24941,672
2026-09-28 07:00:00+00:00,83149.0,83252.0,82909.0,82964.0,14.93029,573
2026-09-28 08:00:00+00:00,82941.0,83141.0,82778.0,82943.0,14.11845,486
2026-09-28 09:00:00+00:00,82943.0,82973.0,82591.0,82616.0,16.0743,613
2026-09-28 10:00:00+00:00,82667.0,83004.0,82659.0,82927.0,14.01398,643
2026-09-28 11:00:00+00:00,82938.0,83089.0,82938.0,83076.0,19.35878,675
2026-09-28 12:00:00+00:00,83069.0,83638.0,83008.0,83589.0,24.39686,911
2026-09-28 13:00:00+00:00,83581.0,83812.0,83312.0,83636.0,28.72319,1064
2026-09-28 14:00:00+00:00,83636.0,83636.0,82559.0,82995.0,26.11104,1401
2026-09-28 15:00:00+00:00,83004.0,83395.0,82783.0,83373.0,26.24486,1061
2026-09-28 16:00:00+00:00,83361.0,84167.0,83235.0,83697.0,49.64827,1466
2026-09-28 17:00:00+00:00,83721.0,84342.0,83550.0,83859.0,16.83276,1237
2026-09-28 18:00:00+00:00,83860.0,84030.0,83788.0,84019.0,31.03659,1143
2026-09-28 19:00:00+00:00,84011.0,84023.0,83101.0,83365.0,16.80805,1129
2026-09-28 20:00:00+00:00,83367.0,83581.0,83243.0,83506.0,10.80069,876
2026-09-28 21:00:00+00:00,83517.0,83624.0,83177.0,83177.0,17.4109,890
2026-09-28 22:00:00+00:00,83190.0,83521.0,83059.0,83519.0,34.73029,1198
2026-09-28 23:00:00+00:00,83518.0,83601.0,83413.0,83469.0,17.26947,1115
2026-09-29 00:00:00+00:00,83469.0,83599.0,83160.0,83178.0,31.35941,1317
2026-09-29 01:00:00+00:00,83158.0,83228.0,82753.0,83051.0,31.15818,1270
2026-09-29 02:00:00+00:00,83041.0,83099.0,82868.0,82945.0,23.45653,1103
2026-09-29 03:00:00+00:00,82937.0,83177.0,82851.0,83044.0,27.96759,1018
2026-09-29 04:00:00+00:00,83045.0,83270.0,82998.0,83173.0,20.81456,986
2026-09-29 05:00:00+00:00,83173.0,83399.0,82953.0,83398.0,26.21486,1112
2026-09-29 06:00:00+00:00,83399.0,83984.0,83395.0,83982.0,23.03019,1104
2026-09-29 07:00:00+00:00,83982.0,84166.0,83856.0,83957.0,33.7447,1581
2026-09-29 08:00:00+00:00,83957.0,84350.0,83775.0,83858.0,12.24128,2305
2026-09-29 09:00:00+00:00,83858.0,84299.0,83751.0,84235.0,13.17156,2018
2026-09-29 10:00:00+00:00,84235.0,84300.0,83965.0,84014.0,18.28146,1513
2026-09-29 11:00:00+00:00,84014.0,84485.0,83921.0,84340.0,18.56948,1597
2026-09-29 12:00:00+00:00,84340.0,84460.0,84119.0,84331.0,26.17179,1664
2026-09-29 13:00:00+00:00,84322.0,84528.0,84015.0,84213.0,28.24026,1635
2026-09-29 14:00:00+00:00,84207.0,84292.0,83682.0,83748.0,21.37747,1385
2026-09-29 15:00:00+00:00,83749.0,83749.0,82910.0,83036.0,24.69848,1333
2026-09-29 16:00:00+00:00,83057.0,83270.0,82897.0,83043.0,17.94185,930
2026-09-29 17:00:00+00:00,83044.0,83202.0,82950.0,83047.0,3.86068,603
2026-09-29 18:00:00+00:00,83096.0,83673.0,83096.0,83608.0,9.91818,702
2026-09-29 19:00:00+00:00,83608.0,83663.0,83379.0,83541.0,4.28475,722
2026-09-29 20:00:00+00:00,83556.0,83620.0,83467.0,83573.0,10.8761,729
2026-09-29 21:00:00+00:00,83574.0,83574.0,83325.0,83459.0,14.84893,726
2026-09-29 22:00:00+00:00,83459.0,83677.0,83459.0,83560.0,5.90095,647
2026-09-29 23:00:00+00:00,83559.0,83800.0,83559.0,83616.0,2.2381,609
2026-09-30 00:00:00+00:00,83615.0,83682.0,83312.0,83414.0,14.37945,737
2026-09-30 01:00:00+00:00,83412.0,83515.0,83302.0,83420.0,5.72947,597
2026-09-30 02:00:00+00:00,83411.0,83580.0,83255.0,83325.0,13.10608,651
2026-09-30 03:00:00+00:00,83338.0,83375.0,83120.0,83266.0,11.58474,696
2026-09-30 04:00:00+00:00,83265.0,83370.0,83167.0,83167.0,3.60511,550
2026-09-30 05:00:00+00:00,83176.0,83473.0,83158.0,83354.0,11.06044,640
2026-09-30 06:00:00+00:00,83349.0,83410.0,82934.0,82998.0,52.49876,882
2026-09-30 07:00:00+00:00,83003.0,83427.0,82927.0,83266.0,9.49094,431
2026-09-30 08:00:00+00:00,83260.0,83306.0,83005.0,83037.0,3.60552,359
2026-09-30 09:00:00+00:00,83023.0,83754.0,83013.0,83587.0,7.69323,549
2026-09-30 10:00:00+00:00,83594.0,83908.0,83593.0,83879.0,21.40725,576
2026-09-30 11:00:00+00:00,83873.0,83946.0,83666.0,83887.0,13.05789,599
2026-09-30 12:00:00+00:00,83898.0,85491.0,83748.0,85269.0,60.81468,1822
2026-09-30 13:00:00+00:00,85307.0,85608.0,84014.0,84599.0,24.59145,1530
2026-09-30 14:00:00+00:00,84589.0,84600.0,83333.0,83758.0,26.86501,1227
2026-09-30 15:00:00+00:00,83747.0,84235.0,83639.0,84089.0,13.33941,810
2026-09-30 16:00:00+00:00,84099.0,84442.0,84082.0,84291.0,14.2452,647
2026-09-30 17:00:00+00:00,84310.0,84379.0,83881.0,84009.0,12.323,868
2026-09-30 18:00:00+00:00,83989.0,84043.0,83783.0,83921.0,8.43975,735
2026-09-30 19:00:00+00:00,83932.0,83940.0,83457.0,83580.0,4.4475,890
2026-09-30 20:00:00+00:00,83566.0,83727.0,83483.0,83632.0,10.32632,735
2026-09-30 21:00:00+00:00,83663.0,83790.0,83652.0,83712.0,2.1934,735
2026-09-30 22:00:00+00:00,83728.0,83792.0,83551.0,83637.0,2.26378,647
2026-09-30 23:00:00+00:00,83630.0,83777.0,83485.0,83559.0,3.21945,669
2026-10-01 00:00:00+00:00,83559.0,83596.0,83366.0,83448.0,21.94788,945
2026-10-01 01:00:00+00:00,83443.0,83626.0,83423.0,83444.0,3.62546,825
2026-10-01 02:00:00+00:00,83445.0,83600.0,83369.0,83441.0,11.72643,774
2026-10-01 03:00:00+00:00,83432.0,83733.0,83373.0,83702.0,6.51607,708
2026-10-01 04:00:00+00:00,83723.0,84157.0,83670.0,84054.0,23.08726,927
2026-10-01 05:00:00+00:00,84044.0,84333.0,83991.0,84261.0,10.60757,689
2026-10-01 06:00:00+00:00,84262.0,84365.0,84088.0,84091.0,6.3951,664
2026-10-01 07:00:00+00:00,84090.0,84192.0,83307.0,83378.0,11.98368,934
2026-10-01 08:00:00+00:00,83379.0,83531.0,83134.0,83530.0,11.96235,804
2026-10-01 09:00:00+00:00,83528.0,83858.0,83523.0,83736.0,8.10577,733
2026-10-01 10:00:00+00:00,83745.0,84055.0,83393.0,83947.0,6.91766,773
2026-10-01 11:00:00+00:00,83908.0,84004.0,83749.0,83896.0,11.04469,681
2026-10-01 12:00:00+00:00,83901.0,84014.0,83638.0,83702.0,11.66116,765
2026-10-01 13:00:00+00:00,83710.0,83982.0,83423.0,83899.0,28.3966,1022
2026-10-01 14:00:00+00:00,83825.0,84288.0,83531.0,84017.0,19.55528,1301
2026-10-01 15:00:00+00:00,84021.0,84316.0,83783.0,84083.0,17.75008,1170
2026-10-01 16:00:00+00:00,84120.0,84579.0,84024.0,84162.0,19.43506,1212
2026-10-01 17:00:00+00:00,84159.0,85033.0,84151.0,84863.0,28.24493,1193
2026-10-01 18:00:00+00:00,84846.0,85231.0,84655.0,84761.0,17.18382,903
2026-10-01 19:00:00+00:00,84767.0,84872.0,84563.0,84621.0,21.65634,796
2026-10-01 20:00:00+00:00,84645.0,84824.0,84544.0,84613.0,2.90429,668
2026-10-01 21:00:00+00:00,84612.0,84664.0,84490.0,84550.0,18.05962,1106
2026-10-01 22:00:00+00:00,84550.0,84779.0,84540.0,84736.0,6.33972,635
2026-10-01 23:00:00+00:00,84734.0,84877.0,84639.0,84851.0,16.85224,717
2026-10-02 00:00:00+00:00,84850.0,84926.0,84689.0,84766.0,18.94125,944
2026-10-02 01:00:00+00:00,84776.0,84965.0,84520.0,84901.0,7.24612,779
2026-10-02 02:00:00+00:00,84900.0,85176.0,84848.0,85173.0,8.96564,614
2026-10-02 03:00:00+00:00,85176.0,85544.0,85173.0,85479.0,9.14199,968
2026-10-02 04:00:00+00:00,85516.0,86850.0,85436.0,86629.0,29.01864,1837
2026-10-02 05:00:00+00:00,86626.0,86642.0,85876.0,85957.0,16.21365,929
2026-10-02 06:00:00+00:00,85958.0,86075.0,85845.0,85966.0,14.06974,950
2026-10-02 07:00:00+00:00,85966.0,86146.0,85746.0,86086.0,22.27823,936
2026-10-02 08:00:00+00:00,86087.0,86606.0,86063.0,86240.0,13.65876,876
2026-10-02 09:00:00+00:00,86240.0,86430.0,86112.0,86358.0,8.90484,1028
2026-10-02 10:00:00+00:00,86358.0,86476.0,86164.0,86275.0,16.73294,1036
2026-10-02 11:00:00+00:00,86287.0,86554.0,86249.0,86420.0,9.11688,791
2026-10-02 12:00:00+00:00,86417.0,87210.0,86308.0,86802.0,48.53117,1887
2026-10-02 13:00:00+00:00,86803.0,87149.0,86485.0,86586.0,59.02363,1412
2026-10-02 14:00:00+00:00,86572.0,86843.0,85396.0,85666.0,26.6136,1485
2026-10-02 15:00:00+00:00,85678.0,85735.0,85147.0,85296.0,47.11555,1262
2026-10-02 16:00:00+00:00,85304.0,85487.0,85010.0,85133.0,26.51803,1011
2026-10-02 17:00:00+00:00,85147.0,85239.0,84514.0,84791.0,33.34602,1336
2026-10-02 18:00:00+00:00,84792.0,84877.0,83889.0,84247.0,17.70467,1156
2026-10-02 19:00:00+00:00,84229.0,84312.0,83962.0,84312.0,13.09682,926
2026-10-02 20:00:00+00:00,84305.0,84510.0,84205.0,84436.0,4.09326,757
2026-10-02 21:00:00+00:00,84414.0,84530.0,84398.0,84513.0,4.84953,817
2026-10-02 22:00:00+00:00,84513.0,84542.0,84431.0,84538.0,5.37413,820
2026-10-02 23:00:00+00:00,84542.0,84553.0,84466.0,84490.0,1.76709,655
2026-10-03 00:00:00+00:00,84490.0,84664.0,84425.0,84623.0,2.64778,589
2026-10-03 01:00:00+00:00,84633.0,84690.0,84591.0,84629.0,7.70511,581
2026-10-03 02:00:00+00:00,84629.0,84690.0,84589.0,84589.0,2.80186,533
2026-10-03 03:00:00+00:00,84590.0,84696.0,84525.0,84696.0,3.37845,503
2026-10-03 04:00:00+00:00,84697.0,84726.0,84517.0,84575.0,1.20544,439
2026-10-03 05:00:00+00:00,84575.0,84652.0,84540.0,84625.0,1.76387,472
2026-10-03 06:00:00+00:00,84646.0,84669.0,84554.0,84566.0,5.77105,512
2026-10-03 07:00:00+00:00,84566.0,84662.0,84558.0,84558.0,6.55386,573
2026-10-03 08:00:00+00:00,84559.0,84623.0,84542.0,84615.0,13.65244,654
2026-10-03 09:00:00+00:00,84592.0,84639.0,84552.0,84569.0,5.42856,476
2026-10-03 10:00:00+00:00,84569.0,84608.0,84549.0,84607.0,4.03207,477
2026-10-03 11:00:00+00:00,84607.0,84622.0,84595.0,84621.0,1.03437,77
