session_start,session,side,entry_t,entry,stop,target,exit_t,exit,why,or_width_pct,net_pct,R,gate
2022-01-01 00:00:00+00:00,Asia,1,2022-01-01 01:41:00+00:00,46729.73,46470.14,47248.91000000001,2022-01-01 05:23:00+00:00,47248.91000000001,target,1.1172335611642235,1.0510271769171522,1.8919918409800085,False
2022-01-01 07:00:00+00:00,London,1,2022-01-01 08:20:00+00:00,47247.44,47057.22,47627.880000000005,2022-01-01 09:01:00+00:00,47057.22,stop,0.8084625483613402,-0.48260382361457294,-1.1987065082536,False
2022-01-01 13:30:00+00:00,NY,-1,2022-01-01 14:36:00+00:00,46907.65,47006.42,46710.11000000001,2022-01-01 15:26:00+00:00,47006.42,stop,0.420240469280581,-0.29056266941532305,-1.3799343930343344,False
2022-01-02 00:00:00+00:00,Asia,-1,2022-01-02 01:57:00+00:00,47352.58,47549.095,46959.55,2022-01-02 04:45:00+00:00,46959.55,target,0.8265772461074156,0.7700075729770137,1.8554230058774135,False
2022-01-02 07:00:00+00:00,London,-1,2022-01-02 08:05:00+00:00,47085.82,47189.915,46877.63,2022-01-02 08:24:00+00:00,47189.915,stop,0.4411747721944452,-0.30107504977082516,-1.361868062827221,False
2022-01-02 13:30:00+00:00,NY,1,2022-01-02 15:17:00+00:00,47242.85,47124.755000000005,47479.039999999986,2022-01-02 15:36:00+00:00,47124.755000000005,stop,0.5012015447082856,-0.329974334740588,-1.320032854904966,False
2022-08-11 00:00:00+00:00,Asia,1,2022-08-11 01:08:00+00:00,24090.0,23998.8,24272.4,2022-08-11 01:25:00+00:00,24272.4,target,0.7600380019001011,0.6971606475716126,1.8415131578947381,False
2022-08-11 13:30:00+00:00,NY,-1,2022-08-11 14:50:00+00:00,24520.0,24685.0,24190.0,2022-08-11 18:14:00+00:00,24190.0,target,1.3368442373911282,1.2858401305057097,1.9108363636363637,False
2022-08-12 00:00:00+00:00,Asia,1,2022-08-12 02:59:00+00:00,23996.0,23873.0,24242.0,2022-08-12 06:44:00+00:00,23873.0,stop,1.0304528128010724,-0.5925854309051508,-1.156071544715447,False
2022-08-12 07:00:00+00:00,London,1,2022-08-12 08:15:00+00:00,23972.9,23933.95,24050.800000000003,2022-08-12 08:34:00+00:00,23933.95,stop,0.3254790788816783,-0.2424751281655566,-1.4923830551989639,False
2022-08-13 00:00:00+00:00,Asia,1,2022-08-13 01:10:00+00:00,24480.0,24399.65,24640.699999999997,2022-08-13 02:59:00+00:00,24640.699999999997,target,0.6586160047377758,0.5964542483660012,1.8171997510889824,False
2022-08-13 07:00:00+00:00,London,-1,2022-08-13 09:49:00+00:00,24540.8,24618.25,24385.899999999998,2022-08-13 09:54:00+00:00,24618.25,stop,0.6292080062555278,-0.3955968835571812,-1.2534879276952848,False
2022-08-13 13:30:00+00:00,NY,1,2022-08-13 15:13:00+00:00,24521.8,24464.4,24636.599999999995,2022-08-13 15:21:00+00:00,24464.4,stop,0.4692532823204299,-0.31407743314111447,-1.3417672473867726,False
2022-08-14 00:00:00+00:00,Asia,1,2022-08-14 01:27:00+00:00,24503.9,24418.0,24675.700000000004,2022-08-14 01:31:00+00:00,24418.0,stop,0.7035793267261975,-0.43055644203576354,-1.2282086146682152,False
2022-08-14 07:00:00+00:00,London,-1,2022-08-14 08:58:00+00:00,24655.6,24860.3,24246.199999999997,2022-08-14 13:29:00+00:00,24458.0,time,1.6468023314280256,0.7414406463440296,0.8930466047874837,False
2022-08-14 13:30:00+00:00,NY,1,2022-08-14 16:24:00+00:00,24517.1,24448.199999999997,24654.9,2022-08-14 16:39:00+00:00,24448.199999999997,stop,0.5636406770232545,-0.361028343482718,-1.2846687953555818,False
2022-08-15 13:30:00+00:00,NY,1,2022-08-15 15:50:00+00:00,24184.8,24071.65,24411.099999999995,2022-08-15 17:54:00+00:00,24071.65,stop,0.9401100464654449,-0.5478558433396093,-1.1709928413610287,False
2022-08-16 00:00:00+00:00,Asia,1,2022-08-16 01:49:00+00:00,24150.1,24046.6,24357.1,2022-08-16 02:41:00+00:00,24046.6,stop,0.860828557883443,-0.5085696539558843,-1.1866674396135266,False
2022-08-16 07:00:00+00:00,London,1,2022-08-16 10:03:00+00:00,24054.3,23987.75,24187.399999999998,2022-08-16 10:49:00+00:00,23987.75,stop,0.5548665464664194,-0.35666571049666496,-1.2891576258452322,False
2022-08-16 13:30:00+00:00,NY,-1,2022-08-16 15:00:00+00:00,23718.0,23865.25,23423.5,2022-08-16 15:35:00+00:00,23865.25,stop,1.2340117953928829,-0.7008364954886585,-1.128858404074703,False
2022-08-17 00:00:00+00:00,Asia,1,2022-08-17 01:37:00+00:00,24027.9,23921.85,24240.000000000007,2022-08-17 01:56:00+00:00,23921.85,stop,0.8866371120962726,-0.521361916771765,-1.181257142857138,False
2022-08-17 07:00:00+00:00,London,-1,2022-08-17 08:10:00+00:00,23754.0,24085.8,23090.4,2022-08-17 13:29:00+00:00,23615.3,time,2.755150337543277,0.5239016586680169,0.3750681133212809,False
2022-08-18 00:00:00+00:00,Asia,1,2022-08-18 01:30:00+00:00,23468.8,23374.4,23657.599999999995,2022-08-18 04:26:00+00:00,23374.4,stop,0.8077212677116814,-0.48223616034905,-1.198888135593225,False
2022-08-18 07:00:00+00:00,London,1,2022-08-18 08:06:00+00:00,23428.0,23373.45,23537.1,2022-08-18 08:27:00+00:00,23373.45,stop,0.4667689194363628,-0.31284104490353115,-1.3435820348304353,False
2022-08-18 13:30:00+00:00,NY,-1,2022-08-18 17:03:00+00:00,23377.2,23441.800000000003,23247.999999999996,2022-08-18 18:00:00+00:00,23247.999999999996,target,0.5511522152735742,0.4926752562325872,1.78287430340558,False
2022-08-19 07:00:00+00:00,London,-1,2022-08-19 08:13:00+00:00,21842.0,21987.7,21550.6,2022-08-19 10:49:00+00:00,21550.6,target,1.3252864101293063,1.2741269114550016,1.9100535346602612,False
2022-08-19 13:30:00+00:00,NY,-1,2022-08-19 14:55:00+00:00,21351.0,21445.0,21163.0,2022-08-19 15:47:00+00:00,21445.0,stop,0.8766612263930986,-0.5202604093485083,-1.1817106382978722,False
2022-08-20 07:00:00+00:00,London,-1,2022-08-20 08:20:00+00:00,21253.1,21311.0,21137.299999999996,2022-08-20 09:13:00+00:00,21137.299999999996,target,0.5433813523532585,0.48486169076512564,1.7797606217616637,False
2022-08-20 13:30:00+00:00,NY,-1,2022-08-20 14:50:00+00:00,21236.0,21282.4,21143.199999999997,2022-08-20 15:51:00+00:00,21282.4,stop,0.43604104800210153,-0.2984968920700765,-1.3661379310344712,False
2022-08-21 00:00:00+00:00,Asia,1,2022-08-21 02:51:00+00:00,21281.9,21196.5,21452.700000000004,2022-08-21 03:10:00+00:00,21196.5,stop,0.8057934092892831,-0.481279960905753,-1.1993620608899263,False
2022-08-21 13:30:00+00:00,NY,1,2022-08-21 16:10:00+00:00,21425.0,21362.5,21550.0,2022-08-21 16:14:00+00:00,21362.5,stop,0.5851375073142189,-0.37171528588098013,-1.27424,False
2022-08-22 00:00:00+00:00,Asia,-1,2022-08-22 01:21:00+00:00,21383.8,21452.15,21247.099999999995,2022-08-22 01:30:00+00:00,21452.15,stop,0.6372321655405202,-0.39963448966040727,-1.2502858814923108,False
2022-08-22 07:00:00+00:00,London,-1,2022-08-22 08:07:00+00:00,21038.6,21202.699999999997,20710.4,2022-08-22 09:10:00+00:00,21202.699999999997,stop,1.54791606729332,-0.8599948665785678,-1.1025647775746505,False
2022-08-22 13:30:00+00:00,NY,1,2022-08-22 15:55:00+00:00,21379.2,21225.35,21686.900000000005,2022-08-22 17:34:00+00:00,21225.35,stop,1.4496816306916058,-0.7996246819338524,-1.1111690607734792,False
2022-08-23 00:00:00+00:00,Asia,-1,2022-08-23 02:16:00+00:00,21273.7,21366.85,21087.400000000005,2022-08-23 05:28:00+00:00,21087.400000000005,target,0.8719113954560419,0.8157291867422952,1.862971336553942,False
2022-08-23 07:00:00+00:00,London,1,2022-08-23 09:21:00+00:00,21300.0,21178.5,21543.0,2022-08-23 09:49:00+00:00,21543.0,target,1.1473900417876621,1.0808450704225352,1.894814814814815,False
2022-08-24 00:00:00+00:00,Asia,-1,2022-08-24 01:25:00+00:00,21325.2,21433.2,21109.2,2022-08-24 05:24:00+00:00,21433.2,stop,1.0077823190190918,-0.5864430814247932,-1.1579644444444444,False
2022-08-24 13:30:00+00:00,NY,1,2022-08-24 15:31:00+00:00,21550.0,21457.3,21735.4,2022-08-24 16:05:00+00:00,21735.4,target,0.8640416082172568,0.8003248259860856,1.860517799352752,False
2022-08-25 00:00:00+00:00,Asia,1,2022-08-25 01:05:00+00:00,21474.6,21384.949999999997,21653.9,2022-08-25 06:16:00+00:00,21653.9,target,0.8384401179334031,0.7749398824658105,1.8562770775237056,False
2022-08-25 07:00:00+00:00,London,1,2022-08-25 08:13:00+00:00,21750.0,21705.05,21839.9,2022-08-25 08:18:00+00:00,21705.05,stop,0.4141893246041887,-0.28666666666667,-1.387096774193542,False
2022-08-26 00:00:00+00:00,Asia,1,2022-08-26 02:05:00+00:00,21559.4,21490.2,21697.800000000003,2022-08-26 05:03:00+00:00,21490.2,stop,0.6440144810192621,-0.4009736820134174,-1.2492416184971071,False
2022-08-26 13:30:00+00:00,NY,-1,2022-08-26 14:40:00+00:00,21306.6,21552.8,20814.199999999997,2022-08-26 15:04:00+00:00,20814.199999999997,target,2.2846219516721793,2.2510209981883618,1.9480748984565395,False
2022-08-27 13:30:00+00:00,NY,-1,2022-08-27 15:04:00+00:00,20088.0,20159.0,19946.0,2022-08-27 15:39:00+00:00,19946.0,target,0.7044000198422541,0.6468896853843091,1.830242253521127,False
2022-08-28 00:00:00+00:00,Asia,1,2022-08-28 01:29:00+00:00,20037.6,19977.8,20157.199999999997,2022-08-28 02:54:00+00:00,19977.8,stop,0.5986645176145449,-0.3784389348025676,-1.2680615384615417,False
2022-08-28 07:00:00+00:00,London,1,2022-08-28 08:10:00+00:00,20075.4,20036.0,20154.200000000004,2022-08-28 08:40:00+00:00,20036.0,stop,0.3932920742663351,-0.2762600994251743,-1.4076223350253656,False
2022-08-28 13:30:00+00:00,NY,1,2022-08-28 16:57:00+00:00,19971.4,19882.6,20149.000000000007,2022-08-28 22:06:00+00:00,19882.6,stop,0.8932433383963979,-0.5246358292358217,-1.1799225225225165,False
2022-08-29 00:00:00+00:00,Asia,1,2022-08-29 02:31:00+00:00,19740.0,19639.7,19940.6,2022-08-29 03:35:00+00:00,19940.6,target,1.021400530557995,0.9562107396149875,1.8819142572283143,False
2022-08-29 13:30:00+00:00,NY,1,2022-08-29 16:05:00+00:00,20365.6,20152.199999999997,20792.4,2022-08-29 18:18:00+00:00,20152.199999999997,stop,2.1178829110469297,-1.1278453863377533,-1.076347141518275,False
2022-08-30 00:00:00+00:00,Asia,-1,2022-08-30 01:37:00+00:00,20177.5,20229.95,20072.6,2022-08-30 03:40:00+00:00,20229.95,stop,0.5185381081021033,-0.33994300582332165,-1.3077597712106726,False
2022-08-30 07:00:00+00:00,London,-1,2022-08-30 10:51:00+00:00,20374.0,20474.0,20174.0,2022-08-30 13:29:00+00:00,20344.9,time,0.9768486861385172,0.08282909590654042,0.16875599999998547,False
2022-08-31 00:00:00+00:00,Asia,1,2022-08-31 01:11:00+00:00,19975.0,19881.45,20162.1,2022-08-31 01:39:00+00:00,20162.1,target,0.9410782412751512,0.876670838548178,1.8718866916087644,False
2022-08-31 07:00:00+00:00,London,-1,2022-08-31 08:38:00+00:00,20178.9,20237.75,20061.200000000004,2022-08-31 08:43:00+00:00,20237.75,stop,0.5815863917678452,-0.3716412688501283,-1.274309600679701,False
2022-08-31 13:30:00+00:00,NY,-1,2022-08-31 14:42:00+00:00,20213.1,20316.05,20007.199999999997,2022-08-31 15:01:00+00:00,20007.199999999997,target,1.0134844125703641,0.9586463234239254,1.8821966002914046,False
2022-09-01 00:00:00+00:00,Asia,1,2022-09-01 01:40:00+00:00,20126.2,20018.1,20342.400000000005,2022-09-01 03:45:00+00:00,20018.1,stop,1.080022579565497,-0.6171108306585553,-1.1489450508788128,False
2022-09-01 07:00:00+00:00,London,1,2022-09-01 10:45:00+00:00,19978.1,19884.25,20165.799999999996,2022-09-01 12:36:00+00:00,19884.25,stop,0.9439631869444264,-0.549764392009243,-1.1702981353223256,False
2022-09-01 13:30:00+00:00,NY,-1,2022-09-01 15:34:00+00:00,19806.4,19917.75,19583.700000000004,2022-09-01 16:38:00+00:00,19583.700000000004,target,1.1180981787601365,1.064384037482819,1.893274898967219,False
2022-09-02 00:00:00+00:00,Asia,-1,2022-09-02 01:10:00+00:00,20038.2,20081.550000000003,19951.499999999996,2022-09-02 02:20:00+00:00,19951.499999999996,target,0.4317395818549899,0.372673593436558,1.7226546712802908,False
2022-09-02 07:00:00+00:00,London,1,2022-09-02 08:05:00+00:00,20110.6,20066.9,20197.999999999993,2022-09-02 08:46:00+00:00,20066.9,stop,0.4355431083027165,-0.29729834017879675,-1.3681574370709626,False
2022-09-02 13:30:00+00:00,NY,1,2022-09-02 14:48:00+00:00,20367.0,20276.8,20547.4,2022-09-02 15:42:00+00:00,20276.8,stop,0.8896867355795859,-0.5228732753964783,-1.1806385809312625,False
2022-09-03 00:00:00+00:00,Asia,-1,2022-09-03 03:06:00+00:00,19911.6,19980.8,19773.199999999997,2022-09-03 06:59:00+00:00,19877.4,time,0.692664958360033,0.11175917555594274,0.3215757225433072,False
2022-09-03 13:30:00+00:00,NY,-1,2022-09-03 15:55:00+00:00,19766.2,19830.1,19638.400000000005,2022-09-03 19:10:00+00:00,19638.400000000005,target,0.6444748135410274,0.5865582661310501,1.814401877934266,False
2022-09-04 00:00:00+00:00,Asia,-1,2022-09-04 02:06:00+00:00,19778.1,19813.0,19708.299999999996,2022-09-04 06:33:00+00:00,19708.299999999996,target,0.3522939484177202,0.29291559856610555,1.6599753581662033,False
2022-09-04 07:00:00+00:00,London,1,2022-09-04 08:45:00+00:00,19722.2,19661.1,19844.400000000005,2022-09-04 11:59:00+00:00,19844.400000000005,target,0.6215318573223305,0.5596063319508188,1.8063286415712017,False
2022-09-04 13:30:00+00:00,NY,1,2022-09-04 16:40:00+00:00,19806.4,19718.800000000003,19981.6,2022-09-04 23:32:00+00:00,19981.6,target,0.8884922003367381,0.8245625656353355,1.864339726027395,False
2022-09-05 00:00:00+00:00,Asia,-1,2022-09-05 01:46:00+00:00,19865.0,19955.85,19683.300000000003,2022-09-05 05:34:00+00:00,19683.300000000003,target,0.9105099507162098,0.8546740498363811,1.8688057237204163,False
2022-09-05 07:00:00+00:00,London,-1,2022-09-05 10:40:00+00:00,19700.0,19741.9,19616.199999999997,2022-09-05 12:29:00+00:00,19741.9,stop,0.4244778871334535,-0.29269035532995663,-1.3761336515512996,False
2022-09-05 13:30:00+00:00,NY,1,2022-09-05 17:20:00+00:00,19790.0,19746.0,19878.0,2022-09-05 18:13:00+00:00,19746.0,stop,0.44565988048212296,-0.3023345123799899,-1.3598181818181818,False
2022-09-06 00:00:00+00:00,Asia,-1,2022-09-06 02:00:00+00:00,19770.4,19969.0,19373.200000000004,2022-09-06 06:59:00+00:00,19848.2,time,1.9890830787720821,-0.45351758183951396,-0.45147150050352436,False
2022-09-06 07:00:00+00:00,London,1,2022-09-06 09:20:00+00:00,19940.0,19888.0,20044.0,2022-09-06 09:27:00+00:00,19888.0,stop,0.5229283990345938,-0.34078234704112337,-1.3067692307692307,False
2022-09-06 13:30:00+00:00,NY,-1,2022-09-06 17:10:00+00:00,19650.4,19773.7,19403.800000000003,2022-09-06 17:11:00+00:00,19773.7,stop,1.2471110616627064,-0.7074681431421206,-1.1274965125709657,False
2022-09-07 00:00:00+00:00,Asia,-1,2022-09-07 02:31:00+00:00,18650.0,18755.95,18438.1,2022-09-07 05:08:00+00:00,18755.95,stop,1.1297748181243896,-0.6480965147453123,-1.1408211420481351,False
2022-09-07 07:00:00+00:00,London,1,2022-09-07 08:06:00+00:00,18813.3,18764.0,18911.899999999998,2022-09-07 08:22:00+00:00,18764.0,stop,0.5254743125133157,-0.34204865706707105,-1.305286815415826,False
2022-09-07 13:30:00+00:00,NY,1,2022-09-07 14:37:00+00:00,18922.7,18863.15,19041.8,2022-09-07 15:29:00+00:00,18863.15,stop,0.6313897731821153,-0.3947013903935447,-1.2542092359361914,False
2022-09-08 00:00:00+00:00,Asia,-1,2022-09-08 01:40:00+00:00,19230.0,19301.9,19086.199999999997,2022-09-08 04:24:00+00:00,19301.9,stop,0.7450043778073623,-0.4538949557982395,-1.213963838664808,False
2022-09-08 07:00:00+00:00,London,1,2022-09-08 10:35:00+00:00,19259.5,19153.7,19471.1,2022-09-08 12:41:00+00:00,19153.7,stop,1.1047473856226135,-0.6293392871050612,-1.1456294896030255,False
2022-09-09 00:00:00+00:00,Asia,1,2022-09-09 02:38:00+00:00,19386.4,19334.7,19489.800000000003,2022-09-09 03:25:00+00:00,19489.800000000003,target,0.5347897821016177,0.4733635950976017,1.77501276595745,False
2022-09-09 07:00:00+00:00,London,1,2022-09-09 08:50:00+00:00,20750.0,20665.0,20920.0,2022-09-09 08:56:00+00:00,20920.0,target,0.8226469876602952,0.759277108433735,1.8535294117647059,False
2022-09-09 13:30:00+00:00,NY,1,2022-09-09 15:15:00+00:00,21119.2,21019.6,21318.400000000005,2022-09-09 15:37:00+00:00,21318.400000000005,target,0.9476869207787054,0.8832175461191919,1.8727759036144607,False
2022-09-10 13:30:00+00:00,NY,1,2022-09-10 15:25:00+00:00,21273.7,21192.95,21435.2,2022-09-10 15:38:00+00:00,21192.95,stop,0.7620458690272001,-0.4595766603834782,-1.2107611145510835,False
2022-09-11 00:00:00+00:00,Asia,-1,2022-09-11 03:05:00+00:00,21530.2,21601.6,21387.400000000005,2022-09-11 04:13:00+00:00,21601.6,stop,0.6610621435449193,-0.4116272027198903,-1.2412347338935648,False
2022-09-11 07:00:00+00:00,London,1,2022-09-11 08:27:00+00:00,21611.7,21517.85,21799.400000000005,2022-09-11 12:02:00+00:00,21517.85,stop,0.8722990447465743,-0.5142555190012918,-1.1842233351092126,False
2022-09-12 00:00:00+00:00,Asia,-1,2022-09-12 01:05:00+00:00,21630.0,21739.85,21410.300000000003,2022-09-12 01:26:00+00:00,21739.85,stop,1.0105865495852122,-0.5878594544613894,-1.1575238962221233,False
2022-09-12 07:00:00+00:00,London,1,2022-09-12 08:10:00+00:00,22222.0,22007.2,22651.6,2022-09-12 10:09:00+00:00,22007.2,stop,1.9520884074302889,-1.0466096660966577,-1.082763500931099,False
2022-09-12 13:30:00+00:00,NY,-1,2022-09-12 15:17:00+00:00,22270.0,22370.5,22069.0,2022-09-12 15:51:00+00:00,22069.0,target,0.8985047272077065,0.8425594970812753,1.8670447761194031,False
2022-09-13 00:00:00+00:00,Asia,-1,2022-09-13 02:15:00+00:00,22102.5,22271.25,21765.0,2022-09-13 03:08:00+00:00,22271.25,stop,1.515406634113487,-0.8434882931795045,-1.104782222222222,False
2022-09-13 07:00:00+00:00,London,-1,2022-09-13 09:01:00+00:00,22252.8,22343.949999999997,22070.500000000004,2022-09-13 09:17:00+00:00,22343.949999999997,stop,0.8158808088990501,-0.4896113747483364,-1.1953070762479474,False
2022-09-13 13:30:00+00:00,NY,-1,2022-09-13 15:05:00+00:00,21050.0,21269.0,20612.0,2022-09-13 18:32:00+00:00,20612.0,target,2.05933518266021,2.0207600950118763,1.9423287671232876,False
2022-09-14 07:00:00+00:00,London,1,2022-09-14 09:46:00+00:00,20317.5,20221.05,20510.4,2022-09-14 11:54:00+00:00,20221.05,stop,0.9539563969230157,-0.5547139165743852,-1.1685225505443222,False
2022-09-14 13:30:00+00:00,NY,-1,2022-09-14 16:30:00+00:00,20108.0,20226.3,19871.4,2022-09-14 17:28:00+00:00,20226.3,stop,1.1697641189935806,-0.6683230555002948,-1.1359797125950981,False
2022-09-15 00:00:00+00:00,Asia,-1,2022-09-15 01:32:00+00:00,20134.0,20196.35,20009.300000000003,2022-09-15 03:03:00+00:00,20009.300000000003,target,0.6174382994947143,0.5593503526373155,1.8062485966319122,False
2022-09-15 07:00:00+00:00,London,-1,2022-09-15 08:33:00+00:00,20061.0,20188.0,19807.0,2022-09-15 09:39:00+00:00,20188.0,stop,1.258173172181494,-0.7130691391256667,-1.126368503937008,False
2022-09-16 00:00:00+00:00,Asia,1,2022-09-16 01:30:00+00:00,19779.1,19676.1,19985.1,2022-09-16 02:38:00+00:00,19676.1,stop,1.0469554434059596,-0.6007517025547169,-1.153624077669903,False
2022-09-16 07:00:00+00:00,London,-1,2022-09-16 08:15:00+00:00,19715.1,19751.8,19641.699999999997,2022-09-16 08:19:00+00:00,19641.699999999997,target,0.37161170121204884,0.31230346282799204,1.6776822888283445,False
2022-09-16 13:30:00+00:00,NY,-1,2022-09-16 17:25:00+00:00,19385.2,19574.85,19005.900000000005,2022-09-16 19:03:00+00:00,19574.85,stop,1.9376904548438396,-1.0583236696036038,-1.081772528341683,False
2022-09-17 07:00:00+00:00,London,1,2022-09-17 08:06:00+00:00,19856.4,19823.45,19922.300000000003,2022-09-17 10:32:00+00:00,19823.45,stop,0.33243456613254224,-0.24594145968050968,-1.482097723823965,False
2022-09-17 13:30:00+00:00,NY,1,2022-09-17 16:00:00+00:00,19944.5,19900.75,20032.0,2022-09-17 16:09:00+00:00,20032.0,target,0.43968192153562047,0.37871744089849335,1.7264754285714285,False
2022-09-18 13:30:00+00:00,NY,-1,2022-09-18 15:06:00+00:00,19840.0,19923.1,19673.800000000003,2022-09-18 16:13:00+00:00,19673.800000000003,target,0.834207527944952,0.777701612903211,1.8567509025270734,False
2022-09-19 07:00:00+00:00,London,-1,2022-09-19 09:20:00+00:00,18380.5,18439.7,18262.1,2022-09-19 09:52:00+00:00,18439.7,stop,0.6420928756975517,-0.4020804657109476,-1.2483851351351318,False
2022-09-19 13:30:00+00:00,NY,1,2022-09-19 14:53:00+00:00,19287.0,19013.4,19834.199999999997,2022-09-19 17:33:00+00:00,19013.4,stop,2.8779702735965196,-1.4985720951936463,-1.0563947368421056,False
2022-09-20 00:00:00+00:00,Asia,-1,2022-09-20 01:15:00+00:00,19427.2,19526.1,19229.400000000005,2022-09-20 03:20:00+00:00,19229.400000000005,target,1.0130031086596876,0.9581601054191835,1.882140343781595,False
2022-09-20 07:00:00+00:00,London,-1,2022-09-20 09:50:00+00:00,19223.0,19402.25,18864.5,2022-09-20 13:27:00+00:00,18864.5,target,1.847723846461106,1.8049534411902406,1.935655230125523,False
2022-09-20 13:30:00+00:00,NY,1,2022-09-20 14:50:00+00:00,19019.4,18889.550000000003,19279.1,2022-09-20 16:02:00+00:00,19279.1,target,1.374834233742999,1.30544791108025,1.912116750096264,False
2022-09-21 00:00:00+00:00,Asia,1,2022-09-21 02:11:00+00:00,18949.4,18887.15,19073.9,2022-09-21 05:30:00+00:00,19073.9,target,0.6591783302404014,0.5970128869515657,1.8173551807228916,False
2022-09-21 07:00:00+00:00,London,1,2022-09-21 10:09:00+00:00,18965.6,18877.8,19141.199999999997,2022-09-21 10:52:00+00:00,19141.199999999997,target,0.9301931369121325,0.8658868688572919,1.8703945330296117,False
2022-09-21 13:30:00+00:00,NY,-1,2022-09-21 15:30:00+00:00,19227.2,19351.7,18978.2,2022-09-21 16:41:00+00:00,19351.7,stop,1.2867086612545666,-0.7275201797453607,-1.1235482730923694,False
2022-09-22 13:30:00+00:00,NY,-1,2022-09-22 15:05:00+00:00,18841.0,19003.5,18516.0,2022-09-22 15:49:00+00:00,19003.5,stop,1.7102112768700501,-0.9424807600445836,-1.0927556923076924,False
2022-09-23 00:00:00+00:00,Asia,-1,2022-09-23 01:10:00+00:00,19296.0,19377.8,19132.4,2022-09-23 03:12:00+00:00,19377.8,stop,0.8442650868519572,-0.5039220563847391,-1.1887139364303194,False
2022-09-24 00:00:00+00:00,Asia,-1,2022-09-24 03:50:00+00:00,19060.0,19182.25,18815.5,2022-09-24 06:59:00+00:00,19068.5,time,1.274615855804194,-0.10459601259181532,-0.16307566462167689,False
2022-09-24 07:00:00+00:00,London,1,2022-09-24 09:11:00+00:00,19074.5,18994.45,19234.6,2022-09-24 09:27:00+00:00,18994.45,stop,0.8428777879854302,-0.49967024037326935,-1.1906258588382277,False
2022-09-24 13:30:00+00:00,NY,-1,2022-09-24 15:30:00+00:00,19047.1,19107.3,18926.699999999997,2022-09-24 15:59:00+00:00,19107.3,stop,0.6301256587796363,-0.3960586125971971,-1.2531176079734188,False
2022-09-25 00:00:00+00:00,Asia,1,2022-09-25 01:35:00+00:00,18973.2,18937.65,19044.3,2022-09-25 02:06:00+00:00,18937.65,stop,0.37544257075192633,-0.26736955284295355,-1.4269637130801773,False
2022-09-25 07:00:00+00:00,London,-1,2022-09-25 10:20:00+00:00,19001.0,19061.45,18880.1,2022-09-25 10:31:00+00:00,19061.45,stop,0.6342644447300779,-0.3981411504657688,-1.251460711331676,False
2022-09-25 13:30:00+00:00,NY,1,2022-09-25 15:30:00+00:00,18971.7,18902.85,19109.400000000005,2022-09-25 16:17:00+00:00,19109.400000000005,target,0.7284615811901419,0.6658179288097764,1.834669281045757,False
2022-09-26 13:30:00+00:00,NY,-1,2022-09-26 15:31:00+00:00,19039.5,19156.3,18805.9,2022-09-26 18:03:00+00:00,19156.3,stop,1.2194421678507779,-0.6934614879592387,-1.130407534246576,False
2022-09-27 07:00:00+00:00,London,-1,2022-09-27 08:40:00+00:00,20159.8,20217.949999999997,20043.500000000004,2022-09-27 10:14:00+00:00,20217.949999999997,stop,0.5752314156479726,-0.3684453218781824,-1.2773489251934755,False
2022-09-27 13:30:00+00:00,NY,-1,2022-09-27 15:45:00+00:00,20073.6,20205.199999999997,19810.4,2022-09-27 16:08:00+00:00,19810.4,target,1.3026349652564724,1.2511748764546324,1.908479027355622,False
2022-09-28 07:00:00+00:00,London,-1,2022-09-28 09:26:00+00:00,18610.3,18703.85,18423.2,2022-09-28 10:02:00+00:00,18703.85,stop,1.000328809309325,-0.5826786242027225,-1.1591474078033148,False
2022-09-29 00:00:00+00:00,Asia,1,2022-09-29 01:57:00+00:00,19518.2,19439.9,19674.8,2022-09-29 02:04:00+00:00,19439.9,stop,0.8055596993811809,-0.4811640417661427,-1.1994196679438076,False
2022-09-29 07:00:00+00:00,London,1,2022-09-29 09:10:00+00:00,19396.1,19327.75,19532.799999999996,2022-09-29 11:21:00+00:00,19532.799999999996,target,0.7072732211457469,0.6447808580075227,1.8297343087051903,False
2022-09-30 13:30:00+00:00,NY,1,2022-09-30 16:03:00+00:00,19598.7,19415.300000000003,19965.499999999996,2022-09-30 20:01:00+00:00,19415.300000000003,stop,1.8892316884106826,-1.0157763525131658,-1.0854905125408953,False
2022-10-01 07:00:00+00:00,London,1,2022-10-01 09:09:00+00:00,19338.1,19296.5,19421.299999999996,2022-10-01 10:18:00+00:00,19296.5,stop,0.4311662736765584,-0.29511937574011177,-1.3718865384615513,False
2022-10-01 13:30:00+00:00,NY,-1,2022-10-01 16:29:00+00:00,19297.7,19330.1,19232.900000000005,2022-10-01 18:07:00+00:00,19232.900000000005,target,0.33522847786612214,0.27579131191797795,1.6426351851851613,False
2022-10-02 00:00:00+00:00,Asia,1,2022-10-02 02:06:00+00:00,19319.0,19272.4,19412.199999999997,2022-10-02 06:57:00+00:00,19272.4,stop,0.48359311761898216,-0.32121331331848724,-1.3316566523605253,False
2022-10-02 13:30:00+00:00,NY,-1,2022-10-02 15:07:00+00:00,19128.6,19159.6,19066.6,2022-10-02 16:07:00+00:00,19159.6,stop,0.32359756988663646,-0.24206099766841274,-1.4936412903225806,False
2022-10-03 00:00:00+00:00,Asia,1,2022-10-03 02:59:00+00:00,19118.0,19034.4,19285.199999999997,2022-10-03 06:07:00+00:00,19285.199999999997,target,0.8784096162736976,0.8145684695051632,1.862789473684208,False
2022-10-03 07:00:00+00:00,London,-1,2022-10-03 09:50:00+00:00,19137.3,19185.6,19040.7,2022-10-03 10:30:00+00:00,19185.6,stop,0.5035026269702392,-0.3323867003182229,-1.316973913043483,False
2022-10-04 00:00:00+00:00,Asia,-1,2022-10-04 02:02:00+00:00,19520.0,19619.85,19320.300000000003,2022-10-04 03:43:00+00:00,19619.85,stop,1.0178467215600566,-0.5915266393442549,-1.156394591887834,False
2022-10-04 07:00:00+00:00,London,1,2022-10-04 08:23:00+00:00,19969.5,19899.5,20109.5,2022-10-04 08:25:00+00:00,19899.5,stop,0.7035352647051433,-0.4305345652119482,-1.228222857142857,False
2022-10-04 13:30:00+00:00,NY,-1,2022-10-04 16:15:00+00:00,19993.9,20146.95,19687.800000000003,2022-10-04 18:50:00+00:00,20146.95,stop,1.5193366737893257,-0.8454834724590963,-1.1045091146684094,False
2022-10-05 13:30:00+00:00,NY,1,2022-10-05 15:40:00+00:00,19985.6,19846.3,20264.199999999997,2022-10-05 16:52:00+00:00,20264.199999999997,target,1.4037881116379303,1.3340036826515018,1.9139170136396262,False
2022-10-06 00:00:00+00:00,Asia,1,2022-10-06 02:13:00+00:00,20386.4,20260.5,20638.200000000004,2022-10-06 05:09:00+00:00,20260.5,stop,1.2428123688951551,-0.6975685751285241,-1.129540270055598,False
2022-10-06 07:00:00+00:00,London,-1,2022-10-06 08:28:00+00:00,20154.0,20198.35,20065.300000000003,2022-10-06 11:36:00+00:00,20198.35,stop,0.4391447816282059,-0.3000555720948623,-1.3635445321307897,False
2022-10-07 07:00:00+00:00,London,1,2022-10-07 10:11:00+00:00,19935.0,19886.1,20032.800000000003,2022-10-07 12:25:00+00:00,20032.800000000003,target,0.49180080558781897,0.4305944319037016,1.7553987730061422,False
2022-10-08 13:30:00+00:00,NY,1,2022-10-08 17:07:00+00:00,19494.9,19460.95,19562.800000000003,2022-10-08 18:47:00+00:00,19460.95,stop,0.3489038304913247,-0.254148110531476,-1.459379086892479,False
2022-10-09 00:00:00+00:00,Asia,-1,2022-10-09 01:46:00+00:00,19373.1,19408.65,19301.999999999993,2022-10-09 05:50:00+00:00,19408.65,stop,0.36633150682815224,-0.26350186598945396,-1.4359628691982764,False
2022-10-10 13:30:00+00:00,NY,-1,2022-10-10 14:45:00+00:00,19286.4,19337.95,19183.300000000003,2022-10-10 16:21:00+00:00,19183.300000000003,target,0.533148549872135,0.47457358553176615,1.7755220174587747,False
2022-10-11 07:00:00+00:00,London,1,2022-10-11 08:53:00+00:00,19098.0,19059.0,19176.0,2022-10-11 09:42:00+00:00,19059.0,stop,0.4092554698567606,-0.28420986490732014,-1.3917538461538461,False
2022-10-11 13:30:00+00:00,NY,1,2022-10-11 15:52:00+00:00,19151.0,19000.5,19452.0,2022-10-11 18:47:00+00:00,19000.5,stop,1.5841688376621668,-0.8658597462273512,-1.1017993355481728,False
2022-10-12 07:00:00+00:00,London,1,2022-10-12 09:21:00+00:00,19155.6,19114.3,19238.199999999997,2022-10-12 11:47:00+00:00,19114.3,stop,0.4321371957121033,-0.29560274802146247,-1.3710527845036384,False
2022-10-14 13:30:00+00:00,NY,-1,2022-10-14 15:20:00+00:00,19343.0,19543.1,18942.800000000003,2022-10-14 23:59:00+00:00,19164.6,time,2.047781569965874,0.8622974719536859,0.8335542228885691,True
2022-10-16 00:00:00+00:00,Asia,1,2022-10-16 01:36:00+00:00,19136.6,19097.3,19215.199999999997,2022-10-16 02:58:00+00:00,19097.3,stop,0.4115765055793151,-0.2853656344387157,-1.3895491094147654,False
2022-10-17 00:00:00+00:00,Asia,-1,2022-10-17 01:05:00+00:00,19200.0,19248.3,19103.4,2022-10-17 05:10:00+00:00,19248.3,stop,0.5018625021430388,-0.3315624999999962,-1.3180124223602532,False
2022-10-17 07:00:00+00:00,London,1,2022-10-17 09:41:00+00:00,19308.0,19265.55,19392.9,2022-10-17 10:23:00+00:00,19392.9,target,0.4406829807610032,0.3797141081417104,1.7270954063604287,False
2022-10-17 13:30:00+00:00,NY,-1,2022-10-17 15:26:00+00:00,19510.0,19588.0,19354.0,2022-10-17 22:07:00+00:00,19588.0,stop,0.7964059628343885,-0.47979497693490525,-1.2001025641025642,False
2022-10-18 00:00:00+00:00,Asia,1,2022-10-18 01:10:00+00:00,19603.6,19551.8,19707.199999999997,2022-10-18 01:32:00+00:00,19551.8,stop,0.5298744872594776,-0.3442371809259487,-1.3027583011583053,False
2022-10-18 07:00:00+00:00,London,-1,2022-10-18 10:27:00+00:00,19555.0,19617.25,19430.5,2022-10-18 12:53:00+00:00,19617.25,stop,0.6346455288075546,-0.3983329071848632,-1.2513092369477912,False
2022-10-18 13:30:00+00:00,NY,-1,2022-10-18 14:41:00+00:00,19429.1,19551.55,19184.199999999997,2022-10-18 18:51:00+00:00,19184.199999999997,target,1.2525861120985367,1.2004804134005254,1.904798203348306,False
2022-10-19 07:00:00+00:00,London,-1,2022-10-19 08:30:00+00:00,19164.3,19200.8,19091.3,2022-10-19 09:03:00+00:00,19200.8,stop,0.3801924919795009,-0.27045830006835625,-1.4200394520547945,False
2022-10-19 13:30:00+00:00,NY,1,2022-10-19 16:01:00+00:00,19231.0,19140.5,19412.0,2022-10-19 17:04:00+00:00,19140.5,stop,0.9456388286617382,-0.5505943528677657,-1.1699977900552487,False
2022-10-20 07:00:00+00:00,London,1,2022-10-20 10:02:00+00:00,19162.1,19125.05,19236.199999999997,2022-10-20 10:42:00+00:00,19236.199999999997,target,0.38744996745105786,0.3267008313285003,1.6896825910931115,False
2022-10-20 13:30:00+00:00,NY,-1,2022-10-20 17:10:00+00:00,19130.0,19240.0,18910.0,2022-10-20 23:59:00+00:00,19034.7,time,1.1434511434511436,0.43817041296392717,0.7620181818181752,False
2022-10-21 00:00:00+00:00,Asia,1,2022-10-21 01:50:00+00:00,19058.1,19024.9,19124.499999999993,2022-10-21 02:38:00+00:00,19124.499999999993,target,0.34901628917890665,0.28840828833931076,1.6555765060240664,False
2022-10-21 07:00:00+00:00,London,-1,2022-10-21 08:47:00+00:00,18982.2,19028.65,18889.3,2022-10-21 09:19:00+00:00,18889.3,target,0.48821119732612567,0.4294058644414317,1.754804736275569,False
2022-10-21 13:30:00+00:00,NY,1,2022-10-21 16:18:00+00:00,19119.8,19002.55,19354.3,2022-10-21 23:59:00+00:00,19150.9,time,1.2340449044996593,0.10265860521554716,0.1674040085288033,False
2022-10-25 00:00:00+00:00,Asia,-1,2022-10-25 01:20:00+00:00,19264.6,19295.6,19202.6,2022-10-25 01:47:00+00:00,19295.6,stop,0.3213167768817762,-0.24091691496319675,-1.4971509677419355,False
2022-10-25 07:00:00+00:00,London,-1,2022-10-25 09:15:00+00:00,19264.0,19295.85,19200.300000000003,2022-10-25 11:29:00+00:00,19295.85,stop,0.33012279842557196,-0.24533430232557382,-1.483868131868154,False
2022-10-26 00:00:00+00:00,Asia,1,2022-10-26 02:08:00+00:00,20168.5,20104.8,20295.9,2022-10-26 03:29:00+00:00,20295.9,target,0.6336795193187769,0.5716781119071892,1.8100298273155437,True
2022-10-26 07:00:00+00:00,London,1,2022-10-26 08:05:00+00:00,20368.3,20279.75,20545.399999999998,2022-10-26 08:20:00+00:00,20279.75,stop,0.8732849270824273,-0.5147441858181551,-1.1840162619988723,True
2022-10-27 00:00:00+00:00,Asia,-1,2022-10-27 01:35:00+00:00,20706.2,20772.0,20574.600000000002,2022-10-27 02:15:00+00:00,20772.0,stop,0.6335451569420303,-0.3977792158870255,-1.2517471124620088,True
2022-10-29 00:00:00+00:00,Asia,1,2022-10-29 01:05:00+00:00,20617.2,20582.5,20686.600000000002,2022-10-29 02:27:00+00:00,20686.600000000002,target,0.3371796429005294,0.27661214907941645,1.6435066282420825,True
2022-10-30 07:00:00+00:00,London,-1,2022-10-30 08:25:00+00:00,20813.5,20869.35,20701.800000000003,2022-10-30 09:46:00+00:00,20701.800000000003,target,0.5352346862743723,0.47667091070697903,1.776399283795876,False
2022-10-30 13:30:00+00:00,NY,1,2022-10-30 14:55:00+00:00,20726.3,20666.699999999997,20845.500000000004,2022-10-30 15:15:00+00:00,20666.699999999997,stop,0.5767732632689337,-0.3675573546653391,-1.2782053691275066,False
2022-10-31 00:00:00+00:00,Asia,-1,2022-10-31 01:36:00+00:00,20525.9,20595.1,20387.500000000007,2022-10-31 06:59:00+00:00,20507.2,time,0.6720045059261563,0.03110440955086367,0.09226098265897391,False
2022-11-01 00:00:00+00:00,Asia,1,2022-11-01 01:25:00+00:00,20492.1,20460.85,20554.6,2022-11-01 02:49:00+00:00,20554.6,target,0.30546140556233004,0.24499558366394858,1.6065516800000001,False
2022-11-02 00:00:00+00:00,Asia,1,2022-11-02 03:45:00+00:00,20532.2,20466.1,20664.400000000005,2022-11-02 05:30:00+00:00,20466.1,stop,0.6459462232667715,-0.4019333534643251,-1.248498638426618,False
2022-11-02 07:00:00+00:00,London,1,2022-11-02 09:12:00+00:00,20475.9,20409.65,20608.4,2022-11-02 10:03:00+00:00,20409.65,stop,0.6492027055828982,-0.40355110153888224,-1.2472561509433961,False
2022-11-02 13:30:00+00:00,NY,1,2022-11-02 16:50:00+00:00,20445.0,20398.65,20537.699999999997,2022-11-02 16:58:00+00:00,20537.699999999997,target,0.4544418380628165,0.393411592076288,1.7353398058252345,False
2022-11-03 00:00:00+00:00,Asia,1,2022-11-03 01:11:00+00:00,20211.9,20161.45,20312.800000000003,2022-11-03 01:46:00+00:00,20312.800000000003,target,0.5004600363565193,0.4392108609284701,1.7596206144697755,True
2022-11-03 07:00:00+00:00,London,-1,2022-11-03 08:31:00+00:00,20270.8,20312.3,20187.8,2022-11-03 09:03:00+00:00,20312.3,stop,0.4086194079449398,-0.2847279831087081,-1.3907624096385542,True
2022-11-03 13:30:00+00:00,NY,1,2022-11-03 14:51:00+00:00,20299.9,20188.550000000003,20522.6,2022-11-03 18:10:00+00:00,20188.550000000003,stop,1.1031005198491257,-0.628524869580631,-1.1458457117198042,True
2022-11-04 00:00:00+00:00,Asia,1,2022-11-04 01:07:00+00:00,20293.1,20232.35,20414.6,2022-11-04 05:49:00+00:00,20414.6,target,0.6005234191777031,0.5387256752295116,1.7995743209876545,False
2022-11-04 07:00:00+00:00,London,1,2022-11-04 08:17:00+00:00,20617.7,20577.550000000003,20697.999999999996,2022-11-04 08:55:00+00:00,20577.550000000003,stop,0.39023110137017897,-0.2747355912638064,-1.4108134495641569,False
2022-11-04 13:30:00+00:00,NY,-1,2022-11-04 17:10:00+00:00,20685.0,20967.2,20120.6,2022-11-04 18:38:00+00:00,20967.2,stop,2.691823419436078,-1.4442736282330226,-1.0586392629340893,False
2022-11-05 13:30:00+00:00,NY,-1,2022-11-05 14:47:00+00:00,21240.0,21280.9,21158.199999999997,2022-11-05 15:03:00+00:00,21280.9,stop,0.3843822394729512,-0.27256120527307653,-1.4154523227383715,True
2022-11-07 00:00:00+00:00,Asia,1,2022-11-07 01:45:00+00:00,20941.8,20887.6,21050.2,2022-11-07 02:11:00+00:00,21050.2,target,0.5189681916543682,0.45762503700733204,1.7681719557195603,False
2022-11-08 00:00:00+00:00,Asia,1,2022-11-08 02:00:00+00:00,20618.0,20555.2,20743.6,2022-11-08 02:52:00+00:00,20555.2,stop,0.6110375963259834,-0.3845882238820413,-1.2626496815286654,True
2022-11-08 07:00:00+00:00,London,-1,2022-11-08 08:29:00+00:00,19708.0,19774.0,19576.0,2022-11-08 09:28:00+00:00,19774.0,stop,0.6675432385961364,-0.4148893850213112,-1.2388848484848485,True
2022-11-08 13:30:00+00:00,NY,-1,2022-11-08 14:52:00+00:00,19480.6,19574.699999999997,19292.4,2022-11-08 15:29:00+00:00,19292.4,target,0.9614451307044336,0.9060893401640457,1.8757878852284784,True
2022-11-09 00:00:00+00:00,Asia,-1,2022-11-09 02:00:00+00:00,18315.6,18445.25,18056.299999999996,2022-11-09 03:12:00+00:00,18056.299999999996,target,1.4057819763896011,1.3557330363187825,1.9152382568453539,True
2022-11-09 07:00:00+00:00,London,-1,2022-11-09 08:08:00+00:00,18189.0,18261.9,18043.199999999997,2022-11-09 08:23:00+00:00,18043.199999999997,target,0.7983835197870937,0.7415833745670621,1.8502962962962994,True
2022-11-09 13:30:00+00:00,NY,1,2022-11-09 14:45:00+00:00,17658.7,17522.85,17930.400000000005,2022-11-09 15:32:00+00:00,17522.85,stop,1.5505468573890706,-0.8493091790449023,-1.1039894000736088,True
2022-11-10 00:00:00+00:00,Asia,1,2022-11-10 01:06:00+00:00,16309.4,16019.7,16888.799999999996,2022-11-10 06:59:00+00:00,16674.0,time,3.616796818916707,2.1755206200105484,1.2247647911632782,True
2022-11-10 07:00:00+00:00,London,-1,2022-11-10 08:36:00+00:00,16606.0,16748.5,16321.0,2022-11-10 08:39:00+00:00,16748.5,stop,1.7016449234259785,-0.9381235697940504,-1.0932266666666668,True
2022-11-10 13:30:00+00:00,NY,1,2022-11-10 15:11:00+00:00,17800.0,17181.65,19036.699999999997,2022-11-10 17:39:00+00:00,17181.65,stop,7.197795322335169,-3.5538764044943743,-1.0230290288671466,True
2022-11-11 00:00:00+00:00,Asia,1,2022-11-11 01:20:00+00:00,17646.0,17517.55,17902.9,2022-11-11 01:32:00+00:00,17517.55,stop,1.4665292806357138,-0.8079270089538747,-1.1099011288439076,True
2022-11-12 00:00:00+00:00,Asia,-1,2022-11-12 01:10:00+00:00,16850.0,16980.4,16589.199999999997,2022-11-12 02:27:00+00:00,16980.4,stop,1.53588843607924,-0.8538872403560916,-1.1033742331288332,True
2022-11-12 07:00:00+00:00,London,-1,2022-11-12 08:25:00+00:00,16746.5,16807.05,16625.4,2022-11-12 08:37:00+00:00,16807.05,stop,0.7205309676593963,-0.44156808885438315,-1.221258464079276,True
2022-11-12 13:30:00+00:00,NY,1,2022-11-12 14:50:00+00:00,16898.9,16822.800000000003,17051.1,2022-11-12 18:12:00+00:00,16822.800000000003,stop,0.9047245405045576,-0.5303251690938376,-1.1776494086728022,True
2022-11-13 00:00:00+00:00,Asia,1,2022-11-13 02:11:00+00:00,16881.6,16826.3,16992.199999999997,2022-11-13 06:28:00+00:00,16826.3,stop,0.6573043390406599,-0.4075755852525785,-1.2442184448462963,False
2022-11-13 07:00:00+00:00,London,-1,2022-11-13 09:17:00+00:00,16550.0,16667.5,16315.0,2022-11-13 11:29:00+00:00,16667.5,stop,1.4099295035248238,-0.7899697885196375,-1.1126808510638297,False
2022-11-13 13:30:00+00:00,NY,-1,2022-11-13 16:50:00+00:00,16601.3,16655.75,16492.399999999998,2022-11-13 17:15:00+00:00,16492.399999999998,target,0.6538282575086769,0.5959727250275669,1.8170655647382945,False
2022-11-14 00:00:00+00:00,Asia,-1,2022-11-14 01:45:00+00:00,16080.0,16239.75,15760.5,2022-11-14 06:42:00+00:00,16239.75,stop,1.9673948182699856,-1.0734701492537313,-1.080525821596244,True
2022-11-14 07:00:00+00:00,London,1,2022-11-14 08:05:00+00:00,16894.5,16633.65,17416.199999999997,2022-11-14 13:29:00+00:00,17138.1,time,3.1364132346177818,1.3818893722809111,0.8950097757331794,True
2022-11-14 13:30:00+00:00,NY,-1,2022-11-14 16:15:00+00:00,16492.0,16825.8,15824.400000000001,2022-11-14 23:59:00+00:00,16605.2,time,3.967716245289963,-0.7463934028619981,-0.36876932294787595,True
2022-11-15 00:00:00+00:00,Asia,1,2022-11-15 01:45:00+00:00,16669.2,16595.1,16817.400000000005,2022-11-15 03:04:00+00:00,16817.400000000005,target,0.8930346909629995,0.8290648621409806,1.8650267206477773,True
2022-11-15 07:00:00+00:00,London,1,2022-11-15 08:25:00+00:00,16931.8,16833.1,17129.2,2022-11-15 09:28:00+00:00,16833.1,stop,1.1726895224290108,-0.6629268004583135,-1.1372385005065846,True
2022-11-15 13:30:00+00:00,NY,-1,2022-11-15 14:51:00+00:00,16860.2,16993.7,16593.2,2022-11-15 15:32:00+00:00,16993.7,stop,1.5711704925943142,-0.8718055539080202,-1.1010349063670413,True
2022-11-16 00:00:00+00:00,Asia,1,2022-11-16 02:56:00+00:00,16924.3,16840.5,17091.899999999998,2022-11-16 06:13:00+00:00,16840.5,stop,0.9952198568926015,-0.5751460326276375,-1.161568496420049,False
2022-11-16 07:00:00+00:00,London,-1,2022-11-16 08:19:00+00:00,16812.5,16855.05,16727.4,2022-11-16 08:34:00+00:00,16727.4,target,0.5048931922480121,0.4461710037174635,1.7629259694477046,False
2022-11-16 13:30:00+00:00,NY,-1,2022-11-16 15:50:00+00:00,16405.8,16550.55,16116.3,2022-11-16 17:37:00+00:00,16550.55,stop,1.749186582923226,-0.9623099147862342,-1.0906710880829016,False
2022-11-17 00:00:00+00:00,Asia,-1,2022-11-17 02:50:00+00:00,16640.9,16691.300000000003,16540.1,2022-11-17 03:50:00+00:00,16540.1,target,0.6039074248261026,0.5457364685804428,1.8018940476190535,True
2022-11-17 07:00:00+00:00,London,1,2022-11-17 08:06:00+00:00,16611.8,16568.9,16697.599999999995,2022-11-17 08:16:00+00:00,16568.9,stop,0.5178376355702506,-0.33825015952514365,-1.3097771561771718,True
2022-11-17 13:30:00+00:00,NY,1,2022-11-17 15:50:00+00:00,16548.8,16494.4,16657.599999999995,2022-11-17 15:51:00+00:00,16494.4,stop,0.6596178096808569,-0.4087247413709623,-1.2433647058823627,True
2022-11-18 07:00:00+00:00,London,-1,2022-11-18 08:36:00+00:00,16716.6,16754.8,16640.199999999997,2022-11-18 09:31:00+00:00,16754.8,stop,0.4559887315873747,-0.3085153679576034,-1.3500858638743387,False
2022-11-18 13:30:00+00:00,NY,-1,2022-11-18 16:17:00+00:00,16719.6,16762.05,16634.699999999997,2022-11-18 16:51:00+00:00,16634.699999999997,target,0.5065012930995997,0.44778726763799054,1.7636805653710288,False
2022-11-20 00:00:00+00:00,Asia,1,2022-11-20 01:05:00+00:00,16731.4,16705.7,16782.800000000003,2022-11-20 01:17:00+00:00,16705.7,stop,0.30767941481052247,-0.2336034043774025,-1.5208217898832537,False
2022-11-21 13:30:00+00:00,NY,-1,2022-11-21 15:05:00+00:00,16138.2,16185.3,16044.000000000004,2022-11-21 16:21:00+00:00,16044.000000000004,target,0.5820096013048811,0.5237082202475932,1.7944178343948982,False
2022-11-22 13:30:00+00:00,NY,1,2022-11-22 16:00:00+00:00,16215.0,16100.4,16444.2,2022-11-22 17:37:00+00:00,16100.4,stop,1.4235671163449402,-0.786753006475488,-1.1131937172774866,True
2022-11-23 00:00:00+00:00,Asia,-1,2022-11-23 01:05:00+00:00,16163.8,16206.9,16077.599999999999,2022-11-23 01:34:00+00:00,16206.9,stop,0.5318722272612327,-0.34664521956470856,-1.3000241299303918,True
2022-11-23 13:30:00+00:00,NY,-1,2022-11-23 17:00:00+00:00,16338.0,16438.05,16137.900000000001,2022-11-23 18:09:00+00:00,16438.05,stop,1.2172976721691353,-0.6923760558207814,-1.130638680659671,True
2022-11-24 07:00:00+00:00,London,-1,2022-11-24 09:28:00+00:00,16605.0,16659.65,16495.699999999997,2022-11-24 10:48:00+00:00,16495.699999999997,target,0.6560762080835988,0.5982354712436189,1.8176944190301971,False
2022-11-24 13:30:00+00:00,NY,1,2022-11-24 16:21:00+00:00,16598.0,16524.0,16746.0,2022-11-24 16:31:00+00:00,16524.0,stop,0.8956669087388042,-0.5258368478129894,-1.1794378378378378,False
2022-11-25 00:00:00+00:00,Asia,-1,2022-11-25 02:06:00+00:00,16501.1,16555.55,16392.199999999997,2022-11-25 04:48:00+00:00,16392.199999999997,target,0.6577854556327121,0.5999560029331467,1.8181696969696994,False
2022-11-25 07:00:00+00:00,London,1,2022-11-25 08:05:00+00:00,16466.6,16437.55,16524.699999999997,2022-11-25 08:12:00+00:00,16437.55,stop,0.3534590008851596,-0.25641771829035304,-1.4534691910499253,False
2022-11-25 13:30:00+00:00,NY,1,2022-11-25 15:40:00+00:00,16509.3,16470.65,16586.599999999995,2022-11-25 15:47:00+00:00,16470.65,stop,0.4693196686226668,-0.31411047106780915,-1.341719016817613,False
2022-11-26 00:00:00+00:00,Asia,1,2022-11-26 01:10:00+00:00,16583.4,16544.300000000003,16661.6,2022-11-26 01:21:00+00:00,16661.6,target,0.47267034567797195,0.41155589324262265,1.7455232736572797,False
2022-11-26 07:00:00+00:00,London,1,2022-11-26 09:45:00+00:00,16590.8,16556.699999999997,16659.000000000004,2022-11-26 11:11:00+00:00,16556.699999999997,stop,0.4119178338678646,-0.28553559804230166,-1.3892269794721157,False
2022-11-27 00:00:00+00:00,Asia,1,2022-11-27 02:24:00+00:00,16493.4,16467.2,16545.800000000003,2022-11-27 03:01:00+00:00,16545.800000000003,target,0.3182083171395347,0.2577028387112509,1.6222885496183312,False
2022-11-29 13:30:00+00:00,NY,-1,2022-11-29 15:00:00+00:00,16375.7,16415.45,16296.2,2022-11-29 15:29:00+00:00,16415.45,stop,0.4842998516641335,-0.32273771502897586,-1.3295738364779874,False
2022-11-30 00:00:00+00:00,Asia,1,2022-11-30 01:05:00+00:00,16899.5,16660.5,17377.5,2022-11-30 06:59:00+00:00,16854.1,time,2.869061552774527,-0.3286470013905823,-0.23238368200837428,False
2022-11-30 07:00:00+00:00,London,-1,2022-11-30 09:30:00+00:00,16852.4,16884.35,16788.500000000007,2022-11-30 10:12:00+00:00,16884.35,stop,0.37845697346950175,-0.26958723979965515,-1.421969327073591,False
2022-12-01 00:00:00+00:00,Asia,-1,2022-12-01 02:00:00+00:00,17112.5,17167.3,17002.9,2022-12-01 06:59:00+00:00,17114.0,time,0.6384230484700479,-0.06876552227903579,-0.21473540145985687,True
2022-12-01 07:00:00+00:00,London,1,2022-12-01 08:50:00+00:00,17116.5,17086.4,17176.699999999997,2022-12-01 09:09:00+00:00,17086.4,stop,0.3523269969098272,-0.2558537084100052,-1.454923588039889,True
2022-12-01 13:30:00+00:00,NY,-1,2022-12-01 15:25:00+00:00,16960.0,17154.25,16571.5,2022-12-01 23:59:00+00:00,16970.5,time,2.264744888292989,-0.12191037735849056,-0.10644015444015444,True
2022-12-03 00:00:00+00:00,Asia,-1,2022-12-03 01:37:00+00:00,17030.4,17095.2,16900.800000000003,2022-12-03 06:59:00+00:00,16970.0,time,0.7581075389582956,0.2946599022923798,0.774409876543241,False
2022-12-04 00:00:00+00:00,Asia,1,2022-12-04 01:52:00+00:00,16959.0,16916.55,17043.9,2022-12-04 05:06:00+00:00,17043.9,target,0.5018753823918084,0.4406191402795062,1.76029681978799,False
2022-12-05 00:00:00+00:00,Asia,1,2022-12-05 02:05:00+00:00,17259.8,17163.9,17451.599999999995,2022-12-05 06:59:00+00:00,17298.9,time,1.1174616491589862,0.16653796683624486,0.2997301355579024,False
2022-12-05 07:00:00+00:00,London,1,2022-12-05 08:45:00+00:00,17355.9,17320.95,17425.800000000003,2022-12-05 09:09:00+00:00,17320.95,stop,0.4035575415898172,-0.28137244395278105,-1.397273819742481,False
2022-12-06 00:00:00+00:00,Asia,1,2022-12-06 01:43:00+00:00,17037.0,16997.4,17116.199999999997,2022-12-06 03:55:00+00:00,16997.4,stop,0.465953616435459,-0.31243528790279124,-1.3441818181818308,True
2022-12-07 00:00:00+00:00,Asia,-1,2022-12-07 01:40:00+00:00,17041.1,17085.55,16952.199999999997,2022-12-07 06:50:00+00:00,16952.199999999997,target,0.520322728855679,0.4616799385016312,1.769973903262096,False
2022-12-08 00:00:00+00:00,Asia,-1,2022-12-08 01:36:00+00:00,16800.4,16840.2,16720.800000000003,2022-12-08 02:42:00+00:00,16840.2,stop,0.4726784717521083,-0.31689912144948496,-1.3376964824120665,False
2022-12-09 00:00:00+00:00,Asia,1,2022-12-09 01:33:00+00:00,17248.9,17214.0,17318.700000000004,2022-12-09 02:11:00+00:00,17214.0,stop,0.4054839084466301,-0.2823317428937582,-1.3953902578796396,True
2022-12-12 00:00:00+00:00,Asia,-1,2022-12-12 02:15:00+00:00,16920.0,16999.3,16761.4,2022-12-12 06:59:00+00:00,16931.0,time,0.9329795932773617,-0.12501182033096925,-0.26673392181589145,False
2022-12-13 00:00:00+00:00,Asia,-1,2022-12-13 01:41:00+00:00,17138.0,17183.5,17047.0,2022-12-13 05:52:00+00:00,17183.5,stop,0.5295777926499258,-0.34549188936865444,-1.3013274725274726,False
2022-12-13 07:00:00+00:00,London,1,2022-12-13 08:30:00+00:00,17171.3,17123.65,17266.599999999995,2022-12-13 09:58:00+00:00,17266.599999999995,target,0.5565402236088641,0.49499583607528636,1.7837821615949534,False
2022-12-14 00:00:00+00:00,Asia,1,2022-12-14 03:20:00+00:00,17833.9,17791.7,17918.300000000003,2022-12-14 03:40:00+00:00,17791.7,stop,0.47437850233536677,-0.31662799499829386,-1.3380834123222691,True
2022-12-14 13:30:00+00:00,NY,1,2022-12-14 14:35:00+00:00,17948.0,17900.9,18042.199999999997,2022-12-14 14:37:00+00:00,18042.199999999997,target,0.5262305247222248,0.4648495654111717,1.7713630573248338,True
2022-12-15 07:00:00+00:00,London,-1,2022-12-15 08:35:00+00:00,17675.9,17706.1,17615.500000000007,2022-12-15 09:02:00+00:00,17615.500000000007,target,0.3411253748707949,0.2817082015625466,1.6488231788079133,True
2022-12-15 13:30:00+00:00,NY,-1,2022-12-15 15:25:00+00:00,17446.0,17509.2,17319.6,2022-12-15 18:48:00+00:00,17319.6,target,0.7219061978845489,0.6645213802590935,1.834373417721521,True
2022-12-16 00:00:00+00:00,Asia,1,2022-12-16 04:00:00+00:00,17418.7,17378.5,17499.100000000002,2022-12-16 05:01:00+00:00,17378.5,stop,0.46264061915586185,-0.31078645363890944,-1.3466407960198943,True
2022-12-16 13:30:00+00:00,NY,1,2022-12-16 14:50:00+00:00,17047.0,16958.8,17223.4,2022-12-16 15:20:00+00:00,16958.8,stop,1.0401679364106038,-0.5973930896932054,-1.1546213151927425,True
2022-12-17 00:00:00+00:00,Asia,-1,2022-12-17 02:30:00+00:00,16593.4,16656.800000000003,16466.6,2022-12-17 02:52:00+00:00,16656.800000000003,stop,0.7612506603909469,-0.4620796220184016,-1.2093804416403737,True
2022-12-17 07:00:00+00:00,London,-1,2022-12-17 10:40:00+00:00,16670.0,16705.3,16599.4,2022-12-17 10:52:00+00:00,16705.3,stop,0.4226203659916227,-0.2917576484703016,-1.3777903682719623,True
2022-12-18 00:00:00+00:00,Asia,-1,2022-12-18 01:33:00+00:00,16712.9,16743.95,16650.800000000003,2022-12-18 04:11:00+00:00,16743.95,stop,0.3708802283809886,-0.2657846334268694,-1.430606119162651,False
2022-12-19 13:30:00+00:00,NY,1,2022-12-19 14:41:00+00:00,16731.4,16693.9,16806.4,2022-12-19 14:47:00+00:00,16693.9,stop,0.4492658995201839,-0.3041294810954253,-1.3569365333333334,False
2022-12-20 00:00:00+00:00,Asia,1,2022-12-20 01:21:00+00:00,16469.9,16430.1,16549.500000000007,2022-12-20 01:34:00+00:00,16549.500000000007,target,0.4844766617367039,0.4233059095683995,1.7517100502512746,True
2022-12-20 07:00:00+00:00,London,-1,2022-12-20 08:20:00+00:00,16772.2,16805.9,16704.8,2022-12-20 08:46:00+00:00,16805.9,stop,0.40104963137944305,-0.280927725641244,-1.3981531157269944,True
2022-12-21 00:00:00+00:00,Asia,-1,2022-12-21 03:31:00+00:00,16810.7,16864.45,16703.2,2022-12-21 06:59:00+00:00,16829.0,time,0.6374355523008458,-0.1688592384612138,-0.5281194418604516,True
2022-12-21 13:30:00+00:00,NY,1,2022-12-21 14:50:00+00:00,16859.6,16831.449999999997,16915.9,2022-12-21 14:54:00+00:00,16831.449999999997,stop,0.33449286900415165,-0.24696718783364643,-1.4791360568383412,True
2022-12-23 00:00:00+00:00,Asia,1,2022-12-23 03:32:00+00:00,16827.4,16795.7,16890.800000000003,2022-12-23 06:59:00+00:00,16835.1,time,0.37747756866341653,-0.014241296932401382,-0.07559747634078408,False
2022-12-28 00:00:00+00:00,Asia,-1,2022-12-28 01:10:00+00:00,16664.0,16690.6,16610.800000000003,2022-12-28 01:28:00+00:00,16690.6,stop,0.31874228607719757,-0.2396255400864051,-1.5011729323308547,False
2022-12-29 00:00:00+00:00,Asia,-1,2022-12-29 02:41:00+00:00,16534.9,16561.75,16481.200000000004,2022-12-29 04:26:00+00:00,16561.75,stop,0.3242410977100674,-0.2423838063731776,-1.492659962756079,False
2022-12-29 13:30:00+00:00,NY,1,2022-12-29 15:10:00+00:00,16650.0,16618.3,16713.4,2022-12-29 15:46:00+00:00,16618.3,stop,0.381507133702012,-0.27039039039039475,-1.4201892744479399,False
2022-12-30 13:30:00+00:00,NY,1,2022-12-30 14:36:00+00:00,16488.8,16461.949999999997,16542.500000000004,2022-12-30 14:46:00+00:00,16461.949999999997,stop,0.32620679810108,-0.2428378050555661,-1.4912864059589916,False
2022-12-31 13:30:00+00:00,NY,-1,2022-12-31 14:55:00+00:00,16583.3,16611.65,16526.599999999995,2022-12-31 15:11:00+00:00,16611.65,stop,0.3413267195010774,-0.25095511749773675,-1.46795908289238,False
2023-01-05 00:00:00+00:00,Asia,-1,2023-01-05 01:20:00+00:00,16817.4,16843.2,16765.800000000003,2023-01-05 06:59:00+00:00,16810.5,time,0.3063550869193416,-0.01897106568196359,-0.12366046511622615,False
2023-01-06 13:30:00+00:00,NY,1,2023-01-06 15:47:00+00:00,16812.6,16738.699999999997,16960.4,2023-01-06 20:01:00+00:00,16960.4,target,0.8829837442573157,0.8191025778285508,1.8634971583220596,False
2023-01-09 00:00:00+00:00,Asia,1,2023-01-09 01:50:00+00:00,17192.3,17145.25,17286.399999999998,2023-01-09 06:59:00+00:00,17180.9,time,0.5488400577419317,-0.1263087545005486,-0.4615383634431063,False
2023-01-09 13:30:00+00:00,NY,1,2023-01-09 15:56:00+00:00,17289.0,17235.45,17396.1,2023-01-09 20:13:00+00:00,17235.45,stop,0.6213936972924905,-0.38973451327433206,-1.2582857142857178,False
2023-01-10 13:30:00+00:00,NY,1,2023-01-10 15:31:00+00:00,17298.9,17251.65,17393.4,2023-01-10 18:23:00+00:00,17393.4,target,0.5477736912121449,0.486277508974559,1.7803314285714287,False
2023-01-11 00:00:00+00:00,Asia,-1,2023-01-11 02:34:00+00:00,17420.3,17453.9,17353.099999999995,2023-01-11 06:59:00+00:00,17427.1,time,0.3850142375056619,-0.09903491903124097,-0.513457738095183,True
2023-01-12 07:00:00+00:00,London,-1,2023-01-12 08:16:00+00:00,18110.4,18141.65,18047.9,2023-01-12 08:59:00+00:00,18141.65,stop,0.3445111111723575,-0.25255278734870573,-1.46362624,True
2023-01-13 07:00:00+00:00,London,1,2023-01-13 09:07:00+00:00,18848.5,18814.05,18917.4,2023-01-13 09:57:00+00:00,18917.4,target,0.3662156739245482,0.30554632994668784,1.671724238026132,True
2023-01-14 07:00:00+00:00,London,1,2023-01-14 08:40:00+00:00,20985.9,20920.7,21116.300000000003,2023-01-14 09:09:00+00:00,20920.7,stop,0.6233061035242676,-0.39068479312300514,-1.2574957055214697,True
2023-01-14 13:30:00+00:00,NY,1,2023-01-14 14:37:00+00:00,21009.8,20935.75,21157.899999999998,2023-01-14 14:38:00+00:00,20935.75,stop,0.7074024097536441,-0.4324545688202614,-1.2269796083727234,True
2023-01-15 00:00:00+00:00,Asia,-1,2023-01-15 03:25:00+00:00,20632.1,20822.05,20252.199999999997,2023-01-15 06:59:00+00:00,20725.5,time,1.8245081536160053,-0.5126926488336206,-0.5568794946038486,True
2023-01-15 07:00:00+00:00,London,-1,2023-01-15 08:30:00+00:00,20673.9,20713.95,20593.800000000003,2023-01-15 08:46:00+00:00,20713.95,stop,0.38669592231321664,-0.27372251969874706,-1.4129617977528166,True
2023-01-15 13:30:00+00:00,NY,1,2023-01-15 15:15:00+00:00,20880.0,20788.2,21063.6,2023-01-15 17:28:00+00:00,21063.6,target,0.8831933500735923,0.8193103448275791,1.8635294117647048,True
2023-01-16 13:30:00+00:00,NY,-1,2023-01-16 15:17:00+00:00,20758.1,20826.65,20620.999999999993,2023-01-16 15:23:00+00:00,20826.65,stop,0.6582911798104937,-0.4102325357330532,-1.2422535375638117,True
2023-01-17 00:00:00+00:00,Asia,-1,2023-01-17 02:01:00+00:00,21067.2,21188.050000000003,20825.499999999996,2023-01-17 04:21:00+00:00,21188.050000000003,stop,1.1407373495909283,-0.6536405407458142,-1.1394601572196912,True
2023-01-17 07:00:00+00:00,London,1,2023-01-17 08:32:00+00:00,21181.9,21122.0,21301.700000000004,2023-01-17 10:26:00+00:00,21122.0,stop,0.5671811381498102,-0.3627886072543136,-1.2828968280467377,True
2023-01-17 13:30:00+00:00,NY,-1,2023-01-17 14:35:00+00:00,21205.4,21422.7,20770.800000000003,2023-01-17 18:54:00+00:00,21422.7,stop,2.0286891941725296,-1.10473898158016,-1.078068660837552,True
2023-01-18 00:00:00+00:00,Asia,1,2023-01-18 01:12:00+00:00,21240.0,21171.8,21376.4,2023-01-18 02:38:00+00:00,21171.8,stop,0.6442532047346067,-0.4010922787194008,-1.2491495601172993,True
2023-01-18 07:00:00+00:00,London,-1,2023-01-18 08:26:00+00:00,21244.1,21276.949999999997,21178.4,2023-01-18 09:07:00+00:00,21178.4,target,0.3087848587321056,0.24926233636631862,1.611979908675782,True
2023-01-19 00:00:00+00:00,Asia,1,2023-01-19 01:30:00+00:00,20773.2,20719.7,20880.2,2023-01-19 01:50:00+00:00,20719.7,stop,0.5164167434856681,-0.3375433731923825,-1.310627289719626,True
2023-01-19 13:30:00+00:00,NY,1,2023-01-19 14:44:00+00:00,20817.0,20759.75,20931.5,2023-01-19 14:53:00+00:00,20759.75,stop,0.5515480677753827,-0.3550156122399961,-1.290892576419214,True
2023-01-20 00:00:00+00:00,Asia,-1,2023-01-20 01:07:00+00:00,21024.6,21071.5,20930.799999999996,2023-01-20 01:21:00+00:00,21071.5,stop,0.4451510333863413,-0.3030720203951631,-1.3586285714285602,True
2023-01-20 13:30:00+00:00,NY,-1,2023-01-20 14:35:00+00:00,21035.0,21070.0,20965.0,2023-01-20 14:40:00+00:00,21070.0,stop,0.33222591362126247,-0.24638935108153076,-1.4808,True
2023-01-21 07:00:00+00:00,London,1,2023-01-21 08:22:00+00:00,22678.6,22637.6,22760.6,2023-01-21 08:43:00+00:00,22760.6,target,0.362229211577199,0.30157434762286917,1.6681180487804879,True
2023-01-21 13:30:00+00:00,NY,1,2023-01-21 14:48:00+00:00,22974.5,22911.15,23101.199999999997,2023-01-21 15:17:00+00:00,23101.199999999997,target,0.5530058508630109,0.4914809897930188,1.7824041041831047,True
2023-01-22 00:00:00+00:00,Asia,-1,2023-01-22 02:49:00+00:00,22708.4,22841.35,22442.500000000007,2023-01-22 04:34:00+00:00,22841.35,stop,1.1641168319735824,-0.6654661711084756,-1.1366432493418608,True
2023-01-22 07:00:00+00:00,London,-1,2023-01-22 08:23:00+00:00,22875.0,22917.5,22790.0,2023-01-22 08:48:00+00:00,22917.5,stop,0.3708956037962256,-0.26579234972677596,-1.4305882352941177,True
2023-01-23 00:00:00+00:00,Asia,-1,2023-01-23 03:35:00+00:00,22660.0,22738.95,22502.1,2023-01-23 04:43:00+00:00,22738.95,stop,0.6944032156278168,-0.4284112974404269,-1.2296136795440131,True
2023-01-23 07:00:00+00:00,London,1,2023-01-23 09:30:00+00:00,22781.5,22689.15,22966.199999999997,2023-01-23 12:50:00+00:00,22966.199999999997,target,0.8140454798879673,0.7507455610912236,1.8519880887926343,True
2023-01-24 00:00:00+00:00,Asia,1,2023-01-24 01:50:00+00:00,23007.8,22935.55,23152.3,2023-01-24 05:42:00+00:00,23152.3,target,0.6300263128636548,0.5680478794148072,1.8089317647058825,True
2023-01-25 00:00:00+00:00,Asia,-1,2023-01-25 01:59:00+00:00,22489.0,22594.0,22279.0,2023-01-25 03:13:00+00:00,22594.0,stop,0.9294502965389041,-0.5468949264084663,-1.1713447619047619,True
2023-01-25 07:00:00+00:00,London,-1,2023-01-25 08:15:00+00:00,22691.8,22729.25,22616.899999999998,2023-01-25 09:13:00+00:00,22616.899999999998,target,0.3295313307742291,0.27007518134304664,1.636446461949273,True
2023-01-25 13:30:00+00:00,NY,-1,2023-01-25 14:40:00+00:00,22528.0,22608.0,22368.0,2023-01-25 15:02:00+00:00,22368.0,target,0.7077140835102618,0.6502272727272728,1.83104,True
2023-01-26 07:00:00+00:00,London,-1,2023-01-26 10:10:00+00:00,22941.7,23015.7,22793.7,2023-01-26 12:23:00+00:00,23015.7,stop,0.6430393166403803,-0.40255674165384436,-1.2480183783783785,True
2023-01-27 00:00:00+00:00,Asia,-1,2023-01-27 01:30:00+00:00,22889.8,22979.25,22710.899999999998,2023-01-27 01:36:00+00:00,22710.899999999998,target,0.7785284550192084,0.7215708306756786,1.8464630519843501,True
2023-01-27 07:00:00+00:00,London,-1,2023-01-27 09:30:00+00:00,22927.0,23000.9,22779.199999999997,2023-01-27 13:29:00+00:00,22925.6,time,0.6425835510784328,-0.05389366249399635,-0.16720162381594453,True
2023-01-27 13:30:00+00:00,NY,1,2023-01-27 14:55:00+00:00,23020.5,22925.25,23211.0,2023-01-27 15:55:00+00:00,22925.25,stop,0.8309614944220892,-0.4937616472274711,-1.193348031496063,True
2023-01-29 00:00:00+00:00,Asia,1,2023-01-29 02:08:00+00:00,23141.9,23051.7,23322.300000000003,2023-01-29 06:59:00+00:00,23196.2,time,0.7825887027854842,0.1746393338489894,0.44805831485586417,False
2023-01-29 13:30:00+00:00,NY,1,2023-01-29 17:26:00+00:00,23603.6,23510.35,23790.1,2023-01-29 19:15:00+00:00,23790.1,target,0.7932676459516766,0.7301337084173601,1.8481269705093835,False
2023-01-30 00:00:00+00:00,Asia,-1,2023-01-30 01:17:00+00:00,23685.0,23744.8,23565.4,2023-01-30 04:10:00+00:00,23744.8,stop,0.5036892287995627,-0.3324804728731234,-1.3168561872909736,True
2023-01-30 13:30:00+00:00,NY,1,2023-01-30 14:55:00+00:00,23219.0,23122.25,23412.5,2023-01-30 15:40:00+00:00,23122.25,stop,0.8368562748002465,-0.4966846117403851,-1.1919917312661499,True
2023-01-31 00:00:00+00:00,Asia,1,2023-01-31 02:15:00+00:00,22873.9,22794.6,23032.500000000007,2023-01-31 04:12:00+00:00,22794.6,stop,0.6957788248093943,-0.4266833377780042,-1.2307581336696005,True
2023-02-01 07:00:00+00:00,London,-1,2023-02-01 09:29:00+00:00,23011.5,23061.05,22912.4,2023-02-01 11:23:00+00:00,23061.05,stop,0.4297289152055026,-0.29532711904916786,-1.371527749747735,True
2023-02-01 13:30:00+00:00,NY,-1,2023-02-01 14:37:00+00:00,23061.5,23098.8,22986.9,2023-02-01 14:43:00+00:00,23098.8,stop,0.3229605001125537,-0.24174143052272953,-1.4946166219839239,True
2023-02-02 07:00:00+00:00,London,1,2023-02-02 08:31:00+00:00,23836.8,23790.4,23929.599999999995,2023-02-02 08:44:00+00:00,23790.4,stop,0.390073306880083,-0.2746570009397143,-1.410979310344847,True
2023-02-02 13:30:00+00:00,NY,-1,2023-02-02 15:30:00+00:00,23716.0,23833.0,23482.0,2023-02-02 15:52:00+00:00,23833.0,stop,0.9818319137330592,-0.5733378310001687,-1.162160683760684,True
2023-02-03 00:00:00+00:00,Asia,1,2023-02-03 01:10:00+00:00,23582.0,23510.75,23724.5,2023-02-03 02:23:00+00:00,23510.75,stop,0.6061057175972693,-0.38213722330591127,-1.2647803508771929,True
2023-02-03 13:30:00+00:00,NY,1,2023-02-03 14:50:00+00:00,23505.6,23363.8,23789.199999999997,2023-02-03 18:30:00+00:00,23363.8,stop,1.2138436384492186,-0.6832604996256181,-1.1326126939351207,True
2023-02-04 00:00:00+00:00,Asia,-1,2023-02-04 02:00:00+00:00,23378.4,23421.2,23292.800000000003,2023-02-04 05:16:00+00:00,23292.800000000003,target,0.36548084641264555,0.3061499503815426,1.6722654205607421,True
2023-02-05 13:30:00+00:00,NY,-1,2023-02-05 16:23:00+00:00,23122.9,23168.95,23030.800000000003,2023-02-05 17:07:00+00:00,23030.800000000003,target,0.39751477732050244,0.33830644080110434,1.698724429967422,False
2023-02-06 00:00:00+00:00,Asia,-1,2023-02-06 02:55:00+00:00,22910.6,23002.3,22727.199999999997,2023-02-06 05:27:00+00:00,22727.199999999997,target,0.7973115731905133,0.7405028240203289,1.8500942202835344,True
2023-02-06 07:00:00+00:00,London,1,2023-02-06 08:07:00+00:00,22883.7,22817.300000000003,23016.499999999996,2023-02-06 09:23:00+00:00,22817.300000000003,stop,0.5820145240672615,-0.3701628670188729,-1.2757072289156717,True
2023-02-06 13:30:00+00:00,NY,-1,2023-02-06 15:25:00+00:00,22778.1,22831.25,22671.799999999996,2023-02-06 15:51:00+00:00,22831.25,stop,0.46558992608815947,-0.3133381625333169,-1.342850047036679,True
2023-02-07 00:00:00+00:00,Asia,1,2023-02-07 01:08:00+00:00,22820.0,22781.2,22897.6,2023-02-07 04:31:00+00:00,22897.6,target,0.3406317489859996,0.2800525854513521,1.6471134020618492,True
2023-02-07 07:00:00+00:00,London,-1,2023-02-07 08:16:00+00:00,22880.4,22916.4,22808.4,2023-02-07 09:08:00+00:00,22916.4,stop,0.3141854741582447,-0.23733990664498872,-1.5084533333333334,True
2023-02-07 13:30:00+00:00,NY,-1,2023-02-07 15:38:00+00:00,22930.0,22968.9,22852.199999999997,2023-02-07 16:33:00+00:00,22968.9,stop,0.3387188763937292,-0.24964675098125363,-1.4715681233932987,True
2023-02-08 00:00:00+00:00,Asia,1,2023-02-08 01:17:00+00:00,23357.5,23290.05,23492.4,2023-02-08 01:31:00+00:00,23290.05,stop,0.5792173052440912,-0.36877234293053934,-1.2770348406226804,True
2023-02-08 13:30:00+00:00,NY,-1,2023-02-08 14:55:00+00:00,23030.2,23077.6,22935.400000000005,2023-02-08 15:12:00+00:00,22935.400000000005,target,0.4107879502201237,0.3516334204652831,1.708478481012645,True
2023-02-09 00:00:00+00:00,Asia,-1,2023-02-09 02:19:00+00:00,22921.8,22964.8,22835.8,2023-02-09 02:55:00+00:00,22835.8,target,0.374486170138647,0.3151886850072857,1.6801609302325582,True
2023-02-09 07:00:00+00:00,London,1,2023-02-09 08:25:00+00:00,22731.8,22685.1,22825.2,2023-02-09 09:25:00+00:00,22685.1,stop,0.4117239950451963,-0.28543907653595724,-1.3894098501070602,True
2023-02-09 13:30:00+00:00,NY,-1,2023-02-09 15:07:00+00:00,22683.4,22725.4,22599.4,2023-02-09 15:28:00+00:00,22599.4,target,0.3696304575497021,0.31031485579763174,1.6759514285714285,True
2023-02-10 00:00:00+00:00,Asia,1,2023-02-10 01:55:00+00:00,21877.6,21814.35,22004.1,2023-02-10 03:50:00+00:00,21814.35,stop,0.579893510464442,-0.3691084945332212,-1.2767127272727272,True
2023-02-10 07:00:00+00:00,London,-1,2023-02-10 10:02:00+00:00,21821.5,21867.75,21729.0,2023-02-10 11:51:00+00:00,21729.0,target,0.4229973362600176,0.363893866141191,1.7169102702702703,True
2023-02-10 13:30:00+00:00,NY,1,2023-02-10 14:40:00+00:00,21830.0,21782.5,21925.0,2023-02-10 15:00:00+00:00,21782.5,stop,0.43612992080798807,-0.29759047182775994,-1.367663157894737,True
2023-02-11 00:00:00+00:00,Asia,1,2023-02-11 01:20:00+00:00,21684.9,21639.65,21775.4,2023-02-11 01:45:00+00:00,21639.65,stop,0.4182137881157967,-0.28867054955291466,-1.3833794475138121,False
2023-02-12 00:00:00+00:00,Asia,-1,2023-02-12 01:27:00+00:00,21792.0,21833.35,21709.300000000003,2023-02-12 06:59:00+00:00,21802.9,time,0.37877833681043327,-0.11001835535977174,-0.5798113663845781,False
2023-02-13 00:00:00+00:00,Asia,-1,2023-02-13 02:26:00+00:00,21680.0,21772.7,21494.6,2023-02-13 03:21:00+00:00,21772.7,stop,0.8515250749792237,-0.5075830258302617,-1.187098166127291,False
2023-02-13 07:00:00+00:00,London,-1,2023-02-13 08:32:00+00:00,21781.5,21834.75,21675.0,2023-02-13 09:08:00+00:00,21675.0,target,0.48775461134201215,0.42894704221472346,1.754574647887324,False
2023-02-13 13:30:00+00:00,NY,1,2023-02-13 14:42:00+00:00,21634.0,21592.55,21716.9,2023-02-13 15:18:00+00:00,21592.55,stop,0.38392871615442115,-0.2715965609688487,-1.4175440289505357,False
2023-02-14 00:00:00+00:00,Asia,-1,2023-02-14 02:11:00+00:00,21722.3,21764.4,21638.099999999995,2023-02-14 06:59:00+00:00,21736.7,time,0.38687030196100386,-0.1262913227420736,-0.6516242280285043,True
2023-02-14 13:30:00+00:00,NY,1,2023-02-14 15:41:00+00:00,21846.9,21666.050000000003,22208.6,2023-02-14 19:31:00+00:00,22208.6,target,1.6694321299913952,1.595612466757284,1.927519270113353,True
2023-02-15 00:00:00+00:00,Asia,-1,2023-02-15 02:10:00+00:00,22098.6,22144.699999999997,22006.4,2023-02-15 06:07:00+00:00,22144.699999999997,stop,0.4163524455061515,-0.2886105002126766,-1.3834898047722464,True
2023-02-15 07:00:00+00:00,London,-1,2023-02-15 09:02:00+00:00,22085.1,22124.75,22005.799999999996,2023-02-15 09:46:00+00:00,22124.75,stop,0.35842212906361837,-0.2595328071867524,-1.445601008827222,True
2023-02-15 13:30:00+00:00,NY,1,2023-02-15 14:52:00+00:00,22759.4,22685.15,22907.9,2023-02-15 14:54:00+00:00,22685.15,stop,0.6546132602164852,-0.40623882879162015,-1.2452191245791246,True
2023-02-16 07:00:00+00:00,London,1,2023-02-16 08:30:00+00:00,24652.0,24539.5,24877.0,2023-02-16 11:35:00+00:00,24539.5,stop,0.9168890971698689,-0.5363524257666721,-1.1753031111111112,True
2023-02-16 13:30:00+00:00,NY,1,2023-02-16 16:07:00+00:00,24694.0,24527.5,25027.0,2023-02-16 16:33:00+00:00,25027.0,target,1.3576597696463153,1.2885057098890418,1.9110126126126126,True
2023-02-17 00:00:00+00:00,Asia,1,2023-02-17 02:08:00+00:00,23787.3,23568.65,24224.599999999995,2023-02-17 06:59:00+00:00,23673.1,time,1.8554308371501942,-0.5400881142458401,-0.5875709124171141,True
2023-02-17 07:00:00+00:00,London,-1,2023-02-17 08:05:00+00:00,23629.2,23710.65,23466.3,2023-02-17 08:55:00+00:00,23710.65,stop,0.6870330421139775,-0.4247006246508587,-1.2320854511970512,True
2023-02-17 13:30:00+00:00,NY,1,2023-02-17 14:47:00+00:00,23983.5,23867.95,24214.6,2023-02-17 14:50:00+00:00,23867.95,stop,0.9682440259846301,-0.5617895636583454,-1.1660475984422338,True
2023-02-18 00:00:00+00:00,Asia,-1,2023-02-18 02:36:00+00:00,24546.7,24672.95,24294.2,2023-02-18 06:04:00+00:00,24672.95,stop,1.0233879613098555,-0.5943257545820823,-1.1555434455445546,True
2023-02-19 07:00:00+00:00,London,1,2023-02-19 10:45:00+00:00,24663.4,24608.5,24773.200000000004,2023-02-19 13:29:00+00:00,24689.4,time,0.44618729300852517,0.04541936634851641,0.20404298724953918,False
2023-02-19 13:30:00+00:00,NY,1,2023-02-19 15:03:00+00:00,24752.0,24708.95,24838.1,2023-02-19 15:16:00+00:00,24838.1,target,0.34845673328894405,0.28785067873302583,1.6550243902438968,False
2023-02-20 00:00:00+00:00,Asia,-1,2023-02-20 01:42:00+00:00,24136.8,24273.25,23863.899999999998,2023-02-20 01:50:00+00:00,24273.25,stop,1.1242829040198632,-0.6453193463922339,-1.1415129351410764,True
2023-02-20 07:00:00+00:00,London,-1,2023-02-20 08:42:00+00:00,24449.9,24494.85,24360.000000000007,2023-02-20 08:47:00+00:00,24494.85,stop,0.36701592375539277,-0.26384533270073535,-1.4351483870968023,True
2023-02-20 13:30:00+00:00,NY,1,2023-02-20 15:06:00+00:00,25023.0,24906.3,25256.4,2023-02-20 15:13:00+00:00,24906.3,stop,0.9371122968887449,-0.5463709387363654,-1.171537275064266,True
2023-02-21 00:00:00+00:00,Asia,1,2023-02-21 02:55:00+00:00,24951.3,24869.25,25115.399999999998,2023-02-21 03:02:00+00:00,24869.25,stop,0.6598510208389821,-0.4088405814526669,-1.2432789762340057,True
2023-02-21 07:00:00+00:00,London,1,2023-02-21 08:11:00+00:00,25053.9,24996.300000000003,25169.1,2023-02-21 08:18:00+00:00,25169.1,target,0.46086820849486015,0.3998086525451011,1.7390218749999935,True
2023-02-21 13:30:00+00:00,NY,1,2023-02-21 14:37:00+00:00,24695.6,24600.6,24885.6,2023-02-21 15:13:00+00:00,24600.6,stop,0.7723388860434299,-0.46468391130403797,-1.207962947368421,True
2023-02-22 00:00:00+00:00,Asia,-1,2023-02-22 03:08:00+00:00,24259.2,24363.85,24049.900000000005,2023-02-22 04:40:00+00:00,24049.900000000005,target,0.8590596313800951,0.8027654662973043,1.860912374581937,True
2023-02-22 07:00:00+00:00,London,-1,2023-02-22 08:42:00+00:00,23927.9,24013.95,23755.800000000003,2023-02-22 09:19:00+00:00,24013.95,stop,0.7166667707728156,-0.43962203118534954,-1.2224557815223724,True
2023-02-22 13:30:00+00:00,NY,-1,2023-02-22 15:00:00+00:00,23929.0,24033.7,23719.6,2023-02-22 15:12:00+00:00,23719.6,target,0.8712765824654608,0.8150888043796292,1.8628710601719207,True
2023-02-23 13:30:00+00:00,NY,-1,2023-02-23 17:05:00+00:00,23830.0,24007.5,23475.0,2023-02-23 19:17:00+00:00,24007.5,stop,1.4787045714880767,-0.8248594208980278,-1.1074028169014085,True
2023-02-24 00:00:00+00:00,Asia,1,2023-02-24 01:26:00+00:00,24017.2,23948.1,24155.400000000005,2023-02-24 02:07:00+00:00,23948.1,stop,0.5770812715831349,-0.36771047416019426,-1.2780573082489057,True
2023-02-24 07:00:00+00:00,London,-1,2023-02-24 08:15:00+00:00,23755.5,23823.5,23619.5,2023-02-24 08:29:00+00:00,23823.5,stop,0.5708649023023485,-0.3662495001157626,-1.2794764705882353,True
2023-02-25 00:00:00+00:00,Asia,1,2023-02-25 01:55:00+00:00,23191.8,23145.9,23283.599999999995,2023-02-25 02:18:00+00:00,23145.9,stop,0.3966145192021017,-0.27791478022403526,-1.4042143790849866,True
2023-02-26 00:00:00+00:00,Asia,-1,2023-02-26 01:40:00+00:00,23070.0,23110.65,22988.699999999997,2023-02-26 02:35:00+00:00,23110.65,stop,0.3517858649583602,-0.25620286085826377,-1.4540221402213858,False
2023-02-26 07:00:00+00:00,London,-1,2023-02-26 08:22:00+00:00,23127.5,23163.25,23056.0,2023-02-26 09:02:00+00:00,23163.25,stop,0.3086786180695714,-0.23457788347205707,-1.5175384615384615,False
2023-02-26 13:30:00+00:00,NY,-1,2023-02-26 17:12:00+00:00,23158.3,23245.35,22984.2,2023-02-26 18:00:00+00:00,23245.35,stop,0.7489669977006248,-0.45589114917761353,-1.2128275703618627,False
2023-02-27 00:00:00+00:00,Asia,-1,2023-02-27 01:10:00+00:00,23441.6,23497.5,23329.799999999996,2023-02-27 01:35:00+00:00,23497.5,stop,0.47579529737207327,-0.31846495119787666,-1.335479069767433,False
2023-02-28 00:00:00+00:00,Asia,-1,2023-02-28 01:07:00+00:00,23403.4,23471.2,23267.800000000003,2023-02-28 03:12:00+00:00,23471.2,stop,0.5777293022938689,-0.36970149636377303,-1.2761463126843688,True
2023-03-01 00:00:00+00:00,Asia,1,2023-03-01 01:35:00+00:00,23209.6,23109.0,23410.799999999996,2023-03-01 03:14:00+00:00,23410.799999999996,target,0.8706564541953226,0.8068826692403018,1.8615729622266382,False
2023-03-01 07:00:00+00:00,London,1,2023-03-01 09:23:00+00:00,23768.6,23726.85,23852.1,2023-03-01 09:48:00+00:00,23726.85,stop,0.3519219786865935,-0.2556519105037739,-1.4554462275449103,False
2023-03-01 13:30:00+00:00,NY,1,2023-03-01 14:58:00+00:00,23708.0,23659.0,23806.0,2023-03-01 14:59:00+00:00,23659.0,stop,0.4142186905617313,-0.2866812890163658,-1.387069387755102,False
2023-03-02 07:00:00+00:00,London,1,2023-03-02 08:45:00+00:00,23436.0,23380.5,23547.0,2023-03-02 09:57:00+00:00,23380.5,stop,0.47475460319497015,-0.3168151561699949,-1.3378162162162162,True
2023-03-03 07:00:00+00:00,London,1,2023-03-03 09:08:00+00:00,22394.7,22357.4,22469.3,2023-03-03 09:42:00+00:00,22357.4,stop,0.33367028366447876,-0.2465572657816326,-1.4803152815013498,False
2023-03-05 00:00:00+00:00,Asia,1,2023-03-05 02:34:00+00:00,22380.0,22342.35,22455.300000000003,2023-03-05 02:35:00+00:00,22342.35,stop,0.3370281102927815,-0.24823056300268745,-1.4755378486055593,False
2023-03-06 00:00:00+00:00,Asia,1,2023-03-06 01:25:00+00:00,22458.5,22407.25,22561.0,2023-03-06 01:32:00+00:00,22407.25,stop,0.45744122995905345,-0.3081986775608344,-1.350571707317073,False
2023-03-06 13:30:00+00:00,NY,1,2023-03-06 16:27:00+00:00,22480.6,22435.8,22570.199999999997,2023-03-06 19:17:00+00:00,22435.8,stop,0.39936173437095424,-0.27928293728814746,-1.401439285714292,False
2023-03-08 00:00:00+00:00,Asia,-1,2023-03-08 02:04:00+00:00,22177.0,22226.7,22077.6,2023-03-08 03:22:00+00:00,22077.6,target,0.44720988720773414,0.3882121116472086,1.7322696177062413,False
2023-03-08 07:00:00+00:00,London,-1,2023-03-08 08:06:00+00:00,21951.3,21989.85,21874.2,2023-03-08 08:23:00+00:00,21989.85,stop,0.35061630706895314,-0.2556160227412467,-1.4555392996109036,False
2023-03-08 13:30:00+00:00,NY,1,2023-03-08 15:21:00+00:00,22035.6,21977.8,22151.199999999997,2023-03-08 15:31:00+00:00,22151.199999999997,target,0.5259853124516491,0.4646056381491702,1.7712567474048415,False
2023-03-09 00:00:00+00:00,Asia,-1,2023-03-09 01:11:00+00:00,21668.6,21712.4,21580.999999999993,2023-03-09 01:14:00+00:00,21712.4,stop,0.4034560896077917,-0.282135809420096,-1.3957735159817088,False
2023-03-09 07:00:00+00:00,London,-1,2023-03-09 08:34:00+00:00,21660.0,21697.45,21585.1,2023-03-09 09:44:00+00:00,21585.1,target,0.34520185551759053,0.2857987072945589,1.652977303070768,False
2023-03-10 00:00:00+00:00,Asia,-1,2023-03-10 01:15:00+00:00,20000.1,20175.949999999997,19648.4,2023-03-10 06:59:00+00:00,19867.3,time,1.7431645102213316,0.6039966800165963,0.6869487631504139,True
2023-03-10 13:30:00+00:00,NY,-1,2023-03-10 14:53:00+00:00,19856.0,20074.5,19419.0,2023-03-10 16:21:00+00:00,20074.5,stop,2.1768910807243023,-1.1804230459307012,-1.0726993135011442,True
2023-03-11 00:00:00+00:00,Asia,1,2023-03-11 01:10:00+00:00,20295.9,20210.35,20467.000000000007,2023-03-11 01:36:00+00:00,20467.000000000007,target,0.8465959273342727,0.7830274094768195,1.857655873758041,True
2023-03-11 07:00:00+00:00,London,-1,2023-03-11 08:05:00+00:00,19812.2,20060.25,19316.100000000002,2023-03-11 08:44:00+00:00,20060.25,stop,2.4730499370645855,-1.3320063395281658,-1.0638974400322518,True
2023-03-11 13:30:00+00:00,NY,1,2023-03-11 14:35:00+00:00,20149.9,20101.35,20247.000000000007,2023-03-11 14:56:00+00:00,20101.35,stop,0.48305213331444,-0.32094412379219206,-1.3320271884654795,True
2023-03-12 00:00:00+00:00,Asia,-1,2023-03-12 02:32:00+00:00,20328.0,20409.0,20166.0,2023-03-12 03:09:00+00:00,20409.0,stop,0.793767455534323,-0.47846517119244386,-1.2007703703703703,True
2023-03-12 07:00:00+00:00,London,1,2023-03-12 08:21:00+00:00,20365.8,20314.0,20469.399999999998,2023-03-12 11:23:00+00:00,20469.399999999998,target,0.5099931082012333,0.4486959510551933,1.7641027027026994,True
2023-03-12 13:30:00+00:00,NY,-1,2023-03-12 15:00:00+00:00,20339.4,20381.4,20255.4,2023-03-12 15:09:00+00:00,20381.4,stop,0.41214048102681855,-0.2864957668367798,-1.387417142857143,True
2023-03-13 07:00:00+00:00,London,-1,2023-03-13 08:46:00+00:00,22307.6,22398.0,22126.799999999996,2023-03-13 09:01:00+00:00,22126.799999999996,target,0.8072149299044687,0.7504861123563401,1.8519407079646042,True
2023-03-14 00:00:00+00:00,Asia,1,2023-03-14 01:36:00+00:00,24250.0,24120.0,24510.0,2023-03-14 05:10:00+00:00,24510.0,target,1.077943615257048,1.0121649484536084,1.8880769230769232,True
2023-03-15 00:00:00+00:00,Asia,1,2023-03-15 03:19:00+00:00,24759.2,24538.6,25200.400000000005,2023-03-15 06:59:00+00:00,24799.9,time,1.7979835850456045,0.10438334033410096,0.11715539437896857,True
2023-03-15 07:00:00+00:00,London,-1,2023-03-15 09:31:00+00:00,24730.0,24835.0,24520.0,2023-03-15 09:40:00+00:00,24520.0,target,0.8455808335011074,0.7891710473109584,1.8586857142857143,True
2023-03-15 13:30:00+00:00,NY,-1,2023-03-15 14:35:00+00:00,24713.0,24883.0,24373.0,2023-03-15 15:55:00+00:00,24373.0,target,1.3663947273238757,1.3157941164569256,1.9127776470588236,True
2023-03-16 00:00:00+00:00,Asia,-1,2023-03-16 01:20:00+00:00,24148.1,24266.0,23912.299999999996,2023-03-16 01:22:00+00:00,24266.0,stop,0.9717299925822258,-0.568237169798044,-1.1638547921967748,True
2023-03-16 07:00:00+00:00,London,-1,2023-03-16 09:37:00+00:00,24530.6,24612.75,24366.299999999996,2023-03-16 09:41:00+00:00,24612.75,stop,0.6675401976617928,-0.4148878543533442,-1.2388859403530086,True
2023-03-16 13:30:00+00:00,NY,1,2023-03-16 14:45:00+00:00,24850.0,24725.2,25099.6,2023-03-16 16:30:00+00:00,24725.2,stop,1.0094963842557332,-0.5822132796780655,-1.1592948717948726,True
2023-03-17 13:30:00+00:00,NY,-1,2023-03-17 15:13:00+00:00,26380.0,26504.95,26130.1,2023-03-17 15:17:00+00:00,26504.95,stop,0.9428427520142519,-0.5536542835481453,-1.1688995598239287,True
2023-03-18 07:00:00+00:00,London,-1,2023-03-18 08:31:00+00:00,27258.0,27378.95,27016.1,2023-03-18 09:41:00+00:00,27378.95,stop,0.8835254821678752,-0.5237229437229464,-1.1802926829268283,True
2023-03-18 13:30:00+00:00,NY,-1,2023-03-18 15:30:00+00:00,27337.3,27462.75,27086.399999999998,2023-03-18 15:44:00+00:00,27086.399999999998,target,0.9136011506495215,0.8577936372648414,1.8692516540454371,True
2023-03-19 00:00:00+00:00,Asia,1,2023-03-19 01:05:00+00:00,27129.7,27015.65,27357.8,2023-03-19 06:07:00+00:00,27015.65,stop,0.8443254187850456,-0.5003879880721102,-1.1903003945637889,True
2023-03-19 07:00:00+00:00,London,1,2023-03-19 08:56:00+00:00,26998.8,26907.35,27181.7,2023-03-19 09:27:00+00:00,26907.35,stop,0.6797399223632125,-0.4187187578707228,-1.236184144341168,True
2023-03-20 00:00:00+00:00,Asia,-1,2023-03-20 01:17:00+00:00,27766.2,27907.1,27484.400000000005,2023-03-20 02:38:00+00:00,27484.400000000005,target,1.0097788734766395,0.9549030115752088,1.8817621007806937,True
2023-03-20 07:00:00+00:00,London,1,2023-03-20 08:10:00+00:00,28261.9,27938.0,28909.700000000004,2023-03-20 10:14:00+00:00,27938.0,stop,2.31870570549074,-1.2260659049816234,-1.0698040135844393,True
2023-03-20 13:30:00+00:00,NY,-1,2023-03-20 16:01:00+00:00,27713.7,27936.45,27268.2,2023-03-20 18:30:00+00:00,27936.45,stop,1.5946908071712764,-0.8837540999577826,-1.0995329292929292,True
2023-03-21 07:00:00+00:00,London,1,2023-03-21 09:10:00+00:00,27666.3,27477.15,28044.599999999995,2023-03-21 09:43:00+00:00,28044.599999999995,target,1.3767803429394943,1.3073675193285537,1.9122401268834248,True
2023-03-21 13:30:00+00:00,NY,1,2023-03-21 17:09:00+00:00,28114.5,27910.25,28523.0,2023-03-21 21:37:00+00:00,27910.25,stop,1.4636199962379413,-0.8064934464422272,-1.1101179926560587,True
2023-03-22 13:30:00+00:00,NY,1,2023-03-22 14:52:00+00:00,28420.0,28315.05,28629.9,2023-03-22 15:02:00+00:00,28629.9,target,0.7413018871589542,0.678564391273756,1.8375226298237268,True
2023-03-23 00:00:00+00:00,Asia,-1,2023-03-23 01:55:00+00:00,27178.0,27299.9,26934.199999999997,2023-03-23 02:41:00+00:00,27299.9,stop,0.8930435642621375,-0.5285245419089023,-1.1783625922887593,True
2023-03-23 07:00:00+00:00,London,1,2023-03-23 08:10:00+00:00,27660.6,27589.699999999997,27802.4,2023-03-23 08:16:00+00:00,27589.699999999997,stop,0.5139599198251495,-0.3363212656269259,-1.3121083215796834,True
2023-03-24 00:00:00+00:00,Asia,-1,2023-03-24 02:55:00+00:00,28167.0,28268.05,27964.9,2023-03-24 05:33:00+00:00,28268.05,stop,0.7149414268051689,-0.4387531508502832,-1.2229945571499274,True
2023-03-24 07:00:00+00:00,London,-1,2023-03-24 08:10:00+00:00,28142.4,28226.2,27974.800000000003,2023-03-24 08:39:00+00:00,27974.800000000003,target,0.5937745782287327,0.5355426687133952,1.7985031026252967,True
2023-03-24 13:30:00+00:00,NY,-1,2023-03-24 17:26:00+00:00,27639.0,27949.5,27018.0,2023-03-24 21:34:00+00:00,27018.0,target,2.2218644340685882,2.1868251383914035,1.946591304347826,True
2023-03-25 00:00:00+00:00,Asia,1,2023-03-25 02:42:00+00:00,27571.8,27490.85,27733.7,2023-03-25 04:46:00+00:00,27490.85,stop,0.5889232235452808,-0.37359708107559436,-1.2724822730080272,True
2023-03-25 07:00:00+00:00,London,-1,2023-03-25 09:56:00+00:00,27459.2,27514.35,27348.900000000005,2023-03-25 10:49:00+00:00,27514.35,stop,0.4008817217197545,-0.2808434331662897,-1.398320217588411,True
2023-03-25 13:30:00+00:00,NY,1,2023-03-25 15:58:00+00:00,27641.5,27526.95,27870.6,2023-03-25 17:18:00+00:00,27526.95,stop,0.8322752793171729,-0.49441311072119554,-1.1930440855521618,True
2023-03-27 00:00:00+00:00,Asia,-1,2023-03-27 03:47:00+00:00,27903.3,27961.35,27787.2,2023-03-27 05:52:00+00:00,27787.2,target,0.4152160035191512,0.3560798185160843,1.7115937984496088,False
2023-03-27 13:30:00+00:00,NY,-1,2023-03-27 16:16:00+00:00,27220.0,27527.1,26605.800000000003,2023-03-27 23:59:00+00:00,27112.0,time,2.231255744339218,0.3367670830271859,0.2984956040377741,False
2023-03-28 00:00:00+00:00,Asia,-1,2023-03-28 01:12:00+00:00,26924.8,27037.4,26699.599999999995,2023-03-28 01:35:00+00:00,27037.4,stop,0.8329203251791989,-0.4982018065129627,-1.1912952042628735,True
2023-03-28 07:00:00+00:00,London,-1,2023-03-28 10:06:00+00:00,26912.2,26999.7,26737.2,2023-03-28 10:22:00+00:00,26737.2,target,0.6481553498742578,0.5902627061332779,1.8154592,True
2023-03-28 13:30:00+00:00,NY,1,2023-03-28 15:44:00+00:00,27016.5,26925.75,27198.0,2023-03-28 15:47:00+00:00,26925.75,stop,0.6740759310325617,-0.4159058353228582,-1.2381619834710742,True
2023-03-29 00:00:00+00:00,Asia,1,2023-03-29 01:38:00+00:00,27329.9,27276.75,27436.200000000004,2023-03-29 04:32:00+00:00,27436.200000000004,target,0.38970918456195447,0.32895129510171245,1.691478080903113,False
2023-03-29 13:30:00+00:00,NY,-1,2023-03-29 14:51:00+00:00,28308.0,28448.75,28026.5,2023-03-29 15:32:00+00:00,28448.75,stop,0.9894986598708202,-0.5772092694644623,-1.1608980461811722,False
2023-03-30 07:00:00+00:00,London,-1,2023-03-30 09:00:00+00:00,28567.4,28663.7,28374.800000000003,2023-03-30 11:41:00+00:00,28663.7,stop,0.6719300020583474,-0.4170975307518334,-1.2373200415368657,True
2023-03-30 13:30:00+00:00,NY,-1,2023-03-30 15:51:00+00:00,28233.0,28409.0,27881.0,2023-03-30 17:30:00+00:00,27881.0,target,1.239043964940688,1.1867679665639501,1.9037511363636364,True
2023-03-31 13:30:00+00:00,NY,1,2023-03-31 14:57:00+00:00,28550.0,28401.35,28847.300000000003,2023-03-31 15:15:00+00:00,28401.35,stop,1.0467812269487164,-0.6006654991243483,-1.1536495122771595,True
2023-04-01 00:00:00+00:00,Asia,1,2023-04-01 01:55:00+00:00,28543.3,28472.15,28685.599999999995,2023-04-01 02:01:00+00:00,28685.599999999995,target,0.49978663360511677,0.43854081343080736,1.7592975404075823,True
2023-04-01 13:30:00+00:00,NY,-1,2023-04-01 15:08:00+00:00,28320.2,28375.1,28210.400000000005,2023-04-01 15:31:00+00:00,28375.1,stop,0.3869589886907862,-0.27385456317398116,-1.4126805100182314,True
2023-04-02 00:00:00+00:00,Asia,1,2023-04-02 03:40:00+00:00,28487.8,28414.75,28633.899999999998,2023-04-02 04:39:00+00:00,28414.75,stop,0.5141695774201728,-0.33642555760711346,-1.3119813826146505,False
2023-04-03 13:30:00+00:00,NY,-1,2023-04-03 16:09:00+00:00,28120.0,28245.0,27870.0,2023-04-03 17:00:00+00:00,27870.0,target,0.8851124092759781,0.8290469416785207,1.865024,False
2023-04-04 00:00:00+00:00,Asia,1,2023-04-04 01:30:00+00:00,27857.9,27754.050000000003,28065.6,2023-04-04 04:40:00+00:00,27754.050000000003,stop,0.7483592484700456,-0.45278473969681327,-1.2146010592200318,True
2023-04-04 07:00:00+00:00,London,1,2023-04-04 09:46:00+00:00,28130.0,28040.0,28310.0,2023-04-04 10:16:00+00:00,28310.0,target,0.6419400855920114,0.5798862424457875,1.8124666666666667,True
2023-04-04 13:30:00+00:00,NY,-1,2023-04-04 15:47:00+00:00,28056.9,28173.35,27824.000000000007,2023-04-04 17:23:00+00:00,28173.35,stop,0.8266677551657784,-0.4950494174338472,-1.1927481322456037,True
2023-04-05 07:00:00+00:00,London,1,2023-04-05 09:00:00+00:00,28529.8,28481.6,28626.2,2023-04-05 10:29:00+00:00,28481.6,stop,0.338464131228575,-0.2489461545471778,-1.4735236514522752,False
2023-04-05 13:30:00+00:00,NY,-1,2023-04-05 15:48:00+00:00,28083.5,28291.1,27668.300000000003,2023-04-05 19:44:00+00:00,28291.1,stop,1.4675993510326595,-0.8192240995602349,-1.1082215799614652,False
2023-04-06 07:00:00+00:00,London,-1,2023-04-06 08:05:00+00:00,27889.0,27984.45,27698.1,2023-04-06 09:18:00+00:00,27984.45,stop,0.6821645592463008,-0.42224963247158637,-1.2337475117862737,True
2023-04-07 00:00:00+00:00,Asia,-1,2023-04-07 02:51:00+00:00,27981.4,28038.7,27866.800000000003,2023-04-07 03:43:00+00:00,28038.7,stop,0.40872080374624553,-0.2847788888332938,-1.390665270506113,False
2023-04-09 07:00:00+00:00,London,1,2023-04-09 08:20:00+00:00,27904.0,27862.0,27988.0,2023-04-09 08:28:00+00:00,27862.0,stop,0.3014858947670662,-0.23051605504587155,-1.531504761904762,False
2023-04-10 00:00:00+00:00,Asia,-1,2023-04-10 01:31:00+00:00,28270.3,28345.15,28120.599999999995,2023-04-10 06:59:00+00:00,28252.0,time,0.5281326787827926,0.0047322455014601,0.017873346693376566,False
2023-04-11 00:00:00+00:00,Asia,1,2023-04-11 01:55:00+00:00,30153.7,29863.800000000003,30733.499999999996,2023-04-11 05:58:00+00:00,29863.800000000003,stop,1.9414809903629118,-1.041407721108845,-1.0832113142462925,True
2023-04-11 07:00:00+00:00,London,-1,2023-04-11 09:20:00+00:00,30021.0,30089.5,29884.0,2023-04-11 10:38:00+00:00,30089.5,stop,0.45530833014839067,-0.3081736118050698,-1.3506102189781022,True
2023-04-11 13:30:00+00:00,NY,-1,2023-04-11 14:40:00+00:00,30089.0,30184.5,29898.0,2023-04-11 15:13:00+00:00,30184.5,stop,0.6327750998028789,-0.3973917378443949,-1.25205445026178,True
2023-04-12 00:00:00+00:00,Asia,-1,2023-04-12 01:40:00+00:00,30183.9,30266.95,30017.800000000003,2023-04-12 02:14:00+00:00,30017.800000000003,target,0.5487834089658804,0.49029336831886716,1.781934497290787,False
2023-04-12 07:00:00+00:00,London,-1,2023-04-12 09:00:00+00:00,29910.7,29986.85,29758.400000000005,2023-04-12 09:33:00+00:00,29986.85,stop,0.5078892914727599,-0.33459116637189307,-1.3142292843072971,False
2023-04-12 13:30:00+00:00,NY,-1,2023-04-12 15:46:00+00:00,29940.0,30072.65,29674.699999999997,2023-04-12 17:33:00+00:00,30072.65,stop,0.8821969463948115,-0.5230527722110937,-1.180565397663021,False
2023-04-13 00:00:00+00:00,Asia,1,2023-04-13 01:42:00+00:00,30027.4,29932.050000000003,30218.1,2023-04-13 02:40:00+00:00,30218.1,target,0.6371097201828833,0.5750866208862475,1.8110493969585708,False
2023-04-13 13:30:00+00:00,NY,1,2023-04-13 15:13:00+00:00,30300.0,30225.0,30450.0,2023-04-13 15:41:00+00:00,30450.0,target,0.49627791563275436,0.43504950495049505,1.7576,False
2023-04-14 00:00:00+00:00,Asia,1,2023-04-14 01:05:00+00:00,30822.8,30557.9,31352.599999999995,2023-04-14 02:45:00+00:00,30557.9,stop,1.733757882577007,-0.9394287345731013,-1.0930850887127226,False
2023-04-14 07:00:00+00:00,London,-1,2023-04-14 08:34:00+00:00,30730.0,30846.1,30497.800000000003,2023-04-14 13:29:00+00:00,30657.7,time,0.7527693938617872,0.17527497559387986,0.463927648578811,False
2023-04-15 00:00:00+00:00,Asia,-1,2023-04-15 01:15:00+00:00,30359.6,30479.75,30119.299999999996,2023-04-15 06:59:00+00:00,30376.4,time,0.7883922932438846,-0.11533669745320396,-0.29143370786518924,True
2023-04-15 13:30:00+00:00,NY,-1,2023-04-15 16:15:00+00:00,30270.7,30339.2,30133.7,2023-04-15 22:30:00+00:00,30339.2,stop,0.4515610167703829,-0.3062914303270159,-1.3535264233576643,True
2023-04-16 07:00:00+00:00,London,-1,2023-04-16 09:45:00+00:00,30279.6,30338.5,30161.799999999996,2023-04-16 13:29:00+00:00,30230.2,time,0.38828551180843784,0.10314614459899676,0.5302587436332267,False
2023-04-16 13:30:00+00:00,NY,1,2023-04-16 14:44:00+00:00,30287.0,30214.75,30431.5,2023-04-16 18:59:00+00:00,30431.5,target,0.478243242125121,0.4171023871628091,1.748481660899654,False
2023-04-17 13:30:00+00:00,NY,1,2023-04-17 17:22:00+00:00,29468.9,29349.95,29706.800000000003,2023-04-17 23:59:00+00:00,29420.0,time,0.8105635614370773,-0.2259376495220434,-0.5597422446406142,False
2023-04-18 00:00:00+00:00,Asia,-1,2023-04-18 01:18:00+00:00,29250.0,29344.9,29060.199999999997,2023-04-18 01:39:00+00:00,29344.9,stop,0.646790413325652,-0.40444444444444944,-1.2465753424657497,True
2023-04-18 13:30:00+00:00,NY,-1,2023-04-18 15:16:00+00:00,30138.1,30281.55,29851.199999999997,2023-04-18 20:44:00+00:00,30281.55,stop,0.9474415939738933,-0.5559755923565212,-1.1680758452422437,True
2023-04-19 00:00:00+00:00,Asia,-1,2023-04-19 01:15:00+00:00,30267.4,30338.7,30124.800000000003,2023-04-19 02:12:00+00:00,30124.800000000003,target,0.4700267315343062,0.41113395930935115,1.7452953716690016,True
2023-04-19 13:30:00+00:00,NY,1,2023-04-19 14:41:00+00:00,29449.0,29339.5,29668.0,2023-04-19 15:04:00+00:00,29339.5,stop,0.7464339883092759,-0.4518292641515841,-1.215152511415525,True
2023-04-20 00:00:00+00:00,Asia,1,2023-04-20 01:40:00+00:00,28957.0,28830.6,29209.800000000003,2023-04-20 02:20:00+00:00,28830.6,stop,0.8768461287659615,-0.5165093069033445,-1.1832721518987321,True
2023-04-20 07:00:00+00:00,London,-1,2023-04-20 08:50:00+00:00,28837.2,28884.800000000003,28741.999999999996,2023-04-20 09:34:00+00:00,28884.800000000003,stop,0.3295851105079513,-0.2450645693756751,-1.4846588235293896,True
2023-04-20 13:30:00+00:00,NY,-1,2023-04-20 15:05:00+00:00,28697.5,28783.45,28525.6,2023-04-20 15:43:00+00:00,28525.6,target,0.5972181930936058,0.5390068821325951,1.7996684118673665,True
2023-04-21 13:30:00+00:00,NY,-1,2023-04-21 15:50:00+00:00,28025.0,28162.5,27750.0,2023-04-21 17:29:00+00:00,27750.0,target,0.9764758100310698,0.9212667261373774,1.877709090909091,True
2023-04-22 00:00:00+00:00,Asia,-1,2023-04-22 01:20:00+00:00,27208.1,27266.55,27091.199999999997,2023-04-22 01:43:00+00:00,27266.55,stop,0.42873044077817496,-0.294825732043034,-1.3723948674080364,True
2023-04-22 07:00:00+00:00,London,-1,2023-04-22 09:00:00+00:00,27204.5,27273.75,27066.0,2023-04-22 11:43:00+00:00,27273.75,stop,0.5078142902974472,-0.3345534746089801,-1.3142758122743683,True
2023-04-23 07:00:00+00:00,London,-1,2023-04-23 10:37:00+00:00,27533.0,27635.75,27327.5,2023-04-23 11:56:00+00:00,27635.75,stop,0.7436020372162869,-0.45318853739149384,-1.2143688564476884,False
2023-04-23 13:30:00+00:00,NY,1,2023-04-23 14:36:00+00:00,27653.4,27606.7,27746.800000000003,2023-04-23 14:47:00+00:00,27606.7,stop,0.33832366780528444,-0.24887615989354195,-1.4737199143468878,False
2023-04-24 00:00:00+00:00,Asia,1,2023-04-24 01:05:00+00:00,27869.2,27639.6,28328.400000000005,2023-04-24 05:49:00+00:00,27639.6,stop,1.6613843905121666,-0.9038485496533886,-1.0971052264808354,False
2023-04-24 07:00:00+00:00,London,-1,2023-04-24 08:35:00+00:00,27331.0,27432.55,27127.9,2023-04-24 11:02:00+00:00,27432.55,stop,0.740361359042446,-0.45155610844827954,-1.2153106843919268,False
2023-04-24 13:30:00+00:00,NY,-1,2023-04-24 14:49:00+00:00,27375.2,27537.6,27050.400000000005,2023-04-24 16:55:00+00:00,27050.400000000005,target,1.1794782406600404,1.1264753499517652,1.8988600985221662,False
2023-04-25 00:00:00+00:00,Asia,-1,2023-04-25 02:00:00+00:00,27415.0,27499.3,27246.4,2023-04-25 06:59:00+00:00,27347.0,time,0.6131065154385695,0.18803939449206641,0.6115183867141215,True
2023-04-25 07:00:00+00:00,London,-1,2023-04-25 08:05:00+00:00,27222.7,27309.050000000003,27049.999999999996,2023-04-25 08:28:00+00:00,27309.050000000003,stop,0.6323910937949168,-0.3971985144750601,-1.252207990735373,True
2023-04-25 13:30:00+00:00,NY,-1,2023-04-25 14:36:00+00:00,27260.0,27359.95,27060.1,2023-04-25 15:09:00+00:00,27359.95,stop,0.7306299901863909,-0.4466544387380804,-1.218189094547272,True
2023-04-27 07:00:00+00:00,London,1,2023-04-27 08:30:00+00:00,28948.6,28818.35,29209.1,2023-04-27 12:30:00+00:00,28818.35,stop,0.9039379423180023,-0.5299354027483194,-1.17780330134357,True
2023-04-28 00:00:00+00:00,Asia,-1,2023-04-28 03:25:00+00:00,29336.5,29445.85,29117.800000000003,2023-04-28 04:10:00+00:00,29445.85,stop,0.7427192626465214,-0.4527438515160246,-1.2146245999085534,True
2023-04-28 07:00:00+00:00,London,-1,2023-04-28 08:12:00+00:00,29420.8,29467.4,29327.599999999995,2023-04-28 08:17:00+00:00,29327.599999999995,target,0.31628172149562134,0.2567826843593797,1.6211914163090309,True
2023-04-29 00:00:00+00:00,Asia,1,2023-04-29 02:45:00+00:00,29339.0,29259.5,29498.0,2023-04-29 06:59:00+00:00,29316.1,time,0.5434132503973068,-0.13805310337776153,-0.5094767295597668,False
2023-04-30 00:00:00+00:00,Asia,-1,2023-04-30 02:04:00+00:00,29100.0,29158.85,28982.300000000003,2023-04-30 02:57:00+00:00,29158.85,stop,0.40365103562040594,-0.28223367697594004,-1.3955819881053624,False
2023-05-01 00:00:00+00:00,Asia,-1,2023-05-01 01:26:00+00:00,29198.2,29261.85,29070.900000000005,2023-05-01 01:38:00+00:00,29070.900000000005,target,0.43503742928078465,0.37598577994532417,1.724761665357414,False
2023-05-01 07:00:00+00:00,London,-1,2023-05-01 08:21:00+00:00,28559.8,28629.9,28419.599999999995,2023-05-01 09:22:00+00:00,28629.9,stop,0.4896978333839822,-0.3254498981085378,-1.3259320970042694,False
2023-05-01 13:30:00+00:00,NY,-1,2023-05-01 16:52:00+00:00,28300.0,28459.0,27982.0,2023-05-01 19:15:00+00:00,27982.0,target,1.1173969570258968,1.0636749116607775,1.8932075471698113,False
2023-05-02 00:00:00+00:00,Asia,-1,2023-05-02 01:57:00+00:00,27963.5,28047.7,27795.1,2023-05-02 06:59:00+00:00,27983.4,time,0.6004057373688446,-0.1311641961843169,-0.43560688836105865,True
2023-05-02 07:00:00+00:00,London,-1,2023-05-02 09:25:00+00:00,27974.7,28066.35,27791.400000000005,2023-05-02 11:20:00+00:00,28066.35,stop,0.6530952546376686,-0.40761745434266616,-1.244187234042559,True
2023-05-02 13:30:00+00:00,NY,1,2023-05-02 15:51:00+00:00,28544.0,28222.0,29188.0,2023-05-02 23:59:00+00:00,28656.5,time,2.2819077315569416,0.3341283632286996,0.29619130434782615,True
2023-05-03 00:00:00+00:00,Asia,-1,2023-05-03 02:33:00+00:00,28468.0,28575.05,28253.9,2023-05-03 06:32:00+00:00,28575.05,stop,0.7492550319246984,-0.456036251229448,-1.2127454460532476,False
2023-05-03 07:00:00+00:00,London,1,2023-05-03 08:42:00+00:00,28659.0,28613.7,28749.6,2023-05-03 09:30:00+00:00,28613.7,stop,0.31663154363119256,-0.23806552915314308,-1.5061192052980212,False
2023-05-03 13:30:00+00:00,NY,-1,2023-05-03 14:40:00+00:00,28200.1,28293.3,28013.699999999997,2023-05-03 15:39:00+00:00,28293.3,stop,0.6588132172634562,-0.410495281931627,-1.2420609442060067,False
2023-05-04 00:00:00+00:00,Asia,1,2023-05-04 02:07:00+00:00,29097.6,29018.05,29256.699999999997,2023-05-04 02:32:00+00:00,29018.05,stop,0.5482794329736097,-0.35339024524359147,-1.2926219987429315,True
2023-05-04 07:00:00+00:00,London,-1,2023-05-04 08:17:00+00:00,29022.4,29095.35,28876.500000000007,2023-05-04 08:35:00+00:00,29095.35,stop,0.5014546998059752,-0.33135757208224365,-1.3182716929403828,True
2023-05-04 13:30:00+00:00,NY,1,2023-05-04 15:25:00+00:00,28906.8,28783.4,29153.599999999995,2023-05-04 17:48:00+00:00,28783.4,stop,0.8574386625624467,-0.5068891748654221,-1.1874022690437636,True
2023-05-05 13:30:00+00:00,NY,1,2023-05-05 14:56:00+00:00,29230.0,29095.8,29498.4,2023-05-05 16:02:00+00:00,29498.4,target,0.922469909746429,0.8582346903865942,1.8693144560357682,False
2023-05-06 00:00:00+00:00,Asia,-1,2023-05-06 02:10:00+00:00,29460.0,29650.0,29080.0,2023-05-06 06:59:00+00:00,29376.1,time,1.281618887015177,0.22479293957909527,0.3485473684210603,False
2023-05-06 13:30:00+00:00,NY,-1,2023-05-06 15:08:00+00:00,28500.0,28760.35,27979.300000000003,2023-05-06 17:26:00+00:00,28760.35,stop,1.8104786624641243,-0.9935087719298195,-1.0875744190512777,False
2023-05-07 00:00:00+00:00,Asia,1,2023-05-07 01:46:00+00:00,28947.0,28861.0,29119.0,2023-05-07 01:55:00+00:00,28861.0,stop,0.5959599459478189,-0.3770946902960583,-1.2692744186046512,True
2023-05-07 13:30:00+00:00,NY,1,2023-05-07 14:36:00+00:00,28975.9,28922.65,29082.4,2023-05-07 14:52:00+00:00,29082.4,target,0.3682235203205792,0.30754682339461414,1.673510985915493,True
2023-05-08 07:00:00+00:00,London,-1,2023-05-08 09:18:00+00:00,27800.0,27989.65,27420.699999999997,2023-05-08 13:29:00+00:00,27916.3,time,1.3551437763601877,-0.4783453237410046,-0.7011863959926087,False
2023-05-08 13:30:00+00:00,NY,1,2023-05-08 15:05:00+00:00,27923.2,27832.6,28104.400000000005,2023-05-08 16:08:00+00:00,27832.6,stop,0.6510351170929081,-0.40446137978455976,-1.2465624724061752,False
2023-05-09 00:00:00+00:00,Asia,1,2023-05-09 01:41:00+00:00,27663.5,27595.85,27798.800000000003,2023-05-09 02:16:00+00:00,27595.85,stop,0.49029111261294467,-0.3245460625011349,-1.3271367331855066,True
2023-05-09 13:30:00+00:00,NY,-1,2023-05-09 16:00:00+00:00,27388.5,27548.5,27068.5,2023-05-09 16:47:00+00:00,27548.5,stop,1.1615877452492878,-0.6641867937272943,-1.1369425,True
2023-05-10 00:00:00+00:00,Asia,1,2023-05-10 01:25:00+00:00,27785.9,27695.45,27966.800000000003,2023-05-10 01:34:00+00:00,27695.45,stop,0.6531758826810954,-0.4055248165436452,-1.245756992813707,False
2023-05-10 13:30:00+00:00,NY,-1,2023-05-10 14:50:00+00:00,28070.0,28156.9,27896.199999999997,2023-05-10 15:38:00+00:00,28156.9,stop,0.6172554507065737,-0.3895831848949108,-1.258411967779052,False
2023-05-11 00:00:00+00:00,Asia,-1,2023-05-11 03:15:00+00:00,27410.3,27510.9,27209.099999999995,2023-05-11 05:54:00+00:00,27510.9,stop,0.7313464844843343,-0.44701531905890185,-1.2179745526838919,True
2023-05-11 07:00:00+00:00,London,-1,2023-05-11 08:08:00+00:00,27401.1,27472.6,27258.1,2023-05-11 10:42:00+00:00,27472.6,stop,0.5205186258308279,-0.34093842947910846,-1.3065857342657343,True
2023-05-12 07:00:00+00:00,London,-1,2023-05-12 08:35:00+00:00,26250.2,26317.0,26116.600000000002,2023-05-12 08:43:00+00:00,26317.0,stop,0.507656647794196,-0.33447425162474675,-1.3143736526946141,False
2023-05-12 13:30:00+00:00,NY,-1,2023-05-12 14:50:00+00:00,26374.0,26486.7,26148.6,2023-05-12 19:25:00+00:00,26148.6,target,0.850993139953265,0.7946295594145805,1.8595882874889096,False
2023-05-13 00:00:00+00:00,Asia,1,2023-05-13 01:48:00+00:00,26829.2,26753.85,26979.900000000005,2023-05-13 02:54:00+00:00,26753.85,stop,0.5632834152841582,-0.36085071489273696,-1.2848488387524801,True
2023-05-13 07:00:00+00:00,London,1,2023-05-13 08:15:00+00:00,26786.4,26730.65,26897.9,2023-05-13 08:26:00+00:00,26730.65,stop,0.4171241627120926,-0.28812800525639876,-1.3843788340807175,True
2023-05-14 00:00:00+00:00,Asia,1,2023-05-14 03:00:00+00:00,26797.4,26677.2,27037.800000000003,2023-05-14 06:59:00+00:00,26829.0,time,0.9011440481010056,0.05792188794434737,0.12913111480863934,False
2023-05-14 13:30:00+00:00,NY,1,2023-05-14 16:58:00+00:00,26922.5,26871.65,27024.199999999997,2023-05-14 17:12:00+00:00,26871.65,stop,0.37846578085082505,-0.2688754759030496,-1.423559488692244,False
2023-05-15 07:00:00+00:00,London,-1,2023-05-15 08:20:00+00:00,27371.5,27425.2,27264.1,2023-05-15 08:45:00+00:00,27425.2,stop,0.3916106354739489,-0.2761894671464872,-1.4077690875232718,False
2023-05-15 13:30:00+00:00,NY,1,2023-05-15 14:56:00+00:00,27441.7,27320.85,27683.400000000005,2023-05-15 19:25:00+00:00,27320.85,stop,0.8846723290088,-0.5203881683715008,-1.1816579230450939,False
2023-05-16 00:00:00+00:00,Asia,-1,2023-05-16 02:51:00+00:00,27045.0,27164.85,26805.300000000003,2023-05-16 06:59:00+00:00,27051.2,time,0.8823902948111282,-0.08292475503790249,-0.18712557363371712,False
2023-05-16 07:00:00+00:00,London,1,2023-05-16 08:25:00+00:00,27243.6,27146.3,27438.199999999997,2023-05-16 09:31:00+00:00,27146.3,stop,0.7168564408409196,-0.4371481008383594,-1.2239967112024683,False
2023-05-17 00:00:00+00:00,Asia,1,2023-05-17 02:28:00+00:00,27110.0,27039.85,27250.300000000003,2023-05-17 03:02:00+00:00,27039.85,stop,0.5188638250581985,-0.3387606049428309,-1.3091660727013479,False
2023-05-17 13:30:00+00:00,NY,1,2023-05-17 14:54:00+00:00,26748.6,26658.8,26928.199999999997,2023-05-17 16:55:00+00:00,26928.199999999997,target,0.6736987411286275,0.6114370097874227,1.8212788418708226,False
2023-05-18 00:00:00+00:00,Asia,-1,2023-05-18 01:40:00+00:00,27340.1,27411.4,27197.499999999993,2023-05-18 06:11:00+00:00,27197.499999999993,target,0.5202215136767994,0.46157819466646366,1.769929032258074,False
2023-05-18 13:30:00+00:00,NY,1,2023-05-18 14:39:00+00:00,27326.2,27252.15,27474.3,2023-05-18 14:43:00+00:00,27252.15,stop,0.5434433613494795,-0.3509853547145204,-1.2952189061444999,False
2023-05-19 00:00:00+00:00,Asia,-1,2023-05-19 01:35:00+00:00,26786.5,26854.5,26650.5,2023-05-19 03:26:00+00:00,26854.5,stop,0.5064328138673221,-0.3338592201295429,-1.315135294117647,True
2023-05-19 07:00:00+00:00,London,-1,2023-05-19 09:23:00+00:00,26830.5,26890.25,26711.0,2023-05-19 12:08:00+00:00,26890.25,stop,0.444398992199775,-0.3026943217606828,-1.359236820083682,True
2023-05-19 13:30:00+00:00,NY,1,2023-05-19 15:29:00+00:00,26935.0,26843.15,27118.699999999997,2023-05-19 15:32:00+00:00,26843.15,stop,0.6843459132031848,-0.4210061258585429,-1.234599891126841,True
2023-05-21 13:30:00+00:00,NY,-1,2023-05-21 15:49:00+00:00,26872.1,26917.85,26780.6,2023-05-21 17:10:00+00:00,26917.85,stop,0.33992313650607314,-0.2502509294026146,-1.4698946448087433,False
2023-05-22 07:00:00+00:00,London,1,2023-05-22 08:18:00+00:00,26863.8,26822.4,26946.599999999995,2023-05-22 08:55:00+00:00,26822.4,stop,0.3086972083035048,-0.2341107363812931,-1.519107246376839,False
2023-05-23 07:00:00+00:00,London,1,2023-05-23 09:01:00+00:00,27319.9,27261.050000000003,27437.6,2023-05-23 09:42:00+00:00,27261.050000000003,stop,0.4317515282793609,-0.29541074454884003,-1.3713835174171713,False
2023-05-24 00:00:00+00:00,Asia,-1,2023-05-24 03:10:00+00:00,27113.0,27162.95,27013.1,2023-05-24 03:24:00+00:00,27013.1,target,0.3677803773154295,0.3084579353077913,1.6743183183183232,False
2023-05-24 07:00:00+00:00,London,1,2023-05-24 09:55:00+00:00,26749.5,26688.05,26872.4,2023-05-24 11:12:00+00:00,26688.05,stop,0.4605057319661851,-0.3097239200732751,-1.3482441008950325,False
2023-05-24 13:30:00+00:00,NY,-1,2023-05-24 15:10:00+00:00,26129.3,26402.5,25582.899999999998,2023-05-24 20:26:00+00:00,26402.5,stop,2.0695009942240374,-1.1255695330529356,-1.0765133235724742,False
2023-05-25 00:00:00+00:00,Asia,-1,2023-05-25 01:20:00+00:00,26178.0,26281.25,25971.5,2023-05-25 01:26:00+00:00,25971.5,target,0.785731272294887,0.7288303155321262,1.8478760290556902,True
2023-05-25 07:00:00+00:00,London,1,2023-05-25 10:00:00+00:00,26258.8,26184.9,26406.599999999995,2023-05-25 12:05:00+00:00,26406.599999999995,target,0.564447448720443,0.502858927292929,1.7868027063599397,True
2023-05-25 13:30:00+00:00,NY,1,2023-05-25 14:40:00+00:00,26402.4,26331.2,26544.800000000003,2023-05-25 15:02:00+00:00,26331.2,stop,0.5408033055842554,-0.34967245401933433,-1.2966561797752778,True
2023-05-26 00:00:00+00:00,Asia,1,2023-05-26 01:23:00+00:00,26496.1,26429.65,26628.999999999993,2023-05-26 01:24:00+00:00,26429.65,stop,0.5028443433794916,-0.33079162593739114,-1.3189899172310147,False
2023-05-26 13:30:00+00:00,NY,1,2023-05-26 14:36:00+00:00,26840.0,26648.3,27223.4,2023-05-26 18:04:00+00:00,26648.3,stop,1.4387409328174834,-0.7942324888226555,-1.1120083463745432,False
2023-05-27 00:00:00+00:00,Asia,1,2023-05-27 02:04:00+00:00,26704.9,26662.95,26788.800000000003,2023-05-27 06:59:00+00:00,26736.2,time,0.3146688569719459,0.05720695452894139,0.3641730631704173,False
2023-05-28 00:00:00+00:00,Asia,1,2023-05-28 01:06:00+00:00,27110.6,26928.3,27475.199999999997,2023-05-28 06:59:00+00:00,27175.6,time,1.3539659020435695,0.17975861840018298,0.26732660449808116,False
2023-05-29 00:00:00+00:00,Asia,-1,2023-05-29 03:50:00+00:00,28055.7,28248.85,27669.400000000005,2023-05-29 06:59:00+00:00,28000.0,time,1.3674892960244374,0.13853363131199983,0.20122485115196054,True
2023-05-29 07:00:00+00:00,London,-1,2023-05-29 10:53:00+00:00,27822.7,27911.35,27645.400000000005,2023-05-29 11:45:00+00:00,27911.35,stop,0.6352254548776726,-0.3986247201026421,-1.2510790750141065,True
2023-05-30 00:00:00+00:00,Asia,1,2023-05-30 01:32:00+00:00,27761.6,27665.449999999997,27953.9,2023-05-30 05:12:00+00:00,27665.449999999997,stop,0.695090808210238,-0.4263417094115665,-1.2309857514300535,True
2023-05-30 07:00:00+00:00,London,1,2023-05-30 09:25:00+00:00,27839.3,27777.199999999997,27963.500000000004,2023-05-30 10:21:00+00:00,27963.500000000004,target,0.4471293002894487,0.3861319070522764,1.7310212560386569,True
2023-05-30 13:30:00+00:00,NY,-1,2023-05-30 15:19:00+00:00,27724.0,27837.0,27498.0,2023-05-30 19:44:00+00:00,27837.0,stop,0.8118690950892697,-0.48758909248304716,-1.19627610619469,True
2023-05-31 00:00:00+00:00,Asia,1,2023-05-31 01:07:00+00:00,27748.6,27698.3,27849.199999999997,2023-05-31 02:01:00+00:00,27698.3,stop,0.36319918550957475,-0.2612704064349166,-1.4413296222664078,False
2023-05-31 07:00:00+00:00,London,-1,2023-05-31 08:55:00+00:00,27103.8,27149.35,27012.7,2023-05-31 09:09:00+00:00,27149.35,stop,0.33555131154153667,-0.24805761553730205,-1.4760272228320603,False
2023-06-01 07:00:00+00:00,London,1,2023-06-01 08:45:00+00:00,26856.0,26804.55,26958.9,2023-06-01 12:17:00+00:00,26804.55,stop,0.38389004851788766,-0.27157730116175427,-1.4175860058308978,True
2023-06-01 13:30:00+00:00,NY,-1,2023-06-01 16:46:00+00:00,26817.6,26895.8,26661.199999999997,2023-06-01 16:51:00+00:00,26895.8,stop,0.5815034317625855,-0.3715995465664367,-1.2743488491048567,True
2023-06-02 00:00:00+00:00,Asia,1,2023-06-02 01:30:00+00:00,26815.8,26646.699999999997,27154.000000000004,2023-06-02 05:38:00+00:00,27154.000000000004,target,1.269200313734912,1.201196757135735,1.9048522767593152,False
2023-06-03 00:00:00+00:00,Asia,-1,2023-06-03 01:32:00+00:00,27139.3,27184.85,27048.2,2023-06-03 06:15:00+00:00,27184.85,stop,0.33511312366999335,-0.24783778505709161,-1.476650713501654,False
2023-06-04 13:30:00+00:00,NY,-1,2023-06-04 16:07:00+00:00,27163.8,27226.9,27037.599999999995,2023-06-04 20:18:00+00:00,27226.9,stop,0.46351218831376584,-0.3122944507027816,-1.3443904912836648,False
2023-06-05 00:00:00+00:00,Asia,-1,2023-06-05 02:56:00+00:00,26959.7,27042.35,26794.400000000005,2023-06-05 03:15:00+00:00,26794.400000000005,target,0.6112634441903136,0.5531373865436026,1.8042852994555303,False
2023-06-05 07:00:00+00:00,London,1,2023-06-05 08:05:00+00:00,26820.0,26775.1,26909.800000000003,2023-06-05 09:00:00+00:00,26775.1,stop,0.3353862357190049,-0.24741237882178022,-1.4778619153674677,False
2023-06-06 00:00:00+00:00,Asia,-1,2023-06-06 01:16:00+00:00,25660.0,25700.85,25578.300000000003,2023-06-06 02:21:00+00:00,25700.85,stop,0.31788831886883406,-0.23919719407637782,-1.5025214198286594,True
2023-06-06 07:00:00+00:00,London,-1,2023-06-06 08:20:00+00:00,25685.3,25741.0,25573.899999999998,2023-06-06 09:42:00+00:00,25741.0,stop,0.43277261955635543,-0.29685555551229975,-1.368909156193891,True
2023-06-06 13:30:00+00:00,NY,1,2023-06-06 16:06:00+00:00,26100.0,25779.7,26740.6,2023-06-06 17:37:00+00:00,26740.6,target,2.4849009104062443,2.3944061302681936,1.9511083359350607,True
2023-06-07 00:00:00+00:00,Asia,-1,2023-06-07 01:10:00+00:00,27152.5,27273.45,26910.6,2023-06-07 02:37:00+00:00,26910.6,target,0.8869431626728612,0.8308940244913046,1.8653038445638703,True
2023-06-07 13:30:00+00:00,NY,-1,2023-06-07 14:41:00+00:00,26495.8,26676.35,26134.7,2023-06-07 21:56:00+00:00,26134.7,target,1.3536334618491743,1.302857509492065,1.9119497092218218,True
2023-06-08 00:00:00+00:00,Asia,1,2023-06-08 01:15:00+00:00,26435.8,26365.1,26577.2,2023-06-08 02:48:00+00:00,26365.1,stop,0.536315052853954,-0.3474403649596408,-1.2991321074964608,True
2023-06-08 07:00:00+00:00,London,-1,2023-06-08 08:15:00+00:00,26401.3,26458.8,26286.3,2023-06-08 10:44:00+00:00,26458.8,stop,0.43463800323521856,-0.29779230568191717,-1.3673224347826087,True
2023-06-08 13:30:00+00:00,NY,1,2023-06-08 16:48:00+00:00,26495.0,26389.2,26706.6,2023-06-08 16:49:00+00:00,26389.2,stop,0.8018431782698928,-0.47932062653330537,-1.2003402646502848,True
2023-06-09 00:00:00+00:00,Asia,1,2023-06-09 01:58:00+00:00,26502.8,26456.1,26596.2,2023-06-09 02:20:00+00:00,26456.1,stop,0.35303767373119177,-0.2562077969120271,-1.4540094218415347,False
2023-06-09 13:30:00+00:00,NY,-1,2023-06-09 14:40:00+00:00,26583.0,26644.9,26459.199999999997,2023-06-09 15:54:00+00:00,26459.199999999997,target,0.46462925362827134,0.4057111687920961,1.742329563812607,False
2023-06-10 13:30:00+00:00,NY,-1,2023-06-10 16:33:00+00:00,25612.8,25654.199999999997,25530.000000000004,2023-06-10 17:03:00+00:00,25530.000000000004,target,0.3227541689080123,0.2632758620689485,1.6287999999999805,False
2023-06-11 00:00:00+00:00,Asia,-1,2023-06-11 03:58:00+00:00,25714.1,25777.0,25588.299999999996,2023-06-11 05:39:00+00:00,25777.0,stop,0.48803196648175856,-0.3246128777596784,-1.3270473767885456,True
2023-06-12 13:30:00+00:00,NY,1,2023-06-12 16:30:00+00:00,25873.8,25797.9,26025.599999999995,2023-06-12 17:01:00+00:00,25797.9,stop,0.5884199876734124,-0.3733469378289923,-1.2727146245059366,False
2023-06-14 00:00:00+00:00,Asia,1,2023-06-14 02:01:00+00:00,26021.5,25959.55,26145.4,2023-06-14 03:03:00+00:00,25959.55,stop,0.4772810006336838,-0.31807236323809435,-1.3360322841000767,False
2023-06-14 13:30:00+00:00,NY,-1,2023-06-14 17:22:00+00:00,25915.6,25964.3,25818.199999999997,2023-06-14 17:33:00+00:00,25964.3,stop,0.3751304676035998,-0.26791770207905946,-1.4257182751539978,False
2023-06-15 00:00:00+00:00,Asia,-1,2023-06-15 01:40:00+00:00,25071.0,25134.9,24943.199999999997,2023-06-15 05:45:00+00:00,24943.199999999997,target,0.5084563694305498,0.4497523034581904,1.76459154929578,True
2023-06-15 07:00:00+00:00,London,1,2023-06-15 08:16:00+00:00,24996.4,24926.2,25136.800000000003,2023-06-15 09:25:00+00:00,24926.2,stop,0.5632627516428554,-0.36084044102351026,-1.2848592592592563,True
2023-06-15 13:30:00+00:00,NY,-1,2023-06-15 15:00:00+00:00,25005.0,25052.5,24910.0,2023-06-15 17:42:00+00:00,25052.5,stop,0.3792036722881948,-0.26996200759848027,-1.421136842105263,True
2023-06-17 13:30:00+00:00,NY,-1,2023-06-17 15:20:00+00:00,26450.9,26511.1,26330.500000000007,2023-06-17 15:22:00+00:00,26511.1,stop,0.45414939402739923,-0.30759149972211564,-1.351506976744203,True
2023-06-18 00:00:00+00:00,Asia,1,2023-06-18 03:48:00+00:00,26530.0,26448.9,26692.199999999997,2023-06-18 06:59:00+00:00,26531.8,time,0.6132580182918788,-0.05321522804372682,-0.17408138101110948,False
2023-06-18 07:00:00+00:00,London,-1,2023-06-18 08:15:00+00:00,26531.7,26603.4,26388.3,2023-06-18 13:29:00+00:00,26531.7,time,0.5390288459369772,-0.06,-0.22202259414225717,False
2023-06-18 13:30:00+00:00,NY,1,2023-06-18 14:40:00+00:00,26536.6,26488.8,26632.199999999997,2023-06-18 16:24:00+00:00,26632.199999999997,target,0.36090725136660984,0.30025715426994626,1.6669046025104552,False
2023-06-19 00:00:00+00:00,Asia,1,2023-06-19 01:15:00+00:00,26393.4,26317.300000000003,26545.6,2023-06-19 06:59:00+00:00,26418.1,time,0.5783268040414508,0.03358400206111031,0.11647779237841338,False
2023-06-19 13:30:00+00:00,NY,-1,2023-06-19 15:10:00+00:00,26371.0,26470.35,26172.300000000003,2023-06-19 16:38:00+00:00,26470.35,stop,0.75065120030525,-0.45673960031852623,-1.2123482637141452,False
2023-06-20 00:00:00+00:00,Asia,1,2023-06-20 01:18:00+00:00,27041.7,26912.15,27300.8,2023-06-20 01:38:00+00:00,26912.15,stop,0.9627621724760086,-0.5590749102312328,-1.1669884986491712,True
2023-06-20 07:00:00+00:00,London,-1,2023-06-20 08:45:00+00:00,26742.5,26786.25,26655.0,2023-06-20 09:39:00+00:00,26786.25,stop,0.32666013346399736,-0.24359727026269043,-1.489005714285714,True
2023-06-21 07:00:00+00:00,London,-1,2023-06-21 08:40:00+00:00,28809.1,28859.55,28708.199999999997,2023-06-21 09:15:00+00:00,28859.55,stop,0.3496243011412217,-0.25511827859947284,-1.4568340931615393,True
2023-06-21 13:30:00+00:00,NY,1,2023-06-21 14:35:00+00:00,29444.4,29218.550000000003,29896.1,2023-06-21 15:28:00+00:00,29896.1,target,1.5459357154958089,1.4740777872872162,1.9217771087004645,True
2023-06-22 00:00:00+00:00,Asia,1,2023-06-22 02:31:00+00:00,30242.1,30061.05,30604.199999999997,2023-06-22 06:13:00+00:00,30061.05,stop,1.2045487433073647,-0.6786687432420344,-1.1336298260149136,True
2023-06-22 07:00:00+00:00,London,1,2023-06-22 10:20:00+00:00,30179.9,30089.95,30359.800000000003,2023-06-22 11:03:00+00:00,30089.95,stop,0.5978740410004053,-0.37804605051706835,-1.2684148971650895,True
2023-06-22 13:30:00+00:00,NY,-1,2023-06-22 16:30:00+00:00,30100.0,30226.95,29846.1,2023-06-22 19:58:00+00:00,30226.95,stop,0.8399788930077347,-0.5017607973421951,-1.1896809767625036,True
2023-06-23 00:00:00+00:00,Asia,-1,2023-06-23 02:13:00+00:00,29865.0,29957.0,29681.0,2023-06-23 02:35:00+00:00,29957.0,stop,0.614213706312381,-0.38805290473798765,-1.259695652173913,True
2023-06-23 07:00:00+00:00,London,1,2023-06-23 08:31:00+00:00,30006.3,29958.15,30102.599999999995,2023-06-23 09:32:00+00:00,29958.15,stop,0.3214484205466601,-0.24046630207655664,-1.4985470404984649,True
2023-06-24 07:00:00+00:00,London,1,2023-06-24 10:31:00+00:00,30690.2,30620.1,30830.400000000005,2023-06-24 13:26:00+00:00,30620.1,stop,0.45786917743573907,-0.30841167538824177,-1.3502447931526282,True
2023-06-24 13:30:00+00:00,NY,1,2023-06-24 14:45:00+00:00,30670.7,30617.1,30777.900000000005,2023-06-24 15:10:00+00:00,30617.1,stop,0.3501311358685203,-0.25475962400598023,-1.457771641791026,True
2023-06-25 00:00:00+00:00,Asia,1,2023-06-25 01:31:00+00:00,30581.4,30519.95,30704.300000000003,2023-06-25 03:28:00+00:00,30704.300000000003,target,0.402687422489229,0.34187826587403275,1.7014021155410939,False
2023-06-25 07:00:00+00:00,London,-1,2023-06-25 09:36:00+00:00,30652.8,30761.65,30435.099999999995,2023-06-25 13:29:00+00:00,30583.2,time,0.7076993594296819,0.16705919198245692,0.4704485071198671,False
2023-06-26 07:00:00+00:00,London,-1,2023-06-26 09:56:00+00:00,30269.1,30424.55,29958.199999999997,2023-06-26 13:29:00+00:00,30408.0,time,1.0218721394400294,-0.5188838122045302,-1.010366420070767,False
2023-06-26 13:30:00+00:00,NY,-1,2023-06-26 14:56:00+00:00,30384.3,30525.8,30101.3,2023-06-26 16:45:00+00:00,30101.3,target,0.9270846300506458,0.8714020727810086,1.8711619787985867,False
2023-06-27 00:00:00+00:00,Asia,1,2023-06-27 01:55:00+00:00,30371.9,30292.45,30530.800000000003,2023-06-27 05:29:00+00:00,30292.45,stop,0.5245531477315353,-0.34159048330858693,-1.3058215229704189,False
2023-06-27 13:30:00+00:00,NY,-1,2023-06-27 15:45:00+00:00,30506.0,30752.25,30013.5,2023-06-27 17:58:00+00:00,30752.25,stop,1.6015088326870393,-0.8872182521471187,-1.0991057868020304,False
2023-06-28 00:00:00+00:00,Asia,-1,2023-06-28 03:26:00+00:00,30450.0,30575.9,30198.199999999997,2023-06-28 06:59:00+00:00,30358.0,time,0.8235244097475438,0.2421346469622332,0.5856235107227891,False
2023-06-28 13:30:00+00:00,NY,1,2023-06-28 15:01:00+00:00,30270.2,30153.9,30502.8,2023-06-28 17:06:00+00:00,30153.9,stop,0.7713761735629625,-0.4642062490502186,-1.2082214961306978,False
2023-06-29 00:00:00+00:00,Asia,1,2023-06-29 01:45:00+00:00,30166.4,30101.25,30296.700000000004,2023-06-29 02:48:00+00:00,30101.25,stop,0.43287238902039915,-0.29596875994484406,-1.3704239447428928,True
2023-06-29 07:00:00+00:00,London,1,2023-06-29 08:30:00+00:00,30420.0,30311.95,30636.1,2023-06-29 10:25:00+00:00,30636.1,target,0.7129201519532677,0.6503879026955902,1.8310782045349365,True
2023-06-29 13:30:00+00:00,NY,-1,2023-06-29 14:55:00+00:00,30429.0,30596.9,30093.199999999997,2023-06-29 17:08:00+00:00,30596.9,stop,1.0974968052319,-0.6317762660619851,-1.1449863013698618,True
2023-06-30 00:00:00+00:00,Asia,-1,2023-06-30 01:10:00+00:00,30385.0,30442.5,30270.0,2023-06-30 02:09:00+00:00,30442.5,stop,0.3777613533711095,-0.26923811090998845,-1.4227478260869566,False
2023-06-30 07:00:00+00:00,London,1,2023-06-30 08:45:00+00:00,30830.8,30740.4,31011.599999999995,2023-06-30 09:19:00+00:00,30740.4,stop,0.5881510975784286,-0.37321328022626016,-1.272838938053104,False
2023-07-01 00:00:00+00:00,Asia,-1,2023-07-01 01:25:00+00:00,30405.6,30466.4,30283.999999999993,2023-07-01 02:09:00+00:00,30466.4,stop,0.39912821994066305,-0.27996316468020005,-1.400073684210507,True
2023-07-02 00:00:00+00:00,Asia,-1,2023-07-02 02:20:00+00:00,30537.1,30593.55,30424.199999999997,2023-07-02 02:39:00+00:00,30593.55,stop,0.369032034530159,-0.2648571082388332,-1.4327666961913141,False
2023-07-03 00:00:00+00:00,Asia,1,2023-07-03 01:46:00+00:00,30683.9,30629.6,30792.500000000007,2023-07-03 03:01:00+00:00,30792.500000000007,target,0.3545589886906854,0.29393154064511295,1.660951381215488,False
2023-07-03 07:00:00+00:00,London,-1,2023-07-03 08:31:00+00:00,30630.0,30695.0,30500.0,2023-07-03 13:29:00+00:00,30617.6,time,0.42352174621273825,-0.019516813581451336,-0.09196923076920838,False
2023-07-03 13:30:00+00:00,NY,1,2023-07-03 14:46:00+00:00,30700.0,30652.0,30796.0,2023-07-03 15:01:00+00:00,30796.0,target,0.3131932663447736,0.2527035830618893,1.6162500000000002,False
2023-07-04 00:00:00+00:00,Asia,1,2023-07-04 01:30:00+00:00,31190.4,31137.0,31297.200000000004,2023-07-04 01:42:00+00:00,31297.200000000004,target,0.34300028904519675,0.2824130501692922,1.64954606741574,True
2023-07-04 07:00:00+00:00,London,-1,2023-07-04 09:05:00+00:00,30888.6,30956.65,30752.499999999993,2023-07-04 09:11:00+00:00,30956.65,stop,0.4396470548331366,-0.3003078158285028,-1.3631282880234965,True
2023-07-05 00:00:00+00:00,Asia,1,2023-07-05 02:20:00+00:00,30834.5,30786.15,30931.199999999997,2023-07-05 05:54:00+00:00,30786.15,stop,0.3141022830071338,-0.23680487765327324,-1.5101882109617526,False
2023-07-05 13:30:00+00:00,NY,1,2023-07-05 16:30:00+00:00,30432.0,30303.9,30688.199999999997,2023-07-05 23:59:00+00:00,30488.4,time,0.8454357359943793,0.12533123028391646,0.297742388758797,False
2023-07-06 00:00:00+00:00,Asia,-1,2023-07-06 01:26:00+00:00,30375.1,30448.05,30229.199999999997,2023-07-06 01:56:00+00:00,30448.05,stop,0.47917682741588197,-0.3201638183907238,-1.3331059629883448,False
2023-07-06 13:30:00+00:00,NY,-1,2023-07-06 14:42:00+00:00,30021.0,30305.5,29452.0,2023-07-06 15:37:00+00:00,30305.5,stop,1.8775469799211364,-1.0276699643582825,-1.084417574692443,False
2023-07-07 00:00:00+00:00,Asia,1,2023-07-07 01:55:00+00:00,30094.6,29887.3,30509.199999999997,2023-07-07 06:59:00+00:00,30106.1,time,1.3872112904143183,-0.021787164474689803,-0.031629329474192086,True
2023-07-07 07:00:00+00:00,London,1,2023-07-07 09:30:00+00:00,30126.8,30015.6,30349.2,2023-07-07 12:31:00+00:00,30349.2,target,0.7409480403523429,0.6782131524091555,1.8374453237410082,True
2023-07-09 00:00:00+00:00,Asia,1,2023-07-09 01:05:00+00:00,30342.3,30287.199999999997,30452.500000000004,2023-07-09 01:39:00+00:00,30287.199999999997,stop,0.3638500752793284,-0.2615946714652554,-1.4405415607985306,False
2023-07-09 13:30:00+00:00,NY,1,2023-07-09 14:42:00+00:00,30299.9,30231.75,30436.200000000004,2023-07-09 19:01:00+00:00,30231.75,stop,0.4508505131194949,-0.30491823405358254,-1.355684812912685,False
2023-07-10 13:30:00+00:00,NY,1,2023-07-10 16:53:00+00:00,30323.7,30247.800000000003,30475.499999999996,2023-07-10 17:56:00+00:00,30247.800000000003,stop,0.5018546803403859,-0.3302992708673342,-1.319617391304357,False
2023-07-11 00:00:00+00:00,Asia,1,2023-07-11 01:35:00+00:00,30495.1,30421.9,30641.499999999993,2023-07-11 03:26:00+00:00,30421.9,stop,0.48123227017378206,-0.3200385635724988,-1.3332797814207782,True
2023-07-11 07:00:00+00:00,London,-1,2023-07-11 08:42:00+00:00,30518.0,30579.9,30394.199999999997,2023-07-11 09:20:00+00:00,30394.199999999997,target,0.4048410884273633,0.34566223212531266,1.7041873990307017,True
2023-07-11 13:30:00+00:00,NY,1,2023-07-11 14:51:00+00:00,30543.6,30402.5,30825.799999999996,2023-07-11 18:35:00+00:00,30402.5,stop,0.9282131403667366,-0.5419625715370767,-1.1731742026931273,True
2023-07-12 00:00:00+00:00,Asia,1,2023-07-12 02:50:00+00:00,30618.9,30553.85,30749.000000000007,2023-07-12 06:27:00+00:00,30749.000000000007,target,0.4258055858754369,0.3649009598646778,1.7175812451960157,False
2023-07-12 07:00:00+00:00,London,-1,2023-07-12 08:36:00+00:00,30699.0,30774.1,30548.800000000003,2023-07-12 11:54:00+00:00,30774.1,stop,0.4880727624853391,-0.3246333756799848,-1.327019973368848,False
2023-07-12 13:30:00+00:00,NY,-1,2023-07-12 16:10:00+00:00,30450.0,30635.85,30078.300000000003,2023-07-12 23:59:00+00:00,30368.9,time,1.2132844363711168,0.20633825944170295,0.338068334678499,False
2023-07-13 00:00:00+00:00,Asia,-1,2023-07-13 01:27:00+00:00,30326.0,30374.5,30229.0,2023-07-13 01:47:00+00:00,30374.5,stop,0.31934682052379465,-0.2399287739893161,-1.500222680412371,True
2023-07-14 00:00:00+00:00,Asia,1,2023-07-14 03:20:00+00:00,31520.0,31437.0,31686.0,2023-07-14 03:41:00+00:00,31437.0,stop,0.5280402073989249,-0.34332487309644666,-1.3038072289156626,True
2023-07-14 13:30:00+00:00,NY,1,2023-07-14 15:00:00+00:00,31283.7,31160.550000000003,31529.999999999996,2023-07-14 16:29:00+00:00,31160.550000000003,stop,0.7904225053793956,-0.47365548192828155,-1.2032233861144983,True
2023-07-15 00:00:00+00:00,Asia,1,2023-07-15 02:06:00+00:00,30315.0,30267.6,30409.800000000003,2023-07-15 03:00:00+00:00,30267.6,stop,0.3132062006898442,-0.23635823849579896,-1.5116455696202376,True
2023-07-17 00:00:00+00:00,Asia,1,2023-07-17 01:45:00+00:00,30299.6,30230.3,30438.199999999997,2023-07-17 06:46:00+00:00,30230.3,stop,0.45848039880516755,-0.30871589063881794,-1.3497789321789357,False
2023-07-17 13:30:00+00:00,NY,-1,2023-07-17 15:33:00+00:00,30159.4,30229.7,30018.800000000003,2023-07-17 17:14:00+00:00,30018.800000000003,target,0.46510550882079066,0.4061896456826016,1.7425940256045493,False
2023-07-18 00:00:00+00:00,Asia,1,2023-07-18 01:45:00+00:00,30186.0,30139.55,30278.9,2023-07-18 02:17:00+00:00,30139.55,stop,0.30823287009925976,-0.23387928178626094,-1.5198880516684525,False
2023-07-18 07:00:00+00:00,London,-1,2023-07-18 08:05:00+00:00,29922.1,29976.05,29814.199999999997,2023-07-18 08:25:00+00:00,29976.05,stop,0.35995402996726206,-0.26030151627058506,-1.4437012048192712,False
2023-07-18 13:30:00+00:00,NY,-1,2023-07-18 16:53:00+00:00,29750.0,29889.3,29471.4,2023-07-18 18:26:00+00:00,29889.3,stop,0.9321061383170518,-0.5482352941176447,-1.1708542713567849,False
2023-07-19 07:00:00+00:00,London,-1,2023-07-19 08:10:00+00:00,29950.1,30006.25,29837.799999999996,2023-07-19 09:45:00+00:00,30006.25,stop,0.3742553634659543,-0.26747850591484323,-1.4267155832591163,True
2023-07-19 13:30:00+00:00,NY,-1,2023-07-19 14:46:00+00:00,29832.3,29981.15,29534.599999999995,2023-07-19 15:51:00+00:00,29981.15,stop,0.9929572414667239,-0.5789558297550044,-1.1603348337252244,True
2023-07-20 00:00:00+00:00,Asia,1,2023-07-20 01:10:00+00:00,29999.6,29932.8,30133.199999999997,2023-07-20 03:25:00+00:00,29932.8,stop,0.4463331195210557,-0.3026696355951388,-1.3592766467065907,False
2023-07-20 07:00:00+00:00,London,1,2023-07-20 08:51:00+00:00,30240.2,30163.6,30393.400000000005,2023-07-20 10:11:00+00:00,30393.400000000005,target,0.5078969353790685,0.44661040601584767,1.7631315926893019,False
2023-07-21 00:00:00+00:00,Asia,1,2023-07-21 01:34:00+00:00,29826.7,29766.300000000003,29947.499999999996,2023-07-21 02:27:00+00:00,29947.499999999996,target,0.405828067311017,0.34500625278691793,1.7037082781456847,True
2023-07-22 00:00:00+00:00,Asia,-1,2023-07-22 03:11:00+00:00,29888.3,29936.8,29791.3,2023-07-22 06:59:00+00:00,29874.0,time,0.32401592688597314,-0.012155191161761378,-0.0749068041237263,False
2023-07-23 00:00:00+00:00,Asia,1,2023-07-23 01:10:00+00:00,29810.5,29764.7,29902.1,2023-07-23 04:50:00+00:00,29902.1,target,0.3077470963927019,0.2472742825514451,1.6094694323144043,False
2023-07-24 07:00:00+00:00,London,-1,2023-07-24 09:40:00+00:00,29715.2,29789.050000000003,29567.499999999996,2023-07-24 09:50:00+00:00,29567.499999999996,target,0.4958197727017166,0.4370520137842059,1.758576574136771,False
2023-07-24 13:30:00+00:00,NY,-1,2023-07-24 15:00:00+00:00,29050.3,29149.15,28852.599999999995,2023-07-24 15:11:00+00:00,28852.599999999995,target,0.6782359005322649,0.6205437465361954,1.8236704097116883,False
2023-07-25 00:00:00+00:00,Asia,-1,2023-07-25 02:15:00+00:00,29080.0,29127.25,28985.5,2023-07-25 02:33:00+00:00,29127.25,stop,0.3244384553982954,-0.24248280605226957,-1.492359788359788,True
2023-07-26 00:00:00+00:00,Asia,-1,2023-07-26 01:41:00+00:00,29120.5,29171.45,29018.6,2023-07-26 02:28:00+00:00,29171.45,stop,0.34931414105230096,-0.2549626551741925,-1.4572404317958718,False
2023-07-27 07:00:00+00:00,London,1,2023-07-27 08:50:00+00:00,29455.4,29411.25,29543.700000000004,2023-07-27 09:49:00+00:00,29543.700000000004,target,0.3002252539419539,0.2397752534340152,1.5997001132502964,False
2023-07-27 13:30:00+00:00,NY,-1,2023-07-27 14:55:00+00:00,29344.2,29419.5,29193.600000000002,2023-07-27 17:20:00+00:00,29193.600000000002,target,0.5119053688879776,0.45321896661009176,1.7661816733067708,False
2023-07-28 00:00:00+00:00,Asia,-1,2023-07-28 02:56:00+00:00,29197.6,29248.75,29095.299999999996,2023-07-28 03:30:00+00:00,29248.75,stop,0.3497585366896121,-0.2551856316957608,-1.4566584555229585,False
2023-07-28 13:30:00+00:00,NY,1,2023-07-28 14:35:00+00:00,29439.0,29337.25,29642.5,2023-07-28 15:38:00+00:00,29337.25,stop,0.6936573809746994,-0.42562994666938414,-1.231461425061425,False
2023-08-02 00:00:00+00:00,Asia,1,2023-08-02 01:59:00+00:00,29835.0,29754.3,29996.4,2023-08-02 03:18:00+00:00,29754.3,stop,0.5424426049344178,-0.3504876822523906,-1.295762081784384,True
2023-08-02 13:30:00+00:00,NY,-1,2023-08-02 15:22:00+00:00,29240.0,29344.4,29031.199999999997,2023-08-02 15:32:00+00:00,29344.4,stop,0.711549733509628,-0.4370451436388558,-1.224061302681989,True
2023-08-03 07:00:00+00:00,London,1,2023-08-03 09:05:00+00:00,29097.4,29051.2,29189.800000000003,2023-08-03 10:50:00+00:00,29189.800000000003,target,0.31805915074076613,0.25755414573123875,1.6221116883116944,True
2023-08-03 13:30:00+00:00,NY,1,2023-08-03 15:23:00+00:00,29245.0,29176.3,29382.4,2023-08-03 18:09:00+00:00,29176.3,stop,0.4709301727772249,-0.3149119507608163,-1.3405531295487592,True
2023-08-04 00:00:00+00:00,Asia,-1,2023-08-04 02:29:00+00:00,29150.0,29197.2,29055.6,2023-08-04 04:59:00+00:00,29197.2,stop,0.32331867439344,-0.24192109777015688,-1.494067796610162,False
2023-08-07 13:30:00+00:00,NY,-1,2023-08-07 15:10:00+00:00,28980.0,29029.75,28880.5,2023-08-07 15:30:00+00:00,28880.5,target,0.3427518321721682,0.28334023464458247,1.6504924623115578,False
2023-08-09 00:00:00+00:00,Asia,-1,2023-08-09 01:06:00+00:00,29758.1,29806.8,29660.699999999997,2023-08-09 01:17:00+00:00,29806.8,stop,0.32677107237275205,-0.2436529213894729,-1.4888394250513275,True
2023-08-09 07:00:00+00:00,London,1,2023-08-09 09:04:00+00:00,29809.8,29758.75,29911.899999999998,2023-08-09 10:33:00+00:00,29758.75,stop,0.34309236779098096,-0.25125240692657874,-1.467146718903043,True
2023-08-09 13:30:00+00:00,NY,-1,2023-08-09 14:55:00+00:00,29780.0,29869.45,29601.1,2023-08-09 16:45:00+00:00,29601.1,target,0.5989397193453561,0.5407387508394945,1.8002459474566814,True
2023-08-11 13:30:00+00:00,NY,-1,2023-08-11 15:22:00+00:00,29403.0,29484.05,29240.9,2023-08-11 16:44:00+00:00,29240.9,target,0.5497887841052994,0.4913042886780211,1.7823343615052418,False
2023-08-14 13:30:00+00:00,NY,1,2023-08-14 14:35:00+00:00,29454.0,29386.95,29588.1,2023-08-14 15:26:00+00:00,29588.1,target,0.4563250014036793,0.3952862090038655,1.7364295302013395,False
2023-08-15 13:30:00+00:00,NY,1,2023-08-15 14:36:00+00:00,29428.0,29375.65,29532.699999999997,2023-08-15 15:17:00+00:00,29375.65,stop,0.35641764522657615,-0.2578918037243392,-1.4497115568290477,False
2023-08-16 13:30:00+00:00,NY,1,2023-08-16 15:04:00+00:00,29144.9,29090.1,29254.500000000007,2023-08-16 15:59:00+00:00,29090.1,stop,0.37676047865082,-0.26802603542987935,-1.4254729927007075,False
2023-08-18 00:00:00+00:00,Asia,-1,2023-08-18 01:15:00+00:00,26579.2,26698.6,26340.400000000005,2023-08-18 03:48:00+00:00,26340.400000000005,target,0.8944289213666609,0.8384469058511754,1.8664361809045202,True
2023-08-18 07:00:00+00:00,London,1,2023-08-18 09:31:00+00:00,26514.3,26459.15,26624.599999999995,2023-08-18 09:54:00+00:00,26459.15,stop,0.41686902262544057,-0.28800096551671295,-1.3846135992747204,True
2023-08-18 13:30:00+00:00,NY,-1,2023-08-18 15:04:00+00:00,26111.7,26243.85,25847.400000000005,2023-08-18 16:58:00+00:00,25847.400000000005,target,1.0070930903811721,0.9521899378439382,1.881445175936434,True
2023-08-19 00:00:00+00:00,Asia,-1,2023-08-19 02:00:00+00:00,26005.0,26076.3,25862.4,2023-08-19 05:40:00+00:00,25862.4,target,0.5468567243052064,0.48835608536819286,1.7811640953716668,True
2023-08-19 07:00:00+00:00,London,1,2023-08-19 08:43:00+00:00,25911.1,25847.25,26038.799999999996,2023-08-19 13:29:00+00:00,25951.5,time,0.4940564276663749,0.0959177340985194,0.3892457321848399,True
2023-08-19 13:30:00+00:00,NY,1,2023-08-19 15:15:00+00:00,26039.3,25969.65,26178.599999999995,2023-08-19 15:51:00+00:00,26178.599999999995,target,0.5363953692098248,0.4749606172208763,1.775684422110546,True
2023-08-20 00:00:00+00:00,Asia,-1,2023-08-20 01:20:00+00:00,26069.0,26121.6,25963.800000000003,2023-08-20 03:19:00+00:00,26121.6,stop,0.40273183878476326,-0.28177221987801043,-1.3964866920152201,False
2023-08-20 13:30:00+00:00,NY,-1,2023-08-20 14:35:00+00:00,26109.2,26152.550000000003,26022.499999999996,2023-08-20 15:08:00+00:00,26022.499999999996,target,0.33151642956423266,0.2720668576593859,1.6386269896193955,False
2023-08-21 13:30:00+00:00,NY,-1,2023-08-21 16:19:00+00:00,26001.9,26097.75,25810.200000000004,2023-08-21 18:47:00+00:00,26097.75,stop,0.7345460815587439,-0.4486269080336381,-1.2170215962441349,False
2023-08-22 13:30:00+00:00,NY,-1,2023-08-22 16:07:00+00:00,25916.9,25983.0,25784.700000000004,2023-08-22 16:33:00+00:00,25784.700000000004,target,0.508794211599881,0.450091870555495,1.7647482602117952,False
2023-08-23 00:00:00+00:00,Asia,-1,2023-08-23 01:05:00+00:00,26016.6,26096.8,25856.199999999997,2023-08-23 06:46:00+00:00,26096.8,stop,0.6146347444897514,-0.3882647232920548,-1.2595172069825413,True
2023-08-23 07:00:00+00:00,London,-1,2023-08-23 10:06:00+00:00,25999.6,26060.0,25878.799999999996,2023-08-23 12:26:00+00:00,25878.799999999996,target,0.4635456638526589,0.4046225326543597,1.7417258278145757,True
2023-08-23 13:30:00+00:00,NY,1,2023-08-23 15:18:00+00:00,26084.4,25962.75,26327.700000000004,2023-08-23 16:18:00+00:00,26327.700000000004,target,0.9371118236704621,0.8727414086580596,1.871346979038226,True
2023-08-24 00:00:00+00:00,Asia,-1,2023-08-24 01:25:00+00:00,26411.6,26473.75,26287.299999999996,2023-08-24 05:09:00+00:00,26473.75,stop,0.4695216960196531,-0.3153132714413419,-1.3399723250201045,True
2023-08-25 07:00:00+00:00,London,1,2023-08-25 08:25:00+00:00,26052.9,26006.45,26145.800000000003,2023-08-25 13:05:00+00:00,26145.800000000003,target,0.35721907449883183,0.2965821847088096,1.663471689989241,True
2023-08-25 13:30:00+00:00,NY,-1,2023-08-25 15:11:00+00:00,26000.8,26150.4,25701.599999999995,2023-08-25 23:59:00+00:00,26051.7,time,1.1441507586882065,-0.25576320728593527,-0.44452192513369304,True
2023-08-28 13:30:00+00:00,NY,1,2023-08-28 15:41:00+00:00,26155.9,26111.5,26244.700000000004,2023-08-28 15:46:00+00:00,26111.5,stop,0.34008004136109726,-0.24975137540670153,-1.471277477477462,False
2023-08-29 00:00:00+00:00,Asia,-1,2023-08-29 03:28:00+00:00,26069.6,26113.05,25982.699999999997,2023-08-29 06:59:00+00:00,25999.3,time,0.3327837996710513,0.2096627489489646,1.257957192174876,False
2023-08-29 13:30:00+00:00,NY,1,2023-08-29 14:35:00+00:00,27222.0,26608.3,28449.4,2023-08-29 23:59:00+00:00,27700.1,time,4.612846367486843,1.6963000514289859,0.7524308293954668,False
2023-08-30 00:00:00+00:00,Asia,-1,2023-08-30 01:05:00+00:00,27611.8,27685.0,27465.399999999998,2023-08-30 01:14:00+00:00,27465.399999999998,target,0.5288062127505923,0.4702080994357538,1.7736737704918055,True
2023-08-30 07:00:00+00:00,London,1,2023-08-30 08:53:00+00:00,27455.5,27413.7,27539.1,2023-08-30 09:18:00+00:00,27413.7,stop,0.30495701054581664,-0.23224636229534798,-1.525464114832545,True
2023-08-30 13:30:00+00:00,NY,-1,2023-08-30 15:00:00+00:00,27100.7,27261.45,26779.2,2023-08-30 15:37:00+00:00,27261.45,stop,1.1793209825596218,-0.6731581103071139,-1.1348712908242613,True
2023-08-31 00:00:00+00:00,Asia,-1,2023-08-31 02:48:00+00:00,27185.0,27237.75,27079.5,2023-08-31 04:17:00+00:00,27237.75,stop,0.38733008416627657,-0.274040831340813,-1.4122843601895734,True
2023-09-01 00:00:00+00:00,Asia,1,2023-09-01 02:52:00+00:00,26060.5,25989.7,26202.1,2023-09-01 06:31:00+00:00,25989.7,stop,0.5448312215993203,-0.35167552426085175,-1.2944689265536753,True
2023-09-01 13:30:00+00:00,NY,-1,2023-09-01 14:38:00+00:00,25855.6,25947.699999999997,25671.4,2023-09-01 14:49:00+00:00,25671.4,target,0.7098895085113546,0.6524181995389667,1.8315596091205186,True
2023-09-04 00:00:00+00:00,Asia,-1,2023-09-04 01:31:00+00:00,25881.0,25923.0,25797.0,2023-09-04 02:34:00+00:00,25923.0,stop,0.3240365698414535,-0.24228121015416718,-1.4929714285714286,False
2023-09-05 00:00:00+00:00,Asia,-1,2023-09-05 02:32:00+00:00,25725.0,25779.05,25616.9,2023-09-05 03:09:00+00:00,25616.9,target,0.4193327527585328,0.36021379980563084,1.714431082331171,False
2023-09-05 13:30:00+00:00,NY,-1,2023-09-05 14:40:00+00:00,25665.0,25721.8,25551.4,2023-09-05 15:05:00+00:00,25721.8,stop,0.4416487182078958,-0.30131307227741777,-1.3614788732394412,False
2023-09-06 13:30:00+00:00,NY,-1,2023-09-06 14:45:00+00:00,25579.0,25674.15,25388.699999999997,2023-09-06 17:05:00+00:00,25388.699999999997,target,0.7412124646775035,0.6839696626138744,1.8387031003678427,False
2023-09-07 13:30:00+00:00,NY,1,2023-09-07 15:14:00+00:00,25769.1,25685.699999999997,25935.9,2023-09-07 16:47:00+00:00,25935.9,target,0.6493885702939741,0.5872868668288878,1.8146107913669098,True
2023-09-08 00:00:00+00:00,Asia,-1,2023-09-08 02:45:00+00:00,26207.7,26322.6,25977.900000000005,2023-09-08 04:43:00+00:00,26322.6,stop,0.8730140639602443,-0.5184207694685066,-1.1824731070496117,True
2023-09-08 13:30:00+00:00,NY,-1,2023-09-08 15:02:00+00:00,25853.6,25899.65,25761.499999999993,2023-09-08 16:36:00+00:00,25761.499999999993,target,0.35560326104793766,0.29623665563018625,1.6631452768729855,True
2023-09-11 13:30:00+00:00,NY,-1,2023-09-11 14:57:00+00:00,25196.2,25472.95,24642.7,2023-09-11 23:59:00+00:00,25150.4,time,2.1728932063227857,0.12177344202696944,0.11086641373080135,True
2023-09-12 00:00:00+00:00,Asia,-1,2023-09-12 01:35:00+00:00,25130.8,25177.4,25037.599999999995,2023-09-12 02:36:00+00:00,25177.4,stop,0.3701732506136484,-0.2654298311235702,-1.4314300429184348,True
2023-09-12 13:30:00+00:00,NY,1,2023-09-12 16:35:00+00:00,26397.0,26222.3,26746.4,2023-09-12 16:41:00+00:00,26222.3,stop,1.3324536749255462,-0.7418176307913806,-1.1208792215226098,True
2023-09-13 07:00:00+00:00,London,1,2023-09-13 09:55:00+00:00,26099.5,25971.75,26355.0,2023-09-13 13:29:00+00:00,26101.9,time,0.9837612020753318,-0.05080442154063696,-0.10379412915850132,True
2023-09-13 13:30:00+00:00,NY,1,2023-09-13 14:37:00+00:00,26190.9,26122.5,26327.700000000004,2023-09-13 15:46:00+00:00,26327.700000000004,target,0.5236864771748604,0.46231882065909496,1.7702552631578996,True
2023-09-14 00:00:00+00:00,Asia,1,2023-09-14 01:05:00+00:00,26523.9,26348.0,26875.700000000004,2023-09-14 01:10:00+00:00,26348.0,stop,1.335205708213158,-0.7431754757030506,-1.120631722569641,True
2023-09-15 00:00:00+00:00,Asia,1,2023-09-15 02:05:00+00:00,26550.0,26500.8,26648.4,2023-09-15 06:59:00+00:00,26561.7,time,0.3713095453722207,-0.015932203389827763,-0.08597560975608147,True
2023-09-15 13:30:00+00:00,NY,-1,2023-09-15 16:05:00+00:00,26328.0,26424.0,26136.0,2023-09-15 19:27:00+00:00,26424.0,stop,0.7266121707538601,-0.4446308113035551,-1.2193999999999998,True
2023-09-16 00:00:00+00:00,Asia,1,2023-09-16 02:30:00+00:00,26662.7,26610.5,26767.100000000002,2023-09-16 03:52:00+00:00,26610.5,stop,0.3923263373480448,-0.2757791221444217,-1.4086237547892664,True
2023-09-18 07:00:00+00:00,London,1,2023-09-18 09:51:00+00:00,26796.0,26703.55,26980.9,2023-09-18 10:19:00+00:00,26980.9,target,0.6924173003214984,0.630028362442161,1.8260941049215806,False
2023-09-19 00:00:00+00:00,Asia,1,2023-09-19 03:23:00+00:00,26773.9,26713.550000000003,26894.6,2023-09-19 06:59:00+00:00,26816.9,time,0.45183062528192885,0.10060417047945946,0.4463241093620654,True
2023-09-19 13:30:00+00:00,NY,1,2023-09-19 15:19:00+00:00,27199.3,27033.65,27530.599999999995,2023-09-19 21:27:00+00:00,27033.65,stop,1.2255096888507444,-0.6890230263278754,-1.1313579233323288,True
2023-09-20 00:00:00+00:00,Asia,1,2023-09-20 01:10:00+00:00,27247.5,27188.7,27365.1,2023-09-20 02:00:00+00:00,27365.1,target,0.43253263304239825,0.3715992292870852,1.7219642857142823,True
2023-09-20 07:00:00+00:00,London,1,2023-09-20 08:22:00+00:00,27119.7,27075.25,27208.600000000002,2023-09-20 09:29:00+00:00,27075.25,stop,0.3283441519468941,-0.2439029930272117,-1.4880935883014543,True
2023-09-20 13:30:00+00:00,NY,1,2023-09-20 17:23:00+00:00,27228.8,27117.15,27452.099999999995,2023-09-20 18:00:00+00:00,27117.15,stop,0.8234641177262333,-0.4900437771770986,-1.195101119570089,True
2023-09-21 00:00:00+00:00,Asia,-1,2023-09-21 01:05:00+00:00,27031.6,27090.3,26914.199999999997,2023-09-21 04:53:00+00:00,27090.3,stop,0.43336544814934297,-0.2971532576688051,-1.3684034071550208,True
2023-09-21 07:00:00+00:00,London,-1,2023-09-21 08:10:00+00:00,26966.1,27013.35,26871.6,2023-09-21 09:18:00+00:00,26871.6,target,0.3498270299685156,0.29043999688497785,1.6575733333333333,True
2023-09-21 13:30:00+00:00,NY,1,2023-09-21 14:40:00+00:00,26553.3,26456.699999999997,26746.500000000004,2023-09-21 23:59:00+00:00,26552.6,time,0.7302498043973766,-0.06263620717575866,-0.1721737060041444,True
2023-09-22 07:00:00+00:00,London,1,2023-09-22 08:16:00+00:00,26697.5,26628.45,26835.6,2023-09-22 09:14:00+00:00,26628.45,stop,0.5186182447720334,-0.33863844929300224,-1.3093120926864623,True
2023-09-25 00:00:00+00:00,Asia,1,2023-09-25 01:06:00+00:00,26240.0,26102.5,26515.0,2023-09-25 04:43:00+00:00,26102.5,stop,1.0535389330523897,-0.6040091463414634,-1.1526690909090909,True
2023-09-25 07:00:00+00:00,London,1,2023-09-25 08:05:00+00:00,26181.9,26136.15,26273.4,2023-09-25 08:21:00+00:00,26136.15,stop,0.3500898181254699,-0.25473903727384184,-1.4578255737704917,True
2023-09-26 13:30:00+00:00,NY,1,2023-09-26 16:45:00+00:00,26249.6,26177.8,26393.199999999997,2023-09-26 17:37:00+00:00,26177.8,stop,0.5485564103935341,-0.35352797756917925,-1.2924746518105878,False
2023-09-28 00:00:00+00:00,Asia,-1,2023-09-28 03:15:00+00:00,26346.8,26448.35,26143.7,2023-09-28 04:50:00+00:00,26448.35,stop,0.7679117979004444,-0.46543580245038974,-1.2075572624323008,True
2023-09-28 13:30:00+00:00,NY,1,2023-09-28 14:40:00+00:00,26676.0,26566.8,26894.4,2023-09-28 14:55:00+00:00,26894.4,target,0.8220786846741099,0.7587134502924031,1.8534285714285725,True
2023-09-29 07:00:00+00:00,London,-1,2023-09-29 09:05:00+00:00,27021.8,27126.65,26812.099999999995,2023-09-29 13:29:00+00:00,26990.6,time,0.7730405339398736,0.0554623304147049,0.14293676680973214,True
2023-09-30 13:30:00+00:00,NY,1,2023-09-30 15:28:00+00:00,26998.0,26957.05,27079.9,2023-09-30 15:46:00+00:00,27079.9,target,0.30381662681933463,0.2433558041336449,1.6044249084249156,True
2023-10-01 13:30:00+00:00,NY,-1,2023-10-01 14:46:00+00:00,27132.8,27176.25,27045.899999999998,2023-10-01 17:47:00+00:00,27045.899999999998,target,0.3197645002529836,0.2602765656327451,1.6253238204833205,False
2023-10-02 00:00:00+00:00,Asia,-1,2023-10-02 01:19:00+00:00,27870.0,27960.35,27689.300000000003,2023-10-02 02:20:00+00:00,27960.35,stop,0.646272310611279,-0.4041837100825208,-1.2467736579966835,True
2023-10-03 00:00:00+00:00,Asia,-1,2023-10-03 01:11:00+00:00,27380.1,27469.699999999997,27200.9,2023-10-03 01:29:00+00:00,27469.699999999997,stop,0.6523551403910518,-0.4072449698868833,-1.2444651785714325,True
2023-10-03 13:30:00+00:00,NY,-1,2023-10-03 14:53:00+00:00,27333.3,27451.25,27097.399999999998,2023-10-03 17:25:00+00:00,27451.25,stop,0.8593415600382549,-0.5115249164938033,-1.1853890631623556,True
2023-10-04 00:00:00+00:00,Asia,1,2023-10-04 02:15:00+00:00,27423.2,27293.550000000003,27682.499999999996,2023-10-04 06:59:00+00:00,27408.5,time,0.9500413101263825,-0.11360424749847109,-0.24029247975319126,False
2023-10-04 13:30:00+00:00,NY,-1,2023-10-04 14:50:00+00:00,27329.5,27437.75,27113.0,2023-10-04 15:28:00+00:00,27437.75,stop,0.7890588696230558,-0.4760921348725735,-1.2019732101616627,False
2023-10-05 00:00:00+00:00,Asia,-1,2023-10-05 01:20:00+00:00,27703.3,27796.65,27516.599999999995,2023-10-05 06:59:00+00:00,27643.0,time,0.6716636717014486,0.15766359964336116,0.46789523299408947,True
2023-10-06 07:00:00+00:00,London,1,2023-10-06 08:30:00+00:00,27644.0,27556.0,27820.0,2023-10-06 12:30:00+00:00,27556.0,stop,0.6386993758165191,-0.3983330921718998,-1.2513090909090907,True
2023-10-06 13:30:00+00:00,NY,1,2023-10-06 15:15:00+00:00,27697.0,27531.65,28027.699999999997,2023-10-06 15:50:00+00:00,28027.699999999997,target,1.2011630251002055,1.1339921291114456,1.8994968249168422,True
2023-10-09 00:00:00+00:00,Asia,1,2023-10-09 03:19:00+00:00,27907.7,27847.6,28027.900000000005,2023-10-09 06:00:00+00:00,27847.6,stop,0.43163504215803417,-0.29535275210784906,-1.3714835274542294,False
2023-10-09 07:00:00+00:00,London,-1,2023-10-09 08:36:00+00:00,27800.0,27848.75,27702.5,2023-10-09 09:39:00+00:00,27702.5,target,0.3501054804973293,0.29071942446043164,1.657846153846154,False
2023-10-09 13:30:00+00:00,NY,-1,2023-10-09 16:30:00+00:00,27419.8,27493.5,27272.399999999998,2023-10-09 16:43:00+00:00,27272.399999999998,target,0.5361267208612998,0.4775677430178246,1.7767723202170986,False
2023-10-10 00:00:00+00:00,Asia,-1,2023-10-10 01:09:00+00:00,27530.2,27577.0,27436.600000000002,2023-10-10 01:46:00+00:00,27577.0,stop,0.33941327918192166,-0.24999513261799505,-1.4706017094017168,True
2023-10-11 07:00:00+00:00,London,1,2023-10-11 08:40:00+00:00,27087.9,27046.45,27170.800000000003,2023-10-11 09:37:00+00:00,27170.800000000003,target,0.30650972678485144,0.24604070452121227,1.6078952955367982,False
2023-10-12 00:00:00+00:00,Asia,-1,2023-10-12 01:08:00+00:00,26788.4,26834.2,26696.800000000003,2023-10-12 02:37:00+00:00,26834.2,stop,0.341355434482856,-0.2509695241223786,-1.4679196506550292,True
2023-10-12 13:30:00+00:00,NY,-1,2023-10-12 14:40:00+00:00,26660.0,26713.75,26552.5,2023-10-12 15:11:00+00:00,26713.75,stop,0.4024144869215292,-0.28161290322580645,-1.3968,True
2023-10-13 07:00:00+00:00,London,-1,2023-10-13 08:45:00+00:00,26796.5,26862.75,26664.0,2023-10-13 12:23:00+00:00,26862.75,stop,0.4932480851737071,-0.32723378053103946,-1.3235803773584904,False
2023-10-13 13:30:00+00:00,NY,-1,2023-10-13 16:33:00+00:00,26780.0,26832.5,26675.0,2023-10-13 17:34:00+00:00,26675.0,target,0.3913165005124382,0.332083644510829,1.6939428571428572,False
2023-10-16 00:00:00+00:00,Asia,1,2023-10-16 01:58:00+00:00,27179.9,27137.65,27264.4,2023-10-16 02:27:00+00:00,27264.4,target,0.31137552440981436,0.2508915043837542,1.6140132544378698,True
2023-10-16 07:00:00+00:00,London,-1,2023-10-16 09:00:00+00:00,27794.2,27854.2,27674.2,2023-10-16 09:10:00+00:00,27674.2,target,0.4308147424804877,0.3717447525023206,1.722058,True
2023-10-17 07:00:00+00:00,London,1,2023-10-17 08:10:00+00:00,28452.8,28321.35,28715.7,2023-10-17 12:36:00+00:00,28321.35,stop,0.928274958644266,-0.5419931957487514,-1.1731627234689987,True
2023-10-17 13:30:00+00:00,NY,1,2023-10-17 15:00:00+00:00,28439.2,28278.1,28761.400000000005,2023-10-17 23:59:00+00:00,28381.9,time,1.1393976257245033,-0.26148246082871274,-0.4615985102420749,True
2023-10-18 00:00:00+00:00,Asia,1,2023-10-18 02:47:00+00:00,28424.1,28365.85,28540.6,2023-10-18 04:49:00+00:00,28540.6,target,0.41070512605827075,0.3498634609363182,1.7072195708154507,False
2023-10-18 13:30:00+00:00,NY,-1,2023-10-18 15:14:00+00:00,28240.6,28307.25,28107.299999999996,2023-10-18 16:04:00+00:00,28307.25,stop,0.47090409700696084,-0.31600773354674283,-1.338971942985739,False
2023-10-19 00:00:00+00:00,Asia,1,2023-10-19 01:07:00+00:00,28383.9,28328.9,28493.9,2023-10-19 01:36:00+00:00,28328.9,stop,0.38829605102916104,-0.2737718213494269,-1.412856727272727,True
2023-10-19 07:00:00+00:00,London,1,2023-10-19 08:18:00+00:00,28325.0,28275.8,28423.4,2023-10-19 09:07:00+00:00,28275.8,stop,0.34800076390412105,-0.25369814651368305,-1.4605691056910501,True
2023-10-19 13:30:00+00:00,NY,1,2023-10-19 15:21:00+00:00,28579.0,28501.15,28734.699999999997,2023-10-19 15:44:00+00:00,28734.699999999997,target,0.5462937460418289,0.48480562650896497,1.779737957610786,True
2023-10-20 00:00:00+00:00,Asia,-1,2023-10-20 01:27:00+00:00,28616.5,28686.65,28476.199999999997,2023-10-20 02:11:00+00:00,28686.65,stop,0.4890776720181662,-0.3251382943406827,-1.3263464005702,True
2023-10-20 07:00:00+00:00,London,1,2023-10-20 08:20:00+00:00,29405.4,29305.4,29605.4,2023-10-20 08:27:00+00:00,29605.4,target,0.6824680775556723,0.6201471838505852,1.8235676,True
2023-10-20 13:30:00+00:00,NY,-1,2023-10-20 17:11:00+00:00,29395.4,29557.1,29072.000000000007,2023-10-20 19:59:00+00:00,29557.1,stop,1.0941533506331738,-0.630086067888163,-1.1454317872603612,True
2023-10-21 00:00:00+00:00,Asia,-1,2023-10-21 03:31:00+00:00,29571.0,29624.8,29463.4,2023-10-21 06:28:00+00:00,29624.8,stop,0.3632092031001004,-0.26193500388894275,-1.439717472118965,True
2023-10-21 13:30:00+00:00,NY,1,2023-10-21 14:45:00+00:00,29804.0,29758.65,29894.699999999997,2023-10-21 14:47:00+00:00,29894.699999999997,target,0.304785331323836,0.24432156757481244,1.6056802646085873,True
2023-10-22 00:00:00+00:00,Asia,1,2023-10-22 01:18:00+00:00,29994.8,29932.8,30118.8,2023-10-22 01:27:00+00:00,29932.8,stop,0.4142612785973915,-0.2867024950991505,-1.3870296774193547,True
2023-10-22 13:30:00+00:00,NY,-1,2023-10-22 14:52:00+00:00,29833.1,29896.55,29706.199999999997,2023-10-22 17:11:00+00:00,29896.55,stop,0.4244636922989491,-0.2926832276900514,-1.3761462568951888,True
2023-10-23 07:00:00+00:00,London,-1,2023-10-23 09:50:00+00:00,30414.6,30580.3,30083.199999999997,2023-10-23 11:02:00+00:00,30580.3,stop,1.083704214804961,-0.62480414011692,-1.1468417622208806,False
2023-10-24 00:00:00+00:00,Asia,1,2023-10-24 01:21:00+00:00,33750.0,33291.75,34666.5,2023-10-24 02:13:00+00:00,34666.5,target,2.7529342855211874,2.6555555555555554,1.955810147299509,True
2023-10-24 07:00:00+00:00,London,1,2023-10-24 08:14:00+00:00,34045.8,33877.9,34381.600000000006,2023-10-24 09:41:00+00:00,34381.600000000006,target,0.9912066568470976,0.9263184298797587,1.8783354377605728,True
2023-10-24 13:30:00+00:00,NY,-1,2023-10-24 16:32:00+00:00,34066.0,34293.5,33611.0,2023-10-24 16:33:00+00:00,34293.5,stop,1.3267820432443467,-0.7478212880878295,-1.1197925274725276,True
2023-10-25 00:00:00+00:00,Asia,1,2023-10-25 02:27:00+00:00,34043.7,33906.149999999994,34318.8,2023-10-25 05:48:00+00:00,33906.149999999994,stop,0.8113572316526606,-0.4840395139188835,-1.1980004362050123,True
2023-10-25 07:00:00+00:00,London,1,2023-10-25 09:32:00+00:00,34200.0,33930.3,34739.399999999994,2023-10-25 13:29:00+00:00,34459.7,time,1.5897295337795465,0.6993567251461903,0.8868372265480152,True
2023-10-25 13:30:00+00:00,NY,1,2023-10-25 16:41:00+00:00,34547.8,34415.65,34812.100000000006,2023-10-25 17:02:00+00:00,34415.65,stop,0.7679645742561971,-0.4625135030305878,-1.2091429436246666,True
2023-10-26 00:00:00+00:00,Asia,1,2023-10-26 01:26:00+00:00,34704.0,34555.6,35000.8,2023-10-26 05:46:00+00:00,34555.6,stop,0.8589056477097863,-0.5076164130935957,-1.1870835579514807,True
2023-10-26 07:00:00+00:00,London,-1,2023-10-26 08:32:00+00:00,34547.6,34666.2,34310.4,2023-10-26 10:06:00+00:00,34310.4,target,0.6842399801535917,0.6265889381606743,1.8252229342327129,True
2023-10-26 13:30:00+00:00,NY,-1,2023-10-26 14:48:00+00:00,34132.5,34247.45,33902.600000000006,2023-10-26 15:01:00+00:00,34247.45,stop,0.6712908552315617,-0.41677580019042587,-1.237546759460641,True
2023-10-27 00:00:00+00:00,Asia,-1,2023-10-27 01:10:00+00:00,33972.0,34075.8,33764.399999999994,2023-10-27 02:22:00+00:00,34075.8,stop,0.609230010740756,-0.3855457435535232,-1.2618265895953684,True
2023-10-27 13:30:00+00:00,NY,-1,2023-10-27 14:35:00+00:00,33930.7,34071.05,33649.999999999985,2023-10-27 15:41:00+00:00,34071.05,stop,0.8238665964213148,-0.49363720760257185,-1.1934061987887346,True
2023-10-28 13:30:00+00:00,NY,1,2023-10-28 16:08:00+00:00,34166.3,34108.4,34282.100000000006,2023-10-28 17:17:00+00:00,34108.4,stop,0.3395058108853036,-0.24946523328543466,-1.4720732297063785,True
2023-10-29 13:30:00+00:00,NY,1,2023-10-29 14:35:00+00:00,34450.0,34393.3,34563.399999999994,2023-10-29 15:05:00+00:00,34563.399999999994,target,0.3297153806119257,0.2691727140783576,1.6354497354497168,False
2023-10-30 07:00:00+00:00,London,1,2023-10-30 08:50:00+00:00,34349.0,34226.5,34594.0,2023-10-30 09:28:00+00:00,34594.0,target,0.7158196134574087,0.6532667617689016,1.83176,True
2023-10-30 13:30:00+00:00,NY,-1,2023-10-30 14:45:00+00:00,34573.0,34711.5,34296.0,2023-10-30 15:06:00+00:00,34711.5,stop,0.7980064243838496,-0.4806016255459462,-1.1996996389891694,True
2023-10-31 00:00:00+00:00,Asia,-1,2023-10-31 01:29:00+00:00,34455.0,34537.85,34289.3,2023-10-31 02:48:00+00:00,34289.3,target,0.4797635058348944,0.42091713829632016,1.7504767652383784,True
2023-10-31 07:00:00+00:00,London,1,2023-10-31 08:30:00+00:00,34306.9,34193.45,34533.80000000001,2023-10-31 11:35:00+00:00,34533.80000000001,target,0.663577381048129,0.6013829870959158,1.8185620096959083,True
2023-10-31 13:30:00+00:00,NY,1,2023-10-31 17:08:00+00:00,34382.9,34258.3,34632.1,2023-10-31 20:17:00+00:00,34632.1,target,0.7274149622135492,0.6647788871793743,1.8344322632423737,True
2023-11-01 00:00:00+00:00,Asia,-1,2023-11-01 01:56:00+00:00,34506.7,34595.35,34329.399999999994,2023-11-01 06:59:00+00:00,34422.9,time,0.512496621655809,0.1828513882811038,0.7117425831922686,True
2023-11-01 07:00:00+00:00,London,-1,2023-11-01 10:51:00+00:00,34404.8,34462.4,34289.600000000006,2023-11-01 11:59:00+00:00,34462.4,stop,0.334277357351772,-0.24741849974421748,-1.4778444444444565,True
2023-11-01 13:30:00+00:00,NY,-1,2023-11-01 16:18:00+00:00,34400.0,34592.6,34014.8,2023-11-01 18:26:00+00:00,34592.6,stop,1.1135329521342632,-0.6398837209302283,-1.1428868120456914,True
2023-11-02 00:00:00+00:00,Asia,1,2023-11-02 02:40:00+00:00,35687.3,35532.8,35996.3,2023-11-02 02:47:00+00:00,35996.3,target,0.8696190561959654,0.8058542394633386,1.8614085436893204,True
2023-11-02 07:00:00+00:00,London,-1,2023-11-02 08:15:00+00:00,35211.0,35284.5,35064.0,2023-11-02 08:37:00+00:00,35284.5,stop,0.41661352718615824,-0.2887415864360569,-1.3832489795918368,True
2023-11-02 13:30:00+00:00,NY,-1,2023-11-02 16:36:00+00:00,34544.6,34888.75,33856.299999999996,2023-11-02 19:26:00+00:00,34888.75,stop,1.9728422485758388,-1.076248328248124,-1.0803012639837277,True
2023-11-03 07:00:00+00:00,London,1,2023-11-03 08:35:00+00:00,34509.1,34429.6,34668.1,2023-11-03 08:40:00+00:00,34429.6,stop,0.4618119292701629,-0.3103740172881936,-1.3472613836477987,True
2023-11-03 13:30:00+00:00,NY,1,2023-11-03 14:45:00+00:00,34743.8,34550.0,35131.40000000001,2023-11-03 17:20:00+00:00,34550.0,stop,1.1218523878437217,-0.637797362407114,-1.1434212590299258,True
2023-11-04 07:00:00+00:00,London,-1,2023-11-04 08:12:00+00:00,34752.0,34809.95,34636.100000000006,2023-11-04 08:18:00+00:00,34809.95,stop,0.33295077987759664,-0.2467529926335091,-1.4797515099223708,True
2023-11-05 07:00:00+00:00,London,-1,2023-11-05 08:50:00+00:00,35055.0,35129.0,34907.0,2023-11-05 09:39:00+00:00,35129.0,stop,0.42130433544934387,-0.29109684781058337,-1.378972972972973,False
2023-11-05 13:30:00+00:00,NY,1,2023-11-05 17:19:00+00:00,35099.1,34928.55,35440.19999999999,2023-11-05 21:24:00+00:00,34928.55,stop,0.9765650162975518,-0.5659098951255036,-1.1646395778364158,False
2023-11-06 00:00:00+00:00,Asia,1,2023-11-06 01:15:00+00:00,35095.9,35009.05,35269.6,2023-11-06 01:35:00+00:00,35009.05,stop,0.49615742215228453,-0.3274648035810409,-1.3232782959124982,True
2023-11-06 13:30:00+00:00,NY,1,2023-11-06 15:02:00+00:00,35179.2,35045.1,35447.399999999994,2023-11-06 16:12:00+00:00,35045.1,stop,0.7652995711240576,-0.46119115841178465,-1.209868456375841,True
2023-11-07 00:00:00+00:00,Asia,-1,2023-11-07 03:01:00+00:00,34836.6,34951.3,34607.19999999999,2023-11-07 04:04:00+00:00,34951.3,stop,0.6563418241953846,-0.40925141948411836,-1.2429754141237919,False
2023-11-07 13:30:00+00:00,NY,-1,2023-11-07 17:07:00+00:00,34639.5,34735.1,34448.3,2023-11-07 17:17:00+00:00,34735.1,stop,0.5504518484184502,-0.3559855078739547,-1.2898702928870336,False
2023-11-08 00:00:00+00:00,Asia,1,2023-11-08 01:31:00+00:00,35423.0,35343.95,35581.100000000006,2023-11-08 02:21:00+00:00,35343.95,stop,0.44731842366232,-0.30316009372442454,-1.3584870335230734,True
2023-11-08 07:00:00+00:00,London,-1,2023-11-08 08:06:00+00:00,35218.0,35277.3,35099.399999999994,2023-11-08 08:08:00+00:00,35277.3,stop,0.33619352955015985,-0.2483798057811429,-1.4751163575041926,True
2023-11-08 13:30:00+00:00,NY,-1,2023-11-08 14:56:00+00:00,35334.0,35389.5,35223.0,2023-11-08 15:11:00+00:00,35223.0,target,0.3136523545119315,0.2541450161317711,1.6180108108108109,True
2023-11-09 00:00:00+00:00,Asia,1,2023-11-09 01:51:00+00:00,35900.0,35719.4,36261.2,2023-11-09 02:23:00+00:00,36261.2,target,1.0112151939842133,0.9461281337047273,1.8807308970099659,True
2023-11-09 07:00:00+00:00,London,1,2023-11-09 10:02:00+00:00,36825.0,36682.0,37111.0,2023-11-09 11:08:00+00:00,36682.0,stop,0.7796739545281065,-0.4683231500339443,-1.2060139860139858,True
2023-11-10 00:00:00+00:00,Asia,1,2023-11-10 02:35:00+00:00,36774.6,36632.8,37058.19999999999,2023-11-10 06:25:00+00:00,36632.8,stop,0.774169596645625,-0.4655922294192068,-1.2074730606488073,True
2023-11-10 07:00:00+00:00,London,-1,2023-11-10 08:15:00+00:00,36465.4,36587.9,36220.4,2023-11-10 09:07:00+00:00,36587.9,stop,0.6696202843016407,-0.4159348862209108,-1.2381413877551022,True
2023-11-10 13:30:00+00:00,NY,1,2023-11-10 16:18:00+00:00,37249.0,37037.9,37671.2,2023-11-10 23:59:00+00:00,37330.4,time,1.1399134400168396,0.15852935649279565,0.2797280909521642,True
2023-11-11 00:00:00+00:00,Asia,-1,2023-11-11 01:21:00+00:00,37243.6,37332.899999999994,37065.00000000001,2023-11-11 01:50:00+00:00,37065.00000000001,target,0.4783984099815406,0.4195454789547501,1.7497630459126419,True
2023-11-11 13:30:00+00:00,NY,1,2023-11-11 14:46:00+00:00,37242.0,37176.6,37372.8,2023-11-11 15:10:00+00:00,37176.6,stop,0.35183421829861505,-0.25560818430804316,-1.4555596330275127,True
2023-11-12 13:30:00+00:00,NY,1,2023-11-12 15:05:00+00:00,37225.8,37143.95,37389.500000000015,2023-11-12 15:13:00+00:00,37143.95,stop,0.44071780195699267,-0.2998743881931505,-1.3638441050702246,True
2023-11-13 00:00:00+00:00,Asia,1,2023-11-13 01:36:00+00:00,37166.8,37073.4,37353.600000000006,2023-11-13 03:08:00+00:00,37073.4,stop,0.5038653050435161,-0.33129954690745894,-1.318345182012843,False
2023-11-13 07:00:00+00:00,London,-1,2023-11-13 08:12:00+00:00,36956.0,37012.95,36842.100000000006,2023-11-13 08:27:00+00:00,37012.95,stop,0.3077301322915398,-0.23410217556011767,-1.5191360842844865,False
2023-11-13 13:30:00+00:00,NY,-1,2023-11-13 14:35:00+00:00,36834.0,36896.55,36708.899999999994,2023-11-13 14:42:00+00:00,36708.899999999994,target,0.33905609061009373,0.27963186186676936,1.6466762589928223,False
2023-11-14 00:00:00+00:00,Asia,1,2023-11-14 03:26:00+00:00,36496.0,36358.2,36771.600000000006,2023-11-14 06:59:00+00:00,36676.9,time,0.7580133229917834,0.43567075843928504,1.1538635703918585,True
2023-11-14 13:30:00+00:00,NY,-1,2023-11-14 16:37:00+00:00,36419.5,36559.7,36139.100000000006,2023-11-14 17:56:00+00:00,36139.100000000006,target,0.7669647179818255,0.7099172146789335,1.8441390870185417,True
2023-11-15 00:00:00+00:00,Asia,-1,2023-11-15 01:57:00+00:00,35504.1,35572.05,35368.19999999999,2023-11-15 04:52:00+00:00,35572.05,stop,0.38204151855178836,-0.2713863469289585,-1.4180026490065956,True
2023-11-15 13:30:00+00:00,NY,1,2023-11-15 15:21:00+00:00,36218.6,36118.45,36418.9,2023-11-15 15:59:00+00:00,36418.9,target,0.5545642185641844,0.49303076319902733,1.7830138791812313,True
2023-11-16 07:00:00+00:00,London,-1,2023-11-16 09:23:00+00:00,37450.7,37548.3,37255.499999999985,2023-11-16 11:16:00+00:00,37548.3,stop,0.5198637488248585,-0.3406092810014387,-1.3069729508196537,True
2023-11-16 13:30:00+00:00,NY,-1,2023-11-16 15:50:00+00:00,36505.0,36741.15,36032.7,2023-11-16 19:13:00+00:00,36032.7,target,1.2854796325101498,1.2337953704972002,1.9072496294727934,True
2023-11-17 00:00:00+00:00,Asia,1,2023-11-17 03:08:00+00:00,36390.0,36249.15,36671.7,2023-11-17 05:15:00+00:00,36249.15,stop,0.7771216704391608,-0.4670568837592705,-1.2066879659211949,True
2023-11-17 07:00:00+00:00,London,-1,2023-11-17 08:15:00+00:00,36217.0,36294.05,36062.899999999994,2023-11-17 08:19:00+00:00,36294.05,stop,0.4245875012570891,-0.2927453958086062,-1.3760363400389215,True
2023-11-17 13:30:00+00:00,NY,-1,2023-11-17 17:02:00+00:00,36278.0,36397.35,36039.3,2023-11-17 17:03:00+00:00,36397.35,stop,0.6558169756864087,-0.4089872650090923,-1.2431705069124452,True
2023-11-18 00:00:00+00:00,Asia,-1,2023-11-18 03:20:00+00:00,36391.3,36508.5,36156.90000000001,2023-11-18 06:59:00+00:00,36267.2,time,0.6420422641302551,0.28101557240331015,0.8725701365188426,True
2023-11-18 07:00:00+00:00,London,1,2023-11-18 08:49:00+00:00,36443.3,36319.65,36690.600000000006,2023-11-18 13:29:00+00:00,36478.9,time,0.6808986320077504,0.03768599440774721,0.1110717347351264,True
2023-11-18 13:30:00+00:00,NY,1,2023-11-18 14:40:00+00:00,36528.4,36468.5,36648.200000000004,2023-11-18 15:41:00+00:00,36648.200000000004,target,0.3285026803954177,0.2679639951380376,1.6341061769616116,True
2023-11-19 00:00:00+00:00,Asia,-1,2023-11-19 01:12:00+00:00,36464.0,36524.0,36344.0,2023-11-19 03:58:00+00:00,36524.0,stop,0.3285510896944475,-0.2445458534444932,-1.4861866666666668,False
2023-11-19 13:30:00+00:00,NY,1,2023-11-19 15:34:00+00:00,36519.7,36451.35,36656.399999999994,2023-11-19 18:18:00+00:00,36656.399999999994,target,0.3750204039082149,0.3143185184982273,1.6794174103877035,False
2023-11-20 07:00:00+00:00,London,-1,2023-11-20 08:46:00+00:00,37110.1,37195.05,36940.19999999999,2023-11-20 09:21:00+00:00,37195.05,stop,0.45678121147841294,-0.3089134224914629,-1.3494771041789109,True
2023-11-20 13:30:00+00:00,NY,1,2023-11-20 14:45:00+00:00,37234.5,36917.25,37869.0,2023-11-20 17:28:00+00:00,36917.25,stop,1.7187087337220404,-0.9320323893163599,-1.093893144208038,True
2023-11-21 00:00:00+00:00,Asia,1,2023-11-21 01:45:00+00:00,37535.9,37428.5,37750.700000000004,2023-11-21 04:52:00+00:00,37428.5,stop,0.5738942249889868,-0.3661260819642035,-1.2795970204841676,True
2023-11-21 07:00:00+00:00,London,1,2023-11-21 08:30:00+00:00,37389.9,37320.15,37529.4,2023-11-21 11:17:00+00:00,37320.15,stop,0.37379270983637525,-0.26654770405911754,-1.4288447311827959,True
2023-11-21 13:30:00+00:00,NY,-1,2023-11-21 14:36:00+00:00,36870.1,37032.55,36545.19999999999,2023-11-21 14:54:00+00:00,36545.19999999999,target,0.8773362892914515,0.8212018410582254,1.8638223453370304,True
2023-11-22 00:00:00+00:00,Asia,1,2023-11-22 01:08:00+00:00,36139.0,35874.85,36667.3,2023-11-22 06:59:00+00:00,36511.4,time,1.4726193977117756,0.9704657018733265,1.327717584705658,True
2023-11-22 07:00:00+00:00,London,-1,2023-11-22 08:33:00+00:00,36430.5,36494.55,36302.399999999994,2023-11-22 08:50:00+00:00,36494.55,stop,0.3510113153881841,-0.2558142216000409,-1.455025761124101,True
2023-11-23 00:00:00+00:00,Asia,-1,2023-11-23 03:16:00+00:00,37310.0,37429.0,37072.0,2023-11-23 06:59:00+00:00,37279.4,time,0.6358705816345614,0.022015545430175677,0.06902521008402139,True
2023-11-23 13:30:00+00:00,NY,-1,2023-11-23 14:55:00+00:00,37164.7,37268.25,36957.59999999999,2023-11-23 15:30:00+00:00,36957.59999999999,target,0.5557008982176673,0.4972492176716235,1.784656494447133,True
2023-11-24 07:00:00+00:00,London,1,2023-11-24 09:50:00+00:00,37587.0,37471.05,37818.899999999994,2023-11-24 10:33:00+00:00,37818.899999999994,target,0.6188777736412548,0.5569686327719535,1.8055006468305255,False
2023-11-26 13:30:00+00:00,NY,-1,2023-11-26 15:02:00+00:00,37330.5,37425.2,37141.100000000006,2023-11-26 15:12:00+00:00,37425.2,stop,0.5060761198336988,-0.33367996678318557,-1.3153579725448883,False
2023-11-27 00:00:00+00:00,Asia,-1,2023-11-27 02:25:00+00:00,37381.9,37466.8,37212.1,2023-11-27 02:53:00+00:00,37212.1,target,0.45320123415929736,0.39423052332814257,1.7358169611307466,False
2023-11-27 07:00:00+00:00,London,1,2023-11-27 08:46:00+00:00,37334.0,37169.5,37663.0,2023-11-27 10:35:00+00:00,37169.5,stop,0.8851343171148388,-0.5206171318369315,-1.181563525835866,False
2023-11-27 13:30:00+00:00,NY,1,2023-11-27 15:21:00+00:00,36999.0,36865.7,37265.600000000006,2023-11-27 15:46:00+00:00,36865.7,stop,0.7231654356217257,-0.4402800075677799,-1.2220495123780895,False
2023-11-28 00:00:00+00:00,Asia,-1,2023-11-28 01:25:00+00:00,37176.3,37257.15,37014.600000000006,2023-11-28 04:47:00+00:00,37014.600000000006,target,0.4340106529887473,0.37495452748121,1.724109090909086,False
2023-11-28 07:00:00+00:00,London,-1,2023-11-28 08:58:00+00:00,36952.6,37043.5,36770.799999999996,2023-11-28 09:30:00+00:00,37043.5,stop,0.49077435987420986,-0.3259908098482961,-1.3252154015401487,False
2023-11-28 13:30:00+00:00,NY,1,2023-11-28 15:20:00+00:00,37440.0,37343.2,37633.600000000006,2023-11-28 15:30:00+00:00,37343.2,stop,0.5184344137620733,-0.3385470085470163,-1.3094214876032964,False
2023-11-29 00:00:00+00:00,Asia,1,2023-11-29 02:03:00+00:00,37909.5,37786.35,38155.8,2023-11-29 06:43:00+00:00,38155.8,target,0.6518226820002538,0.5897052190084356,1.81530085261876,True
2023-11-29 07:00:00+00:00,London,1,2023-11-29 09:30:00+00:00,38171.8,38105.9,38303.600000000006,2023-11-29 09:51:00+00:00,38303.600000000006,target,0.34587819733952724,0.2852810713668281,1.652457056145683,True
2023-11-29 13:30:00+00:00,NY,-1,2023-11-29 14:36:00+00:00,37982.0,38112.95,37720.100000000006,2023-11-29 15:06:00+00:00,37720.100000000006,target,0.6871680098234366,0.6295371491759102,1.825970217640317,True
2023-12-01 13:30:00+00:00,NY,1,2023-12-01 16:05:00+00:00,38434.4,38322.0,38659.200000000004,2023-12-01 16:25:00+00:00,38659.200000000004,target,0.5866082146025857,0.5248927002893317,1.7948341637010703,False
2023-12-02 07:00:00+00:00,London,-1,2023-12-02 08:29:00+00:00,38680.0,38747.75,38544.5,2023-12-02 09:17:00+00:00,38747.75,stop,0.3496977243839965,-0.2551551189245088,-1.4567380073800738,True
2023-12-03 00:00:00+00:00,Asia,1,2023-12-03 01:16:00+00:00,39514.3,39449.5,39643.90000000001,2023-12-03 02:27:00+00:00,39449.5,stop,0.3285212740339062,-0.24399126392218237,-1.487830864197509,True
2023-12-03 13:30:00+00:00,NY,-1,2023-12-03 15:00:00+00:00,39535.2,39663.25,39279.09999999999,2023-12-03 15:37:00+00:00,39663.25,stop,0.6456858679004011,-0.40388858536191274,-1.246998516204602,True
2023-12-04 07:00:00+00:00,London,1,2023-12-04 08:30:00+00:00,41577.0,41447.75,41835.5,2023-12-04 09:10:00+00:00,41835.5,target,0.6236767978961464,0.5617379801332468,1.8069926499032882,True
2023-12-04 13:30:00+00:00,NY,-1,2023-12-04 14:37:00+00:00,41522.0,41705.05,41155.899999999994,2023-12-04 15:34:00+00:00,41155.899999999994,target,0.8778313417679598,0.8217012667983378,1.863899481016118,True
2023-12-05 00:00:00+00:00,Asia,-1,2023-12-05 01:21:00+00:00,41748.1,41870.6,41503.1,2023-12-05 05:22:00+00:00,41870.6,stop,0.585136109824077,-0.3734265271952496,-1.2726406530612244,True
2023-12-05 07:00:00+00:00,London,1,2023-12-05 10:10:00+00:00,41732.0,41562.75,42070.5,2023-12-05 13:17:00+00:00,42070.5,target,0.81443119139133,0.7511281510591393,1.8520579025110784,True
2023-12-05 13:30:00+00:00,NY,1,2023-12-05 15:03:00+00:00,42166.0,41988.0,42522.0,2023-12-05 15:45:00+00:00,42522.0,target,0.8478612937029627,0.7842821230375184,1.8578674157303372,True
2023-12-06 00:00:00+00:00,Asia,-1,2023-12-06 01:50:00+00:00,43833.5,43996.25,43508.0,2023-12-06 06:20:00+00:00,43508.0,target,0.739835781458647,0.6825827278223277,1.8384018433179723,True
2023-12-06 07:00:00+00:00,London,1,2023-12-06 08:37:00+00:00,43741.4,43629.55,43965.1,2023-12-06 09:51:00+00:00,43965.1,target,0.5127258933452313,0.45141481525510635,1.765356817165844,True
2023-12-06 13:30:00+00:00,NY,-1,2023-12-06 14:41:00+00:00,44021.0,44163.05,43736.899999999994,2023-12-06 14:43:00+00:00,44163.05,stop,0.6432979606254516,-0.4026868994343675,-1.2479183386131592,True
2023-12-07 00:00:00+00:00,Asia,1,2023-12-07 01:16:00+00:00,43920.0,43820.45,44119.100000000006,2023-12-07 06:59:00+00:00,43875.1,time,0.4543540744104603,-0.16223132969034937,-0.7157408337518771,False
2023-12-07 13:30:00+00:00,NY,1,2023-12-07 14:35:00+00:00,43455.0,43327.8,43709.399999999994,2023-12-07 15:21:00+00:00,43709.399999999994,target,0.5871518978577297,0.5254332067656062,1.7950235849056557,False
2023-12-08 00:00:00+00:00,Asia,1,2023-12-08 01:40:00+00:00,43435.9,43361.350000000006,43584.99999999999,2023-12-08 04:15:00+00:00,43584.99999999999,target,0.34385460784776883,0.2832644425463528,1.6504152917504826,True
2023-12-08 13:30:00+00:00,NY,1,2023-12-08 15:59:00+00:00,43780.0,43640.85,44058.3,2023-12-08 20:29:00+00:00,44058.3,target,0.6377052692603442,0.5756783919598056,1.8112252964426898,True
2023-12-09 00:00:00+00:00,Asia,-1,2023-12-09 02:04:00+00:00,44173.7,44249.2,44022.7,2023-12-09 03:22:00+00:00,44249.2,stop,0.3412491073284941,-0.2509161786311765,-1.4680656953642384,True
2023-12-09 13:30:00+00:00,NY,-1,2023-12-09 14:45:00+00:00,43924.4,44052.600000000006,43667.99999999999,2023-12-09 15:49:00+00:00,44052.600000000006,stop,0.5820314805482568,-0.3718651136953592,-1.2740992199687895,True
2023-12-10 13:30:00+00:00,NY,1,2023-12-10 15:20:00+00:00,43949.0,43859.0,44129.0,2023-12-10 16:36:00+00:00,43859.0,stop,0.4104060740098953,-0.2847828164463355,-1.3906577777777778,False
2023-12-11 07:00:00+00:00,London,-1,2023-12-11 08:12:00+00:00,42085.5,42205.9,41844.7,2023-12-11 08:45:00+00:00,42205.9,stop,0.5705363468140779,-0.3660842808093083,-1.2796378737541494,False
2023-12-11 13:30:00+00:00,NY,-1,2023-12-11 15:50:00+00:00,41826.8,42006.05,41468.3,2023-12-11 16:17:00+00:00,41468.3,target,0.8534484913482699,0.7971059703348092,1.8599939748953975,False
2023-12-12 00:00:00+00:00,Asia,1,2023-12-12 01:20:00+00:00,41790.0,41496.05,42377.899999999994,2023-12-12 04:57:00+00:00,41496.05,stop,1.4167613543939759,-0.7833979420914023,-1.1137336281680568,True
2023-12-12 13:30:00+00:00,NY,-1,2023-12-12 14:40:00+00:00,41710.6,41898.25,41335.299999999996,2023-12-12 14:56:00+00:00,41335.299999999996,target,0.8957414689157731,0.8397712811611507,1.8666327737809763,True
2023-12-13 07:00:00+00:00,London,1,2023-12-13 08:37:00+00:00,41275.7,41044.3,41738.499999999985,2023-12-13 11:57:00+00:00,41044.3,stop,1.1275621706302597,-0.6406204134635977,-1.1426990492653448,True
2023-12-14 07:00:00+00:00,London,1,2023-12-14 08:16:00+00:00,42950.0,42855.6,43138.8,2023-12-14 08:48:00+00:00,42855.6,stop,0.4405491931042919,-0.29979045401630144,-1.363983050847452,True
2023-12-14 13:30:00+00:00,NY,1,2023-12-14 14:35:00+00:00,42696.0,41918.0,44252.0,2023-12-14 23:59:00+00:00,43032.4,time,3.712009160742402,0.7278958216226379,0.39946323907455206,True
2023-12-15 00:00:00+00:00,Asia,-1,2023-12-15 02:25:00+00:00,42873.6,42985.8,42649.19999999999,2023-12-15 03:16:00+00:00,42649.19999999999,target,0.5220328573622021,0.4633990147783455,1.7707294117647148,True
2023-12-15 07:00:00+00:00,London,1,2023-12-15 08:27:00+00:00,42726.0,42645.65,42886.7,2023-12-15 08:58:00+00:00,42886.7,target,0.37682624136341475,0.3161175864812927,1.6809508400746676,True
2023-12-15 13:30:00+00:00,NY,-1,2023-12-15 14:54:00+00:00,42139.7,42339.7,41739.7,2023-12-15 15:41:00+00:00,41739.7,target,0.9447398068479466,0.8892236537042267,1.8735809,True
2023-12-16 13:30:00+00:00,NY,1,2023-12-16 15:38:00+00:00,42484.6,42370.1,42713.6,2023-12-16 16:37:00+00:00,42713.6,target,0.5404754768102978,0.47901884447541,1.7773732751091704,True
2023-12-17 00:00:00+00:00,Asia,-1,2023-12-17 02:11:00+00:00,42159.0,42240.6,41995.8,2023-12-17 02:41:00+00:00,41995.8,target,0.3863581483217499,0.32710595602361797,1.690007352941171,False
2023-12-17 07:00:00+00:00,London,-1,2023-12-17 08:39:00+00:00,41874.7,41968.899999999994,41686.3,2023-12-17 09:03:00+00:00,41968.899999999994,stop,0.44890383117022725,-0.3049568355116505,-1.3556237791932169,False
2023-12-17 13:30:00+00:00,NY,-1,2023-12-17 14:43:00+00:00,41767.4,41874.2,41553.80000000001,2023-12-17 15:54:00+00:00,41874.2,stop,0.5100992974194098,-0.3357018152913412,-1.3128644194756682,False
2023-12-18 07:00:00+00:00,London,-1,2023-12-18 08:16:00+00:00,41123.0,41230.85,40907.3,2023-12-18 08:27:00+00:00,41230.85,stop,0.5231519602433544,-0.34226199450428846,-1.3050384793694987,True
2023-12-18 13:30:00+00:00,NY,1,2023-12-18 15:05:00+00:00,41538.4,41370.350000000006,41874.49999999999,2023-12-18 15:25:00+00:00,41370.350000000006,stop,0.8124175889253982,-0.4845654141709734,-1.197743052662903,True
2023-12-19 00:00:00+00:00,Asia,1,2023-12-19 01:50:00+00:00,42969.8,42782.45,43344.500000000015,2023-12-19 01:55:00+00:00,43344.500000000015,target,0.8758264194780907,0.8120077822098581,1.8623865492393958,True
2023-12-19 07:00:00+00:00,London,1,2023-12-19 08:17:00+00:00,43144.7,43030.3,43373.499999999985,2023-12-19 09:34:00+00:00,43030.3,stop,0.5317183473040988,-0.34515423678920976,-1.301711188811204,True
2023-12-19 13:30:00+00:00,NY,-1,2023-12-19 15:10:00+00:00,42555.0,42798.25,42068.5,2023-12-19 17:09:00+00:00,42068.5,target,1.1367287213846362,1.0832264128774527,1.8950339157245633,True
2023-12-20 00:00:00+00:00,Asia,1,2023-12-20 01:06:00+00:00,42467.6,42364.399999999994,42674.00000000001,2023-12-20 01:33:00+00:00,42364.399999999994,stop,0.48720151825589764,-0.32300878787594395,-1.3292062015503736,True
2023-12-20 07:00:00+00:00,London,1,2023-12-20 08:07:00+00:00,42994.8,42909.25,43165.90000000001,2023-12-20 08:09:00+00:00,42909.25,stop,0.3987485215891814,-0.27897755077358866,-1.4020554061951938,True
2023-12-20 13:30:00+00:00,NY,1,2023-12-20 15:16:00+00:00,44187.0,43733.8,45093.399999999994,2023-12-20 16:54:00+00:00,43733.8,stop,2.0725388601036303,-1.1056410256410192,-1.0780000000000005,True
2023-12-21 00:00:00+00:00,Asia,-1,2023-12-21 02:21:00+00:00,43551.5,43663.55,43327.399999999994,2023-12-21 02:49:00+00:00,43327.399999999994,target,0.5132427390809922,0.4545632182588564,1.7667925033467264,True
2023-12-21 07:00:00+00:00,London,1,2023-12-21 08:36:00+00:00,43920.0,43835.2,44089.600000000006,2023-12-21 08:50:00+00:00,43835.2,stop,0.3869036755849148,-0.27307832422587186,-1.4143396226414953,True
2023-12-21 13:30:00+00:00,NY,-1,2023-12-21 14:45:00+00:00,43713.0,44000.1,43138.8,2023-12-21 21:38:00+00:00,44000.1,stop,1.3049970340976431,-0.7367840230594984,-1.1218056426332295,True
2023-12-22 00:00:00+00:00,Asia,1,2023-12-22 01:10:00+00:00,43985.1,43867.649999999994,44220.00000000001,2023-12-22 01:36:00+00:00,44220.00000000001,target,0.5354743187747725,0.47404448324548254,1.775299616858246,False
2023-12-22 07:00:00+00:00,London,-1,2023-12-22 09:20:00+00:00,43566.1,43781.149999999994,43136.00000000001,2023-12-22 09:47:00+00:00,43781.149999999994,stop,0.9823862552719574,-0.573617744071642,-1.1620687282027466,False
2023-12-23 00:00:00+00:00,Asia,-1,2023-12-23 01:24:00+00:00,43826.4,43924.7,43629.80000000001,2023-12-23 02:00:00+00:00,43629.80000000001,target,0.4475841610756558,0.388588065640781,1.7324939979654002,False
2023-12-23 13:30:00+00:00,NY,1,2023-12-23 15:01:00+00:00,43798.9,43732.95,43930.80000000001,2023-12-23 16:13:00+00:00,43732.95,stop,0.3016032533821786,-0.2305745578085394,-1.5312982562547033,False
2023-12-24 07:00:00+00:00,London,1,2023-12-24 10:01:00+00:00,43696.3,43622.75,43843.40000000001,2023-12-24 10:18:00+00:00,43622.75,stop,0.3372093689646018,-0.24832088758087734,-1.4752826648538222,False
2023-12-24 13:30:00+00:00,NY,-1,2023-12-24 16:25:00+00:00,43701.0,43804.65,43493.7,2023-12-24 20:43:00+00:00,43493.7,target,0.4732374302728201,0.41435985446557955,1.7470274963820587,False
2023-12-25 00:00:00+00:00,Asia,1,2023-12-25 02:05:00+00:00,43121.5,42938.45,43487.600000000006,2023-12-25 02:29:00+00:00,42938.45,stop,0.8526157790977518,-0.5044982201454098,-1.1884577984157303,True
2023-12-25 13:30:00+00:00,NY,-1,2023-12-25 16:45:00+00:00,43565.1,43696.25,43302.799999999996,2023-12-25 17:24:00+00:00,43696.25,stop,0.6002803444231551,-0.38104372536732717,-1.2657421273351095,True
2023-12-26 07:00:00+00:00,London,-1,2023-12-26 10:34:00+00:00,42653.9,42759.65,42442.4,2023-12-26 11:44:00+00:00,42759.65,stop,0.4946251898694212,-0.3279257465319701,-1.322677257683215,False
2023-12-26 13:30:00+00:00,NY,-1,2023-12-26 15:23:00+00:00,42645.8,42757.9,42421.600000000006,2023-12-26 15:31:00+00:00,42757.9,stop,0.524347547470753,-0.34286293140238555,-1.3043411239964358,False
2023-12-27 00:00:00+00:00,Asia,-1,2023-12-27 01:15:00+00:00,42383.0,42481.5,42186.0,2023-12-27 01:39:00+00:00,42481.5,stop,0.463731271259254,-0.312404501804969,-1.3442274111675128,True
2023-12-27 13:30:00+00:00,NY,1,2023-12-27 16:36:00+00:00,43128.4,42990.65,43403.9,2023-12-27 17:12:00+00:00,42990.65,stop,0.6408370192123171,-0.39939510855955696,-1.2504734664246822,True
2023-12-28 00:00:00+00:00,Asia,-1,2023-12-28 02:05:00+00:00,43409.3,43629.65,42968.600000000006,2023-12-28 04:28:00+00:00,43629.65,stop,1.010092907002456,-0.587610120411982,-1.1576012707056964,True
2023-12-28 07:00:00+00:00,London,1,2023-12-28 08:15:00+00:00,43101.7,42961.35,43382.399999999994,2023-12-28 08:56:00+00:00,42961.35,stop,0.6533779781128785,-0.40562520735840707,-1.245681225507662,True
2023-12-28 13:30:00+00:00,NY,-1,2023-12-28 17:16:00+00:00,42624.2,42789.1,42294.399999999994,2023-12-28 23:59:00+00:00,42600.1,time,0.7707570385916107,-0.0034593493836868505,-0.008941904184362871,True
2023-12-29 00:00:00+00:00,Asia,-1,2023-12-29 01:07:00+00:00,42413.3,42571.25,42097.40000000001,2023-12-29 01:17:00+00:00,42571.25,stop,0.742050092491985,-0.4524067686315308,-1.2148188667299817,True
2023-12-29 13:30:00+00:00,NY,1,2023-12-29 15:11:00+00:00,42899.5,42821.25,43056.0,2023-12-29 15:15:00+00:00,42821.25,stop,0.3654727500948711,-0.26240305831070293,-1.4385891373801916,True
2023-12-30 00:00:00+00:00,Asia,-1,2023-12-30 02:46:00+00:00,42038.9,42144.45,41827.80000000001,2023-12-30 05:17:00+00:00,42144.45,stop,0.5008963220542647,-0.331076978703048,-1.3186273803884547,True
2023-12-30 13:30:00+00:00,NY,1,2023-12-30 15:10:00+00:00,42300.0,42124.4,42651.2,2023-12-30 17:31:00+00:00,42651.2,target,0.8337210737719637,0.7702600472813171,1.8554669703872426,True
2023-12-31 00:00:00+00:00,Asia,-1,2023-12-31 03:44:00+00:00,42169.0,42323.95,41859.100000000006,2023-12-31 04:25:00+00:00,42323.95,stop,0.7322095409336828,-0.4474500225283907,-1.2177166828009076,False
2023-12-31 07:00:00+00:00,London,1,2023-12-31 09:20:00+00:00,42729.2,42507.1,43173.399999999994,2023-12-31 12:04:00+00:00,42507.1,stop,1.045001893801264,-0.5997850650140854,-1.1539097703737065,False
2024-01-01 00:00:00+00:00,Asia,1,2024-01-01 02:04:00+00:00,42603.2,42446.399999999994,42916.8,2024-01-01 03:34:00+00:00,42446.399999999994,stop,0.7388141279354635,-0.4480474706125431,-1.2173632653061184,False
2024-01-01 13:30:00+00:00,NY,1,2024-01-01 15:51:00+00:00,42787.5,42701.25,42960.0,2024-01-01 16:24:00+00:00,42701.25,stop,0.4039694388337578,-0.28157756354075375,-1.3968695652173913,False
2024-01-02 00:00:00+00:00,Asia,1,2024-01-02 03:00:00+00:00,45376.0,44788.45,46551.100000000006,2024-01-02 06:59:00+00:00,45202.9,time,2.623667485702226,-0.44147919605077257,-0.3409507275976471,True
2024-01-02 07:00:00+00:00,London,1,2024-01-02 08:25:00+00:00,45832.8,45517.65,46463.100000000006,2024-01-02 10:47:00+00:00,45517.65,stop,1.3847375688331953,-0.7676080012567451,-1.1163453593526886,True
2024-01-02 13:30:00+00:00,NY,-1,2024-01-02 14:43:00+00:00,45562.0,45706.0,45274.0,2024-01-02 14:49:00+00:00,45274.0,target,0.6301142082002363,0.5721057021201879,1.8101583333333333,True
2024-01-03 00:00:00+00:00,Asia,1,2024-01-03 01:46:00+00:00,45250.7,45073.25,45605.59999999999,2024-01-03 06:59:00+00:00,45362.7,time,0.7873849788954517,0.18750998327097704,0.4781604959143499,True
2024-01-03 07:00:00+00:00,London,1,2024-01-03 09:46:00+00:00,45423.0,45191.5,45886.0,2024-01-03 10:38:00+00:00,45191.5,stop,1.0245289490280252,-0.5896536996675692,-1.1569693304535635,True
2024-01-03 13:30:00+00:00,NY,1,2024-01-03 17:16:00+00:00,42699.8,42381.25,43336.90000000001,2024-01-03 18:56:00+00:00,42381.25,stop,1.5032591063265144,-0.8260222296123234,-1.107235410453617,True
2024-01-04 00:00:00+00:00,Asia,-1,2024-01-04 01:21:00+00:00,42756.5,42876.8,42515.899999999994,2024-01-04 02:12:00+00:00,42876.8,stop,0.5611426225837715,-0.36136072877808734,-1.284332502078131,True
2024-01-05 07:00:00+00:00,London,1,2024-01-05 10:26:00+00:00,43927.8,43820.8,44141.8,2024-01-05 10:37:00+00:00,43820.8,stop,0.4883525631663502,-0.32358151330137175,-1.3284321495327103,True
2024-01-05 13:30:00+00:00,NY,-1,2024-01-05 14:45:00+00:00,43659.5,43860.2,43258.100000000006,2024-01-05 16:48:00+00:00,43258.100000000006,target,0.9151805053328564,0.859387533068391,1.8694783258594898,True
2024-01-06 00:00:00+00:00,Asia,-1,2024-01-06 02:01:00+00:00,43966.0,44090.3,43717.399999999994,2024-01-06 05:28:00+00:00,43717.399999999994,target,0.5638428407155281,0.5054369285356999,1.7877747385358056,True
2024-01-06 07:00:00+00:00,London,1,2024-01-06 08:25:00+00:00,43667.7,43529.5,43944.09999999999,2024-01-06 12:54:00+00:00,43529.5,stop,0.634971685868191,-0.3964810603718472,-1.252779739507965,True
2024-01-06 13:30:00+00:00,NY,1,2024-01-06 14:40:00+00:00,43875.0,43760.6,44103.8,2024-01-06 18:49:00+00:00,44103.8,target,0.5228447507575373,0.46148148148148815,1.7698863636363666,True
2024-01-07 00:00:00+00:00,Asia,-1,2024-01-07 02:40:00+00:00,43906.9,44087.4,43545.9,2024-01-07 06:59:00+00:00,44015.4,time,0.8188280551812989,-0.3071137793831949,-0.7470589473684209,False
2024-01-08 07:00:00+00:00,London,-1,2024-01-08 10:08:00+00:00,43775.0,43923.5,43478.0,2024-01-08 10:18:00+00:00,43923.5,stop,0.676175623527269,-0.41923472301541975,-1.2358249158249157,False
2024-01-08 13:30:00+00:00,NY,-1,2024-01-08 15:00:00+00:00,44790.5,44951.55,44468.399999999994,2024-01-08 15:34:00+00:00,44951.55,stop,0.7165492624837153,-0.43956285373015014,-1.222492393666559,False
2024-01-09 07:00:00+00:00,London,-1,2024-01-09 08:10:00+00:00,46740.8,46845.350000000006,46531.7,2024-01-09 08:20:00+00:00,46845.350000000006,stop,0.44636233905819583,-0.3036803820217089,-1.3576531802964988,True
2024-01-09 13:30:00+00:00,NY,-1,2024-01-09 15:11:00+00:00,46597.0,46848.5,46094.0,2024-01-09 15:33:00+00:00,46848.5,stop,1.0736736501702295,-0.6197343176599353,-1.1482210735586482,True
2024-01-10 00:00:00+00:00,Asia,-1,2024-01-10 01:05:00+00:00,45787.8,46020.15,45323.100000000006,2024-01-10 02:17:00+00:00,46020.15,stop,1.0097750659222038,-0.5874495826399141,-1.1576511297611374,True
2024-01-10 07:00:00+00:00,London,-1,2024-01-10 08:49:00+00:00,45728.9,45880.45,45425.80000000001,2024-01-10 08:59:00+00:00,45425.80000000001,target,0.6606299633068083,0.6028193549374493,1.8189551963048447,True
2024-01-10 13:30:00+00:00,NY,1,2024-01-10 16:02:00+00:00,45363.1,45093.35,45902.6,2024-01-10 17:39:00+00:00,45902.6,target,1.196407009015742,1.1292926188906844,1.8990996848934198,True
2024-01-11 00:00:00+00:00,Asia,1,2024-01-11 01:30:00+00:00,46729.8,46518.9,47151.600000000006,2024-01-11 01:38:00+00:00,46518.9,stop,0.9067282330407702,-0.5313180026449963,-1.1772586059743944,True
2024-01-11 07:00:00+00:00,London,1,2024-01-11 08:16:00+00:00,46168.0,46021.05,46461.899999999994,2024-01-11 10:21:00+00:00,46461.899999999994,target,0.6386208050446511,0.576588112978674,1.8114950663490947,True
2024-01-11 13:30:00+00:00,NY,1,2024-01-11 15:05:00+00:00,47900.0,47335.5,49029.0,2024-01-11 15:39:00+00:00,47335.5,stop,2.385102090397271,-1.2584968684759916,-1.0678830823737822,True
2024-01-12 00:00:00+00:00,Asia,-1,2024-01-12 01:31:00+00:00,46000.0,46268.1,45463.8,2024-01-12 06:13:00+00:00,46268.1,stop,1.1588978151253175,-0.6628260869565186,-1.1372622155911982,True
2024-01-12 07:00:00+00:00,London,-1,2024-01-12 08:40:00+00:00,45714.2,45932.1,45278.399999999994,2024-01-12 09:41:00+00:00,45932.1,stop,0.9487918035535124,-0.5566571437321477,-1.1678355208811368,True
2024-01-12 13:30:00+00:00,NY,-1,2024-01-12 14:57:00+00:00,45585.0,45745.45,45264.100000000006,2024-01-12 15:10:00+00:00,45264.100000000006,target,0.701490530752242,0.6439596358451117,1.8295356808974728,True
2024-01-13 00:00:00+00:00,Asia,-1,2024-01-13 01:37:00+00:00,42764.6,42880.8,42532.19999999999,2024-01-13 03:00:00+00:00,42532.19999999999,target,0.5419675006063354,0.48344013506500416,1.7791845094664456,True
2024-01-13 13:30:00+00:00,NY,1,2024-01-13 16:39:00+00:00,42801.1,42725.85,42951.6,2024-01-13 17:12:00+00:00,42951.6,target,0.3522457715879263,0.2916264768896127,1.6587287707641196,True
2024-01-14 07:00:00+00:00,London,-1,2024-01-14 09:40:00+00:00,42888.0,42976.2,42711.600000000006,2024-01-14 09:54:00+00:00,42976.2,stop,0.41045974283440945,-0.28565193060995403,-1.3890068027211013,False
2024-01-15 00:00:00+00:00,Asia,1,2024-01-15 01:45:00+00:00,42371.5,42045.75,43023.0,2024-01-15 06:59:00+00:00,42653.1,time,1.5495026251166883,0.6045976658839044,0.7864224098234799,False
2024-01-15 13:30:00+00:00,NY,-1,2024-01-15 14:50:00+00:00,42286.4,42627.7,41603.80000000001,2024-01-15 17:04:00+00:00,42627.7,stop,1.601306192921501,-0.8871152900223136,-1.0991184295341354,False
2024-01-16 00:00:00+00:00,Asia,1,2024-01-16 01:06:00+00:00,42679.0,42572.55,42891.899999999994,2024-01-16 01:31:00+00:00,42572.55,stop,0.5000874976951145,-0.32942008950537055,-1.3207440112729067,True
2024-01-16 07:00:00+00:00,London,1,2024-01-16 08:28:00+00:00,42788.1,42694.3,42975.69999999999,2024-01-16 08:46:00+00:00,42975.69999999999,target,0.4394029179539155,0.37843965962496884,1.7263021321961494,True
2024-01-16 13:30:00+00:00,NY,-1,2024-01-16 14:35:00+00:00,42705.6,42852.8,42411.19999999999,2024-01-16 14:38:00+00:00,42411.19999999999,target,0.6870029496322327,0.6293709490090498,1.8259282608695704,True
2024-01-17 00:00:00+00:00,Asia,1,2024-01-17 01:31:00+00:00,43174.0,43109.15,43303.7,2024-01-17 01:33:00+00:00,43109.15,stop,0.30086420168339456,-0.23020614258581215,-1.5326013878180536,True
2024-01-17 07:00:00+00:00,London,-1,2024-01-17 08:10:00+00:00,42616.0,42732.55,42382.899999999994,2024-01-17 08:21:00+00:00,42732.55,stop,0.5454858181877714,-0.3534888304862092,-1.2925165165165091,True
2024-01-17 13:30:00+00:00,NY,1,2024-01-17 14:58:00+00:00,42732.5,42566.15,43065.2,2024-01-17 14:59:00+00:00,42566.15,stop,0.7816069811340632,-0.46928216228865277,-1.2055064622783307,True
2024-01-18 00:00:00+00:00,Asia,-1,2024-01-18 01:19:00+00:00,42621.8,42709.4,42446.600000000006,2024-01-18 02:20:00+00:00,42709.4,stop,0.4102141448954963,-0.2855286261959808,-1.3892401826484082,False
2024-01-18 13:30:00+00:00,NY,1,2024-01-18 15:03:00+00:00,42680.7,42530.35,42981.399999999994,2024-01-18 16:11:00+00:00,42530.35,stop,0.7070245130830033,-0.43226694969857227,-1.2271004988360512,False
2024-01-19 00:00:00+00:00,Asia,-1,2024-01-19 03:08:00+00:00,41087.2,41229.6,40802.399999999994,2024-01-19 03:32:00+00:00,40802.399999999994,target,0.6907658575392508,0.6331599135497258,1.8268797752809007,True
2024-01-19 07:00:00+00:00,London,-1,2024-01-19 08:49:00+00:00,41259.0,41418.65,40939.7,2024-01-19 09:15:00+00:00,41418.65,stop,0.7709087572868814,-0.4669458784750029,-1.2067472596304396,True
2024-01-19 13:30:00+00:00,NY,-1,2024-01-19 14:35:00+00:00,41050.0,41253.75,40642.5,2024-01-19 16:23:00+00:00,40642.5,target,0.9877889888797987,0.9326918392204628,1.879116564417178,True
2024-01-20 07:00:00+00:00,London,-1,2024-01-20 09:04:00+00:00,41640.0,41710.7,41498.600000000006,2024-01-20 09:30:00+00:00,41498.600000000006,target,0.33900174295804547,0.27957732949086017,1.6466195190947521,True
2024-01-21 13:30:00+00:00,NY,-1,2024-01-21 15:20:00+00:00,41750.1,41815.5,41619.299999999996,2024-01-21 15:39:00+00:00,41619.299999999996,target,0.31280266886681474,0.25329266277207224,1.616971559633036,False
2024-01-22 00:00:00+00:00,Asia,-1,2024-01-22 01:39:00+00:00,41460.0,41574.25,41231.5,2024-01-22 03:13:00+00:00,41231.5,target,0.5496190550641322,0.4911336227689339,1.7822669584245077,False
2024-01-22 07:00:00+00:00,London,-1,2024-01-22 08:13:00+00:00,40971.3,41090.8,40732.3,2024-01-22 09:53:00+00:00,40732.3,target,0.5816387123151654,0.5233351638830107,1.794286359832636,False
2024-01-22 13:30:00+00:00,NY,-1,2024-01-22 14:50:00+00:00,40524.0,40810.05,39951.899999999994,2024-01-22 15:52:00+00:00,40810.05,stop,1.4018605711093186,-0.7858779982232823,-1.1133340325117973,False
2024-01-23 00:00:00+00:00,Asia,1,2024-01-23 02:15:00+00:00,39892.9,39700.45,40277.80000000001,2024-01-23 06:59:00+00:00,40019.5,time,0.9695104211665145,0.25734970383200656,0.5334593920498634,True
2024-01-23 07:00:00+00:00,London,-1,2024-01-23 08:28:00+00:00,39656.8,39844.0,39282.40000000001,2024-01-23 09:09:00+00:00,39282.40000000001,target,0.9396646922999553,0.8841003812712932,1.87289487179487,True
2024-01-23 13:30:00+00:00,NY,1,2024-01-23 16:10:00+00:00,39067.2,38806.1,39589.399999999994,2024-01-23 17:33:00+00:00,39589.399999999994,target,1.3456647279680183,1.2766711717246109,1.9102247414783604,True
2024-01-24 00:00:00+00:00,Asia,-1,2024-01-24 02:00:00+00:00,39779.0,40013.0,39311.0,2024-01-24 06:59:00+00:00,39883.6,time,1.1696198735410992,-0.32295281429899836,-0.5490059829059767,True
2024-01-24 13:30:00+00:00,NY,1,2024-01-24 14:40:00+00:00,40083.3,39918.850000000006,40412.2,2024-01-24 14:49:00+00:00,39918.850000000006,stop,0.8239215308056254,-0.49027061145164463,-1.1949932502280365,True
2024-01-25 00:00:00+00:00,Asia,-1,2024-01-25 01:35:00+00:00,40007.1,40088.55,39844.19999999999,2024-01-25 03:27:00+00:00,40088.55,stop,0.4063504417096689,-0.2835888629768325,-1.392948802946572,False
2024-01-25 07:00:00+00:00,London,1,2024-01-25 08:13:00+00:00,40131.9,40053.8,40288.1,2024-01-25 08:31:00+00:00,40053.8,stop,0.38997548297540896,-0.27460827919933656,-1.4110822023047451,False
2024-01-25 13:30:00+00:00,NY,1,2024-01-25 14:35:00+00:00,40044.8,39882.65,40369.100000000006,2024-01-25 14:47:00+00:00,39882.65,stop,0.8131355363798616,-0.484921487933518,-1.1975691643539914,False
2024-01-26 07:00:00+00:00,London,1,2024-01-26 09:59:00+00:00,40018.5,39949.7,40156.100000000006,2024-01-26 10:09:00+00:00,40156.100000000006,target,0.3444331246542491,0.2838409735497478,1.651001453488387,False
2024-01-26 13:30:00+00:00,NY,1,2024-01-26 14:48:00+00:00,41273.4,41081.7,41656.80000000001,2024-01-26 16:19:00+00:00,41656.80000000001,target,0.9332622554568129,0.8689275901670537,1.870818779342726,False
2024-01-27 00:00:00+00:00,Asia,1,2024-01-27 01:40:00+00:00,41849.9,41765.850000000006,42017.99999999999,2024-01-27 03:12:00+00:00,41765.850000000006,stop,0.4024819320090421,-0.28083680008792283,-1.398333372992287,True
2024-01-27 07:00:00+00:00,London,-1,2024-01-27 08:24:00+00:00,41594.0,41658.85,41464.3,2024-01-27 08:45:00+00:00,41658.85,stop,0.3113384070851622,-0.23591191037168474,-1.5131102544333193,True
2024-01-28 00:00:00+00:00,Asia,1,2024-01-28 01:35:00+00:00,42127.0,42017.6,42345.8,2024-01-28 04:03:00+00:00,42345.8,target,0.520734168538905,0.45938186911007883,1.7689561243144456,False
2024-01-28 07:00:00+00:00,London,-1,2024-01-28 08:12:00+00:00,42336.3,42425.3,42158.3,2024-01-28 08:19:00+00:00,42425.3,stop,0.41956096951583133,-0.2902214884153787,-1.3805510112359551,False
2024-01-28 13:30:00+00:00,NY,-1,2024-01-28 15:00:00+00:00,42273.2,42399.1,42021.399999999994,2024-01-28 15:17:00+00:00,42399.1,stop,0.5938805304829652,-0.37782462647729875,-1.2686144559173915,False
2024-01-29 00:00:00+00:00,Asia,1,2024-01-29 01:15:00+00:00,42061.0,41963.2,42256.600000000006,2024-01-29 01:36:00+00:00,42256.600000000006,target,0.46612269798299116,0.405038872114324,1.7419570552147317,False
2024-01-29 07:00:00+00:00,London,1,2024-01-29 09:40:00+00:00,42230.5,42098.35,42494.8,2024-01-29 12:41:00+00:00,42098.35,stop,0.6278155794704613,-0.392925492239025,-1.2556519107075266,False
2024-01-29 13:30:00+00:00,NY,-1,2024-01-29 14:35:00+00:00,41914.2,42003.1,41736.399999999994,2024-01-29 15:12:00+00:00,42003.1,stop,0.4233020896076788,-0.2920999565779651,-1.3771806524184416,False
2024-01-30 00:00:00+00:00,Asia,1,2024-01-30 01:15:00+00:00,43299.5,43205.4,43487.7,2024-01-30 01:25:00+00:00,43487.7,target,0.43559369893577443,0.37464705135162557,1.7239139213602508,True
2024-01-30 13:30:00+00:00,NY,1,2024-01-30 14:35:00+00:00,43410.4,43251.2,43728.80000000001,2024-01-30 16:11:00+00:00,43251.2,stop,0.7361645457235902,-0.44673239592356756,-1.2181427135678333,True
2024-01-31 00:00:00+00:00,Asia,-1,2024-01-31 01:26:00+00:00,42829.6,42959.8,42569.19999999999,2024-01-31 03:21:00+00:00,42959.8,stop,0.606148073315056,-0.3839953676896454,-1.2631619047618958,False
2024-02-01 13:30:00+00:00,NY,1,2024-02-01 16:06:00+00:00,42431.0,42279.3,42734.399999999994,2024-02-01 17:03:00+00:00,42734.399999999994,target,0.7176088535051466,0.6550432466828361,1.8321779828609066,False
2024-02-02 00:00:00+00:00,Asia,-1,2024-02-02 02:30:00+00:00,43026.2,43228.1,42622.399999999994,2024-02-02 06:47:00+00:00,43228.1,stop,0.9341146152618388,-0.5492489692327036,-1.1704851906884584,False
2024-02-02 07:00:00+00:00,London,-1,2024-02-02 10:32:00+00:00,43076.0,43158.1,42911.8,2024-02-02 11:29:00+00:00,43158.1,stop,0.38046160512162747,-0.2705933698579221,-1.4197417783191304,False
2024-02-02 13:30:00+00:00,NY,1,2024-02-02 15:15:00+00:00,43068.0,42790.35,43623.3,2024-02-02 18:06:00+00:00,42790.35,stop,1.2977225005170627,-0.7246781833379805,-1.1240929227444618,False
2024-02-04 00:00:00+00:00,Asia,1,2024-02-04 01:41:00+00:00,43008.4,42939.95,43145.30000000001,2024-02-04 04:19:00+00:00,42939.95,stop,0.31881732512497446,-0.2391549557760911,-1.5026547845142117,False
2024-02-04 07:00:00+00:00,London,1,2024-02-04 09:25:00+00:00,42847.0,42774.7,42991.600000000006,2024-02-04 11:15:00+00:00,42991.600000000006,target,0.3380502960862345,0.27747987023596943,1.6444232365145373,False
2024-02-05 00:00:00+00:00,Asia,-1,2024-02-05 01:10:00+00:00,42333.4,42474.2,42051.80000000001,2024-02-05 01:35:00+00:00,42474.2,stop,0.6629907096543279,-0.41259790142061736,-1.2405306818181892,False
2024-02-05 07:00:00+00:00,London,1,2024-02-05 08:05:00+00:00,43168.4,42971.850000000006,43561.49999999999,2024-02-05 08:21:00+00:00,42971.850000000006,stop,0.9147849115176527,-0.535309902613939,-1.17570450267108,False
2024-02-05 13:30:00+00:00,NY,-1,2024-02-05 14:41:00+00:00,43283.2,43431.6,42986.399999999994,2024-02-05 15:04:00+00:00,42986.399999999994,target,0.683373396328947,0.6257163980482102,1.8250005390835597,False
2024-02-06 00:00:00+00:00,Asia,-1,2024-02-06 01:07:00+00:00,42577.0,42648.5,42434.0,2024-02-06 01:20:00+00:00,42648.5,stop,0.33529901403331885,-0.24793104258167553,-1.4763860139860139,False
2024-02-06 07:00:00+00:00,London,1,2024-02-06 08:25:00+00:00,42898.3,42813.45,43068.000000000015,2024-02-06 08:48:00+00:00,43068.000000000015,target,0.39637076666329013,0.335586771503793,1.6966531526222954,False
2024-02-06 13:30:00+00:00,NY,1,2024-02-06 14:42:00+00:00,42999.8,42897.4,43204.600000000006,2024-02-06 14:57:00+00:00,42897.4,stop,0.47741821182636457,-0.3181406425146197,-1.3359359374999953,False
2024-02-07 00:00:00+00:00,Asia,-1,2024-02-07 02:00:00+00:00,43030.0,43104.8,42880.399999999994,2024-02-07 03:31:00+00:00,42880.399999999994,target,0.34706111616339375,0.28766442017198657,1.6548395721925269,False
2024-02-08 13:30:00+00:00,NY,1,2024-02-08 16:18:00+00:00,45182.6,44924.95,45697.9,2024-02-08 16:52:00+00:00,44924.95,stop,1.1470240924029869,-0.6502416416939296,-1.1402914030661742,True
2024-02-09 07:00:00+00:00,London,1,2024-02-09 08:25:00+00:00,46424.4,46295.2,46682.80000000001,2024-02-09 09:00:00+00:00,46682.80000000001,target,0.5581572171629057,0.4966038548694409,1.7844068111455182,False
2024-02-10 07:00:00+00:00,London,-1,2024-02-10 09:18:00+00:00,47125.0,47233.0,46909.0,2024-02-10 10:51:00+00:00,46909.0,target,0.457307391018991,0.3983554376657825,1.7381944444444446,True
2024-02-11 00:00:00+00:00,Asia,-1,2024-02-11 01:30:00+00:00,47595.6,47681.75,47423.299999999996,2024-02-11 01:36:00+00:00,47681.75,stop,0.3613541868744392,-0.2610041264318581,-1.44197887405687,False
2024-02-11 07:00:00+00:00,London,-1,2024-02-11 10:55:00+00:00,48048.2,48198.8,47746.999999999985,2024-02-11 11:01:00+00:00,48198.8,stop,0.6249118235308853,-0.3934352587610063,-1.2552361221779451,False
2024-02-11 13:30:00+00:00,NY,1,2024-02-11 15:05:00+00:00,48174.9,48044.5,48435.700000000004,2024-02-11 15:22:00+00:00,48044.5,stop,0.5428300846090665,-0.350680375050081,-1.295551533742328,False
2024-02-12 00:00:00+00:00,Asia,-1,2024-02-12 03:43:00+00:00,48226.9,48536.45,47607.80000000001,2024-02-12 06:59:00+00:00,48147.2,time,1.2755362207165926,0.10526046666902572,0.1639924406396546,False
2024-02-12 07:00:00+00:00,London,-1,2024-02-12 08:51:00+00:00,48120.0,48254.8,47850.399999999994,2024-02-12 09:51:00+00:00,47850.399999999994,target,0.5587008960766567,0.5002660016625226,1.7858160237388772,False
2024-02-13 00:00:00+00:00,Asia,1,2024-02-13 01:06:00+00:00,50191.3,50055.15,50463.600000000006,2024-02-13 01:41:00+00:00,50055.15,stop,0.543999968035263,-0.3512621510102377,-1.2949176643407974,True
2024-02-13 07:00:00+00:00,London,1,2024-02-13 08:44:00+00:00,50143.6,50027.95,50374.9,2024-02-13 10:41:00+00:00,50027.95,stop,0.4623415510729415,-0.310637608787565,-1.3468645049718935,True
2024-02-14 00:00:00+00:00,Asia,-1,2024-02-14 01:45:00+00:00,49376.0,49546.65,49034.7,2024-02-14 02:45:00+00:00,49546.65,stop,0.6888457645471548,-0.4256132534024657,-1.2314726047465554,True
2024-02-14 07:00:00+00:00,London,1,2024-02-14 08:50:00+00:00,49900.0,49764.75,50170.5,2024-02-14 08:52:00+00:00,50170.5,target,0.5435574377445883,0.4820841683366734,1.7786321626617376,True
2024-02-14 13:30:00+00:00,NY,1,2024-02-14 14:56:00+00:00,51856.1,51721.05,52126.19999999999,2024-02-14 15:09:00+00:00,51721.05,stop,0.5222245101365857,-0.3404322345876293,-1.3071816364309614,True
2024-02-15 00:00:00+00:00,Asia,-1,2024-02-15 01:35:00+00:00,51785.9,52177.100000000006,51003.49999999999,2024-02-15 02:17:00+00:00,52177.100000000006,stop,1.499508405028262,-0.8354179805700092,-1.105901635991819,True
2024-02-15 07:00:00+00:00,London,1,2024-02-15 09:25:00+00:00,52140.0,51895.5,52629.0,2024-02-15 13:29:00+00:00,52177.9,time,0.9422782322166663,0.01268891446106915,0.027059304703482435,True
2024-02-15 13:30:00+00:00,NY,1,2024-02-15 15:03:00+00:00,52519.1,52309.6,52938.1,2024-02-15 15:05:00+00:00,52309.6,stop,0.8010001988162785,-0.47890249452104094,-1.200550262529833,True
2024-02-16 00:00:00+00:00,Asia,1,2024-02-16 01:32:00+00:00,52048.5,51936.5,52272.5,2024-02-16 01:40:00+00:00,51936.5,stop,0.431295909427859,-0.2951839150023536,-1.371775,False
2024-02-16 07:00:00+00:00,London,1,2024-02-16 08:50:00+00:00,52006.6,51882.3,52255.19999999999,2024-02-16 08:52:00+00:00,51882.3,stop,0.479161486672716,-0.31900812589170535,-1.334716653258258,False
2024-02-16 13:30:00+00:00,NY,-1,2024-02-16 14:59:00+00:00,51963.0,52293.0,51303.0,2024-02-16 23:59:00+00:00,52148.6,time,1.2621192128965637,-0.41717722225429354,-0.6569024242424198,False
2024-02-17 00:00:00+00:00,Asia,-1,2024-02-17 01:05:00+00:00,52024.8,52108.8,51856.8,2024-02-17 05:26:00+00:00,51856.8,target,0.3224023581429624,0.26292291368731835,1.628394285714286,False
2024-02-17 13:30:00+00:00,NY,-1,2024-02-17 15:30:00+00:00,51119.9,51304.600000000006,50750.49999999999,2024-02-17 17:51:00+00:00,51304.600000000006,stop,0.7200134101035802,-0.4413074360474186,-1.2214180833784463,False
2024-02-18 00:00:00+00:00,Asia,-1,2024-02-18 02:00:00+00:00,51569.8,51689.4,51330.600000000006,2024-02-18 02:39:00+00:00,51330.600000000006,target,0.46276412572016135,0.40383736217708244,1.7412886287625386,True
2024-02-18 13:30:00+00:00,NY,1,2024-02-18 15:36:00+00:00,51784.7,51686.85,51980.399999999994,2024-02-18 16:25:00+00:00,51686.85,stop,0.3786262850222002,-0.26895542505797765,-1.423380275932556,True
2024-02-19 00:00:00+00:00,Asia,-1,2024-02-19 01:06:00+00:00,52135.9,52312.95,51781.80000000001,2024-02-19 06:05:00+00:00,52312.95,stop,0.6768878451702658,-0.419593255319263,-1.2355759390002883,False
2024-02-19 07:00:00+00:00,London,-1,2024-02-19 08:20:00+00:00,52327.4,52430.15,52121.9,2024-02-19 08:49:00+00:00,52121.9,target,0.3919500516401346,0.33271968414253333,1.6944385401459854,False
2024-02-19 13:30:00+00:00,NY,1,2024-02-19 15:30:00+00:00,52302.5,52176.75,52554.0,2024-02-19 15:42:00+00:00,52176.75,stop,0.48201545707618815,-0.3204282778069882,-1.3327395626242544,False
2024-02-20 00:00:00+00:00,Asia,-1,2024-02-20 01:28:00+00:00,51503.0,51687.6,51133.8,2024-02-20 01:57:00+00:00,51687.6,stop,0.7142912420000098,-0.43842572277342784,-1.2231982665222119,False
2024-02-20 07:00:00+00:00,London,-1,2024-02-20 08:31:00+00:00,51815.6,51910.8,51625.19999999999,2024-02-20 09:19:00+00:00,51625.19999999999,target,0.36678302010371916,0.3074569048703648,1.67343109243699,False
2024-02-20 13:30:00+00:00,NY,-1,2024-02-20 14:48:00+00:00,52021.7,52556.3,50952.499999999985,2024-02-20 17:22:00+00:00,50952.499999999985,target,2.0343897877133745,1.9952961552583088,1.9416142536475876,False
2024-02-21 00:00:00+00:00,Asia,-1,2024-02-21 01:40:00+00:00,52162.0,52282.15,51921.7,2024-02-21 04:33:00+00:00,51921.7,target,0.45962149605554264,0.4006801886430791,1.7395156054931369,True
2024-02-21 07:00:00+00:00,London,-1,2024-02-21 09:20:00+00:00,51510.0,51664.15,51201.7,2024-02-21 09:55:00+00:00,51201.7,target,0.5967387443711024,0.5385245583381925,1.7995069737268914,True
2024-02-21 13:30:00+00:00,NY,1,2024-02-21 15:25:00+00:00,51241.4,51071.3,51581.6,2024-02-21 16:06:00+00:00,51071.3,stop,0.6661275510903469,-0.4119581432201277,-1.2409942386831294,True
2024-02-22 00:00:00+00:00,Asia,-1,2024-02-22 01:06:00+00:00,51526.6,51719.1,51141.6,2024-02-22 05:50:00+00:00,51719.1,stop,0.7444058384619996,-0.45359344493911885,-1.2141365194805194,True
2024-02-22 07:00:00+00:00,London,1,2024-02-22 10:01:00+00:00,51949.1,51817.899999999994,52211.50000000001,2024-02-22 10:36:00+00:00,51817.899999999994,stop,0.5063887189561936,-0.332554904704806,-1.3167628048780382,True
2024-02-22 13:30:00+00:00,NY,1,2024-02-22 15:05:00+00:00,51387.0,51177.25,51806.5,2024-02-22 20:27:00+00:00,51806.5,target,0.8197001597389465,0.7563543308618912,1.8530050059594756,True
2024-02-23 00:00:00+00:00,Asia,1,2024-02-23 01:40:00+00:00,51514.9,51402.3,51740.1,2024-02-23 01:51:00+00:00,51402.3,stop,0.4381126914554492,-0.29857753776091683,-1.3660028419182995,False
2024-02-23 13:30:00+00:00,NY,-1,2024-02-23 14:41:00+00:00,50950.0,51161.15,50527.7,2024-02-23 14:54:00+00:00,51161.15,stop,0.8254310155264354,-0.49442590775270157,-1.1930381245560013,False
2024-02-24 00:00:00+00:00,Asia,-1,2024-02-24 01:45:00+00:00,50720.0,50827.45,50505.100000000006,2024-02-24 02:58:00+00:00,50827.45,stop,0.42280303261328567,-0.29184936908516773,-1.3776268031642727,False
2024-02-24 07:00:00+00:00,London,1,2024-02-24 10:22:00+00:00,51133.3,51048.0,51303.90000000001,2024-02-24 13:29:00+00:00,51194.8,time,0.3341952671995099,0.060273872408000265,0.3613132473622386,False
2024-02-26 07:00:00+00:00,London,-1,2024-02-26 08:45:00+00:00,51320.0,51443.35,51073.3,2024-02-26 09:33:00+00:00,51073.3,target,0.47955663851595415,0.4207092751363934,1.7503688690717443,False
2024-02-27 00:00:00+00:00,Asia,1,2024-02-27 01:13:00+00:00,54692.4,54593.7,54889.80000000001,2024-02-27 01:40:00+00:00,54889.80000000001,target,0.3615801823287329,0.30092766088160094,1.667523404255334,True
2024-02-27 07:00:00+00:00,London,1,2024-02-27 08:40:00+00:00,56419.0,56136.15,56984.7,2024-02-27 12:26:00+00:00,56984.7,target,1.0077285314365112,0.9426764033392954,1.880320311118967,True
2024-02-27 13:30:00+00:00,NY,1,2024-02-27 14:41:00+00:00,57250.0,56970.0,57810.0,2024-02-27 14:44:00+00:00,56970.0,stop,0.9829734948218362,-0.5690829694323144,-1.1635714285714285,True
2024-02-28 00:00:00+00:00,Asia,-1,2024-02-28 02:25:00+00:00,56904.4,57026.2,56660.80000000001,2024-02-28 04:07:00+00:00,57026.2,stop,0.42717207178454564,-0.2940432022831198,-1.3737563218390938,True
2024-02-28 07:00:00+00:00,London,1,2024-02-28 08:07:00+00:00,58472.8,57827.65,59763.100000000006,2024-02-28 13:06:00+00:00,59763.100000000006,target,2.2312855528454,2.146667031508672,1.9456193443385261,True
2024-02-28 13:30:00+00:00,NY,1,2024-02-28 15:05:00+00:00,60786.9,60300.850000000006,61758.99999999999,2024-02-28 16:34:00+00:00,61758.99999999999,target,1.612083411759533,1.5391932472292407,1.9249621643863795,True
2024-02-29 00:00:00+00:00,Asia,-1,2024-02-29 01:15:00+00:00,61269.6,61889.0,60030.799999999996,2024-02-29 04:35:00+00:00,61889.0,stop,2.0016481119423535,-1.090941804744933,-1.079134129803035,True
2024-02-29 07:00:00+00:00,London,-1,2024-02-29 08:30:00+00:00,62600.0,62910.8,61978.399999999994,2024-02-29 08:35:00+00:00,62910.8,stop,0.9880656421472919,-0.5764856230031996,-1.1611325611325598,True
2024-02-29 13:30:00+00:00,NY,1,2024-02-29 14:38:00+00:00,63330.0,62796.4,64397.2,2024-02-29 15:02:00+00:00,62796.4,stop,1.6994604786261587,-0.9225706616137669,-1.094947526236882,True
2024-03-01 00:00:00+00:00,Asia,-1,2024-03-01 03:48:00+00:00,61199.4,61520.8,60556.6,2024-03-01 04:52:00+00:00,61520.8,stop,1.044849871913232,-0.6051685474040619,-1.152332047293092,True
2024-03-01 07:00:00+00:00,London,1,2024-03-01 08:23:00+00:00,61844.8,61640.0,62254.40000000001,2024-03-01 08:40:00+00:00,62254.40000000001,target,0.6645035691109764,0.6023030553902766,1.8188140625000027,True
2024-03-02 00:00:00+00:00,Asia,-1,2024-03-02 01:16:00+00:00,62167.3,62331.65,61838.600000000006,2024-03-02 03:33:00+00:00,62331.65,stop,0.5273404442205478,-0.34436727990438465,-1.3026093094006719,True
2024-03-02 07:00:00+00:00,London,1,2024-03-02 08:05:00+00:00,62102.0,61986.0,62334.0,2024-03-02 08:11:00+00:00,61986.0,stop,0.37427806278837156,-0.2667894753792148,-1.4282896551724136,True
2024-03-03 00:00:00+00:00,Asia,-1,2024-03-03 02:25:00+00:00,61791.8,61923.7,61528.000000000015,2024-03-03 03:10:00+00:00,61923.7,stop,0.4260081358187505,-0.2934587437167944,-1.3747796815769688,False
2024-03-03 13:30:00+00:00,NY,1,2024-03-03 16:35:00+00:00,62493.9,62289.45,62902.80000000001,2024-03-03 16:54:00+00:00,62902.80000000001,target,0.6564514536570822,0.5943038600567555,1.8165989728540024,False
2024-03-05 00:00:00+00:00,Asia,1,2024-03-05 01:25:00+00:00,68552.6,68189.8,69278.20000000001,2024-03-05 01:37:00+00:00,68189.8,stop,1.0640887640087018,-0.6092286507003423,-1.1511633958103626,True
2024-03-05 07:00:00+00:00,London,-1,2024-03-05 08:12:00+00:00,66179.6,66809.05,64920.70000000001,2024-03-05 08:25:00+00:00,66809.05,stop,1.8843255517029416,-1.0311239112959236,-1.0841110175550088,True
2024-03-06 00:00:00+00:00,Asia,-1,2024-03-06 01:30:00+00:00,63420.4,63803.2,62654.80000000001,2024-03-06 04:47:00+00:00,63803.2,stop,1.1999398149309104,-0.6835912734703591,-1.132540020898643,True
2024-03-06 07:00:00+00:00,London,1,2024-03-06 08:42:00+00:00,66846.6,66187.55,68164.70000000001,2024-03-06 09:58:00+00:00,66187.55,stop,1.991462140538524,-1.0659140180652462,-1.0811429785297015,True
2024-03-06 13:30:00+00:00,NY,1,2024-03-06 14:38:00+00:00,67095.0,66484.4,68316.20000000001,2024-03-06 14:44:00+00:00,66484.4,stop,1.836821870995297,-0.9900529100529187,-1.0879069767441854,True
2024-03-07 00:00:00+00:00,Asia,-1,2024-03-07 01:10:00+00:00,65750.8,66036.55,65179.3,2024-03-07 01:19:00+00:00,66036.55,stop,0.8654298263613105,-0.5145954726026146,-1.184079230096238,True
2024-03-08 00:00:00+00:00,Asia,1,2024-03-08 01:10:00+00:00,67167.6,66983.8,67535.20000000001,2024-03-08 01:16:00+00:00,66983.8,stop,0.5487894087824307,-0.35364384018485534,-1.2923508161044568,True
2024-03-08 07:00:00+00:00,London,-1,2024-03-08 08:10:00+00:00,67272.0,67495.65,66824.70000000001,2024-03-08 11:11:00+00:00,67495.65,stop,0.6627093746041455,-0.4124562968248219,-1.2406331321260962,True
2024-03-09 00:00:00+00:00,Asia,-1,2024-03-09 01:05:00+00:00,68061.5,68202.7,67779.1,2024-03-09 01:30:00+00:00,68202.7,stop,0.41405985393539285,-0.2874594300742668,-1.3856175637393848,True
2024-03-09 07:00:00+00:00,London,-1,2024-03-09 09:11:00+00:00,68321.9,68465.29999999999,68035.1,2024-03-09 10:26:00+00:00,68035.1,target,0.418898332439941,0.3597775530247086,1.7141343096234194,True
2024-03-09 13:30:00+00:00,NY,-1,2024-03-09 14:45:00+00:00,68298.2,68417.0,68060.59999999999,2024-03-09 17:13:00+00:00,68060.59999999999,target,0.3472821082479586,0.2878861814806332,1.6550595959596046,True
2024-03-10 07:00:00+00:00,London,1,2024-03-10 08:05:00+00:00,69527.4,69416.5,69749.19999999998,2024-03-10 08:57:00+00:00,69749.19999999998,target,0.3195205750793952,0.2590109223126255,1.623837330928745,False
2024-03-10 13:30:00+00:00,NY,-1,2024-03-10 14:48:00+00:00,69150.0,69440.7,68568.6,2024-03-10 15:03:00+00:00,69440.7,stop,0.8372611451209365,-0.5003904555314492,-1.190299277605781,False
2024-03-11 07:00:00+00:00,London,1,2024-03-11 08:20:00+00:00,71537.7,70439.25,73734.59999999999,2024-03-11 13:29:00+00:00,72299.9,time,3.1188577391156125,1.0054522021255885,0.6548112158040867,True
2024-03-11 13:30:00+00:00,NY,1,2024-03-11 15:16:00+00:00,72450.0,71927.6,73494.79999999999,2024-03-11 16:03:00+00:00,71927.6,stop,1.4525717527068926,-0.8010489993098607,-1.1109494640122524,True
2024-03-12 00:00:00+00:00,Asia,1,2024-03-12 01:48:00+00:00,72424.6,72241.95000000001,72789.9,2024-03-12 02:39:00+00:00,72241.95000000001,stop,0.5056618765135809,-0.3321933155309027,-1.3172169723515021,True
2024-03-12 07:00:00+00:00,London,-1,2024-03-12 09:24:00+00:00,72069.1,72247.05,71713.20000000001,2024-03-12 10:26:00+00:00,71713.20000000001,target,0.49261526941237627,0.4338316143811899,1.7570021916268574,True
2024-03-12 13:30:00+00:00,NY,-1,2024-03-12 15:07:00+00:00,71660.4,72515.2,69950.79999999999,2024-03-12 17:06:00+00:00,69950.79999999999,target,2.3575746877896027,2.325696981875633,1.9497002339728593,True
2024-03-13 07:00:00+00:00,London,1,2024-03-13 08:20:00+00:00,73311.7,73009.54999999999,73916.00000000001,2024-03-13 12:34:00+00:00,73009.54999999999,stop,0.8276999378848425,-0.49214430984414315,-1.1941067681615034,True
2024-03-13 13:30:00+00:00,NY,1,2024-03-13 16:50:00+00:00,72972.1,72321.6,74273.1,2024-03-13 23:59:00+00:00,73127.6,time,1.7989093161655714,0.15309514184188205,0.17173980015372795,True
2024-03-14 00:00:00+00:00,Asia,-1,2024-03-14 01:07:00+00:00,72813.6,73025.3,72390.20000000001,2024-03-14 02:21:00+00:00,73025.3,stop,0.579799055943617,-0.37074238878450877,-1.2751576759565462,True
2024-03-14 13:30:00+00:00,NY,-1,2024-03-14 16:48:00+00:00,71511.0,72105.45,70322.1,2024-03-14 18:46:00+00:00,70322.1,target,1.6488351435293647,1.6025414271930112,1.927821347464042,True
2024-03-15 07:00:00+00:00,London,-1,2024-03-15 09:55:00+00:00,68171.2,68540.85,67431.89999999998,2024-03-15 10:10:00+00:00,67431.89999999998,target,1.0786268334868956,1.024475555659894,1.8893474367645096,True
2024-03-16 00:00:00+00:00,Asia,-1,2024-03-16 01:30:00+00:00,69461.7,69779.65,68825.8,2024-03-16 05:13:00+00:00,68825.8,target,0.9112972048441182,0.8554685243810536,1.8689195785500854,True
2024-03-16 07:00:00+00:00,London,-1,2024-03-16 09:36:00+00:00,69190.0,69358.8,68852.4,2024-03-16 10:03:00+00:00,68852.4,target,0.4867442920004466,0.4279317820494375,1.7540639810426584,True
2024-03-16 13:30:00+00:00,NY,1,2024-03-16 16:03:00+00:00,68321.5,67948.75,69067.0,2024-03-16 17:26:00+00:00,67948.75,stop,1.0971504258724407,-0.6255822837613343,-1.146632327297116,True
2024-03-17 00:00:00+00:00,Asia,1,2024-03-17 02:31:00+00:00,66349.0,65757.8,67531.4,2024-03-17 06:34:00+00:00,65757.8,stop,1.7981136838519558,-0.9710458333961283,-1.0897821380243577,True
2024-03-17 13:30:00+00:00,NY,1,2024-03-17 14:40:00+00:00,67395.4,67168.45,67849.29999999999,2024-03-17 15:43:00+00:00,67849.29999999999,target,0.6757636956041031,0.6134881015618191,1.821823132848643,True
2024-03-18 00:00:00+00:00,Asia,-1,2024-03-18 01:12:00+00:00,67335.0,67910.8,66183.4,2024-03-18 02:48:00+00:00,67910.8,stop,1.6957538418042577,-0.9351273483329665,-1.093553317124001,True
2024-03-18 07:00:00+00:00,London,-1,2024-03-18 08:52:00+00:00,68160.0,68347.1,67785.79999999999,2024-03-18 09:07:00+00:00,67785.79999999999,target,0.5474994549878445,0.4890023474178574,1.7814216996258754,True
2024-03-18 13:30:00+00:00,NY,-1,2024-03-18 14:36:00+00:00,67186.4,67918.2,65722.79999999999,2024-03-18 16:18:00+00:00,67918.2,stop,2.1549452135068448,-1.1692085302978028,-1.0734478272752115,True
2024-03-19 00:00:00+00:00,Asia,-1,2024-03-19 01:14:00+00:00,66913.0,67545.8,65647.4,2024-03-19 02:04:00+00:00,65647.4,target,1.8736916284950444,1.8314112354848922,1.9365553097345136,True
2024-03-19 07:00:00+00:00,London,-1,2024-03-19 08:50:00+00:00,63625.0,64301.1,62272.8,2024-03-19 13:29:00+00:00,63843.7,time,2.1029189236264965,-0.4037328094302508,-0.37993639994083367,True
2024-03-19 13:30:00+00:00,NY,-1,2024-03-19 14:35:00+00:00,62555.0,63222.5,61220.0,2024-03-19 14:51:00+00:00,63222.5,stop,2.1115900193760133,-1.1470609863320278,-1.0749722846441947,True
2024-03-20 07:00:00+00:00,London,1,2024-03-20 08:35:00+00:00,63248.8,62510.75,64724.90000000001,2024-03-20 13:29:00+00:00,63478.6,time,2.3613538471383015,0.3033270512642068,0.25994271390826484,True
2024-03-20 13:30:00+00:00,NY,1,2024-03-20 14:55:00+00:00,64221.6,63667.6,65329.6,2024-03-20 15:33:00+00:00,63667.6,stop,1.7402886240411135,-0.9426381155249948,-1.092738772563177,True
2024-03-21 00:00:00+00:00,Asia,-1,2024-03-21 03:20:00+00:00,67470.0,67881.95,66646.1,2024-03-21 03:48:00+00:00,66646.1,target,1.2137247088511662,1.1611353194012068,1.9017307925719134,True
2024-03-21 07:00:00+00:00,London,1,2024-03-21 08:17:00+00:00,67383.1,67170.55,67808.20000000001,2024-03-21 09:07:00+00:00,67170.55,stop,0.6328666357503486,-0.39543517588238425,-1.253617878146315,True
2024-03-21 13:30:00+00:00,NY,-1,2024-03-21 15:22:00+00:00,66573.0,67118.45,65482.100000000006,2024-03-21 18:11:00+00:00,65482.100000000006,target,1.6253355075988705,1.5786523064906106,1.9267690897424141,True
2024-03-22 00:00:00+00:00,Asia,-1,2024-03-22 02:20:00+00:00,65408.4,65729.2,64766.80000000001,2024-03-22 02:58:00+00:00,65729.2,stop,0.9761262878598835,-0.5704568832137701,-1.1631132169576082,True
2024-03-23 00:00:00+00:00,Asia,1,2024-03-23 02:28:00+00:00,63849.8,63713.4,64122.600000000006,2024-03-23 03:04:00+00:00,63713.4,stop,0.42816738708027335,-0.29362635435036827,-1.3744856304985298,True
2024-03-23 13:30:00+00:00,NY,1,2024-03-23 15:19:00+00:00,64937.9,64628.95,65555.80000000002,2024-03-23 16:34:00+00:00,65555.80000000002,target,0.9560730910837968,0.8915244564422563,1.8738865835896028,True
2024-03-24 00:00:00+00:00,Asia,1,2024-03-24 01:30:00+00:00,64628.7,64312.2,65261.7,2024-03-24 02:28:00+00:00,64312.2,stop,0.9842611510724248,-0.5697205111660919,-1.1633584834123223,True
2024-03-24 13:30:00+00:00,NY,-1,2024-03-24 17:00:00+00:00,65300.0,65637.35,64625.29999999999,2024-03-24 18:05:00+00:00,65637.35,stop,1.0279208408017646,-0.596615620214404,-1.1548540091892665,True
2024-03-25 00:00:00+00:00,Asia,-1,2024-03-25 01:56:00+00:00,66560.0,66964.85,65750.29999999999,2024-03-25 03:37:00+00:00,66964.85,stop,1.2091418109650018,-0.6882481971153934,-1.1315252562677516,True
2024-03-25 07:00:00+00:00,London,1,2024-03-25 10:10:00+00:00,67320.0,67032.0,67896.0,2024-03-25 10:43:00+00:00,67032.0,stop,0.8592910848549946,-0.507807486631016,-1.187,True
2024-03-25 13:30:00+00:00,NY,1,2024-03-25 15:09:00+00:00,69534.8,68255.70000000001,72092.99999999999,2024-03-25 23:59:00+00:00,69920.5,time,3.7479653713902232,0.49468628657880237,0.26892277382534546,True
2024-03-26 00:00:00+00:00,Asia,1,2024-03-26 01:25:00+00:00,70297.4,70039.79999999999,70812.6,2024-03-26 06:59:00+00:00,70656.7,time,0.735581769222638,0.45111420906036775,1.2310619565217227,True
2024-03-27 07:00:00+00:00,London,-1,2024-03-27 09:00:00+00:00,69690.1,70042.20000000001,68985.9,2024-03-27 09:37:00+00:00,70042.20000000001,stop,1.0053938911113542,-0.585236755292367,-1.1583416074978674,True
2024-03-28 07:00:00+00:00,London,1,2024-03-28 08:11:00+00:00,70564.0,70402.1,70887.79999999999,2024-03-28 08:14:00+00:00,70402.1,stop,0.4599294623313834,-0.30943710673997243,-1.348679431748005,True
2024-03-28 13:30:00+00:00,NY,1,2024-03-28 14:35:00+00:00,71440.0,71088.0,72144.0,2024-03-28 15:28:00+00:00,71088.0,stop,0.9903218546027459,-0.5727211646136617,-1.1623636363636363,True
2024-03-29 00:00:00+00:00,Asia,1,2024-03-29 01:31:00+00:00,70886.0,70771.0,71116.0,2024-03-29 02:25:00+00:00,70771.0,stop,0.3249918752031199,-0.24223231667748216,-1.49312,True
2024-03-29 07:00:00+00:00,London,-1,2024-03-29 08:15:00+00:00,69801.9,70188.25,69029.19999999998,2024-03-29 11:00:00+00:00,70188.25,stop,1.100896517579526,-0.6334949621715251,-1.1445360942150877,True
2024-03-30 00:00:00+00:00,Asia,1,2024-03-30 01:15:00+00:00,69999.0,69876.15,70244.70000000001,2024-03-30 01:36:00+00:00,70244.70000000001,target,0.3516221199937276,0.2910050143573646,1.6581245421245585,False
2024-03-31 00:00:00+00:00,Asia,1,2024-03-31 01:14:00+00:00,70020.0,69814.0,70432.0,2024-03-31 03:18:00+00:00,69814.0,stop,0.5901395135646146,-0.374201656669523,-1.2719223300970874,False
2024-03-31 13:30:00+00:00,NY,-1,2024-03-31 15:05:00+00:00,70500.0,70644.0,70212.0,2024-03-31 16:13:00+00:00,70644.0,stop,0.4076779344317989,-0.28425531914893615,-1.3916666666666666,False
2024-04-01 00:00:00+00:00,Asia,-1,2024-04-01 01:40:00+00:00,70935.5,71161.75,70483.0,2024-04-01 05:00:00+00:00,70483.0,target,0.6358753122288308,0.5779034474980792,1.8118837569060773,False
2024-04-01 07:00:00+00:00,London,-1,2024-04-01 08:10:00+00:00,69534.0,69684.5,69233.0,2024-04-01 08:32:00+00:00,69233.0,target,0.4319468461422555,0.37288175568786497,1.7227880398671098,False
2024-04-02 07:00:00+00:00,London,-1,2024-04-02 08:16:00+00:00,66475.1,66703.9,66017.50000000003,2024-04-02 08:32:00+00:00,66703.9,stop,0.6860168595839093,-0.42418902716955426,-1.2324304195804314,True
2024-04-02 13:30:00+00:00,NY,1,2024-04-02 14:47:00+00:00,65948.8,65299.4,67247.6,2024-04-02 15:50:00+00:00,65299.4,stop,1.988992241888904,-1.064703284972587,-1.0812427471512163,True
2024-04-03 07:00:00+00:00,London,-1,2024-04-03 08:17:00+00:00,66151.3,66339.15,65775.60000000002,2024-04-03 08:31:00+00:00,66339.15,stop,0.566332248755067,-0.36397023187751604,-1.2817196699494409,True
2024-04-04 00:00:00+00:00,Asia,-1,2024-04-04 02:25:00+00:00,65828.4,66102.1,65280.99999999997,2024-04-04 04:18:00+00:00,65280.99999999997,target,0.8281128738724015,0.7715559849548574,1.8556922177566741,False
2024-04-04 07:00:00+00:00,London,1,2024-04-04 08:15:00+00:00,66307.0,65997.65,66925.70000000001,2024-04-04 13:10:00+00:00,66925.70000000001,target,0.9374576215971283,0.8730839881159028,1.8713942136738346,False
2024-04-04 13:30:00+00:00,NY,1,2024-04-04 14:46:00+00:00,67763.0,67410.5,68468.0,2024-04-04 17:51:00+00:00,68468.0,target,1.0458311390658726,0.9803907737260747,1.8846587234042553,False
2024-04-05 00:00:00+00:00,Asia,-1,2024-04-05 01:41:00+00:00,68158.3,68472.70000000001,67529.49999999999,2024-04-05 02:46:00+00:00,67529.49999999999,target,0.9183221926402826,0.8625582210824175,1.8699269083969503,True
2024-04-05 07:00:00+00:00,London,1,2024-04-05 08:50:00+00:00,67164.8,66998.15,67498.10000000002,2024-04-05 09:07:00+00:00,66998.15,stop,0.4974764228564564,-0.3281210395921803,-1.3224232823282158,True
2024-04-05 13:30:00+00:00,NY,1,2024-04-05 15:03:00+00:00,67937.0,67390.5,69030.0,2024-04-05 17:47:00+00:00,67390.5,stop,1.6218903257877595,-0.8844217436742865,-1.0994503202195791,True
2024-04-06 00:00:00+00:00,Asia,-1,2024-04-06 02:15:00+00:00,67676.0,67875.4,67277.20000000001,2024-04-06 03:23:00+00:00,67875.4,stop,0.5875471820423939,-0.37463916307109485,-1.271518555667009,True
2024-04-06 07:00:00+00:00,London,-1,2024-04-06 08:21:00+00:00,67930.0,68057.65,67674.70000000001,2024-04-06 08:55:00+00:00,68057.65,stop,0.3751231492712471,-0.2679140291476434,-1.425726596161398,True
2024-04-06 13:30:00+00:00,NY,1,2024-04-06 15:10:00+00:00,67898.8,67711.9,68272.60000000002,2024-04-06 15:13:00+00:00,68272.60000000002,target,0.5520447661341698,0.49052519337605005,1.7820263242375705,True
2024-04-07 07:00:00+00:00,London,1,2024-04-07 08:35:00+00:00,69496.0,69362.95,69762.1,2024-04-07 09:32:00+00:00,69362.95,stop,0.38363420240921964,-0.2714498676182844,-1.4178639609169392,False
2024-04-07 13:30:00+00:00,NY,1,2024-04-07 14:59:00+00:00,69569.4,69397.35,69913.49999999997,2024-04-07 15:24:00+00:00,69913.49999999997,target,0.49584025903005124,0.4346140113325352,1.7573865736704284,False
2024-04-08 00:00:00+00:00,Asia,1,2024-04-08 01:47:00+00:00,69450.0,69245.2,69859.6,2024-04-08 02:33:00+00:00,69245.2,stop,0.5915211451479754,-0.37488840892729,-1.2712890624999962,False
2024-04-08 07:00:00+00:00,London,1,2024-04-08 08:06:00+00:00,70917.0,70358.45,72034.1,2024-04-08 08:54:00+00:00,72034.1,target,1.5877268473083275,1.5152217380881956,1.9238202488586522,False
2024-04-08 13:30:00+00:00,NY,-1,2024-04-08 14:45:00+00:00,71519.5,71895.05,70768.4,2024-04-08 15:04:00+00:00,71895.05,stop,1.0447172649577485,-0.6051015457322869,-1.1523514844894145,False
2024-04-09 00:00:00+00:00,Asia,-1,2024-04-09 01:44:00+00:00,71359.4,71590.0,70898.19999999998,2024-04-09 02:26:00+00:00,71590.0,stop,0.6442240536387926,-0.4031529413083712,-1.2475607979184673,True
2024-04-09 07:00:00+00:00,London,-1,2024-04-09 08:25:00+00:00,70160.0,70573.95,69332.1,2024-04-09 08:55:00+00:00,70573.95,stop,1.173095738583421,-0.6700085518814097,-1.1355912549824867,True
2024-04-10 00:00:00+00:00,Asia,-1,2024-04-10 01:53:00+00:00,69063.2,69206.6,68776.39999999998,2024-04-10 01:55:00+00:00,69206.6,stop,0.41441134227082804,-0.287635904504872,-1.3852898186889584,True
2024-04-10 07:00:00+00:00,London,-1,2024-04-10 08:21:00+00:00,69302.3,69433.15,69040.60000000002,2024-04-10 08:24:00+00:00,69040.60000000002,target,0.3769093005286338,0.3176209447593839,1.6822210164310067,True
2024-04-10 13:30:00+00:00,NY,1,2024-04-10 14:45:00+00:00,68844.3,68195.70000000001,70141.49999999999,2024-04-10 20:20:00+00:00,70141.49999999999,target,1.902172717634685,1.824251855273396,1.9363142460684544,True
2024-04-11 00:00:00+00:00,Asia,1,2024-04-11 01:25:00+00:00,70713.7,70526.85,71087.39999999998,2024-04-11 01:30:00+00:00,70526.85,stop,0.5298691207674766,-0.34423451184139886,-1.3027613593791953,True
2024-04-11 07:00:00+00:00,London,-1,2024-04-11 08:06:00+00:00,70758.6,71073.0,70129.80000000002,2024-04-11 08:34:00+00:00,71073.0,stop,0.884724156852797,-0.524327615300464,-1.180047328244278,True
2024-04-11 13:30:00+00:00,NY,-1,2024-04-11 15:00:00+00:00,69650.0,70300.0,68350.0,2024-04-11 17:04:00+00:00,70300.0,stop,1.849217638691323,-1.0132376166547021,-1.085723076923077,True
2024-04-12 07:00:00+00:00,London,-1,2024-04-12 09:50:00+00:00,70633.6,70833.3,70234.20000000001,2024-04-12 10:37:00+00:00,70833.3,stop,0.5638590888748571,-0.3627266343496538,-1.2829588382573902,False
2024-04-12 13:30:00+00:00,NY,-1,2024-04-12 14:42:00+00:00,69658.3,69995.4,68984.10000000002,2024-04-12 16:19:00+00:00,68984.10000000002,target,0.963206153547229,0.9078674328830628,1.8760160783150368,False
2024-04-13 00:00:00+00:00,Asia,-1,2024-04-13 03:25:00+00:00,66780.0,66978.55,66382.9,2024-04-13 03:33:00+00:00,66978.55,stop,0.592876376093549,-0.37731955675352336,-1.269070763031978,True
2024-04-13 13:30:00+00:00,NY,-1,2024-04-13 14:40:00+00:00,67458.7,67602.35,67171.39999999998,2024-04-13 15:00:00+00:00,67602.35,stop,0.42498522610530975,-0.292945105672076,-1.3756836756003947,True
2024-04-14 00:00:00+00:00,Asia,-1,2024-04-14 03:30:00+00:00,62880.2,63588.649999999994,61463.3,2024-04-14 04:06:00+00:00,63588.649999999994,stop,2.2282278362569445,-1.2066662637841437,-1.071005942550639,True
2024-04-14 07:00:00+00:00,London,1,2024-04-14 08:30:00+00:00,64820.0,64526.05,65407.899999999994,2024-04-14 08:46:00+00:00,64526.05,stop,0.9111048948447975,-0.5334865782165953,-1.1764109542439207,True
2024-04-14 13:30:00+00:00,NY,-1,2024-04-14 14:40:00+00:00,63809.2,64220.3,62986.999999999985,2024-04-14 15:25:00+00:00,64220.3,stop,1.28028053434818,-0.7242644634316145,-1.1241726100705407,True
2024-04-15 00:00:00+00:00,Asia,-1,2024-04-15 01:50:00+00:00,65255.1,65548.95,64667.4,2024-04-15 04:15:00+00:00,64667.4,target,0.8965818674441076,0.8406192619427403,1.8667583460949457,True
2024-04-15 07:00:00+00:00,London,-1,2024-04-15 08:10:00+00:00,66102.4,66325.1,65656.99999999997,2024-04-15 08:41:00+00:00,66325.1,stop,0.6715406384611688,-0.4169015345887769,-1.2374581050740783,True
2024-04-16 00:00:00+00:00,Asia,1,2024-04-16 01:37:00+00:00,63700.0,63299.95,64500.100000000006,2024-04-16 01:50:00+00:00,63299.95,stop,1.2639820410600617,-0.7080219780219826,-1.1273840769903754,True
2024-04-16 13:30:00+00:00,NY,-1,2024-04-16 15:00:00+00:00,62100.6,62699.1,60903.6,2024-04-16 16:59:00+00:00,62699.1,stop,1.9091183127030533,-1.0437588042627608,-1.0830083208020052,True
2024-04-17 07:00:00+00:00,London,-1,2024-04-17 10:05:00+00:00,63170.5,63541.75,62428.0,2024-04-17 12:27:00+00:00,62428.0,target,1.1685230576746786,1.1153904116636721,1.8979062626262626,False
2024-04-17 13:30:00+00:00,NY,-1,2024-04-17 14:35:00+00:00,61025.2,61991.2,59093.2,2024-04-17 23:59:00+00:00,61254.5,time,3.116571384325517,-0.43574641295727495,-0.27527445134575873,False
2024-04-18 00:00:00+00:00,Asia,1,2024-04-18 01:05:00+00:00,61503.0,61201.5,62106.0,2024-04-18 03:06:00+00:00,62106.0,target,0.9852699688733119,0.9204399785376324,1.8776059701492538,True
2024-04-18 07:00:00+00:00,London,-1,2024-04-18 08:20:00+00:00,60906.9,61127.05,60466.6,2024-04-18 08:30:00+00:00,61127.05,stop,0.7203030409614003,-0.44145330003661565,-1.221328730411082,True
2024-04-18 13:30:00+00:00,NY,1,2024-04-18 15:13:00+00:00,63800.3,62826.8,65747.3,2024-04-18 17:52:00+00:00,62826.8,stop,3.098995969872729,-1.6058548940992439,-1.0524296250642013,True
2024-04-19 00:00:00+00:00,Asia,-1,2024-04-19 01:07:00+00:00,62612.0,63030.95,61774.100000000006,2024-04-19 01:33:00+00:00,61774.100000000006,target,1.3293469319437539,1.278241870567933,1.9103301109917645,True
2024-04-19 13:30:00+00:00,NY,-1,2024-04-19 16:29:00+00:00,63779.7,64402.8,62533.499999999985,2024-04-19 17:42:00+00:00,64402.8,stop,1.9350090368741797,-1.0569566178580423,-1.081886952335098,True
2024-04-20 00:00:00+00:00,Asia,-1,2024-04-20 01:06:00+00:00,63384.7,63810.45,62533.2,2024-04-20 02:12:00+00:00,63810.45,stop,1.3344209294872549,-0.7516920644887489,-1.119102196124486,True
2024-04-20 07:00:00+00:00,London,-1,2024-04-20 08:05:00+00:00,63893.7,64013.95,63653.2,2024-04-20 08:56:00+00:00,63653.2,target,0.3756993592802819,0.3164064375673971,1.6811956756756758,True
2024-04-21 00:00:00+00:00,Asia,1,2024-04-21 01:26:00+00:00,64929.9,64750.2,65289.30000000001,2024-04-21 02:30:00+00:00,65289.30000000001,target,0.5550562005986105,0.4935200269829597,1.7832056761268835,False
2024-04-21 07:00:00+00:00,London,1,2024-04-21 08:10:00+00:00,65139.1,65000.149999999994,65417.00000000001,2024-04-21 08:20:00+00:00,65000.149999999994,stop,0.4275374749135217,-0.2933127415024223,-1.3750362000719565,False
2024-04-21 13:30:00+00:00,NY,-1,2024-04-21 16:08:00+00:00,64743.7,64930.8,64369.499999999985,2024-04-21 16:36:00+00:00,64369.499999999985,target,0.5763058517683508,0.5179712929597963,1.792377231427051,False
2024-04-22 07:00:00+00:00,London,-1,2024-04-22 08:57:00+00:00,65936.5,66192.75,65424.0,2024-04-22 13:08:00+00:00,66192.75,stop,0.7742539779658648,-0.46863148635429547,-1.205850536585366,False
2024-04-23 00:00:00+00:00,Asia,1,2024-04-23 01:07:00+00:00,67000.0,66834.6,67330.79999999999,2024-04-23 01:46:00+00:00,66834.6,stop,0.494953212856818,-0.3268656716417824,-1.3240628778718373,False
2024-04-23 07:00:00+00:00,London,-1,2024-04-23 08:15:00+00:00,65988.0,66205.75,65552.5,2024-04-23 08:58:00+00:00,66205.75,stop,0.6577978498846399,-0.40998423955870766,-1.2424358208955224,False
2024-04-23 13:30:00+00:00,NY,1,2024-04-23 14:37:00+00:00,66923.5,66479.0,67812.5,2024-04-23 15:38:00+00:00,66479.0,stop,1.3372643992839843,-0.744191203388944,-1.1204472440944881,False
2024-04-24 00:00:00+00:00,Asia,1,2024-04-24 01:10:00+00:00,66723.0,66535.1,67098.79999999999,2024-04-24 02:29:00+00:00,66535.1,stop,0.5648146617349382,-0.3616120378280266,-1.2840787653007006,False
2024-04-24 13:30:00+00:00,NY,-1,2024-04-24 14:48:00+00:00,65188.8,65729.0,64108.40000000001,2024-04-24 18:51:00+00:00,64108.40000000001,target,1.6437189064187712,1.5973399111503725,1.9275948167345425,False
2024-04-25 00:00:00+00:00,Asia,-1,2024-04-25 02:07:00+00:00,64191.9,64452.75,63670.200000000004,2024-04-25 06:59:00+00:00,64260.5,time,0.809430163957313,-0.16686706578244065,-0.41063883457925676,False
2024-04-25 07:00:00+00:00,London,-1,2024-04-25 08:40:00+00:00,63800.0,64077.85,63244.3,2024-04-25 09:07:00+00:00,64077.85,stop,0.8672263504471469,-0.5155015673981168,-1.183696238977867,False
2024-04-26 00:00:00+00:00,Asia,-1,2024-04-26 01:05:00+00:00,64071.9,64304.65,63606.4,2024-04-26 01:39:00+00:00,64304.65,stop,0.7238978829680279,-0.44326377085742735,-1.2202256498388828,False
2024-04-26 13:30:00+00:00,NY,-1,2024-04-26 16:24:00+00:00,63650.0,64216.55,62516.899999999994,2024-04-26 23:59:00+00:00,63748.8,time,1.7644984042275682,-0.2152238805970195,-0.24179684052599454,False
2024-04-27 00:00:00+00:00,Asia,-1,2024-04-27 02:07:00+00:00,62807.1,63354.25,61712.799999999996,2024-04-27 06:59:00+00:00,62996.8,time,1.7272716510731372,-0.36203591632156934,-0.41557938408115463,False
2024-04-27 07:00:00+00:00,London,-1,2024-04-27 09:16:00+00:00,62920.0,63029.5,62701.0,2024-04-27 11:00:00+00:00,62701.0,target,0.34745634980445667,0.28806102987921167,1.6552328767123288,False
2024-04-27 13:30:00+00:00,NY,-1,2024-04-27 15:30:00+00:00,63028.1,63209.45,62665.4,2024-04-27 17:41:00+00:00,63209.45,stop,0.5738066064488844,-0.3677288066751156,-1.2780395919492715,False
2024-04-28 13:30:00+00:00,NY,-1,2024-04-28 14:51:00+00:00,63520.6,63667.2,63227.4,2024-04-28 16:23:00+00:00,63667.2,stop,0.4605197024527612,-0.3107912708633082,-1.3466335607094169,False
2024-04-29 07:00:00+00:00,London,1,2024-04-29 08:05:00+00:00,62386.7,62150.05,62859.999999999985,2024-04-29 11:51:00+00:00,62150.05,stop,0.7615440373740577,-0.4593276451551279,-1.2108994717937935,False
2024-04-29 13:30:00+00:00,NY,1,2024-04-29 14:38:00+00:00,62824.0,62275.1,63921.8,2024-04-29 22:58:00+00:00,63921.8,target,1.7628233435193246,1.6874213676302097,1.931327382036801,False
2024-04-30 00:00:00+00:00,Asia,-1,2024-04-30 02:26:00+00:00,63670.4,64185.2,62640.80000000001,2024-04-30 06:59:00+00:00,63377.5,time,1.6041081121504623,0.4000253807106622,0.4947508935509005,False
2024-04-30 13:30:00+00:00,NY,1,2024-04-30 14:55:00+00:00,61289.1,60903.35,62060.6,2024-04-30 15:11:00+00:00,60903.35,stop,1.2667611880134673,-0.7093941337040355,-1.1271063642255348,False
2024-05-01 00:00:00+00:00,Asia,-1,2024-05-01 01:13:00+00:00,60060.6,60438.649999999994,59304.50000000001,2024-05-01 06:59:00+00:00,59504.0,time,1.2510206631021683,0.8667306686912861,1.3769703478375999,True
2024-05-01 07:00:00+00:00,London,-1,2024-05-01 08:24:00+00:00,57030.0,58291.9,54506.2,2024-05-01 13:29:00+00:00,57675.0,time,4.329589531307098,-1.1909836927932667,-0.538250257548141,True
2024-05-01 13:30:00+00:00,NY,-1,2024-05-01 15:15:00+00:00,57035.4,57392.25,56321.700000000004,2024-05-01 16:26:00+00:00,57392.25,stop,1.2435476915437138,-0.7056640612672104,-1.1278641445985713,True
2024-05-02 00:00:00+00:00,Asia,-1,2024-05-02 02:51:00+00:00,57616.0,58093.55,56660.899999999994,2024-05-02 06:59:00+00:00,57600.7,time,1.644072362594468,-0.033444876423210715,-0.0403509580148612,True
2024-05-02 13:30:00+00:00,NY,1,2024-05-02 14:35:00+00:00,58764.5,58475.6,59342.3,2024-05-02 15:16:00+00:00,59342.3,target,0.9881044401425602,0.9232466880514646,1.8779553478712363,True
2024-05-03 07:00:00+00:00,London,1,2024-05-03 10:00:00+00:00,59421.4,59226.45,59811.30000000001,2024-05-03 10:33:00+00:00,59226.45,stop,0.6583207333885477,-0.40808045586270997,-1.2438426263144342,False
2024-05-04 00:00:00+00:00,Asia,1,2024-05-04 01:33:00+00:00,63143.6,62938.2,63554.4,2024-05-04 01:45:00+00:00,62938.2,stop,0.6527037633742236,-0.4052902907024646,-1.2459341772151882,True
2024-05-04 07:00:00+00:00,London,1,2024-05-04 08:45:00+00:00,63108.2,62977.45,63369.7,2024-05-04 10:28:00+00:00,63369.7,target,0.4152279903362236,0.35436770498920905,1.710402141491396,True
2024-05-04 13:30:00+00:00,NY,1,2024-05-04 14:42:00+00:00,63743.4,63583.7,64062.80000000001,2024-05-04 15:12:00+00:00,63583.7,stop,0.502329999669729,-0.33053574173954375,-1.3193157169693088,True
2024-05-05 00:00:00+00:00,Asia,-1,2024-05-05 02:23:00+00:00,63372.6,63771.6,62574.6,2024-05-05 06:59:00+00:00,63345.0,time,1.2513407222023596,-0.016448054837581935,-0.02612421052631942,False
2024-05-05 13:30:00+00:00,NY,1,2024-05-05 15:33:00+00:00,64170.1,63942.05,64626.19999999999,2024-05-05 15:57:00+00:00,64626.19999999999,target,0.713302122781485,0.6507671641465281,1.831168340276252,False
2024-05-06 00:00:00+00:00,Asia,1,2024-05-06 01:10:00+00:00,64337.7,64159.35,64694.399999999994,2024-05-06 01:33:00+00:00,64159.35,stop,0.5559594977193458,-0.3572091635230954,-1.2885907485281773,False
2024-05-06 07:00:00+00:00,London,1,2024-05-06 10:33:00+00:00,64564.5,64338.2,65017.100000000006,2024-05-06 10:40:00+00:00,64338.2,stop,0.7034701001893099,-0.43050221096733177,-1.2282439239946943,False
2024-05-06 13:30:00+00:00,NY,-1,2024-05-06 15:39:00+00:00,63485.0,63841.6,62771.8,2024-05-06 19:15:00+00:00,62771.8,target,1.1171399213052258,1.0634149799165111,1.8931828379136284,False
2024-05-07 00:00:00+00:00,Asia,1,2024-05-07 01:15:00+00:00,63644.7,63282.95,64368.2,2024-05-07 03:26:00+00:00,63282.95,stop,1.1432779287311985,-0.6483898266469951,-1.1407484727021424,False
2024-05-07 07:00:00+00:00,London,1,2024-05-07 10:14:00+00:00,63830.0,63674.4,64141.2,2024-05-07 11:42:00+00:00,63674.4,stop,0.48873644667244154,-0.32377252075826185,-1.3281748071979464,False
2024-05-07 13:30:00+00:00,NY,1,2024-05-07 15:32:00+00:00,63661.5,63362.25,64260.0,2024-05-07 17:07:00+00:00,63362.25,stop,0.9445687298036292,-0.5500643245917862,-1.1701894736842104,False
2024-05-08 00:00:00+00:00,Asia,1,2024-05-08 02:11:00+00:00,62679.0,62367.0,63303.0,2024-05-08 04:41:00+00:00,62367.0,stop,1.0005291259800855,-0.5777743741923133,-1.1607153846153846,False
2024-05-08 13:30:00+00:00,NY,1,2024-05-08 14:45:00+00:00,62658.4,62197.55,63580.1,2024-05-08 15:13:00+00:00,62197.55,stop,1.481891167738929,-0.8154959590414032,-1.1087701421286758,False
2024-05-09 00:00:00+00:00,Asia,1,2024-05-09 01:16:00+00:00,61449.6,61281.3,61786.19999999999,2024-05-09 06:59:00+00:00,61579.7,time,0.5492703320588802,0.15171822111128236,0.5539527035056505,False
2024-05-09 07:00:00+00:00,London,-1,2024-05-09 09:20:00+00:00,61087.0,61352.85,60555.3,2024-05-09 11:03:00+00:00,60555.3,target,0.8666264077381851,0.8103979570121255,1.8621320293398527,False
2024-05-09 13:30:00+00:00,NY,1,2024-05-09 15:01:00+00:00,61489.8,61168.25,62132.90000000001,2024-05-09 15:28:00+00:00,62132.90000000001,target,1.0513624306727851,0.9858645173671174,1.885262385321102,False
2024-05-10 07:00:00+00:00,London,-1,2024-05-10 08:20:00+00:00,62960.2,63162.85,62554.899999999994,2024-05-10 09:44:00+00:00,63162.85,stop,0.6416746552760094,-0.40187000676618156,-1.248547545028372,False
2024-05-11 00:00:00+00:00,Asia,1,2024-05-11 01:29:00+00:00,60915.9,60766.45,61214.80000000001,2024-05-11 02:12:00+00:00,60766.45,stop,0.4918832678229541,-0.3253382450230635,-1.326080428236859,True
2024-05-11 13:30:00+00:00,NY,1,2024-05-11 15:30:00+00:00,60973.2,60851.6,61216.399999999994,2024-05-11 15:31:00+00:00,60851.6,stop,0.3996608141774367,-0.2794318815479564,-1.4011394736842153,True
2024-05-12 07:00:00+00:00,London,1,2024-05-12 09:02:00+00:00,60973.0,60765.15,61388.7,2024-05-12 13:29:00+00:00,61135.5,time,0.6841092303729969,0.20651140668820628,0.6058032234784744,False
2024-05-12 13:30:00+00:00,NY,1,2024-05-12 17:00:00+00:00,61302.0,61199.2,61507.600000000006,2024-05-12 17:01:00+00:00,61199.2,stop,0.3359521039490689,-0.24769436559982208,-1.4770583657587415,False
2024-05-13 00:00:00+00:00,Asia,-1,2024-05-13 01:25:00+00:00,61454.9,61621.25,61122.200000000004,2024-05-13 02:27:00+00:00,61122.200000000004,target,0.5399111507799617,0.48137261634140993,1.7783412082957601,False
2024-05-13 07:00:00+00:00,London,1,2024-05-13 10:36:00+00:00,62426.0,61928.75,63420.5,2024-05-13 13:29:00+00:00,62799.0,time,1.6058777223825766,0.5375074488194023,0.6748002011060835,False
2024-05-13 13:30:00+00:00,NY,1,2024-05-13 16:41:00+00:00,63098.4,62835.75,63623.700000000004,2024-05-13 17:06:00+00:00,62835.75,stop,0.8359890667335123,-0.4962546118443597,-1.192190062821244,False
2024-05-14 00:00:00+00:00,Asia,-1,2024-05-14 01:47:00+00:00,62700.0,62899.8,62300.399999999994,2024-05-14 06:09:00+00:00,62300.399999999994,target,0.6352961376665721,0.5773205741626888,1.8117117117117145,False
2024-05-14 07:00:00+00:00,London,-1,2024-05-14 08:42:00+00:00,61797.9,61944.2,61505.30000000001,2024-05-14 10:17:00+00:00,61505.30000000001,target,0.4723606084185421,0.41347887225939917,1.7465568010936356,False
2024-05-15 00:00:00+00:00,Asia,1,2024-05-15 02:30:00+00:00,61774.7,61545.399999999994,62233.3,2024-05-15 06:59:00+00:00,61933.5,time,0.745140985353899,0.19706316663618428,0.5308991713911966,False
2024-05-15 13:30:00+00:00,NY,1,2024-05-15 15:42:00+00:00,64645.2,64266.6,65402.399999999994,2024-05-15 18:39:00+00:00,65402.399999999994,target,1.1782169898516448,1.1113166638822327,1.89755118858954,False
2024-05-16 00:00:00+00:00,Asia,-1,2024-05-16 01:53:00+00:00,65901.2,66272.6,65158.39999999998,2024-05-16 06:59:00+00:00,65933.6,time,1.1208251977438684,-0.10916450686786999,-0.19370145395801572,True
2024-05-16 07:00:00+00:00,London,1,2024-05-16 08:14:00+00:00,66232.8,66068.9,66560.60000000002,2024-05-16 08:26:00+00:00,66068.9,stop,0.4961487174752462,-0.32746047275671375,-1.3232839536302452,True
2024-05-16 13:30:00+00:00,NY,-1,2024-05-16 15:09:00+00:00,65714.5,66040.25,65063.0,2024-05-16 17:22:00+00:00,65063.0,target,0.9865195846472417,0.9314098106201828,1.8789602455871066,True
2024-05-17 00:00:00+00:00,Asia,-1,2024-05-17 01:30:00+00:00,65213.7,65346.7,64947.7,2024-05-17 01:38:00+00:00,65346.7,stop,0.40705957607652726,-0.28394487661334966,-1.392262857142857,False
2024-05-18 07:00:00+00:00,London,1,2024-05-18 10:26:00+00:00,67233.6,67016.3,67668.20000000001,2024-05-18 10:49:00+00:00,67016.3,stop,0.6484989472710456,-0.4032014944908541,-1.247523607915321,False
2024-05-18 13:30:00+00:00,NY,-1,2024-05-18 14:52:00+00:00,66750.0,66887.7,66474.6,2024-05-18 16:14:00+00:00,66887.7,stop,0.4117348929623745,-0.2862921348314563,-1.3877995642701606,False
2024-05-19 07:00:00+00:00,London,1,2024-05-19 10:49:00+00:00,67313.8,67130.65,67680.10000000002,2024-05-19 11:01:00+00:00,67130.65,stop,0.5456523957387616,-0.35208388175977096,-1.2940269724269584,False
2024-05-19 13:30:00+00:00,NY,-1,2024-05-19 16:55:00+00:00,66619.4,66884.65,66088.9,2024-05-19 19:11:00+00:00,66088.9,target,0.7931565762846932,0.736314587042213,1.8493057869934024,False
2024-05-20 00:00:00+00:00,Asia,-1,2024-05-20 01:35:00+00:00,66116.7,66289.85,65770.39999999998,2024-05-20 01:41:00+00:00,66289.85,stop,0.5224027509490561,-0.3418854238036816,-1.3054771007796553,False
2024-05-20 07:00:00+00:00,London,1,2024-05-20 08:11:00+00:00,66878.0,66596.35,67441.29999999999,2024-05-20 13:29:00+00:00,66960.0,time,0.8458421520098366,0.06261132210891475,0.14867104562400452,False
2024-05-20 13:30:00+00:00,NY,1,2024-05-20 15:30:00+00:00,67157.4,66943.7,67584.79999999999,2024-05-20 16:01:00+00:00,67584.79999999999,target,0.6384469337667237,0.5764153466334228,1.8114438933083736,False
2024-05-21 00:00:00+00:00,Asia,-1,2024-05-21 01:17:00+00:00,71136.0,71634.4,70139.20000000001,2024-05-21 06:59:00+00:00,71249.3,time,1.3915102241381279,-0.21927237966712063,-0.31296468699840435,True
2024-05-21 07:00:00+00:00,London,1,2024-05-21 10:15:00+00:00,71280.3,71100.75,71639.40000000001,2024-05-21 10:31:00+00:00,71100.75,stop,0.5050579635235997,-0.33189287923872784,-1.3175953216374217,True
2024-05-21 13:30:00+00:00,NY,-1,2024-05-21 15:01:00+00:00,70350.0,70826.5,69397.0,2024-05-21 19:27:00+00:00,69397.0,target,1.345541569892625,1.2946552949538024,1.9114165792235047,True
2024-05-22 00:00:00+00:00,Asia,-1,2024-05-22 01:05:00+00:00,70068.4,70188.15,69828.9,2024-05-22 01:13:00+00:00,70188.15,stop,0.3412256912313546,-0.2509044305278842,-1.4680978705636742,True
2024-05-22 07:00:00+00:00,London,1,2024-05-22 08:15:00+00:00,69958.7,69795.35,70285.39999999998,2024-05-22 11:03:00+00:00,70285.39999999998,target,0.4680827590949785,0.40698980970198495,1.7430350780532462,True
2024-05-22 13:30:00+00:00,NY,1,2024-05-22 15:08:00+00:00,70099.6,69783.15,70732.50000000003,2024-05-22 17:42:00+00:00,69783.15,stop,0.9069524663188876,-0.5314291094385868,-1.1772149786696093,True
2024-05-24 00:00:00+00:00,Asia,1,2024-05-24 03:05:00+00:00,68035.0,67843.35,68418.29999999999,2024-05-24 03:51:00+00:00,67843.35,stop,0.5649779971065739,-0.36169324612331033,-1.2839968692929906,True
2024-05-24 07:00:00+00:00,London,-1,2024-05-24 08:34:00+00:00,66850.1,67098.6,66353.1,2024-05-24 08:41:00+00:00,67098.6,stop,0.7407009982324518,-0.4517271926294799,-1.2152115895372233,True
2024-05-24 13:30:00+00:00,NY,1,2024-05-24 16:21:00+00:00,67964.7,67458.65,68976.8,2024-05-24 18:02:00+00:00,68976.8,target,1.5003264963055019,1.4291553997884283,1.919417409346903,True
2024-05-26 07:00:00+00:00,London,1,2024-05-26 08:15:00+00:00,69468.9,69291.7,69823.29999999999,2024-05-26 08:26:00+00:00,69291.7,stop,0.511460968629712,-0.3350781716710602,-1.3136293453724657,False
2024-05-26 13:30:00+00:00,NY,1,2024-05-26 15:17:00+00:00,69230.8,69096.9,69498.60000000002,2024-05-26 15:46:00+00:00,69096.9,stop,0.3875716566155688,-0.27341102515066806,-1.4136268857355965,False
2024-05-27 00:00:00+00:00,Asia,1,2024-05-27 03:53:00+00:00,68851.6,68670.85,69213.1,2024-05-27 05:25:00+00:00,68670.85,stop,0.5264242396883102,-0.34252113240650905,-1.3047373720608575,False
2024-05-27 07:00:00+00:00,London,1,2024-05-27 08:35:00+00:00,68742.8,68551.1,69126.2,2024-05-27 08:51:00+00:00,68551.1,stop,0.5592908064203327,-0.35886556846680245,-1.2868765779864415,False
2024-05-28 00:00:00+00:00,Asia,1,2024-05-28 01:38:00+00:00,69505.0,69314.35,69886.29999999999,2024-05-28 01:45:00+00:00,69314.35,stop,0.5501025400945156,-0.3542968131788996,-1.291654864935755,False
2024-05-28 07:00:00+00:00,London,-1,2024-05-28 08:05:00+00:00,67690.0,67871.2,67327.6,2024-05-28 08:09:00+00:00,67871.2,stop,0.5339525454095319,-0.34769094400945055,-1.2988520971302475,False
2024-05-29 00:00:00+00:00,Asia,1,2024-05-29 01:51:00+00:00,68648.0,68475.4,68993.20000000001,2024-05-29 06:59:00+00:00,68552.5,time,0.5041226484255618,-0.19911548770539567,-0.791939745075292,False
2024-05-29 07:00:00+00:00,London,-1,2024-05-29 08:27:00+00:00,67975.5,68279.3,67367.9,2024-05-29 13:14:00+00:00,68279.3,stop,0.8898743835979658,-0.5269257305941154,-1.1790006583278454,False
2024-05-29 13:30:00+00:00,NY,-1,2024-05-29 15:18:00+00:00,67620.3,67813.95000000001,67232.99999999999,2024-05-29 15:22:00+00:00,67813.95000000001,stop,0.5711214285556332,-0.3663784987644372,-1.2793505809449912,False
2024-05-30 00:00:00+00:00,Asia,-1,2024-05-30 01:06:00+00:00,67580.0,67728.5,67283.0,2024-05-30 01:12:00+00:00,67728.5,stop,0.43851554367806755,-0.2997395679195028,-1.36406734006734,False
2024-05-30 07:00:00+00:00,London,-1,2024-05-30 08:40:00+00:00,67555.0,67823.8,67017.4,2024-05-30 10:35:00+00:00,67823.8,stop,0.7926421108814397,-0.4778980090296838,-1.2010565476190453,False
2024-05-30 13:30:00+00:00,NY,1,2024-05-30 17:17:00+00:00,68869.9,68482.5,69644.69999999998,2024-05-30 19:49:00+00:00,68482.5,stop,1.1313839302011293,-0.6425098918395326,-1.1422197212183811,False
2024-05-31 07:00:00+00:00,London,-1,2024-05-31 10:05:00+00:00,68124.0,68295.95,67780.1,2024-05-31 10:06:00+00:00,68295.95,stop,0.5035437679686631,-0.33240737478714855,-1.3169479499854662,False
2024-06-02 13:30:00+00:00,NY,1,2024-06-02 14:35:00+00:00,68450.0,68219.0,68912.0,2024-06-02 14:45:00+00:00,68219.0,stop,0.6772306835339128,-0.41747260774287803,-1.2370562770562772,False
2024-06-03 00:00:00+00:00,Asia,1,2024-06-03 01:05:00+00:00,67923.5,67783.05,68204.4,2024-06-03 01:12:00+00:00,68204.4,target,0.41441038725757273,0.3535534829624419,1.7098319686721193,False
2024-06-03 07:00:00+00:00,London,1,2024-06-03 08:49:00+00:00,69236.9,69041.04999999999,69628.6,2024-06-03 09:17:00+00:00,69041.04999999999,stop,0.5673436310716554,-0.36286939478804775,-1.2828160326780615,False
2024-06-03 13:30:00+00:00,NY,-1,2024-06-03 16:00:00+00:00,69666.0,70019.45,68959.1,2024-06-03 16:53:00+00:00,68959.1,target,1.0095766247806777,0.9546987052507595,1.8817382939595406,False
2024-06-04 00:00:00+00:00,Asia,1,2024-06-04 01:36:00+00:00,69135.3,68897.15,69611.60000000002,2024-06-04 06:01:00+00:00,68897.15,stop,0.6913203231193206,-0.4244694678406092,-1.2322411925257104,True
2024-06-05 00:00:00+00:00,Asia,1,2024-06-05 01:31:00+00:00,70954.1,70708.45000000001,71445.4,2024-06-05 02:13:00+00:00,70708.45000000001,stop,0.6948250173777007,-0.42620973277089574,-1.231073804192963,True
2024-06-05 07:00:00+00:00,London,-1,2024-06-05 09:22:00+00:00,71071.3,71250.65,70712.60000000002,2024-06-05 12:26:00+00:00,70712.60000000002,target,0.5034340037599616,0.4447044306210559,1.762237078338433,True
2024-06-06 00:00:00+00:00,Asia,-1,2024-06-06 01:11:00+00:00,70982.6,71101.70000000001,70744.4,2024-06-06 01:24:00+00:00,71101.70000000001,stop,0.3350130868882137,-0.24778759865094513,-1.4767932829554762,False
2024-06-06 07:00:00+00:00,London,1,2024-06-06 09:10:00+00:00,71128.4,71011.79999999999,71361.6,2024-06-06 09:20:00+00:00,71011.79999999999,stop,0.32839612571431387,-0.243928894787463,-1.4880164665522913,False
2024-06-06 13:30:00+00:00,NY,1,2024-06-06 15:30:00+00:00,71600.0,71327.5,72145.0,2024-06-06 15:54:00+00:00,71327.5,stop,0.7640811748624303,-0.46058659217877096,-1.2102018348623853,False
2024-06-07 07:00:00+00:00,London,-1,2024-06-07 08:11:00+00:00,71106.0,71231.0,70856.0,2024-06-07 08:28:00+00:00,71231.0,stop,0.35097078519184066,-0.2557938851854977,-1.4550784,False
2024-06-07 13:30:00+00:00,NY,-1,2024-06-07 16:18:00+00:00,71205.9,71452.45,70712.79999999999,2024-06-07 17:13:00+00:00,70712.79999999999,target,0.6901092964622009,0.6324987957458664,1.8267145001014014,False
2024-06-08 13:30:00+00:00,NY,1,2024-06-08 15:05:00+00:00,69477.0,69334.65,69761.70000000001,2024-06-08 16:23:00+00:00,69334.65,stop,0.41061720222139597,-0.28488794852973764,-1.3904573234984035,True
2024-06-09 13:30:00+00:00,NY,1,2024-06-09 15:20:00+00:00,69570.9,69429.2,69854.29999999999,2024-06-09 18:28:00+00:00,69854.29999999999,target,0.40818560490398015,0.34735422425179807,1.7054160903316806,False
2024-06-10 00:00:00+00:00,Asia,1,2024-06-10 01:46:00+00:00,69684.9,69567.5,69919.69999999998,2024-06-10 04:16:00+00:00,69567.5,stop,0.3375139253243086,-0.24847265332947907,-1.4748545144804321,False
2024-06-10 13:30:00+00:00,NY,1,2024-06-10 14:42:00+00:00,69548.7,69401.9,69842.3,2024-06-10 15:17:00+00:00,69842.3,target,0.42304317316959805,0.36215023429626414,1.7157410081743927,False
2024-06-11 07:00:00+00:00,London,-1,2024-06-11 08:31:00+00:00,67531.8,67701.9,67191.60000000002,2024-06-11 09:40:00+00:00,67191.60000000002,target,0.502496975712642,0.4437626718079224,1.7617925925925804,False
2024-06-11 13:30:00+00:00,NY,-1,2024-06-11 16:05:00+00:00,66523.3,66892.0,65785.90000000001,2024-06-11 18:16:00+00:00,66892.0,stop,1.1023739759612423,-0.6342418971999241,-1.1443413072959057,False
2024-06-12 00:00:00+00:00,Asia,-1,2024-06-12 01:59:00+00:00,67200.0,67324.0,66952.0,2024-06-12 02:07:00+00:00,67324.0,stop,0.3683678925791694,-0.26452380952380955,-1.4335483870967742,True
2024-06-12 07:00:00+00:00,London,1,2024-06-12 08:12:00+00:00,67492.9,67367.54999999999,67743.6,2024-06-12 09:02:00+00:00,67367.54999999999,stop,0.37213762412318263,-0.2657232390370036,-1.4307484642999402,True
2024-06-12 13:30:00+00:00,NY,1,2024-06-12 14:35:00+00:00,69963.0,69534.5,70820.0,2024-06-12 16:23:00+00:00,69534.5,stop,1.2324817177084757,-0.6924665894830125,-1.1306193698949825,True
2024-06-13 00:00:00+00:00,Asia,-1,2024-06-13 02:01:00+00:00,68002.5,68201.25,67605.0,2024-06-13 03:21:00+00:00,67605.0,target,0.582833892340683,0.5245373331862799,1.7947094339622642,True
2024-06-13 07:00:00+00:00,London,1,2024-06-13 08:10:00+00:00,67728.4,67564.2,68056.79999999999,2024-06-13 08:34:00+00:00,67564.2,stop,0.4860562250422475,-0.32243891779518946,-1.3299800243605417,True
2024-06-14 00:00:00+00:00,Asia,-1,2024-06-14 01:10:00+00:00,66608.9,66756.45,66313.79999999999,2024-06-14 01:15:00+00:00,66756.45,stop,0.4420546628827714,-0.301516944432355,-1.3611461877329647,False
2024-06-14 07:00:00+00:00,London,1,2024-06-14 08:26:00+00:00,67097.9,66994.0,67305.69999999998,2024-06-14 09:32:00+00:00,66994.0,stop,0.31017703077885833,-0.23484836336158682,-1.516634456207921,False
2024-06-16 13:30:00+00:00,NY,-1,2024-06-16 15:00:00+00:00,66516.9,66647.5,66255.69999999998,2024-06-16 15:20:00+00:00,66647.5,stop,0.39191267489404946,-0.27634108023676063,-1.407454211332294,False
2024-06-17 07:00:00+00:00,London,-1,2024-06-17 09:55:00+00:00,65907.5,66128.05,65466.399999999994,2024-06-17 13:06:00+00:00,65466.399999999994,target,0.6670391762648464,0.6092713272389422,1.820700521423716,False
2024-06-17 13:30:00+00:00,NY,1,2024-06-17 14:46:00+00:00,65699.5,65397.2,66304.1,2024-06-17 14:55:00+00:00,65397.2,stop,0.9245044130329717,-0.5401252673155853,-1.1738656963281493,False
2024-06-18 00:00:00+00:00,Asia,-1,2024-06-18 01:25:00+00:00,65431.0,65994.95,64303.100000000006,2024-06-18 06:59:00+00:00,65469.9,time,1.7090701637019108,-0.11945194174015597,-0.13859136448267018,False
2024-06-18 07:00:00+00:00,London,-1,2024-06-18 10:01:00+00:00,65460.7,65620.35,65141.39999999998,2024-06-18 11:35:00+00:00,65141.39999999998,target,0.48658685910697347,0.42777358017866823,1.7539842154713572,False
2024-06-18 13:30:00+00:00,NY,1,2024-06-18 14:44:00+00:00,65177.5,64738.75,66055.0,2024-06-18 14:55:00+00:00,64738.75,stop,1.3554478577359002,-0.7531617506041196,-1.1188421652421654,False
2024-06-19 00:00:00+00:00,Asia,1,2024-06-19 01:24:00+00:00,65215.0,65024.8,65595.4,2024-06-19 01:31:00+00:00,65024.8,stop,0.5850075663439203,-0.37165069385877036,-1.2743007360673018,True
2024-06-19 07:00:00+00:00,London,-1,2024-06-19 08:45:00+00:00,65143.0,65384.2,64660.600000000006,2024-06-19 10:58:00+00:00,65384.2,stop,0.7377929224491455,-0.45026234591590364,-1.2160630182421253,True
2024-06-19 13:30:00+00:00,NY,-1,2024-06-19 15:55:00+00:00,64821.1,64992.55,64478.19999999999,2024-06-19 16:28:00+00:00,64992.55,stop,0.5275989324930341,-0.3444972084707053,-1.3024606590842733,True
2024-06-20 00:00:00+00:00,Asia,1,2024-06-20 01:11:00+00:00,65070.8,64937.75,65336.90000000001,2024-06-20 01:32:00+00:00,65336.90000000001,target,0.409777055718755,0.34893918624022724,1.706557835400232,False
2024-06-20 13:30:00+00:00,NY,-1,2024-06-20 16:05:00+00:00,64625.2,65045.6,63784.399999999994,2024-06-20 18:05:00+00:00,65045.6,stop,1.2926316307329055,-0.7305202304983218,-1.1229784966698377,False
2024-06-21 00:00:00+00:00,Asia,1,2024-06-21 01:35:00+00:00,64921.4,64760.75,65242.700000000004,2024-06-21 02:37:00+00:00,64760.75,stop,0.4961338465042528,-0.32745307402490004,-1.3232936196700873,False
2024-06-21 07:00:00+00:00,London,-1,2024-06-21 08:43:00+00:00,64167.1,64441.5,63618.299999999996,2024-06-21 08:49:00+00:00,63618.299999999996,target,0.8516251173545044,0.7952669514439688,1.8596929300291554,False
2024-06-21 13:30:00+00:00,NY,1,2024-06-21 14:40:00+00:00,64108.3,63734.75,64855.40000000001,2024-06-21 15:35:00+00:00,63734.75,stop,1.1722019777280146,-0.6626858612691381,-1.1372952482934,False
2024-06-22 00:00:00+00:00,Asia,1,2024-06-22 01:57:00+00:00,64162.6,64039.2,64409.4,2024-06-22 06:04:00+00:00,64409.4,target,0.3853889492685662,0.3246477542992381,1.6880262560777997,False
2024-06-22 07:00:00+00:00,London,-1,2024-06-22 09:21:00+00:00,64290.0,64405.0,64060.0,2024-06-22 13:29:00+00:00,64270.8,time,0.3571151308128251,-0.030135324311717074,-0.16846956521741657,False
2024-06-24 00:00:00+00:00,Asia,-1,2024-06-24 03:00:00+00:00,62882.0,63094.35,62457.3,2024-06-24 05:36:00+00:00,62457.3,target,0.6731189084284046,0.6153920040711127,1.8223254061690592,False
2024-06-24 07:00:00+00:00,London,1,2024-06-24 08:55:00+00:00,62576.3,62367.350000000006,62994.2,2024-06-24 09:22:00+00:00,62367.350000000006,stop,0.6700621398856956,-0.41391235979116225,-1.2395838238813146,False
2024-06-24 13:30:00+00:00,NY,-1,2024-06-24 14:57:00+00:00,61213.1,61445.05,60749.19999999999,2024-06-24 15:55:00+00:00,60749.19999999999,target,0.7549835177935431,0.6978443176379056,1.8416561327872416,False
2024-06-25 00:00:00+00:00,Asia,1,2024-06-25 03:00:00+00:00,60628.0,60429.25,61025.5,2024-06-25 03:06:00+00:00,61025.5,target,0.6577940318637083,0.5956376591673814,1.8169720754716983,True
2024-06-25 07:00:00+00:00,London,1,2024-06-25 10:12:00+00:00,61232.0,60916.25,61863.5,2024-06-25 13:29:00+00:00,61236.6,time,1.036669197463731,-0.052487588189184496,-0.10178685669042424,True
2024-06-26 07:00:00+00:00,London,-1,2024-06-26 08:23:00+00:00,61510.0,61646.6,61236.8,2024-06-26 10:17:00+00:00,61236.8,target,0.44317123734317393,0.384155421882616,1.7298243045387967,True
2024-06-26 13:30:00+00:00,NY,-1,2024-06-26 16:08:00+00:00,61471.6,61715.5,60983.799999999996,2024-06-26 17:03:00+00:00,60983.799999999996,target,0.7904011147928849,0.7335371781440583,1.8487783517835188,True
2024-06-27 00:00:00+00:00,Asia,1,2024-06-27 01:25:00+00:00,61047.2,60899.7,61342.2,2024-06-27 02:05:00+00:00,60899.7,stop,0.4844030430363368,-0.3216163231073661,-1.3311034576271186,False
2024-06-28 00:00:00+00:00,Asia,1,2024-06-28 02:32:00+00:00,61707.0,61582.55,61955.899999999994,2024-06-28 02:48:00+00:00,61582.55,stop,0.40417293535263066,-0.28167890190739636,-1.3966701486540871,False
2024-06-28 13:30:00+00:00,NY,-1,2024-06-28 15:29:00+00:00,61000.0,61416.0,60168.0,2024-06-28 19:17:00+00:00,60168.0,target,1.3546958447310147,1.3039344262295083,1.9120192307692307,False
2024-06-29 00:00:00+00:00,Asia,1,2024-06-29 02:10:00+00:00,60820.0,60610.05,61239.899999999994,2024-06-29 06:59:00+00:00,60838.0,time,0.6927893971379357,-0.030404472213087792,-0.08807811383662897,False
2024-06-29 13:30:00+00:00,NY,-1,2024-06-29 16:22:00+00:00,60961.8,61075.2,60735.000000000015,2024-06-29 19:11:00+00:00,61075.2,stop,0.3713454888399803,-0.2660181293859338,-1.4300656084656305,False
2024-06-30 13:30:00+00:00,NY,-1,2024-06-30 14:45:00+00:00,61555.5,61713.65,61239.2,2024-06-30 15:37:00+00:00,61713.65,stop,0.5125284276655212,-0.3369226145510985,-1.3113778058804904,False
2024-07-01 13:30:00+00:00,NY,1,2024-07-01 16:03:00+00:00,63074.5,62788.35,63646.8,2024-07-01 17:52:00+00:00,63646.8,target,0.9114748197715069,0.8473397331726813,1.867745238511271,True
2024-07-02 00:00:00+00:00,Asia,1,2024-07-02 02:38:00+00:00,62975.3,62870.5,63184.90000000001,2024-07-02 03:32:00+00:00,63184.90000000001,target,0.3333837014180034,0.2728289027602978,1.6394543893129871,False
2024-07-02 07:00:00+00:00,London,-1,2024-07-02 08:05:00+00:00,62566.0,62715.3,62267.399999999994,2024-07-02 08:20:00+00:00,62715.3,stop,0.4761198622983523,-0.3186280088226879,-1.3352498325519024,False
2024-07-03 00:00:00+00:00,Asia,-1,2024-07-03 01:21:00+00:00,62075.8,62177.0,61873.40000000001,2024-07-03 01:22:00+00:00,62177.0,stop,0.32552229924247583,-0.24302649341610916,-1.4907177865612788,False
2024-07-03 07:00:00+00:00,London,-1,2024-07-03 08:12:00+00:00,60832.9,60928.7,60641.30000000001,2024-07-03 08:19:00+00:00,60928.7,stop,0.31446592492536124,-0.23748057383421736,-1.5079991649269542,False
2024-07-03 13:30:00+00:00,NY,-1,2024-07-03 14:45:00+00:00,60289.3,60494.65,59878.600000000006,2024-07-03 16:22:00+00:00,60494.65,stop,0.6789030104314961,-0.42060770319111107,-1.2348743121499894,False
2024-07-04 00:00:00+00:00,Asia,-1,2024-07-04 01:21:00+00:00,60207.9,60341.45,59940.80000000001,2024-07-04 01:34:00+00:00,59940.80000000001,target,0.44264763276321434,0.3836294904821316,1.729504005990257,True
2024-07-04 07:00:00+00:00,London,-1,2024-07-04 08:31:00+00:00,58086.4,58465.55,57328.1,2024-07-04 08:40:00+00:00,57328.1,target,1.2970031069578507,1.245469094314681,1.9080790188579722,True
2024-07-04 13:30:00+00:00,NY,1,2024-07-04 15:10:00+00:00,57525.7,57137.85,58301.399999999994,2024-07-04 15:54:00+00:00,58301.399999999994,target,1.3575939591706672,1.28844078385834,1.9110083279618406,True
2024-07-05 07:00:00+00:00,London,-1,2024-07-05 09:10:00+00:00,53947.3,54190.100000000006,53461.7,2024-07-05 09:22:00+00:00,54190.100000000006,stop,0.8961046390392312,-0.5300688635019787,-1.1777505766062581,True
2024-07-06 00:00:00+00:00,Asia,-1,2024-07-06 01:46:00+00:00,56328.1,56651.55,55681.19999999999,2024-07-06 06:59:00+00:00,56388.2,time,1.1418928520049343,-0.16669630255591533,-0.29029791312412206,True
2024-07-06 07:00:00+00:00,London,1,2024-07-06 10:28:00+00:00,56660.0,56515.5,56949.0,2024-07-06 12:47:00+00:00,56515.5,stop,0.5113641390415019,-0.33503000352982704,-1.3136885813148789,True
2024-07-07 00:00:00+00:00,Asia,-1,2024-07-07 01:10:00+00:00,57889.7,58083.3,57502.499999999985,2024-07-07 01:53:00+00:00,58083.3,stop,0.6666287900308769,-0.4144290953313039,-1.2392136363636292,True
2024-07-07 07:00:00+00:00,London,1,2024-07-07 09:30:00+00:00,57678.5,57360.1,58315.3,2024-07-07 11:17:00+00:00,57360.1,stop,1.110179375558974,-0.6320254514247102,-1.1449208542713563,True
2024-07-07 13:30:00+00:00,NY,1,2024-07-07 16:52:00+00:00,57009.1,56782.1,57463.1,2024-07-07 17:31:00+00:00,56782.1,stop,0.7995477447998577,-0.47818204462094643,-1.2009131277533038,True
2024-07-08 00:00:00+00:00,Asia,-1,2024-07-08 02:02:00+00:00,55005.0,55502.0,54011.0,2024-07-08 04:46:00+00:00,55502.0,stop,1.7909264531007891,-0.9835542223434234,-1.088539235412475,True
2024-07-08 13:30:00+00:00,NY,-1,2024-07-08 14:38:00+00:00,55590.6,56475.3,53821.19999999999,2024-07-08 15:11:00+00:00,56475.3,stop,3.1330510860500103,-1.6714561094861438,-1.0502684299762628,True
2024-07-09 00:00:00+00:00,Asia,1,2024-07-09 01:10:00+00:00,56747.2,56501.7,57238.2,2024-07-09 01:16:00+00:00,57238.2,target,0.8690004017578233,0.8052409281867653,1.8613103054989817,True
2024-07-09 07:00:00+00:00,London,1,2024-07-09 09:11:00+00:00,57528.9,57264.45,58057.80000000001,2024-07-09 11:10:00+00:00,57264.45,stop,0.923609674064802,-0.539682003306172,-1.1740333522404964,True
2024-07-10 00:00:00+00:00,Asia,1,2024-07-10 03:40:00+00:00,58023.2,57712.1,58645.399999999994,2024-07-10 04:07:00+00:00,58645.399999999994,target,1.078110136349218,1.0123296888141244,1.8880941176470583,False
2024-07-10 07:00:00+00:00,London,-1,2024-07-10 08:08:00+00:00,58820.0,59039.2,58381.600000000006,2024-07-10 09:33:00+00:00,58381.600000000006,target,0.7425574872288268,0.6853247194831591,1.8389963503649613,False
2024-07-11 00:00:00+00:00,Asia,1,2024-07-11 03:06:00+00:00,57707.5,57528.75,58065.0,2024-07-11 03:18:00+00:00,57528.75,stop,0.6214284162266692,-0.38975176536845296,-1.2582713286713287,True
2024-07-11 07:00:00+00:00,London,1,2024-07-11 08:10:00+00:00,58288.6,58097.25,58671.299999999996,2024-07-11 08:24:00+00:00,58097.25,stop,0.658723089302845,-0.40828031553339517,-1.2436941729814495,True
2024-07-11 13:30:00+00:00,NY,-1,2024-07-11 16:12:00+00:00,57501.1,58214.149999999994,56075.00000000001,2024-07-11 23:59:00+00:00,57315.5,time,2.449748042357397,0.2627764338421327,0.21190567281396744,True
2024-07-12 00:00:00+00:00,Asia,-1,2024-07-12 02:18:00+00:00,57122.9,57338.65,56691.4,2024-07-12 02:24:00+00:00,57338.65,stop,0.7525464935083054,-0.45769440977261305,-1.2118114484356892,True
2024-07-12 07:00:00+00:00,London,1,2024-07-12 09:00:00+00:00,57286.3,57045.65,57767.600000000006,2024-07-12 09:35:00+00:00,57045.65,stop,0.8437102566102812,-0.5000829866826824,-1.1904385622273,True
2024-07-12 13:30:00+00:00,NY,1,2024-07-12 15:34:00+00:00,57978.7,57717.3,58501.499999999985,2024-07-12 19:32:00+00:00,57717.3,stop,0.905794276586042,-0.5308552278681553,-1.1774405508798815,True
2024-07-13 13:30:00+00:00,NY,1,2024-07-13 15:00:00+00:00,58779.6,58614.8,59109.19999999999,2024-07-13 16:31:00+00:00,58614.8,stop,0.5623153196803512,-0.3603693798528667,-1.2853378640776774,False
2024-07-14 00:00:00+00:00,Asia,1,2024-07-14 01:05:00+00:00,59766.2,59465.1,60368.399999999994,2024-07-14 01:18:00+00:00,59465.1,stop,1.0126948411757435,-0.5837964602066027,-1.1587942876120898,False
2024-07-14 07:00:00+00:00,London,1,2024-07-14 08:07:00+00:00,60104.4,59949.7,60413.80000000001,2024-07-14 10:52:00+00:00,59949.7,stop,0.5160993299382675,-0.33738548259362766,-1.3108178409825382,False
2024-07-15 00:00:00+00:00,Asia,1,2024-07-15 01:32:00+00:00,61294.5,60958.55,61966.399999999994,2024-07-15 02:28:00+00:00,61966.399999999994,target,1.102224380337133,1.0361831811989561,1.8905292454234253,True
2024-07-15 07:00:00+00:00,London,-1,2024-07-15 09:05:00+00:00,62716.7,62896.25,62357.59999999999,2024-07-15 11:18:00+00:00,62357.59999999999,target,0.5709402388854754,0.5125747687617586,1.790420384294072,True
2024-07-15 13:30:00+00:00,NY,1,2024-07-15 14:50:00+00:00,63039.2,62744.45,63628.7,2024-07-15 17:07:00+00:00,63628.7,target,0.9395253285350338,0.8751324255383951,1.8716759287531808,True
2024-07-16 07:00:00+00:00,London,-1,2024-07-16 08:22:00+00:00,62672.4,62988.0,62041.200000000004,2024-07-16 09:17:00+00:00,62988.0,stop,1.0020956372642362,-0.583570949891816,-1.1588653992395443,True
2024-07-17 00:00:00+00:00,Asia,1,2024-07-17 02:18:00+00:00,65584.3,65234.8,66283.3,2024-07-17 06:59:00+00:00,65540.4,time,1.071513977202352,-0.12693675163112011,-0.23819908440631965,True
2024-07-17 07:00:00+00:00,London,-1,2024-07-17 08:12:00+00:00,65167.6,65359.649999999994,64783.50000000001,2024-07-17 08:22:00+00:00,64783.50000000001,target,0.5876714456090242,0.5294033231237475,1.7964042697214222,True
2024-07-17 13:30:00+00:00,NY,1,2024-07-17 15:40:00+00:00,65300.0,64894.75,66110.5,2024-07-17 15:45:00+00:00,64894.75,stop,1.2489454077564057,-0.7005972434915773,-1.1289080814312151,True
2024-07-18 00:00:00+00:00,Asia,1,2024-07-18 01:20:00+00:00,64499.9,64185.55,65128.6,2024-07-18 02:02:00+00:00,65128.6,target,0.9795039537715332,0.9147301933801403,1.8768890090663268,True
2024-07-18 07:00:00+00:00,London,-1,2024-07-18 10:22:00+00:00,64623.0,64814.35,64240.3,2024-07-18 12:08:00+00:00,64814.35,stop,0.5904556629820358,-0.37610200702536023,-1.270177162268097,True
2024-07-19 00:00:00+00:00,Asia,-1,2024-07-19 01:05:00+00:00,63519.0,63759.05,63038.899999999994,2024-07-19 01:41:00+00:00,63759.05,stop,0.7529911440023,-0.45791841811112094,-1.2116858987710868,False
2024-07-19 07:00:00+00:00,London,-1,2024-07-19 08:10:00+00:00,63565.0,63874.9,62945.2,2024-07-19 08:36:00+00:00,63874.9,stop,0.9703342001318248,-0.5675324471013945,-1.1640916424653105,False
2024-07-20 07:00:00+00:00,London,-1,2024-07-20 08:05:00+00:00,66489.6,66609.3,66250.20000000001,2024-07-20 08:17:00+00:00,66609.3,stop,0.3594092716782704,-0.26002815477908886,-1.4443749373433692,True
2024-07-20 13:30:00+00:00,NY,1,2024-07-20 14:46:00+00:00,66622.5,66464.8,66937.9,2024-07-20 16:33:00+00:00,66937.9,target,0.47453689772630653,0.4134136365341952,1.746521876981606,True
2024-07-21 00:00:00+00:00,Asia,1,2024-07-21 01:55:00+00:00,67290.9,67104.65,67663.4,2024-07-21 04:25:00+00:00,67104.65,stop,0.5551031113343114,-0.35678333920336924,-1.2890347382550336,False
2024-07-21 07:00:00+00:00,London,1,2024-07-21 08:10:00+00:00,66796.9,66678.45,67033.79999999999,2024-07-21 10:08:00+00:00,67033.79999999999,target,0.35528720298686334,0.2946571772043227,1.661645082313204,False
2024-07-21 13:30:00+00:00,NY,1,2024-07-21 15:07:00+00:00,67149.8,66860.55,67728.3,2024-07-21 17:51:00+00:00,66860.55,stop,0.8652336841381053,-0.5107533306130473,-1.1857211408815904,False
2024-07-22 00:00:00+00:00,Asia,-1,2024-07-22 01:20:00+00:00,68001.4,68230.54999999999,67543.1,2024-07-22 05:47:00+00:00,67543.1,target,0.671693251776518,0.6139567126558988,1.8219470216015665,True
2024-07-22 07:00:00+00:00,London,-1,2024-07-22 09:06:00+00:00,67158.0,67271.8,66930.4,2024-07-22 09:16:00+00:00,67271.8,stop,0.3383289877779483,-0.2494511450609055,-1.4721124780316224,True
2024-07-22 13:30:00+00:00,NY,-1,2024-07-22 14:35:00+00:00,66817.9,67375.04999999999,65703.6,2024-07-22 17:37:00+00:00,67375.04999999999,stop,1.6538763236539387,-0.9138334488213402,-1.0959424212510107,True
2024-07-23 00:00:00+00:00,Asia,-1,2024-07-23 01:15:00+00:00,67414.6,67571.95000000001,67099.9,2024-07-23 02:31:00+00:00,67571.95000000001,stop,0.46572579302506,-0.3134064134475408,-1.3427497934540706,False
2024-07-23 13:30:00+00:00,NY,1,2024-07-23 14:35:00+00:00,66950.0,66435.85,67978.29999999999,2024-07-23 15:29:00+00:00,66435.85,stop,1.5478089013687681,-0.8479611650485349,-1.104171934260431,False
2024-07-24 00:00:00+00:00,Asia,-1,2024-07-24 02:53:00+00:00,65750.9,65943.2,65366.29999999999,2024-07-24 03:18:00+00:00,65943.2,stop,0.5832292033143764,-0.372467479532604,-1.2735346853874112,True
2024-07-24 13:30:00+00:00,NY,1,2024-07-24 14:38:00+00:00,66880.0,66568.6,67502.79999999999,2024-07-24 15:07:00+00:00,66568.6,stop,0.9355762326382151,-0.5456100478468812,-1.1718175979447687,True
2024-07-25 07:00:00+00:00,London,-1,2024-07-25 08:10:00+00:00,64051.2,64214.6,63724.399999999994,2024-07-25 08:41:00+00:00,64214.6,stop,0.5089185325455627,-0.3351084132693868,-1.3135921664626655,False
2024-07-26 00:00:00+00:00,Asia,1,2024-07-26 01:11:00+00:00,66437.5,66062.85,67186.79999999999,2024-07-26 02:56:00+00:00,67186.79999999999,target,1.1342229407299305,1.0678269049858715,1.8936006939810475,True
2024-07-26 07:00:00+00:00,London,1,2024-07-26 10:19:00+00:00,67168.2,67017.0,67470.59999999999,2024-07-26 13:29:00+00:00,67389.3,time,0.4512287926943823,0.26917362680555057,1.1957611111111726,True
2024-07-26 13:30:00+00:00,NY,-1,2024-07-26 14:51:00+00:00,67188.0,67585.2,66393.6,2024-07-26 15:08:00+00:00,67585.2,stop,1.1754052662417132,-0.6711769958921192,-1.1353232628398802,True
2024-07-27 07:00:00+00:00,London,-1,2024-07-27 08:31:00+00:00,68004.3,68141.55,67729.8,2024-07-27 09:24:00+00:00,68141.55,stop,0.40283791607323277,-0.28182547280098463,-1.3963820765027322,True
2024-07-27 13:30:00+00:00,NY,-1,2024-07-27 15:37:00+00:00,68735.2,69058.45,68088.7,2024-07-27 19:01:00+00:00,68088.7,target,0.936163496284669,0.8805661145963058,1.8724172621809745,True
2024-07-28 00:00:00+00:00,Asia,1,2024-07-28 01:10:00+00:00,68057.9,67640.29999999999,68893.1,2024-07-28 04:48:00+00:00,67640.29999999999,stop,1.2347668475745928,-0.6935951888024842,-1.1303791187739445,True
2024-07-28 07:00:00+00:00,London,-1,2024-07-28 08:41:00+00:00,67277.7,67399.85,67033.39999999998,2024-07-28 09:02:00+00:00,67399.85,stop,0.3624637146818619,-0.26156090353862976,-1.4406234957019741,True
2024-07-28 13:30:00+00:00,NY,-1,2024-07-28 14:35:00+00:00,67701.1,67850.55,67402.20000000001,2024-07-28 14:46:00+00:00,67850.55,stop,0.4405270112032904,-0.3007497367103298,-1.3624013382402211,True
2024-07-29 00:00:00+00:00,Asia,1,2024-07-29 02:20:00+00:00,69100.0,68615.05,70069.9,2024-07-29 06:59:00+00:00,69553.1,time,1.413538283510679,0.5957163531114412,0.8488297762656116,False
2024-07-30 07:00:00+00:00,London,-1,2024-07-30 09:35:00+00:00,66733.1,66849.85,66499.6,2024-07-30 09:52:00+00:00,66499.6,target,0.3492902377492245,0.28990132333130036,1.6570461670235548,True
2024-07-30 13:30:00+00:00,NY,-1,2024-07-30 14:50:00+00:00,66075.6,66499.70000000001,65227.399999999994,2024-07-30 16:42:00+00:00,66499.70000000001,stop,1.2754944759149245,-0.7218405583907007,-1.1246415468049973,True
2024-07-31 07:00:00+00:00,London,-1,2024-07-31 08:05:00+00:00,66185.3,66342.5,65870.90000000001,2024-07-31 08:52:00+00:00,66342.5,stop,0.4739043599502494,-0.31751497689063446,-1.3368208651399553,False
2024-08-01 00:00:00+00:00,Asia,-1,2024-08-01 01:40:00+00:00,64320.0,64572.2,63815.600000000006,2024-08-01 03:08:00+00:00,63815.600000000006,target,0.7811411102610744,0.7242039800994934,1.8469785884218857,True
2024-08-01 07:00:00+00:00,London,1,2024-08-01 08:43:00+00:00,64468.6,64331.3,64743.19999999999,2024-08-01 10:05:00+00:00,64331.3,stop,0.42685286944302153,-0.2929718963960682,-1.3756364166059842,True
2024-08-01 13:30:00+00:00,NY,-1,2024-08-01 14:50:00+00:00,64110.5,64488.75,63354.0,2024-08-01 15:19:00+00:00,63354.0,target,1.173072822779167,1.119993916753106,1.8983045604758757,True
2024-08-02 07:00:00+00:00,London,-1,2024-08-02 08:18:00+00:00,64102.1,64300.05,63706.19999999999,2024-08-02 08:27:00+00:00,64300.05,stop,0.615707141751836,-0.3888042357426736,-1.259063803990901,True
2024-08-03 00:00:00+00:00,Asia,-1,2024-08-03 01:23:00+00:00,60882.4,61291.2,60064.80000000001,2024-08-03 01:58:00+00:00,61291.2,stop,1.33395985068003,-0.7514584181963845,-1.1191436399217234,True
2024-08-03 07:00:00+00:00,London,-1,2024-08-03 08:05:00+00:00,61589.6,61733.0,61302.799999999996,2024-08-03 10:09:00+00:00,61733.0,stop,0.4645813422318742,-0.31283151700936757,-1.343596094839606,True
2024-08-03 13:30:00+00:00,NY,1,2024-08-03 14:45:00+00:00,62090.3,61960.95,62349.000000000015,2024-08-03 14:56:00+00:00,61960.95,stop,0.41752103542635216,-0.28832561607852725,-1.3840142249709917,True
2024-08-04 00:00:00+00:00,Asia,-1,2024-08-04 01:16:00+00:00,60571.2,60685.6,60342.399999999994,2024-08-04 01:37:00+00:00,60342.399999999994,target,0.37702519213784313,0.3177372744802859,1.6823188811188852,True
2024-08-04 07:00:00+00:00,London,-1,2024-08-04 08:13:00+00:00,60228.0,60514.7,59654.600000000006,2024-08-04 08:36:00+00:00,60514.7,stop,0.9475383667109007,-0.5560244404595821,-1.1680585978374625,True
2024-08-05 07:00:00+00:00,London,-1,2024-08-05 10:30:00+00:00,51327.5,52196.1,49590.3,2024-08-05 12:55:00+00:00,49590.3,target,3.32821800862516,3.324540451025273,1.9645446695832371,True
2024-08-05 13:30:00+00:00,NY,1,2024-08-05 14:45:00+00:00,53897.9,51748.95,58195.80000000001,2024-08-05 23:59:00+00:00,54003.1,time,8.305289286062813,0.1351838568849567,0.03390551664766371,True
2024-08-06 00:00:00+00:00,Asia,1,2024-08-06 01:06:00+00:00,56066.3,54995.8,58207.3,2024-08-06 06:59:00+00:00,55759.2,time,3.8930245582389924,-0.6077443669370117,-0.3182996543671236,True
2024-08-06 07:00:00+00:00,London,-1,2024-08-06 08:30:00+00:00,55413.3,55782.65,54674.600000000006,2024-08-06 08:47:00+00:00,54674.600000000006,target,1.3242468760447865,1.2730734679219555,1.9099824556653577,True
2024-08-06 13:30:00+00:00,NY,1,2024-08-06 16:15:00+00:00,56599.0,55496.2,58804.600000000006,2024-08-06 23:59:00+00:00,55991.2,time,3.9743261700801114,-1.1338705630841586,-0.5819363438520141,True
2024-08-07 07:00:00+00:00,London,1,2024-08-07 08:30:00+00:00,57063.9,56786.95,57617.80000000001,2024-08-07 09:41:00+00:00,57617.80000000001,target,0.9754001579588294,0.9106662180468014,1.8763735692363261,True
2024-08-07 13:30:00+00:00,NY,-1,2024-08-07 14:47:00+00:00,56150.0,56802.0,54846.0,2024-08-07 18:31:00+00:00,54846.0,target,2.295693813598113,2.262350845948353,1.9483282208588957,True
2024-08-08 00:00:00+00:00,Asia,1,2024-08-08 01:05:00+00:00,55339.6,55006.0,56006.799999999996,2024-08-08 01:43:00+00:00,56006.799999999996,target,1.2129585863360308,1.1456465894223975,1.9004683453237405,True
2024-08-08 07:00:00+00:00,London,-1,2024-08-08 09:13:00+00:00,57095.3,57247.25,56791.40000000001,2024-08-08 09:42:00+00:00,57247.25,stop,0.5308551939176016,-0.34613399001318335,-1.3006004606778603,True
2024-08-08 13:30:00+00:00,NY,1,2024-08-08 14:35:00+00:00,58230.3,57437.65,59815.600000000006,2024-08-08 16:11:00+00:00,59815.600000000006,target,2.7600363176418305,2.662465795299016,1.9559223112344668,True
2024-08-09 00:00:00+00:00,Asia,-1,2024-08-09 01:10:00+00:00,61061.0,61393.5,60396.0,2024-08-09 01:37:00+00:00,61393.5,stop,1.0831765577789179,-0.6245374297833315,-1.1469136842105263,True
2024-08-09 07:00:00+00:00,London,-1,2024-08-09 08:18:00+00:00,60721.9,60960.95,60243.80000000001,2024-08-09 08:31:00+00:00,60960.95,stop,0.7842725548076244,-0.473680039656196,-1.2032107090566866,True
2024-08-09 13:30:00+00:00,NY,-1,2024-08-09 14:40:00+00:00,59764.3,60427.0,58438.90000000001,2024-08-09 14:53:00+00:00,60427.0,stop,2.193390371853632,-1.188855955813081,-1.0721464312660332,True
2024-08-10 00:00:00+00:00,Asia,-1,2024-08-10 02:04:00+00:00,60454.0,60952.0,59458.0,2024-08-10 06:59:00+00:00,60427.5,time,1.6340727129544559,-0.01616501803023786,-0.019623293172690754,False
2024-08-10 07:00:00+00:00,London,1,2024-08-10 09:17:00+00:00,60823.7,60625.6,61219.899999999994,2024-08-10 10:26:00+00:00,60625.6,stop,0.653519305375942,-0.4056954114925572,-1.2456282685512383,False
2024-08-10 13:30:00+00:00,NY,1,2024-08-10 15:35:00+00:00,60678.8,60526.9,60982.600000000006,2024-08-10 15:58:00+00:00,60526.9,stop,0.5019255901095264,-0.3303345484749228,-1.3195723502304118,False
2024-08-11 00:00:00+00:00,Asia,1,2024-08-11 03:26:00+00:00,61217.0,61037.0,61577.0,2024-08-11 04:10:00+00:00,61037.0,stop,0.5898061831348199,-0.37403597040037895,-1.2720755555555556,False
2024-08-11 13:30:00+00:00,NY,-1,2024-08-11 15:16:00+00:00,60236.2,60415.6,59877.399999999994,2024-08-11 19:19:00+00:00,59877.399999999994,target,0.593886347234825,0.5356551044056612,1.7985411371237474,False
2024-08-12 13:30:00+00:00,NY,1,2024-08-12 14:35:00+00:00,59759.0,58766.5,61744.0,2024-08-12 18:47:00+00:00,58766.5,stop,3.377774752622668,-1.7408376980873175,-1.0481684634760704,True
2024-08-13 00:00:00+00:00,Asia,-1,2024-08-13 03:19:00+00:00,59240.6,59553.55,58614.69999999999,2024-08-13 06:59:00+00:00,59335.4,time,1.0509868849128245,-0.22002538799404955,-0.4165021888480623,True
2024-08-13 07:00:00+00:00,London,-1,2024-08-13 08:36:00+00:00,59028.7,59229.1,58627.899999999994,2024-08-13 10:23:00+00:00,58627.899999999994,target,0.6766943951537384,0.6189917446936879,1.8232673652694624,True
2024-08-14 07:00:00+00:00,London,-1,2024-08-14 08:20:00+00:00,60663.2,60787.1,60415.399999999994,2024-08-14 08:24:00+00:00,60787.1,stop,0.4076522814873598,-0.28424244022735606,-1.3916913640032238,True
2024-08-15 07:00:00+00:00,London,1,2024-08-15 08:27:00+00:00,58130.0,57904.8,58580.399999999994,2024-08-15 11:27:00+00:00,58580.399999999994,target,0.7778284356391896,0.7148150696714161,1.8451243339253978,True
2024-08-15 13:30:00+00:00,NY,1,2024-08-15 14:50:00+00:00,59650.0,59320.0,60310.0,2024-08-15 15:07:00+00:00,59320.0,stop,1.1126095751854348,-0.6332271584241408,-1.1446060606060606,True
2024-08-16 00:00:00+00:00,Asia,-1,2024-08-16 01:39:00+00:00,57326.5,57484.3,57010.899999999994,2024-08-16 01:57:00+00:00,57484.3,stop,0.5490194714034937,-0.35526536593024677,-1.290628643852973,True
2024-08-16 07:00:00+00:00,London,1,2024-08-16 08:10:00+00:00,58523.9,58401.600000000006,58768.49999999999,2024-08-16 08:21:00+00:00,58401.600000000006,stop,0.4188241418043316,-0.2889744531721154,-1.3828219133278958,True
2024-08-17 00:00:00+00:00,Asia,1,2024-08-17 01:53:00+00:00,59233.9,59001.65,59698.4,2024-08-17 03:27:00+00:00,59001.65,stop,0.7872661188288802,-0.4720896648709607,-1.2040349623250808,True
2024-08-17 07:00:00+00:00,London,1,2024-08-17 08:55:00+00:00,59238.0,59131.3,59451.399999999994,2024-08-17 10:24:00+00:00,59131.3,stop,0.3608917781276607,-0.26012086836151976,-1.4441462043111648,True
2024-08-17 13:30:00+00:00,NY,1,2024-08-17 15:05:00+00:00,59408.8,59306.0,59614.40000000001,2024-08-17 16:51:00+00:00,59614.40000000001,target,0.3466765588642057,0.28607667550936194,1.6532560311284146,True
2024-08-18 00:00:00+00:00,Asia,-1,2024-08-18 02:07:00+00:00,59385.6,59554.1,59048.6,2024-08-18 02:43:00+00:00,59554.1,stop,0.565872039036775,-0.3637388188382369,-1.2819494362017805,False
2024-08-18 13:30:00+00:00,NY,-1,2024-08-18 14:41:00+00:00,59784.1,59953.55,59445.19999999999,2024-08-18 17:25:00+00:00,59445.19999999999,target,0.5652709472583383,0.5068731318193446,1.7883124225435287,False
2024-08-19 00:00:00+00:00,Asia,1,2024-08-19 03:06:00+00:00,58673.2,58423.2,59173.2,2024-08-19 05:15:00+00:00,58423.2,stop,0.8558243985266127,-0.5060889128256172,-1.18775424,False
2024-08-19 07:00:00+00:00,London,-1,2024-08-19 08:07:00+00:00,58467.6,58596.2,58210.4,2024-08-19 08:28:00+00:00,58596.2,stop,0.438936313276295,-0.2999508787773032,-1.363717573872477,False
2024-08-20 00:00:00+00:00,Asia,1,2024-08-20 01:07:00+00:00,60663.8,59994.0,62003.40000000001,2024-08-20 06:59:00+00:00,60929.1,time,2.2328899556622424,0.37732835727401787,0.34174637205135067,False
2024-08-20 07:00:00+00:00,London,-1,2024-08-20 08:15:00+00:00,60766.5,60874.3,60550.899999999994,2024-08-20 09:12:00+00:00,60874.3,stop,0.3541724504429596,-0.2574003768523823,-1.4509573283858876,False
2024-08-20 13:30:00+00:00,NY,-1,2024-08-20 14:48:00+00:00,59770.4,60345.45,58620.30000000001,2024-08-20 16:10:00+00:00,58620.30000000001,target,1.9058603424118945,1.8641965922931607,1.9376363098860965,False
2024-08-21 00:00:00+00:00,Asia,-1,2024-08-21 01:25:00+00:00,58912.3,59081.15,58574.600000000006,2024-08-21 01:44:00+00:00,59081.15,stop,0.5715867074354462,-0.36661247311681694,-1.2791225347941984,True
2024-08-22 00:00:00+00:00,Asia,-1,2024-08-22 02:22:00+00:00,60764.9,60974.8,60345.1,2024-08-22 02:48:00+00:00,60345.1,target,0.6884811430295722,0.6308593612430908,1.8263032872796583,True
2024-08-22 07:00:00+00:00,London,1,2024-08-22 10:36:00+00:00,61128.8,60903.4,61579.600000000006,2024-08-22 12:33:00+00:00,60903.4,stop,0.7401885609013666,-0.4487296331680017,-1.2169611357586498,True
2024-08-22 13:30:00+00:00,NY,-1,2024-08-22 14:50:00+00:00,60373.3,60628.25,59863.40000000001,2024-08-22 15:03:00+00:00,60628.25,stop,0.8410270789607059,-0.5022893232604431,-1.1894435771719967,True
2024-08-23 07:00:00+00:00,London,1,2024-08-23 08:50:00+00:00,61237.3,61088.75,61534.40000000001,2024-08-23 09:42:00+00:00,61088.75,stop,0.48634159317387543,-0.3225809106541322,-1.3297868731066915,False
2024-08-23 13:30:00+00:00,NY,-1,2024-08-23 14:50:00+00:00,60845.4,61576.5,59383.200000000004,2024-08-23 15:36:00+00:00,61576.5,stop,2.374607195927013,-1.2815698803853677,-1.0665795650389824,False
2024-08-24 00:00:00+00:00,Asia,-1,2024-08-24 01:54:00+00:00,63810.0,63989.0,63452.0,2024-08-24 05:22:00+00:00,63989.0,stop,0.5594711591054713,-0.36052029462466695,-1.2851843575418995,True
2024-08-24 07:00:00+00:00,London,1,2024-08-24 09:02:00+00:00,64298.9,64159.2,64578.30000000001,2024-08-24 10:52:00+00:00,64159.2,stop,0.4354792453771267,-0.29726654732818814,-1.3682113099498812,True
2024-08-24 13:30:00+00:00,NY,-1,2024-08-24 15:30:00+00:00,63971.3,64096.65,63720.600000000006,2024-08-24 16:24:00+00:00,64096.65,stop,0.3911280854771616,-0.275947245092719,-1.4082731551655412,True
2024-08-25 00:00:00+00:00,Asia,-1,2024-08-25 03:29:00+00:00,64067.3,64308.15,63585.600000000006,2024-08-25 06:59:00+00:00,63967.0,time,0.7490496927683304,0.09655412355445431,0.25683877932324384,False
2024-08-25 13:30:00+00:00,NY,1,2024-08-25 14:42:00+00:00,64188.8,64067.3,64431.8,2024-08-25 15:34:00+00:00,64067.3,stop,0.3792886542744895,-0.26928535819332966,-1.422642304526749,False
2024-08-26 07:00:00+00:00,London,-1,2024-08-26 09:35:00+00:00,63541.9,63692.75,63240.200000000004,2024-08-26 09:38:00+00:00,63692.75,stop,0.4736802854327959,-0.3174024069157494,-1.336980576731856,False
2024-08-26 13:30:00+00:00,NY,-1,2024-08-26 14:40:00+00:00,63201.5,63528.25,62548.0,2024-08-26 15:49:00+00:00,63528.25,stop,1.0286762188475205,-0.5969972231671717,-1.1547397092578424,False
2024-08-27 00:00:00+00:00,Asia,1,2024-08-27 01:05:00+00:00,63028.0,62823.0,63438.0,2024-08-27 03:00:00+00:00,62823.0,stop,0.6526272225140474,-0.40525226883289966,-1.2459629268292682,False
2024-08-27 07:00:00+00:00,London,1,2024-08-27 08:05:00+00:00,62936.6,62836.399999999994,63137.00000000001,2024-08-27 08:12:00+00:00,62836.399999999994,stop,0.31892342654894534,-0.23920783772876886,-1.5024878243512754,False
2024-08-27 13:30:00+00:00,NY,-1,2024-08-27 15:05:00+00:00,61765.6,62125.399999999994,61046.00000000001,2024-08-27 19:10:00+00:00,62125.399999999994,stop,1.1583024012722634,-0.6625249005919083,-1.1373331851028365,False
2024-08-28 00:00:00+00:00,Asia,-1,2024-08-28 01:40:00+00:00,58955.0,59185.8,58493.399999999994,2024-08-28 01:51:00+00:00,59185.8,stop,0.779916804368613,-0.4714850309558188,-1.2043500866551102,True
2024-08-28 07:00:00+00:00,London,1,2024-08-28 09:13:00+00:00,59255.7,58865.45,60036.2,2024-08-28 09:57:00+00:00,60036.2,target,1.3259050937349497,1.2571728626950658,1.9088957847533632,True
2024-08-28 13:30:00+00:00,NY,-1,2024-08-28 14:54:00+00:00,59157.0,59568.5,58334.0,2024-08-28 16:15:00+00:00,58334.0,target,1.3816026926983223,1.3312132122994744,1.9137443499392466,True
2024-08-29 00:00:00+00:00,Asia,1,2024-08-29 01:10:00+00:00,59218.6,59053.649999999994,59548.50000000001,2024-08-29 01:15:00+00:00,59053.649999999994,stop,0.5586445545702958,-0.3585442411674784,-1.2872075174295166,False
2024-08-29 07:00:00+00:00,London,-1,2024-08-29 08:13:00+00:00,59470.0,59562.95,59284.100000000006,2024-08-29 09:01:00+00:00,59562.95,stop,0.3121067710716166,-0.23629729275264347,-1.51184507799894,False
2024-08-29 13:30:00+00:00,NY,1,2024-08-29 14:45:00+00:00,60834.4,60498.7,61505.80000000001,2024-08-29 16:34:00+00:00,60498.7,stop,1.109775912540272,-0.6318259405862545,-1.144973249925527,False
2024-08-30 00:00:00+00:00,Asia,-1,2024-08-30 01:35:00+00:00,59100.0,59284.0,58732.0,2024-08-30 02:06:00+00:00,59284.0,stop,0.6207408406990081,-0.39133671742808795,-1.2569565217391305,False
2024-08-30 07:00:00+00:00,London,1,2024-08-30 09:57:00+00:00,59558.0,59379.0,59916.0,2024-08-30 11:38:00+00:00,59379.0,stop,0.602906751545159,-0.38054736559320324,-1.266181005586592,False
2024-08-30 13:30:00+00:00,NY,-1,2024-08-30 14:45:00+00:00,58879.0,59349.5,57938.0,2024-08-30 15:30:00+00:00,57938.0,target,1.5855230456869898,1.5381929040914417,1.9249151965993625,False
2024-08-31 13:30:00+00:00,NY,-1,2024-08-31 17:18:00+00:00,58860.0,59026.4,58527.2,2024-08-31 18:03:00+00:00,59026.4,stop,0.5638155130585685,-0.36270472307169804,-1.2829807692307666,False
2024-09-01 00:00:00+00:00,Asia,-1,2024-09-01 01:15:00+00:00,58872.0,58962.35,58691.3,2024-09-01 02:07:00+00:00,58691.3,target,0.3064667537844015,0.24693708384290852,1.6090403984504642,False
2024-09-01 13:30:00+00:00,NY,1,2024-09-01 15:52:00+00:00,58191.0,57657.0,59259.0,2024-09-01 22:22:00+00:00,57657.0,stop,1.8523336281804463,-0.9976676805691602,-1.0871775280898877,False
2024-09-02 00:00:00+00:00,Asia,1,2024-09-02 02:20:00+00:00,57623.8,57358.4,58154.600000000006,2024-09-02 02:31:00+00:00,57358.4,stop,0.9254093559095143,-0.540573582443368,-1.1736964581763367,False
2024-09-02 07:00:00+00:00,London,1,2024-09-02 08:15:00+00:00,57767.3,57541.95,58218.000000000015,2024-09-02 08:31:00+00:00,58218.000000000015,target,0.7832546516063574,0.7201991784279543,1.846193121810521,False
2024-09-02 13:30:00+00:00,NY,1,2024-09-02 16:30:00+00:00,58410.0,58242.5,58745.0,2024-09-02 20:52:00+00:00,58745.0,target,0.5751813538223806,0.5135319294641328,1.7907701492537313,False
2024-09-03 00:00:00+00:00,Asia,1,2024-09-03 01:18:00+00:00,59229.6,59114.8,59459.19999999999,2024-09-03 02:03:00+00:00,59459.19999999999,target,0.3883968143341406,0.32764401582990815,1.6904376306620092,False
2024-09-03 07:00:00+00:00,London,-1,2024-09-03 09:21:00+00:00,58850.5,58981.25,58589.0,2024-09-03 10:19:00+00:00,58981.25,stop,0.4433612376814665,-0.30217313361823606,-1.3600795411089865,False
2024-09-03 13:30:00+00:00,NY,-1,2024-09-03 14:50:00+00:00,57740.2,58427.649999999994,56365.3,2024-09-03 23:59:00+00:00,57451.9,time,2.353166694193591,0.43930550985274675,0.36898084224306743,False
2024-09-05 07:00:00+00:00,London,-1,2024-09-05 09:27:00+00:00,56800.0,57011.05,56377.899999999994,2024-09-05 12:20:00+00:00,56377.899999999994,target,0.7403827854424686,0.6831338028169116,1.8385216773276498,True
2024-09-05 13:30:00+00:00,NY,-1,2024-09-05 14:55:00+00:00,56540.2,56920.1,55780.399999999994,2024-09-05 15:32:00+00:00,55780.399999999994,target,1.3348535930189915,1.2838226253179206,1.9107025006580682,True
2024-09-06 13:30:00+00:00,NY,-1,2024-09-06 14:58:00+00:00,54691.8,55769.55,52536.3,2024-09-06 21:00:00+00:00,52536.3,target,3.865012358894773,3.881175825260825,1.9695522338204592,True
2024-09-07 00:00:00+00:00,Asia,-1,2024-09-07 01:20:00+00:00,53858.0,53970.1,53633.8,2024-09-07 04:53:00+00:00,53970.1,stop,0.41541520212116917,-0.28813992350254103,-1.384356824264055,True
2024-09-07 07:00:00+00:00,London,1,2024-09-07 10:46:00+00:00,54369.7,54260.8,54587.499999999985,2024-09-07 11:47:00+00:00,54260.8,stop,0.40139474537787057,-0.28029538511338886,-1.3994101010101223,True
2024-09-07 13:30:00+00:00,NY,1,2024-09-07 15:25:00+00:00,54675.7,54519.55,54987.999999999985,2024-09-07 16:37:00+00:00,54519.55,stop,0.5728220427351209,-0.3655930513921069,-1.2801188600704554,True
2024-09-08 00:00:00+00:00,Asia,1,2024-09-08 01:46:00+00:00,54162.0,54049.5,54387.0,2024-09-08 02:22:00+00:00,54387.0,target,0.41628507201731746,0.3554204054503157,1.711136,False
2024-09-08 07:00:00+00:00,London,1,2024-09-08 09:05:00+00:00,54513.5,54390.65,54759.2,2024-09-08 12:26:00+00:00,54390.65,stop,0.4517320532113462,-0.30535702165518364,-1.3549922669922712,False
2024-09-08 13:30:00+00:00,NY,-1,2024-09-08 15:35:00+00:00,54010.5,54213.8,53603.899999999994,2024-09-08 16:02:00+00:00,53603.899999999994,target,0.7499935440791801,0.6928165819609258,1.8405986227250393,False
2024-09-09 00:00:00+00:00,Asia,1,2024-09-09 01:05:00+00:00,55177.2,54913.7,55704.2,2024-09-09 01:21:00+00:00,54913.7,stop,0.9596876553574062,-0.5575523223360375,-1.1675209108159394,False
2024-09-09 13:30:00+00:00,NY,-1,2024-09-09 14:35:00+00:00,55050.0,55412.45,54325.100000000006,2024-09-09 15:48:00+00:00,55412.45,stop,1.308189766018289,-0.7384014532243361,-1.1215064146778875,False
2024-09-10 00:00:00+00:00,Asia,-1,2024-09-10 03:45:00+00:00,56585.5,56813.7,56129.100000000006,2024-09-10 05:23:00+00:00,56813.7,stop,0.8033273664626691,-0.48328352669853075,-1.198371603856269,True
2024-09-10 07:00:00+00:00,London,1,2024-09-10 08:13:00+00:00,57266.6,57005.8,57788.19999999999,2024-09-10 08:58:00+00:00,57005.8,stop,0.914994614583075,-0.5354138014130325,-1.1756644171779171,True
2024-09-10 13:30:00+00:00,NY,1,2024-09-10 15:35:00+00:00,56995.2,56740.1,57505.399999999994,2024-09-10 15:50:00+00:00,56740.1,stop,0.8991876997044367,-0.5275815507270761,-1.1787383771070177,True
2024-09-11 00:00:00+00:00,Asia,1,2024-09-11 01:15:00+00:00,57664.4,57533.2,57926.80000000001,2024-09-11 01:21:00+00:00,57533.2,stop,0.45608448687019226,-0.3075233939831236,-1.3516121951219395,False
2024-09-11 07:00:00+00:00,London,-1,2024-09-11 09:02:00+00:00,56428.3,56585.15,56114.600000000006,2024-09-11 09:23:00+00:00,56585.15,stop,0.5543857354800633,-0.35796336235541126,-1.2878077143767959,False
2024-09-11 13:30:00+00:00,NY,-1,2024-09-11 14:50:00+00:00,55616.3,56211.95,54425.000000000015,2024-09-11 15:17:00+00:00,56211.95,stop,2.1193002555506357,-1.1509989697264906,-1.0746966171409393,False
2024-09-12 00:00:00+00:00,Asia,1,2024-09-12 01:35:00+00:00,57880.0,57581.55,58476.899999999994,2024-09-12 06:59:00+00:00,57920.0,time,1.0366167635292927,0.009108500345542505,0.01766460043558403,False
2024-09-12 07:00:00+00:00,London,1,2024-09-12 08:57:00+00:00,58144.0,57993.0,58446.0,2024-09-12 09:47:00+00:00,57993.0,stop,0.5207525046126257,-0.3397000550357732,-1.3080476821192053,False
2024-09-12 13:30:00+00:00,NY,1,2024-09-12 14:35:00+00:00,58250.0,57780.0,59190.0,2024-09-12 14:46:00+00:00,57780.0,stop,1.6268605053651783,-0.8868669527896996,-1.099148936170213,False
2024-09-13 00:00:00+00:00,Asia,-1,2024-09-13 01:32:00+00:00,57961.1,58088.25,57706.799999999996,2024-09-13 01:55:00+00:00,58088.25,stop,0.43778216765008915,-0.29937126797110725,-1.3646785686197362,False
2024-09-13 07:00:00+00:00,London,1,2024-09-13 10:32:00+00:00,58108.8,57921.4,58483.600000000006,2024-09-13 11:56:00+00:00,57921.4,stop,0.6470838066759487,-0.40249848559942975,-1.2480631803628583,False
2024-09-14 00:00:00+00:00,Asia,-1,2024-09-14 03:03:00+00:00,60339.5,60456.2,60106.100000000006,2024-09-14 05:21:00+00:00,60106.100000000006,target,0.3860646219907991,0.3268112927684091,1.6897712082262135,True
2024-09-14 07:00:00+00:00,London,-1,2024-09-14 08:40:00+00:00,59963.2,60062.1,59765.399999999994,2024-09-14 10:57:00+00:00,59765.399999999994,target,0.3293258144487171,0.2698689863116094,1.6362192113245757,True
2024-09-15 13:30:00+00:00,NY,1,2024-09-15 15:12:00+00:00,60200.0,60011.5,60577.0,2024-09-15 16:26:00+00:00,60011.5,stop,0.6282129258558776,-0.3931229235880398,-1.2554907161803712,False
2024-09-16 00:00:00+00:00,Asia,-1,2024-09-16 01:18:00+00:00,58575.8,58879.0,57969.40000000001,2024-09-16 06:59:00+00:00,58679.6,time,1.029908796005357,-0.23720628655519108,-0.4582634564643699,False
2024-09-16 07:00:00+00:00,London,1,2024-09-16 08:39:00+00:00,58935.0,58783.5,59238.0,2024-09-16 09:22:00+00:00,58783.5,stop,0.5154507642450687,-0.33706286586917794,-1.3112079207920793,False
2024-09-16 13:30:00+00:00,NY,-1,2024-09-16 15:11:00+00:00,57860.0,58196.8,57186.399999999994,2024-09-16 17:57:00+00:00,58196.8,stop,1.1574519561212961,-0.662094711372283,-1.1374346793349157,False
2024-09-17 07:00:00+00:00,London,1,2024-09-17 08:06:00+00:00,58688.0,58554.5,58955.0,2024-09-17 09:09:00+00:00,58955.0,target,0.4559854494530736,0.3949482006543076,1.7362337078651686,False
2024-09-18 13:30:00+00:00,NY,-1,2024-09-18 16:05:00+00:00,59261.9,59593.45,58598.80000000001,2024-09-18 16:16:00+00:00,59593.45,stop,1.1127061782796575,-0.6394656938100122,-1.1429935756296203,True
2024-09-19 00:00:00+00:00,Asia,-1,2024-09-19 01:35:00+00:00,61684.8,62119.9,60814.600000000006,2024-09-19 02:35:00+00:00,62119.9,stop,1.4008393445578584,-0.7853601535548442,-1.1134172374166862,True
2024-09-19 07:00:00+00:00,London,1,2024-09-19 08:20:00+00:00,62140.0,62023.25,62373.5,2024-09-19 08:27:00+00:00,62023.25,stop,0.3764717263284333,-0.2678822014805278,-1.4257987152034262,True
2024-09-19 13:30:00+00:00,NY,1,2024-09-19 14:35:00+00:00,63394.8,63031.4,64121.600000000006,2024-09-19 14:45:00+00:00,63031.4,stop,1.153076085887356,-0.6532331358407967,-1.1395592735277924,True
2024-09-20 00:00:00+00:00,Asia,1,2024-09-20 02:05:00+00:00,62990.2,62810.85,63348.899999999994,2024-09-20 02:21:00+00:00,62810.85,stop,0.5710796781129328,-0.36472683052284094,-1.2809710621689456,False
2024-09-20 07:00:00+00:00,London,-1,2024-09-20 09:08:00+00:00,63363.7,63568.25,62954.59999999999,2024-09-20 10:38:00+00:00,63568.25,stop,0.6435602679010446,-0.40281890104271517,-1.2478169640674617,False
2024-09-20 13:30:00+00:00,NY,1,2024-09-20 14:35:00+00:00,63249.0,62892.0,63963.0,2024-09-20 15:02:00+00:00,62892.0,stop,1.135279526807861,-0.6444358013565432,-1.1417344537815126,False
2024-09-21 00:00:00+00:00,Asia,-1,2024-09-21 01:15:00+00:00,63005.0,63143.5,62728.0,2024-09-21 05:05:00+00:00,62728.0,target,0.4386833165725688,0.37964764701214193,1.7270541516245488,False
2024-09-22 00:00:00+00:00,Asia,-1,2024-09-22 03:05:00+00:00,63080.0,63251.85,62736.3,2024-09-22 06:59:00+00:00,62851.0,time,0.5433833160611067,0.30303107165504123,1.1123188827465909,False
2024-09-22 13:30:00+00:00,NY,1,2024-09-22 15:32:00+00:00,62708.9,62571.95,62982.80000000001,2024-09-22 16:05:00+00:00,62571.95,stop,0.43773607822674765,-0.2983900530865704,-1.366317050018243,False
2024-09-23 00:00:00+00:00,Asia,1,2024-09-23 01:10:00+00:00,63750.0,63142.2,64965.600000000006,2024-09-23 06:59:00+00:00,63638.8,time,1.9251784068340958,-0.23443137254901503,-0.24588680487001704,False
2024-09-23 07:00:00+00:00,London,-1,2024-09-23 08:45:00+00:00,63356.8,63497.850000000006,63074.7,2024-09-23 09:01:00+00:00,63497.850000000006,stop,0.44426701061531776,-0.30262803676953837,-1.3593437788018359,False
2024-09-24 07:00:00+00:00,London,1,2024-09-24 08:15:00+00:00,63542.9,63405.850000000006,63816.99999999999,2024-09-24 08:50:00+00:00,63816.99999999999,target,0.43229449648573204,0.3713621191352477,1.7218114556731032,False
2024-09-25 00:00:00+00:00,Asia,1,2024-09-25 01:35:00+00:00,64410.0,64182.95,64864.100000000006,2024-09-25 04:56:00+00:00,64182.95,stop,0.7075087698524274,-0.4325073746312729,-1.2269456066945577,False
2024-09-25 07:00:00+00:00,London,1,2024-09-25 08:06:00+00:00,63838.1,63725.2,64063.9,2024-09-25 09:20:00+00:00,63725.2,stop,0.35433392127446545,-0.2568536344283452,-1.452351461470322,False
2024-09-25 13:30:00+00:00,NY,1,2024-09-25 14:40:00+00:00,63835.0,63539.1,64426.8,2024-09-25 15:52:00+00:00,63539.1,stop,0.9313949992996484,-0.5435388109971042,-1.1725853328827298,False
2024-09-26 00:00:00+00:00,Asia,-1,2024-09-26 01:10:00+00:00,62818.8,63034.4,62387.600000000006,2024-09-26 01:12:00+00:00,63034.4,stop,0.6840709200055796,-0.4232093577081996,-1.2330938775510218,False
2024-09-26 07:00:00+00:00,London,-1,2024-09-26 09:19:00+00:00,63632.0,63737.55,63420.899999999994,2024-09-26 09:26:00+00:00,63737.55,stop,0.33120193669194775,-0.2458756600452648,-1.4822889625769642,False
2024-09-26 13:30:00+00:00,NY,1,2024-09-26 15:42:00+00:00,65218.6,64672.85,66310.1,2024-09-26 19:59:00+00:00,64672.85,stop,1.6877252200884916,-0.9168011579518727,-1.095602162162162,False
2024-09-27 00:00:00+00:00,Asia,-1,2024-09-27 02:41:00+00:00,64965.3,65132.65,64630.600000000006,2024-09-27 03:34:00+00:00,65132.65,stop,0.5138743779041649,-0.3375990567272044,-1.3105601434120135,True
2024-09-27 07:00:00+00:00,London,1,2024-09-27 08:37:00+00:00,65534.6,65382.3,65839.19999999998,2024-09-27 09:03:00+00:00,65839.19999999998,target,0.4658753209966589,0.40479264388580083,1.7418203545633066,True
2024-09-27 13:30:00+00:00,NY,1,2024-09-27 15:20:00+00:00,66339.9,65827.04999999999,67365.6,2024-09-27 17:21:00+00:00,65827.04999999999,stop,1.5581740333191252,-0.8530641740491105,-1.1034842936531137,True
2024-09-30 07:00:00+00:00,London,-1,2024-09-30 08:32:00+00:00,64320.0,64490.45,63979.100000000006,2024-09-30 09:16:00+00:00,63979.100000000006,target,0.5286053981636064,0.4700062189054636,1.7735875623349917,False
2024-09-30 13:30:00+00:00,NY,-1,2024-09-30 16:55:00+00:00,63490.2,63785.399999999994,62899.8,2024-09-30 20:53:00+00:00,63785.399999999994,stop,0.9256036647884963,-0.544953646389517,-1.1720601626016278,False
2024-10-01 00:00:00+00:00,Asia,1,2024-10-01 03:15:00+00:00,63601.7,63300.85,64203.399999999994,2024-10-01 06:59:00+00:00,64005.8,time,0.9505401586234579,0.5753603755874542,1.21635027422306,True
2024-10-01 07:00:00+00:00,London,-1,2024-10-01 08:50:00+00:00,63890.7,63991.649999999994,63688.8,2024-10-01 09:04:00+00:00,63991.649999999994,stop,0.3155099141841185,-0.23800421657611684,-1.5063156017830754,True
2024-10-01 13:30:00+00:00,NY,-1,2024-10-01 15:31:00+00:00,62500.0,62965.95,61568.100000000006,2024-10-01 17:19:00+00:00,61568.100000000006,target,1.480006257350205,1.4310399999999908,1.9195192617233603,True
2024-10-02 00:00:00+00:00,Asia,1,2024-10-02 01:10:00+00:00,61200.0,60951.65,61696.7,2024-10-02 02:47:00+00:00,61696.7,target,0.8149082100320452,0.7516013071895377,1.852144151399234,True
2024-10-02 13:30:00+00:00,NY,1,2024-10-02 15:25:00+00:00,61671.3,61083.15,62847.600000000006,2024-10-02 18:14:00+00:00,61083.15,stop,1.92573565705109,-1.0336851014977817,-1.0838851313440447,True
2024-10-03 00:00:00+00:00,Asia,1,2024-10-03 01:05:00+00:00,61077.5,60793.1,61646.3,2024-10-03 06:59:00+00:00,61299.8,time,0.9356324977670212,0.3039638164626956,0.6527900843881925,True
2024-10-03 07:00:00+00:00,London,-1,2024-10-03 08:10:00+00:00,60789.2,61094.3,60178.999999999985,2024-10-03 08:32:00+00:00,60178.999999999985,target,0.9987838472656276,0.9437967270502189,1.8804538839724703,True
2024-10-04 07:00:00+00:00,London,1,2024-10-04 08:20:00+00:00,61476.1,61251.05,61926.19999999999,2024-10-04 10:08:00+00:00,61251.05,stop,0.7348445455220743,-0.4460772235063637,-1.2185331259720105,False
2024-10-04 13:30:00+00:00,NY,1,2024-10-04 16:25:00+00:00,61872.0,61330.05,62955.899999999994,2024-10-04 23:59:00+00:00,62054.4,time,1.7673228702732209,0.23480217222653457,0.2680631054525367,False
2024-10-05 07:00:00+00:00,London,1,2024-10-05 09:40:00+00:00,62242.4,62142.4,62442.4,2024-10-05 11:58:00+00:00,62142.4,stop,0.32184144802904296,-0.24066218526277908,-1.4979392,False
2024-10-06 00:00:00+00:00,Asia,1,2024-10-06 01:31:00+00:00,62067.6,61962.3,62278.19999999999,2024-10-06 02:06:00+00:00,61962.3,stop,0.3398840908100547,-0.2496537323821054,-1.4715487179487374,False
2024-10-06 13:30:00+00:00,NY,1,2024-10-06 14:40:00+00:00,62420.0,62287.5,62685.0,2024-10-06 14:55:00+00:00,62685.0,target,0.42544651816174994,0.36454341557193204,1.717343396226415,False
2024-10-07 00:00:00+00:00,Asia,1,2024-10-07 01:16:00+00:00,63700.0,63160.05,64779.899999999994,2024-10-07 06:59:00+00:00,63667.1,time,1.7097833203108634,-0.11164835164835392,-0.1317158996203386,False
2024-10-08 00:00:00+00:00,Asia,1,2024-10-08 01:10:00+00:00,62557.2,62341.75,62988.09999999999,2024-10-08 01:19:00+00:00,62341.75,stop,0.6911900933162675,-0.42440480072637055,-1.2322847992573713,True
2024-10-08 07:00:00+00:00,London,1,2024-10-08 10:06:00+00:00,62483.6,62212.3,63026.19999999999,2024-10-08 13:29:00+00:00,62585.0,time,0.8721747950164171,0.10228258294976834,0.2355688905271009,True
2024-10-08 13:30:00+00:00,NY,-1,2024-10-08 15:47:00+00:00,62326.8,62752.75,61474.90000000001,2024-10-08 23:59:00+00:00,62131.7,time,1.3575500675269119,0.2530274617018775,0.3702404507571473,True
2024-10-09 00:00:00+00:00,Asia,1,2024-10-09 01:21:00+00:00,62246.0,62104.4,62529.2,2024-10-09 06:59:00+00:00,62405.0,time,0.45600633771519744,0.19543810044018892,0.8591271186440766,False
2024-10-09 07:00:00+00:00,London,-1,2024-10-09 08:10:00+00:00,62164.7,62284.899999999994,61924.3,2024-10-09 12:38:00+00:00,61924.3,target,0.3859683486687809,0.32671464673680434,1.6896936772046516,False
2024-10-09 13:30:00+00:00,NY,1,2024-10-09 15:15:00+00:00,62098.0,61880.05,62533.899999999994,2024-10-09 16:17:00+00:00,61880.05,stop,0.7044273558279307,-0.4309774871976506,-1.2279348474420768,False
2024-10-10 00:00:00+00:00,Asia,1,2024-10-10 01:35:00+00:00,60669.0,60489.0,61029.0,2024-10-10 05:50:00+00:00,61029.0,target,0.595149531319744,0.5333837709538645,1.79777,True
2024-10-10 07:00:00+00:00,London,-1,2024-10-10 08:10:00+00:00,60871.0,60994.1,60624.8,2024-10-10 08:26:00+00:00,60994.1,stop,0.4036455985087035,-0.28223094741338,-1.3955873273761217,True
2024-10-10 13:30:00+00:00,NY,-1,2024-10-10 14:35:00+00:00,60600.0,60862.9,60074.2,2024-10-10 16:02:00+00:00,60862.9,stop,0.8639088837370597,-0.5138283828382862,-1.1844047166222889,True
2024-10-11 00:00:00+00:00,Asia,-1,2024-10-11 01:10:00+00:00,60132.5,60231.25,59935.0,2024-10-11 01:46:00+00:00,60231.25,stop,0.3279028743384871,-0.24422067933313935,-1.4871493670886076,True
2024-10-12 00:00:00+00:00,Asia,1,2024-10-12 01:05:00+00:00,62900.0,62682.0,63336.0,2024-10-12 01:46:00+00:00,62682.0,stop,0.6955744870935835,-0.42658187599364067,-1.2308256880733943,True
2024-10-12 13:30:00+00:00,NY,1,2024-10-12 14:59:00+00:00,63199.4,63065.2,63467.80000000001,2024-10-12 15:42:00+00:00,63065.2,stop,0.42559129282076563,-0.29234378807394434,-1.3767475409835943,True
2024-10-13 00:00:00+00:00,Asia,-1,2024-10-13 01:15:00+00:00,62990.7,63125.35,62721.399999999994,2024-10-13 02:11:00+00:00,62721.399999999994,target,0.42661149601547227,0.3675234280616074,1.7193136279242511,False
2024-10-13 07:00:00+00:00,London,1,2024-10-13 08:20:00+00:00,62886.6,62789.8,63080.19999999999,2024-10-13 08:50:00+00:00,62789.8,stop,0.3083303339077343,-0.23392786380563685,-1.519723966942172,False
2024-10-13 13:30:00+00:00,NY,-1,2024-10-13 16:31:00+00:00,62506.7,62628.75,62262.59999999999,2024-10-13 16:34:00+00:00,62628.75,stop,0.38975710037324046,-0.2752590682278906,-1.4097120852109692,False
2024-10-14 07:00:00+00:00,London,1,2024-10-14 09:40:00+00:00,64676.7,64338.85,65352.399999999994,2024-10-14 13:29:00+00:00,64710.5,time,1.0502208230330463,-0.007740067133909253,-0.014817285777703441,False
2024-10-14 13:30:00+00:00,NY,1,2024-10-14 14:45:00+00:00,66096.3,65363.15,67562.6,2024-10-14 23:59:00+00:00,66064.9,time,2.2433129370295077,-0.10750644135906053,-0.09692120302804144,False
2024-10-15 00:00:00+00:00,Asia,-1,2024-10-15 01:43:00+00:00,65831.0,66071.7,65349.600000000006,2024-10-15 03:36:00+00:00,65349.600000000006,target,0.7286024122279194,0.671266424632763,1.8359011217282906,True
2024-10-15 13:30:00+00:00,NY,-1,2024-10-15 14:48:00+00:00,65746.0,66849.85,63538.29999999999,2024-10-15 16:35:00+00:00,66849.85,stop,3.302475622607974,-1.7589614577312773,-1.0476485029668883,True
2024-10-16 00:00:00+00:00,Asia,1,2024-10-16 01:20:00+00:00,67119.7,66927.54999999999,67504.00000000001,2024-10-16 02:07:00+00:00,67504.00000000001,target,0.5742030001098247,0.5125591741322109,1.7904146760343578,True
2024-10-16 07:00:00+00:00,London,1,2024-10-16 08:22:00+00:00,67022.5,66877.6,67312.29999999999,2024-10-16 09:32:00+00:00,67312.29999999999,target,0.43332894721102866,0.3723921071281859,1.7224741200828046,True
2024-10-17 00:00:00+00:00,Asia,-1,2024-10-17 01:44:00+00:00,67550.8,67738.35,67175.7,2024-10-17 01:49:00+00:00,67738.35,stop,0.5537483567284872,-0.35764289986203407,-1.2881399093575001,False
2024-10-17 07:00:00+00:00,London,1,2024-10-17 08:06:00+00:00,67305.1,67179.65,67556.00000000003,2024-10-17 08:16:00+00:00,67179.65,stop,0.37347619405580224,-0.26639003582196835,-1.4292074930250696,False
2024-10-17 13:30:00+00:00,NY,1,2024-10-17 16:10:00+00:00,67338.6,66969.3,68077.20000000001,2024-10-17 18:07:00+00:00,66969.3,stop,1.1028934153410679,-0.6284224501251925,-1.145872948822095,False
2024-10-18 07:00:00+00:00,London,-1,2024-10-18 08:15:00+00:00,67849.8,68014.9,67519.60000000002,2024-10-18 09:10:00+00:00,68014.9,stop,0.485481857651775,-0.32333159419775925,-1.3287694730466557,False
2024-10-18 13:30:00+00:00,NY,1,2024-10-18 16:12:00+00:00,68500.0,68115.05,69269.9,2024-10-18 23:59:00+00:00,68407.8,time,1.1302935254396704,-0.19459854014598116,-0.34627873749837146,False
2024-10-20 00:00:00+00:00,Asia,-1,2024-10-20 01:27:00+00:00,68203.0,68319.3,67970.4,2024-10-20 06:57:00+00:00,68319.3,stop,0.3404601627944165,-0.25052035834201264,-1.469152192605319,False
2024-10-21 07:00:00+00:00,London,-1,2024-10-21 10:06:00+00:00,68468.0,68637.5,68129.0,2024-10-21 12:39:00+00:00,68129.0,target,0.49389910763066835,0.435121808728165,1.7576353982300885,False
2024-10-21 13:30:00+00:00,NY,-1,2024-10-21 14:40:00+00:00,67149.8,67544.35,66360.7,2024-10-21 17:08:00+00:00,67544.35,stop,1.1682694407452159,-0.667566902656453,-1.1361547078950693,False
2024-10-22 00:00:00+00:00,Asia,1,2024-10-22 01:34:00+00:00,67399.6,66968.05,68262.70000000001,2024-10-22 06:59:00+00:00,67557.8,time,1.2888235509321322,0.17471949388423239,0.27287739543505113,True
2024-10-22 07:00:00+00:00,London,-1,2024-10-22 08:07:00+00:00,67360.0,67525.0,67030.0,2024-10-22 08:28:00+00:00,67030.0,target,0.48870788596815995,0.42990498812351546,1.7550545454545454,True
2024-10-22 13:30:00+00:00,NY,1,2024-10-22 14:58:00+00:00,67572.9,67092.95,68532.79999999999,2024-10-22 15:26:00+00:00,67092.95,stop,1.4307017354282294,-0.7902699454958972,-1.1126332326283994,True
2024-10-23 00:00:00+00:00,Asia,-1,2024-10-23 02:31:00+00:00,67106.8,67277.9,66764.60000000002,2024-10-23 06:33:00+00:00,67277.9,stop,0.5086365656478533,-0.3349667097820061,-1.313766452367053,False
2024-10-23 07:00:00+00:00,London,-1,2024-10-23 08:05:00+00:00,66779.5,66885.2,66568.1,2024-10-23 08:07:00+00:00,66885.2,stop,0.3160639423968145,-0.23828210753299603,-1.5054266792809978,False
2024-10-24 00:00:00+00:00,Asia,1,2024-10-24 01:10:00+00:00,67478.4,66980.2,68474.79999999999,2024-10-24 06:59:00+00:00,67108.0,time,1.4876037993317341,-0.6089163939868079,-0.8247431553592866,True
2024-10-24 07:00:00+00:00,London,-1,2024-10-24 10:31:00+00:00,67050.0,67178.15,66793.70000000001,2024-10-24 11:30:00+00:00,67178.15,stop,0.38152286122794826,-0.2711260253542046,-1.4185719859539792,True
2024-10-24 13:30:00+00:00,NY,-1,2024-10-24 16:17:00+00:00,67414.1,67707.05,66828.20000000001,2024-10-24 16:32:00+00:00,67707.05,stop,0.8653456323972085,-0.5145530089402618,-1.1840972179552842,True
2024-10-25 00:00:00+00:00,Asia,-1,2024-10-25 01:17:00+00:00,67883.4,68069.95,67510.29999999999,2024-10-25 03:01:00+00:00,68069.95,stop,0.5481126400122314,-0.3548094526791571,-1.2911108013937236,True
2024-10-25 07:00:00+00:00,London,1,2024-10-25 09:10:00+00:00,67704.0,67463.2,68185.6,2024-10-25 12:01:00+00:00,68185.6,target,0.7138706731966551,0.6513316790736232,1.8313023255813974,True
2024-10-25 13:30:00+00:00,NY,-1,2024-10-25 15:59:00+00:00,67707.8,68218.4,66686.60000000002,2024-10-25 18:00:00+00:00,66686.60000000002,target,1.4969568327606586,1.448245726489389,1.920437367802584,True
2024-10-26 00:00:00+00:00,Asia,1,2024-10-26 02:55:00+00:00,66824.1,66667.65,67137.00000000003,2024-10-26 05:28:00+00:00,67137.00000000003,target,0.4693430771896246,0.4082442412243835,1.743723489932905,True
2024-10-28 00:00:00+00:00,Asia,-1,2024-10-28 01:32:00+00:00,67804.7,67949.65,67514.8,2024-10-28 03:24:00+00:00,67949.65,stop,0.42663943081385813,-0.29377574120967587,-1.3742239392894176,False
2024-10-28 07:00:00+00:00,London,1,2024-10-28 10:47:00+00:00,68666.0,68300.6,69396.79999999999,2024-10-28 13:29:00+00:00,68938.0,time,1.0699759592155893,0.3361203506830164,0.6316376573618054,False
2024-10-28 13:30:00+00:00,NY,-1,2024-10-28 15:11:00+00:00,68656.3,68964.20000000001,68040.49999999999,2024-10-28 16:45:00+00:00,68964.20000000001,stop,0.8929270549067527,-0.5284657635206219,-1.1783859694706025,False
2024-10-29 00:00:00+00:00,Asia,1,2024-10-29 01:52:00+00:00,69998.4,69865.7,70263.79999999999,2024-10-29 01:55:00+00:00,70263.79999999999,target,0.379871668071735,0.31915152346338516,1.6835038432554565,True
2024-10-29 07:00:00+00:00,London,1,2024-10-29 09:20:00+00:00,71250.0,71026.5,71697.0,2024-10-29 13:29:00+00:00,71200.1,time,0.6293425693227175,-0.1300350877192901,-0.4145413870245825,True
2024-10-30 00:00:00+00:00,Asia,-1,2024-10-30 01:05:00+00:00,72133.5,72465.45,71469.6,2024-10-30 02:03:00+00:00,72465.45,stop,0.9161607359093115,-0.5401884006737467,-1.173841843651154,True
2024-10-30 07:00:00+00:00,London,1,2024-10-30 08:21:00+00:00,72463.2,72287.9,72813.8,2024-10-30 08:55:00+00:00,72287.9,stop,0.4850050976719358,-0.3219158966206335,-1.3306934398174504,True
2024-10-30 13:30:00+00:00,NY,1,2024-10-30 14:41:00+00:00,72388.0,71916.1,73331.79999999999,2024-10-30 15:14:00+00:00,71916.1,stop,1.3123626003078628,-0.7319036304359758,-1.1227175248993446,True
2024-10-31 00:00:00+00:00,Asia,1,2024-10-31 02:43:00+00:00,72421.4,72240.1,72783.99999999997,2024-10-31 04:22:00+00:00,72240.1,stop,0.5019372896770509,-0.3303403690069349,-1.3195649200220834,False
2024-10-31 13:30:00+00:00,NY,-1,2024-10-31 14:51:00+00:00,70800.0,71394.0,69612.0,2024-10-31 23:59:00+00:00,70321.9,time,1.6640053786032438,0.6152824858757144,0.7333670033670132,False
2024-11-01 07:00:00+00:00,London,1,2024-11-01 08:19:00+00:00,69444.0,69272.45,69787.1,2024-11-01 10:18:00+00:00,69787.1,target,0.4952906963735307,0.4340671620298454,1.7571180413873548,True
2024-11-01 13:30:00+00:00,NY,-1,2024-11-01 16:17:00+00:00,70183.4,70885.7,68778.79999999999,2024-11-01 23:59:00+00:00,69495.5,time,1.981499794739991,0.9201463024019844,0.9195357539512908,True
2024-11-02 13:30:00+00:00,NY,-1,2024-11-02 14:54:00+00:00,69108.4,69389.2,68546.79999999999,2024-11-02 15:30:00+00:00,69389.2,stop,0.8093478524035524,-0.48631818997401605,-1.1968900284900263,True
2024-11-03 00:00:00+00:00,Asia,-1,2024-11-03 01:27:00+00:00,69151.8,69272.75,68909.90000000001,2024-11-03 02:10:00+00:00,68909.90000000001,target,0.34919936049888906,0.28981012786361915,1.6569567589913106,False
2024-11-03 07:00:00+00:00,London,-1,2024-11-03 08:12:00+00:00,68370.2,68534.1,68042.39999999998,2024-11-03 08:45:00+00:00,68534.1,stop,0.4783020423409702,-0.3197243243401493,-1.3337166564978467,False
2024-11-03 13:30:00+00:00,NY,-1,2024-11-03 15:10:00+00:00,67650.0,68009.65,66930.70000000001,2024-11-03 15:51:00+00:00,68009.65,stop,1.0576440255169715,-0.6116334072431548,-1.1504796329765075,False
2024-11-04 00:00:00+00:00,Asia,1,2024-11-04 01:26:00+00:00,68762.5,68491.25,69305.0,2024-11-04 02:51:00+00:00,69305.0,target,0.7920719799974449,0.7289474640974368,1.8478986175115208,True
2024-11-04 07:00:00+00:00,London,-1,2024-11-04 08:10:00+00:00,68600.9,68883.45,68035.79999999999,2024-11-04 09:17:00+00:00,68883.45,stop,0.8203712212440083,-0.491875062863611,-1.1942336577596864,True
2024-11-04 13:30:00+00:00,NY,-1,2024-11-04 15:02:00+00:00,68493.6,68825.8,67829.20000000001,2024-11-04 16:44:00+00:00,67829.20000000001,target,0.9653356735410182,0.9100176366842948,1.8762909090909081,True
2024-11-05 00:00:00+00:00,Asia,-1,2024-11-05 01:43:00+00:00,67777.7,67973.15,67386.8,2024-11-05 01:47:00+00:00,67973.15,stop,0.5750800132111117,-0.36836918337446845,-1.2774221540035855,True
2024-11-05 07:00:00+00:00,London,1,2024-11-05 08:05:00+00:00,68967.0,68758.5,69384.0,2024-11-05 09:43:00+00:00,68758.5,stop,0.606470472741552,-0.3823185001522467,-1.264621582733813,True
2024-11-05 13:30:00+00:00,NY,1,2024-11-05 15:23:00+00:00,69490.0,69096.9,70276.20000000001,2024-11-05 16:34:00+00:00,70276.20000000001,target,1.137822391453158,1.071385810908061,1.8939353853981191,True
2024-11-06 07:00:00+00:00,London,-1,2024-11-06 08:07:00+00:00,73112.0,73899.75,71536.5,2024-11-06 09:09:00+00:00,73899.75,stop,2.1319422596152218,-1.157456505088084,-1.074248936845446,True
2024-11-06 13:30:00+00:00,NY,1,2024-11-06 14:45:00+00:00,74225.8,73911.20000000001,74854.99999999999,2024-11-06 14:47:00+00:00,73911.20000000001,stop,0.8512918204548119,-0.503841844749388,-1.1887496503496555,True
2024-11-07 00:00:00+00:00,Asia,1,2024-11-07 01:42:00+00:00,75656.7,75353.85,76262.39999999998,2024-11-07 01:45:00+00:00,75353.85,stop,0.8038076355753515,-0.4802950168326022,-1.1998526002971825,True
2024-11-07 07:00:00+00:00,London,1,2024-11-07 08:11:00+00:00,75004.8,74863.35,75287.7,2024-11-07 09:51:00+00:00,74863.35,stop,0.3778885128704616,-0.26858793037245227,-1.4242053022269439,True
2024-11-07 13:30:00+00:00,NY,1,2024-11-07 14:55:00+00:00,74907.7,74741.29999999999,75240.50000000001,2024-11-07 15:01:00+00:00,74741.29999999999,stop,0.4452692152799095,-0.30214004701787495,-1.3601331730769042,True
2024-11-08 00:00:00+00:00,Asia,-1,2024-11-08 02:10:00+00:00,75835.0,76092.6,75319.79999999999,2024-11-08 05:31:00+00:00,76092.6,stop,0.6770697807671141,-0.41968484209139023,-1.235512422360243,True
2024-11-08 13:30:00+00:00,NY,-1,2024-11-08 14:54:00+00:00,75855.0,76092.5,75380.0,2024-11-08 15:19:00+00:00,76092.5,stop,0.624240233925814,-0.39309735679915625,-1.2555115789473683,True
2024-11-09 00:00:00+00:00,Asia,-1,2024-11-09 01:32:00+00:00,76339.1,76478.70000000001,76059.9,2024-11-09 05:40:00+00:00,76478.70000000001,stop,0.3650689669149672,-0.2628682811298611,-1.4374733524355117,False
2024-11-10 00:00:00+00:00,Asia,1,2024-11-10 02:20:00+00:00,77121.9,76811.5,77742.69999999998,2024-11-10 04:33:00+00:00,77742.69999999998,target,0.8082123119584805,0.7449594213835349,1.8509241623711312,False
2024-11-10 07:00:00+00:00,London,1,2024-11-10 09:05:00+00:00,79211.4,78990.7,79652.79999999999,2024-11-10 10:40:00+00:00,79652.79999999999,target,0.5587999599952832,0.49724302310020296,1.7846541005890322,False
2024-11-10 13:30:00+00:00,NY,-1,2024-11-10 14:35:00+00:00,79650.0,79851.6,79246.79999999999,2024-11-10 14:48:00+00:00,79246.79999999999,target,0.5049366574996582,0.4462146892655514,1.7629464285714356,False
2024-11-11 07:00:00+00:00,London,1,2024-11-11 08:05:00+00:00,81254.6,81021.3,81721.20000000001,2024-11-11 09:48:00+00:00,81721.20000000001,target,0.5758979428866308,0.5142444120086811,1.7910297471067322,True
2024-11-11 13:30:00+00:00,NY,1,2024-11-11 14:35:00+00:00,82192.3,81873.5,82829.90000000001,2024-11-11 14:45:00+00:00,81873.5,stop,0.7787623590050575,-0.4678708832822575,-1.2062542032622317,True
2024-11-12 00:00:00+00:00,Asia,1,2024-11-12 01:06:00+00:00,89099.9,87878.65,91542.4,2024-11-12 02:33:00+00:00,87878.65,stop,2.7794009125083283,-1.4506524923148063,-1.0583663623336745,True
2024-11-12 07:00:00+00:00,London,-1,2024-11-12 08:05:00+00:00,89070.0,89570.05,88069.9,2024-11-12 09:02:00+00:00,89570.05,stop,1.1165562595979412,-0.6414123722914593,-1.1424977502249767,True
2024-11-12 13:30:00+00:00,NY,1,2024-11-12 14:50:00+00:00,86618.7,85889.29999999999,88077.50000000001,2024-11-12 16:12:00+00:00,85889.29999999999,stop,1.6984653501658569,-0.922081444307071,-1.095002687140114,True
2024-11-13 00:00:00+00:00,Asia,1,2024-11-13 01:15:00+00:00,88514.7,88071.29999999999,89401.50000000001,2024-11-13 01:21:00+00:00,88071.29999999999,stop,1.0069114456128194,-0.580933743208765,-1.1597017591339616,True
2024-11-13 07:00:00+00:00,London,1,2024-11-13 08:25:00+00:00,87544.1,87034.55,88563.20000000001,2024-11-13 13:29:00+00:00,88312.0,time,1.1709143093173984,0.8171579124121376,1.4039319791973117,True
2024-11-13 13:30:00+00:00,NY,1,2024-11-13 14:36:00+00:00,89957.8,89106.20000000001,91660.99999999999,2024-11-13 14:52:00+00:00,91660.99999999999,target,1.9114270387470198,1.8333322068792062,1.9366196806012206,True
2024-11-14 00:00:00+00:00,Asia,-1,2024-11-14 01:35:00+00:00,89736.8,90143.5,88923.40000000001,2024-11-14 01:52:00+00:00,90143.5,stop,0.9023390482952117,-0.5332142888981968,-1.1765169412343262,True
2024-11-14 07:00:00+00:00,London,1,2024-11-14 08:38:00+00:00,90900.0,89997.75,92704.5,2024-11-14 13:29:00+00:00,90973.6,time,2.0050501262531566,0.020968096809687378,0.02112496536437332,True
2024-11-14 13:30:00+00:00,NY,1,2024-11-14 14:36:00+00:00,91349.1,90965.20000000001,92116.9,2024-11-14 14:37:00+00:00,90965.20000000001,stop,0.8440590467563451,-0.5002559193248693,-1.190360197968224,True
2024-11-15 07:00:00+00:00,London,-1,2024-11-15 08:16:00+00:00,87660.6,88055.3,86871.20000000001,2024-11-15 08:37:00+00:00,88055.3,stop,0.8964820970458272,-0.5302592955101801,-1.1776753990372446,True
2024-11-15 13:30:00+00:00,NY,-1,2024-11-15 14:44:00+00:00,89278.1,89913.15,88008.00000000003,2024-11-15 14:49:00+00:00,89913.15,stop,1.4125853671014656,-0.7913166610848442,-1.1124674907487622,True
2024-11-16 00:00:00+00:00,Asia,1,2024-11-16 02:40:00+00:00,91437.4,91168.7,91974.79999999999,2024-11-16 03:35:00+00:00,91168.7,stop,0.5894566885345456,-0.3738622489265848,-1.2722363974692996,True
2024-11-16 07:00:00+00:00,London,-1,2024-11-16 08:15:00+00:00,91132.1,91291.45000000001,90813.4,2024-11-16 08:23:00+00:00,91291.45000000001,stop,0.34910169572287114,-0.254856060597754,-1.4575191716347495,True
2024-11-16 13:30:00+00:00,NY,-1,2024-11-16 15:15:00+00:00,90665.8,90882.9,90231.60000000002,2024-11-16 15:48:00+00:00,90231.60000000002,target,0.4777576419766503,0.418901636559742,1.7494266236757154,True
2024-11-18 00:00:00+00:00,Asia,1,2024-11-18 01:10:00+00:00,90170.6,89918.75,90674.30000000002,2024-11-18 01:30:00+00:00,90674.30000000002,target,0.5601723778411195,0.49860779455832793,1.7851802263251986,True
2024-11-18 13:30:00+00:00,NY,1,2024-11-18 14:45:00+00:00,90487.6,89954.85,91553.1,2024-11-18 14:55:00+00:00,89954.85,stop,1.1844831045796862,-0.6687547023017518,-1.1358800187705302,True
2024-11-19 00:00:00+00:00,Asia,1,2024-11-19 03:11:00+00:00,91343.4,90874.5,92281.19999999998,2024-11-19 06:59:00+00:00,92035.5,time,1.0319726655992476,0.6976902107869927,1.3591255278311234,True
2024-11-19 07:00:00+00:00,London,-1,2024-11-19 08:16:00+00:00,91655.2,91889.45,91186.7,2024-11-19 09:02:00+00:00,91889.45,stop,0.5098517838554916,-0.3355774249578857,-1.3130166915688366,True
2024-11-19 13:30:00+00:00,NY,1,2024-11-19 15:54:00+00:00,92252.3,91633.95000000001,93488.99999999999,2024-11-19 18:16:00+00:00,93488.99999999999,target,1.3496089604344208,1.2805627827165096,1.910485356189859,True
2024-11-20 00:00:00+00:00,Asia,-1,2024-11-20 01:20:00+00:00,92016.9,92238.04999999999,91574.6,2024-11-20 03:02:00+00:00,91574.6,target,0.4795201112772906,0.4206725721035901,1.7503498078227382,True
2024-11-20 07:00:00+00:00,London,1,2024-11-20 08:25:00+00:00,92866.6,92596.65,93406.50000000003,2024-11-20 09:12:00+00:00,93406.50000000003,target,0.5830664500281693,0.5213715587735777,1.7935915539914888,True
2024-11-20 13:30:00+00:00,NY,-1,2024-11-20 14:40:00+00:00,94075.0,94366.25,93492.5,2024-11-20 14:46:00+00:00,94366.25,stop,0.6172757739128131,-0.3895934095136859,-1.258403433476395,True
2024-11-21 00:00:00+00:00,Asia,-1,2024-11-21 02:30:00+00:00,94200.0,94570.0,93460.0,2024-11-21 03:04:00+00:00,94570.0,stop,0.7824891614676959,-0.47278131634819526,-1.2036756756756755,True
2024-11-21 07:00:00+00:00,London,-1,2024-11-21 08:34:00+00:00,96930.7,97167.5,96457.09999999999,2024-11-21 09:01:00+00:00,97167.5,stop,0.4874057683896424,-0.3242982460665227,-1.327468581081077,True
2024-11-21 13:30:00+00:00,NY,-1,2024-11-21 14:43:00+00:00,97103.7,97437.29999999999,96436.50000000001,2024-11-21 14:48:00+00:00,97437.29999999999,stop,0.6847480379690295,-0.4235502457681749,-1.2328625899280634,True
2024-11-22 00:00:00+00:00,Asia,1,2024-11-22 02:43:00+00:00,98573.8,98225.45000000001,99270.49999999999,2024-11-22 03:17:00+00:00,99270.49999999999,target,0.7092866461797803,0.6467800977541522,1.830215932252041,True
2024-11-22 07:00:00+00:00,London,-1,2024-11-22 08:45:00+00:00,98895.9,99216.75,98254.19999999998,2024-11-22 13:17:00+00:00,98254.19999999998,target,0.6467657930742658,0.5888641086233217,1.8150614305750385,True
2024-11-22 13:30:00+00:00,NY,1,2024-11-22 15:20:00+00:00,98234.2,97800.79999999999,99101.00000000001,2024-11-22 17:09:00+00:00,99101.00000000001,target,0.8862913186804229,0.8223810852025236,1.8640043377941884,True
2024-11-23 00:00:00+00:00,Asia,-1,2024-11-23 01:05:00+00:00,98571.0,98754.15,98204.70000000001,2024-11-23 03:18:00+00:00,98754.15,stop,0.37092112078328143,-0.26580515567458396,-1.4305585585585723,True
2024-11-23 07:00:00+00:00,London,-1,2024-11-23 08:31:00+00:00,98450.0,98617.45,98115.1,2024-11-23 10:12:00+00:00,98617.45,stop,0.3395950716632748,-0.25008633824275983,-1.4703493580173268,True
2024-11-23 13:30:00+00:00,NY,-1,2024-11-23 15:45:00+00:00,98505.9,98682.95,98151.79999999999,2024-11-23 16:15:00+00:00,98151.79999999999,target,0.35882591673638237,0.2994708540300691,1.666175995481508,True
2024-11-24 13:30:00+00:00,NY,-1,2024-11-24 16:45:00+00:00,96667.0,97173.5,95654.0,2024-11-24 22:06:00+00:00,97173.5,stop,1.042465281172336,-0.6039637104699638,-1.1526823297137214,False
2024-11-25 00:00:00+00:00,Asia,-1,2024-11-25 02:16:00+00:00,97574.4,97840.65,97041.9,2024-11-25 03:21:00+00:00,97840.65,stop,0.5442523123057748,-0.35286870326643055,-1.2931812957746478,True
2024-11-25 07:00:00+00:00,London,1,2024-11-25 08:55:00+00:00,98331.2,98057.25,98879.09999999999,2024-11-25 09:20:00+00:00,98879.09999999999,target,0.558755216977831,0.49719852905282774,1.7846369045446226,True
2024-11-25 13:30:00+00:00,NY,-1,2024-11-25 14:38:00+00:00,97179.3,97548.9,96440.10000000002,2024-11-25 14:46:00+00:00,96440.10000000002,target,0.7577737934512815,0.7006558186774164,1.8422413961038924,True
2024-11-26 00:00:00+00:00,Asia,1,2024-11-26 01:42:00+00:00,94411.7,93605.9,96023.3,2024-11-26 06:59:00+00:00,94553.5,time,1.7216863466939494,0.09019324935363193,0.10567508066518069,True
2024-11-26 07:00:00+00:00,London,-1,2024-11-26 09:05:00+00:00,93533.9,94053.9,92493.9,2024-11-26 10:51:00+00:00,92493.9,target,1.1057489375772829,1.051896328496941,1.8920762692307693,True
2024-11-26 13:30:00+00:00,NY,1,2024-11-26 15:21:00+00:00,92646.6,92259.35,93421.1,2024-11-26 15:38:00+00:00,93421.1,target,0.839481310024404,0.7759723940220148,1.856454590058102,True
2024-11-27 00:00:00+00:00,Asia,1,2024-11-27 01:20:00+00:00,92506.4,92185.2,93148.79999999999,2024-11-27 04:21:00+00:00,93148.79999999999,target,0.6968580639842342,0.6344384388539541,1.8271985056039834,True
2024-11-27 07:00:00+00:00,London,1,2024-11-27 10:50:00+00:00,93721.8,93400.35,94364.7,2024-11-27 11:40:00+00:00,93400.35,stop,0.6883271850694442,-0.4229831693373336,-1.2332475968268803,True
2024-11-27 13:30:00+00:00,NY,1,2024-11-27 14:36:00+00:00,94588.0,94171.35,95421.29999999999,2024-11-27 15:37:00+00:00,95421.29999999999,target,0.884876345087973,0.820978559648146,1.8637878315132588,True
2024-11-28 00:00:00+00:00,Asia,-1,2024-11-28 03:00:00+00:00,95769.2,96198.4,94910.8,2024-11-28 03:32:00+00:00,94910.8,target,0.8923225334309186,0.8363215731153587,1.8661194780987875,True
2024-11-28 07:00:00+00:00,London,-1,2024-11-28 08:12:00+00:00,95270.0,95550.3,94709.4,2024-11-28 08:29:00+00:00,95550.3,stop,0.5867066874724682,-0.37421643749344274,-1.2719086692829082,True
2024-11-28 13:30:00+00:00,NY,-1,2024-11-28 15:54:00+00:00,95075.1,95679.55,93866.20000000001,2024-11-28 22:44:00+00:00,95679.55,stop,1.263488383881398,-0.715760572431685,-1.1258335346182484,True
2024-11-29 07:00:00+00:00,London,1,2024-11-29 09:45:00+00:00,96478.6,96074.0,97287.80000000002,2024-11-29 11:45:00+00:00,97287.80000000002,target,0.8422674188646373,0.778735222111444,1.8569274345032152,False
2024-11-29 13:30:00+00:00,NY,1,2024-11-29 17:07:00+00:00,97334.7,97106.2,97791.7,2024-11-29 17:20:00+00:00,97106.2,stop,0.47061876584605306,-0.31475697772736755,-1.3407779431072209,False
2024-11-30 07:00:00+00:00,London,1,2024-11-30 08:20:00+00:00,96988.6,96794.20000000001,97377.4,2024-11-30 09:08:00+00:00,96794.20000000001,stop,0.4016769599831424,-0.2804359275213728,-1.3991300411522753,True
2024-11-30 13:30:00+00:00,NY,1,2024-11-30 15:51:00+00:00,96733.7,96541.45,97118.2,2024-11-30 19:44:00+00:00,97118.2,target,0.3982745235336739,0.3374829867977758,1.6981002860858259,True
2024-12-01 00:00:00+00:00,Asia,-1,2024-12-01 01:09:00+00:00,96313.0,96529.65,95879.70000000001,2024-12-01 01:27:00+00:00,96529.65,stop,0.4488776246469379,-0.30494367323206023,-1.355644588045244,False
2024-12-02 00:00:00+00:00,Asia,1,2024-12-02 02:17:00+00:00,97690.0,97418.7,98232.6,2024-12-02 03:32:00+00:00,97418.7,stop,0.5569772538537322,-0.3577152216194113,-1.2880648728344974,False
2024-12-02 13:30:00+00:00,NY,1,2024-12-02 15:03:00+00:00,95979.6,95754.5,96429.80000000002,2024-12-02 15:09:00+00:00,96429.80000000002,target,0.4701606713000555,0.4090580081600795,1.744168103065311,False
2024-12-03 00:00:00+00:00,Asia,-1,2024-12-03 01:25:00+00:00,95742.6,95951.5,95324.80000000002,2024-12-03 02:31:00+00:00,95951.5,stop,0.4354283153468037,-0.2981891864227566,-1.3666542843465876,True
2024-12-03 07:00:00+00:00,London,-1,2024-12-03 09:32:00+00:00,95336.3,95561.8,94885.3,2024-12-03 10:56:00+00:00,94885.3,target,0.4719459030700552,0.4130622019105,1.7463335698447895,True
2024-12-03 13:30:00+00:00,NY,-1,2024-12-03 14:35:00+00:00,93710.1,94242.3,92645.70000000001,2024-12-03 14:39:00+00:00,94242.3,stop,1.1294291416911453,-0.6479217074786998,-1.14086448703495,True
2024-12-04 00:00:00+00:00,Asia,-1,2024-12-04 01:15:00+00:00,95640.0,95869.85,95180.29999999999,2024-12-04 01:31:00+00:00,95869.85,stop,0.4795042445565494,-0.3203283145127622,-1.3328779638894848,True
2024-12-04 07:00:00+00:00,London,1,2024-12-04 08:15:00+00:00,96775.8,96625.4,97076.60000000002,2024-12-04 08:31:00+00:00,96625.4,stop,0.31130530895603326,-0.23541075351483398,-1.5147648936169913,True
2024-12-04 13:30:00+00:00,NY,1,2024-12-04 14:59:00+00:00,95900.0,95649.05,96401.9,2024-12-04 15:00:00+00:00,95649.05,stop,0.5247307735936678,-0.3416788321167853,-1.3057182705718307,True
2024-12-05 00:00:00+00:00,Asia,-1,2024-12-05 01:16:00+00:00,98307.6,98597.8,97727.20000000001,2024-12-05 01:31:00+00:00,98597.8,stop,0.5886541079009817,-0.3751958953326061,-1.2710064782908366,True
2024-12-05 07:00:00+00:00,London,1,2024-12-05 08:10:00+00:00,102606.9,101983.35,103853.99999999997,2024-12-05 13:29:00+00:00,103160.5,time,1.2228466705594503,0.47953486558896713,0.7890880602999198,True
2024-12-05 13:30:00+00:00,NY,1,2024-12-05 14:50:00+00:00,103371.8,102876.85,104361.7,2024-12-05 15:21:00+00:00,102876.85,stop,0.9622184194014578,-0.5588056317099993,-1.1670824123648862,True
2024-12-06 00:00:00+00:00,Asia,1,2024-12-06 02:09:00+00:00,97810.0,97119.75,99190.5,2024-12-06 06:59:00+00:00,98137.0,time,1.4214410560158979,0.27432164400368064,0.38872002897500907,True
2024-12-06 07:00:00+00:00,London,1,2024-12-06 09:02:00+00:00,98353.6,98087.9,98885.00000000003,2024-12-06 09:51:00+00:00,98087.9,stop,0.5417589733290331,-0.3501477119292142,-1.2961342867895993,True
2024-12-06 13:30:00+00:00,NY,1,2024-12-06 15:00:00+00:00,99352.8,98626.20000000001,100805.99999999999,2024-12-06 15:22:00+00:00,98626.20000000001,stop,1.4734421482324138,-0.8113331883952855,-1.109389265070191,True
2024-12-07 00:00:00+00:00,Asia,-1,2024-12-07 03:26:00+00:00,99604.5,100036.7,98740.1,2024-12-07 06:59:00+00:00,99392.2,time,0.8640828815824534,0.15314298048783231,0.3529322073114391,True
2024-12-07 07:00:00+00:00,London,1,2024-12-07 08:10:00+00:00,99550.2,99349.65,99951.3,2024-12-07 08:20:00+00:00,99349.65,stop,0.40372562963230496,-0.28145614976163075,-1.3971087509349231,True
2024-12-07 13:30:00+00:00,NY,1,2024-12-07 14:50:00+00:00,99515.9,99308.79999999999,99930.1,2024-12-07 18:42:00+00:00,99930.1,target,0.4170828768447481,0.3562148963130632,1.7116873973925721,True
2024-12-08 00:00:00+00:00,Asia,1,2024-12-08 01:13:00+00:00,100044.5,99865.45,100402.6,2024-12-08 01:34:00+00:00,99865.45,stop,0.35858247271704663,-0.2589703581906081,-1.4470013962580213,False
2024-12-08 13:30:00+00:00,NY,-1,2024-12-08 14:41:00+00:00,100115.5,100356.5,99633.5,2024-12-08 15:03:00+00:00,99633.5,target,0.48028777408538564,0.4214439322582418,1.7507497925311204,False
2024-12-09 00:00:00+00:00,Asia,-1,2024-12-09 02:31:00+00:00,99413.6,100356.8,97527.20000000001,2024-12-09 06:59:00+00:00,99106.6,time,1.8796932544680522,0.2488108669236402,0.26224749787955975,False
2024-12-09 13:30:00+00:00,NY,1,2024-12-09 15:15:00+00:00,99390.5,99154.55,99862.4,2024-12-09 15:16:00+00:00,99154.55,stop,0.4759236968953963,-0.31739693431464483,-1.336988344988349,False
2024-12-10 07:00:00+00:00,London,1,2024-12-10 09:17:00+00:00,97522.0,97227.4,98111.20000000001,2024-12-10 12:35:00+00:00,97227.4,stop,0.6060020117785697,-0.3820856832304565,-1.26482552613713,True
2024-12-10 13:30:00+00:00,NY,-1,2024-12-10 14:41:00+00:00,97496.2,97799.54999999999,96889.50000000001,2024-12-10 14:43:00+00:00,97799.54999999999,stop,0.6203505026352342,-0.3911403316231722,-1.257118707763317,True
2024-12-11 00:00:00+00:00,Asia,-1,2024-12-11 02:00:00+00:00,95809.5,96333.2,94762.1,2024-12-11 02:31:00+00:00,96333.2,stop,1.0872679408552754,-0.6266055036295952,-1.1463578384571327,True
2024-12-11 07:00:00+00:00,London,1,2024-12-11 08:16:00+00:00,97800.0,97519.25,98361.5,2024-12-11 08:43:00+00:00,98361.5,target,0.5757837555149369,0.5141308793456032,1.7909884238646483,True
2024-12-12 00:00:00+00:00,Asia,-1,2024-12-12 01:36:00+00:00,100538.4,100861.6,99891.99999999997,2024-12-12 02:45:00+00:00,100861.6,stop,0.6408781934849425,-0.40146920977458533,-1.2488574257425653,True
2024-12-12 07:00:00+00:00,London,1,2024-12-12 08:30:00+00:00,100811.7,100644.54999999999,101146.00000000001,2024-12-12 10:01:00+00:00,100644.54999999999,stop,0.33215906872255174,-0.24580416757182819,-1.482496918935063,True
2024-12-12 13:30:00+00:00,NY,1,2024-12-12 15:02:00+00:00,101521.8,101017.25,102530.90000000001,2024-12-12 15:11:00+00:00,101017.25,stop,0.9989383001418132,-0.576986854054994,-1.1609700525220483,True
2024-12-13 07:00:00+00:00,London,1,2024-12-13 08:37:00+00:00,100215.0,99830.7,100983.6,2024-12-13 13:29:00+00:00,100100.1,time,0.7699034465349897,-0.17465349498577476,-0.4554488680718003,True
2024-12-13 13:30:00+00:00,NY,1,2024-12-13 14:35:00+00:00,100512.7,100215.85,101106.39999999998,2024-12-13 15:01:00+00:00,101106.39999999998,target,0.5924212587130648,0.5306716265705553,1.7968414350682103,True
2024-12-14 07:00:00+00:00,London,-1,2024-12-14 09:16:00+00:00,101578.0,101736.6,101260.79999999999,2024-12-14 12:40:00+00:00,101260.79999999999,target,0.3117855324435818,0.2522723424363658,1.6157200504413762,False
2024-12-14 13:30:00+00:00,NY,1,2024-12-14 14:40:00+00:00,101439.0,101199.45,101918.1,2024-12-14 17:29:00+00:00,101199.45,stop,0.4734215452752024,-0.3161517759441664,-1.3387651847213484,False
2024-12-15 00:00:00+00:00,Asia,1,2024-12-15 01:28:00+00:00,101530.9,101365.5,101861.69999999998,2024-12-15 01:45:00+00:00,101861.69999999998,target,0.3263437757422282,0.26581214191934516,1.631689600967339,False
2024-12-15 07:00:00+00:00,London,1,2024-12-15 08:51:00+00:00,101888.0,101674.4,102315.20000000001,2024-12-15 10:07:00+00:00,102315.20000000001,target,0.42016476123783086,0.3592839195980014,1.7137977528089967,False
2024-12-15 13:30:00+00:00,NY,1,2024-12-15 16:31:00+00:00,103034.7,102736.35,103631.39999999998,2024-12-15 21:22:00+00:00,102736.35,stop,0.5808070853208207,-0.36956264248839593,-1.2762787330316823,False
2024-12-16 07:00:00+00:00,London,-1,2024-12-16 08:21:00+00:00,104854.1,105122.05,104318.20000000001,2024-12-16 10:25:00+00:00,104318.20000000001,target,0.5097883840735546,0.4510911256689001,1.7652082104870286,True
2024-12-17 00:00:00+00:00,Asia,1,2024-12-17 02:55:00+00:00,106200.0,105911.5,106777.0,2024-12-17 03:43:00+00:00,106777.0,target,0.544794474632122,0.4833145009416196,1.7791334488734836,True
2024-12-17 07:00:00+00:00,London,1,2024-12-17 08:34:00+00:00,107113.9,106767.29999999999,107807.1,2024-12-17 11:48:00+00:00,106767.29999999999,stop,0.6492624614465264,-0.4035807864338856,-1.2472334679746062,True
2024-12-17 13:30:00+00:00,NY,1,2024-12-17 14:45:00+00:00,107721.6,107440.65,108283.50000000003,2024-12-17 14:57:00+00:00,108283.50000000003,target,0.522986411567697,0.46162240442030494,1.7699485317672279,True
2024-12-18 00:00:00+00:00,Asia,-1,2024-12-18 02:08:00+00:00,105560.0,105994.75,104690.5,2024-12-18 03:43:00+00:00,104690.5,target,0.8203236481052127,0.7637021599090564,1.854316273720529,True
2024-12-18 07:00:00+00:00,London,1,2024-12-18 08:11:00+00:00,104265.9,103964.7,104868.29999999999,2024-12-18 08:20:00+00:00,103964.7,stop,0.5794274402753955,-0.3688768044010526,-1.2769346613545842,True
2024-12-18 13:30:00+00:00,NY,-1,2024-12-18 14:44:00+00:00,104401.3,104708.70000000001,103786.49999999999,2024-12-18 15:02:00+00:00,103786.49999999999,target,0.5871527389796672,0.5288815560725943,1.7962238776838055,True
2024-12-19 00:00:00+00:00,Asia,-1,2024-12-19 02:53:00+00:00,100076.5,100523.3,99182.9,2024-12-19 02:59:00+00:00,100523.3,stop,0.8889481344126247,-0.5264584592786546,-1.1791880035810194,True
2024-12-19 07:00:00+00:00,London,1,2024-12-19 08:31:00+00:00,101694.9,101391.79999999999,102301.1,2024-12-19 10:32:00+00:00,102301.1,target,0.597878723920472,0.5360967560811916,1.798690399208186,True
2024-12-19 13:30:00+00:00,NY,1,2024-12-19 14:37:00+00:00,102443.7,102039.85,103251.39999999998,2024-12-19 14:41:00+00:00,102039.85,stop,0.7915534960116044,-0.47421653064072394,-1.2029341587223024,True
2024-12-20 00:00:00+00:00,Asia,-1,2024-12-20 01:45:00+00:00,96622.3,97208.9,95449.10000000002,2024-12-20 02:31:00+00:00,97208.9,stop,1.2068853777791921,-0.6871062270303969,-1.1317726559836363,True
2024-12-20 07:00:00+00:00,London,-1,2024-12-20 08:10:00+00:00,97257.8,97750.4,96272.60000000002,2024-12-20 08:38:00+00:00,96272.60000000002,target,1.0078731135627037,0.9529778794091399,1.8815373934226531,True
2024-12-20 13:30:00+00:00,NY,1,2024-12-20 14:42:00+00:00,95785.2,94801.04999999999,97753.50000000001,2024-12-20 23:28:00+00:00,97753.50000000001,target,2.0762428264243944,1.9949103619348474,1.9416032921810704,True
2024-12-21 00:00:00+00:00,Asia,-1,2024-12-21 02:10:00+00:00,97176.3,97474.70000000001,96579.49999999999,2024-12-21 02:26:00+00:00,97474.70000000001,stop,0.6122614380962473,-0.38707075696441284,-1.2605262734584375,True
2024-12-21 07:00:00+00:00,London,-1,2024-12-21 08:45:00+00:00,98446.7,98965.85,97408.39999999998,2024-12-21 12:50:00+00:00,97408.39999999998,target,1.049149782475473,0.9946823814307818,1.8862216700375634,True
2024-12-22 00:00:00+00:00,Asia,-1,2024-12-22 01:52:00+00:00,97029.8,97233.85,96621.7,2024-12-22 02:51:00+00:00,96621.7,target,0.4197098027075872,0.36059243655042655,1.7146881646655272,False
2024-12-22 07:00:00+00:00,London,1,2024-12-22 10:05:00+00:00,96819.4,96442.29999999999,97573.6,2024-12-22 13:29:00+00:00,97184.8,time,0.7820219965720406,0.3174037021506111,0.814925377883861,False
2024-12-22 13:30:00+00:00,NY,-1,2024-12-22 14:35:00+00:00,95706.5,96459.9,94199.70000000001,2024-12-22 23:59:00+00:00,95153.5,time,1.562099898507051,0.5178081948457002,0.6577861693655479,False
2024-12-23 00:00:00+00:00,Asia,-1,2024-12-23 01:30:00+00:00,94295.4,94844.29999999999,93197.6,2024-12-23 01:36:00+00:00,94844.29999999999,stop,1.1574759895955826,-0.6621068684156325,-1.1374318090726923,True
2024-12-24 00:00:00+00:00,Asia,-1,2024-12-24 01:53:00+00:00,94120.0,94490.55,93378.9,2024-12-24 05:15:00+00:00,94490.55,stop,0.7843112353563461,-0.4736995325116903,-1.2032006476858708,True
2024-12-24 07:00:00+00:00,London,1,2024-12-24 08:16:00+00:00,94280.2,94027.29999999999,94786.00000000001,2024-12-24 09:14:00+00:00,94027.29999999999,stop,0.5379288781024266,-0.34824296087620593,-1.2982370897587876,True
2024-12-24 13:30:00+00:00,NY,1,2024-12-24 14:46:00+00:00,96882.8,95804.75,99038.90000000001,2024-12-24 18:10:00+00:00,99038.90000000001,target,2.250514718737856,2.1654724264781837,1.9460788646166691,True
2024-12-25 00:00:00+00:00,Asia,-1,2024-12-25 01:16:00+00:00,98388.0,98618.2,97927.6,2024-12-25 01:37:00+00:00,97927.6,target,0.466850946377032,0.4079432451111865,1.743558644656817,True
2024-12-25 07:00:00+00:00,London,1,2024-12-25 10:54:00+00:00,98331.3,98079.3,98835.3,2024-12-25 11:16:00+00:00,98835.3,target,0.5138698991530323,0.45255297143432455,1.7658778571428573,True
2024-12-25 13:30:00+00:00,NY,1,2024-12-25 14:40:00+00:00,98729.2,98410.79999999999,99366.00000000001,2024-12-25 15:07:00+00:00,98410.79999999999,stop,0.6470834501904293,-0.4024983085044837,-1.2480633165829076,True
2024-12-26 00:00:00+00:00,Asia,-1,2024-12-26 01:10:00+00:00,98900.2,99425.1,97850.39999999998,2024-12-26 06:59:00+00:00,98073.5,time,1.0558701977669651,0.7758931528955423,1.4619163269193833,False
2024-12-26 13:30:00+00:00,NY,1,2024-12-26 16:22:00+00:00,96227.4,95734.25,97213.69999999998,2024-12-26 17:32:00+00:00,95734.25,stop,1.0302477953292457,-0.5924839702621023,-1.1561024434756177,False
2024-12-27 00:00:00+00:00,Asia,1,2024-12-27 01:52:00+00:00,95895.0,95622.55,96439.9,2024-12-27 04:04:00+00:00,96439.9,target,0.5698446653012226,0.5082256634860985,1.7888162965681755,True
2024-12-27 07:00:00+00:00,London,1,2024-12-27 10:24:00+00:00,96580.0,95600.0,98540.0,2024-12-27 13:29:00+00:00,96379.5,time,2.0502092050209204,-0.2675999171671153,-0.2637224489795918,True
2024-12-28 00:00:00+00:00,Asia,-1,2024-12-28 01:26:00+00:00,94221.0,94364.2,93934.6,2024-12-28 01:37:00+00:00,94364.2,stop,0.303504930895397,-0.2319831035544062,-1.5263743016759883,True
2024-12-28 07:00:00+00:00,London,1,2024-12-28 09:25:00+00:00,94584.7,94420.79999999999,94912.50000000001,2024-12-28 13:29:00+00:00,94645.1,time,0.3471692677884565,0.003858108129548162,0.022264673581504246,True
2024-12-28 13:30:00+00:00,NY,-1,2024-12-28 15:56:00+00:00,94432.7,94889.4,93519.3,2024-12-28 16:56:00+00:00,94889.4,stop,0.9625943466815142,-0.5636248460543827,-1.1654174731771414,True
2024-12-29 00:00:00+00:00,Asia,-1,2024-12-29 01:15:00+00:00,94998.3,95149.15,94696.60000000002,2024-12-29 02:33:00+00:00,95149.15,stop,0.3170811299943269,-0.23879231523089495,-1.5038027179317495,False
2024-12-29 13:30:00+00:00,NY,-1,2024-12-29 14:51:00+00:00,94474.3,94834.65,93753.60000000002,2024-12-29 16:36:00+00:00,93753.60000000002,target,0.7599542994042758,0.702852966362262,1.8426957680033262,False
2024-12-30 00:00:00+00:00,Asia,-1,2024-12-30 01:05:00+00:00,93456.3,93661.45000000001,93045.99999999999,2024-12-30 01:18:00+00:00,93661.45000000001,stop,0.43806710231370843,-0.2995143612576239,-1.3644408481598675,False
2024-12-30 07:00:00+00:00,London,1,2024-12-30 09:40:00+00:00,93914.9,93596.35,94551.99999999997,2024-12-30 11:04:00+00:00,93596.35,stop,0.6806889371220044,-0.4191900539743836,-1.235855972374832,False
2024-12-30 13:30:00+00:00,NY,-1,2024-12-30 14:41:00+00:00,92569.0,92968.8,91769.4,2024-12-30 14:59:00+00:00,91769.4,target,0.8600734870193073,0.8037880932061552,1.8610770385192608,False
2024-12-31 00:00:00+00:00,Asia,-1,2024-12-31 01:10:00+00:00,92345.0,92610.2,91814.6,2024-12-31 02:30:00+00:00,92610.2,stop,0.5727230909770136,-0.3671839298283579,-1.2785671191553574,True
2025-01-02 07:00:00+00:00,London,1,2025-01-02 08:15:00+00:00,95897.4,95695.29999999999,96301.6,2025-01-02 08:24:00+00:00,95695.29999999999,stop,0.4223822904573131,-0.29074606819372145,-1.3796037605145857,False
2025-01-02 13:30:00+00:00,NY,1,2025-01-02 15:19:00+00:00,96778.5,96344.65,97646.20000000001,2025-01-02 15:22:00+00:00,96344.65,stop,0.9006208440219536,-0.5282917176852358,-1.178455226460756,False
2025-01-03 07:00:00+00:00,London,-1,2025-01-03 08:44:00+00:00,96236.6,96425.70000000001,95858.4,2025-01-03 09:17:00+00:00,96425.70000000001,stop,0.39221908682021184,-0.2764948886390477,-1.4071352723426633,False
2025-01-03 13:30:00+00:00,NY,1,2025-01-03 14:41:00+00:00,97103.5,96778.0,97754.5,2025-01-03 14:48:00+00:00,96778.0,stop,0.6726735415073674,-0.4152093384893438,-1.2386568356374807,False
2025-01-04 00:00:00+00:00,Asia,1,2025-01-04 03:00:00+00:00,98260.0,98044.05,98691.9,2025-01-04 03:20:00+00:00,98044.05,stop,0.4405162781423188,-0.29977406879706603,-1.3640101875434176,False
2025-01-04 13:30:00+00:00,NY,1,2025-01-04 15:25:00+00:00,98032.1,97865.20000000001,98365.9,2025-01-04 15:26:00+00:00,97865.20000000001,stop,0.3410814058521342,-0.25025035677088847,-1.469896225284618,False
2025-01-05 13:30:00+00:00,NY,1,2025-01-05 15:46:00+00:00,97988.0,97607.5,98749.0,2025-01-05 18:03:00+00:00,97607.5,stop,0.7796532028788771,-0.4683128546352614,-1.2060194480946123,False
2025-01-06 00:00:00+00:00,Asia,-1,2025-01-06 01:31:00+00:00,98150.0,98454.75,97540.5,2025-01-06 01:53:00+00:00,98454.75,stop,0.6190661192070469,-0.3904941416199694,-1.2576538146021328,False
2025-01-06 07:00:00+00:00,London,1,2025-01-06 08:16:00+00:00,99504.5,99316.25,99881.0,2025-01-06 08:25:00+00:00,99316.25,stop,0.37909204183605405,-0.269187423684356,-1.4228610889774236,False
2025-01-07 00:00:00+00:00,Asia,-1,2025-01-07 01:06:00+00:00,101890.3,102326.20000000001,101018.49999999999,2025-01-07 06:59:00+00:00,101771.0,time,0.8519812130226694,0.0570867099223409,0.13343844918559702,True
2025-01-07 07:00:00+00:00,London,-1,2025-01-07 10:05:00+00:00,101600.9,101793.5,101215.69999999998,2025-01-07 11:32:00+00:00,101215.69999999998,target,0.37841315997584485,0.319130499828261,1.6834862928349006,True
2025-01-07 13:30:00+00:00,NY,-1,2025-01-07 14:35:00+00:00,100456.1,100685.15,99998.00000000003,2025-01-07 14:43:00+00:00,100685.15,stop,0.454982686125999,-0.3080100461793642,-1.350861733246034,True
2025-01-08 00:00:00+00:00,Asia,-1,2025-01-08 03:13:00+00:00,96669.4,96955.79999999999,96096.6,2025-01-08 04:47:00+00:00,96096.6,target,0.5907846668275678,0.5325349697008448,1.7974803072625658,True
2025-01-08 07:00:00+00:00,London,1,2025-01-08 08:21:00+00:00,95798.0,95510.0,96374.0,2025-01-08 09:58:00+00:00,95510.0,stop,0.6030782117055805,-0.3806325810559719,-1.2661055555555556,True
2025-01-08 13:30:00+00:00,NY,1,2025-01-08 14:36:00+00:00,95637.9,95373.95,96165.79999999999,2025-01-08 14:37:00+00:00,95373.95,stop,0.5535054383298523,-0.3559889123454165,-1.2898667171812874,True
2025-01-09 00:00:00+00:00,Asia,1,2025-01-09 01:07:00+00:00,95118.3,94942.45000000001,95469.99999999999,2025-01-09 01:10:00+00:00,94942.45000000001,stop,0.37043493189821525,-0.26487504507543896,-1.432724708558452,True
2025-01-09 07:00:00+00:00,London,-1,2025-01-09 08:12:00+00:00,93156.0,93714.8,92038.4,2025-01-09 11:20:00+00:00,93714.8,stop,1.192554431103738,-0.679854008330116,-1.133365783822476,True
2025-01-10 00:00:00+00:00,Asia,1,2025-01-10 01:05:00+00:00,92815.0,92605.45,93234.1,2025-01-10 01:09:00+00:00,92605.45,stop,0.4525651568023327,-0.3057716963852857,-1.3543402529229251,True
2025-01-10 13:30:00+00:00,NY,-1,2025-01-10 15:18:00+00:00,92702.0,93737.85,90630.29999999999,2025-01-10 15:38:00+00:00,93737.85,stop,2.2100997622625194,-1.1973976828978943,-1.0715949220446972,True
2025-01-11 00:00:00+00:00,Asia,-1,2025-01-11 01:45:00+00:00,94300.2,94500.1,93900.39999999998,2025-01-11 04:32:00+00:00,93900.39999999998,target,0.423068335377426,0.3639651665638222,1.7169578789394822,True
2025-01-12 13:30:00+00:00,NY,1,2025-01-12 15:35:00+00:00,94949.8,94711.25,95426.90000000001,2025-01-12 19:22:00+00:00,94711.25,stop,0.5037416357613334,-0.33123802261827084,-1.3184231398029724,False
2025-01-13 00:00:00+00:00,Asia,-1,2025-01-13 02:16:00+00:00,94402.4,95168.45,92870.29999999999,2025-01-13 06:59:00+00:00,93604.0,time,1.609882266654554,0.785741209969232,0.9682900071796768,False
2025-01-13 07:00:00+00:00,London,-1,2025-01-13 08:15:00+00:00,93433.2,93682.54999999999,92934.50000000001,2025-01-13 08:22:00+00:00,92934.50000000001,target,0.5323296601127928,0.473750315733575,1.7751757770202448,False
2025-01-13 13:30:00+00:00,NY,-1,2025-01-13 14:40:00+00:00,90600.0,91050.0,89700.0,2025-01-13 14:43:00+00:00,91050.0,stop,0.9884678747940692,-0.5766887417218542,-1.1610666666666665,False
2025-01-14 00:00:00+00:00,Asia,1,2025-01-14 01:16:00+00:00,94852.1,94578.75,95398.80000000002,2025-01-14 01:48:00+00:00,94578.75,stop,0.578036821167558,-0.36818550142801876,-1.2775989756722093,True
2025-01-14 13:30:00+00:00,NY,-1,2025-01-14 16:07:00+00:00,95880.0,96565.0,94510.0,2025-01-14 18:05:00+00:00,96565.0,stop,1.4187334955729303,-0.7944347100542345,-1.1119766423357664,True
2025-01-15 00:00:00+00:00,Asia,1,2025-01-15 02:00:00+00:00,97300.0,96875.1,98149.79999999999,2025-01-15 02:30:00+00:00,96875.1,stop,0.8772119977166504,-0.5166906474820083,-1.1831960461285032,False
2025-01-15 07:00:00+00:00,London,-1,2025-01-15 10:31:00+00:00,97061.9,97305.54999999999,96574.6,2025-01-15 11:16:00+00:00,96574.6,target,0.5007936340732907,0.44205075317914483,1.7609803406525697,False
2025-01-15 13:30:00+00:00,NY,1,2025-01-15 15:06:00+00:00,99410.0,98325.0,101580.0,2025-01-15 23:59:00+00:00,100460.0,time,2.20696669209255,0.996231767427824,0.91276866359447,False
2025-01-16 00:00:00+00:00,Asia,-1,2025-01-16 02:58:00+00:00,99612.0,100231.0,98374.0,2025-01-16 06:59:00+00:00,99749.0,time,1.2351468108668975,-0.19753363048628678,-0.31787915993537963,True
2025-01-16 13:30:00+00:00,NY,-1,2025-01-16 15:51:00+00:00,98700.4,99042.5,98016.19999999998,2025-01-16 15:58:00+00:00,99042.5,stop,0.6908145493096516,-0.4266044717144063,-1.230810640163691,True
2025-01-17 07:00:00+00:00,London,1,2025-01-17 08:30:00+00:00,101845.6,101600.85,102335.1,2025-01-17 10:33:00+00:00,102335.1,target,0.4817873078817746,0.4206295019126992,1.7503274361593464,True
2025-01-17 13:30:00+00:00,NY,1,2025-01-17 14:35:00+00:00,102796.8,102573.25,103243.90000000001,2025-01-17 14:39:00+00:00,102573.25,stop,0.435883624629234,-0.2974678589216813,-1.3678704540371234,True
2025-01-18 07:00:00+00:00,London,-1,2025-01-18 08:13:00+00:00,102561.0,103010.35,101662.29999999999,2025-01-18 08:33:00+00:00,103010.35,stop,0.8724366046712753,-0.5181295034174841,-1.1825944141537754,True
2025-01-18 13:30:00+00:00,NY,1,2025-01-18 15:40:00+00:00,104542.1,103981.05,105664.20000000001,2025-01-18 16:16:00+00:00,103981.05,stop,1.0791389392586492,-0.616673741966158,-1.1490663577221272,True
2025-01-19 00:00:00+00:00,Asia,1,2025-01-19 01:35:00+00:00,104524.4,104302.2,104968.79999999999,2025-01-19 02:24:00+00:00,104968.79999999999,target,0.42606963228004224,0.3651638851789575,1.7177558955895553,False
2025-01-19 07:00:00+00:00,London,-1,2025-01-19 08:09:00+00:00,104931.8,105256.25,104282.90000000001,2025-01-19 09:02:00+00:00,104282.90000000001,target,0.6164954575143938,0.5584016666063045,1.805951363846508,False
2025-01-19 13:30:00+00:00,NY,-1,2025-01-19 15:11:00+00:00,104763.3,105253.20000000001,103783.49999999999,2025-01-19 18:13:00+00:00,105253.20000000001,stop,0.9308980629567584,-0.5476255902591926,-1.1710770361298193,False
2025-01-20 00:00:00+00:00,Asia,1,2025-01-20 02:30:00+00:00,101636.8,100568.9,103772.60000000002,2025-01-20 06:42:00+00:00,103772.60000000002,target,2.123718167345972,2.0414042157958705,1.9428953272778355,True
2025-01-21 00:00:00+00:00,Asia,-1,2025-01-21 01:35:00+00:00,101100.0,101885.35,99529.29999999999,2025-01-21 02:10:00+00:00,101885.35,stop,1.5416347885147346,-0.8568051434223598,-1.1029859298401978,True
2025-01-21 07:00:00+00:00,London,1,2025-01-21 09:17:00+00:00,102463.0,102122.05,103144.9,2025-01-21 09:26:00+00:00,102122.05,stop,0.667730426484774,-0.4127542625142706,-1.240417656547883,True
2025-01-21 13:30:00+00:00,NY,-1,2025-01-21 16:06:00+00:00,104311.0,104784.5,103364.0,2025-01-21 16:08:00+00:00,104784.5,stop,0.9037596209363026,-0.5339310331604529,-1.1762382259767685,True
2025-01-22 00:00:00+00:00,Asia,-1,2025-01-22 01:35:00+00:00,105769.8,106034.25,105240.90000000001,2025-01-22 02:27:00+00:00,106034.25,stop,0.49880109492922725,-0.33002410896115625,-1.319969143505392,True
2025-01-22 07:00:00+00:00,London,-1,2025-01-22 08:08:00+00:00,105037.2,105361.45,104388.7,2025-01-22 11:53:00+00:00,105361.45,stop,0.6155002612435573,-0.38870015575434225,-1.2591511488049345,True
2025-01-22 13:30:00+00:00,NY,1,2025-01-22 15:15:00+00:00,104922.9,104291.54999999999,106185.6,2025-01-22 15:30:00+00:00,104291.54999999999,stop,1.2107404674683588,-0.6817275542326849,-1.1329505345687798,True
2025-01-23 13:30:00+00:00,NY,1,2025-01-23 15:08:00+00:00,102699.8,102098.4,103902.60000000002,2025-01-23 15:20:00+00:00,103902.60000000002,target,1.17807918635356,1.1111804696796073,1.8975392750249434,False
2025-01-24 00:00:00+00:00,Asia,-1,2025-01-24 02:16:00+00:00,103373.9,103745.7,102630.29999999999,2025-01-24 03:28:00+00:00,103745.7,stop,0.7167525979390046,-0.43966525399545037,-1.2224290478751998,True
2025-01-24 07:00:00+00:00,London,1,2025-01-24 08:15:00+00:00,105155.0,104883.8,105697.4,2025-01-24 09:24:00+00:00,105697.4,target,0.5171437343040528,0.4558099947696203,1.7673561946902632,True
2025-01-24 13:30:00+00:00,NY,1,2025-01-24 14:40:00+00:00,105288.0,105050.0,105764.0,2025-01-24 14:42:00+00:00,105764.0,target,0.45311756306520706,0.39209330597978875,1.7345680672268908,True
2025-01-25 00:00:00+00:00,Asia,1,2025-01-25 03:35:00+00:00,104808.1,104559.05,105306.20000000001,2025-01-25 05:01:00+00:00,104559.05,stop,0.47638152795000127,-0.31762476373486676,-1.3366652479421763,True
2025-01-27 00:00:00+00:00,Asia,-1,2025-01-27 01:16:00+00:00,101500.0,102358.25,99783.5,2025-01-27 05:51:00+00:00,99783.5,target,1.6769532499822926,1.6311330049261084,1.9290416545295659,False
2025-01-27 07:00:00+00:00,London,1,2025-01-27 10:00:00+00:00,99357.8,98518.9,101035.60000000002,2025-01-27 10:51:00+00:00,98518.9,stop,1.703023480773743,-0.924322237408647,-1.094750554297293,False
2025-01-27 13:30:00+00:00,NY,1,2025-01-27 15:16:00+00:00,101173.2,100550.25,102419.09999999999,2025-01-27 16:25:00+00:00,100550.25,stop,1.2390819515615268,-0.6957262990594318,-1.129927859378763,False
2025-01-28 00:00:00+00:00,Asia,-1,2025-01-28 01:10:00+00:00,101727.8,102286.95000000001,100609.49999999999,2025-01-28 02:47:00+00:00,102286.95000000001,stop,1.093296847740599,-0.6296530938445624,-1.1455463471340404,True
2025-01-28 07:00:00+00:00,London,-1,2025-01-28 09:31:00+00:00,102473.3,102877.85,101664.2,2025-01-28 09:56:00+00:00,102877.85,stop,0.786466668967121,-0.474785763706256,-1.202641552342107,True
2025-01-28 13:30:00+00:00,NY,1,2025-01-28 15:10:00+00:00,102768.0,102269.25,103765.5,2025-01-28 15:31:00+00:00,103765.5,target,0.9753664957941903,0.9106328818309202,1.8763693233082708,True
2025-01-29 00:00:00+00:00,Asia,1,2025-01-29 01:12:00+00:00,101770.3,101520.0,102270.90000000001,2025-01-29 01:33:00+00:00,101520.0,stop,0.4931048069345999,-0.3259460176495529,-1.325274630443464,False
2025-01-29 07:00:00+00:00,London,1,2025-01-29 08:07:00+00:00,102768.2,102592.79999999999,103119.00000000001,2025-01-29 09:02:00+00:00,102592.79999999999,stop,0.3419343267753711,-0.2506753645583057,-1.4687261117445605,False
2025-01-29 13:30:00+00:00,NY,-1,2025-01-29 14:50:00+00:00,101652.0,101898.5,101159.0,2025-01-29 14:53:00+00:00,101898.5,stop,0.483814776468741,-0.3224939991343013,-1.3299050709939149,False
2025-01-30 00:00:00+00:00,Asia,1,2025-01-30 02:01:00+00:00,104082.8,103653.65,104941.10000000002,2025-01-30 03:46:00+00:00,104941.10000000002,target,0.8280460938905702,0.7646319276576126,1.8544805312827712,False
2025-01-30 07:00:00+00:00,London,1,2025-01-30 10:00:00+00:00,105309.3,105036.1,105855.7,2025-01-30 11:10:00+00:00,105036.1,stop,0.5202021019440066,-0.3394262804899445,-1.3083727672035173,False
2025-01-30 13:30:00+00:00,NY,1,2025-01-30 17:06:00+00:00,105299.8,104953.5,105992.40000000001,2025-01-30 17:38:00+00:00,104953.5,stop,0.659911294049275,-0.40887052017193093,-1.2432568293387216,False
2025-01-31 00:00:00+00:00,Asia,-1,2025-01-31 02:36:00+00:00,104356.1,104669.15,103730.00000000003,2025-01-31 06:46:00+00:00,104669.15,stop,0.5981705211134238,-0.3799824638904562,-1.2666822552308037,False
2025-01-31 07:00:00+00:00,London,-1,2025-01-31 09:21:00+00:00,103982.3,104379.35,103188.2,2025-01-31 10:53:00+00:00,104379.35,stop,0.7607826643871525,-0.4618438330369716,-1.20950973429039,False
2025-01-31 13:30:00+00:00,NY,-1,2025-01-31 14:41:00+00:00,104400.0,104655.35,103889.29999999999,2025-01-31 15:02:00+00:00,104655.35,stop,0.4879826974922898,-0.32458812260536957,-1.3270804777755947,False
2025-02-01 00:00:00+00:00,Asia,1,2025-02-01 01:15:00+00:00,102538.7,102349.5,102917.09999999999,2025-02-01 02:59:00+00:00,102349.5,stop,0.3697135794507977,-0.26451569992597634,-1.4335674418604718,True
2025-02-01 13:30:00+00:00,NY,-1,2025-02-01 15:06:00+00:00,101770.0,102007.3,101295.4,2025-02-01 15:09:00+00:00,102007.3,stop,0.4652608195688013,-0.31317284071927176,-1.3430931310577285,True
2025-02-02 00:00:00+00:00,Asia,1,2025-02-02 01:31:00+00:00,101248.9,100850.9,102044.9,2025-02-02 02:16:00+00:00,100850.9,stop,0.7892839825921236,-0.47309069036799417,-1.2035153768844222,False
2025-02-02 07:00:00+00:00,London,-1,2025-02-02 08:22:00+00:00,99560.3,99896.9,98887.10000000002,2025-02-02 08:32:00+00:00,99896.9,stop,0.6738947855238722,-0.41808656663347865,-1.236625787284617,False
2025-02-02 13:30:00+00:00,NY,-1,2025-02-02 16:51:00+00:00,98460.1,98919.25,97541.80000000002,2025-02-02 17:35:00+00:00,97541.80000000002,target,0.9283329584484197,0.8726620631098164,1.8713360339758234,False
2025-02-03 00:00:00+00:00,Asia,-1,2025-02-03 01:27:00+00:00,95325.6,96536.8,92903.20000000001,2025-02-03 01:49:00+00:00,92903.20000000001,target,2.509302152132652,2.4811851590758347,1.9527779392338176,True
2025-02-03 07:00:00+00:00,London,1,2025-02-03 09:17:00+00:00,95373.1,94589.4,96940.50000000003,2025-02-03 13:01:00+00:00,94589.4,stop,1.6570567103713618,-0.9017201705722175,-1.0973567436519063,True
2025-02-04 00:00:00+00:00,Asia,-1,2025-02-04 01:08:00+00:00,101001.0,101309.9,100383.20000000001,2025-02-04 01:38:00+00:00,101309.9,stop,0.6098120716731562,-0.3858385560538947,-1.2615759145354533,True
2025-02-04 07:00:00+00:00,London,-1,2025-02-04 08:06:00+00:00,98274.2,98855.1,97112.39999999998,2025-02-04 10:44:00+00:00,98855.1,stop,1.175255500222045,-0.6711012249400237,-1.1353406093992062,True
2025-02-04 13:30:00+00:00,NY,1,2025-02-04 15:04:00+00:00,99484.0,99010.0,100432.0,2025-02-04 15:16:00+00:00,99010.0,stop,0.9574790425209576,-0.5564585259941296,-1.1679054852320674,True
2025-02-05 00:00:00+00:00,Asia,1,2025-02-05 01:19:00+00:00,98360.0,98008.05,99063.9,2025-02-05 01:30:00+00:00,98008.05,stop,0.7182063106040719,-0.4378182187881222,-1.2235772126722564,True
2025-02-05 07:00:00+00:00,London,-1,2025-02-05 09:45:00+00:00,97320.0,97625.9,96708.20000000001,2025-02-05 10:18:00+00:00,97625.9,stop,0.6266779614835847,-0.39432387998355345,-1.2545145472376644,True
2025-02-05 13:30:00+00:00,NY,1,2025-02-05 14:40:00+00:00,98758.0,98546.1,99181.79999999999,2025-02-05 14:52:00+00:00,98546.1,stop,0.4300525337887576,-0.29456489600841873,-1.372847569608316,True
2025-02-06 00:00:00+00:00,Asia,1,2025-02-06 01:11:00+00:00,96954.5,96663.95,97535.6,2025-02-06 04:18:00+00:00,97535.6,target,0.6011548255580346,0.5393533049007584,1.7997842023748085,False
2025-02-06 07:00:00+00:00,London,-1,2025-02-06 08:35:00+00:00,97960.0,98146.5,97587.0,2025-02-06 08:53:00+00:00,98146.5,stop,0.3800441177219768,-0.27038383013474887,-1.4202037533512064,False
2025-02-07 07:00:00+00:00,London,1,2025-02-07 09:31:00+00:00,97182.5,96891.25,97765.0,2025-02-07 12:01:00+00:00,97765.0,target,0.6011894778940307,0.5393877498520825,1.7997957081545064,False
2025-02-07 13:30:00+00:00,NY,1,2025-02-07 14:51:00+00:00,99970.0,98560.0,102790.0,2025-02-07 15:05:00+00:00,98560.0,stop,2.8612012987012987,-1.4904231269380814,-1.0567205673758866,False
2025-02-08 00:00:00+00:00,Asia,1,2025-02-08 03:15:00+00:00,96812.9,96550.45,97337.79999999999,2025-02-08 03:24:00+00:00,96550.45,stop,0.5436536028573602,-0.35108990640709775,-1.2951050485806852,True
2025-02-08 13:30:00+00:00,NY,-1,2025-02-08 16:00:00+00:00,95892.8,96179.4,95319.60000000002,2025-02-08 17:00:00+00:00,96179.4,stop,0.5959696151150841,-0.3788754108754685,-1.2676700628053117,True
2025-02-09 13:30:00+00:00,NY,1,2025-02-09 15:20:00+00:00,96293.6,95963.6,96953.6,2025-02-09 17:33:00+00:00,95963.6,stop,0.6877607759608851,-0.4227019033456013,-1.2334390303030303,False
2025-02-10 00:00:00+00:00,Asia,-1,2025-02-10 03:30:00+00:00,96414.0,96752.9,95736.20000000001,2025-02-10 03:33:00+00:00,96752.9,stop,0.7005474771298875,-0.4315049681581452,-1.2275928002360617,False
2025-02-10 07:00:00+00:00,London,1,2025-02-10 09:45:00+00:00,97440.2,97243.85,97832.89999999998,2025-02-10 10:14:00+00:00,97832.89999999998,target,0.40383016509527037,0.34301641416990375,1.7022453781512474,False
2025-02-10 13:30:00+00:00,NY,-1,2025-02-10 14:53:00+00:00,97377.6,97852.8,96427.20000000001,2025-02-10 23:59:00+00:00,97379.2,time,0.9712547826939998,-0.06164308834885155,-0.12631851851850093,False
2025-02-11 13:30:00+00:00,NY,-1,2025-02-11 16:39:00+00:00,96529.3,97045.70000000001,95496.49999999999,2025-02-11 18:47:00+00:00,95496.49999999999,target,1.0642408679622104,1.009934206505193,1.8878435708752923,False
2025-02-12 00:00:00+00:00,Asia,1,2025-02-12 01:06:00+00:00,96086.4,95850.79999999999,96557.6,2025-02-12 01:15:00+00:00,95850.79999999999,stop,0.49159735755987133,-0.32519599027542484,-1.326269609507632,True
2025-02-12 07:00:00+00:00,London,1,2025-02-12 08:19:00+00:00,96130.1,95942.1,96506.1,2025-02-12 10:49:00+00:00,95942.1,stop,0.3919030331835555,-0.27556829754676215,-1.4090642553191488,True
2025-02-13 00:00:00+00:00,Asia,1,2025-02-13 01:11:00+00:00,97822.2,97651.1,98164.39999999998,2025-02-13 02:22:00+00:00,97651.1,stop,0.3504312803439972,-0.2549091719466453,-1.4573802454705085,True
2025-02-13 07:00:00+00:00,London,-1,2025-02-13 08:50:00+00:00,95807.0,95996.0,95429.0,2025-02-13 09:03:00+00:00,95996.0,stop,0.3937664069336222,-0.27727159810869767,-1.4055322751322752,True
2025-02-13 13:30:00+00:00,NY,-1,2025-02-13 14:42:00+00:00,95702.0,95976.0,95154.0,2025-02-13 14:45:00+00:00,95976.0,stop,0.5709760773526715,-0.36630540636559317,-1.279421897810219,True
2025-02-14 00:00:00+00:00,Asia,-1,2025-02-14 01:51:00+00:00,96490.7,96723.2,96025.7,2025-02-14 02:09:00+00:00,96723.2,stop,0.48075332495202805,-0.32095586414027466,-1.3320110107526881,False
2025-02-14 13:30:00+00:00,NY,1,2025-02-14 15:04:00+00:00,96940.0,96699.5,97421.0,2025-02-14 15:12:00+00:00,96699.5,stop,0.4974172565525158,-0.3280916030534351,-1.3224615384615384,False
2025-02-15 13:30:00+00:00,NY,-1,2025-02-15 14:43:00+00:00,97500.0,97699.9,97100.20000000001,2025-02-15 23:59:00+00:00,97538.0,time,0.4092122919266068,-0.09897435897435897,-0.4827413706853567,False
2025-02-16 07:00:00+00:00,London,-1,2025-02-16 08:47:00+00:00,97137.0,97290.0,96831.0,2025-02-16 09:52:00+00:00,97290.0,stop,0.31452358926919516,-0.23750949689613637,-1.5079058823529412,False
2025-02-17 00:00:00+00:00,Asia,1,2025-02-17 02:11:00+00:00,96396.4,96198.2,96792.79999999999,2025-02-17 02:52:00+00:00,96198.2,stop,0.4120659222313871,-0.2856093381080591,-1.3890873864783104,False
2025-02-17 13:30:00+00:00,NY,-1,2025-02-17 15:35:00+00:00,96207.7,96603.85,95415.39999999998,2025-02-17 16:30:00+00:00,95415.39999999998,target,0.8201536481206523,0.7635307568936971,1.8542859522908022,False
2025-02-18 00:00:00+00:00,Asia,1,2025-02-18 01:25:00+00:00,96030.0,95769.4,96551.20000000001,2025-02-18 05:20:00+00:00,95769.4,stop,0.5442239379175364,-0.3513735291054939,-1.2947966231772765,False
2025-02-18 07:00:00+00:00,London,-1,2025-02-18 09:01:00+00:00,95252.0,95463.5,94829.0,2025-02-18 09:16:00+00:00,95463.5,stop,0.44310129002184084,-0.3020425817830597,-1.3602912529550826,False
2025-02-18 13:30:00+00:00,NY,-1,2025-02-18 14:40:00+00:00,96066.6,96401.95000000001,95395.9,2025-02-18 14:50:00+00:00,95395.9,target,0.6957328145333129,0.6381614838039564,1.8281199940360848,False
2025-02-19 00:00:00+00:00,Asia,-1,2025-02-19 01:05:00+00:00,95222.2,95511.0,94644.59999999999,2025-02-19 02:05:00+00:00,95511.0,stop,0.6047470971929996,-0.38329061920434826,-1.2637734072022133,False
2025-02-19 13:30:00+00:00,NY,1,2025-02-19 14:37:00+00:00,96454.1,96214.20000000001,96933.9,2025-02-19 14:42:00+00:00,96214.20000000001,stop,0.4986789891720795,-0.32871933904312434,-1.3216476865360645,False
2025-02-20 00:00:00+00:00,Asia,1,2025-02-20 02:16:00+00:00,96818.3,96592.15,97270.60000000002,2025-02-20 03:04:00+00:00,97270.60000000002,target,0.468257513679945,0.4071637490020146,1.7431307539243965,False
2025-02-20 13:30:00+00:00,NY,-1,2025-02-20 15:44:00+00:00,97221.0,97591.5,96480.0,2025-02-20 16:12:00+00:00,97591.5,stop,0.7592874379428537,-0.4610905051377788,-1.2099238866396762,False
2025-02-21 07:00:00+00:00,London,-1,2025-02-21 08:35:00+00:00,98106.5,98330.75,97658.0,2025-02-21 09:16:00+00:00,98330.75,stop,0.45611367756271565,-0.3085781268315555,-1.3499897435897437,False
2025-02-21 13:30:00+00:00,NY,-1,2025-02-21 14:47:00+00:00,98901.0,99166.25,98370.5,2025-02-21 15:11:00+00:00,99166.25,stop,0.53496023092534,-0.34819749041971265,-1.2982876531573986,False
2025-02-22 00:00:00+00:00,Asia,1,2025-02-22 01:10:00+00:00,96156.4,95929.15,96610.9,2025-02-22 06:59:00+00:00,96340.1,time,0.473787164798187,0.13104292589990021,0.5544825522552767,True
2025-02-24 00:00:00+00:00,Asia,-1,2025-02-24 01:16:00+00:00,96105.5,96287.75,95741.0,2025-02-24 01:41:00+00:00,95741.0,target,0.37855282733265655,0.3192706973066058,1.68360329218107,False
2025-02-25 00:00:00+00:00,Asia,1,2025-02-25 01:47:00+00:00,92142.7,91496.35,93435.39999999998,2025-02-25 06:33:00+00:00,91496.35,stop,1.4128432445665833,-0.781466312578198,-1.1140468167401578,True
2025-02-25 07:00:00+00:00,London,-1,2025-02-25 10:32:00+00:00,88131.6,89766.1,84862.6,2025-02-25 13:29:00+00:00,89000.0,time,3.641686560962323,-1.0453446436919267,-0.5636457387580265,True
2025-02-26 00:00:00+00:00,Asia,1,2025-02-26 02:01:00+00:00,88644.4,88373.15,89186.9,2025-02-26 03:08:00+00:00,89186.9,target,0.6138742366884059,0.551995794432587,1.8039202211981566,True
2025-02-26 07:00:00+00:00,London,-1,2025-02-26 08:29:00+00:00,88400.0,88766.65,87666.70000000001,2025-02-26 09:16:00+00:00,88766.65,stop,0.8260985403865112,-0.49476244343890746,-1.1928814946133948,True
2025-02-26 13:30:00+00:00,NY,1,2025-02-26 15:10:00+00:00,87859.3,86618.25,90341.40000000001,2025-02-26 16:16:00+00:00,86618.25,stop,2.865562395915417,-1.4925425538332342,-1.0566354619072558,True
2025-02-27 00:00:00+00:00,Asia,1,2025-02-27 01:46:00+00:00,84773.2,84386.6,85546.39999999998,2025-02-27 02:58:00+00:00,84386.6,stop,0.9162592165106747,-0.5360403523755046,-1.1754230729436148,True
2025-02-27 07:00:00+00:00,London,-1,2025-02-27 08:35:00+00:00,86061.4,86314.0,85556.19999999998,2025-02-27 09:03:00+00:00,86314.0,stop,0.5853048172950062,-0.37351137676124935,-1.2725618368962723,True
2025-02-27 13:30:00+00:00,NY,-1,2025-02-27 14:51:00+00:00,85537.0,86135.25,84340.5,2025-02-27 16:59:00+00:00,84340.5,target,1.3890944764193522,1.3388098717514059,1.9142127872962809,True
2025-02-28 00:00:00+00:00,Asia,-1,2025-02-28 01:21:00+00:00,84200.0,84529.3,83541.4,2025-02-28 01:27:00+00:00,83541.4,target,0.7791381213378152,0.7221852731591517,1.8465836623140008,True
2025-02-28 07:00:00+00:00,London,-1,2025-02-28 08:21:00+00:00,78787.0,79506.3,77348.4,2025-02-28 09:17:00+00:00,79506.3,stop,1.8094163607160763,-0.9929678754109219,-1.0876263033504794,True
2025-02-28 13:30:00+00:00,NY,1,2025-02-28 14:50:00+00:00,82344.0,81510.8,84010.4,2025-02-28 15:25:00+00:00,84010.4,target,2.0443916634360035,1.963705430875345,1.9407028324531923,True
2025-03-01 00:00:00+00:00,Asia,1,2025-03-01 02:00:00+00:00,84588.4,84183.7,85397.79999999999,2025-03-01 02:33:00+00:00,85397.79999999999,target,0.9614687879007388,0.8968687905197334,1.8745909562638983,True
2025-03-01 07:00:00+00:00,London,1,2025-03-01 08:42:00+00:00,85023.9,84861.35,85348.99999999997,2025-03-01 09:10:00+00:00,85348.99999999997,target,0.38309548457571235,0.3223630767348672,1.6861621654875198,True
2025-03-01 13:30:00+00:00,NY,1,2025-03-01 15:10:00+00:00,84808.5,84562.75,85300.0,2025-03-01 15:23:00+00:00,84562.75,stop,0.5812251848479384,-0.3697704829115006,-1.276080569684639,True
2025-03-02 00:00:00+00:00,Asia,1,2025-03-02 02:00:00+00:00,86284.8,86018.9,86816.60000000002,2025-03-02 02:25:00+00:00,86018.9,stop,0.6182362248296629,-0.3881655169856205,-1.2596007521624586,False
2025-03-02 07:00:00+00:00,London,-1,2025-03-02 08:05:00+00:00,86035.0,86172.5,85760.0,2025-03-02 08:12:00+00:00,85760.0,target,0.3191273318053904,0.25963735688963796,1.6245745454545455,False
2025-03-03 00:00:00+00:00,Asia,-1,2025-03-03 01:09:00+00:00,93247.6,93810.5,92121.80000000002,2025-03-03 06:40:00+00:00,92121.80000000002,target,1.2000788824278608,1.1473232984012331,1.9006065731035697,True
2025-03-04 00:00:00+00:00,Asia,-1,2025-03-04 01:05:00+00:00,85824.0,86298.75,84874.5,2025-03-04 01:38:00+00:00,84874.5,target,1.1002476860904706,1.0463338926174497,1.8915336492890995,True
2025-03-04 07:00:00+00:00,London,-1,2025-03-04 08:10:00+00:00,83100.3,83538.0,82224.90000000001,2025-03-04 08:25:00+00:00,83538.0,stop,1.047906342023982,-0.6067128999534263,-1.1518854009595623,True
2025-03-04 13:30:00+00:00,NY,1,2025-03-04 14:43:00+00:00,83496.6,82848.8,84792.20000000001,2025-03-04 15:00:00+00:00,82848.8,stop,1.5638126321684875,-0.8558399743223111,-1.1031140475455383,True
2025-03-05 00:00:00+00:00,Asia,1,2025-03-05 02:08:00+00:00,87249.7,86788.85,88171.39999999998,2025-03-05 03:59:00+00:00,86788.85,stop,1.0620027803110619,-0.608196658555836,-1.1514587392861046,True
2025-03-05 07:00:00+00:00,London,1,2025-03-05 08:24:00+00:00,87688.0,87498.5,88067.0,2025-03-05 09:07:00+00:00,88067.0,target,0.43315028257627275,0.37221421403156646,1.722359894459103,True
2025-03-05 13:30:00+00:00,NY,-1,2025-03-05 14:41:00+00:00,89080.1,89533.25,88173.80000000002,2025-03-05 14:42:00+00:00,89533.25,stop,1.0122496391005447,-0.58869947384432,-1.1572637757916824,True
2025-03-06 07:00:00+00:00,London,-1,2025-03-06 08:05:00+00:00,91222.0,91592.0,90482.0,2025-03-06 10:29:00+00:00,91592.0,stop,0.8079308236527207,-0.4856039113371775,-1.1972367567567568,True
2025-03-06 13:30:00+00:00,NY,-1,2025-03-06 14:45:00+00:00,89370.0,89907.75,88294.5,2025-03-06 14:50:00+00:00,89907.75,stop,1.1962261317850797,-0.6817119838872105,-1.1329539748953976,True
2025-03-07 07:00:00+00:00,London,-1,2025-03-07 08:25:00+00:00,88050.0,88309.95,87530.1,2025-03-07 08:49:00+00:00,88309.95,stop,0.5887218824152819,-0.37522998296422155,-1.2709751875360675,True
2025-03-07 13:30:00+00:00,NY,1,2025-03-07 14:59:00+00:00,90300.0,89518.7,91862.6,2025-03-07 15:16:00+00:00,89518.7,stop,1.7455570735500021,-0.9452270210409779,-1.0924612824779212,True
2025-03-08 07:00:00+00:00,London,-1,2025-03-08 08:15:00+00:00,86068.1,86284.05,85636.20000000001,2025-03-08 09:17:00+00:00,86284.05,stop,0.5005560123800333,-0.330905968645755,-1.3188445473489276,True
2025-03-08 13:30:00+00:00,NY,1,2025-03-08 15:30:00+00:00,86496.0,86343.2,86801.6,2025-03-08 15:55:00+00:00,86343.2,stop,0.35393638410437167,-0.25665556788753574,-1.4528586387434468,True
2025-03-09 00:00:00+00:00,Asia,-1,2025-03-09 03:07:00+00:00,86072.4,86250.79999999999,85715.6,2025-03-09 06:59:00+00:00,85864.6,time,0.41367732241324484,0.18142466109924713,0.8753170403587078,False
2025-03-09 07:00:00+00:00,London,-1,2025-03-09 08:45:00+00:00,85799.8,85964.05,85471.3,2025-03-09 09:57:00+00:00,85471.3,target,0.3821364861241414,0.32286802533339237,1.6865760730593609,False
2025-03-09 13:30:00+00:00,NY,-1,2025-03-09 15:50:00+00:00,82952.6,83740.0,81377.80000000002,2025-03-09 22:12:00+00:00,81377.80000000002,target,1.8805827561499744,1.8384335632638256,1.9367899923799843,False
2025-03-10 00:00:00+00:00,Asia,1,2025-03-10 01:10:00+00:00,81468.9,80734.95,82936.79999999999,2025-03-10 06:59:00+00:00,82297.4,time,1.8181716840104494,0.9569524812535828,1.0622231214660443,True
2025-03-10 07:00:00+00:00,London,-1,2025-03-10 08:20:00+00:00,82004.3,82333.0,81346.90000000001,2025-03-10 08:39:00+00:00,81346.90000000001,target,0.7984647711124266,0.7416652785280701,1.8503115911165184,True
2025-03-10 13:30:00+00:00,NY,-1,2025-03-10 16:41:00+00:00,79291.9,81072.04999999999,75731.6,2025-03-10 23:59:00+00:00,78567.8,time,4.391525809449747,0.853208032598527,0.38003812038311013,True
2025-03-11 00:00:00+00:00,Asia,1,2025-03-11 02:15:00+00:00,79208.4,77884.2,81856.79999999999,2025-03-11 06:59:00+00:00,80062.8,time,3.4004329504572097,1.0186734740254932,0.6093301314000986,True
2025-03-11 13:30:00+00:00,NY,-1,2025-03-11 14:52:00+00:00,79822.0,80801.0,77864.0,2025-03-11 15:07:00+00:00,80801.0,stop,2.423237336171582,-1.3064789155871817,-1.0652273748723187,True
2025-03-12 00:00:00+00:00,Asia,1,2025-03-12 01:27:00+00:00,83088.4,82821.95,83621.29999999999,2025-03-12 01:52:00+00:00,83621.29999999999,target,0.6434284631066935,0.5813651003028031,1.8128990805029066,True
2025-03-12 07:00:00+00:00,London,1,2025-03-12 08:05:00+00:00,82500.0,81892.75,83714.5,2025-03-12 12:30:00+00:00,83714.5,target,1.4830372652035742,1.412121212121212,1.9184849732400164,True
2025-03-12 13:30:00+00:00,NY,-1,2025-03-12 16:10:00+00:00,82134.2,82943.35,80515.89999999998,2025-03-12 19:18:00+00:00,82943.35,stop,1.951090714324901,-1.0651560007889633,-1.0812054130878073,True
2025-03-13 00:00:00+00:00,Asia,-1,2025-03-13 01:05:00+00:00,83404.3,83691.15,82830.60000000002,2025-03-13 01:15:00+00:00,83691.15,stop,0.6854966146360721,-0.42392711167168995,-1.2326074254837094,False
2025-03-13 07:00:00+00:00,London,-1,2025-03-13 08:15:00+00:00,83085.1,83315.5,82624.30000000002,2025-03-13 08:25:00+00:00,82624.30000000002,target,0.5530783587687625,0.4946120784593006,1.7836325520833278,False
2025-03-13 13:30:00+00:00,NY,-1,2025-03-13 15:44:00+00:00,81466.8,82290.5,79819.40000000001,2025-03-13 23:59:00+00:00,81085.4,time,2.0019321792916487,0.40816617321412985,0.4036905669540002,False
2025-03-14 00:00:00+00:00,Asia,1,2025-03-14 01:50:00+00:00,81651.0,81211.5,82530.0,2025-03-14 06:59:00+00:00,81996.1,time,1.0823590255074713,0.3626525088486435,0.6737415244596267,True
2025-03-14 07:00:00+00:00,London,1,2025-03-14 08:21:00+00:00,82425.0,82139.4,82996.20000000001,2025-03-14 10:41:00+00:00,82996.20000000001,target,0.6954031804468953,0.6329936305732625,1.8268382352941213,True
2025-03-15 00:00:00+00:00,Asia,1,2025-03-15 01:25:00+00:00,84306.9,84111.15,84698.4,2025-03-15 01:37:00+00:00,84111.15,stop,0.4654555311632287,-0.3121874010312323,-1.3445492720306513,True
2025-03-15 07:00:00+00:00,London,-1,2025-03-15 08:22:00+00:00,83752.9,83958.15,83342.4,2025-03-15 08:42:00+00:00,83958.15,stop,0.4889340701289869,-0.3250661409933268,-1.326442484774665,True
2025-03-15 13:30:00+00:00,NY,1,2025-03-15 17:30:00+00:00,84442.0,84268.65,84788.70000000001,2025-03-15 18:27:00+00:00,84268.65,stop,0.411422278629119,-0.2852888373084553,-1.3896948370348874,True
2025-03-16 07:00:00+00:00,London,-1,2025-03-16 10:09:00+00:00,83924.4,84132.2,83508.79999999999,2025-03-16 11:01:00+00:00,83508.79999999999,target,0.4939844673026568,0.43520759159434663,1.7576773820981748,False
2025-03-16 13:30:00+00:00,NY,1,2025-03-16 15:20:00+00:00,83067.5,82757.3,83687.9,2025-03-16 16:07:00+00:00,83687.9,target,0.7496619633554915,0.6868624913473912,1.8393278529980643,False
2025-03-17 00:00:00+00:00,Asia,1,2025-03-17 01:05:00+00:00,83125.7,82804.79999999999,83767.50000000001,2025-03-17 01:13:00+00:00,82804.79999999999,stop,0.7750758410140511,-0.4660418619031283,-1.2072314116547154,False
2025-03-17 07:00:00+00:00,London,1,2025-03-17 09:36:00+00:00,83599.7,83386.04999999999,84027.00000000001,2025-03-17 10:11:00+00:00,83386.04999999999,stop,0.5124358330919896,-0.33556311804947714,-1.313034214837338,False
2025-03-17 13:30:00+00:00,NY,1,2025-03-17 16:11:00+00:00,83704.8,83044.4,85025.60000000002,2025-03-17 23:59:00+00:00,83962.9,time,1.5904744931626973,0.2483455190144308,0.3147745608721813,False
2025-03-18 07:00:00+00:00,London,1,2025-03-18 08:05:00+00:00,83241.1,82778.75,84165.80000000002,2025-03-18 09:58:00+00:00,82778.75,stop,1.1170741283240102,-0.635434755187048,-1.1440313182653816,False
2025-03-19 07:00:00+00:00,London,1,2025-03-19 08:32:00+00:00,83329.9,83158.1,83673.49999999997,2025-03-19 10:31:00+00:00,83673.49999999997,target,0.4131888535211738,0.35233698828388943,1.7089759022118547,False
2025-03-19 13:30:00+00:00,NY,1,2025-03-19 15:10:00+00:00,84360.8,83974.4,85133.60000000002,2025-03-19 17:40:00+00:00,83974.4,stop,0.9202804664278672,-0.5380326407525874,-1.1746600414078636,False
2025-03-20 00:00:00+00:00,Asia,-1,2025-03-20 01:40:00+00:00,85900.0,86700.0,84300.0,2025-03-20 06:59:00+00:00,85714.8,time,1.845444059976932,0.15559953434225504,0.16707499999999637,True
2025-03-20 07:00:00+00:00,London,1,2025-03-20 09:29:00+00:00,85930.0,85788.4,86213.20000000001,2025-03-20 09:55:00+00:00,85788.4,stop,0.330114560942968,-0.24478529035261934,-1.4854802259886803,True
2025-03-20 13:30:00+00:00,NY,-1,2025-03-20 15:42:00+00:00,85076.7,85783.35,83663.39999999998,2025-03-20 16:50:00+00:00,83663.39999999998,target,1.6475225087385872,1.6012068874321848,1.9277633623434525,True
2025-03-21 00:00:00+00:00,Asia,1,2025-03-21 01:10:00+00:00,84499.0,84319.5,84858.0,2025-03-21 03:16:00+00:00,84319.5,stop,0.42576153795978394,-0.29242854945028934,-1.3765972144846796,False
2025-03-23 13:30:00+00:00,NY,1,2025-03-23 16:17:00+00:00,85186.4,84999.0,85561.19999999998,2025-03-23 16:34:00+00:00,84999.0,stop,0.4409463640748578,-0.299988167125262,-1.3636559231590293,False
2025-03-24 00:00:00+00:00,Asia,-1,2025-03-24 01:05:00+00:00,85827.4,86223.65,85034.9,2025-03-24 03:17:00+00:00,86223.65,stop,0.919121377951409,-0.5416823997930731,-1.1732792933753942,False
2025-03-24 07:00:00+00:00,London,1,2025-03-24 09:26:00+00:00,87142.3,86913.85,87599.2,2025-03-24 10:38:00+00:00,87599.2,target,0.5256929706830484,0.4643148275865959,1.7711298752462217,False
2025-03-25 00:00:00+00:00,Asia,-1,2025-03-25 01:51:00+00:00,87211.6,87427.8,86779.20000000001,2025-03-25 02:53:00+00:00,86779.20000000001,target,0.49457952733569205,0.4358056038416841,1.757969657724326,False
2025-03-25 07:00:00+00:00,London,1,2025-03-25 09:25:00+00:00,86771.4,86526.04999999999,87262.1,2025-03-25 09:36:00+00:00,87262.1,target,0.567112447638598,0.5055089119226055,1.787801752598334,False
2025-03-25 13:30:00+00:00,NY,1,2025-03-25 14:45:00+00:00,88032.0,87508.3,89079.4,2025-03-25 22:21:00+00:00,87508.3,stop,1.1969150354880556,-0.6748973100690624,-1.1344769906434988,False
2025-03-26 00:00:00+00:00,Asia,1,2025-03-26 01:30:00+00:00,87771.7,87481.9,88351.3,2025-03-26 02:15:00+00:00,87481.9,stop,0.662537050521298,-0.41017476020175403,-1.2422959282263606,False
2025-03-27 00:00:00+00:00,Asia,1,2025-03-27 01:10:00+00:00,87269.8,87011.05,87787.3,2025-03-27 06:59:00+00:00,87312.3,time,0.5947520458608418,-0.011300449869256027,-0.03811354589371979,False
2025-03-27 13:30:00+00:00,NY,1,2025-03-27 15:46:00+00:00,86723.6,86224.05,87722.70000000001,2025-03-27 23:59:00+00:00,87191.2,time,1.1587254368125899,0.47918425895602956,0.8318803723350793,False
2025-03-28 00:00:00+00:00,Asia,1,2025-03-28 01:41:00+00:00,87364.2,87108.85,87874.89999999998,2025-03-28 02:31:00+00:00,87108.85,stop,0.5862779729040127,-0.3722821933927069,-1.273708086939504,False
2025-03-28 07:00:00+00:00,London,-1,2025-03-28 08:32:00+00:00,85121.1,85486.3,84390.70000000001,2025-03-28 12:30:00+00:00,85486.3,stop,0.8544059106546829,-0.5090358089827283,-1.1864646221248647,False
2025-03-28 13:30:00+00:00,NY,-1,2025-03-28 14:53:00+00:00,84258.0,84894.0,82986.0,2025-03-28 23:59:00+00:00,84380.8,time,1.4983391052371193,-0.20574283747537672,-0.2725704402515769,False
2025-03-29 00:00:00+00:00,Asia,-1,2025-03-29 01:32:00+00:00,84308.5,84449.1,84027.29999999999,2025-03-29 02:44:00+00:00,84027.29999999999,target,0.3329816421963018,0.2735369506040454,1.640219772403998,True
2025-03-29 13:30:00+00:00,NY,-1,2025-03-29 15:46:00+00:00,82412.9,82626.4,81985.9,2025-03-29 16:12:00+00:00,82626.4,stop,0.5167839818750424,-0.33906138480747555,-1.308807119437939,True
2025-03-30 00:00:00+00:00,Asia,1,2025-03-30 01:17:00+00:00,82862.5,82656.7,83274.1,2025-03-30 02:42:00+00:00,83274.1,target,0.49796326250625284,0.43672650475185504,1.7584183673469422,False
2025-03-30 07:00:00+00:00,London,1,2025-03-30 09:05:00+00:00,83283.3,83150.15,83549.60000000002,2025-03-30 10:23:00+00:00,83150.15,stop,0.3202640043343313,-0.23987598954413272,-1.5003878332707143,False
2025-03-30 13:30:00+00:00,NY,1,2025-03-30 14:50:00+00:00,82938.4,82734.9,83345.4,2025-03-30 15:35:00+00:00,82734.9,stop,0.4919326668673075,-0.3253628234930985,-1.3260477641277642,False
2025-03-31 07:00:00+00:00,London,-1,2025-03-31 10:23:00+00:00,81700.0,81983.45,81133.1,2025-03-31 10:45:00+00:00,81983.45,stop,0.691481024523845,-0.4269400244798006,-1.230587405186102,False
2025-03-31 13:30:00+00:00,NY,1,2025-03-31 15:29:00+00:00,83600.0,82600.25,85599.5,2025-03-31 17:46:00+00:00,82600.25,stop,2.420694852618485,-1.2758732057416269,-1.0668967241810452,False
2025-04-01 00:00:00+00:00,Asia,1,2025-04-01 02:31:00+00:00,82775.4,82579.35,83167.49999999997,2025-04-01 03:16:00+00:00,83167.49999999997,target,0.47481604057187565,0.4136914590566482,1.7466705432287533,False
2025-04-02 00:00:00+00:00,Asia,-1,2025-04-02 01:13:00+00:00,84870.0,85043.95,84522.1,2025-04-02 01:35:00+00:00,85043.95,stop,0.40908259788026563,-0.2849605278661448,-1.3903190572003514,False
2025-04-03 00:00:00+00:00,Asia,1,2025-04-03 01:30:00+00:00,83365.1,82751.20000000001,84592.9,2025-04-03 06:59:00+00:00,83023.9,time,1.483724707315426,-0.4692839809464771,-0.6372683824727403,True
2025-04-03 07:00:00+00:00,London,1,2025-04-03 09:55:00+00:00,83464.9,83215.79999999999,83963.1,2025-04-03 10:40:00+00:00,83215.79999999999,stop,0.598684384455833,-0.37844880902032574,-1.2680526696105918,True
2025-04-03 13:30:00+00:00,NY,-1,2025-04-03 14:56:00+00:00,81608.0,82178.0,80468.0,2025-04-03 16:02:00+00:00,82178.0,stop,1.3872325926647036,-0.7784609352024312,-1.1145375438596492,True
2025-04-04 00:00:00+00:00,Asia,-1,2025-04-04 02:08:00+00:00,82960.8,83168.4,82545.60000000002,2025-04-04 05:37:00+00:00,83168.4,stop,0.49922807220049575,-0.33023866693666315,-1.3196947976878748,False
2025-04-04 07:00:00+00:00,London,1,2025-04-04 10:09:00+00:00,83987.0,83498.7,84963.6,2025-04-04 10:17:00+00:00,83498.7,stop,1.1695990476498508,-0.6613995023039314,-1.1375990169977466,False
2025-04-04 13:30:00+00:00,NY,-1,2025-04-04 14:52:00+00:00,82111.0,82800.95,80731.1,2025-04-04 15:01:00+00:00,82800.95,stop,1.6665267729416078,-0.9202650071244987,-1.0952080585549682,False
2025-04-05 00:00:00+00:00,Asia,1,2025-04-05 02:05:00+00:00,83861.4,83592.54999999999,84399.1,2025-04-05 03:52:00+00:00,83592.54999999999,stop,0.6432391403300858,-0.4005884948259937,-1.2495410823879434,False
2025-04-05 13:30:00+00:00,NY,1,2025-04-05 14:58:00+00:00,82910.0,82690.6,83348.79999999999,2025-04-05 15:10:00+00:00,82690.6,stop,0.5306528190628715,-0.34462429140030654,-1.3023154056517856,False
2025-04-06 13:30:00+00:00,NY,1,2025-04-06 14:53:00+00:00,82635.4,82395.4,83115.4,2025-04-06 15:11:00+00:00,82395.4,stop,0.582556793219039,-0.37043242968509865,-1.2754513333333333,False
2025-04-07 00:00:00+00:00,Asia,1,2025-04-07 02:38:00+00:00,78489.5,77933.9,79600.70000000001,2025-04-07 03:33:00+00:00,77933.9,stop,1.4258236787841967,-0.7878653832678331,-1.1130158387329,True
2025-04-07 07:00:00+00:00,London,1,2025-04-07 08:06:00+00:00,75456.2,74956.6,76455.39999999998,2025-04-07 08:35:00+00:00,76455.39999999998,target,1.3330380513523785,1.2642119269191696,1.9093800640512395,True
2025-04-08 07:00:00+00:00,London,-1,2025-04-08 08:44:00+00:00,79177.0,79428.6,78673.79999999999,2025-04-08 11:31:00+00:00,79428.6,stop,0.633524951969438,-0.39776904909254684,-1.2517551669316316,True
2025-04-09 00:00:00+00:00,Asia,-1,2025-04-09 01:48:00+00:00,75888.0,76361.3,74941.4,2025-04-09 02:08:00+00:00,76361.3,stop,1.2396331649670786,-0.7036822686063711,-1.1282704415803921,True
2025-04-09 13:30:00+00:00,NY,1,2025-04-09 17:09:00+00:00,78288.8,77547.20000000001,79771.99999999999,2025-04-09 17:21:00+00:00,79771.99999999999,target,1.9126415911857513,1.834523865482652,1.9366595469255656,True
2025-04-11 00:00:00+00:00,Asia,1,2025-04-11 01:35:00+00:00,79711.6,79323.55,80487.70000000001,2025-04-11 02:23:00+00:00,80487.70000000001,target,0.9783979663038351,0.9136349540092105,1.87675052183997,True
2025-04-11 07:00:00+00:00,London,1,2025-04-11 08:14:00+00:00,81388.0,81094.0,81976.0,2025-04-11 09:27:00+00:00,81976.0,target,0.7250844698744666,0.6624652282891828,1.8339020408163267,True
2025-04-12 00:00:00+00:00,Asia,-1,2025-04-12 01:20:00+00:00,83193.4,83365.5,82849.19999999998,2025-04-12 02:59:00+00:00,82849.19999999998,target,0.412880628077576,0.35373474338109956,1.7099590935502713,True
2025-04-12 07:00:00+00:00,London,1,2025-04-12 08:18:00+00:00,83785.4,83614.95,84126.29999999999,2025-04-12 08:23:00+00:00,83614.95,stop,0.40770221114764066,-0.28343639822689526,-1.3932432971545974,True
2025-04-12 13:30:00+00:00,NY,1,2025-04-12 14:35:00+00:00,84999.9,84325.15,86349.4,2025-04-12 23:59:00+00:00,85237.8,time,1.6003529196212518,0.21988268221493057,0.2769915672471416,True
2025-04-13 00:00:00+00:00,Asia,1,2025-04-13 01:19:00+00:00,85546.4,85258.25,86122.69999999998,2025-04-13 01:50:00+00:00,85258.25,stop,0.6759463160456477,-0.41683474699109985,-1.2375051882700032,False
2025-04-13 07:00:00+00:00,London,-1,2025-04-13 08:16:00+00:00,84372.6,84557.45000000001,84002.9,2025-04-13 08:32:00+00:00,84557.45000000001,stop,0.43721753671615815,-0.29908771330977807,-1.3651505545036402,False
2025-04-13 13:30:00+00:00,NY,1,2025-04-13 16:05:00+00:00,84159.3,83805.0,84867.90000000001,2025-04-13 17:20:00+00:00,84867.90000000001,target,0.8455342759978591,0.7819746837248003,1.8574779000846753,False
2025-04-14 00:00:00+00:00,Asia,1,2025-04-14 02:36:00+00:00,85167.9,84399.4,86704.9,2025-04-14 04:16:00+00:00,84399.4,stop,1.8211029936231777,-0.9823352695088173,-1.0886588418998049,False
2025-04-14 07:00:00+00:00,London,1,2025-04-14 08:48:00+00:00,84750.0,84460.1,85329.79999999999,2025-04-14 09:27:00+00:00,84460.1,stop,0.6864779937508988,-0.42206489675515535,-1.2338737495688215,False
2025-04-14 13:30:00+00:00,NY,1,2025-04-14 15:02:00+00:00,85068.0,84545.5,86113.0,2025-04-14 15:05:00+00:00,84545.5,stop,1.2360208408490103,-0.6942145107443457,-1.1302476555023924,False
2025-04-15 00:00:00+00:00,Asia,1,2025-04-15 01:35:00+00:00,84934.8,84618.9,85566.60000000002,2025-04-15 05:01:00+00:00,85566.60000000002,target,0.7466417077036016,0.6838647056330474,1.8386803418803463,False
2025-04-15 07:00:00+00:00,London,1,2025-04-15 08:05:00+00:00,85750.0,85550.8,86148.4,2025-04-15 10:36:00+00:00,85550.8,stop,0.4656882226700325,-0.31230320699708114,-1.3443775100401656,False
2025-04-15 13:30:00+00:00,NY,-1,2025-04-15 15:53:00+00:00,84779.1,85611.05,83115.20000000001,2025-04-15 23:59:00+00:00,83608.7,time,1.943557519736055,1.320528927530498,1.3456728649558418,False
2025-04-16 00:00:00+00:00,Asia,1,2025-04-16 02:05:00+00:00,83662.9,83381.45,84225.79999999999,2025-04-16 04:45:00+00:00,83381.45,stop,0.6750902029168289,-0.4164095674426742,-1.2378053650737277,False
2025-04-16 07:00:00+00:00,London,-1,2025-04-16 08:22:00+00:00,83273.1,83497.65,82824.00000000003,2025-04-16 08:27:00+00:00,83497.65,stop,0.5378594487389661,-0.3496549065664522,-1.2966754843019526,False
2025-04-16 13:30:00+00:00,NY,1,2025-04-16 14:56:00+00:00,84436.1,83944.75,85418.80000000002,2025-04-16 17:21:00+00:00,85418.80000000002,target,1.1706509340965476,1.1038386898494976,1.896892927648317,False
2025-04-17 00:00:00+00:00,Asia,1,2025-04-17 01:50:00+00:00,84179.3,84040.0,84457.90000000001,2025-04-17 02:16:00+00:00,84040.0,stop,0.3315088053308018,-0.2454801120940693,-1.4834417803302125,False
2025-04-17 07:00:00+00:00,London,-1,2025-04-17 08:25:00+00:00,84559.0,84801.2,84074.6,2025-04-17 12:03:00+00:00,84801.2,stop,0.5712183318160524,-0.3664272283257809,-1.27930305532618,False
2025-04-17 13:30:00+00:00,NY,-1,2025-04-17 14:41:00+00:00,83945.0,84300.75,83233.5,2025-04-17 15:05:00+00:00,84300.75,stop,0.8440019810025414,-0.5037893859074393,-1.1887730147575544,False
2025-04-18 00:00:00+00:00,Asia,1,2025-04-18 01:18:00+00:00,84982.9,84832.85,85282.99999999997,2025-04-18 02:07:00+00:00,84832.85,stop,0.3537544712926552,-0.2565649324746371,-1.4530911029657132,False
2025-04-18 07:00:00+00:00,London,1,2025-04-18 08:17:00+00:00,84700.0,84524.65,85050.70000000001,2025-04-18 09:13:00+00:00,84524.65,stop,0.41490855034596075,-0.2870247933884366,-1.38642714570857,False
2025-04-19 07:00:00+00:00,London,1,2025-04-19 09:32:00+00:00,85215.1,85047.85,85549.6,2025-04-19 13:29:00+00:00,85348.0,time,0.393308002495066,0.09595827500055058,0.4889144394618486,False
2025-04-20 07:00:00+00:00,London,-1,2025-04-20 08:39:00+00:00,84650.0,84780.05,84389.9,2025-04-20 10:15:00+00:00,84389.9,target,0.3067938742664174,0.24726520968695315,1.6094579008073906,False
2025-04-21 07:00:00+00:00,London,1,2025-04-21 08:30:00+00:00,87577.1,87437.8,87855.70000000001,2025-04-21 09:16:00+00:00,87437.8,stop,0.318626497921958,-0.2390598455532358,-1.502955348169408,False
2025-04-21 13:30:00+00:00,NY,-1,2025-04-21 17:16:00+00:00,86876.0,87628.0,85372.0,2025-04-21 23:59:00+00:00,87466.0,time,1.7163463733053361,-0.7391288733367098,-0.853890425531915,False
2025-04-22 07:00:00+00:00,London,1,2025-04-22 08:20:00+00:00,88445.0,88283.5,88768.0,2025-04-22 08:45:00+00:00,88283.5,stop,0.365866781448402,-0.2625993555316864,-1.4381176470588235,True
2025-04-22 13:30:00+00:00,NY,1,2025-04-22 15:42:00+00:00,90490.0,89911.3,91647.4,2025-04-22 18:01:00+00:00,91647.4,target,1.2872686747939293,1.219036357608569,1.906179367547952,True
2025-04-23 00:00:00+00:00,Asia,-1,2025-04-23 02:04:00+00:00,92730.0,93297.45,91595.1,2025-04-23 04:47:00+00:00,93297.45,stop,1.216431960359039,-0.6919378841798739,-1.1307322231033576,True
2025-04-23 07:00:00+00:00,London,1,2025-04-23 08:15:00+00:00,94263.0,93853.15,95082.70000000001,2025-04-23 09:59:00+00:00,93853.15,stop,0.873385709483376,-0.514794139800352,-1.1839951201659118,True
2025-04-23 13:30:00+00:00,NY,-1,2025-04-23 15:39:00+00:00,92634.5,93769.4,90364.70000000001,2025-04-23 17:03:00+00:00,93769.4,stop,2.4206190932223124,-1.3051375027662417,-1.065298792845185,True
2025-04-24 00:00:00+00:00,Asia,-1,2025-04-24 01:15:00+00:00,93200.0,93467.55,92664.9,2025-04-24 01:55:00+00:00,93467.55,stop,0.5724981557770648,-0.3670708154506469,-1.278676882825637,False
2025-04-24 07:00:00+00:00,London,-1,2025-04-24 08:20:00+00:00,92055.1,92325.85,91513.6,2025-04-24 09:17:00+00:00,92325.85,stop,0.5865096286684607,-0.37411732755708266,-1.272000295475531,False
2025-04-24 13:30:00+00:00,NY,1,2025-04-24 14:55:00+00:00,93200.0,92850.5,93899.0,2025-04-24 17:15:00+00:00,92850.5,stop,0.7528230865746549,-0.455,-1.2133333333333334,False
2025-04-25 00:00:00+00:00,Asia,1,2025-04-25 01:18:00+00:00,93981.0,93713.0,94517.0,2025-04-25 01:21:00+00:00,93713.0,stop,0.5719590665115832,-0.3651640225151892,-1.2805402985074628,False
2025-04-25 07:00:00+00:00,London,1,2025-04-25 10:20:00+00:00,93821.7,93638.9,94187.3,2025-04-25 10:21:00+00:00,93638.9,stop,0.39043602605326555,-0.2748376548282571,-1.4105982494529474,False
2025-04-25 13:30:00+00:00,NY,1,2025-04-25 14:50:00+00:00,95333.0,94604.5,96790.0,2025-04-25 17:46:00+00:00,94604.5,stop,1.540095872817889,-0.8441635110612274,-1.104689636238847,False
2025-04-26 00:00:00+00:00,Asia,1,2025-04-26 01:10:00+00:00,94899.1,94699.8,95297.70000000001,2025-04-26 02:17:00+00:00,94699.8,stop,0.42090901987122026,-0.2900125290966963,-1.3809296537882534,False
2025-04-26 13:30:00+00:00,NY,1,2025-04-26 14:50:00+00:00,94175.0,94004.0,94517.0,2025-04-26 16:43:00+00:00,94004.0,stop,0.36381430577422236,-0.26157685160605254,-1.4405847953216373,False
2025-04-27 00:00:00+00:00,Asia,1,2025-04-27 01:19:00+00:00,94943.1,94733.6,95362.1,2025-04-27 01:20:00+00:00,94733.6,stop,0.4422929140241688,-0.30065847860455364,-1.3625512171837708,False
2025-04-27 13:30:00+00:00,NY,-1,2025-04-27 16:37:00+00:00,93746.6,93943.70000000001,93352.4,2025-04-27 17:11:00+00:00,93943.70000000001,stop,0.41961302354494984,-0.29024762498053885,-1.3805037037036925,False
2025-04-28 00:00:00+00:00,Asia,-1,2025-04-28 02:20:00+00:00,93225.1,93492.0,92691.30000000002,2025-04-28 02:32:00+00:00,93492.0,stop,0.5709579429255854,-0.36629628715870954,-1.2794307980517108,False
2025-04-28 07:00:00+00:00,London,1,2025-04-28 08:30:00+00:00,94758.0,94599.05,95075.9,2025-04-28 08:49:00+00:00,94599.05,stop,0.3360498863360617,-0.24774309293146443,-1.4769197860962653,False
2025-04-28 13:30:00+00:00,NY,-1,2025-04-28 15:32:00+00:00,93784.2,94458.5,92435.59999999999,2025-04-28 19:03:00+00:00,94458.5,stop,1.4277169338916094,-0.7989910453999746,-1.1112670324781249,False
2025-04-29 00:00:00+00:00,Asia,1,2025-04-29 01:42:00+00:00,95200.0,94990.8,95618.4,2025-04-29 01:54:00+00:00,94990.8,stop,0.4404637080643538,-0.29974789915966077,-1.3640535372848999,False
2025-04-29 13:30:00+00:00,NY,1,2025-04-29 14:49:00+00:00,95029.4,94747.95,95592.29999999999,2025-04-29 15:20:00+00:00,94747.95,stop,0.5941025636966226,-0.37617150060928206,-1.2701137679872119,False
2025-04-30 00:00:00+00:00,Asia,1,2025-04-30 02:25:00+00:00,94591.8,94336.6,95102.2,2025-04-30 04:01:00+00:00,95102.2,target,0.5410413349643814,0.47958165506946077,1.7776054858934145,False
2025-04-30 07:00:00+00:00,London,1,2025-04-30 10:02:00+00:00,94834.7,94638.5,95227.09999999999,2025-04-30 12:32:00+00:00,94638.5,stop,0.41463040939997375,-0.28688629794789994,-1.386685830784919,False
2025-05-01 07:00:00+00:00,London,1,2025-05-01 08:26:00+00:00,95063.9,94909.15,95373.4,2025-05-01 09:32:00+00:00,95373.4,target,0.32610132953461285,0.2655704846950315,1.6314162197092086,False
2025-05-02 00:00:00+00:00,Asia,1,2025-05-02 01:05:00+00:00,96999.9,96699.95,97599.79999999999,2025-05-02 01:42:00+00:00,96699.95,stop,0.6203726061905867,-0.38922712291455674,-1.2587095182530446,True
2025-05-02 07:00:00+00:00,London,1,2025-05-02 09:16:00+00:00,96673.8,96478.45000000001,97064.49999999999,2025-05-02 11:24:00+00:00,97064.49999999999,target,0.40496090059489664,0.34414259085707044,1.7030750959815584,True
2025-05-02 13:30:00+00:00,NY,1,2025-05-02 15:26:00+00:00,97193.5,96898.2,97784.1,2025-05-02 19:36:00+00:00,96898.2,stop,0.6095056461317195,-0.38382690200476666,-1.263307822553333,True
2025-05-03 00:00:00+00:00,Asia,-1,2025-05-03 01:10:00+00:00,96573.9,96721.15,96279.4,2025-05-03 03:35:00+00:00,96279.4,target,0.30448355918017933,0.24494781716385075,1.6064900509337863,False
2025-05-04 00:00:00+00:00,Asia,-1,2025-05-04 01:51:00+00:00,95719.5,95864.3,95429.9,2025-05-04 01:52:00+00:00,95864.3,stop,0.30209368868286296,-0.23127534097023378,-1.528837016574575,False
2025-05-04 13:30:00+00:00,NY,1,2025-05-04 15:18:00+00:00,95537.1,95354.75,95901.80000000002,2025-05-04 16:00:00+00:00,95354.75,stop,0.38246652631359385,-0.27086825955571797,-1.4191372635042367,False
2025-05-05 00:00:00+00:00,Asia,-1,2025-05-05 02:17:00+00:00,94150.1,94450.1,93550.1,2025-05-05 05:39:00+00:00,94450.1,stop,0.6352560770184468,-0.39864012890055345,-1.2510669333333333,False
2025-05-05 07:00:00+00:00,London,-1,2025-05-05 08:55:00+00:00,94471.1,94624.8,94163.70000000001,2025-05-05 10:39:00+00:00,94163.70000000001,target,0.324861981214221,0.2653905162531125,1.6312123617436496,False
2025-05-05 13:30:00+00:00,NY,-1,2025-05-05 15:50:00+00:00,93600.0,94050.5,92699.0,2025-05-05 16:18:00+00:00,94050.5,stop,0.9579959702500254,-0.5613034188034188,-1.1662153163152054,False
2025-05-06 00:00:00+00:00,Asia,1,2025-05-06 01:30:00+00:00,94746.0,94562.75,95112.5,2025-05-06 01:38:00+00:00,94562.75,stop,0.38757333093633595,-0.27341185907584487,-1.4136251023192359,False
2025-05-06 07:00:00+00:00,London,-1,2025-05-06 08:58:00+00:00,94310.0,94455.0,94020.0,2025-05-06 10:41:00+00:00,94020.0,target,0.30702450902546186,0.24749655391793024,1.609751724137931,False
2025-05-06 13:30:00+00:00,NY,1,2025-05-06 15:40:00+00:00,94642.3,93984.65,95957.60000000002,2025-05-06 22:42:00+00:00,95957.60000000002,target,1.3994838518843267,1.3297591246197709,1.9136541017258433,False
2025-05-07 00:00:00+00:00,Asia,1,2025-05-07 01:05:00+00:00,97476.9,97096.5,98237.69999999998,2025-05-07 02:06:00+00:00,97096.5,stop,0.7835503854412759,-0.47024630450906235,-1.2049987381703502,True
2025-05-07 07:00:00+00:00,London,1,2025-05-07 08:43:00+00:00,96963.0,96734.4,97420.20000000001,2025-05-07 13:18:00+00:00,96734.4,stop,0.4726343472435836,-0.31576003217722826,-1.3393280839894925,True
2025-05-07 13:30:00+00:00,NY,-1,2025-05-07 16:41:00+00:00,96655.2,97038.45,95888.7,2025-05-07 18:09:00+00:00,95888.7,target,0.7898930784652888,0.7330251036674695,1.8486807045009785,True
2025-05-08 00:00:00+00:00,Asia,1,2025-05-08 01:10:00+00:00,97800.0,97315.75,98768.5,2025-05-08 02:31:00+00:00,98768.5,target,0.995214032671998,0.9302862985685072,1.8788229220443986,False
2025-05-08 13:30:00+00:00,NY,1,2025-05-08 14:36:00+00:00,99586.8,99318.45000000001,100123.49999999999,2025-05-08 14:59:00+00:00,99318.45000000001,stop,0.5403829802015607,-0.34946342286326226,-1.2968863051984445,False
2025-05-09 00:00:00+00:00,Asia,-1,2025-05-09 03:05:00+00:00,102511.0,102869.55,101793.9,2025-05-09 05:37:00+00:00,102869.55,stop,0.6970964682940732,-0.4297673420413447,-1.2287234695300497,True
2025-05-09 07:00:00+00:00,London,-1,2025-05-09 09:03:00+00:00,103091.0,103732.0,101809.0,2025-05-09 13:29:00+00:00,102949.9,time,1.2358770678286355,0.07686936784006929,0.12362776911077353,True
2025-05-09 13:30:00+00:00,NY,-1,2025-05-09 14:40:00+00:00,102576.8,103161.8,101406.8,2025-05-09 15:00:00+00:00,103161.8,stop,1.1341407381414437,-0.6503043963157361,-1.1402759658119659,True
2025-05-10 07:00:00+00:00,London,-1,2025-05-10 08:55:00+00:00,103585.0,103835.0,103085.0,2025-05-10 09:39:00+00:00,103835.0,stop,0.4815332017142582,-0.3213476854756963,-1.331472,False
2025-05-11 00:00:00+00:00,Asia,-1,2025-05-11 03:18:00+00:00,103886.9,104418.45,102823.79999999999,2025-05-11 06:59:00+00:00,103809.1,time,1.0181150936448546,0.014889134241168393,0.029099539083789445,False
2025-05-11 07:00:00+00:00,London,1,2025-05-11 08:27:00+00:00,103829.2,103556.25,104375.09999999999,2025-05-11 09:52:00+00:00,104375.09999999999,target,0.5271531172671801,0.4657673178643331,1.771762154240701,False
2025-05-11 13:30:00+00:00,NY,1,2025-05-11 15:23:00+00:00,104479.5,104103.05,105232.4,2025-05-11 15:48:00+00:00,104103.05,stop,0.7232256883924094,-0.4403099172564925,-1.2220310798246794,False
2025-05-12 00:00:00+00:00,Asia,1,2025-05-12 01:16:00+00:00,104600.0,104311.35,105177.29999999999,2025-05-12 01:20:00+00:00,104311.35,stop,0.5534392949568794,-0.3559560229445451,-1.2899012645071943,False
2025-05-12 13:30:00+00:00,NY,-1,2025-05-12 15:05:00+00:00,102588.0,103604.05,100555.9,2025-05-12 23:59:00+00:00,102739.3,time,1.9614098097516512,-0.20748313642921482,-0.20949047783081767,False
2025-05-13 00:00:00+00:00,Asia,-1,2025-05-13 02:25:00+00:00,102119.4,102431.65,101494.9,2025-05-13 03:28:00+00:00,101494.9,target,0.6096748417115219,0.551539041553319,1.8037737710168136,True
2025-05-13 07:00:00+00:00,London,1,2025-05-13 09:10:00+00:00,102900.0,102701.35,103297.29999999999,2025-05-13 09:34:00+00:00,103297.29999999999,target,0.38684983206160667,0.3261030126336136,1.6892021142713225,True
2025-05-13 13:30:00+00:00,NY,1,2025-05-13 16:44:00+00:00,103885.3,103324.1,105007.7,2025-05-13 23:59:00+00:00,104082.0,time,1.086290613709685,0.1293434393508967,0.23943125445473593,True
2025-05-14 00:00:00+00:00,Asia,-1,2025-05-14 02:00:00+00:00,103703.7,103895.1,103320.89999999998,2025-05-14 05:50:00+00:00,103895.1,stop,0.3684485601342151,-0.26456429230587597,-1.4334532915360303,True
2025-05-14 07:00:00+00:00,London,-1,2025-05-14 09:46:00+00:00,103314.0,103532.0,102878.0,2025-05-14 10:05:00+00:00,103532.0,stop,0.42112583549047633,-0.2910072207058095,-1.3791339449541284,True
2025-05-14 13:30:00+00:00,NY,-1,2025-05-14 14:35:00+00:00,103040.9,103679.95,101762.79999999999,2025-05-14 23:59:00+00:00,103458.1,time,1.2327359339968873,-0.46488776786694563,-0.7495885142007814,True
2025-05-15 07:00:00+00:00,London,-1,2025-05-15 09:43:00+00:00,101677.0,102039.95,100951.1,2025-05-15 11:07:00+00:00,102039.95,stop,0.7113880396844513,-0.4369637184417293,-1.2241124121779878,False
2025-05-15 13:30:00+00:00,NY,1,2025-05-15 15:41:00+00:00,102700.0,102079.5,103941.0,2025-05-15 17:20:00+00:00,103941.0,target,1.2157191208812739,1.1483739045764363,1.900692989524577,False
2025-05-16 00:00:00+00:00,Asia,-1,2025-05-16 01:05:00+00:00,103603.9,103801.9,103207.9,2025-05-16 01:33:00+00:00,103801.9,stop,0.3814959071076734,-0.27111249673033544,-1.418601616161616,True
2025-05-16 07:00:00+00:00,London,-1,2025-05-16 09:21:00+00:00,103640.0,103895.0,103130.0,2025-05-16 13:29:00+00:00,103454.1,time,0.4908802156022908,0.11937089926668679,0.48516078431370274,True
2025-05-16 13:30:00+00:00,NY,-1,2025-05-16 14:46:00+00:00,103400.0,103726.8,102746.4,2025-05-16 15:02:00+00:00,103726.8,stop,0.630116806842596,-0.3960541586073529,-1.2531211750305975,True
2025-05-17 00:00:00+00:00,Asia,-1,2025-05-17 02:23:00+00:00,103036.1,103265.9,102576.50000000003,2025-05-17 02:40:00+00:00,103265.9,stop,0.4450646341144475,-0.30302862783042867,-1.3586983463881819,False
2025-05-17 13:30:00+00:00,NY,1,2025-05-17 14:36:00+00:00,102994.0,102792.5,103397.0,2025-05-17 16:36:00+00:00,102792.5,stop,0.39205194931536835,-0.2756424646095889,-1.4089091811414391,False
2025-05-18 07:00:00+00:00,London,1,2025-05-18 08:10:00+00:00,103949.6,103666.70000000001,104515.4,2025-05-18 12:07:00+00:00,103666.70000000001,stop,0.5457876058560781,-0.3521511193886212,-1.2939543301520031,False
2025-05-18 13:30:00+00:00,NY,1,2025-05-18 14:35:00+00:00,104881.5,104373.1,105898.29999999999,2025-05-18 16:57:00+00:00,105898.29999999999,target,0.9741973746108937,0.9094750742504525,1.8762216758457892,False
2025-05-19 00:00:00+00:00,Asia,-1,2025-05-19 01:13:00+00:00,105130.0,106122.15,103145.70000000001,2025-05-19 04:06:00+00:00,103145.70000000001,target,1.8698264217225178,1.8274726529059149,1.9364229199213825,True
2025-05-19 13:30:00+00:00,NY,1,2025-05-19 14:40:00+00:00,103700.0,103016.75,105066.5,2025-05-19 16:30:00+00:00,105066.5,target,1.3264833146066053,1.2577434908389586,1.9089352360043907,True
2025-05-20 00:00:00+00:00,Asia,1,2025-05-20 01:59:00+00:00,106541.2,106026.1,107571.39999999998,2025-05-20 02:53:00+00:00,106026.1,stop,0.9716475471605548,-0.5634749373951028,-1.1654687633469256,True
2025-05-20 07:00:00+00:00,London,-1,2025-05-20 08:30:00+00:00,104868.5,105283.9,104037.70000000001,2025-05-20 09:02:00+00:00,105283.9,stop,0.789104506956907,-0.4761151346686509,-1.2019614829080434,True
2025-05-21 00:00:00+00:00,Asia,-1,2025-05-21 02:15:00+00:00,106400.0,106784.35,105631.29999999999,2025-05-21 02:49:00+00:00,106784.35,stop,0.7198620397089995,-0.4412312030075243,-1.221464810719393,True
2025-05-21 07:00:00+00:00,London,-1,2025-05-21 08:25:00+00:00,106400.0,107110.25,104979.5,2025-05-21 13:29:00+00:00,106401.1,time,1.3262036079646906,-0.06103383458647163,-0.09143259415699516,True
2025-05-21 13:30:00+00:00,NY,1,2025-05-21 14:45:00+00:00,107699.4,107050.65,108996.9,2025-05-21 15:03:00+00:00,108996.9,target,1.2120430842783299,1.144742087699653,1.90039361849711,True
2025-05-22 00:00:00+00:00,Asia,1,2025-05-22 01:09:00+00:00,110146.4,109649.9,111139.4,2025-05-22 01:47:00+00:00,109649.9,stop,0.9056095810392897,-0.5307637108430234,-1.1774765760322254,True
2025-05-22 07:00:00+00:00,London,-1,2025-05-22 08:35:00+00:00,110433.0,110766.5,109766.0,2025-05-22 09:39:00+00:00,110766.5,stop,0.6021676228823697,-0.38199306366756314,-1.2649067466266866,True
2025-05-23 00:00:00+00:00,Asia,-1,2025-05-23 01:10:00+00:00,111338.7,111554.54999999999,110907.00000000001,2025-05-23 02:21:00+00:00,111554.54999999999,stop,0.38698555997939765,-0.2738679003796445,-1.4126521195274662,False
2025-05-23 07:00:00+00:00,London,1,2025-05-23 10:16:00+00:00,110820.0,110645.2,111169.6,2025-05-23 11:21:00+00:00,110645.2,stop,0.31596490403560734,-0.2377332611442004,-1.507185354691067,False
2025-05-23 13:30:00+00:00,NY,-1,2025-05-23 16:23:00+00:00,108578.4,109274.0,107187.19999999998,2025-05-23 17:03:00+00:00,109274.0,stop,1.2731299302670458,-0.7206430744973272,-1.1248745255894181,False
2025-05-24 00:00:00+00:00,Asia,1,2025-05-24 01:12:00+00:00,107640.9,107238.45,108445.79999999999,2025-05-24 02:00:00+00:00,107238.45,stop,0.750570341141628,-0.4538820466941443,-1.213971226239286,True
2025-05-24 07:00:00+00:00,London,1,2025-05-24 08:55:00+00:00,108181.8,107850.9,108843.60000000002,2025-05-24 10:40:00+00:00,108843.60000000002,target,0.6136249210715933,0.5517480019744703,1.8038407978241213,True
2025-05-24 13:30:00+00:00,NY,1,2025-05-24 15:23:00+00:00,108946.6,108721.20000000001,109397.4,2025-05-24 16:10:00+00:00,108721.20000000001,stop,0.4146385433567721,-0.2868903481154934,-1.3866782608695751,True
2025-05-25 00:00:00+00:00,Asia,1,2025-05-25 03:20:00+00:00,108082.8,107658.4,108931.60000000002,2025-05-25 06:53:00+00:00,107658.4,stop,0.7884196681355128,-0.4726619221559848,-1.203737606032041,False
2025-05-26 00:00:00+00:00,Asia,1,2025-05-26 01:52:00+00:00,109571.1,109093.85,110525.6,2025-05-26 06:59:00+00:00,109885.3,time,0.874934746550791,0.22675444528712144,0.5206020743844885,False
2025-05-26 07:00:00+00:00,London,-1,2025-05-26 08:46:00+00:00,109677.4,109937.65,109156.9,2025-05-26 09:26:00+00:00,109937.65,stop,0.47345017835109265,-0.31728680658002467,-1.3371447454370797,False
2025-05-26 13:30:00+00:00,NY,1,2025-05-26 15:44:00+00:00,109932.0,109672.45,110451.1,2025-05-26 16:19:00+00:00,109672.45,stop,0.4733185043281205,-0.3161004984899783,-1.3388387593912503,False
2025-05-27 00:00:00+00:00,Asia,-1,2025-05-27 03:17:00+00:00,109084.0,109358.9,108534.20000000001,2025-05-27 05:27:00+00:00,108534.20000000001,target,0.502748290262615,0.44401525429942834,1.7619119679883544,False
2025-05-27 07:00:00+00:00,London,1,2025-05-27 08:05:00+00:00,109600.0,109190.3,110419.4,2025-05-27 13:13:00+00:00,110419.4,target,0.7504329597042907,0.687627737226272,1.8394923114473993,False
2025-05-27 13:30:00+00:00,NY,-1,2025-05-27 14:37:00+00:00,109473.3,110055.70000000001,108308.49999999999,2025-05-27 15:46:00+00:00,110055.70000000001,stop,1.0583731692224962,-0.6120018671219455,-1.15037541208791,False
2025-05-28 00:00:00+00:00,Asia,-1,2025-05-28 02:00:00+00:00,108631.0,108933.0,108027.0,2025-05-28 04:37:00+00:00,108933.0,stop,0.554469260921851,-0.35800535758669255,-1.287764238410596,True
2025-05-28 13:30:00+00:00,NY,-1,2025-05-28 14:40:00+00:00,107568.0,108255.7,106192.6,2025-05-28 23:59:00+00:00,107723.1,time,1.2705104673472105,-0.20418786256136195,-0.3193846153846252,True
2025-05-29 00:00:00+00:00,Asia,1,2025-05-29 02:50:00+00:00,108266.1,107822.35,109153.6,2025-05-29 04:13:00+00:00,107822.35,stop,0.8231132042660914,-0.48986975609170375,-1.1951839549295775,False
2025-05-29 13:30:00+00:00,NY,-1,2025-05-29 14:36:00+00:00,106882.0,107596.85,105452.29999999999,2025-05-29 14:49:00+00:00,107596.85,stop,1.3287563715852249,-0.7488216912108735,-1.1196133454570878,False
2025-05-30 07:00:00+00:00,London,1,2025-05-30 10:50:00+00:00,105810.1,105245.25,106939.80000000002,2025-05-30 12:10:00+00:00,105245.25,stop,1.0733976117687132,-0.6138337266480286,-1.149859396299901,True
2025-05-31 00:00:00+00:00,Asia,-1,2025-05-31 01:35:00+00:00,103501.0,103880.2,102742.6,2025-05-31 06:59:00+00:00,103807.3,time,0.7300717557340034,-0.35593916966986106,-0.9715205696202683,False
2025-05-31 13:30:00+00:00,NY,1,2025-05-31 15:05:00+00:00,104421.5,104180.75,104903.0,2025-05-31 23:59:00+00:00,104544.7,time,0.46217751360016124,0.05798336549465111,0.251493665628233,False
2025-06-01 00:00:00+00:00,Asia,-1,2025-06-01 02:51:00+00:00,104277.3,104438.45000000001,103954.99999999999,2025-06-01 03:24:00+00:00,103954.99999999999,target,0.3086028182149418,0.24907973259761948,1.611750667080381,False
2025-06-01 13:30:00+00:00,NY,1,2025-06-01 15:33:00+00:00,104666.3,104393.05,105212.8,2025-06-01 16:10:00+00:00,105212.8,target,0.523502282958492,0.4621355870991905,1.7701746386093322,False
2025-06-02 00:00:00+00:00,Asia,-1,2025-06-02 01:35:00+00:00,105351.8,105525.9,105003.60000000002,2025-06-02 02:52:00+00:00,105003.60000000002,target,0.32996638739873063,0.2705116761175248,1.636926593911527,False
2025-06-02 13:30:00+00:00,NY,1,2025-06-02 14:35:00+00:00,104546.7,104073.65,105492.8,2025-06-02 14:48:00+00:00,104073.65,stop,0.9090677611479864,-0.5324772183148802,-1.1768044815558598,False
2025-06-03 00:00:00+00:00,Asia,1,2025-06-03 02:01:00+00:00,106368.9,106034.4,107037.9,2025-06-03 02:17:00+00:00,106034.4,stop,0.630927321699373,-0.3944716171738168,-1.2543949775784753,False
2025-06-03 13:30:00+00:00,NY,1,2025-06-03 16:58:00+00:00,105754.3,105361.85,106539.2,2025-06-03 20:32:00+00:00,105361.85,stop,0.7449565473651124,-0.4510960216274866,-1.2155776277232784,False
2025-06-04 00:00:00+00:00,Asia,1,2025-06-04 01:18:00+00:00,105483.8,105277.9,105895.60000000002,2025-06-04 06:10:00+00:00,105277.9,stop,0.39115521871162223,-0.2751958499788676,-1.409844779018924,False
2025-06-04 13:30:00+00:00,NY,1,2025-06-04 15:20:00+00:00,105228.6,104670.15,106345.50000000003,2025-06-04 20:15:00+00:00,104670.15,stop,1.0670663985864248,-0.6107017293777658,-1.1507438087563762,False
2025-06-05 00:00:00+00:00,Asia,1,2025-06-05 01:24:00+00:00,104940.0,104767.4,105285.20000000001,2025-06-05 01:39:00+00:00,104767.4,stop,0.3294918075660913,-0.24447493805984924,-1.4863962920046183,False
2025-06-05 13:30:00+00:00,NY,-1,2025-06-05 16:41:00+00:00,103825.0,104750.6,101973.79999999999,2025-06-05 19:17:00+00:00,101973.79999999999,target,1.7672452472825901,1.723000240789802,1.9326977095937774,False
2025-06-06 00:00:00+00:00,Asia,1,2025-06-06 01:10:00+00:00,101854.7,101429.04999999999,102706.00000000001,2025-06-06 04:45:00+00:00,102706.00000000001,target,0.8393058990496342,0.775798446218012,1.8564247151415512,True
2025-06-06 07:00:00+00:00,London,1,2025-06-06 08:20:00+00:00,103424.5,103210.9,103851.70000000001,2025-06-06 11:20:00+00:00,103851.70000000001,target,0.41390977115788846,0.3530549337922946,1.7094817415730417,True
2025-06-06 13:30:00+00:00,NY,1,2025-06-06 17:06:00+00:00,104538.6,104179.55,105256.70000000001,2025-06-06 19:39:00+00:00,104179.55,stop,0.6892907485202285,-0.42346164957250515,-1.2329226570115563,True
2025-06-07 00:00:00+00:00,Asia,1,2025-06-07 02:59:00+00:00,104475.8,104137.95000000001,105151.49999999999,2025-06-07 06:49:00+00:00,105151.49999999999,target,0.6488508752092748,0.5867526451101428,1.814457658724281,True
2025-06-07 07:00:00+00:00,London,-1,2025-06-07 08:23:00+00:00,104779.4,105030.2,104277.79999999999,2025-06-07 10:16:00+00:00,105030.2,stop,0.4775769254938159,-0.31936002687551457,-1.3342245614035049,True
2025-06-07 13:30:00+00:00,NY,-1,2025-06-07 15:18:00+00:00,105351.2,105555.0,104943.59999999999,2025-06-07 16:04:00+00:00,105555.0,stop,0.3861494007863254,-0.27344819992558506,-1.4135473994111816,True
2025-06-09 00:00:00+00:00,Asia,-1,2025-06-09 02:05:00+00:00,105526.0,105727.9,105122.20000000001,2025-06-09 06:59:00+00:00,105646.6,time,0.3819237873825196,-0.1742846312757101,-0.910924219910902,False
2025-06-09 13:30:00+00:00,NY,1,2025-06-09 14:38:00+00:00,107685.9,107243.1,108571.49999999997,2025-06-09 19:24:00+00:00,108571.49999999997,target,0.8257873933148064,0.7623917894543081,1.8540841463414597,False
2025-06-10 00:00:00+00:00,Asia,-1,2025-06-10 01:07:00+00:00,109861.9,110070.95,109443.79999999999,2025-06-10 02:08:00+00:00,109443.79999999999,target,0.3798459084799448,0.32056869578990155,1.6846824204735753,True
2025-06-10 13:30:00+00:00,NY,-1,2025-06-10 14:49:00+00:00,108625.5,109178.35,107519.79999999999,2025-06-10 16:03:00+00:00,109178.35,stop,1.01274657475589,-0.5889504766376273,-1.1571862168761855,True
2025-06-11 00:00:00+00:00,Asia,-1,2025-06-11 01:14:00+00:00,109722.0,109984.5,109197.0,2025-06-11 06:59:00+00:00,109555.6,time,0.477339988816606,0.09165600335392556,0.38311161904759694,False
2025-06-12 00:00:00+00:00,Asia,-1,2025-06-12 03:05:00+00:00,108280.0,108531.05,107777.9,2025-06-12 03:20:00+00:00,107777.9,target,0.4626325830257846,0.4037052087181436,1.7412148974307937,False
2025-06-12 13:30:00+00:00,NY,1,2025-06-12 14:42:00+00:00,107492.8,107015.95000000001,108446.49999999999,2025-06-12 15:28:00+00:00,107015.95000000001,stop,0.8911755677541497,-0.5236111069764592,-1.1803381356820837,False
2025-06-13 00:00:00+00:00,Asia,-1,2025-06-13 01:16:00+00:00,103150.0,104405.5,100639.0,2025-06-13 03:54:00+00:00,104405.5,stop,2.4050457111933756,-1.2971594764905476,-1.065726802070888,True
2025-06-13 07:00:00+00:00,London,1,2025-06-13 08:05:00+00:00,104891.4,104601.4,105471.4,2025-06-13 09:02:00+00:00,104601.4,stop,0.5544858864221702,-0.3564764318142384,-1.2893555862068964,True
2025-06-13 13:30:00+00:00,NY,1,2025-06-13 15:10:00+00:00,105254.8,104677.4,106409.60000000002,2025-06-13 18:36:00+00:00,104677.4,stop,1.1031989713156833,-0.6285735567404135,-1.1458327675787994,True
2025-06-15 13:30:00+00:00,NY,1,2025-06-15 14:59:00+00:00,105619.7,105433.54999999999,105992.00000000001,2025-06-15 16:16:00+00:00,105433.54999999999,stop,0.3531134065010644,-0.25624552995322725,-1.4539122213268656,False
2025-06-16 00:00:00+00:00,Asia,-1,2025-06-16 01:38:00+00:00,105289.0,105511.0,104845.0,2025-06-16 01:43:00+00:00,105511.0,stop,0.4208092047274692,-0.29084823675787597,-1.3794198198198198,False
2025-06-16 13:30:00+00:00,NY,1,2025-06-16 15:27:00+00:00,107375.7,106911.15,108304.8,2025-06-16 19:05:00+00:00,108304.8,target,0.8690393845730696,0.8052795744288567,1.8613164998385543,False
2025-06-17 07:00:00+00:00,London,-1,2025-06-17 09:10:00+00:00,106413.4,106624.95,105990.29999999999,2025-06-17 10:05:00+00:00,105990.29999999999,target,0.39681144047430345,0.3376003022175834,1.6981893642165016,True
2025-06-18 00:00:00+00:00,Asia,1,2025-06-18 01:29:00+00:00,104822.4,104567.29999999999,105332.6,2025-06-18 04:44:00+00:00,105332.6,target,0.48791543819147776,0.42672802759716594,1.7534557428459485,True
2025-06-19 00:00:00+00:00,Asia,-1,2025-06-19 01:05:00+00:00,104620.8,104903.25,104055.90000000001,2025-06-19 02:39:00+00:00,104903.25,stop,0.5384961857711693,-0.3499749954119994,-1.2963237387148199,False
2025-06-19 13:30:00+00:00,NY,-1,2025-06-19 14:56:00+00:00,104194.6,104464.9,103654.00000000003,2025-06-19 17:36:00+00:00,104464.9,stop,0.5174943928534764,-0.3394184343526328,-1.3083820939696766,False
2025-06-20 07:00:00+00:00,London,1,2025-06-20 09:07:00+00:00,105765.8,105180.70000000001,106935.99999999999,2025-06-20 13:29:00+00:00,106000.0,time,1.112561525070661,0.16143263701498697,0.2918142539736791,False
2025-06-22 07:00:00+00:00,London,1,2025-06-22 09:05:00+00:00,102718.7,102474.35,103207.39999999998,2025-06-22 09:18:00+00:00,102474.35,stop,0.4768998290791765,-0.3178826834841088,-1.3363002250869773,True
2025-06-22 13:30:00+00:00,NY,-1,2025-06-22 14:46:00+00:00,99350.0,100274.95,97500.1,2025-06-22 17:12:00+00:00,100274.95,stop,1.8448276463862552,-1.0110015098137868,-1.085928969133467,True
2025-06-23 07:00:00+00:00,London,-1,2025-06-23 08:40:00+00:00,101699.8,101927.45000000001,101244.49999999999,2025-06-23 10:41:00+00:00,101244.49999999999,target,0.4466902684213162,0.38769016261587286,1.7319574785855583,True
2025-06-23 13:30:00+00:00,NY,-1,2025-06-23 16:45:00+00:00,100749.8,101673.15,98903.10000000002,2025-06-23 17:26:00+00:00,101673.15,stop,1.816310402500559,-0.9964782461106537,-1.0872906698435054,True
2025-06-24 00:00:00+00:00,Asia,-1,2025-06-24 02:20:00+00:00,104850.8,105152.45000000001,104247.49999999999,2025-06-24 05:16:00+00:00,105152.45000000001,stop,0.5737384150345549,-0.3676945144910756,-1.2780727333001742,True
2025-06-24 07:00:00+00:00,London,-1,2025-06-24 08:22:00+00:00,104841.4,105286.7,103950.79999999999,2025-06-24 09:24:00+00:00,105286.7,stop,0.8458808187548911,-0.5047367929081479,-1.188351942510666,True
2025-06-24 13:30:00+00:00,NY,1,2025-06-24 14:45:00+00:00,105496.2,105123.1,106242.39999999998,2025-06-24 15:58:00+00:00,105123.1,stop,0.7098344702543942,-0.4336620276370062,-1.226204663629059,True
2025-06-25 00:00:00+00:00,Asia,1,2025-06-25 02:30:00+00:00,106443.1,106099.35,107130.6,2025-06-25 04:34:00+00:00,106099.35,stop,0.6479775795044926,-0.4029424922799129,-1.2477221236363636,False
2025-06-25 07:00:00+00:00,London,1,2025-06-25 09:37:00+00:00,106664.2,106465.85,107060.89999999998,2025-06-25 09:44:00+00:00,106465.85,stop,0.372607742294827,-0.2659574252654511,-1.4302059994958594,False
2025-06-25 13:30:00+00:00,NY,-1,2025-06-25 16:02:00+00:00,107162.6,107629.15,106229.50000000003,2025-06-25 19:10:00+00:00,107629.15,stop,0.8669584401623458,-0.5153664431433992,-1.1837532525988685,False
2025-06-26 00:00:00+00:00,Asia,-1,2025-06-26 01:14:00+00:00,107188.0,107381.65,106800.70000000001,2025-06-26 01:29:00+00:00,107381.65,stop,0.3606761490440899,-0.2606638802851011,-1.4428112574231995,False
2025-06-26 13:30:00+00:00,NY,1,2025-06-26 15:11:00+00:00,107316.3,107028.75,107891.40000000001,2025-06-26 15:28:00+00:00,107028.75,stop,0.5373322588556867,-0.34794624861274837,-1.2985673448095953,False
2025-06-27 00:00:00+00:00,Asia,-1,2025-06-27 01:05:00+00:00,106603.6,106869.3,106072.20000000001,2025-06-27 01:14:00+00:00,106869.3,stop,0.49724289389000786,-0.32924111380853655,-1.3209743319533342,False
2025-06-27 07:00:00+00:00,London,-1,2025-06-27 08:20:00+00:00,106801.0,107243.5,105916.0,2025-06-27 13:29:00+00:00,106648.3,time,0.8252248388014192,0.08297618936152011,0.200269830508468,False
2025-06-27 13:30:00+00:00,NY,1,2025-06-27 15:46:00+00:00,107049.9,106681.5,107786.69999999998,2025-06-27 17:44:00+00:00,106681.5,stop,0.6906539559342421,-0.42413857462734134,-1.2324644951140102,False
2025-06-28 00:00:00+00:00,Asia,-1,2025-06-28 01:30:00+00:00,106800.0,106969.7,106460.6,2025-06-28 01:45:00+00:00,106969.7,stop,0.31728610999188944,-0.23889513108613958,-1.5034767236299438,False
2025-06-30 13:30:00+00:00,NY,-1,2025-06-30 15:29:00+00:00,107088.0,107454.9,106354.20000000001,2025-06-30 15:46:00+00:00,107454.9,stop,0.6828911478210886,-0.422615419094571,-1.2334979558462833,False
2025-07-01 00:00:00+00:00,Asia,1,2025-07-01 01:15:00+00:00,107408.2,107190.54999999999,107843.50000000001,2025-07-01 01:52:00+00:00,107190.54999999999,stop,0.40609923169533413,-0.2826381598425527,-1.3947923730760237,False
2025-07-01 07:00:00+00:00,London,-1,2025-07-01 10:03:00+00:00,106557.4,106851.85,105968.49999999997,2025-07-01 13:29:00+00:00,106584.7,time,0.5511369246297643,-0.08561999448185008,-0.30984696892511226,False
2025-07-01 13:30:00+00:00,NY,-1,2025-07-01 17:24:00+00:00,106233.5,106687.1,105326.29999999999,2025-07-01 20:00:00+00:00,105326.29999999999,target,0.8503371072978805,0.7939679103107886,1.8594794973544992,False
2025-07-03 00:00:00+00:00,Asia,-1,2025-07-03 02:26:00+00:00,108671.0,108873.05,108266.9,2025-07-03 04:19:00+00:00,108873.05,stop,0.3711662344354326,-0.26592816850862044,-1.4302736946300358,True
2025-07-03 13:30:00+00:00,NY,-1,2025-07-03 15:37:00+00:00,109257.0,109870.5,108030.0,2025-07-03 20:42:00+00:00,109870.5,stop,1.1167692874793507,-0.6415200856695681,-1.1424704156479217,True
2025-07-04 00:00:00+00:00,Asia,-1,2025-07-04 02:25:00+00:00,109318.4,109492.0,108971.19999999998,2025-07-04 04:47:00+00:00,108971.19999999998,target,0.3171007927519925,0.2576043557168891,1.6221714285714415,False
2025-07-04 07:00:00+00:00,London,-1,2025-07-04 08:20:00+00:00,108661.0,108883.3,108216.4,2025-07-04 09:16:00+00:00,108883.3,stop,0.40832708046138,-0.28458122049309587,-1.39104273504273,False
2025-07-04 13:30:00+00:00,NY,-1,2025-07-04 16:15:00+00:00,107436.0,108003.0,106302.0,2025-07-04 22:09:00+00:00,108003.0,stop,1.0499708341434961,-0.6077560594214229,-1.151585185185185,False
2025-07-07 00:00:00+00:00,Asia,-1,2025-07-07 01:11:00+00:00,108742.0,108990.5,108245.0,2025-07-07 01:31:00+00:00,108990.5,stop,0.4560030461370487,-0.30852255798127676,-1.3500748490945673,False
2025-07-07 13:30:00+00:00,NY,-1,2025-07-07 16:51:00+00:00,107963.3,108287.75,107314.40000000001,2025-07-07 17:30:00+00:00,108287.75,stop,0.5992367557733854,-0.3805187874027536,-1.2662063183849614,False
2025-07-08 13:30:00+00:00,NY,-1,2025-07-08 15:26:00+00:00,108326.0,108753.0,107472.0,2025-07-08 17:12:00+00:00,108753.0,stop,0.7852656938199407,-0.4741805291435112,-1.2029526932084307,False
2025-07-09 13:30:00+00:00,NY,-1,2025-07-09 14:56:00+00:00,108864.0,109270.7,108050.6,2025-07-09 16:31:00+00:00,109270.7,stop,0.7443898501611084,-0.4535853909464994,-1.214141135972463,False
2025-07-10 00:00:00+00:00,Asia,1,2025-07-10 02:29:00+00:00,111286.9,111075.04999999999,111710.6,2025-07-10 03:22:00+00:00,111075.04999999999,stop,0.3814538008310572,-0.27036382539185283,-1.420247911257954,True
2025-07-10 13:30:00+00:00,NY,1,2025-07-10 15:31:00+00:00,111273.2,110852.7,112114.2,2025-07-10 16:24:00+00:00,112114.2,target,0.7586644258552114,0.6957974426906031,1.8412273008323425,True
2025-07-11 07:00:00+00:00,London,1,2025-07-11 10:19:00+00:00,118089.0,117760.05,118746.9,2025-07-11 11:13:00+00:00,117760.05,stop,0.5586784312676448,-0.3585610852831314,-1.2871901504787988,True
2025-07-11 13:30:00+00:00,NY,-1,2025-07-11 15:50:00+00:00,117255.0,117723.45,116318.1,2025-07-11 17:09:00+00:00,117723.45,stop,0.7958482358442555,-0.4795138800051146,-1.20024335574768,True
2025-07-12 00:00:00+00:00,Asia,1,2025-07-12 01:21:00+00:00,117625.0,117340.0,118195.0,2025-07-12 06:59:00+00:00,117791.3,time,0.48576785409919887,0.08138150903294615,0.3358771929824663,True
2025-07-12 07:00:00+00:00,London,1,2025-07-12 10:00:00+00:00,118036.7,117808.29999999999,118493.50000000001,2025-07-12 11:41:00+00:00,117808.29999999999,stop,0.3877485711957502,-0.27349914052155705,-1.4134385288966564,True
2025-07-12 13:30:00+00:00,NY,-1,2025-07-12 16:10:00+00:00,117188.0,117453.05,116657.9,2025-07-12 17:40:00+00:00,117453.05,stop,0.45132927582553695,-0.3061750349865199,-1.353708356913786,True
2025-07-14 07:00:00+00:00,London,-1,2025-07-14 09:32:00+00:00,122087.7,122693.85,120875.39999999998,2025-07-14 13:29:00+00:00,121680.9,time,0.9880690841472518,0.2732030990836939,0.5502720118782448,True
2025-07-14 13:30:00+00:00,NY,-1,2025-07-14 14:35:00+00:00,121100.0,121606.95,120086.1,2025-07-14 15:35:00+00:00,120086.1,target,0.8337516893565657,0.7772419488026377,1.8566722556465127,True
2025-07-15 00:00:00+00:00,Asia,-1,2025-07-15 01:20:00+00:00,119000.0,119459.7,118080.6,2025-07-15 02:17:00+00:00,118080.6,target,0.7696319344515299,0.7126050420168019,1.8446813139003688,True
2025-07-15 13:30:00+00:00,NY,-1,2025-07-15 16:41:00+00:00,117511.0,118005.4,116522.20000000001,2025-07-15 18:35:00+00:00,116522.20000000001,target,0.8379277558484636,0.7814531405570443,1.8573895631067945,True
2025-07-16 00:00:00+00:00,Asia,-1,2025-07-16 03:00:00+00:00,117409.4,117801.5,116625.19999999998,2025-07-16 05:04:00+00:00,117801.5,stop,0.6656961074349746,-0.41395963185230983,-1.2395499107370533,True
2025-07-16 13:30:00+00:00,NY,1,2025-07-16 14:50:00+00:00,118907.8,118531.9,119659.60000000002,2025-07-16 15:06:00+00:00,119659.60000000002,target,0.6342596381227357,0.5722545703477968,1.8102030327214729,True
2025-07-17 07:00:00+00:00,London,1,2025-07-17 09:10:00+00:00,118548.0,118179.2,119285.6,2025-07-17 11:03:00+00:00,118179.2,stop,0.624136903956031,-0.3910976144684034,-1.2571540130151821,True
2025-07-17 13:30:00+00:00,NY,1,2025-07-17 14:36:00+00:00,118714.8,118114.8,119914.8,2025-07-17 21:06:00+00:00,119914.8,target,1.0159607432768798,0.9508259458803788,1.8812852,True
2025-07-18 07:00:00+00:00,London,-1,2025-07-18 08:05:00+00:00,119300.0,119837.85,118224.29999999999,2025-07-18 13:29:00+00:00,118790.9,time,0.8976295886483252,0.36673931265717175,0.8134610021381448,True
2025-07-18 13:30:00+00:00,NY,-1,2025-07-18 14:35:00+00:00,117730.0,118490.0,116210.0,2025-07-18 23:59:00+00:00,117896.4,time,1.2828086758376234,-0.20134035504968503,-0.31189210526315025,True
2025-07-19 13:30:00+00:00,NY,-1,2025-07-19 14:45:00+00:00,117799.9,118049.45,117300.79999999999,2025-07-19 15:17:00+00:00,118049.45,stop,0.4227889244719106,-0.2918422850953209,-1.3776394309757518,True
2025-07-20 00:00:00+00:00,Asia,1,2025-07-20 01:10:00+00:00,117974.5,117796.25,118331.0,2025-07-20 02:09:00+00:00,117796.25,stop,0.30264121311162284,-0.23109197326540903,-1.5294788218793829,False
2025-07-20 07:00:00+00:00,London,1,2025-07-20 08:10:00+00:00,118214.0,118005.6,118630.79999999999,2025-07-20 09:11:00+00:00,118005.6,stop,0.35320357677940956,-0.25629045629112807,-1.4537965451055788,False
2025-07-20 13:30:00+00:00,NY,1,2025-07-20 16:05:00+00:00,118794.0,118424.55,119532.9,2025-07-20 17:01:00+00:00,118424.55,stop,0.6239415729255414,-0.3910005555836128,-1.2572342671538792,False
2025-07-22 00:00:00+00:00,Asia,-1,2025-07-22 01:09:00+00:00,116968.2,117221.65,116461.3,2025-07-22 01:17:00+00:00,116461.3,target,0.4324286511920014,0.3733656498090885,1.7230975734858915,True
2025-07-22 07:00:00+00:00,London,-1,2025-07-22 08:12:00+00:00,117720.8,118137.85,116886.7,2025-07-22 08:41:00+00:00,118137.85,stop,0.7060395969623547,-0.4342704432861506,-1.2258161851096974,True
2025-07-23 00:00:00+00:00,Asia,-1,2025-07-23 01:06:00+00:00,119530.2,119838.35,118913.89999999998,2025-07-23 03:17:00+00:00,118913.89999999998,target,0.5142761061046007,0.455601914829907,1.7672623073178713,True
2025-07-23 13:30:00+00:00,NY,1,2025-07-23 15:04:00+00:00,118050.0,117654.85,118840.29999999999,2025-07-23 16:22:00+00:00,117654.85,stop,0.6717105159710823,-0.4147310461668735,-1.238997848918136,True
2025-07-24 00:00:00+00:00,Asia,1,2025-07-24 03:25:00+00:00,119102.4,118815.95,119675.29999999999,2025-07-24 03:46:00+00:00,118815.95,stop,0.48217432087189827,-0.3205073281478771,-1.3326301972421049,True
2025-07-24 07:00:00+00:00,London,1,2025-07-24 09:18:00+00:00,118450.0,117750.1,119849.79999999999,2025-07-24 13:29:00+00:00,118631.7,time,1.1887887993301092,0.09339805825242473,0.15806543791969999,True
2025-07-24 13:30:00+00:00,NY,1,2025-07-24 15:33:00+00:00,118671.3,118222.20000000001,119569.49999999999,2025-07-24 22:49:00+00:00,118222.20000000001,stop,0.7597557819089791,-0.4584402800002959,-1.2113939879759559,True
2025-07-25 00:00:00+00:00,Asia,-1,2025-07-25 01:11:00+00:00,117600.0,118005.4,116789.20000000001,2025-07-25 02:38:00+00:00,116789.20000000001,target,0.6870872010941896,0.6294557823129152,1.8259496793290553,False
2025-07-25 13:30:00+00:00,NY,-1,2025-07-25 14:42:00+00:00,115300.0,115939.1,114021.79999999999,2025-07-25 16:48:00+00:00,115939.1,stop,1.1024753512835592,-0.6342931483087647,-1.1443279611954296,False
2025-07-27 13:30:00+00:00,NY,1,2025-07-27 15:05:00+00:00,118430.0,118241.4,118807.20000000001,2025-07-27 15:11:00+00:00,118241.4,stop,0.3190084014566785,-0.23925018998565045,-1.5023541887592633,False
2025-07-28 00:00:00+00:00,Asia,-1,2025-07-28 01:05:00+00:00,119122.2,119407.25,118552.09999999999,2025-07-28 01:20:00+00:00,119407.25,stop,0.47744169637941236,-0.3192920882925289,-1.3343194527275881,False
2025-07-28 07:00:00+00:00,London,-1,2025-07-28 09:45:00+00:00,118742.0,119093.5,118039.0,2025-07-28 13:29:00+00:00,118579.9,time,0.5902925012700105,0.07651445992151541,0.25847738264582026,False
2025-07-28 13:30:00+00:00,NY,-1,2025-07-28 14:36:00+00:00,117994.0,118529.6,116922.79999999999,2025-07-28 23:59:00+00:00,118041.4,time,0.903740500263223,-0.10017153414579909,-0.2206803584764617,False
2025-07-29 00:00:00+00:00,Asia,-1,2025-07-29 02:20:00+00:00,117500.0,117966.7,116566.6,2025-07-29 02:45:00+00:00,117966.7,stop,0.7912402398303878,-0.4771914893616997,-1.2014141847010942,True
2025-07-29 07:00:00+00:00,London,-1,2025-07-29 10:31:00+00:00,118714.8,118986.75,118170.90000000001,2025-07-29 11:01:00+00:00,118170.90000000001,target,0.45710972019993334,0.3981568599702768,1.7380809707666822,True
2025-07-29 13:30:00+00:00,NY,-1,2025-07-29 15:12:00+00:00,117901.1,118450.55,116802.20000000001,2025-07-29 23:59:00+00:00,117897.0,time,0.9277289130358569,-0.05652250911992693,-0.12128612248611254,True
2025-07-30 00:00:00+00:00,Asia,-1,2025-07-30 01:22:00+00:00,117485.1,117721.70000000001,117011.9,2025-07-30 01:35:00+00:00,117721.70000000001,stop,0.40196497332267295,-0.2813872397435979,-1.3972446322907763,False
2025-07-30 13:30:00+00:00,NY,1,2025-07-30 15:50:00+00:00,117974.2,117672.1,118578.39999999998,2025-07-30 16:08:00+00:00,117672.1,stop,0.5134607098878979,-0.33607293798134785,-1.3124109897385061,False
2025-07-31 13:30:00+00:00,NY,1,2025-07-31 16:38:00+00:00,118684.4,118233.85,119585.49999999997,2025-07-31 17:02:00+00:00,118233.85,stop,0.7621336867572114,-0.45962023652644185,-1.210736921540345,True
2025-08-01 00:00:00+00:00,Asia,1,2025-08-01 02:42:00+00:00,115877.8,115058.4,117516.60000000002,2025-08-01 06:36:00+00:00,115058.4,stop,1.4243201713216966,-0.787124229144848,-1.1131342933854027,True
2025-08-01 07:00:00+00:00,London,-1,2025-08-01 08:44:00+00:00,114579.5,114918.55,113901.4,2025-08-01 09:01:00+00:00,114918.55,stop,0.5900700974733895,-0.3759080812885402,-1.2703542250405522,True
2025-08-01 13:30:00+00:00,NY,1,2025-08-01 14:35:00+00:00,115711.0,114791.05,117550.9,2025-08-01 15:18:00+00:00,114791.05,stop,1.602825307373697,-0.8750410937594498,-1.1006237295505195,True
2025-08-02 00:00:00+00:00,Asia,1,2025-08-02 01:06:00+00:00,113788.0,113466.5,114431.0,2025-08-02 01:29:00+00:00,113466.5,stop,0.5666870838529433,-0.3625429746546209,-1.2831427682737169,True
2025-08-02 07:00:00+00:00,London,-1,2025-08-02 10:23:00+00:00,113509.0,113737.35,113052.29999999999,2025-08-02 11:27:00+00:00,113737.35,stop,0.4015391601791294,-0.2811734752310441,-1.3976667396540297,True
2025-08-02 13:30:00+00:00,NY,-1,2025-08-02 14:40:00+00:00,113071.3,113281.4,112651.10000000002,2025-08-02 15:16:00+00:00,113281.4,stop,0.3709346812451092,-0.26581196112540606,-1.4305427891480427,True
2025-08-03 00:00:00+00:00,Asia,1,2025-08-03 01:15:00+00:00,112946.2,112398.1,114042.39999999998,2025-08-03 06:59:00+00:00,113504.2,time,0.9752833900217148,0.43404052548912675,0.8944212370005618,False
2025-08-03 13:30:00+00:00,NY,1,2025-08-03 17:17:00+00:00,114017.3,113773.45000000001,114504.99999999999,2025-08-03 19:22:00+00:00,114504.99999999999,target,0.42865888306981725,0.36774210580322686,1.7194571252819257,False
2025-08-04 07:00:00+00:00,London,-1,2025-08-04 10:06:00+00:00,114350.3,114544.8,113961.3,2025-08-04 13:29:00+00:00,114151.3,time,0.3396051152038329,0.11402665318761733,0.670384678663239,True
2025-08-04 13:30:00+00:00,NY,1,2025-08-04 17:10:00+00:00,115431.6,114750.8,116793.20000000001,2025-08-04 19:33:00+00:00,114750.8,stop,1.1865712483050277,-0.6697865056015881,-1.1356423031727374,True
2025-08-05 07:00:00+00:00,London,1,2025-08-05 08:39:00+00:00,114359.7,114004.85,115069.39999999998,2025-08-05 12:38:00+00:00,114004.85,stop,0.6225173753572738,-0.3902928741505891,-1.2578209384246928,False
2025-08-05 13:30:00+00:00,NY,-1,2025-08-05 14:40:00+00:00,113088.0,113809.0,111646.0,2025-08-05 20:20:00+00:00,113809.0,stop,1.2670351202453234,-0.7175565930956423,-1.1254790568654645,False
2025-08-06 00:00:00+00:00,Asia,-1,2025-08-06 01:23:00+00:00,113694.0,113892.65,113296.70000000001,2025-08-06 05:14:00+00:00,113892.65,stop,0.34883726034999,-0.25472338030150593,-1.457866599546955,True
2025-08-07 13:30:00+00:00,NY,-1,2025-08-07 16:51:00+00:00,116180.0,116460.15,115619.70000000001,2025-08-07 17:22:00+00:00,116460.15,stop,0.4811087741171576,-0.32113444654845424,-1.3317651258254575,False
2025-08-08 00:00:00+00:00,Asia,-1,2025-08-08 01:20:00+00:00,116821.8,117206.8,116051.8,2025-08-08 06:59:00+00:00,116686.1,time,0.656958469986383,0.0561598263337811,0.17040758441557688,True
2025-08-08 07:00:00+00:00,London,-1,2025-08-08 08:47:00+00:00,116501.7,116709.4,116086.3,2025-08-08 11:08:00+00:00,116709.4,stop,0.35592677196524763,-0.258280660282208,-1.4487306692344788,True
2025-08-08 13:30:00+00:00,NY,-1,2025-08-08 14:40:00+00:00,116466.3,116848.1,115702.7,2025-08-08 18:11:00+00:00,116848.1,stop,0.6534980029628135,-0.4078201505499899,-1.244036249345205,True
2025-08-10 07:00:00+00:00,London,1,2025-08-10 09:30:00+00:00,118201.4,117771.7,119060.79999999999,2025-08-10 13:29:00+00:00,118528.7,time,0.7297169014287763,0.2169002736008228,0.59664686990925,False
2025-08-10 13:30:00+00:00,NY,1,2025-08-10 15:10:00+00:00,118798.2,118535.1,119324.39999999998,2025-08-10 15:37:00+00:00,118535.1,stop,0.4439191429374059,-0.3014680020404276,-1.3612259977195103,False
2025-08-11 00:00:00+00:00,Asia,-1,2025-08-11 01:22:00+00:00,119058.4,119274.35,118626.49999999997,2025-08-11 01:31:00+00:00,119274.35,stop,0.3621063539646275,-0.2613815740846607,-1.441059134058786,True
2025-08-11 07:00:00+00:00,London,-1,2025-08-11 08:08:00+00:00,121432.3,121866.15,120564.60000000002,2025-08-11 11:28:00+00:00,120564.60000000002,target,0.7120106772881536,0.6545545295609014,1.8320632015673586,True
2025-08-11 13:30:00+00:00,NY,1,2025-08-11 15:45:00+00:00,120320.0,119891.5,121177.0,2025-08-11 16:41:00+00:00,119891.5,stop,0.7148129767331295,-0.43613364361702134,-1.2246347724620772,True
2025-08-12 00:00:00+00:00,Asia,1,2025-08-12 01:11:00+00:00,119000.0,118775.85,119448.29999999999,2025-08-12 01:15:00+00:00,118775.85,stop,0.37743362813232056,-0.2683613445378102,-1.424715592237352,True
2025-08-12 13:30:00+00:00,NY,1,2025-08-12 15:31:00+00:00,119682.0,119119.75,120806.5,2025-08-12 23:59:00+00:00,120081.0,time,0.944008025537327,0.2733834661853913,0.5819311694086261,True
2025-08-13 00:00:00+00:00,Asia,-1,2025-08-13 01:10:00+00:00,119547.8,119847.20000000001,118948.99999999999,2025-08-13 05:51:00+00:00,118948.99999999999,target,0.49963620343237297,0.4408875111043595,1.760425250501009,False
2025-08-14 07:00:00+00:00,London,-1,2025-08-14 09:05:00+00:00,121550.0,121815.8,121018.4,2025-08-14 09:13:00+00:00,121815.8,stop,0.4363965922318827,-0.29867544220485637,-1.3658389766741872,True
2025-08-14 13:30:00+00:00,NY,1,2025-08-14 14:54:00+00:00,118841.7,118257.6,120009.89999999998,2025-08-14 15:20:00+00:00,118257.6,stop,0.9878434874375914,-0.571494147256385,-1.1627689779147432,True
2025-08-15 00:00:00+00:00,Asia,1,2025-08-15 01:40:00+00:00,118422.9,118196.79999999999,118875.1,2025-08-15 03:16:00+00:00,118875.1,target,0.38258226957074737,0.32185182088938175,1.6857419725785132,True
2025-08-15 07:00:00+00:00,London,1,2025-08-15 08:37:00+00:00,119072.2,118886.6,119443.39999999998,2025-08-15 08:52:00+00:00,118886.6,stop,0.3122303102284001,-0.23587181558751016,-1.5132422413793345,True
2025-08-15 13:30:00+00:00,NY,-1,2025-08-15 17:27:00+00:00,117625.7,118052.6,116771.89999999998,2025-08-15 23:59:00+00:00,117279.2,time,0.723236929978673,0.23457848072317533,0.6463447645818562,True
2025-08-16 00:00:00+00:00,Asia,1,2025-08-16 01:41:00+00:00,117747.0,117454.8,118331.4,2025-08-16 02:48:00+00:00,117454.8,stop,0.49755310127810376,-0.32815918876913813,-1.3223737166324467,False
2025-08-17 13:30:00+00:00,NY,-1,2025-08-17 15:00:00+00:00,118102.0,118330.0,117646.0,2025-08-17 16:53:00+00:00,117646.0,target,0.3853629679709287,0.3261069245228701,1.6892052631578949,False
2025-08-18 13:30:00+00:00,NY,1,2025-08-18 15:43:00+00:00,115688.0,115228.6,116606.79999999999,2025-08-18 17:28:00+00:00,116606.79999999999,target,0.7973714858984687,0.7342051033814988,1.8489055289508036,False
2025-08-19 00:00:00+00:00,Asia,1,2025-08-19 01:08:00+00:00,116524.6,115994.20000000001,117585.4,2025-08-19 01:30:00+00:00,115994.20000000001,stop,0.9145284850449443,-0.5351828540926072,-1.175753544494723,True
2025-08-19 13:30:00+00:00,NY,-1,2025-08-19 15:23:00+00:00,114070.0,114958.7,112292.6,2025-08-19 23:59:00+00:00,112824.2,time,1.546120476310183,1.0321364074691004,1.3248092719703013,True
2025-08-20 00:00:00+00:00,Asia,1,2025-08-20 01:09:00+00:00,113272.3,113027.35,113762.2,2025-08-20 01:25:00+00:00,113027.35,stop,0.43343491641625564,-0.2962488092852331,-1.3699442335170486,True
2025-08-20 07:00:00+00:00,London,1,2025-08-20 08:35:00+00:00,113805.5,113583.2,114250.1,2025-08-20 09:54:00+00:00,113583.2,stop,0.3914311271385256,-0.27533326596693736,-1.4095564552406603,True
2025-08-20 13:30:00+00:00,NY,1,2025-08-20 14:35:00+00:00,113605.7,112953.75,114909.59999999999,2025-08-20 23:59:00+00:00,114220.5,time,1.1543662782333426,0.48117002932071445,0.8384639619602812,True
2025-08-21 00:00:00+00:00,Asia,-1,2025-08-21 01:20:00+00:00,113960.3,114210.9,113459.10000000002,2025-08-21 01:35:00+00:00,114210.9,stop,0.43883727385039173,-0.29990114101137966,-1.3637998403830933,False
2025-08-21 07:00:00+00:00,London,1,2025-08-21 08:11:00+00:00,113888.0,113704.0,114256.0,2025-08-21 08:18:00+00:00,113704.0,stop,0.32364736508829944,-0.24156223658330991,-1.4951652173913044,False
2025-08-21 13:30:00+00:00,NY,-1,2025-08-21 14:50:00+00:00,113083.2,113509.6,112230.39999999998,2025-08-21 17:04:00+00:00,112230.39999999998,target,0.7513020925102395,0.6941350085600846,1.8408772983114479,False
2025-08-22 00:00:00+00:00,Asia,-1,2025-08-22 01:15:00+00:00,112436.4,112617.7,112073.79999999999,2025-08-22 01:20:00+00:00,112617.7,stop,0.3219742544910843,-0.2412467136977019,-1.4961341423055627,True
2025-08-22 13:30:00+00:00,NY,1,2025-08-22 14:43:00+00:00,115688.0,113788.0,119488.0,2025-08-22 23:59:00+00:00,116897.5,time,3.3395437128695473,0.9854844063342784,0.6000458947368421,True
2025-08-23 13:30:00+00:00,NY,-1,2025-08-23 14:48:00+00:00,114691.3,114881.9,114310.10000000002,2025-08-23 15:37:00+00:00,114881.9,stop,0.3318190245808932,-0.24618522939402662,-1.4813905561385319,True
2025-08-24 13:30:00+00:00,NY,-1,2025-08-24 17:02:00+00:00,114324.9,114543.2,113888.29999999999,2025-08-24 17:43:00+00:00,114543.2,stop,0.38116623247823167,-0.27094702903742135,-1.418964360971135,False
2025-08-25 00:00:00+00:00,Asia,1,2025-08-25 03:13:00+00:00,113472.7,112786.45,114845.2,2025-08-25 04:17:00+00:00,112786.45,stop,1.2169014983626136,-0.6847710154072302,-1.1322814717668488,True
2025-08-25 07:00:00+00:00,London,-1,2025-08-25 08:10:00+00:00,111245.9,111684.75,110368.19999999998,2025-08-25 08:18:00+00:00,111684.75,stop,0.785872735534629,-0.4744864484893429,-1.2027953059131795,True
2025-08-25 13:30:00+00:00,NY,1,2025-08-25 14:51:00+00:00,112157.0,111344.6,113781.79999999999,2025-08-25 19:35:00+00:00,111344.6,stop,1.4592535246433171,-0.8043417709104151,-1.1104451009355005,True
2025-08-27 00:00:00+00:00,Asia,-1,2025-08-27 01:05:00+00:00,111281.3,111523.45000000001,110796.99999999999,2025-08-27 03:49:00+00:00,111523.45000000001,stop,0.43425844519695445,-0.29760169947691906,-1.3676441874870815,True
2025-08-27 07:00:00+00:00,London,-1,2025-08-27 08:31:00+00:00,110586.5,110841.45,110076.6,2025-08-27 09:05:00+00:00,110841.45,stop,0.4600264612200528,-0.31054351118807183,-1.3470060796234595,True
2025-08-27 13:30:00+00:00,NY,1,2025-08-27 14:43:00+00:00,112152.7,111555.5,113347.09999999999,2025-08-27 15:36:00+00:00,111555.5,stop,1.070677824042736,-0.6124882949764001,-1.150238044206297,True
2025-08-28 00:00:00+00:00,Asia,1,2025-08-28 01:21:00+00:00,111493.0,111152.0,112175.0,2025-08-28 04:25:00+00:00,112175.0,target,0.6135742046926731,0.5516975953647314,1.803824633431085,False
2025-08-28 07:00:00+00:00,London,-1,2025-08-28 09:24:00+00:00,112958.7,113138.45,112599.2,2025-08-28 12:41:00+00:00,113138.45,stop,0.31775227608297624,-0.23912895598125686,-1.5027369123783032,False
2025-08-28 13:30:00+00:00,NY,-1,2025-08-28 15:30:00+00:00,112525.0,112845.5,111884.0,2025-08-28 16:12:00+00:00,112845.5,stop,0.5680332844464334,-0.364825594312375,-1.2808736349453977,False
2025-08-29 07:00:00+00:00,London,-1,2025-08-29 08:44:00+00:00,109850.0,110544.4,108461.20000000001,2025-08-29 12:30:00+00:00,110544.4,stop,1.2563277741794274,-0.712134729176144,-1.1265552995391714,True
2025-08-29 13:30:00+00:00,NY,-1,2025-08-29 15:00:00+00:00,108240.0,109373.8,105972.4,2025-08-29 23:59:00+00:00,108332.4,time,2.0732570323057313,-0.1453658536585312,-0.13877579820073538,True
2025-08-30 07:00:00+00:00,London,1,2025-08-30 09:11:00+00:00,108467.8,108267.65,108868.10000000002,2025-08-30 13:07:00+00:00,108267.65,stop,0.3697318635806752,-0.26452480828412556,-1.4335460404696287,True
2025-08-31 00:00:00+00:00,Asia,1,2025-08-31 02:02:00+00:00,109355.0,109052.5,109960.0,2025-08-31 04:05:00+00:00,109052.5,stop,0.5547786616537905,-0.35662201088198986,-1.289203305785124,False
2025-09-01 00:00:00+00:00,Asia,-1,2025-09-01 02:36:00+00:00,107588.0,107980.25,106803.5,2025-09-01 06:22:00+00:00,107980.25,stop,0.7265217481900625,-0.44458526973268386,-1.219427405991077,False
2025-09-01 07:00:00+00:00,London,1,2025-09-01 08:16:00+00:00,109390.3,108660.70000000001,110849.49999999999,2025-09-01 10:31:00+00:00,108660.70000000001,stop,1.3428958215803846,-0.7469695576298733,-1.1199455043859665,False
2025-09-01 13:30:00+00:00,NY,-1,2025-09-01 14:35:00+00:00,108888.0,109154.4,108355.20000000001,2025-09-01 14:56:00+00:00,109154.4,stop,0.4881159165365784,-0.32465505840863473,-1.326990990990998,False
2025-09-02 00:00:00+00:00,Asia,1,2025-09-02 01:58:00+00:00,109298.9,109066.9,109762.9,2025-09-02 02:50:00+00:00,109762.9,target,0.42542696271737807,0.36452394305889635,1.7173304310344828,True
2025-09-02 07:00:00+00:00,London,1,2025-09-02 08:56:00+00:00,110359.1,110145.75,110785.80000000002,2025-09-02 10:33:00+00:00,110145.75,stop,0.3873957914853834,-0.27332343232230577,-1.4138142957581326,True
2025-09-02 13:30:00+00:00,NY,1,2025-09-02 14:38:00+00:00,111496.0,110243.35,114001.29999999999,2025-09-02 18:45:00+00:00,110243.35,stop,2.2725180248967423,-1.2034932194876895,-1.0712064822576142,True
2025-09-03 00:00:00+00:00,Asia,-1,2025-09-03 01:10:00+00:00,111173.2,111453.04999999999,110613.50000000001,2025-09-03 05:56:00+00:00,110613.50000000001,target,0.5021845521499835,0.4434486728815781,1.7616440235840556,True
2025-09-03 07:00:00+00:00,London,1,2025-09-03 08:21:00+00:00,111065.5,110776.2,111644.1,2025-09-03 11:05:00+00:00,111644.1,target,0.5223143599437476,0.46095385155606905,1.7696533010715545,True
2025-09-03 13:30:00+00:00,NY,1,2025-09-03 15:25:00+00:00,111869.8,111454.9,112699.60000000002,2025-09-03 23:59:00+00:00,111659.8,time,0.7445163918320351,-0.247718222433579,-0.6679245119305716,True
2025-09-04 00:00:00+00:00,Asia,-1,2025-09-04 02:35:00+00:00,111556.0,111846.4,110975.20000000001,2025-09-04 04:57:00+00:00,110975.20000000001,target,0.5192835889219528,0.4606353759546671,1.7695123966942103,False
2025-09-04 13:30:00+00:00,NY,-1,2025-09-04 17:08:00+00:00,109655.4,110250.35,108465.49999999997,2025-09-04 20:24:00+00:00,110250.35,stop,1.0792709501602569,-0.6225633393339605,-1.1474482225397065,False
2025-09-05 00:00:00+00:00,Asia,1,2025-09-05 01:48:00+00:00,110893.5,110643.85,111392.79999999999,2025-09-05 02:09:00+00:00,111392.79999999999,target,0.4512677387853034,0.39025181818590665,1.7334824754656457,True
2025-09-05 13:30:00+00:00,NY,-1,2025-09-05 14:41:00+00:00,110866.2,112068.9,108460.8,2025-09-05 23:59:00+00:00,110614.9,time,2.1463581778709426,0.16666962518784167,0.1536378814334442,True
2025-09-07 07:00:00+00:00,London,1,2025-09-07 09:46:00+00:00,110880.8,110647.6,111347.2,2025-09-07 13:29:00+00:00,111062.1,time,0.4215184061832419,0.10350892129205677,0.4921591766724028,False
2025-09-08 00:00:00+00:00,Asia,-1,2025-09-08 02:23:00+00:00,110683.8,110966.9,110117.60000000002,2025-09-08 02:32:00+00:00,110966.9,stop,0.5102422434077163,-0.33577365431977513,-1.312776545390331,False
2025-09-08 07:00:00+00:00,London,1,2025-09-08 08:36:00+00:00,111580.7,111321.25,112099.59999999999,2025-09-08 10:25:00+00:00,112099.59999999999,target,0.4661284345980612,0.4050445820827385,1.7419602235498142,False
2025-09-08 13:30:00+00:00,NY,1,2025-09-08 16:15:00+00:00,112331.0,112065.5,112862.0,2025-09-08 17:53:00+00:00,112065.5,stop,0.47383003689806413,-0.3163550578201921,-1.3384738229755178,False
2025-09-09 00:00:00+00:00,Asia,-1,2025-09-09 01:20:00+00:00,111409.0,111732.35,110762.29999999999,2025-09-09 04:13:00+00:00,111732.35,stop,0.5787938766167516,-0.37023687493829566,-1.275636925931648,False
2025-09-09 07:00:00+00:00,London,-1,2025-09-09 10:31:00+00:00,112699.9,112968.95,112161.79999999999,2025-09-09 13:29:00+00:00,112760.7,time,0.47632557441669227,-0.11394858380531209,-0.4773088273555158,False
2025-09-10 07:00:00+00:00,London,1,2025-09-10 08:23:00+00:00,112555.0,112132.5,113400.0,2025-09-10 09:07:00+00:00,112132.5,stop,0.7535727821996299,-0.4553720403358358,-1.213121893491124,False
2025-09-11 07:00:00+00:00,London,-1,2025-09-11 09:15:00+00:00,113900.0,114089.8,113520.4,2025-09-11 12:00:00+00:00,114089.8,stop,0.33272036588722725,-0.24663740122915093,-1.480084299262374,True
2025-09-12 00:00:00+00:00,Asia,-1,2025-09-12 02:00:00+00:00,115357.6,115818.8,114435.20000000001,2025-09-12 06:59:00+00:00,115270.5,time,0.7964164712464592,0.015504344750589313,0.03878022549871191,False
2025-09-15 07:00:00+00:00,London,-1,2025-09-15 08:07:00+00:00,115554.0,115958.45,114745.1,2025-09-15 08:55:00+00:00,114745.1,target,0.697577451233605,0.6400190387178238,1.82857609098776,False
2025-09-16 00:00:00+00:00,Asia,1,2025-09-16 01:36:00+00:00,115300.6,115095.3,115711.20000000001,2025-09-16 01:38:00+00:00,115095.3,stop,0.356747842874562,-0.25805631540512614,-1.4492960545543043,False
2025-09-17 13:30:00+00:00,NY,-1,2025-09-17 14:46:00+00:00,115555.0,115905.2,114854.6,2025-09-17 17:40:00+00:00,115905.2,stop,0.6042869517502184,-0.38305914932283075,-1.263974871502001,False
2025-09-18 00:00:00+00:00,Asia,1,2025-09-18 01:19:00+00:00,116431.6,116232.55,116829.70000000001,2025-09-18 01:44:00+00:00,116829.70000000001,target,0.34250302518529085,0.2819174863181523,1.6490381311228386,True
2025-09-19 00:00:00+00:00,Asia,1,2025-09-19 01:06:00+00:00,117375.1,117167.95000000001,117789.4,2025-09-19 01:15:00+00:00,117167.95000000001,stop,0.3535949890733796,-0.25648547264282984,-1.4532951001689725,False
2025-09-19 13:30:00+00:00,NY,-1,2025-09-19 16:48:00+00:00,116050.0,116248.65,115652.70000000001,2025-09-19 17:32:00+00:00,115652.70000000001,target,0.341767409772073,0.28235243429555223,1.6494840171155196,False
2025-09-22 07:00:00+00:00,London,-1,2025-09-22 09:15:00+00:00,112391.5,112670.15,111834.20000000001,2025-09-22 10:51:00+00:00,112670.15,stop,0.4946296778694294,-0.3279280016727192,-1.3226743226269582,False
2025-09-22 13:30:00+00:00,NY,-1,2025-09-22 17:19:00+00:00,112333.0,112866.3,111266.4,2025-09-22 20:56:00+00:00,112866.3,stop,0.9450119300446687,-0.5547491832320003,-1.1685100318769912,False
2025-09-23 00:00:00+00:00,Asia,-1,2025-09-23 01:10:00+00:00,112330.0,112569.2,111851.6,2025-09-23 02:54:00+00:00,111851.6,target,0.42498303265901705,0.3658880085462425,1.7182357859531738,True
2025-09-23 13:30:00+00:00,NY,-1,2025-09-23 14:37:00+00:00,112667.7,112961.25,112080.59999999999,2025-09-23 15:23:00+00:00,112961.25,stop,0.5197357500912975,-0.34054494766468374,-1.3070487480837987,True
2025-09-24 00:00:00+00:00,Asia,1,2025-09-24 01:30:00+00:00,112338.3,112054.6,112905.7,2025-09-24 02:16:00+00:00,112054.6,stop,0.506360292214696,-0.3325407630345101,-1.316780542826933,False
2025-09-24 13:30:00+00:00,NY,1,2025-09-24 14:41:00+00:00,113177.6,112968.8,113595.20000000001,2025-09-24 14:51:00+00:00,113595.20000000001,target,0.3696595874259139,0.30897760687627746,1.6747770114942575,False
2025-09-25 00:00:00+00:00,Asia,-1,2025-09-25 01:36:00+00:00,112886.1,113174.1,112310.1,2025-09-25 03:27:00+00:00,112310.1,target,0.5089503693866353,0.4502488260290682,1.764820625,True
2025-09-25 07:00:00+00:00,London,1,2025-09-25 08:20:00+00:00,111836.7,111612.85,112284.39999999998,2025-09-25 09:52:00+00:00,111612.85,stop,0.40111868839474757,-0.2801579088081026,-1.3996844315389925,True
2025-09-26 00:00:00+00:00,Asia,1,2025-09-26 01:24:00+00:00,109563.9,109156.95,110377.79999999999,2025-09-26 05:48:00+00:00,109156.95,stop,0.745623618102186,-0.45142708501613865,-1.215385477331369,True
2025-09-26 07:00:00+00:00,London,1,2025-09-26 08:45:00+00:00,109538.3,109189.65,110235.60000000002,2025-09-26 10:06:00+00:00,109189.65,stop,0.6386136414944117,-0.39829049747897194,-1.251342721927428,True
2025-09-26 13:30:00+00:00,NY,-1,2025-09-26 14:35:00+00:00,108863.0,109302.65,107983.70000000001,2025-09-26 15:36:00+00:00,109302.65,stop,0.8044635697304712,-0.4838562229591267,-1.1980902991015605,True
2025-09-29 00:00:00+00:00,Asia,-1,2025-09-29 02:23:00+00:00,111916.0,112092.65,111562.70000000001,2025-09-29 02:45:00+00:00,111562.70000000001,target,0.3151856968320429,0.25568319096464165,1.6198720634021953,True
2025-09-29 13:30:00+00:00,NY,1,2025-09-29 15:09:00+00:00,113881.6,112953.4,115738.00000000003,2025-09-29 23:59:00+00:00,114257.1,time,1.6435096243229586,0.26972841969203104,0.33093195432018546,True
2025-09-30 07:00:00+00:00,London,-1,2025-09-30 08:25:00+00:00,113531.7,113740.2,113114.7,2025-09-30 09:36:00+00:00,113114.7,target,0.36662499274662785,0.3072982964229374,1.6732900719424462,True
2025-09-30 13:30:00+00:00,NY,-1,2025-09-30 16:50:00+00:00,112828.5,113226.15,112033.20000000001,2025-09-30 17:20:00+00:00,113226.15,stop,0.7023995781893166,-0.43243754902351283,-1.226990569596382,True
2025-10-01 00:00:00+00:00,Asia,1,2025-10-01 01:16:00+00:00,114246.0,114072.7,114592.6,2025-10-01 03:50:00+00:00,114072.7,stop,0.30384132224450355,-0.23169021234879372,-1.527390652048462,False
2025-10-01 13:30:00+00:00,NY,1,2025-10-01 15:30:00+00:00,117400.0,116885.2,118429.6,2025-10-01 17:51:00+00:00,116885.2,stop,0.8808643010406841,-0.5185008517887588,-1.1824397824397812,False
2025-10-02 13:30:00+00:00,NY,-1,2025-10-02 14:45:00+00:00,119042.3,119387.65,118351.60000000002,2025-10-02 15:24:00+00:00,119387.65,stop,0.578535552044116,-0.37010696197905385,-1.2757603590560371,True
2025-10-03 00:00:00+00:00,Asia,-1,2025-10-03 01:25:00+00:00,120033.0,120269.25,119560.5,2025-10-03 03:03:00+00:00,120269.25,stop,0.3928685013002076,-0.2768208742595786,-1.4064609523809524,True
2025-10-03 07:00:00+00:00,London,-1,2025-10-03 08:27:00+00:00,119579.6,119782.55,119173.70000000001,2025-10-03 08:35:00+00:00,119782.55,stop,0.33886404989707947,-0.24971958427691432,-1.471365755112103,True
2025-10-03 13:30:00+00:00,NY,1,2025-10-03 15:02:00+00:00,120687.3,120253.85,121554.2,2025-10-03 15:31:00+00:00,121554.2,target,0.7208916803911132,0.6583025885905097,1.8329394855231274,True
2025-10-06 07:00:00+00:00,London,1,2025-10-06 10:32:00+00:00,123988.1,123603.0,124758.30000000002,2025-10-06 13:11:00+00:00,124758.30000000002,target,0.6231240342062989,0.5611886463297782,1.8068219683199198,True
2025-10-06 13:30:00+00:00,NY,1,2025-10-06 17:13:00+00:00,125281.0,124800.5,126242.0,2025-10-06 21:19:00+00:00,124800.5,stop,0.7700289662301032,-0.46353780700984193,-1.2085843912591052,True
2025-10-07 07:00:00+00:00,London,-1,2025-10-07 08:25:00+00:00,123503.9,123756.9,122997.9,2025-10-07 08:40:00+00:00,123756.9,stop,0.40886609150681696,-0.2848518305899652,-1.3905261660079051,True
2025-10-07 13:30:00+00:00,NY,-1,2025-10-07 14:42:00+00:00,122705.5,123730.9,120654.70000000001,2025-10-07 18:25:00+00:00,120654.70000000001,target,1.6574679405063755,1.6113187265444404,1.9282004095962548,True
2025-10-08 00:00:00+00:00,Asia,1,2025-10-08 02:34:00+00:00,122042.0,121630.5,122865.0,2025-10-08 03:20:00+00:00,121630.5,stop,0.6766394942058118,-0.41717900394946,-1.2372626974483596,True
2025-10-08 07:00:00+00:00,London,1,2025-10-08 08:27:00+00:00,121836.6,121554.65,122400.50000000003,2025-10-08 08:35:00+00:00,122400.50000000003,target,0.4639065638377542,0.40283300748709605,1.7407272211385105,True
2025-10-09 13:30:00+00:00,NY,-1,2025-10-09 14:35:00+00:00,121450.0,122429.4,119491.20000000001,2025-10-09 23:59:00+00:00,121579.3,time,1.5999424974720151,-0.16646356525319303,-0.2064222993669636,True
2025-10-10 07:00:00+00:00,London,1,2025-10-10 09:49:00+00:00,121336.5,121075.25,121859.0,2025-10-10 13:04:00+00:00,121859.0,target,0.43154980064051074,0.37062062940665014,1.7213324401913876,True
2025-10-11 00:00:00+00:00,Asia,-1,2025-10-11 01:33:00+00:00,111580.0,112361.35,110017.29999999999,2025-10-11 02:24:00+00:00,112361.35,stop,1.39078072664666,-0.7802599032084655,-1.1142432968580012,True
2025-10-11 07:00:00+00:00,London,1,2025-10-11 10:34:00+00:00,112050.0,111036.0,114078.0,2025-10-11 13:29:00+00:00,112282.5,time,1.8264346698368097,0.1474966532797858,0.16298816568047336,True
2025-10-11 13:30:00+00:00,NY,-1,2025-10-11 16:00:00+00:00,111810.6,112068.35,111295.1,2025-10-11 17:21:00+00:00,112068.35,stop,0.4599871417755325,-0.31052376071678356,-1.3470358098933075,True
2025-10-12 00:00:00+00:00,Asia,1,2025-10-12 03:15:00+00:00,110613.7,110061.5,111718.09999999999,2025-10-12 04:45:00+00:00,111718.09999999999,target,1.0034389863848796,0.9384296701041501,1.8798112640347695,True
2025-10-12 07:00:00+00:00,London,-1,2025-10-12 08:10:00+00:00,111433.7,111659.25,110982.59999999999,2025-10-12 08:26:00+00:00,111659.25,stop,0.4039969818891008,-0.28240735073860324,-1.39524256262469,True
2025-10-13 00:00:00+00:00,Asia,-1,2025-10-13 03:50:00+00:00,114703.9,115274.35,113562.99999999997,2025-10-13 06:33:00+00:00,115274.35,stop,0.9897258149796626,-0.5773239793939104,-1.1608609343500713,True
2025-10-13 07:00:00+00:00,London,-1,2025-10-13 09:31:00+00:00,114970.8,115235.4,114441.60000000002,2025-10-13 11:01:00+00:00,114441.60000000002,target,0.4592338812552368,0.40029078687804426,1.7392952380952296,True
2025-10-13 13:30:00+00:00,NY,-1,2025-10-13 15:01:00+00:00,114100.0,114794.45,112711.1,2025-10-13 16:08:00+00:00,114794.45,stop,1.2099016982092725,-0.6886327782646775,-1.1314421484628128,True
2025-10-14 13:30:00+00:00,NY,1,2025-10-14 16:58:00+00:00,112163.8,110982.9,114525.60000000002,2025-10-14 23:59:00+00:00,112983.8,time,2.128075586419172,0.6710736619123103,0.6373966635616856,False
2025-10-15 00:00:00+00:00,Asia,-1,2025-10-15 01:10:00+00:00,112543.1,112806.4,112016.50000000003,2025-10-15 01:13:00+00:00,112806.4,stop,0.466817485532728,-0.31395481375578627,-1.3419463729586174,True
2025-10-15 07:00:00+00:00,London,1,2025-10-15 09:17:00+00:00,112637.0,112403.65,113103.70000000001,2025-10-15 09:31:00+00:00,112403.65,stop,0.41520004021221474,-0.2871699352788212,-1.3861564173987475,True
2025-10-15 13:30:00+00:00,NY,-1,2025-10-15 15:54:00+00:00,110666.0,111424.7,109148.6,2025-10-15 18:57:00+00:00,111424.7,stop,1.3618165451645767,-0.7655764191350525,-1.1166901278502708,True
2025-10-16 00:00:00+00:00,Asia,1,2025-10-16 01:20:00+00:00,110800.0,110550.0,111300.0,2025-10-16 02:00:00+00:00,111300.0,target,0.45228403437358666,0.3912635379061372,1.73408,True
2025-10-16 07:00:00+00:00,London,-1,2025-10-16 08:08:00+00:00,110488.0,111099.7,109264.6,2025-10-16 09:44:00+00:00,111099.7,stop,1.1011730904763868,-0.6336347838679287,-1.1444995913029268,True
2025-10-17 00:00:00+00:00,Asia,1,2025-10-17 01:21:00+00:00,108795.0,108340.3,109704.4,2025-10-17 02:16:00+00:00,108340.3,stop,0.839392174472467,-0.49794200101107317,-1.1914141191994734,True
2025-10-17 07:00:00+00:00,London,-1,2025-10-17 08:07:00+00:00,105457.4,106161.15,104049.9,2025-10-17 10:18:00+00:00,104049.9,target,1.3258145752942578,1.2746621479384093,1.9100896056838366,True
2025-10-17 13:30:00+00:00,NY,-1,2025-10-17 14:38:00+00:00,104895.0,105510.6,103663.79999999999,2025-10-17 14:46:00+00:00,105510.6,stop,1.166896975280206,-0.6668725868725924,-1.136315789473683,True
2025-10-18 00:00:00+00:00,Asia,1,2025-10-18 02:16:00+00:00,106786.7,106528.35,107303.39999999998,2025-10-18 02:44:00+00:00,106528.35,stop,0.4850352042437502,-0.32193087715978796,-1.330672963034654,True
2025-10-19 00:00:00+00:00,Asia,1,2025-10-19 03:51:00+00:00,107217.0,106954.6,107741.79999999999,2025-10-19 04:08:00+00:00,106954.6,stop,0.4906754828684347,-0.3247373084492144,-1.3268810975609828,False
2025-10-19 13:30:00+00:00,NY,1,2025-10-19 15:10:00+00:00,108483.0,107961.0,109527.0,2025-10-19 23:59:00+00:00,108586.2,time,0.9670158668408035,0.03513011255219445,0.07300804597700593,False
2025-10-20 00:00:00+00:00,Asia,1,2025-10-20 03:08:00+00:00,108586.2,107981.7,109795.2,2025-10-20 03:51:00+00:00,109795.2,target,1.1196341602327062,1.0534011504224294,1.8922221339950374,True
2025-10-20 07:00:00+00:00,London,-1,2025-10-20 08:25:00+00:00,111000.0,111175.0,110650.0,2025-10-20 08:29:00+00:00,111175.0,stop,0.31481897908702494,-0.23765765765765764,-1.5074285714285713,True
2025-10-20 13:30:00+00:00,NY,1,2025-10-20 15:14:00+00:00,111257.6,110920.5,111931.80000000002,2025-10-20 16:00:00+00:00,110920.5,stop,0.6078227198759577,-0.38299053727566096,-1.2640346484722589,True
2025-10-21 00:00:00+00:00,Asia,-1,2025-10-21 01:15:00+00:00,110097.4,110291.85,109708.49999999997,2025-10-21 01:55:00+00:00,109708.49999999997,target,0.35260991632655425,0.2932326830606566,1.6602805862689842,True
2025-10-21 07:00:00+00:00,London,-1,2025-10-21 08:53:00+00:00,107585.6,107869.8,107017.20000000001,2025-10-21 10:06:00+00:00,107869.8,stop,0.5269315415435962,-0.3441617465534394,-1.3028447572132331,True
2025-10-22 00:00:00+00:00,Asia,1,2025-10-22 02:15:00+00:00,108600.0,108188.55,109422.9,2025-10-22 02:45:00+00:00,108188.55,stop,0.7606165347441981,-0.4588674033149144,-1.2111556689755756,True
2025-10-23 07:00:00+00:00,London,-1,2025-10-23 09:15:00+00:00,109151.8,109683.25,108088.90000000001,2025-10-23 13:29:00+00:00,109106.0,time,0.9690631887731209,-0.018040087291274248,-0.037051613510202634,False
2025-10-23 13:30:00+00:00,NY,1,2025-10-23 14:40:00+00:00,109584.8,109116.1,110522.2,2025-10-23 16:54:00+00:00,110522.2,target,0.8590849562988492,0.7954106043903847,1.859716492425858,False
2025-10-25 00:00:00+00:00,Asia,1,2025-10-25 01:33:00+00:00,111000.0,110800.25,111399.5,2025-10-25 04:18:00+00:00,111399.5,target,0.3605587532519105,0.29990990990990996,1.6665832290362954,False
2025-10-26 00:00:00+00:00,Asia,-1,2025-10-26 02:06:00+00:00,111479.3,111673.0,111091.90000000001,2025-10-26 06:59:00+00:00,111574.3,time,0.34690569788578635,-0.1452176143911919,-0.83576448115644,False
2025-10-26 13:30:00+00:00,NY,-1,2025-10-26 15:06:00+00:00,113480.6,113740.3,112961.20000000001,2025-10-26 18:39:00+00:00,113740.3,stop,0.45665432568754805,-0.30884968884549174,-1.3495744320369696,False
2025-10-27 00:00:00+00:00,Asia,1,2025-10-27 02:17:00+00:00,115129.1,114714.55,115958.20000000001,2025-10-27 06:48:00+00:00,115958.20000000001,target,0.7227505142111491,0.6601480772454625,1.8333676034254023,True
2025-10-27 07:00:00+00:00,London,-1,2025-10-27 08:15:00+00:00,115459.4,115919.79999999999,114538.6,2025-10-27 13:29:00+00:00,115089.6,time,0.7943422952765644,0.26028574546549554,0.6527462206776546,True
2025-10-27 13:30:00+00:00,NY,1,2025-10-27 16:45:00+00:00,115370.8,114901.9,116308.60000000002,2025-10-27 19:03:00+00:00,114901.9,stop,0.8161744931981133,-0.48642866305859783,-1.1968365109831485,True
2025-10-28 00:00:00+00:00,Asia,1,2025-10-28 02:09:00+00:00,114331.3,114020.65,114952.60000000002,2025-10-28 02:22:00+00:00,114020.65,stop,0.5449012963879815,-0.35171037152556534,-1.294431160469974,False
2025-10-28 13:30:00+00:00,NY,-1,2025-10-28 14:48:00+00:00,114808.4,115441.35,113542.49999999997,2025-10-28 16:52:00+00:00,115441.35,stop,1.0965741478248554,-0.6313098344720522,-1.145108965953074,False
2025-10-29 00:00:00+00:00,Asia,-1,2025-10-29 01:33:00+00:00,112371.1,112621.20000000001,111870.9,2025-10-29 01:40:00+00:00,112621.20000000001,stop,0.4441437313756176,-0.30256612242828074,-1.3594437425029904,True
2025-10-30 00:00:00+00:00,Asia,1,2025-10-30 01:35:00+00:00,110524.6,110097.6,111378.6,2025-10-30 04:10:00+00:00,110097.6,stop,0.7756754007353475,-0.466339330791516,-1.2070718501170958,True
2025-10-30 07:00:00+00:00,London,-1,2025-10-30 09:05:00+00:00,110601.7,111083.4,109638.3,2025-10-30 12:02:00+00:00,109638.3,target,0.8672762987089059,0.8110535190688698,1.862235789910732,True
2025-10-31 00:00:00+00:00,Asia,1,2025-10-31 01:31:00+00:00,109583.4,108905.0,110940.19999999998,2025-10-31 02:39:00+00:00,108905.0,stop,1.245856480418703,-0.6990718667243344,-1.129225707547171,True
2025-10-31 07:00:00+00:00,London,-1,2025-10-31 08:15:00+00:00,109209.3,109497.45000000001,108632.99999999999,2025-10-31 08:20:00+00:00,109497.45000000001,stop,0.5263136264817152,-0.3438511555334653,-1.3032012493492882,True
2025-10-31 13:30:00+00:00,NY,1,2025-10-31 15:01:00+00:00,110597.3,109952.70000000001,111886.49999999999,2025-10-31 16:09:00+00:00,109952.70000000001,stop,1.1725041767960196,-0.6628352048377232,-1.1372600682593874,True
2025-11-01 00:00:00+00:00,Asia,1,2025-11-01 01:13:00+00:00,109725.0,109538.25,110098.5,2025-11-01 02:08:00+00:00,109538.25,stop,0.34097678208297105,-0.25019822282980175,-1.4700401606425701,True
2025-11-01 13:30:00+00:00,NY,1,2025-11-01 15:24:00+00:00,110015.0,109834.75,110375.5,2025-11-01 16:06:00+00:00,110375.5,target,0.32822034920642146,0.2676825887378994,1.6337919556171985,True
2025-11-02 07:00:00+00:00,London,-1,2025-11-02 10:35:00+00:00,110375.0,110681.5,109762.0,2025-11-02 11:17:00+00:00,110681.5,stop,0.5538414278809015,-0.3576896942242356,-1.2880913539967374,False
2025-11-02 13:30:00+00:00,NY,-1,2025-11-02 17:06:00+00:00,110152.0,110388.5,109679.0,2025-11-02 22:34:00+00:00,109679.0,target,0.42848666301290445,0.3694066381000799,1.7205446088794927,False
2025-11-03 00:00:00+00:00,Asia,-1,2025-11-03 01:09:00+00:00,109700.0,110205.5,108689.0,2025-11-03 02:46:00+00:00,108689.0,target,0.9173770819060755,0.8616043755697358,1.869792284866469,False
2025-11-03 07:00:00+00:00,London,-1,2025-11-03 08:30:00+00:00,107222.0,107511.75,106642.5,2025-11-03 08:53:00+00:00,107511.75,stop,0.5390108523021903,-0.3502337206916491,-1.2960400345125107,False
2025-11-03 13:30:00+00:00,NY,-1,2025-11-03 17:21:00+00:00,107463.4,107871.7,106646.79999999999,2025-11-03 19:05:00+00:00,106646.79999999999,target,0.7570104114424875,0.6998866218638214,1.8420817046289504,False
2025-11-04 00:00:00+00:00,Asia,1,2025-11-04 01:51:00+00:00,106777.0,106298.5,107734.0,2025-11-04 03:06:00+00:00,106298.5,stop,0.9002949241993066,-0.5281302153085402,-1.178519540229885,True
2025-11-04 07:00:00+00:00,London,-1,2025-11-04 08:22:00+00:00,104274.2,104587.1,103648.39999999998,2025-11-04 08:36:00+00:00,104587.1,stop,0.5983529517502665,-0.380074227373606,-1.2666007031000246,True
2025-11-04 13:30:00+00:00,NY,-1,2025-11-04 14:41:00+00:00,103607.3,103899.15,103023.60000000002,2025-11-04 14:43:00+00:00,103899.15,stop,0.5617947788793239,-0.3616886454911877,-1.2840015076237878,True
2025-11-05 00:00:00+00:00,Asia,-1,2025-11-05 01:11:00+00:00,100308.0,101004.0,98916.0,2025-11-05 01:33:00+00:00,98916.0,target,1.37816324105976,1.327725804522072,1.9135275862068966,True
2025-11-05 07:00:00+00:00,London,-1,2025-11-05 08:32:00+00:00,101552.0,101826.0,101004.0,2025-11-05 09:04:00+00:00,101826.0,stop,0.5381729617190109,-0.3498125098471719,-1.2965021897810218,True
2025-11-05 13:30:00+00:00,NY,-1,2025-11-05 14:35:00+00:00,102306.2,102756.6,101405.39999999998,2025-11-05 14:40:00+00:00,102756.6,stop,0.8766346881854817,-0.5202470231520756,-1.1817161634102984,True
2025-11-06 00:00:00+00:00,Asia,-1,2025-11-06 01:37:00+00:00,103264.6,103552.65,102688.50000000003,2025-11-06 03:15:00+00:00,103552.65,stop,0.5563353521131437,-0.3589436070056809,-1.2867963200833303,True
2025-11-06 07:00:00+00:00,London,-1,2025-11-06 09:05:00+00:00,102850.1,103196.20000000001,102157.9,2025-11-06 10:34:00+00:00,103196.20000000001,stop,0.6707611326773631,-0.4165091526405961,-1.2377349898873118,True
2025-11-06 13:30:00+00:00,NY,-1,2025-11-06 14:37:00+00:00,102660.0,103105.0,101770.0,2025-11-06 15:40:00+00:00,101770.0,target,0.8631977110712381,0.8069394116501072,1.8615820224719102,True
2025-11-07 00:00:00+00:00,Asia,1,2025-11-07 01:30:00+00:00,101596.3,101148.20000000001,102492.49999999999,2025-11-07 01:34:00+00:00,101148.20000000001,stop,0.886026642095457,-0.5210593692880461,-1.1813814773488096,True
2025-11-07 07:00:00+00:00,London,-1,2025-11-07 08:43:00+00:00,101586.6,101784.25,101191.30000000002,2025-11-07 09:08:00+00:00,101191.30000000002,target,0.3883704993650671,0.32912612490228865,1.6916166961801073,True
2025-11-08 07:00:00+00:00,London,1,2025-11-08 08:14:00+00:00,102368.4,102111.1,102882.99999999997,2025-11-08 11:39:00+00:00,102111.1,stop,0.5039608818238088,-0.33134709539270746,-1.3182849591916195,True
2025-11-09 00:00:00+00:00,Asia,-1,2025-11-09 03:37:00+00:00,101571.0,101932.95,100847.1,2025-11-09 04:18:00+00:00,101932.95,stop,0.7101727164768548,-0.4363517145641936,-1.2244973062577722,False
2025-11-09 07:00:00+00:00,London,1,2025-11-09 08:15:00+00:00,101930.0,101774.15,102241.70000000001,2025-11-09 08:23:00+00:00,101774.15,stop,0.3062663751060531,-0.23289904836653175,-1.5232210458774265,False
2025-11-10 07:00:00+00:00,London,-1,2025-11-10 09:19:00+00:00,106096.6,106297.8,105694.20000000001,2025-11-10 09:29:00+00:00,106297.8,stop,0.3785591047039489,-0.26963849925445027,-1.4218552683896681,True
2025-11-11 00:00:00+00:00,Asia,1,2025-11-11 01:56:00+00:00,106111.9,105755.75,106824.19999999998,2025-11-11 02:05:00+00:00,105755.75,stop,0.6735331175846121,-0.4156362481493538,-1.2383532781131583,False
2025-11-11 07:00:00+00:00,London,1,2025-11-11 09:10:00+00:00,105278.0,104981.65,105870.70000000001,2025-11-11 09:45:00+00:00,104981.65,stop,0.5645748566535171,-0.3614928095138641,-1.2841990889151285,False
2025-11-11 13:30:00+00:00,NY,-1,2025-11-11 14:56:00+00:00,104200.0,104363.65,103872.70000000001,2025-11-11 14:57:00+00:00,104363.65,stop,0.31361494160083797,-0.23705374280229766,-1.509379773907748,False
2025-11-12 00:00:00+00:00,Asia,-1,2025-11-12 01:05:00+00:00,102761.8,103041.6,102202.2,2025-11-12 01:10:00+00:00,103041.6,stop,0.5430816291672405,-0.35228016636532533,-1.2938150107219413,True
2025-11-12 13:30:00+00:00,NY,-1,2025-11-12 14:35:00+00:00,104693.0,104914.45,104250.1,2025-11-12 14:47:00+00:00,104250.1,target,0.42215347838166645,0.3630464309934706,1.7163431925942614,True
2025-11-13 00:00:00+00:00,Asia,1,2025-11-13 01:24:00+00:00,102020.0,101716.0,102628.0,2025-11-13 03:10:00+00:00,101716.0,stop,0.5977427346730111,-0.37798078808076846,-1.2684736842105262,True
2025-11-14 00:00:00+00:00,Asia,1,2025-11-14 02:40:00+00:00,99752.7,99218.7,100820.7,2025-11-14 03:15:00+00:00,99218.7,stop,1.076409991261728,-0.61532385589563,-1.1494422471910113,True
2025-11-14 07:00:00+00:00,London,-1,2025-11-14 11:00:00+00:00,96704.3,97209.25,95694.40000000001,2025-11-14 11:44:00+00:00,95694.40000000001,target,1.038892903710289,0.9843175742960697,1.885092424992573,True
2025-11-15 00:00:00+00:00,Asia,1,2025-11-15 02:07:00+00:00,95395.3,94959.6,96266.7,2025-11-15 02:58:00+00:00,96266.7,target,0.9176534020783667,0.8534621936300785,1.8686316731696113,True
2025-11-15 07:00:00+00:00,London,-1,2025-11-15 08:29:00+00:00,95925.8,96131.65,95514.10000000002,2025-11-15 08:36:00+00:00,96131.65,stop,0.42826686112221846,-0.29459294579768036,-1.3727988341025177,True
2025-11-15 13:30:00+00:00,NY,-1,2025-11-15 16:22:00+00:00,95936.4,96188.0,95433.19999999998,2025-11-15 17:24:00+00:00,96188.0,stop,0.5231421798977124,-0.34225707864794364,-1.3050441971383078,True
2025-11-16 00:00:00+00:00,Asia,-1,2025-11-16 01:36:00+00:00,95159.0,95415.85,94645.29999999999,2025-11-16 02:10:00+00:00,95415.85,stop,0.5383801538214008,-0.3499166657909455,-1.2963877749659267,False
2025-11-16 07:00:00+00:00,London,1,2025-11-16 09:00:00+00:00,96067.1,95878.55,96444.20000000001,2025-11-16 09:51:00+00:00,96444.20000000001,target,0.3933100782187526,0.3325381322013528,1.6942972155926859,False
2025-11-16 13:30:00+00:00,NY,1,2025-11-16 14:50:00+00:00,95530.9,95301.95,95988.79999999999,2025-11-16 15:00:00+00:00,95301.95,stop,0.4804728549625629,-0.3196606752370145,-1.3338052849967283,False
2025-11-17 00:00:00+00:00,Asia,1,2025-11-17 03:28:00+00:00,95354.3,94542.15,96978.60000000002,2025-11-17 06:59:00+00:00,95237.3,time,1.718069665223398,-0.1827002872445186,-0.21450788647417118,False
2025-11-17 07:00:00+00:00,London,1,2025-11-17 08:27:00+00:00,95838.0,95500.7,96512.6,2025-11-17 08:48:00+00:00,95500.7,stop,0.7063822568839871,-0.4319480790500667,-1.2273062555588479,False
2025-11-17 13:30:00+00:00,NY,1,2025-11-17 14:54:00+00:00,94656.7,94084.25,95801.59999999999,2025-11-17 15:17:00+00:00,94084.25,stop,1.216888055120803,-0.6847643748408693,-1.132282924272863,False
2025-11-18 00:00:00+00:00,Asia,-1,2025-11-18 02:20:00+00:00,91126.0,91730.7,89916.6,2025-11-18 03:30:00+00:00,89916.6,target,1.3184244751211909,1.2671733643526482,1.9095822722010911,True
2025-11-18 13:30:00+00:00,NY,1,2025-11-18 14:42:00+00:00,91898.0,91393.0,92908.0,2025-11-18 14:52:00+00:00,91393.0,stop,1.1051174597616886,-0.6295222964591177,-1.14558099009901,True
2025-11-19 00:00:00+00:00,Asia,-1,2025-11-19 03:40:00+00:00,91838.6,92391.70000000001,90732.4,2025-11-19 05:30:00+00:00,90732.4,target,1.1972936962952268,1.1445044240657105,1.9003739649249693,True
2025-11-19 13:30:00+00:00,NY,1,2025-11-19 15:20:00+00:00,91863.2,91434.79999999999,92720.00000000001,2025-11-19 15:22:00+00:00,91434.79999999999,stop,0.9370611627082939,-0.5463456095585705,-1.1715465919701178,True
2025-11-20 00:00:00+00:00,Asia,1,2025-11-20 01:22:00+00:00,92272.6,91706.4,93405.00000000003,2025-11-20 06:51:00+00:00,91706.4,stop,1.2348102204426397,-0.6936166099145484,-1.1303745672907073,True
2025-11-20 07:00:00+00:00,London,-1,2025-11-20 09:53:00+00:00,91753.4,92075.65,91108.9,2025-11-20 13:29:00+00:00,92075.65,stop,0.6999679068244428,-0.4312131430551893,-1.2277819084561676,True
2025-11-20 13:30:00+00:00,NY,-1,2025-11-20 15:17:00+00:00,90400.0,91449.3,88301.4,2025-11-20 16:22:00+00:00,88301.4,target,2.294823470491306,2.261460176991157,1.948308396073573,True
2025-11-21 00:00:00+00:00,Asia,-1,2025-11-21 02:16:00+00:00,86552.0,87008.7,85638.6,2025-11-21 02:52:00+00:00,85638.6,target,1.0497800794633114,0.9953193455957046,1.886290343770527,True
2025-11-21 13:30:00+00:00,NY,1,2025-11-21 14:46:00+00:00,84384.6,83809.45000000001,85534.9,2025-11-21 15:17:00+00:00,83809.45000000001,stop,1.3725182542064203,-0.7615817104068683,-1.1173740415543785,True
2025-11-22 00:00:00+00:00,Asia,-1,2025-11-22 02:59:00+00:00,84500.9,85050.4,83401.9,2025-11-22 06:59:00+00:00,84597.5,time,1.2921749927102049,-0.17431830903576864,-0.2680628571428677,True
2025-11-22 13:30:00+00:00,NY,1,2025-11-22 16:45:00+00:00,84712.7,84189.54999999999,85759.00000000001,2025-11-22 23:59:00+00:00,84689.4,time,1.2427908214261782,-0.08750473069563702,-0.14169477205390743,True
2025-11-23 00:00:00+00:00,Asia,1,2025-11-23 01:15:00+00:00,85286.8,84954.4,85951.60000000002,2025-11-23 01:53:00+00:00,85951.60000000002,target,0.782537455387835,0.7194875643124347,1.8460527075812316,False
2025-11-23 07:00:00+00:00,London,1,2025-11-23 08:33:00+00:00,85881.5,85615.1,86414.29999999999,2025-11-23 09:42:00+00:00,86414.29999999999,target,0.622320128108246,0.5603897230486057,1.806573198198194,False
2025-11-23 13:30:00+00:00,NY,1,2025-11-23 16:10:00+00:00,87178.9,86771.0,87994.69999999998,2025-11-23 16:58:00+00:00,86771.0,stop,0.9401758652084088,-0.547888445483935,-1.1709809266977225,False
2025-11-24 00:00:00+00:00,Asia,1,2025-11-24 03:12:00+00:00,87189.1,86552.05,88463.20000000001,2025-11-24 04:21:00+00:00,86552.05,stop,1.4720621868575103,-0.8106532582627908,-1.1094910603563295,False
2025-11-24 13:30:00+00:00,NY,-1,2025-11-24 14:57:00+00:00,85823.7,86183.95,85103.2,2025-11-24 15:00:00+00:00,86183.95,stop,0.8360025271526775,-0.4997558483262781,-1.1905869812630117,False
2025-11-25 00:00:00+00:00,Asia,-1,2025-11-25 02:02:00+00:00,87825.0,88036.05,87402.9,2025-11-25 02:31:00+00:00,87402.9,target,0.4794626746656691,0.42061485909479746,1.7503198294243105,False
2025-11-25 07:00:00+00:00,London,-1,2025-11-25 08:50:00+00:00,87240.0,87631.1,86457.79999999999,2025-11-25 12:14:00+00:00,87631.1,stop,0.8926054791050176,-0.5283035304906073,-1.1784505241626155,False
2025-11-25 13:30:00+00:00,NY,-1,2025-11-25 15:10:00+00:00,86778.0,87212.7,85908.6,2025-11-25 15:45:00+00:00,87212.7,stop,0.9968731618216088,-0.5809334163036681,-1.1597018633540381,False
2025-11-26 00:00:00+00:00,Asia,1,2025-11-26 02:26:00+00:00,87734.1,87524.55,88153.20000000001,2025-11-26 03:33:00+00:00,87524.55,stop,0.47883708056768737,-0.3188466970083501,-1.3349428775948415,False
2025-11-26 13:30:00+00:00,NY,1,2025-11-26 14:43:00+00:00,87300.0,86918.9,88062.20000000001,2025-11-26 14:58:00+00:00,86918.9,stop,0.8769093948496784,-0.5165406643757225,-1.1832589871424795,False
2025-11-27 00:00:00+00:00,Asia,1,2025-11-27 01:13:00+00:00,90533.0,90278.7,91041.6,2025-11-27 01:58:00+00:00,91041.6,target,0.563366552686299,0.5017841008251199,1.78639480928038,True
2025-11-27 07:00:00+00:00,London,1,2025-11-27 08:56:00+00:00,91461.9,91276.75,91832.19999999998,2025-11-27 09:34:00+00:00,91832.19999999998,target,0.4056892910845186,0.3448680379480291,1.7036071293545683,True
2025-11-28 00:00:00+00:00,Asia,-1,2025-11-28 01:43:00+00:00,91023.4,91205.0,90660.19999999998,2025-11-28 02:27:00+00:00,90660.19999999998,target,0.3982237815909343,0.3390182744217549,1.6992618942731375,False
2025-11-28 07:00:00+00:00,London,1,2025-11-28 09:00:00+00:00,91529.9,91177.0,92235.69999999998,2025-11-28 11:15:00+00:00,91177.0,stop,0.7740987310396135,-0.4655570693292511,-1.2074919807310889,False
2025-11-28 13:30:00+00:00,NY,-1,2025-11-28 16:25:00+00:00,91433.8,92188.35,89924.7,2025-11-28 23:59:00+00:00,90847.8,time,1.6369747370464827,0.5809008484827274,0.7039158703863203,False
2025-11-29 07:00:00+00:00,London,1,2025-11-29 08:25:00+00:00,90625.0,90476.0,90923.0,2025-11-29 09:09:00+00:00,90476.0,stop,0.3293691144612936,-0.2444137931034483,-1.4865771812080537,False
2025-11-30 13:30:00+00:00,NY,-1,2025-11-30 14:59:00+00:00,91442.0,91647.85,91030.29999999999,2025-11-30 16:20:00+00:00,91647.85,stop,0.44921948523614796,-0.3051153736794972,-1.355373330094719,False
2025-12-01 07:00:00+00:00,London,1,2025-12-01 08:10:00+00:00,86524.6,86265.70000000001,87042.4,2025-12-01 11:44:00+00:00,86265.70000000001,stop,0.6002385652698614,-0.3792212619301264,-1.2673606797991563,False
2025-12-01 13:30:00+00:00,NY,1,2025-12-01 14:40:00+00:00,86288.0,85962.5,86939.0,2025-12-01 14:43:00+00:00,85962.5,stop,0.7573069652464738,-0.45722510661969223,-1.2120749615975424,False
2025-12-02 00:00:00+00:00,Asia,1,2025-12-02 01:15:00+00:00,86630.1,86385.1,87120.1,2025-12-02 01:51:00+00:00,86385.1,stop,0.5672274501042425,-0.36281163244645914,-1.2828737959183674,True
2025-12-02 13:30:00+00:00,NY,1,2025-12-02 14:45:00+00:00,88765.0,88016.5,90262.0,2025-12-02 15:12:00+00:00,90262.0,target,1.7008174603625457,1.6264755252633358,1.9288456913827656,True
2025-12-03 07:00:00+00:00,London,-1,2025-12-03 08:20:00+00:00,92820.0,93119.3,92221.4,2025-12-03 09:53:00+00:00,93119.3,stop,0.6428312927610128,-0.40245205774617854,-1.248098897427328,True
2025-12-03 13:30:00+00:00,NY,1,2025-12-03 14:45:00+00:00,93225.4,92431.4,94813.4,2025-12-03 14:59:00+00:00,92431.4,stop,1.7180308856081377,-0.9316992150207991,-1.0939298740554158,True
2025-12-04 00:00:00+00:00,Asia,1,2025-12-04 01:16:00+00:00,93431.8,93029.9,94235.60000000002,2025-12-04 05:10:00+00:00,93029.9,stop,0.8640232871367195,-0.5101533310928493,-1.185980194078125,False
2025-12-04 07:00:00+00:00,London,1,2025-12-04 08:08:00+00:00,93386.6,93119.5,93920.80000000002,2025-12-04 08:11:00+00:00,93119.5,stop,0.5736714651603709,-0.3660153383890256,-1.279705278921746,False
2025-12-04 13:30:00+00:00,NY,-1,2025-12-04 15:08:00+00:00,92366.0,92643.55,91810.9,2025-12-04 15:13:00+00:00,92643.55,stop,0.5991782482428684,-0.38048935755581376,-1.2662323905602566,False
2025-12-05 00:00:00+00:00,Asia,1,2025-12-05 01:10:00+00:00,92444.0,92229.5,92873.0,2025-12-05 02:10:00+00:00,92229.5,stop,0.46514401574333597,-0.31203236554021896,-1.3447794871794871,False
2025-12-05 13:30:00+00:00,NY,-1,2025-12-05 14:41:00+00:00,90195.3,90540.65,89504.60000000002,2025-12-05 15:02:00+00:00,90540.65,stop,0.7628617643014459,-0.46289134799705894,-1.2089365571159747,False
2025-12-06 07:00:00+00:00,London,-1,2025-12-06 09:10:00+00:00,89410.8,89545.5,89141.40000000001,2025-12-06 09:26:00+00:00,89545.5,stop,0.30085263916109034,-0.23065294125541558,-1.5310218262806352,True
2025-12-06 13:30:00+00:00,NY,-1,2025-12-06 15:21:00+00:00,89584.7,89921.0,88912.09999999999,2025-12-06 16:09:00+00:00,89921.0,stop,0.7479899022475349,-0.4553989241466489,-1.2131066309842384,True
2025-12-07 00:00:00+00:00,Asia,1,2025-12-07 02:55:00+00:00,89520.0,89325.75,89908.5,2025-12-07 06:59:00+00:00,89668.1,time,0.4349249796391298,0.1054378909740905,0.4859099099099398,False
2025-12-07 07:00:00+00:00,London,-1,2025-12-07 09:26:00+00:00,89155.0,89426.35,88612.29999999999,2025-12-07 12:46:00+00:00,89426.35,stop,0.6068681099027268,-0.3843575794963892,-1.2628487193661266,False
2025-12-07 13:30:00+00:00,NY,1,2025-12-07 16:15:00+00:00,89077.0,88428.5,90374.0,2025-12-07 17:19:00+00:00,90374.0,target,1.4667217017138139,1.3960436476307017,1.9175848882035467,False
2025-12-08 00:00:00+00:00,Asia,1,2025-12-08 01:16:00+00:00,90572.2,90189.29999999999,91338.00000000001,2025-12-08 01:32:00+00:00,91338.00000000001,target,0.8491029423667809,0.7855133031990141,1.8580743797336152,True
2025-12-08 07:00:00+00:00,London,1,2025-12-08 09:30:00+00:00,91868.0,91589.1,92425.79999999999,2025-12-08 13:17:00+00:00,91589.1,stop,0.6090244363139313,-0.3835877563460554,-1.2635152384367212,True
2025-12-08 13:30:00+00:00,NY,-1,2025-12-08 14:43:00+00:00,91111.0,91411.0,90511.0,2025-12-08 14:44:00+00:00,91411.0,stop,0.6563761472908074,-0.40926869423011486,-1.2429626666666664,True
2025-12-09 00:00:00+00:00,Asia,-1,2025-12-09 01:05:00+00:00,90315.0,90562.9,89819.20000000001,2025-12-09 03:19:00+00:00,89819.20000000001,target,0.5474648007075777,0.48896750262967215,1.781407825736179,False
2025-12-09 07:00:00+00:00,London,1,2025-12-09 08:29:00+00:00,90485.8,90267.15,90923.10000000002,2025-12-09 09:05:00+00:00,90267.15,stop,0.48445087720173174,-0.3216401247488653,-1.331070843814302,False
2025-12-09 13:30:00+00:00,NY,-1,2025-12-09 14:45:00+00:00,90071.5,90446.15,89322.20000000001,2025-12-09 15:01:00+00:00,90446.15,stop,0.8284487509971435,-0.49594733073169,-1.1923320432403606,False
2025-12-10 00:00:00+00:00,Asia,-1,2025-12-10 02:10:00+00:00,91999.3,92373.75,91250.40000000001,2025-12-10 02:19:00+00:00,92373.75,stop,0.8107281559966919,-0.4870139664106108,-1.1965534517292042,True
2025-12-10 07:00:00+00:00,London,-1,2025-12-10 09:25:00+00:00,92446.1,92597.95000000001,92142.4,2025-12-10 09:45:00+00:00,92597.95000000001,stop,0.32797702324943157,-0.24425787567026172,-1.487039051695734,True
2025-12-10 13:30:00+00:00,NY,-1,2025-12-10 14:40:00+00:00,91825.0,91979.45,91516.1,2025-12-10 14:43:00+00:00,91979.45,stop,0.335835885080846,-0.2482003811598117,-1.4756231790223462,True
2025-12-11 00:00:00+00:00,Asia,-1,2025-12-11 01:26:00+00:00,91011.0,91528.65,89975.70000000001,2025-12-11 02:18:00+00:00,89975.70000000001,target,1.1311212390874366,1.07755480106799,1.8945105766444497,False
2025-12-11 07:00:00+00:00,London,-1,2025-12-11 08:20:00+00:00,90011.7,90149.6,89735.89999999998,2025-12-11 08:22:00+00:00,90149.6,stop,0.30593591097464984,-0.233202305922462,-1.5221853517041004,False
2025-12-11 13:30:00+00:00,NY,1,2025-12-11 14:43:00+00:00,90223.8,90025.85,90619.7,2025-12-11 14:48:00+00:00,90025.85,stop,0.43976257930362084,-0.29939887258128906,-1.3646326850214754,False
2025-12-12 00:00:00+00:00,Asia,1,2025-12-12 02:50:00+00:00,92598.7,91999.35,93797.39999999998,2025-12-12 06:59:00+00:00,92468.7,time,1.3029439881912177,-0.20039073982680103,-0.3096007674981275,True
2025-12-12 07:00:00+00:00,London,-1,2025-12-12 08:34:00+00:00,92213.2,92370.79999999999,91898.00000000001,2025-12-12 09:50:00+00:00,92370.79999999999,stop,0.34123337678140403,-0.2509082864492191,-1.4680873096446958,True
2025-12-12 13:30:00+00:00,NY,1,2025-12-12 14:40:00+00:00,92364.4,92215.5,92662.19999999998,2025-12-12 14:50:00+00:00,92215.5,stop,0.3229392021948462,-0.24120929708848232,-1.4962492948287633,True
2025-12-14 13:30:00+00:00,NY,-1,2025-12-14 16:21:00+00:00,89161.2,89344.2,88795.2,2025-12-14 16:22:00+00:00,89344.2,stop,0.40965166177547063,-0.28524622817997064,-1.389775737704918,False
2025-12-15 00:00:00+00:00,Asia,1,2025-12-15 01:25:00+00:00,88656.3,88340.8,89287.3,2025-12-15 01:51:00+00:00,89287.3,target,0.7142792458297864,0.6517373497427706,1.8313984786053883,False
2025-12-15 07:00:00+00:00,London,1,2025-12-15 08:35:00+00:00,89787.1,89626.55,90108.20000000001,2025-12-15 11:41:00+00:00,89626.55,stop,0.3582643759020132,-0.2588118783210538,-1.4473975708501943,False
2025-12-15 13:30:00+00:00,NY,-1,2025-12-15 14:35:00+00:00,89230.2,89453.04999999999,88784.50000000001,2025-12-15 14:36:00+00:00,89453.04999999999,stop,0.4982501994062775,-0.32974728287058785,-1.320323805250181,False
2025-12-16 00:00:00+00:00,Asia,-1,2025-12-16 01:41:00+00:00,85802.1,86140.35,85125.6,2025-12-16 02:27:00+00:00,86140.35,stop,0.7853462401766419,-0.47422112046208653,-1.202931796008869,True
2025-12-16 13:30:00+00:00,NY,1,2025-12-16 15:58:00+00:00,87776.3,86916.1,89496.7,2025-12-16 23:59:00+00:00,87826.3,time,1.9793801148463963,-0.0030370156864666163,-0.003099023482910957,True
2025-12-17 00:00:00+00:00,Asia,1,2025-12-17 01:20:00+00:00,87826.3,87599.0,88280.90000000001,2025-12-17 01:40:00+00:00,87599.0,stop,0.5189556958412834,-0.33880630289560515,-1.3091114826220813,False
2025-12-17 07:00:00+00:00,London,-1,2025-12-17 09:17:00+00:00,86555.5,86859.85,85946.79999999999,2025-12-17 11:15:00+00:00,86859.85,stop,0.7007840791804234,-0.4316241024545012,-1.2275156891736443,False
2025-12-17 13:30:00+00:00,NY,1,2025-12-17 15:50:00+00:00,87862.0,87441.15,88703.70000000001,2025-12-17 15:55:00+00:00,87441.15,stop,0.9625902678544338,-0.558989779426835,-1.1670181774979187,False
2025-12-18 00:00:00+00:00,Asia,-1,2025-12-18 01:21:00+00:00,86012.1,86148.05,85740.20000000001,2025-12-18 01:48:00+00:00,86148.05,stop,0.31561944814768783,-0.23805915679305248,-1.5061396101508016,True
2025-12-18 07:00:00+00:00,London,1,2025-12-18 09:04:00+00:00,86822.2,86684.1,87098.39999999998,2025-12-18 09:33:00+00:00,87098.39999999998,target,0.3186282144014843,0.2581214021298499,1.6227855177407438,True
2025-12-19 00:00:00+00:00,Asia,-1,2025-12-19 01:38:00+00:00,85260.0,85418.05,84943.9,2025-12-19 02:27:00+00:00,85418.05,stop,0.370062299478864,-0.26537414965986733,-1.4315596330275149,True
2025-12-19 13:30:00+00:00,NY,-1,2025-12-19 14:35:00+00:00,87800.0,88069.2,87261.6,2025-12-19 14:44:00+00:00,88069.2,stop,0.611337448279301,-0.38660592255124954,-1.2609212481426477,True
2025-12-21 13:30:00+00:00,NY,1,2025-12-21 16:28:00+00:00,88182.0,87865.25,88815.5,2025-12-21 23:59:00+00:00,88621.3,time,0.7209903801559775,0.4381742305686001,1.2198604577742793,False
2025-12-22 00:00:00+00:00,Asia,-1,2025-12-22 03:07:00+00:00,88521.7,89060.85,87443.39999999998,2025-12-22 06:59:00+00:00,88867.3,time,1.2107452376661605,-0.4504127462531852,-0.7395215060743753,False
2025-12-22 07:00:00+00:00,London,1,2025-12-22 08:06:00+00:00,89173.8,89009.4,89502.60000000002,2025-12-22 08:20:00+00:00,89502.60000000002,target,0.36939918705215735,0.30871816609813363,1.674548175182499,False
2025-12-22 13:30:00+00:00,NY,-1,2025-12-22 14:43:00+00:00,89685.0,89916.0,89223.0,2025-12-22 14:47:00+00:00,89916.0,stop,0.5138128920325638,-0.3375681552099013,-1.3105974025974025,False
2025-12-23 00:00:00+00:00,Asia,-1,2025-12-23 01:40:00+00:00,88461.2,88683.04999999999,88017.50000000001,2025-12-23 02:19:00+00:00,88683.04999999999,stop,0.5003210872878157,-0.3307879160581037,-1.3189946360153382,False
2025-12-23 07:00:00+00:00,London,-1,2025-12-23 09:40:00+00:00,87318.7,87485.04999999999,86986.00000000001,2025-12-23 09:51:00+00:00,87485.04999999999,stop,0.3802935472975064,-0.27050902040455393,-1.419927622482739,False
2025-12-23 13:30:00+00:00,NY,-1,2025-12-23 14:40:00+00:00,87345.8,87602.05,86833.3,2025-12-23 14:55:00+00:00,86833.3,target,0.585031971283777,0.5267483038680738,1.7954830048780488,False
2025-12-24 00:00:00+00:00,Asia,1,2025-12-24 01:15:00+00:00,87657.1,87443.95000000001,88083.4,2025-12-24 02:04:00+00:00,87443.95000000001,stop,0.4875122864417754,-0.3231634174527724,-1.328996856673713,False
2025-12-24 07:00:00+00:00,London,-1,2025-12-24 08:28:00+00:00,86862.0,87004.55,86576.9,2025-12-24 10:11:00+00:00,87004.55,stop,0.32768401192811847,-0.2441108885358418,-1.487475271834434,False
2025-12-24 13:30:00+00:00,NY,-1,2025-12-24 14:42:00+00:00,87009.3,87214.65,86598.60000000002,2025-12-24 14:51:00+00:00,87214.65,stop,0.47090712397515455,-0.3160092541831635,-1.3389697589481517,False
2025-12-26 00:00:00+00:00,Asia,1,2025-12-26 01:25:00+00:00,87289.8,87057.3,87754.8,2025-12-26 02:13:00+00:00,87754.8,target,0.5341309689135776,0.4727082889409759,1.774736,False
2025-12-29 07:00:00+00:00,London,-1,2025-12-29 08:55:00+00:00,89448.1,89633.75,89076.80000000002,2025-12-29 09:31:00+00:00,89076.80000000002,target,0.41424128746146216,0.3551010474230178,1.7109137624562258,False
2025-12-29 13:30:00+00:00,NY,1,2025-12-29 14:54:00+00:00,87592.0,87358.45,88059.1,2025-12-29 14:58:00+00:00,87358.45,stop,0.5346935528274664,-0.3466339391725305,-1.300036822950114,False
2025-12-30 13:30:00+00:00,NY,1,2025-12-30 15:03:00+00:00,88383.3,88085.75,88978.40000000001,2025-12-30 15:52:00+00:00,88978.40000000001,target,0.675591681968997,0.6133172443210491,1.821777919677367,True
2026-01-02 00:00:00+00:00,Asia,-1,2026-01-02 02:05:00+00:00,88545.2,88697.6,88240.39999999998,2026-01-02 03:07:00+00:00,88697.6,stop,0.3436395122303229,-0.2521154845209099,-1.464804199475039,False
2026-01-02 13:30:00+00:00,NY,-1,2026-01-02 14:36:00+00:00,88680.0,89109.8,87820.4,2026-01-02 14:38:00+00:00,89109.8,stop,0.9646525971329818,-0.564663960306724,-1.165062819916239,False
2026-01-03 07:00:00+00:00,London,1,2026-01-03 09:35:00+00:00,89913.4,89587.29999999999,90565.6,2026-01-03 13:29:00+00:00,89929.2,time,0.7280049739192912,-0.042427535828916584,-0.11698264336092118,False
2026-01-04 07:00:00+00:00,London,1,2026-01-04 10:35:00+00:00,91500.0,91334.55,91830.9,2026-01-04 11:14:00+00:00,91334.55,stop,0.3622944438878761,-0.2608196721311443,-1.4424297370806969,False
2026-01-05 00:00:00+00:00,Asia,1,2026-01-05 01:05:00+00:00,92396.8,91936.65,93317.10000000002,2026-01-05 01:37:00+00:00,93317.10000000002,target,1.0010153730857096,0.9360301655468776,1.8795217211778792,False
2026-01-06 00:00:00+00:00,Asia,1,2026-01-06 01:20:00+00:00,93950.0,93730.0,94390.0,2026-01-06 01:50:00+00:00,93730.0,stop,0.46943347914221695,-0.31416711016498133,-1.3416363636363635,True
2026-01-06 13:30:00+00:00,NY,-1,2026-01-06 15:59:00+00:00,93590.7,94003.04999999999,92766.00000000001,2026-01-06 16:30:00+00:00,92766.00000000001,target,0.877311959558756,0.8211772964621299,1.8638185522007975,True
2026-01-07 00:00:00+00:00,Asia,-1,2026-01-07 01:25:00+00:00,92607.9,93158.0,91507.69999999998,2026-01-07 06:59:00+00:00,92576.4,time,1.1810043152493737,-0.025985623256763186,-0.043746118887474525,True
2026-01-07 07:00:00+00:00,London,1,2026-01-07 08:12:00+00:00,92862.4,92719.4,93148.4,2026-01-07 08:45:00+00:00,92719.4,stop,0.3084575612007843,-0.2339912817243578,-1.5195099300699302,True
2026-01-07 13:30:00+00:00,NY,-1,2026-01-07 15:37:00+00:00,91456.2,91836.6,90695.39999999998,2026-01-07 19:16:00+00:00,90695.39999999998,target,0.8284278816942295,0.771873618191022,1.8557473186119908,True
2026-01-08 00:00:00+00:00,Asia,-1,2026-01-08 03:04:00+00:00,91037.9,91281.0,90551.69999999998,2026-01-08 06:05:00+00:00,90551.69999999998,target,0.5326409658088886,0.47406328573046136,1.7753075277663568,False
2026-01-08 07:00:00+00:00,London,1,2026-01-08 08:15:00+00:00,90555.1,90071.6,91522.1,2026-01-08 09:22:00+00:00,90071.6,stop,1.0735903436821372,-0.6139290663916223,-1.1498326370217165,False
2026-01-09 07:00:00+00:00,London,-1,2026-01-09 08:17:00+00:00,90704.0,90903.95,90304.1,2026-01-09 08:42:00+00:00,90304.1,target,0.4399148771862985,0.380884635738219,1.7278199549887432,False
2026-01-09 13:30:00+00:00,NY,-1,2026-01-09 14:35:00+00:00,90200.0,90600.0,89400.0,2026-01-09 14:38:00+00:00,90600.0,stop,0.8830022075055187,-0.5234589800443459,-1.1804000000000001,False
2026-01-12 00:00:00+00:00,Asia,1,2026-01-12 01:34:00+00:00,91229.2,90935.6,91816.39999999998,2026-01-12 02:15:00+00:00,91816.39999999998,target,0.6457317046349252,0.5836535670596504,1.8135643051771062,False
2026-01-12 07:00:00+00:00,London,-1,2026-01-12 08:05:00+00:00,91342.0,91637.15,90751.70000000001,2026-01-12 08:37:00+00:00,90751.70000000001,target,0.6441710594447808,0.5862525453788929,1.8143140775876636,False
2026-01-12 13:30:00+00:00,NY,1,2026-01-12 14:40:00+00:00,90753.5,90409.75,91441.0,2026-01-12 15:36:00+00:00,91441.0,target,0.7604268344951733,0.6975465409047585,1.841593890909091,False
2026-01-13 00:00:00+00:00,Asia,-1,2026-01-13 02:02:00+00:00,91202.9,91363.7,90881.29999999999,2026-01-13 03:22:00+00:00,91363.7,stop,0.3519997548260478,-0.2563101831191803,-1.4537457711442703,False
2026-01-13 07:00:00+00:00,London,1,2026-01-13 09:40:00+00:00,92180.6,92023.45000000001,92494.9,2026-01-13 09:42:00+00:00,92023.45000000001,stop,0.341543378345414,-0.250480556646403,-1.4692617244670871,False
2026-01-13 13:30:00+00:00,NY,1,2026-01-13 14:46:00+00:00,92555.1,92127.85,93409.6,2026-01-13 15:02:00+00:00,92127.85,stop,0.9275154038653891,-0.5416169179224051,-1.1733038736102983,False
2026-01-14 00:00:00+00:00,Asia,-1,2026-01-14 01:50:00+00:00,95120.5,95374.05,94613.4,2026-01-14 02:11:00+00:00,95374.05,stop,0.5316959906809093,-0.3465566307998832,-1.3001238414513867,True
2026-01-14 07:00:00+00:00,London,1,2026-01-14 08:18:00+00:00,95226.7,95019.35,95641.39999999998,2026-01-14 08:37:00+00:00,95019.35,stop,0.4364374203780568,-0.2977435530161092,-1.3674046780805555,True
2026-01-14 13:30:00+00:00,NY,1,2026-01-14 14:40:00+00:00,95773.7,95309.15,96702.8,2026-01-14 14:54:00+00:00,96702.8,target,0.9748277054196699,0.9100993070122653,1.8763013238618025,True
2026-01-15 00:00:00+00:00,Asia,-1,2026-01-15 01:31:00+00:00,96450.0,96705.45,95939.1,2026-01-15 03:27:00+00:00,95939.1,target,0.5283052816568189,0.46970451010885866,1.7734586024662335,True
2026-01-15 07:00:00+00:00,London,1,2026-01-15 10:28:00+00:00,96744.2,96438.95,97354.7,2026-01-15 13:29:00+00:00,96880.9,time,0.6330429769299645,0.08130046038935368,0.25766905814904867,True
2026-01-15 13:30:00+00:00,NY,-1,2026-01-15 15:58:00+00:00,96562.5,96831.25,96025.0,2026-01-15 15:59:00+00:00,96831.25,stop,0.5550893952107404,-0.35831715210355986,-1.2874418604651163,True
2026-01-16 07:00:00+00:00,London,1,2026-01-16 08:30:00+00:00,95750.0,95591.3,96067.4,2026-01-16 09:16:00+00:00,95591.3,stop,0.3320385851013577,-0.2457441253263677,-1.4826717076244573,False
2026-01-16 13:30:00+00:00,NY,-1,2026-01-16 14:40:00+00:00,95238.0,95453.85,94806.29999999999,2026-01-16 15:08:00+00:00,95453.85,stop,0.45226043789747306,-0.30664272664273273,-1.352978457261978,False
2026-01-19 13:30:00+00:00,NY,-1,2026-01-19 14:40:00+00:00,92750.0,92933.55,92382.9,2026-01-19 15:03:00+00:00,92933.55,stop,0.3950134262599522,-0.27789757412399235,-1.40424952329065,False
2026-01-20 00:00:00+00:00,Asia,-1,2026-01-20 03:35:00+00:00,92320.2,92582.6,91795.39999999998,2026-01-20 05:00:00+00:00,91795.39999999998,target,0.5668451739311737,0.5084563075036855,1.7889019817073242,False
2026-01-20 07:00:00+00:00,London,-1,2026-01-20 08:41:00+00:00,90819.5,91044.15,90370.20000000001,2026-01-20 08:52:00+00:00,91044.15,stop,0.4934968364249685,-0.32735877206986846,-1.323416870687745,False
2026-01-20 13:30:00+00:00,NY,1,2026-01-20 14:41:00+00:00,91102.9,90891.6,91525.49999999997,2026-01-20 14:42:00+00:00,90891.6,stop,0.4649494562753777,-0.3119355366294469,-1.3449234264079697,False
2026-01-21 00:00:00+00:00,Asia,1,2026-01-21 01:05:00+00:00,88944.0,88581.1,89669.79999999999,2026-01-21 05:32:00+00:00,89669.79999999999,target,0.8193621438433287,0.7560190681777167,1.8529446128410008,True
2026-01-21 07:00:00+00:00,London,-1,2026-01-21 08:40:00+00:00,89045.0,89389.05,88356.9,2026-01-21 09:25:00+00:00,89389.05,stop,0.7697810861621259,-0.4663776742096726,-1.2070513006830386,True
2026-01-21 13:30:00+00:00,NY,1,2026-01-21 14:35:00+00:00,89688.0,89101.25,90861.5,2026-01-21 16:34:00+00:00,89101.25,stop,1.3170410067198832,-0.7342123806975293,-1.1222844482317853,True
2026-01-22 00:00:00+00:00,Asia,1,2026-01-22 01:22:00+00:00,90000.0,89705.65,90588.70000000001,2026-01-22 03:34:00+00:00,89705.65,stop,0.6562574375192612,-0.40705555555556205,-1.2446067606590745,True
2026-01-22 07:00:00+00:00,London,-1,2026-01-22 08:15:00+00:00,89750.0,89951.6,89346.79999999999,2026-01-22 09:07:00+00:00,89951.6,stop,0.44824105407796755,-0.30462395543176135,-1.3561507936507833,True
2026-01-22 13:30:00+00:00,NY,-1,2026-01-22 14:51:00+00:00,89298.6,89804.05,88287.70000000001,2026-01-22 19:38:00+00:00,89804.05,stop,1.1256730626291287,-0.6460223116599779,-1.1413371846869136,True
2026-01-23 13:30:00+00:00,NY,-1,2026-01-23 15:22:00+00:00,89202.1,89445.95000000001,88714.4,2026-01-23 15:48:00+00:00,89445.95000000001,stop,0.5452454806506019,-0.3533680036680816,-1.2926458068484654,False
2026-01-26 00:00:00+00:00,Asia,1,2026-01-26 03:52:00+00:00,87150.8,86807.0,87838.40000000001,2026-01-26 04:30:00+00:00,87838.40000000001,target,0.7921020194224035,0.7289772669900975,1.8479043630017464,True
2026-01-26 07:00:00+00:00,London,1,2026-01-26 08:07:00+00:00,88059.6,87862.6,88453.6,2026-01-26 08:17:00+00:00,87862.6,stop,0.4484274310116022,-0.30371212224447985,-1.3576024365482233,True
2026-01-26 13:30:00+00:00,NY,1,2026-01-26 14:44:00+00:00,88010.3,87804.65,88421.60000000002,2026-01-26 14:54:00+00:00,87804.65,stop,0.4684262166069826,-0.31366583229463907,-1.3423692681740675,True
2026-01-27 13:30:00+00:00,NY,-1,2026-01-27 14:46:00+00:00,87764.7,88091.75,87110.59999999999,2026-01-27 15:11:00+00:00,88091.75,stop,0.7425212917214221,-0.45264412685282684,-1.2146820363858717,False
2026-01-28 00:00:00+00:00,Asia,1,2026-01-28 01:20:00+00:00,89429.4,89265.79999999999,89756.6,2026-01-28 01:26:00+00:00,89265.79999999999,stop,0.3665457543650503,-0.26293760217557743,-1.437307579462087,False
2026-01-29 00:00:00+00:00,Asia,-1,2026-01-29 01:46:00+00:00,88861.5,89089.15,88406.20000000001,2026-01-29 02:01:00+00:00,88406.20000000001,target,0.5110611112576592,0.45237037412151315,1.7657944212607013,False
2026-01-29 13:30:00+00:00,NY,-1,2026-01-29 14:38:00+00:00,87760.0,87946.45,87387.1,2026-01-29 14:54:00+00:00,87387.1,target,0.4240080185158061,0.3649088422971675,1.7175864843121438,False
2026-01-30 00:00:00+00:00,Asia,-1,2026-01-30 01:06:00+00:00,84100.0,84398.6,83502.79999999999,2026-01-30 01:22:00+00:00,83502.79999999999,target,0.7075946757410633,0.6501070154578021,1.8310113864701976,True
2026-01-30 07:00:00+00:00,London,-1,2026-01-30 09:30:00+00:00,82431.6,82753.0,81788.80000000002,2026-01-30 10:51:00+00:00,82753.0,stop,0.7767694222565809,-0.4698990193081223,-1.2051813316739304,True
2026-01-30 13:30:00+00:00,NY,1,2026-01-30 14:52:00+00:00,83120.0,82746.05,83867.9,2026-01-30 15:26:00+00:00,82746.05,stop,0.9038497910172076,-0.5298917228103911,-1.1778205642465582,True
2026-01-31 00:00:00+00:00,Asia,-1,2026-01-31 01:42:00+00:00,83964.9,84102.2,83690.29999999999,2026-01-31 02:40:00+00:00,84102.2,stop,0.3265075110995977,-0.24352070924874908,-1.489234668608875,True
2026-01-31 13:30:00+00:00,NY,-1,2026-01-31 14:46:00+00:00,81156.5,82027.6,79414.29999999999,2026-01-31 16:21:00+00:00,82027.6,stop,2.123919266198203,-1.1533582645875633,-1.0745324302605896,True
2026-02-01 00:00:00+00:00,Asia,-1,2026-02-01 01:27:00+00:00,78600.2,78998.5,77803.59999999999,2026-02-01 02:54:00+00:00,78998.5,stop,1.0083735767134892,-0.5867417131254157,-1.157871353251317,True
2026-02-01 07:00:00+00:00,London,1,2026-02-01 08:48:00+00:00,78687.2,78293.54999999999,79474.50000000001,2026-02-01 10:45:00+00:00,78293.54999999999,stop,1.0055745332789265,-0.5802719629113868,-1.1599130191794707,True
2026-02-01 13:30:00+00:00,NY,-1,2026-02-01 14:43:00+00:00,77777.7,78215.75,76901.59999999999,2026-02-01 14:50:00+00:00,78215.75,stop,1.1201068838437345,-0.6432077060648528,-1.1420435110147236,True
2026-02-02 07:00:00+00:00,London,1,2026-02-02 08:20:00+00:00,76930.0,76606.1,77577.79999999999,2026-02-02 09:37:00+00:00,77577.79999999999,target,0.8456245651455992,0.782064214220705,1.8574930534115444,True
2026-02-02 13:30:00+00:00,NY,1,2026-02-02 14:40:00+00:00,78452.5,78011.25,79335.0,2026-02-02 14:56:00+00:00,78011.25,stop,1.1312470957714431,-0.6424422421210286,-1.1422368271954673,True
2026-02-03 00:00:00+00:00,Asia,-1,2026-02-03 03:31:00+00:00,78366.6,78718.5,77662.80000000002,2026-02-03 03:56:00+00:00,78718.5,stop,0.894071914480063,-0.5290433424443501,-1.1781565217391332,True
2026-02-03 07:00:00+00:00,London,1,2026-02-03 08:49:00+00:00,78898.9,78673.5,79349.69999999998,2026-02-03 08:55:00+00:00,78673.5,stop,0.5730010740592301,-0.36568205640382084,-1.2800315882874962,True
2026-02-03 13:30:00+00:00,NY,-1,2026-02-03 14:40:00+00:00,78041.6,78233.70000000001,77657.4,2026-02-03 14:43:00+00:00,77657.4,target,0.4910927132424991,0.43230154174185514,1.7562469547110955,True
2026-02-04 00:00:00+00:00,Asia,1,2026-02-04 01:06:00+00:00,76229.1,75824.55,77038.20000000001,2026-02-04 02:41:00+00:00,75824.55,stop,1.0670686472916828,-0.6107028418281245,-1.150743492769743,True
2026-02-04 07:00:00+00:00,London,-1,2026-02-04 08:06:00+00:00,76304.0,76465.2,75981.6,2026-02-04 08:16:00+00:00,76465.2,stop,0.42162970867792693,-0.29126022226881565,-1.3786799007444237,True
2026-02-04 13:30:00+00:00,NY,-1,2026-02-04 14:35:00+00:00,74770.0,75342.6,73624.79999999999,2026-02-04 14:36:00+00:00,75342.6,stop,1.5199900189268714,-0.8458151665106405,-1.1044638491093248,True
2026-02-05 00:00:00+00:00,Asia,-1,2026-02-05 01:27:00+00:00,72724.0,73012.0,72148.0,2026-02-05 01:28:00+00:00,73012.0,stop,0.7889114118227141,-0.47601782080193605,-1.202011111111111,True
2026-02-05 07:00:00+00:00,London,1,2026-02-05 09:10:00+00:00,71600.0,71093.75,72612.5,2026-02-05 10:49:00+00:00,71093.75,stop,1.4241758241758242,-0.7870530726256983,-1.1131456790123457,True
2026-02-05 13:30:00+00:00,NY,1,2026-02-05 14:36:00+00:00,70294.6,69762.1,71359.6,2026-02-05 14:55:00+00:00,69762.1,stop,1.5266168879663886,-0.8375261826655248,-1.1056069107981221,True
2026-02-06 00:00:00+00:00,Asia,1,2026-02-06 03:52:00+00:00,63812.5,61806.25,67825.0,2026-02-06 06:59:00+00:00,64947.6,time,6.49206188694509,1.718805093046031,0.546697819314641,True
2026-02-06 07:00:00+00:00,London,-1,2026-02-06 08:35:00+00:00,64590.1,65049.85,63670.6,2026-02-06 08:53:00+00:00,65049.85,stop,1.413531314830088,-0.7917963898492184,-1.112391691136487,True
2026-02-06 13:30:00+00:00,NY,1,2026-02-06 14:35:00+00:00,67661.8,67100.55,68784.3,2026-02-06 15:43:00+00:00,68784.3,target,1.6728625920353857,1.5989863113307654,1.9276666726057907,True
2026-02-07 00:00:00+00:00,Asia,1,2026-02-07 03:16:00+00:00,70569.4,70121.95,71464.29999999999,2026-02-07 04:22:00+00:00,71464.29999999999,target,1.2762052395861698,1.208113374918866,1.905371237009721,True
2026-02-07 13:30:00+00:00,NY,-1,2026-02-07 14:40:00+00:00,68771.8,69052.4,68210.60000000002,2026-02-07 15:05:00+00:00,69052.4,stop,0.8127161402065637,-0.4880160763568661,-1.196070705630797,True
2026-02-08 00:00:00+00:00,Asia,1,2026-02-08 01:55:00+00:00,69399.4,69121.54999999999,69955.1,2026-02-08 02:54:00+00:00,69121.54999999999,stop,0.8039460920653503,-0.4803636919051257,-1.199818319236994,True
2026-02-08 07:00:00+00:00,London,1,2026-02-08 08:05:00+00:00,69693.0,69434.45,70210.1,2026-02-08 08:28:00+00:00,70210.1,target,0.7447311817116804,0.6819683468928097,1.8382680332624268,True
2026-02-08 13:30:00+00:00,NY,-1,2026-02-08 14:45:00+00:00,71119.1,71322.0,70713.30000000002,2026-02-08 15:01:00+00:00,71322.0,stop,0.5689689016011726,-0.36529607376920425,-1.2804104484968044,True
2026-02-09 00:00:00+00:00,Asia,1,2026-02-09 01:27:00+00:00,70738.5,70402.15,71411.20000000001,2026-02-09 01:37:00+00:00,70402.15,stop,0.9555105916509611,-0.5554836475186861,-1.1682497398543155,True
2026-02-09 13:30:00+00:00,NY,1,2026-02-09 14:43:00+00:00,69237.9,68754.79999999999,70204.1,2026-02-09 16:46:00+00:00,70204.1,target,1.4052837038286743,1.3354784879379815,1.91400799006417,True
2026-02-10 00:00:00+00:00,Asia,1,2026-02-10 01:31:00+00:00,70226.3,69966.05,70746.8,2026-02-10 02:45:00+00:00,69966.05,stop,0.7439322357057458,-0.4505876573306582,-1.2158733525456291,True
2026-02-10 07:00:00+00:00,London,-1,2026-02-10 08:22:00+00:00,68800.1,68986.75,68426.80000000002,2026-02-10 08:24:00+00:00,68986.75,stop,0.5411184031716066,-0.3512932103296277,-1.2948839003482546,True
2026-02-10 13:30:00+00:00,NY,-1,2026-02-10 15:06:00+00:00,68657.5,69106.1,67760.29999999999,2026-02-10 15:07:00+00:00,69106.1,stop,1.29829349362791,-0.7333881950260435,-1.1224386981720895,True
2026-02-11 00:00:00+00:00,Asia,1,2026-02-11 01:05:00+00:00,69218.3,68984.15,69686.60000000002,2026-02-11 01:24:00+00:00,68984.15,stop,0.6788515912713325,-0.4182775942200382,-1.2364921631432753,False
2026-02-11 07:00:00+00:00,London,-1,2026-02-11 10:50:00+00:00,66600.1,66912.55,65975.20000000001,2026-02-11 11:20:00+00:00,66912.55,stop,0.9339055229549525,-0.5491434397245606,-1.1705235397663643,False
2026-02-11 13:30:00+00:00,NY,-1,2026-02-11 16:10:00+00:00,66836.5,67828.8,64851.899999999994,2026-02-11 19:43:00+00:00,67828.8,stop,2.9258957846814417,-1.5646678087571955,-1.053884107628741,False
2026-02-12 00:00:00+00:00,Asia,1,2026-02-12 01:48:00+00:00,67685.0,67350.8,68353.4,2026-02-12 03:00:00+00:00,67350.8,stop,0.9924158287652027,-0.5737578488586793,-1.1620227408737296,True
2026-02-12 07:00:00+00:00,London,-1,2026-02-12 08:30:00+00:00,66902.6,67099.70000000001,66508.4,2026-02-12 08:55:00+00:00,67099.70000000001,stop,0.5874839976929808,-0.3746073844663822,-1.271547843734137,True
2026-02-12 13:30:00+00:00,NY,-1,2026-02-12 14:47:00+00:00,67691.5,68038.25,66998.0,2026-02-12 15:10:00+00:00,66998.0,target,1.0192795964034935,0.9645008605216313,1.8828697909156453,True
2026-02-13 00:00:00+00:00,Asia,1,2026-02-13 01:50:00+00:00,66498.4,66166.15,67162.9,2026-02-13 05:58:00+00:00,66166.15,stop,1.0042899579316615,-0.5796360814696293,-1.1601165387509405,True
2026-02-13 13:30:00+00:00,NY,1,2026-02-13 14:50:00+00:00,67600.0,67337.0,68126.0,2026-02-13 15:09:00+00:00,68126.0,target,0.7811455811812228,0.7181065088757397,1.8457794676806083,True
2026-02-14 13:30:00+00:00,NY,1,2026-02-14 14:40:00+00:00,69618.0,69424.4,70005.20000000001,2026-02-14 15:25:00+00:00,70005.20000000001,target,0.5577289828936183,0.49617799994256034,1.7842417355371967,True
2026-02-15 00:00:00+00:00,Asia,1,2026-02-15 01:10:00+00:00,69827.3,69694.65,70092.60000000002,2026-02-15 01:20:00+00:00,69694.65,stop,0.38066049546127706,-0.26996867987163864,-1.42112205050883,False
2026-02-15 07:00:00+00:00,London,-1,2026-02-15 08:36:00+00:00,70275.5,70591.6,69643.29999999999,2026-02-15 09:07:00+00:00,70591.6,stop,0.8955739776403949,-0.5298011397997963,-1.177856374565008,False
2026-02-15 13:30:00+00:00,NY,1,2026-02-15 15:05:00+00:00,69146.7,68944.04999999999,69552.00000000001,2026-02-15 15:20:00+00:00,68944.04999999999,stop,0.5878679886081584,-0.37307255443861925,-1.2729699481865167,False
2026-02-16 00:00:00+00:00,Asia,-1,2026-02-16 02:03:00+00:00,68656.9,68845.25,68280.19999999998,2026-02-16 02:54:00+00:00,68280.19999999998,target,0.5471691946793884,0.4886702720338548,1.7812894080169965,True
2026-02-16 07:00:00+00:00,London,1,2026-02-16 08:33:00+00:00,68637.1,68483.75,68943.80000000002,2026-02-16 09:29:00+00:00,68943.80000000002,target,0.4478434665157963,0.38684288817565377,1.7314492337789473,True
2026-02-17 00:00:00+00:00,Asia,-1,2026-02-17 02:07:00+00:00,68667.1,68850.05,68301.20000000001,2026-02-17 02:10:00+00:00,68850.05,stop,0.5314447847169235,-0.34643035747832235,-1.3002660836294118,True
2026-02-17 07:00:00+00:00,London,-1,2026-02-17 09:17:00+00:00,68133.1,68292.45000000001,67814.4,2026-02-17 10:16:00+00:00,67814.4,target,0.4666694488190086,0.4077608974199201,1.7434586758707342,True
2026-02-17 13:30:00+00:00,NY,-1,2026-02-17 16:05:00+00:00,67924.9,68127.5,67519.69999999998,2026-02-17 16:29:00+00:00,67519.69999999998,target,0.5947671645077416,0.5365411800385598,1.7988403751234017,True
2026-02-18 00:00:00+00:00,Asia,-1,2026-02-18 02:07:00+00:00,67241.7,67418.6,66887.89999999998,2026-02-18 03:04:00+00:00,67418.6,stop,0.5247809951556438,-0.3430807965890344,-1.3040890898812738,True
2026-02-18 07:00:00+00:00,London,1,2026-02-18 08:32:00+00:00,68190.2,67923.04999999999,68724.50000000001,2026-02-18 10:34:00+00:00,67923.04999999999,stop,0.7866254533623018,-0.47177183818203905,-1.2042004866179983,True
2026-02-18 13:30:00+00:00,NY,-1,2026-02-18 14:53:00+00:00,67007.0,67231.15,66558.70000000001,2026-02-18 14:55:00+00:00,67231.15,stop,0.6668040037988386,-0.41451728923842907,-1.2391505688155313,True
2026-02-19 00:00:00+00:00,Asia,1,2026-02-19 01:17:00+00:00,66573.6,66437.70000000001,66845.4,2026-02-19 02:17:00+00:00,66845.4,target,0.40910507136761637,0.3482699448429833,1.7060768211920405,False
2026-02-19 07:00:00+00:00,London,-1,2026-02-19 09:10:00+00:00,67001.6,67150.5,66703.80000000002,2026-02-19 09:23:00+00:00,67150.5,stop,0.4434814334963825,-0.3022334989015101,-1.3599817327065284,False
2026-02-19 13:30:00+00:00,NY,-1,2026-02-19 14:36:00+00:00,65716.7,65992.0,65166.09999999999,2026-02-19 14:39:00+00:00,65992.0,stop,0.8343435567947718,-0.49891939187452045,-1.1909675263349053,False
2026-02-20 07:00:00+00:00,London,1,2026-02-20 10:47:00+00:00,67956.3,67830.4,68208.10000000002,2026-02-20 10:55:00+00:00,67830.4,stop,0.37121998395999867,-0.26526611955037094,-1.4318112787926627,False
2026-02-20 13:30:00+00:00,NY,1,2026-02-20 15:05:00+00:00,67184.4,66796.25,67960.69999999998,2026-02-20 15:15:00+00:00,66796.25,stop,1.1621909912607193,-0.6577382844826988,-1.138471003478039,False
2026-02-21 00:00:00+00:00,Asia,1,2026-02-21 02:36:00+00:00,68023.7,67884.5,68302.09999999999,2026-02-21 03:01:00+00:00,67884.5,stop,0.41010834579321376,-0.2846345611896987,-1.3909408045977092,False
2026-02-22 00:00:00+00:00,Asia,1,2026-02-22 01:35:00+00:00,68035.7,67899.7,68307.7,2026-02-22 02:57:00+00:00,67899.7,stop,0.4005908715355149,-0.27989505509607454,-1.40021,False
2026-02-22 13:30:00+00:00,NY,-1,2026-02-22 14:45:00+00:00,67446.0,67690.2,66957.6,2026-02-22 15:38:00+00:00,67690.2,stop,0.7215224655858516,-0.442067431723152,-1.2209533169533195,False
2026-02-23 07:00:00+00:00,London,-1,2026-02-23 08:45:00+00:00,65597.5,65788.75,65215.0,2026-02-23 09:03:00+00:00,65788.75,stop,0.5814063954703501,-0.3715507450741263,-1.27439477124183,False
2026-02-23 13:30:00+00:00,NY,-1,2026-02-23 14:35:00+00:00,66013.0,66205.4,65628.20000000001,2026-02-23 14:41:00+00:00,65628.20000000001,target,0.5812214713603466,0.5229154863435814,1.7941382536382475,False
2026-02-24 07:00:00+00:00,London,1,2026-02-24 08:35:00+00:00,63333.0,63109.2,63780.600000000006,2026-02-24 09:23:00+00:00,63109.2,stop,0.7092468293053922,-0.4333702808962199,-1.2263914209115252,True
2026-02-25 07:00:00+00:00,London,1,2026-02-25 08:25:00+00:00,65160.4,64947.95,65585.30000000002,2026-02-25 09:10:00+00:00,65585.30000000002,target,0.6542161838826345,0.5920831670769608,1.8159743939750912,False
2026-02-25 13:30:00+00:00,NY,1,2026-02-25 14:53:00+00:00,66687.1,66396.3,67268.70000000001,2026-02-25 15:33:00+00:00,67268.70000000001,target,0.8759524250598388,0.812132691330116,1.8624062585969752,False
2026-02-26 00:00:00+00:00,Asia,1,2026-02-26 01:10:00+00:00,68504.3,68097.20000000001,69318.49999999999,2026-02-26 02:01:00+00:00,68097.20000000001,stop,1.1956438737569195,-0.6742692648490551,-1.1346191107835941,True
2026-02-26 07:00:00+00:00,London,1,2026-02-26 09:15:00+00:00,68269.9,68024.95,68759.79999999999,2026-02-26 11:45:00+00:00,68024.95,stop,0.7201769350804289,-0.43879648278377015,-1.2229676260461344,True
2026-02-26 13:30:00+00:00,NY,-1,2026-02-26 14:56:00+00:00,67626.2,67902.29999999999,67074.00000000001,2026-02-26 15:16:00+00:00,67074.00000000001,target,0.813227239725307,0.7565474327996878,1.8530397681999229,True
2026-02-27 00:00:00+00:00,Asia,-1,2026-02-27 01:11:00+00:00,66959.0,67230.95,66415.1,2026-02-27 01:40:00+00:00,67230.95,stop,0.8090024014237405,-0.48614405830433116,-1.1969744438315888,False
2026-02-27 07:00:00+00:00,London,1,2026-02-27 08:35:00+00:00,67733.7,67575.54999999999,68050.00000000001,2026-02-27 09:20:00+00:00,68050.00000000001,target,0.46806870236350717,0.4069758185364412,1.7430273790705169,False
2026-02-27 13:30:00+00:00,NY,-1,2026-02-27 17:04:00+00:00,65626.1,65973.05,64932.20000000001,2026-02-27 22:34:00+00:00,64932.20000000001,target,1.0517931185537037,0.9973537053093116,1.886509122351923,False
2026-02-28 00:00:00+00:00,Asia,1,2026-02-28 02:55:00+00:00,65990.0,65835.95,66298.1,2026-02-28 03:04:00+00:00,65835.95,stop,0.46798139922034365,-0.31344446128201686,-1.3426939305420253,True
2026-03-01 00:00:00+00:00,Asia,-1,2026-03-01 01:05:00+00:00,66578.3,66833.95000000001,66066.99999999999,2026-03-01 01:11:00+00:00,66066.99999999999,target,0.7650303476002882,0.707967941506493,1.8437434774105275,True
2026-03-01 07:00:00+00:00,London,1,2026-03-01 08:16:00+00:00,67201.2,66979.54999999999,67644.50000000001,2026-03-01 08:47:00+00:00,66979.54999999999,stop,0.6618438015782473,-0.4098304196948994,-1.2425488833746803,True
2026-03-01 13:30:00+00:00,NY,-1,2026-03-01 16:57:00+00:00,66207.2,66770.1,65081.39999999998,2026-03-01 20:33:00+00:00,65081.39999999998,target,1.6860840406109963,1.6404192897449483,1.9294291703677395,True
2026-03-02 00:00:00+00:00,Asia,1,2026-03-02 01:18:00+00:00,66766.0,66246.0,67806.0,2026-03-02 02:06:00+00:00,66246.0,stop,1.5699061075385683,-0.8588395291016385,-1.102716923076923,True
2026-03-02 07:00:00+00:00,London,1,2026-03-02 09:00:00+00:00,66182.9,65845.95,66856.79999999999,2026-03-02 13:04:00+00:00,65845.95,stop,1.023449430071241,-0.589119425108294,-1.1571340554978495,True
2026-03-03 00:00:00+00:00,Asia,-1,2026-03-03 02:07:00+00:00,68600.0,68866.1,68067.79999999999,2026-03-03 04:48:00+00:00,68067.79999999999,target,0.7728040356575979,0.715801749271154,1.8453213077790338,True
2026-03-03 13:30:00+00:00,NY,-1,2026-03-03 14:46:00+00:00,66600.5,66960.2,65881.1,2026-03-03 15:15:00+00:00,66960.2,stop,1.0743695508675215,-0.6200860353901203,-1.1481245482346412,True
2026-03-04 00:00:00+00:00,Asia,1,2026-03-04 01:49:00+00:00,68383.4,68104.7,68940.79999999999,2026-03-04 02:15:00+00:00,68104.7,stop,0.8184457166685914,-0.4875550499097691,-1.1962925008970238,True
2026-03-04 07:00:00+00:00,London,1,2026-03-04 08:10:00+00:00,69676.4,68996.2,71036.79999999999,2026-03-04 08:57:00+00:00,71036.79999999999,target,1.9717027894289747,1.8924544896119695,1.9385389003234341,True
2026-03-04 13:30:00+00:00,NY,1,2026-03-04 14:36:00+00:00,71986.5,71601.6,72756.29999999999,2026-03-04 14:42:00+00:00,71601.6,stop,1.0751156398739734,-0.614683586505795,-1.1496212003117714,True
2026-03-05 00:00:00+00:00,Asia,1,2026-03-05 01:11:00+00:00,72972.8,72742.15,73434.10000000002,2026-03-05 01:22:00+00:00,72742.15,stop,0.6341577751001352,-0.39607667514472333,-1.2531031432906905,True
2026-03-05 07:00:00+00:00,London,1,2026-03-05 09:30:00+00:00,72650.0,72195.0,73560.0,2026-03-05 13:29:00+00:00,72494.1,time,1.2604751021538887,-0.27459050240880134,-0.43843956043954757,True
2026-03-05 13:30:00+00:00,NY,1,2026-03-05 14:35:00+00:00,72663.2,72406.65,73176.3,2026-03-05 14:39:00+00:00,72406.65,stop,0.7086365686024576,-0.4330673022933244,-1.2265856947963332,True
2026-03-06 00:00:00+00:00,Asia,-1,2026-03-06 01:31:00+00:00,70740.0,70882.45,70455.1,2026-03-06 01:35:00+00:00,70882.45,stop,0.40193305959372766,-0.2813712185467869,-1.3972762372762455,False
2026-03-06 07:00:00+00:00,London,-1,2026-03-06 09:25:00+00:00,70430.7,70799.35,69693.39999999998,2026-03-06 12:36:00+00:00,69693.39999999998,target,1.0413937416092136,0.9868446288337579,1.8853698087617008,False
2026-03-06 13:30:00+00:00,NY,-1,2026-03-06 15:06:00+00:00,68600.1,69464.3,66871.70000000001,2026-03-06 23:59:00+00:00,68083.0,time,2.488184578265374,0.6937889886457975,0.5507289284887844,False
2026-03-07 00:00:00+00:00,Asia,1,2026-03-07 03:16:00+00:00,68372.3,68223.8,68669.3,2026-03-07 03:23:00+00:00,68223.8,stop,0.43533195160633087,-0.29719322006134063,-1.368335622895623,True
2026-03-07 07:00:00+00:00,London,1,2026-03-07 08:55:00+00:00,67837.4,67624.2,68263.79999999999,2026-03-07 13:29:00+00:00,67950.0,time,0.6305435036569663,0.10598513504350969,0.3372305816135404,True
2026-03-07 13:30:00+00:00,NY,1,2026-03-07 14:40:00+00:00,68009.1,67788.75,68449.80000000002,2026-03-07 15:39:00+00:00,67788.75,stop,0.6501078718814135,-0.40400075872200314,-1.2469130020421992,True
2026-03-08 00:00:00+00:00,Asia,-1,2026-03-08 01:05:00+00:00,67138.0,67298.5,66817.0,2026-03-08 01:47:00+00:00,67298.5,stop,0.4769794274760953,-0.31905984688254047,-1.3346442367601246,False
2026-03-08 07:00:00+00:00,London,1,2026-03-08 08:48:00+00:00,67430.0,67275.65,67738.70000000001,2026-03-08 09:14:00+00:00,67738.70000000001,target,0.4588584428392697,0.3978080972860917,1.7378814382896115,False
2026-03-09 07:00:00+00:00,London,1,2026-03-09 08:10:00+00:00,67536.9,67185.4,68239.9,2026-03-09 09:33:00+00:00,68239.9,target,1.0463582861752703,0.9809124493425078,1.8847165291607397,False
2026-03-09 13:30:00+00:00,NY,1,2026-03-09 14:40:00+00:00,69273.9,68957.7,69906.29999999999,2026-03-09 15:09:00+00:00,68957.7,stop,0.9170839514658903,-0.536448965627743,-1.1752660341555992,False
2026-03-10 13:30:00+00:00,NY,1,2026-03-10 15:53:00+00:00,70888.0,70036.4,72591.20000000001,2026-03-10 18:41:00+00:00,70036.4,stop,2.431878280437026,-1.281331678140173,-1.0665927665570687,True
2026-03-11 00:00:00+00:00,Asia,-1,2026-03-11 02:40:00+00:00,69707.8,69923.70000000001,69275.99999999999,2026-03-11 04:26:00+00:00,69923.70000000001,stop,0.6175302508305522,-0.389721437199293,-1.2582966188049918,True
2026-03-11 07:00:00+00:00,London,-1,2026-03-11 10:03:00+00:00,69456.4,69721.6,68925.99999999997,2026-03-11 12:30:00+00:00,69721.6,stop,0.7607398568019218,-0.461822265478792,-1.2095215686274419,True
2026-03-12 07:00:00+00:00,London,1,2026-03-12 08:05:00+00:00,69818.8,69594.75,70266.90000000001,2026-03-12 09:16:00+00:00,69594.75,stop,0.6438704068913328,-0.40090210659593534,-1.249297210444094,False
2026-03-12 13:30:00+00:00,NY,-1,2026-03-12 14:46:00+00:00,69614.8,70119.9,68604.60000000002,2026-03-12 15:26:00+00:00,70119.9,stop,1.4406751863593603,-0.8055641041847297,-1.110259037814296,False
2026-03-13 07:00:00+00:00,London,1,2026-03-13 09:16:00+00:00,71649.7,71428.85,72091.39999999998,2026-03-13 10:01:00+00:00,72091.39999999998,target,0.6183775883274014,0.5564715274453104,1.805343808014482,False
2026-03-13 13:30:00+00:00,NY,-1,2026-03-13 15:15:00+00:00,72706.9,73286.45,71547.79999999999,2026-03-13 16:06:00+00:00,71547.79999999999,target,1.5816020560417456,1.5342090778179318,1.9247275644896906,False
2026-03-14 00:00:00+00:00,Asia,1,2026-03-14 03:21:00+00:00,70920.0,70720.25,71319.5,2026-03-14 06:25:00+00:00,70720.25,stop,0.5649018491874676,-0.36165538635081784,-1.2840350438047559,True
2026-03-14 13:30:00+00:00,NY,-1,2026-03-14 15:02:00+00:00,70651.0,70782.8,70387.4,2026-03-14 20:41:00+00:00,70782.8,stop,0.37240685590285466,-0.2665507919208545,-1.4288376327769252,True
2026-03-15 00:00:00+00:00,Asia,-1,2026-03-15 01:15:00+00:00,70912.8,71049.8,70638.8,2026-03-15 02:00:00+00:00,71049.8,stop,0.38564499829696913,-0.2731950226193296,-1.4140893430656933,False
2026-03-16 00:00:00+00:00,Asia,-1,2026-03-16 01:06:00+00:00,72417.9,72699.0,71855.69999999998,2026-03-16 01:50:00+00:00,72699.0,stop,0.7733256303388102,-0.4681636998587447,-1.2060986125933788,False
2026-03-16 07:00:00+00:00,London,-1,2026-03-16 10:00:00+00:00,73345.9,73615.95,72805.79999999999,2026-03-16 10:53:00+00:00,73615.95,stop,0.7336725261305543,-0.4481869061529042,-1.2172809479725952,False
2026-03-16 13:30:00+00:00,NY,-1,2026-03-16 14:57:00+00:00,73550.0,74015.75,72618.5,2026-03-16 17:47:00+00:00,74015.75,stop,1.2585159239756403,-0.7132426920462269,-1.126333870101986,False
2026-03-17 00:00:00+00:00,Asia,1,2026-03-17 01:42:00+00:00,75488.0,75027.55,76408.9,2026-03-17 03:11:00+00:00,75027.55,stop,1.2274157959309535,-0.6899644976684997,-1.1311551742860253,False
2026-03-17 07:00:00+00:00,London,-1,2026-03-17 09:15:00+00:00,74026.3,74221.0,73636.90000000001,2026-03-17 09:25:00+00:00,74221.0,stop,0.5246493579984023,-0.34301463128644427,-1.3041655880842367,False
2026-03-17 13:30:00+00:00,NY,1,2026-03-17 14:49:00+00:00,74167.2,73748.75,75004.09999999999,2026-03-17 15:36:00+00:00,73748.75,stop,1.1347988948965158,-0.6441981900354835,-1.141794145059148,False
2026-03-18 00:00:00+00:00,Asia,1,2026-03-18 01:51:00+00:00,74027.8,73759.9,74563.60000000002,2026-03-18 03:26:00+00:00,74563.60000000002,target,0.7264109631385115,0.6637821467070715,1.8342042553191544,False
2026-03-18 07:00:00+00:00,London,1,2026-03-18 08:16:00+00:00,73959.4,73797.95,74282.29999999999,2026-03-18 10:45:00+00:00,73797.95,stop,0.4375460293951176,-0.2982954431755762,-1.3664758129451908,False
2026-03-18 13:30:00+00:00,NY,-1,2026-03-18 14:45:00+00:00,71550.0,72048.75,70552.5,2026-03-18 20:09:00+00:00,70552.5,target,1.3844792588351635,1.3341299790356393,1.9139248120300751,False
2026-03-19 00:00:00+00:00,Asia,1,2026-03-19 03:35:00+00:00,71283.3,71111.65,71626.60000000002,2026-03-19 04:00:00+00:00,71111.65,stop,0.48276196656947623,-0.32079973850819016,-1.3322262743955555,True
2026-03-19 13:30:00+00:00,NY,-1,2026-03-19 15:49:00+00:00,69097.1,69620.85,68049.6,2026-03-19 17:23:00+00:00,69620.85,stop,1.5045780107539624,-0.8379912905172575,-1.105542109785203,True
2026-03-20 00:00:00+00:00,Asia,1,2026-03-20 02:01:00+00:00,70280.6,70040.95000000001,70759.9,2026-03-20 02:32:00+00:00,70040.95000000001,stop,0.6843139620464925,-0.42099025904729637,-1.2346108074275042,False
2026-03-20 07:00:00+00:00,London,1,2026-03-20 09:01:00+00:00,70900.0,70530.5,71639.0,2026-03-20 09:21:00+00:00,70530.5,stop,1.0477736582046067,-0.6011565585331453,-1.1535047361299053,False
2026-03-20 13:30:00+00:00,NY,-1,2026-03-20 15:10:00+00:00,69562.5,70021.25,68645.0,2026-03-20 16:04:00+00:00,70021.25,stop,1.3103165110591428,-0.7394788858939803,-1.121307901907357,False
2026-03-21 00:00:00+00:00,Asia,-1,2026-03-21 02:05:00+00:00,70430.2,70616.65,70057.3,2026-03-21 02:27:00+00:00,70616.65,stop,0.5280624328681817,-0.3447301867664682,-1.3021944757307635,False
2026-03-21 13:30:00+00:00,NY,-1,2026-03-21 15:32:00+00:00,70675.0,70876.35,70272.29999999999,2026-03-21 16:28:00+00:00,70272.29999999999,target,0.5681725991815282,0.5097912981959839,1.7893965731313695,False
2026-03-22 00:00:00+00:00,Asia,1,2026-03-22 03:03:00+00:00,69122.5,68655.75,70056.0,2026-03-22 06:59:00+00:00,69126.9,time,1.3596821824828946,-0.05363448949329932,-0.07942903053027492,False
2026-03-22 07:00:00+00:00,London,-1,2026-03-22 08:05:00+00:00,68846.4,69032.9,68473.4,2026-03-22 11:25:00+00:00,68473.4,target,0.540322078313384,0.4817857723860653,1.7785102412868634,False
2026-03-23 00:00:00+00:00,Asia,1,2026-03-23 02:55:00+00:00,68130.6,67765.35,68861.1,2026-03-23 05:56:00+00:00,68861.1,target,1.0779845451989842,1.0122054407270742,1.8880811498973307,False
2026-03-23 07:00:00+00:00,London,1,2026-03-23 08:22:00+00:00,68426.4,67941.54999999999,69396.1,2026-03-23 09:35:00+00:00,67941.54999999999,stop,1.427256222444141,-0.7885715454853768,-1.112903207177476,False
2026-03-23 13:30:00+00:00,NY,-1,2026-03-23 16:46:00+00:00,70620.0,71204.9,69450.20000000001,2026-03-23 19:06:00+00:00,71204.9,stop,1.6428644657881735,-0.9082356273010397,-1.096590870234229,False
2026-03-24 00:00:00+00:00,Asia,-1,2026-03-24 01:45:00+00:00,70377.9,70728.95,69675.79999999999,2026-03-24 06:59:00+00:00,70507.8,time,0.9926628346667182,-0.2445749873184746,-0.49031972653470246,True
2026-03-24 13:30:00+00:00,NY,-1,2026-03-24 14:51:00+00:00,69718.0,70235.4,68683.20000000001,2026-03-24 15:22:00+00:00,70235.4,stop,1.4733311122311583,-0.8221325912963571,-1.1077974487823747,True
2026-03-25 07:00:00+00:00,London,-1,2026-03-25 08:15:00+00:00,70850.0,71041.8,70466.4,2026-03-25 08:19:00+00:00,71041.8,stop,0.5399637959623852,-0.3507127734650711,-1.295516162669443,False
2026-03-25 13:30:00+00:00,NY,-1,2026-03-25 15:00:00+00:00,71232.0,71581.95,70532.1,2026-03-25 15:17:00+00:00,70532.1,target,0.9777604549750241,0.9225640161724986,1.8778705529361328,False
2026-03-26 13:30:00+00:00,NY,-1,2026-03-26 15:10:00+00:00,69158.9,69515.54999999999,68445.6,2026-03-26 17:57:00+00:00,68445.6,target,1.0261013543013082,0.971392922675156,1.883652488434037,False
2026-03-27 00:00:00+00:00,Asia,1,2026-03-27 02:20:00+00:00,68942.2,68700.35,69425.89999999998,2026-03-27 03:07:00+00:00,68700.35,stop,0.7040721044361449,-0.43080110585387654,-1.2280494521397642,True
2026-03-28 00:00:00+00:00,Asia,-1,2026-03-28 01:22:00+00:00,66239.9,66356.15,66007.4,2026-03-28 01:37:00+00:00,66007.4,target,0.3503819917219429,0.29099690669822875,1.6581166451612905,True
2026-03-28 13:30:00+00:00,NY,1,2026-03-28 15:25:00+00:00,67148.7,66784.1,67877.89999999998,2026-03-28 17:20:00+00:00,66784.1,stop,1.0918766592647007,-0.6229740263028045,-1.1473366977509634,True
2026-03-29 00:00:00+00:00,Asia,1,2026-03-29 01:09:00+00:00,66468.6,66352.1,66701.6,2026-03-29 01:39:00+00:00,66352.1,stop,0.3511569339930462,-0.2552707293368598,-1.456436738197425,False
2026-03-29 13:30:00+00:00,NY,-1,2026-03-29 15:43:00+00:00,66420.0,66592.45,66075.1,2026-03-29 16:18:00+00:00,66592.45,stop,0.5179265817671436,-0.3396356519120703,-1.3081240939402778,False
2026-03-30 00:00:00+00:00,Asia,1,2026-03-30 02:56:00+00:00,67043.2,66398.7,68332.2,2026-03-30 06:59:00+00:00,67273.4,time,1.9413030676805418,0.2833606987733239,0.2947619550038745,False
2026-03-30 07:00:00+00:00,London,1,2026-03-30 09:00:00+00:00,67612.6,67396.55,68044.70000000001,2026-03-30 10:12:00+00:00,67396.55,stop,0.6411307403717339,-0.39954103229280175,-1.250359083545472,False
2026-03-30 13:30:00+00:00,NY,-1,2026-03-30 14:46:00+00:00,67200.0,67604.25,66391.5,2026-03-30 14:56:00+00:00,67604.25,stop,1.1959307292071135,-0.6815625000000001,-1.132987012987013,False
2026-03-31 13:30:00+00:00,NY,-1,2026-03-31 15:02:00+00:00,66691.9,67228.85,65617.99999999997,2026-03-31 15:14:00+00:00,67228.85,stop,1.597379696365487,-0.8851202619808578,-1.099364037619888,False
2026-04-01 00:00:00+00:00,Asia,-1,2026-04-01 02:00:00+00:00,67808.1,68056.6,67311.1,2026-04-01 03:09:00+00:00,68056.6,stop,0.7302745068075689,-0.4464753915830114,-1.2182956941649898,False
2026-04-01 07:00:00+00:00,London,-1,2026-04-01 08:24:00+00:00,68631.1,68959.55,67974.20000000001,2026-04-01 13:29:00+00:00,68527.8,time,0.9525874226267343,0.09051485405305015,0.1891348454863859,False
2026-04-01 13:30:00+00:00,NY,1,2026-04-01 15:28:00+00:00,68650.0,68266.85,69416.29999999999,2026-04-01 17:35:00+00:00,68266.85,stop,1.1225067510805067,-0.6381209031318197,-1.1433381182304603,False
2026-04-02 07:00:00+00:00,London,-1,2026-04-02 08:46:00+00:00,66521.4,66709.95,66144.29999999999,2026-04-02 11:15:00+00:00,66144.29999999999,target,0.565282990018739,0.5068852429443846,1.788316945107402,False
2026-04-03 00:00:00+00:00,Asia,-1,2026-04-03 02:17:00+00:00,66671.0,66823.6,66365.79999999999,2026-04-03 02:30:00+00:00,66365.79999999999,target,0.4567248696568234,0.3977702449340968,1.737859764089132,True
2026-04-03 07:00:00+00:00,London,1,2026-04-03 08:10:00+00:00,67233.3,66974.85,67750.2,2026-04-03 08:39:00+00:00,66974.85,stop,0.7717822436332574,-0.4644077265283677,-1.2081123621590273,True
2026-04-03 13:30:00+00:00,NY,1,2026-04-03 16:56:00+00:00,66968.1,66723.3,67457.70000000001,2026-04-03 17:18:00+00:00,66723.3,stop,0.7337766567301164,-0.4455471784327208,-1.2188499999999975,True
2026-04-05 07:00:00+00:00,London,1,2026-04-05 09:06:00+00:00,66887.1,66786.20000000001,67088.9,2026-04-05 10:36:00+00:00,67088.9,target,0.3021582302930888,0.24170242094512748,1.6022570862239613,False
2026-04-05 13:30:00+00:00,NY,1,2026-04-05 15:22:00+00:00,66940.2,66803.1,67214.39999999998,2026-04-05 15:26:00+00:00,67214.39999999998,target,0.41045999362304597,0.349619331881265,1.7070450765864147,False
2026-04-06 00:00:00+00:00,Asia,-1,2026-04-06 02:10:00+00:00,68997.9,69290.45,68412.79999999999,2026-04-06 02:11:00+00:00,69290.45,stop,0.8444165105003731,-0.503998411545863,-1.1886799521449307,False
2026-04-06 07:00:00+00:00,London,1,2026-04-06 08:30:00+00:00,69190.8,68995.4,69581.60000000002,2026-04-06 09:14:00+00:00,69581.60000000002,target,0.5664145725657116,0.5048149754013792,1.787541044012292,False
2026-04-06 13:30:00+00:00,NY,1,2026-04-06 15:31:00+00:00,69671.9,69379.95,70255.79999999999,2026-04-06 16:48:00+00:00,70255.79999999999,target,0.8415976085309865,0.7780710157179498,1.856814043500598,False
2026-04-07 00:00:00+00:00,Asia,-1,2026-04-07 01:17:00+00:00,68682.7,68897.25,68253.59999999999,2026-04-07 02:07:00+00:00,68253.59999999999,target,0.6228115055390538,0.5647570348865228,1.8079253320904245,False
2026-04-07 07:00:00+00:00,London,1,2026-04-07 08:15:00+00:00,68677.8,68573.9,68885.60000000002,2026-04-07 08:44:00+00:00,68885.60000000002,target,0.3030307449335723,0.24257230138416994,1.603400577478378,False
2026-04-08 00:00:00+00:00,Asia,-1,2026-04-08 01:20:00+00:00,71505.2,71795.79999999999,70924.00000000001,2026-04-08 05:51:00+00:00,71795.79999999999,stop,0.8095181055159175,-0.4864040097782976,-1.1968484514797029,True
2026-04-08 13:30:00+00:00,NY,-1,2026-04-08 15:35:00+00:00,71270.6,71924.8,69962.20000000001,2026-04-08 17:36:00+00:00,71924.8,stop,1.8191221942918077,-0.9979100498662802,-1.087154509324366,True
2026-04-09 00:00:00+00:00,Asia,-1,2026-04-09 01:11:00+00:00,70622.9,70864.95,70138.79999999999,2026-04-09 01:50:00+00:00,70864.95,stop,0.6831303768647348,-0.42273585480064246,-1.233415905804583,False
2026-04-10 00:00:00+00:00,Asia,1,2026-04-10 02:48:00+00:00,71995.8,71770.9,72445.60000000002,2026-04-10 03:29:00+00:00,71770.9,stop,0.6267163989862228,-0.3923793332388955,-1.256098888394832,True
2026-04-10 13:30:00+00:00,NY,1,2026-04-10 15:26:00+00:00,73050.0,72459.25,74231.5,2026-04-10 15:54:00+00:00,72459.25,stop,1.630571666143384,-0.8886926762491445,-1.0989250952179432,True
2026-04-12 13:30:00+00:00,NY,-1,2026-04-12 14:45:00+00:00,70818.7,70941.25,70573.59999999999,2026-04-12 15:31:00+00:00,70573.59999999999,target,0.34549715433546185,0.2860950285729699,1.6532744186046595,False
2026-04-13 07:00:00+00:00,London,-1,2026-04-13 08:55:00+00:00,70640.3,70842.70000000001,70235.49999999999,2026-04-13 09:02:00+00:00,70842.70000000001,stop,0.5714067927958743,-0.3665219994818945,-1.2792106719367469,True
2026-04-13 13:30:00+00:00,NY,1,2026-04-13 14:40:00+00:00,71737.5,71258.75,72695.0,2026-04-13 19:23:00+00:00,72695.0,target,1.3436946339923168,1.2747273044084335,1.910093994778068,True
2026-04-14 07:00:00+00:00,London,-1,2026-04-14 10:40:00+00:00,74395.6,74647.8,73891.20000000001,2026-04-14 13:23:00+00:00,74647.8,stop,0.6757064508264063,-0.4189985429245776,-1.2359892149088052,True
2026-04-15 00:00:00+00:00,Asia,1,2026-04-15 01:11:00+00:00,74635.0,74360.0,75185.0,2026-04-15 02:26:00+00:00,74360.0,stop,0.7396449704142012,-0.44845983787767135,-1.21712,False
2026-04-15 07:00:00+00:00,London,1,2026-04-15 09:05:00+00:00,73987.0,73718.0,74525.0,2026-04-15 13:29:00+00:00,74348.9,time,0.7298081879595214,0.42913998405124437,1.180326394052023,False
2026-04-15 13:30:00+00:00,NY,-1,2026-04-15 15:41:00+00:00,73769.5,74117.75,73073.0,2026-04-15 16:21:00+00:00,74117.75,stop,0.9397209170542817,-0.5520785690563172,-1.1694633165829145,False
2026-04-16 00:00:00+00:00,Asia,1,2026-04-16 02:52:00+00:00,74839.0,74619.5,75278.0,2026-04-16 06:59:00+00:00,74985.9,time,0.5883180669932122,0.1362880316412488,0.4646769931662606,False
2026-04-16 07:00:00+00:00,London,-1,2026-04-16 08:05:00+00:00,74590.3,74814.65,74141.60000000002,2026-04-16 09:21:00+00:00,74814.65,stop,0.5997488459813648,-0.38077637440792067,-1.2659783374192215,False
2026-04-17 13:30:00+00:00,NY,1,2026-04-17 14:35:00+00:00,77696.1,76859.55,79369.20000000001,2026-04-17 23:19:00+00:00,76859.55,stop,2.176827733183457,-1.1566949692455644,-1.07430145239376,False
2026-04-18 00:00:00+00:00,Asia,1,2026-04-18 01:31:00+00:00,77216.2,77073.6,77501.39999999998,2026-04-18 03:32:00+00:00,77073.6,stop,0.37003591372402106,-0.2646762725956357,-1.433190462833126,True
2026-04-18 13:30:00+00:00,NY,1,2026-04-18 14:44:00+00:00,76150.0,75944.0,76562.0,2026-04-18 15:52:00+00:00,75944.0,stop,0.5425050036869272,-0.3505187130663165,-1.295728155339806,True
2026-04-19 00:00:00+00:00,Asia,-1,2026-04-19 01:30:00+00:00,75506.1,75655.05,75208.20000000001,2026-04-19 02:42:00+00:00,75655.05,stop,0.393760892366067,-0.27726882993559077,-1.4055379657603302,False
2026-04-19 13:30:00+00:00,NY,-1,2026-04-19 15:41:00+00:00,75625.9,75845.95,75185.79999999999,2026-04-19 17:04:00+00:00,75185.79999999999,target,0.5802551092049157,0.5219434876147006,1.7937944103612844,False
2026-04-20 00:00:00+00:00,Asia,1,2026-04-20 02:14:00+00:00,74322.9,73995.95,74976.79999999999,2026-04-20 06:59:00+00:00,74751.1,time,0.8836970131473334,0.5161346771991024,1.1732872304634197,False
2026-04-20 13:30:00+00:00,NY,-1,2026-04-20 15:05:00+00:00,74811.7,75272.85,73889.39999999998,2026-04-20 15:21:00+00:00,75272.85,stop,1.2252757800455314,-0.6964142774459192,-1.1297828472297493,False
2026-04-21 00:00:00+00:00,Asia,1,2026-04-21 01:12:00+00:00,76054.0,75852.0,76458.0,2026-04-21 01:53:00+00:00,75852.0,stop,0.5326161472340875,-0.34560075735661505,-1.3012039603960395,True
2026-04-21 07:00:00+00:00,London,1,2026-04-21 08:25:00+00:00,76276.6,76023.3,76783.20000000001,2026-04-21 08:47:00+00:00,76783.20000000001,target,0.6663746509293937,0.6041617481639269,1.81932112120016,True
2026-04-21 13:30:00+00:00,NY,1,2026-04-21 14:46:00+00:00,76305.9,75977.95,76961.79999999999,2026-04-21 14:55:00+00:00,75977.95,stop,0.8632767796446129,-0.5097832801919604,-1.1861403262692498,True
2026-04-22 00:00:00+00:00,Asia,-1,2026-04-22 01:20:00+00:00,76170.0,76320.6,75868.79999999999,2026-04-22 02:10:00+00:00,76320.6,stop,0.39465098544822375,-0.2777156360772034,-1.4046215139442073,False
2026-04-22 07:00:00+00:00,London,1,2026-04-22 08:16:00+00:00,78098.0,77936.15,78421.70000000001,2026-04-22 08:29:00+00:00,77936.15,stop,0.41533999305841657,-0.2872396220133753,-1.3860265678096864,False
2026-04-22 13:30:00+00:00,NY,1,2026-04-22 16:11:00+00:00,79142.8,78687.85,80052.7,2026-04-22 16:54:00+00:00,78687.85,stop,1.1563411632164415,-0.6548469854490834,-1.1391674689526332,False
2026-04-23 13:30:00+00:00,NY,1,2026-04-23 17:01:00+00:00,77920.0,77621.4,78517.20000000001,2026-04-23 17:17:00+00:00,77621.4,stop,0.7693754557377182,-0.4632135523614038,-1.208760884125917,True
2026-04-24 00:00:00+00:00,Asia,-1,2026-04-24 01:11:00+00:00,78120.0,78289.55,77780.9,2026-04-24 01:50:00+00:00,78289.55,stop,0.43313571223746444,-0.2970378904249909,-1.3685992332645174,False
2026-04-24 07:00:00+00:00,London,1,2026-04-24 08:29:00+00:00,77814.0,77657.0,78128.0,2026-04-24 09:02:00+00:00,77657.0,stop,0.40434217134321443,-0.2817631788624155,-1.396504458598726,False
2026-04-24 13:30:00+00:00,NY,-1,2026-04-24 15:10:00+00:00,77639.5,77947.35,77023.79999999999,2026-04-24 15:44:00+00:00,77947.35,stop,0.7898921515612745,-0.47651208469916184,-1.2017592983595868,False
2026-04-27 13:30:00+00:00,NY,1,2026-04-27 14:53:00+00:00,77930.3,77723.35,78344.2,2026-04-27 15:01:00+00:00,77723.35,stop,0.5325297996033479,-0.34555781255814116,-1.3012526697269915,False
2026-04-28 00:00:00+00:00,Asia,-1,2026-04-28 01:35:00+00:00,77171.1,77310.55,76892.20000000001,2026-04-28 02:34:00+00:00,76892.20000000001,target,0.3607528338628999,0.3014047227524218,1.6679622803872287,True
2026-04-28 07:00:00+00:00,London,1,2026-04-28 08:32:00+00:00,76888.0,76606.05,77451.9,2026-04-28 09:35:00+00:00,76606.05,stop,0.7361037411535958,-0.4467022162105882,-1.218160666784893,True
2026-04-28 13:30:00+00:00,NY,-1,2026-04-28 14:41:00+00:00,75735.0,76061.5,75082.0,2026-04-28 16:02:00+00:00,76061.5,stop,0.8585158062883325,-0.5111084703241566,-1.1855681470137824,True
2026-04-29 00:00:00+00:00,Asia,-1,2026-04-29 01:26:00+00:00,76227.5,76373.65,75935.20000000001,2026-04-29 01:44:00+00:00,76373.65,stop,0.3827236226106817,-0.2717287068315164,-1.417256243585374,False
2026-04-30 00:00:00+00:00,Asia,1,2026-04-30 01:33:00+00:00,76300.0,75956.1,76987.79999999999,2026-04-30 02:30:00+00:00,75956.1,stop,0.905523058714182,-0.5307208387942257,-1.1774934574004101,True
2026-04-30 07:00:00+00:00,London,1,2026-04-30 09:42:00+00:00,76148.0,75916.3,76611.4,2026-04-30 11:41:00+00:00,75916.3,stop,0.6104090952799256,-0.3842758838052176,-1.2629192921881776,True
2026-05-01 00:00:00+00:00,Asia,1,2026-05-01 01:23:00+00:00,76557.3,76411.35,76849.2,2026-05-01 03:17:00+00:00,76849.2,target,0.3820113111468502,0.32128303897863975,1.685273175745112,False
2026-05-02 00:00:00+00:00,Asia,1,2026-05-02 01:35:00+00:00,78358.7,78240.85,78594.39999999998,2026-05-02 02:10:00+00:00,78240.85,stop,0.3012492834625353,-0.23039810512424436,-1.5319215952482363,True
2026-05-04 07:00:00+00:00,London,-1,2026-05-04 08:08:00+00:00,79633.0,79770.3,79358.4,2026-05-04 09:26:00+00:00,79770.3,stop,0.3442383944901872,-0.2524159582082841,-1.4639941733430346,False
2026-05-04 13:30:00+00:00,NY,1,2026-05-04 15:20:00+00:00,79355.9,78902.95,80261.79999999999,2026-05-04 16:20:00+00:00,80261.79999999999,target,1.1481193035241322,1.0815660335274306,1.894881245170548,False
2026-05-05 00:00:00+00:00,Asia,1,2026-05-05 01:19:00+00:00,80150.0,79955.6,80538.79999999999,2026-05-05 02:37:00+00:00,80538.79999999999,target,0.4862698797832833,0.42509045539611773,1.752623456790116,True
2026-05-05 07:00:00+00:00,London,-1,2026-05-05 08:50:00+00:00,80793.7,80952.35,80476.39999999998,2026-05-05 11:34:00+00:00,80952.35,stop,0.3919589733960816,-0.2763643204853952,-1.4074059880239296,True
2026-05-06 00:00:00+00:00,Asia,1,2026-05-06 01:21:00+00:00,81228.4,80939.79999999999,81805.6,2026-05-06 06:59:00+00:00,81431.7,time,0.7131225923464071,0.1902819211014903,0.5355611919611913,False
2026-05-07 00:00:00+00:00,Asia,-1,2026-05-07 02:15:00+00:00,80925.6,81188.05,80400.70000000001,2026-05-07 06:33:00+00:00,81188.05,stop,0.6465237186999739,-0.4043102306315889,-1.246677386168797,False
2026-05-07 13:30:00+00:00,NY,-1,2026-05-07 14:35:00+00:00,80187.9,80557.54999999999,79448.6,2026-05-07 23:59:00+00:00,79969.4,time,0.9177290024336676,0.21248500085424366,0.4609421344515155,False
2026-05-08 00:00:00+00:00,Asia,-1,2026-05-08 01:17:00+00:00,79671.0,79888.65,79235.70000000001,2026-05-08 03:04:00+00:00,79235.70000000001,target,0.5448834095957348,0.48637195466353933,1.7803694004135022,False
2026-05-08 07:00:00+00:00,London,1,2026-05-08 08:20:00+00:00,79690.0,79449.0,80172.0,2026-05-08 10:50:00+00:00,80172.0,target,0.6066784981560498,0.544843769607228,1.8016016597510374,False
2026-05-11 00:00:00+00:00,Asia,-1,2026-05-11 02:30:00+00:00,81230.0,81790.0,80110.0,2026-05-11 06:59:00+00:00,80790.7,time,1.3693605575253698,0.4808100455496774,0.6974321428571482,False
2026-05-11 13:30:00+00:00,NY,-1,2026-05-11 14:37:00+00:00,80698.1,80959.55,80175.20000000001,2026-05-11 15:12:00+00:00,80959.55,stop,0.6458780959133223,-0.40398532307451734,-1.2469247657295877,False
2026-05-12 00:00:00+00:00,Asia,-1,2026-05-12 01:05:00+00:00,81429.9,81593.6,81102.49999999997,2026-05-12 01:34:00+00:00,81102.49999999997,target,0.40125696133031113,0.3420636154533203,1.7015397678680726,False
2026-05-12 07:00:00+00:00,London,-1,2026-05-12 09:15:00+00:00,80756.0,80928.95,80410.1,2026-05-12 12:38:00+00:00,80928.95,stop,0.42741194591057236,-0.29416365347466084,-1.3735461115929521,False
2026-05-12 13:30:00+00:00,NY,-1,2026-05-12 15:33:00+00:00,80360.0,80604.7,79870.6,2026-05-12 16:47:00+00:00,79870.6,target,0.6071606246285814,0.549009457441506,1.802958724969348,False
2026-05-13 13:30:00+00:00,NY,-1,2026-05-13 15:15:00+00:00,79431.7,79805.29999999999,78684.50000000001,2026-05-13 23:59:00+00:00,79288.3,time,0.9362786682087496,0.12053245744456458,0.25626600642397335,False
2026-05-14 00:00:00+00:00,Asia,-1,2026-05-14 03:28:00+00:00,79272.9,79464.79999999999,78889.1,2026-05-14 03:57:00+00:00,78889.1,target,0.4829811438523761,0.4241503212320836,1.7521430953621604,True
2026-05-14 07:00:00+00:00,London,-1,2026-05-14 08:07:00+00:00,79659.8,79779.9,79419.60000000002,2026-05-14 08:10:00+00:00,79779.9,stop,0.3010783417878402,-0.2307661329804886,-1.5306231473772243,True
2026-05-15 00:00:00+00:00,Asia,-1,2026-05-15 02:43:00+00:00,81018.8,81321.3,80413.8,2026-05-15 02:51:00+00:00,81321.3,stop,0.7439625288823469,-0.45337013137691495,-1.2142645950413222,True
2026-05-15 07:00:00+00:00,London,-1,2026-05-15 08:33:00+00:00,80519.1,80745.20000000001,80066.9,2026-05-15 13:04:00+00:00,80066.9,target,0.5600332899045355,0.5016058798471562,1.786327023440961,True
2026-05-16 07:00:00+00:00,London,-1,2026-05-16 09:20:00+00:00,78000.4,78305.35,77390.49999999997,2026-05-16 13:29:00+00:00,77930.5,time,0.7788739849831572,0.029614925051658945,0.07574933595669224,True
2026-05-16 13:30:00+00:00,NY,1,2026-05-16 15:11:00+00:00,78040.7,77920.35,78281.39999999998,2026-05-16 16:03:00+00:00,78281.39999999998,target,0.3089051833057694,0.24842880701990444,1.6109312837556844,True
2026-05-17 00:00:00+00:00,Asia,-1,2026-05-17 01:45:00+00:00,77760.0,77986.95,77306.1,2026-05-17 03:33:00+00:00,77986.95,stop,0.5820204534220075,-0.3718595679012308,-1.2741044282881726,False
2026-05-18 00:00:00+00:00,Asia,-1,2026-05-18 01:30:00+00:00,76875.0,77163.85,76297.29999999999,2026-05-18 02:08:00+00:00,77163.85,stop,0.7486666359959969,-0.45573983739838153,-1.2129132767872555,False
2026-05-18 07:00:00+00:00,London,1,2026-05-18 08:10:00+00:00,77054.6,76891.65,77380.50000000003,2026-05-18 08:32:00+00:00,76891.65,stop,0.4238431611234884,-0.29147342274181115,-1.3782981282601754,False
2026-05-18 13:30:00+00:00,NY,-1,2026-05-18 14:37:00+00:00,76376.0,76814.95,75498.1,2026-05-18 19:03:00+00:00,76814.95,stop,1.1428764843301913,-0.6547224258929469,-1.139197630709649,False
2026-05-19 00:00:00+00:00,Asia,-1,2026-05-19 02:24:00+00:00,76913.8,77149.20000000001,76442.99999999999,2026-05-19 06:59:00+00:00,76985.2,time,0.6102461205041696,-0.15283119544216275,-0.4993554800339415,False
2026-05-19 07:00:00+00:00,London,-1,2026-05-19 09:21:00+00:00,76929.5,77088.6,76611.29999999999,2026-05-19 11:44:00+00:00,76611.29999999999,target,0.41277179764582195,0.3536254622739153,1.7098824638592187,False
2026-05-19 13:30:00+00:00,NY,-1,2026-05-19 14:35:00+00:00,76258.0,76645.95,75482.1,2026-05-19 15:16:00+00:00,76645.95,stop,1.0123170239262405,-0.5887335099268235,-1.157253254285347,False
2026-05-20 07:00:00+00:00,London,1,2026-05-20 08:51:00+00:00,77444.0,77326.15,77679.70000000001,2026-05-20 11:42:00+00:00,77326.15,stop,0.30481279618860774,-0.23217447445897144,-1.5257123462027744,False
2026-05-20 13:30:00+00:00,NY,1,2026-05-20 15:25:00+00:00,77545.0,77200.0,78235.0,2026-05-20 16:20:00+00:00,77200.0,stop,0.8937823834196892,-0.5249029595718615,-1.1798144927536232,False
2026-05-21 00:00:00+00:00,Asia,1,2026-05-21 01:17:00+00:00,78051.0,77761.75,78629.5,2026-05-21 01:54:00+00:00,77761.75,stop,0.7439390188621012,-0.4505910238177602,-1.2158713915298185,False
2026-05-21 07:00:00+00:00,London,1,2026-05-21 08:38:00+00:00,77870.0,77677.55,78254.9,2026-05-21 09:39:00+00:00,77677.55,stop,0.49550996394710467,-0.32714267368691036,-1.32369966224994,False
2026-05-21 13:30:00+00:00,NY,1,2026-05-21 15:50:00+00:00,77285.7,76991.2,77874.7,2026-05-21 16:50:00+00:00,76991.2,stop,0.7650224960774739,-0.46105367487128923,-1.2099441765704582,False
2026-05-22 00:00:00+00:00,Asia,-1,2026-05-22 01:05:00+00:00,77333.3,77467.9,77064.10000000002,2026-05-22 01:14:00+00:00,77467.9,stop,0.34749877045847,-0.25405179916024695,-1.459633283803893,False
2026-05-22 07:00:00+00:00,London,-1,2026-05-22 09:19:00+00:00,77237.1,77375.8,76959.70000000001,2026-05-22 11:48:00+00:00,77375.8,stop,0.358510025098279,-0.259576913167373,-1.4454915645277673,False
2026-05-22 13:30:00+00:00,NY,-1,2026-05-22 15:02:00+00:00,76736.5,77038.25,76133.0,2026-05-22 17:29:00+00:00,77038.25,stop,0.7833770886540128,-0.4732287763971513,-1.2034439105219552,False
2026-05-23 00:00:00+00:00,Asia,1,2026-05-23 03:40:00+00:00,75615.7,75400.29999999999,76046.50000000001,2026-05-23 06:37:00+00:00,75400.29999999999,stop,0.5713505118679939,-0.36486147718001516,-1.2808382544103878,True
2026-05-24 00:00:00+00:00,Asia,1,2026-05-24 03:05:00+00:00,76920.4,76758.65,77243.9,2026-05-24 03:39:00+00:00,76758.65,stop,0.42145087231211076,-0.2902823178246603,-1.3804409273570324,True
2026-05-24 07:00:00+00:00,London,-1,2026-05-24 08:20:00+00:00,76749.9,76867.79999999999,76514.1,2026-05-24 09:10:00+00:00,76867.79999999999,stop,0.3067604380507871,-0.23361583533007105,-1.520779643765929,True
2026-05-25 07:00:00+00:00,London,1,2026-05-25 10:26:00+00:00,77486.3,77311.05,77836.8,2026-05-25 11:58:00+00:00,77311.05,stop,0.4533633937192678,-0.3061690131029614,-1.3537177746077034,False
2026-05-25 13:30:00+00:00,NY,1,2026-05-25 15:15:00+00:00,77588.0,77421.4,77921.20000000001,2026-05-25 19:02:00+00:00,77421.4,stop,0.43037196434060493,-0.2947239263803756,-1.3725714285714155,False
2026-05-26 00:00:00+00:00,Asia,-1,2026-05-26 03:15:00+00:00,76532.1,76925.85,75744.6,2026-05-26 05:35:00+00:00,76925.85,stop,1.02371309514292,-0.5944899983144326,-1.1554937904761904,False
2026-05-26 13:30:00+00:00,NY,-1,2026-05-26 15:30:00+00:00,76641.7,77359.4,75206.3,2026-05-26 23:59:00+00:00,75905.5,time,1.855495259787445,0.9005736824731146,0.9617040267521246,False
2026-05-27 13:30:00+00:00,NY,1,2026-05-27 15:27:00+00:00,75298.8,75017.25,75861.90000000001,2026-05-27 16:21:00+00:00,75017.25,stop,0.7506273557081949,-0.4539103412006604,-1.213955034629726,True
2026-05-28 07:00:00+00:00,London,1,2026-05-28 10:02:00+00:00,73485.0,73299.1,73856.79999999999,2026-05-28 11:31:00+00:00,73299.1,stop,0.5072367873548281,-0.3329767979859756,-1.316234534696083,False
2026-05-29 00:00:00+00:00,Asia,-1,2026-05-29 01:25:00+00:00,73591.4,73713.0,73348.19999999998,2026-05-29 02:29:00+00:00,73348.19999999998,target,0.3299282351824124,0.2704733977068131,1.6368845394737017,False
2026-05-29 07:00:00+00:00,London,1,2026-05-29 09:32:00+00:00,73797.3,73565.15,74261.60000000002,2026-05-29 10:33:00+00:00,73565.15,stop,0.6311412401116602,-0.39457790461169817,-1.2543090243377033,False
2026-05-31 07:00:00+00:00,London,-1,2026-05-31 10:30:00+00:00,73793.2,73906.65,73566.3,2026-05-31 11:02:00+00:00,73906.65,stop,0.30700890921183516,-0.23374045304987057,-1.5203575143235037,False
2026-06-01 00:00:00+00:00,Asia,-1,2026-06-01 01:22:00+00:00,73620.0,73845.25,73169.5,2026-06-01 02:43:00+00:00,73845.25,stop,0.6100595502080364,-0.38596305351806576,-1.2614694783573808,False
2026-06-01 07:00:00+00:00,London,-1,2026-06-01 10:41:00+00:00,72668.0,72922.9,72158.20000000001,2026-06-01 12:03:00+00:00,72158.20000000001,target,0.6990945231196277,0.641546760609881,1.8289493919183955,False
2026-06-01 13:30:00+00:00,NY,-1,2026-06-01 15:30:00+00:00,71350.0,71819.0,70412.0,2026-06-01 23:59:00+00:00,71391.5,time,1.3060610701903397,-0.11816398037841624,-0.1797654584221748,False
2026-06-02 07:00:00+00:00,London,-1,2026-06-02 09:07:00+00:00,69666.8,69958.20000000001,69083.99999999999,2026-06-02 12:35:00+00:00,69083.99999999999,target,0.8330688897084298,0.7765534228642875,1.8565542896362432,True
2026-06-02 13:30:00+00:00,NY,-1,2026-06-02 16:10:00+00:00,67573.5,68331.75,66057.0,2026-06-02 23:59:00+00:00,66730.0,time,2.219319715944638,1.1882704018587167,1.0589593142103528,True
2026-06-03 00:00:00+00:00,Asia,-1,2026-06-03 01:41:00+00:00,66620.4,66908.04999999999,66045.1,2026-06-03 01:53:00+00:00,66908.04999999999,stop,0.8598367461015574,-0.5117746516082075,-1.1852818355640573,True
2026-06-03 07:00:00+00:00,London,-1,2026-06-03 09:20:00+00:00,66828.5,67064.2,66357.1,2026-06-03 09:50:00+00:00,67064.2,stop,0.7029085562789003,-0.4326938357138004,-1.2268256257955055,True
2026-06-03 13:30:00+00:00,NY,-1,2026-06-03 15:10:00+00:00,66605.1,66890.05,66035.20000000001,2026-06-03 16:01:00+00:00,66035.20000000001,target,0.851995177160122,0.7956401837096471,1.8597541323039115,True
2026-06-04 00:00:00+00:00,Asia,-1,2026-06-04 01:20:00+00:00,62911.9,63662.4,61410.9,2026-06-04 02:04:00+00:00,61410.9,target,2.3577496292945286,2.3258761220055346,1.9497040106595602,True
2026-06-04 07:00:00+00:00,London,-1,2026-06-04 08:10:00+00:00,63450.0,63745.9,62858.2,2026-06-04 09:27:00+00:00,62858.2,target,0.9283734326443002,0.8727029156816437,1.8713416694829341,True
2026-06-04 13:30:00+00:00,NY,-1,2026-06-04 17:25:00+00:00,63159.7,63811.7,61855.7,2026-06-04 18:29:00+00:00,63811.7,stop,2.0435123966294584,-1.112303826648955,-1.077496564417178,True
2026-06-05 00:00:00+00:00,Asia,-1,2026-06-05 01:17:00+00:00,63366.0,63660.5,62777.0,2026-06-05 02:21:00+00:00,62777.0,target,0.9252205056510708,0.8695205630779914,1.8709011884550084,True
2026-06-05 07:00:00+00:00,London,1,2026-06-05 09:30:00+00:00,63084.4,62207.45,64838.30000000001,2026-06-05 11:40:00+00:00,62207.45,stop,2.8194372217475583,-1.4701218050738445,-1.0575489138491359,True
2026-06-05 13:30:00+00:00,NY,-1,2026-06-05 15:42:00+00:00,60300.0,61305.0,58290.0,2026-06-05 16:21:00+00:00,61305.0,stop,3.278688524590164,-1.7466666666666666,-1.0479999999999998,True
2026-06-06 00:00:00+00:00,Asia,-1,2026-06-06 01:26:00+00:00,61012.0,61256.0,60524.0,2026-06-06 01:28:00+00:00,61256.0,stop,0.7966566540420531,-0.47992132695207496,-1.200039344262295,True
2026-06-06 07:00:00+00:00,London,1,2026-06-06 08:59:00+00:00,61212.7,60959.05,61719.999999999985,2026-06-06 09:47:00+00:00,60959.05,stop,0.8321980083350965,-0.4943747947729705,-1.1930619357382262,True
2026-06-06 13:30:00+00:00,NY,-1,2026-06-06 15:08:00+00:00,60668.8,60847.5,60311.40000000001,2026-06-06 15:41:00+00:00,60847.5,stop,0.5873700645055165,-0.37455008175536203,-1.2716006715165125,True
2026-06-07 00:00:00+00:00,Asia,1,2026-06-07 01:06:00+00:00,60962.7,60835.35,61217.399999999994,2026-06-07 01:08:00+00:00,61217.399999999994,target,0.4186710522747006,0.35779645586563114,1.7127787985865692,False
2026-06-07 07:00:00+00:00,London,1,2026-06-07 08:40:00+00:00,62380.0,62165.5,62809.0,2026-06-07 08:48:00+00:00,62809.0,target,0.6900933797685211,0.6277204232125682,1.8255104895104894,False
2026-06-07 13:30:00+00:00,NY,1,2026-06-07 14:39:00+00:00,62130.0,61883.7,62622.600000000006,2026-06-07 14:42:00+00:00,61883.7,stop,0.7960092883909633,-0.476426846933853,-1.20180267965895,False
2026-06-08 00:00:00+00:00,Asia,-1,2026-06-08 01:18:00+00:00,63111.3,63480.4,62373.100000000006,2026-06-08 06:59:00+00:00,62958.8,time,1.162878620802637,0.18163660073552598,0.31057496613384034,True
2026-06-08 07:00:00+00:00,London,1,2026-06-08 09:30:00+00:00,63320.9,63049.95,63862.80000000001,2026-06-08 11:01:00+00:00,63049.95,stop,0.8594772874522525,-0.5078997929593616,-1.1869596604539554,True
2026-06-08 13:30:00+00:00,NY,1,2026-06-08 15:05:00+00:00,63877.9,63604.15,64425.4,2026-06-08 16:36:00+00:00,63604.15,stop,0.8607928885143501,-0.5085519718087163,-1.1866751415525112,True
2026-06-09 07:00:00+00:00,London,-1,2026-06-09 08:42:00+00:00,62970.6,63197.3,62517.19999999999,2026-06-09 11:14:00+00:00,62517.19999999999,target,0.7174357132345867,0.6600185483384449,1.8333376268195887,False
2026-06-09 13:30:00+00:00,NY,-1,2026-06-09 14:59:00+00:00,61517.6,62015.25,60522.299999999996,2026-06-09 19:32:00+00:00,62015.25,stop,1.6049278201732686,-0.8889554859097257,-1.0988929568974177,False
2026-06-10 00:00:00+00:00,Asia,1,2026-06-10 01:05:00+00:00,61908.9,61656.75,62413.200000000004,2026-06-10 01:10:00+00:00,61656.75,stop,0.8179153134085123,-0.4872920048652156,-1.1964192742415218,True
2026-06-10 07:00:00+00:00,London,-1,2026-06-10 08:36:00+00:00,61400.7,61592.05,61017.999999999985,2026-06-10 09:16:00+00:00,61017.999999999985,target,0.6213464237673602,0.5632827964502224,1.807471021688012,True
2026-06-10 13:30:00+00:00,NY,1,2026-06-10 16:04:00+00:00,62445.0,61959.85,63415.3,2026-06-10 16:47:00+00:00,61959.85,stop,1.5660141204344473,-0.8569236928497102,-1.1029702153972996,True
2026-06-11 00:00:00+00:00,Asia,1,2026-06-11 02:31:00+00:00,61955.8,61719.7,62428.000000000015,2026-06-11 03:33:00+00:00,62428.000000000015,target,0.7650717680092489,0.7021562468727893,1.8425519695044512,True
2026-06-11 07:00:00+00:00,London,1,2026-06-11 09:12:00+00:00,62812.2,62693.25,63050.09999999999,2026-06-11 10:51:00+00:00,63050.09999999999,target,0.37946668899761005,0.3187480776027495,1.6831667087011273,True
2026-06-11 13:30:00+00:00,NY,-1,2026-06-11 15:20:00+00:00,62644.7,62922.35,62089.399999999994,2026-06-11 17:29:00+00:00,62922.35,stop,0.882516307798426,-0.5232138712452952,-1.1804997658923093,True
2026-06-12 00:00:00+00:00,Asia,-1,2026-06-12 01:05:00+00:00,63489.8,63633.4,63202.600000000006,2026-06-12 02:09:00+00:00,63633.4,stop,0.4513353050442017,-0.3061780632479525,-1.35370362116992,True
2026-06-12 13:30:00+00:00,NY,1,2026-06-12 14:35:00+00:00,63647.8,63334.2,64275.000000000015,2026-06-12 15:13:00+00:00,64275.000000000015,target,0.9903022379693821,0.9254229054264431,1.8782248724489818,True
2026-06-14 00:00:00+00:00,Asia,1,2026-06-14 01:34:00+00:00,64548.6,64443.7,64758.4,2026-06-14 02:47:00+00:00,64443.7,stop,0.325555484865077,-0.2425132071028674,-1.4922676835080961,False
2026-06-14 07:00:00+00:00,London,1,2026-06-14 08:10:00+00:00,64412.7,64299.6,64638.899999999994,2026-06-14 09:19:00+00:00,64299.6,stop,0.3517906798798081,-0.25558649148382007,-1.4556159151193693,False
2026-06-14 13:30:00+00:00,NY,-1,2026-06-14 15:01:00+00:00,64115.6,64236.8,63873.19999999999,2026-06-14 17:27:00+00:00,63873.19999999999,target,0.37735379097340066,0.31806711627124873,1.6825960396039719,False
2026-06-15 00:00:00+00:00,Asia,-1,2026-06-15 01:08:00+00:00,65444.0,65662.0,65008.0,2026-06-15 01:39:00+00:00,65662.0,stop,0.6640065791477567,-0.413109223152619,-1.240161467889908,True
2026-06-15 07:00:00+00:00,London,-1,2026-06-15 09:57:00+00:00,65580.0,65779.05,65181.899999999994,2026-06-15 10:54:00+00:00,65779.05,stop,0.6052078891379639,-0.3835224153705442,-1.263571966842498,True
2026-06-15 13:30:00+00:00,NY,1,2026-06-15 17:03:00+00:00,66853.8,66559.4,67442.60000000002,2026-06-15 19:18:00+00:00,66559.4,stop,0.8846233589846106,-0.5203638985368202,-1.1816679347826031,True
2026-06-16 07:00:00+00:00,London,1,2026-06-16 08:38:00+00:00,66497.0,66384.55,66721.9,2026-06-16 08:50:00+00:00,66721.9,target,0.3387836477011506,0.27821074634945064,1.645191640729204,False
2026-06-17 13:30:00+00:00,NY,1,2026-06-17 15:40:00+00:00,65434.1,65119.1,66064.1,2026-06-17 16:26:00+00:00,66064.1,target,0.9674580883335304,0.9028007415094077,1.8753636190476421,False
2026-06-18 00:00:00+00:00,Asia,1,2026-06-18 01:15:00+00:00,64676.5,64549.45,64930.600000000006,2026-06-18 01:45:00+00:00,64549.45,stop,0.3936516887440537,-0.2764392012554837,-1.4072506887052247,True
2026-06-18 07:00:00+00:00,London,1,2026-06-18 08:12:00+00:00,64491.1,64238.2,64996.9,2026-06-18 09:28:00+00:00,64238.2,stop,0.7873819627573556,-0.4721471334804359,-1.2040050612890458,True
2026-06-18 13:30:00+00:00,NY,-1,2026-06-18 14:56:00+00:00,63678.1,64016.649999999994,63001.00000000001,2026-06-18 15:37:00+00:00,63001.00000000001,target,1.0576935844034303,1.003316901729152,1.887145591493131,True
2026-06-19 00:00:00+00:00,Asia,-1,2026-06-19 03:24:00+00:00,62812.7,62939.7,62558.7,2026-06-19 04:33:00+00:00,62558.7,target,0.40356086857738444,0.3443768218847463,1.7032470866141733,True
2026-06-19 07:00:00+00:00,London,-1,2026-06-19 10:09:00+00:00,62465.6,62681.2,62034.4,2026-06-19 12:51:00+00:00,62681.2,stop,0.6879255661984843,-0.42514997054378495,-1.2317833024118752,True
2026-06-20 00:00:00+00:00,Asia,-1,2026-06-20 01:17:00+00:00,63435.0,63596.1,63112.8,2026-06-20 05:06:00+00:00,63596.1,stop,0.5066348408157059,-0.3339607472215631,-1.3150093109869674,False
2026-06-20 07:00:00+00:00,London,-1,2026-06-20 09:24:00+00:00,63558.4,63666.3,63342.6,2026-06-20 09:42:00+00:00,63666.3,stop,0.3389548316770342,-0.24976512939281267,-1.4712392956441085,False
2026-06-20 13:30:00+00:00,NY,1,2026-06-20 14:45:00+00:00,63467.9,63302.05,63799.6,2026-06-20 14:46:00+00:00,63799.6,target,0.5239956683867336,0.46262639854162035,1.7703904733192624,False
2026-06-22 00:00:00+00:00,Asia,1,2026-06-22 03:01:00+00:00,64076.0,63681.1,64865.8,2026-06-22 06:59:00+00:00,63960.7,time,1.2402423953103872,-0.23994256820026671,-0.3893279311218089,False
2026-06-22 13:30:00+00:00,NY,-1,2026-06-22 14:43:00+00:00,64937.5,65267.35,64277.8,2026-06-22 18:55:00+00:00,64277.8,target,1.0107657197664637,0.9558999037536048,1.8818781264211,False
2026-06-23 00:00:00+00:00,Asia,1,2026-06-23 01:18:00+00:00,64130.0,63966.6,64456.8,2026-06-23 01:46:00+00:00,63966.6,stop,0.5108916215650088,-0.33479494776235996,-1.3139779681762518,True
2026-06-23 07:00:00+00:00,London,-1,2026-06-23 08:06:00+00:00,62828.0,62949.05,62585.899999999994,2026-06-23 08:15:00+00:00,62585.899999999994,target,0.3845967492758009,0.32533774750112343,1.688584882280057,True
2026-06-24 00:00:00+00:00,Asia,1,2026-06-24 01:40:00+00:00,62999.9,62848.3,63303.1,2026-06-24 02:03:00+00:00,62848.3,stop,0.4824315057050141,-0.3206353025957161,-1.3324532981530375,True
2026-06-24 07:00:00+00:00,London,-1,2026-06-24 10:33:00+00:00,62570.8,62696.4,62319.600000000006,2026-06-24 11:08:00+00:00,62319.600000000006,target,0.4006609629898959,0.34146522019855446,1.7010949044585952,True
2026-06-25 07:00:00+00:00,London,-1,2026-06-25 09:25:00+00:00,61632.2,61781.649999999994,61333.3,2026-06-25 10:45:00+00:00,61333.3,target,0.48380061069913394,0.42497376371441253,1.7525639344262247,True
2026-06-26 00:00:00+00:00,Asia,-1,2026-06-26 01:11:00+00:00,59608.1,59745.149999999994,59334.00000000001,2026-06-26 01:29:00+00:00,59334.00000000001,target,0.45878200992046814,0.39983683425573247,1.7390378693907251,True
2026-06-26 07:00:00+00:00,London,-1,2026-06-26 08:10:00+00:00,60252.6,60493.3,59771.19999999999,2026-06-26 09:51:00+00:00,59771.19999999999,target,0.7957906082161188,0.7389696710183605,1.8498065641877883,True
2026-06-26 13:30:00+00:00,NY,1,2026-06-26 15:46:00+00:00,60274.2,59542.1,61738.399999999994,2026-06-26 18:57:00+00:00,59542.1,stop,2.459100367639027,-1.2946158721310255,-1.0658644447479855,True
2026-06-27 00:00:00+00:00,Asia,1,2026-06-27 03:07:00+00:00,60167.3,60006.75,60488.40000000001,2026-06-27 06:48:00+00:00,60488.40000000001,target,0.5351064671891176,0.4736785928569269,1.7751455621301817,True
2026-06-27 13:30:00+00:00,NY,1,2026-06-27 15:21:00+00:00,60697.6,60558.75,60975.299999999996,2026-06-27 17:02:00+00:00,60558.75,stop,0.4585629657151065,-0.3087569854491752,-1.3497160965070256,True
2026-06-28 00:00:00+00:00,Asia,1,2026-06-28 01:30:00+00:00,60168.7,60076.0,60354.09999999999,2026-06-28 02:22:00+00:00,60076.0,stop,0.3086090951461385,-0.23406681547049726,-1.5192552319309762,False
2026-06-28 07:00:00+00:00,London,1,2026-06-28 09:53:00+00:00,60247.1,60106.45,60528.4,2026-06-28 10:25:00+00:00,60106.45,stop,0.4680030179789285,-0.31345522025126765,-1.3426781372200463,False
2026-06-28 13:30:00+00:00,NY,-1,2026-06-28 14:55:00+00:00,60003.6,60116.05,59778.69999999999,2026-06-28 16:09:00+00:00,59778.69999999999,target,0.37410974273925424,0.31481084468266696,1.6798385060026804,False
2026-06-29 07:00:00+00:00,London,-1,2026-06-29 08:47:00+00:00,59900.7,60031.6,59638.899999999994,2026-06-29 09:17:00+00:00,60031.6,stop,0.4361036520765779,-0.2985283310545644,-1.3660852559205459,False
2026-06-30 00:00:00+00:00,Asia,-1,2026-06-30 03:50:00+00:00,59667.5,59958.75,59085.0,2026-06-30 06:59:00+00:00,59571.7,time,0.9715012404361332,0.10055641680982597,0.2060068669527997,False
2026-07-01 00:00:00+00:00,Asia,-1,2026-07-01 01:10:00+00:00,58270.0,58495.0,57820.0,2026-07-01 01:12:00+00:00,57820.0,target,0.769296521070177,0.7122670327784452,1.8446133333333334,True
2026-07-01 07:00:00+00:00,London,-1,2026-07-01 08:36:00+00:00,58567.2,58682.399999999994,58336.8,2026-07-01 08:42:00+00:00,58682.399999999994,stop,0.3926219786511824,-0.2766971274023636,-1.4067166666666768,True
2026-07-01 13:30:00+00:00,NY,1,2026-07-01 15:50:00+00:00,60067.9,59319.45,61564.80000000001,2026-07-01 23:59:00+00:00,59999.6,time,2.5234556288030343,-0.1737046575625299,-0.1394090988041984,True
2026-07-02 00:00:00+00:00,Asia,1,2026-07-02 02:10:00+00:00,60005.7,59780.35,60456.399999999994,2026-07-02 02:47:00+00:00,60456.399999999994,target,0.7539266665384146,0.6910953126119638,1.8402333259374297,True
2026-07-02 07:00:00+00:00,London,1,2026-07-02 08:10:00+00:00,60288.0,60184.45,60495.100000000006,2026-07-02 08:47:00+00:00,60495.100000000006,target,0.3441088188061842,0.28351778131635785,1.6506731047803094,True
2026-07-02 13:30:00+00:00,NY,-1,2026-07-02 14:47:00+00:00,61499.8,61839.9,60819.600000000006,2026-07-02 15:29:00+00:00,61839.9,stop,1.0999370956291925,-0.63300992848757,-1.1446628638635703,True
2026-07-03 00:00:00+00:00,Asia,1,2026-07-03 01:16:00+00:00,61558.8,61393.9,61888.600000000006,2026-07-03 02:29:00+00:00,61393.9,stop,0.5371869192216212,-0.3478739676536928,-1.2986479078229203,True
2026-07-03 07:00:00+00:00,London,-1,2026-07-03 09:07:00+00:00,61634.1,61741.899999999994,61418.50000000001,2026-07-03 09:47:00+00:00,61741.899999999994,stop,0.3491956029859764,-0.25490317859755496,-1.4573959183673653,True
2026-07-03 13:30:00+00:00,NY,1,2026-07-03 15:12:00+00:00,62271.9,61962.45,62890.80000000001,2026-07-03 15:25:00+00:00,61962.45,stop,0.9988307434583389,-0.5769336088990449,-1.1609873000484707,True
2026-07-04 00:00:00+00:00,Asia,-1,2026-07-04 01:08:00+00:00,62560.5,62743.1,62195.3,2026-07-04 06:59:00+00:00,62473.2,time,0.5820560348468551,0.07954492051694427,0.27252847754656795,False
2026-07-05 00:00:00+00:00,Asia,-1,2026-07-05 01:25:00+00:00,62824.4,62969.65,62533.9,2026-07-05 06:59:00+00:00,62749.9,time,0.46133335662497726,0.05858449901630576,0.2533931841652323,False
2026-07-05 07:00:00+00:00,London,-1,2026-07-05 10:11:00+00:00,62690.5,62864.9,62341.7,2026-07-05 13:29:00+00:00,62665.1,time,0.554840618532763,-0.01948349430934279,-0.07003612385320207,False
